#q2lo q2hi ylo yhi qTlo qThi PDF0  uncertainty
10 60 -5 -4 0 0.5 -474596.4866400898 18.72591288428521
10 60 -5 -4 0.5 1 68776.58330658196 0.3038355570606655
10 60 -5 -4 1 1.5 77215.5963418896 2.815813426946988
10 60 -5 -4 1.5 2 62307.83440284446 1.975125233017025
10 60 -5 -4 2 2.5 49798.13241731452 1.456069286854472
10 60 -5 -4 2.5 3 40442.2933876496 1.43223428913916
10 60 -5 -4 3 3.5 33422.81028306354 0.8957811689688242
10 60 -5 -4 3.5 4 28047.20961403801 0.715414157431951
10 60 -5 -4 4 4.5 23839.49325104676 0.7836731680035882
10 60 -5 -4 4.5 5 20479.53025123856 0.4729361658937705
10 60 -5 -4 5 5.5 17749.45846211936 0.3912891369291174
10 60 -5 -4 5.5 6 15497.81016798035 0.3248994725399825
10 60 -5 -4 6 6.5 13616.86904046884 0.2695127949245943
10 60 -5 -4 6.5 7 12028.36299148351 0.2230250280736072
10 60 -5 -4 7 7.5 10674.2347376258 0.1851809525269346
10 60 -5 -4 7.5 8 9510.609864249785 0.1541219687969715
10 60 -5 -4 8 8.5 8503.747631902577 0.1302307113965071
10 60 -5 -4 8.5 9 7627.289414628583 0.1109353485808242
10 60 -5 -4 9 9.5 6860.340974204443 0.09469532007642556
10 60 -5 -4 9.5 10 6186.131274351782 0.08138337333912204
10 60 -5 -4 10 10.5 5591.029667804616 0.06965848408162856
10 60 -5 -4 10.5 11 5063.842519262725 0.05954924851357646
10 60 -5 -4 11 11.5 4595.300157871689 0.05164048811275279
10 60 -5 -4 11.5 12 4177.650065126678 0.1780704312714079
10 60 -5 -4 12 12.5 3804.362143771744 0.1321973871699811
10 60 -5 -4 12.5 13 3469.902007745837 0.09531409302144311
10 60 -5 -4 13 13.5 3169.553064497098 0.06614209573172047
10 60 -5 -4 13.5 14 2899.267942208257 0.04309860061857762
10 60 -5 -4 14 14.5 2655.557059806853 0.0248946567726307
10 60 -5 -4 14.5 15 2435.402296082473 0.02133773064542765
10 60 -5 -4 15 16 4291.805557201139 0.04196901092745975
10 60 -5 -4 16 17 3634.397420901394 0.1472458160255883
10 60 -5 -4 17 18 3090.380918414889 0.02387505160731962
10 60 -5 -4 18 19 2637.785130373753 0.01933783537060663
10 60 -5 -4 19 20 2259.389198064318 0.01612657633449999
10 60 -5 -4 20 21 1941.592173337272 0.01355592066283862
10 60 -5 -4 21 22 1673.576864904781 0.01288677536649629
10 60 -5 -4 22 23 1446.656977323946 0.01322331483470407
10 60 -5 -4 23 24 1253.833273293441 0.01141516807228982
10 60 -5 -4 24 25 1089.429296314405 0.01206862682852261
10 60 -5 -4 25 26 948.8062901362543 0.01376861644769178
10 60 -5 -4 26 27 828.1622396633176 0.01278324622819582
10 60 -5 -4 27 28 724.3701277985066 0.01178636172096503
10 60 -5 -4 28 29 634.8385966643831 0.01151335889744587
10 60 -5 -4 29 30 557.4122239313208 0.01088188676783375
10 60 -5 -4 30 31 490.2965379569544 0.01029244770319337
10 60 -5 -4 31 32 431.9884936809551 0.01006728510446919
10 60 -5 -4 32 33 381.2235674262469 0.00985685075170295
10 60 -5 -4 33 34 336.9367188895002 0.009151739235335299
10 60 -5 -4 34 35 298.2268849079343 0.008175229196069722
10 60 -5 -4 35 36 264.3300968955677 0.007681768550810375
10 60 -5 -4 36 37 234.5960851655796 0.00715169070497268
10 60 -5 -4 37 38 208.4701116193961 0.006678949643259102
10 60 -5 -4 38 39 185.4781548527498 0.006089790582251453
10 60 -5 -4 39 40 165.2137889167352 0.005476314716702291
10 60 -5 -4 40 42 278.8441222217182 0.009291387427992959
10 60 -5 -4 42 44 222.6484905105089 0.006959040419872053
10 60 -5 -4 44 46 178.4686800018728 0.004326364303864239
10 60 -5 -4 46 48 143.5709828091606 0.002121678995138154
10 60 -5 -4 48 50 115.8833723289572 0.0006120749498137457
10 60 -5 -4 50 52 93.82651191837816 0.001233158776329901
10 60 -5 -4 52 54 76.18825289320698 0.002833508600616597
10 60 -5 -4 54 56 62.03315080285982 0.000323733857790387
10 60 -5 -4 56 58 50.63541645852584 0.000264752589053785
10 60 -5 -4 58 60 41.42907498850174 0.0002172614234154935
10 60 -5 -4 60 65 73.92806240951333 0.0003858916800396628
10 60 -5 -4 65 70 45.5335049539986 0.0002384968082012051
10 60 -5 -4 70 80 46.09199446246259 0.000871720794989983
10 60 -5 -4 80 90 18.31653845095034 0.0004738983626850768
10 60 -5 -4 90 100 7.39462563219211 0.0002120600911945658
10 60 -4 -3.5 0 0.5 -315728.0901630623 4.750320467399433
10 60 -4 -3.5 0.5 1 28305.55429936362 0.5807147646555677
10 60 -4 -3.5 1 1.5 41124.12884587251 1.403594586838153
10 60 -4 -3.5 1.5 2 34715.30608499388 1.109747801419871
10 60 -4 -3.5 2 2.5 28354.63929718448 0.9064827472830075
10 60 -4 -3.5 2.5 3 23350.20993675319 0.7322925759945065
10 60 -4 -3.5 3 3.5 19497.12584499263 0.5843302022367425
10 60 -4 -3.5 3.5 4 16498.33910396837 0.4647446599301475
10 60 -4 -3.5 4 4.5 14124.36721779846 0.3727992722360796
10 60 -4 -3.5 4.5 5 12212.59753692846 0.2998917142213031
10 60 -4 -3.5 5 5.5 10648.88573491902 0.2411345768796309
10 60 -4 -3.5 5.5 6 9352.115411071476 0.192730618196947
10 60 -4 -3.5 6 6.5 8263.861784513199 0.1555160811167298
10 60 -4 -3.5 6.5 7 7341.057139970396 0.1268736276879281
10 60 -4 -3.5 7 7.5 6551.561987809111 0.1051868122431188
10 60 -4 -3.5 7.5 8 5870.863738973561 0.08887484406841395
10 60 -4 -3.5 8 8.5 5279.971422010546 0.07576182873981452
10 60 -4 -3.5 8.5 9 4764.056612148742 0.06496508868440287
10 60 -4 -3.5 9 9.5 4311.213266949247 0.05563865498697851
10 60 -4 -3.5 9.5 10 3911.910508936212 0.04760454148299686
10 60 -4 -3.5 10 10.5 3558.392009793633 0.04090785530024732
10 60 -4 -3.5 10.5 11 3244.214775218715 0.035294697682275
10 60 -4 -3.5 11 11.5 2964.069184588681 0.1463651972626394
10 60 -4 -3.5 11.5 12 2713.523147168085 0.1147897456066858
10 60 -4 -3.5 12 12.5 2488.801749732109 0.08878863267500492
10 60 -4 -3.5 12.5 13 2286.709834860609 0.06694763527502801
10 60 -4 -3.5 13 13.5 2104.540725338526 0.04978314539539497
10 60 -4 -3.5 13.5 14 1939.961836441709 0.03690899860293939
10 60 -4 -3.5 14 14.5 1790.947603295788 0.02609689039195473
10 60 -4 -3.5 14.5 15 1655.753709417135 0.01717579878777542
10 60 -4 -3.5 15 16 2953.851161890272 0.06065497167037393
10 60 -4 -3.5 16 17 2544.579330666458 0.01805235768597413
10 60 -4 -3.5 17 18 2202.447693124689 0.04831334368691387
10 60 -4 -3.5 18 19 1914.722368476509 0.07022800394406659
10 60 -4 -3.5 19 20 1671.388962882571 0.0821921140232007
10 60 -4 -3.5 20 21 1464.53431828137 0.008925358436727038
10 60 -4 -3.5 21 22 1287.840689245165 0.007566268357550143
10 60 -4 -3.5 22 23 1136.227593167895 0.006502005827996982
10 60 -4 -3.5 23 24 1005.586077636657 0.005613038519982183
10 60 -4 -3.5 24 25 892.5671545508276 0.004886653188805212
10 60 -4 -3.5 25 26 794.4287537549556 0.006445770372693005
10 60 -4 -3.5 26 27 708.9120278428559 0.007571203744646482
10 60 -4 -3.5 27 28 634.1453354019403 0.007775629590241806
10 60 -4 -3.5 28 29 568.5719611719776 0.008376198310543259
10 60 -4 -3.5 29 30 510.8905301923828 0.008977941177761295
10 60 -4 -3.5 30 31 460.0080852511293 0.009406969882434169
10 60 -4 -3.5 31 32 415.0034925171661 0.01016219647772232
10 60 -4 -3.5 32 33 375.0967349739576 0.01072130698082674
10 60 -4 -3.5 33 34 339.6249932150138 0.01072638297131334
10 60 -4 -3.5 34 35 308.0226692327594 0.0106564506347695
10 60 -4 -3.5 35 36 279.8059980314339 0.01065299250814178
10 60 -4 -3.5 36 37 254.5602405861098 0.01063152384261912
10 60 -4 -3.5 37 38 231.9278401690171 0.01065652588792432
10 60 -4 -3.5 38 39 211.5993976381534 0.0009840963486738019
10 60 -4 -3.5 39 40 193.3073231346329 0.0008939051068921344
10 60 -4 -3.5 40 42 338.7514136551918 0.001557580275346027
10 60 -4 -3.5 42 44 284.7472914011605 0.001299620843553839
10 60 -4 -3.5 44 46 240.3923813155989 0.001091027915975928
10 60 -4 -3.5 46 48 203.7571245826943 0.0009207091505345488
10 60 -4 -3.5 48 50 173.3410629133985 0.0007808799821020784
10 60 -4 -3.5 50 52 147.9669337836181 0.0006654854822158995
10 60 -4 -3.5 52 54 126.7050431219466 0.0005691635780067372
10 60 -4 -3.5 54 56 108.8153187541369 0.0004886128073451346
10 60 -4 -3.5 56 58 93.70517908090486 0.0004205758939122006
10 60 -4 -3.5 58 60 80.89706076841128 0.0003633264828692973
10 60 -4 -3.5 60 65 158.0136093724305 0.0007115912822257542
10 60 -4 -3.5 65 70 111.4687368746402 0.0005049831383416858
10 60 -4 -3.5 70 80 136.7759055796086 0.0006254022056282338
10 60 -4 -3.5 80 90 71.96114168549175 0.0003349457683015089
10 60 -4 -3.5 90 100 38.86818671339467 0.0002850375786849213
10 60 -3.5 -3.25 0 0.5 -177531.5528132814 2.483986649458529
10 60 -3.5 -3.25 0.5 1 12347.28276210484 0.07413543159236724
10 60 -3.5 -3.25 1 1.5 20879.3797617077 0.7084645821851154
10 60 -3.5 -3.25 1.5 2 17990.69657638542 0.5383110200855299
10 60 -3.5 -3.25 2 2.5 14828.06995593069 0.4247249352538347
10 60 -3.5 -3.25 2.5 3 12276.34229603873 0.346559806715959
10 60 -3.5 -3.25 3 3.5 10287.45138594078 0.2874886934878305
10 60 -3.5 -3.25 3.5 4 8727.872274903468 0.2369355128721509
10 60 -3.5 -3.25 4 4.5 7486.850260947319 0.192677761368941
10 60 -3.5 -3.25 4.5 5 6483.680118877835 0.1557224946263887
10 60 -3.5 -3.25 5 5.5 5660.746562245114 0.1263783038348265
10 60 -3.5 -3.25 5.5 6 4976.74858870886 0.1147829889141576
10 60 -3.5 -3.25 6 6.5 4401.690315410548 0.1226990963095886
10 60 -3.5 -3.25 6.5 7 3913.345872187208 0.1222530405566431
10 60 -3.5 -3.25 7 7.5 3495.058052367698 0.1269900485362996
10 60 -3.5 -3.25 7.5 8 3134.056965099764 0.1311953599929438
10 60 -3.5 -3.25 8 8.5 2820.454243477232 0.132750368789857
10 60 -3.5 -3.25 8.5 9 2546.457598301639 0.03443838325711113
10 60 -3.5 -3.25 9 9.5 2305.842776585467 0.02932800070857411
10 60 -3.5 -3.25 9.5 10 2093.589351634525 0.02500850736896609
10 60 -3.5 -3.25 10 10.5 1905.597340954684 0.02160270617719107
10 60 -3.5 -3.25 10.5 11 1738.48728310667 0.01872949272956248
10 60 -3.5 -3.25 11 11.5 1589.446826722243 0.07786335143987344
10 60 -3.5 -3.25 11.5 12 1456.117770940039 0.060231421600065
10 60 -3.5 -3.25 12 12.5 1336.511730249244 0.04625913571658202
10 60 -3.5 -3.25 12.5 13 1228.938249572784 0.03511762382845518
10 60 -3.5 -3.25 13 13.5 1131.952466578005 0.02612945361511265
10 60 -3.5 -3.25 13.5 14 1044.31455560235 0.01895201163665661
10 60 -3.5 -3.25 14 14.5 964.9550818668555 0.01328587053819774
10 60 -3.5 -3.25 14.5 15 892.9466182239155 0.008784650275970307
10 60 -3.5 -3.25 15 16 1595.344666659324 0.02996018223689134
10 60 -3.5 -3.25 16 17 1377.224145919294 0.009656950949874954
10 60 -3.5 -3.25 17 18 1194.805269000525 0.02627031151450865
10 60 -3.5 -3.25 18 19 1041.305240617672 0.03775370459061378
10 60 -3.5 -3.25 19 20 911.4017141545913 0.04348780049042489
10 60 -3.5 -3.25 20 21 800.8842416175162 0.004746743811097076
10 60 -3.5 -3.25 21 22 706.393418247508 0.004061563815184854
10 60 -3.5 -3.25 22 23 625.2297248896002 0.003494618982131215
10 60 -3.5 -3.25 23 24 555.209482843782 0.003020002262019261
10 60 -3.5 -3.25 24 25 494.5544026672448 0.002629426918190347
10 60 -3.5 -3.25 25 26 441.8085313137073 0.002302529088126448
10 60 -3.5 -3.25 26 27 395.7726735126193 0.002020410769034697
10 60 -3.5 -3.25 27 28 355.4541772670541 0.001781221399937749
10 60 -3.5 -3.25 28 29 320.0271806974068 0.001581462178535276
10 60 -3.5 -3.25 29 30 288.8015585601497 0.001404071670094709
10 60 -3.5 -3.25 30 31 261.1979330522036 0.001255769079250513
10 60 -3.5 -3.25 31 32 236.7275814331984 0.001121457891457567
10 60 -3.5 -3.25 32 33 214.9769318478835 0.001010148641796604
10 60 -3.5 -3.25 33 34 195.594726225152 0.000908030077823696
10 60 -3.5 -3.25 34 35 178.2811889168534 0.0008201942838184095
10 60 -3.5 -3.25 35 36 162.7798197260318 0.0007434390116998202
10 60 -3.5 -3.25 36 37 148.8702987870455 0.0006738420154022151
10 60 -3.5 -3.25 37 38 136.3627843120043 0.0006133372675094506
10 60 -3.5 -3.25 38 39 125.0932809721755 0.0005589295851677889
10 60 -3.5 -3.25 39 40 114.9196503264279 0.0005107293055885975
10 60 -3.5 -3.25 40 42 203.1001197023217 0.0008954414807931244
10 60 -3.5 -3.25 42 44 172.7531591882405 0.000755206129014141
10 60 -3.5 -3.25 44 46 147.640282185076 0.0006412168267786456
10 60 -3.5 -3.25 46 48 126.7325183550184 0.0005472737282303797
10 60 -3.5 -3.25 48 50 109.228067445127 0.000469518153195736
10 60 -3.5 -3.25 50 52 94.49650573120869 0.0004050047551942271
10 60 -3.5 -3.25 52 54 82.03864226081964 0.0003507636510420298
10 60 -3.5 -3.25 54 56 71.4559326310526 0.0003050699530859902
10 60 -3.5 -3.25 56 58 62.4282961253847 0.000266276604371285
10 60 -3.5 -3.25 58 60 54.69683572885842 0.0002332211105624538
10 60 -3.5 -3.25 60 65 109.6254359197396 0.0004679006845691447
10 60 -3.5 -3.25 65 70 80.45804633790273 0.0004089722158653331
10 60 -3.5 -3.25 70 80 104.8006665780748 0.0006224407793666842
10 60 -3.5 -3.25 80 90 60.30743821456291 0.0005036033724294953
10 60 -3.5 -3.25 90 100 35.85837944726153 0.0003705039835892876
10 60 -3.25 -3 0 0.5 -190932.4184416618 3.588010448671412
10 60 -3.25 -3 0.5 1 11103.31985689857 0.05615112713167036
10 60 -3.25 -3 1 1.5 21066.27990338174 0.9196833580353996
10 60 -3.25 -3 1.5 2 18395.87298544057 0.7103452837218356
10 60 -3.25 -3 2 2.5 15249.34851871314 0.5318913651008188
10 60 -3.25 -3 2.5 3 12667.13316427338 0.3931230217331176
10 60 -3.25 -3 3 3.5 10638.20297002134 0.2985340504310443
10 60 -3.25 -3 3.5 4 9039.437788743466 0.2342382306087529
10 60 -3.25 -3 4 4.5 7763.002270248783 0.1890315170567192
10 60 -3.25 -3 4.5 5 6728.631206120544 0.1561176245668321
10 60 -3.25 -3 5 5.5 5878.511867361901 0.1294325931803542
10 60 -3.25 -3 5.5 6 5170.883323038133 0.1076142178690134
10 60 -3.25 -3 6 6.5 4575.223592087038 0.08903746117084665
10 60 -3.25 -3 6.5 7 4068.927448302523 0.07385115751958438
10 60 -3.25 -3 7 7.5 3634.908877386202 0.0610548379759166
10 60 -3.25 -3 7.5 8 3260.115030115478 0.05116464445745805
10 60 -3.25 -3 8 8.5 2934.358252777175 0.04572667971615374
10 60 -3.25 -3 8.5 9 2649.634401243969 0.04796916959094233
10 60 -3.25 -3 9 9.5 2399.523042993283 0.05198128719075612
10 60 -3.25 -3 9.5 10 2178.84039108381 0.0548307705780644
10 60 -3.25 -3 10 10.5 1983.351604690298 0.05726355786487147
10 60 -3.25 -3 10.5 11 1809.552907066352 0.0593976737027333
10 60 -3.25 -3 11 11.5 1654.536993789042 0.08099137042950133
10 60 -3.25 -3 11.5 12 1515.857655221599 0.06390088658258719
10 60 -3.25 -3 12 12.5 1391.449271001358 0.06607707881721581
10 60 -3.25 -3 12.5 13 1279.558834544685 0.0362032198399902
10 60 -3.25 -3 13 13.5 1178.683584781769 0.02682648523818898
10 60 -3.25 -3 13.5 14 1087.535469816086 0.01935740126373275
10 60 -3.25 -3 14 14.5 1005.002286664577 0.01344024145555522
10 60 -3.25 -3 14.5 15 930.1195469967632 0.008784072170442414
10 60 -3.25 -3 15 16 1662.104716211397 0.02853241784873717
10 60 -3.25 -3 16 17 1435.329494562447 0.00994260243669487
10 60 -3.25 -3 17 18 1245.702392155741 0.02924196367735021
10 60 -3.25 -3 18 19 1086.160332863952 0.04088291424136514
10 60 -3.25 -3 19 20 951.1615632027691 0.04648549862736218
10 60 -3.25 -3 20 21 836.3215558886848 0.004923003625890487
10 60 -3.25 -3 21 22 738.1429987707278 0.00420156258633142
10 60 -3.25 -3 22 23 653.8155073586547 0.003621014021632618
10 60 -3.25 -3 23 24 581.0664265923085 0.003130081869358037
10 60 -3.25 -3 24 25 518.0456839965585 0.00272795272633175
10 60 -3.25 -3 25 26 463.2382803742375 0.002385798203931699
10 60 -3.25 -3 26 27 415.3970855155256 0.002095940447588873
10 60 -3.25 -3 27 28 373.4902443528425 0.00185376199209486
10 60 -3.25 -3 28 29 336.6594829633594 0.001641237427463693
10 60 -3.25 -3 29 30 304.1877385541986 0.001461753861235593
10 60 -3.25 -3 30 31 275.4730304411968 0.001304835889868627
10 60 -3.25 -3 31 32 250.0082429462065 0.001171457415978239
10 60 -3.25 -3 32 33 227.3640148062187 0.001051012474817981
10 60 -3.25 -3 33 34 207.1758341588792 0.0009484023397590136
10 60 -3.25 -3 34 35 189.1327927329934 0.0008581841953230196
10 60 -3.25 -3 35 36 172.9688024926118 0.000777011451106091
10 60 -3.25 -3 36 37 158.4555220377772 0.0007065633865011023
10 60 -3.25 -3 37 38 145.3962758783036 0.0006433195908641665
10 60 -3.25 -3 38 39 133.621067056252 0.0005872971340181721
10 60 -3.25 -3 39 40 122.9825853242675 0.0005375438991706005
10 60 -3.25 -3 40 42 217.9732518550563 0.0009445198600985805
10 60 -3.25 -3 42 44 186.1571296137724 0.0007991627267074364
10 60 -3.25 -3 44 46 159.7759200392716 0.0006805557916322869
10 60 -3.25 -3 46 48 137.7643193917278 0.0005832103308307524
10 60 -3.25 -3 48 50 119.2920208794688 0.0005024049045658785
10 60 -3.25 -3 50 52 103.7064983796038 0.0004349635253078077
10 60 -3.25 -3 52 54 90.49049587020505 0.0003783862666892901
10 60 -3.25 -3 54 56 79.23124693030269 0.0003307215137624553
10 60 -3.25 -3 56 58 69.59698162562091 0.0002899998223995226
10 60 -3.25 -3 58 60 61.31932662244099 0.0002552386811842666
10 60 -3.25 -3 60 65 124.1204240688744 0.0005164267326023264
10 60 -3.25 -3 65 70 92.50891490359864 0.0003857709803440912
10 60 -3.25 -3 70 80 123.3976305395864 0.0005178047290854693
10 60 -3.25 -3 80 90 73.62753385720919 0.0003129172460631935
10 60 -3.25 -3 90 100 45.54508998792817 0.0002707166115030191
10 60 -3 -2.75 0 0.5 -204374.51704286 7.376287387189222
10 60 -3 -2.75 0.5 1 9842.599161996659 0.08818932935901103
10 60 -3 -2.75 1 1.5 21241.50369701866 0.8538630991824903
10 60 -3 -2.75 1.5 2 18792.9545389384 0.6280708740741829
10 60 -3 -2.75 2 2.5 15664.83302499609 0.4984783997624618
10 60 -3 -2.75 2.5 3 13053.60699346516 0.4069025922526635
10 60 -3 -2.75 3 3.5 10985.63313992305 0.3295575270512927
10 60 -3 -2.75 3.5 4 9348.380227743186 0.2642859518364276
10 60 -3 -2.75 4 4.5 8036.964561665572 0.2122125470677929
10 60 -3 -2.75 4.5 5 6971.745668814332 0.1718260964753426
10 60 -3 -2.75 5 5.5 6094.661430697972 0.140334240332777
10 60 -3 -2.75 5.5 6 5363.524259836352 0.1149680342241481
10 60 -3 -2.75 6 6.5 4747.374440813002 0.0934263214294333
10 60 -3 -2.75 6.5 7 4223.152944245152 0.07596985185318772
10 60 -3 -2.75 7 7.5 3773.431628766736 0.06263970857344248
10 60 -3 -2.75 7.5 8 3384.824628046758 0.0540982795500895
10 60 -3 -2.75 8 8.5 3046.898289188241 0.05070713512714065
10 60 -3 -2.75 8.5 9 2751.40939194422 0.04628021402913873
10 60 -3 -2.75 9 9.5 2491.757284144947 0.04164124426142735
10 60 -3 -2.75 9.5 10 2262.602088239912 0.03987891292081258
10 60 -3 -2.75 10 10.5 2059.566438542571 0.03842408920809248
10 60 -3 -2.75 10.5 11 1879.035322988574 0.03641023117597797
10 60 -3 -2.75 11 11.5 1717.997314557814 0.0845113215677884
10 60 -3 -2.75 11.5 12 1573.923408848084 0.06520840159055297
10 60 -3 -2.75 12 12.5 1444.674811724206 0.04982441615516109
10 60 -3 -2.75 12.5 13 1328.431283914635 0.03755947260833636
10 60 -3 -2.75 13 13.5 1223.635833690564 0.0334992115319892
10 60 -3 -2.75 13.5 14 1128.950740917806 0.03365869661479337
10 60 -3 -2.75 14 14.5 1043.220588576905 0.03359177795755386
10 60 -3 -2.75 14.5 15 965.4436893421698 0.03397930968662877
10 60 -3 -2.75 15 16 1725.123547148384 0.07039743076870764
10 60 -3 -2.75 16 17 1489.661541987981 0.0723630638724444
10 60 -3 -2.75 17 18 1292.818651630786 0.03224435922356861
10 60 -3 -2.75 18 19 1127.24937951414 0.04423871639869503
10 60 -3 -2.75 19 20 987.1891821115933 0.005949082017650653
10 60 -3 -2.75 20 21 868.0758401312092 0.005083740614509225
10 60 -3 -2.75 21 22 766.2704739743964 0.004331128371177329
10 60 -3 -2.75 22 23 678.8497080173446 0.003729925290713254
10 60 -3 -2.75 23 24 603.4497344221162 0.003225650962349391
10 60 -3 -2.75 24 25 538.1461770799438 0.002811086856240763
10 60 -3 -2.75 25 26 481.3642613732628 0.002459506618663454
10 60 -3 -2.75 26 27 431.8079453635454 0.002160766981887718
10 60 -3 -2.75 27 28 388.4049637230416 0.001908629274169016
10 60 -3 -2.75 28 29 350.2636443738223 0.001693905322326827
10 60 -3 -2.75 29 30 316.639547826528 0.001504907550440748
10 60 -3 -2.75 30 31 286.907751023089 0.001347844324072867
10 60 -3 -2.75 31 32 260.54186514499 0.001206506515813999
10 60 -3 -2.75 32 33 237.0965751630103 0.001085294861809416
10 60 -3 -2.75 33 34 216.1936551994862 0.0009791433694203988
10 60 -3 -2.75 34 35 197.510701013766 0.0008862348676359488
10 60 -3 -2.75 35 36 180.7719927314303 0.0008029777274600747
10 60 -3 -2.75 36 37 165.7408428419415 0.0007306541483842466
10 60 -3 -2.75 37 38 152.2134355671465 0.00066542848236395
10 60 -3 -2.75 38 39 140.0138306462112 0.0006080978623970168
10 60 -3 -2.75 39 40 128.9895796368961 0.0005564110248030829
10 60 -3 -2.75 40 42 228.9623088238199 0.0009791868782258462
10 60 -3 -2.75 42 44 195.9647929622542 0.000829670228682744
10 60 -3 -2.75 44 46 168.5841842662074 0.000708179843883272
10 60 -3 -2.75 46 48 145.7194067284407 0.0006074605482808693
10 60 -3 -2.75 48 50 126.5126239107516 0.0005246561685083861
10 60 -3 -2.75 50 52 110.2894916976778 0.0004552156918293804
10 60 -3 -2.75 52 54 96.5160036247154 0.0003969029210963981
10 60 -3 -2.75 54 56 84.76603034660059 0.0003475913469657144
10 60 -3 -2.75 56 58 74.6971983985112 0.0003057175955802904
10 60 -3 -2.75 58 60 66.03245572691793 0.0002698152315048219
10 60 -3 -2.75 60 65 134.4613406507259 0.000548893713016696
10 60 -3 -2.75 65 70 101.1638476002682 0.0004131360279870933
10 60 -3 -2.75 70 80 136.9613611884645 0.0005619571634554177
10 60 -3 -2.75 80 90 83.61711573688451 0.0003467351887707082
10 60 -3 -2.75 90 100 53.05549309211743 0.0002230441715767029
10 60 -2.75 -2.5 0 0.5 -217635.7392823519 2.323752406024141
10 60 -2.75 -2.5 0.5 1 8587.423796846595 0.06802954105114623
10 60 -2.75 -2.5 1 1.5 21407.55413820693 0.9564809338844498
10 60 -2.75 -2.5 1.5 2 19180.42281937777 0.7298538067370828
10 60 -2.75 -2.5 2 2.5 16071.9869896618 0.5335243321769667
10 60 -2.75 -2.5 2.5 3 13433.17032543008 0.4495773575636122
10 60 -2.75 -2.5 3 3.5 11327.36353604457 0.3846210175761371
10 60 -2.75 -2.5 3.5 4 9652.599169698022 0.3381122956052423
10 60 -2.75 -2.5 4 4.5 8307.015642390446 0.2865040062697517
10 60 -2.75 -2.5 4.5 5 7211.572472247741 0.2560385734077499
10 60 -2.75 -2.5 5 5.5 6308.026973728881 0.2178699849964687
10 60 -2.75 -2.5 5.5 6 5553.8000986129 0.1936339713956841
10 60 -2.75 -2.5 6 6.5 4917.472220160846 0.1653170629551823
10 60 -2.75 -2.5 6.5 7 4375.595339406241 0.1470492967127939
10 60 -2.75 -2.5 7 7.5 3910.371558290284 0.1269137169001624
10 60 -2.75 -2.5 7.5 8 3508.119220468521 0.1089806111963298
10 60 -2.75 -2.5 8 8.5 3158.150756474543 0.09658088903370299
10 60 -2.75 -2.5 8.5 9 2852.003462962701 0.08543012032987463
10 60 -2.75 -2.5 9 9.5 2582.894181070672 0.07395263368289307
10 60 -2.75 -2.5 9.5 10 2345.325375947562 0.06389429065529839
10 60 -2.75 -2.5 10 10.5 2134.790559141637 0.05767416080425392
10 60 -2.75 -2.5 10.5 11 1947.563041595265 0.0532852781211659
10 60 -2.75 -2.5 11 11.5 1780.531168113152 0.08859516881261698
10 60 -2.75 -2.5 11.5 12 1631.079420354238 0.06811131829726946
10 60 -2.75 -2.5 12 12.5 1496.999934089749 0.05196797450071244
10 60 -2.75 -2.5 12.5 13 1376.410142497305 0.03916173613220053
10 60 -2.75 -2.5 13 13.5 1267.695785402184 0.03460843002267211
10 60 -2.75 -2.5 13.5 14 1169.4707890108 0.03165445644367537
10 60 -2.75 -2.5 14 14.5 1080.540251068509 0.02937886313611671
10 60 -2.75 -2.5 14.5 15 999.8660550737286 0.02796804431534383
10 60 -2.75 -2.5 15 16 1786.322380394221 0.05162480062449504
10 60 -2.75 -2.5 16 17 1542.147559186056 0.0462628508423677
10 60 -2.75 -2.5 17 18 1338.071708648699 0.04349923575091452
10 60 -2.75 -2.5 18 19 1166.461563799647 0.04741941253882942
10 60 -2.75 -2.5 19 20 1021.332844538465 0.04030761709486796
10 60 -2.75 -2.5 20 21 897.9445602406992 0.04029552221754784
10 60 -2.75 -2.5 21 22 792.5171130529455 0.004458906057834611
10 60 -2.75 -2.5 22 23 702.0131457154611 0.003829210887715817
10 60 -2.75 -2.5 23 24 623.9772939966501 0.003313733322670487
10 60 -2.75 -2.5 24 25 556.4107395875531 0.002888611247271911
10 60 -2.75 -2.5 25 26 497.6783098488377 0.002521566784821516
10 60 -2.75 -2.5 26 27 446.4343607039456 0.002215730436830654
10 60 -2.75 -2.5 27 28 401.5655396908228 0.00195929337456846
10 60 -2.75 -2.5 28 29 362.1465363465493 0.00173632325328299
10 60 -2.75 -2.5 29 30 327.4046622787708 0.001547236756209713
10 60 -2.75 -2.5 30 31 296.6916037636814 0.001379088323801625
10 60 -2.75 -2.5 31 32 269.46162191716 0.001238851217124193
10 60 -2.75 -2.5 32 33 245.2528854327598 0.001112120858920207
10 60 -2.75 -2.5 33 34 223.6734162905191 0.001004779038680681
10 60 -2.75 -2.5 34 35 204.3891934187615 0.0009075649820715626
10 60 -2.75 -2.5 35 36 187.1144069420515 0.0008239280697353024
10 60 -2.75 -2.5 36 37 171.6040857090698 0.0007483045628191576
10 60 -2.75 -2.5 37 38 157.6473034414444 0.0006824944080676687
10 60 -2.75 -2.5 38 39 145.0618347020549 0.0006237748642661245
10 60 -2.75 -2.5 39 40 133.6898853120599 0.0005706148268700417
10 60 -2.75 -2.5 40 42 237.450439265985 0.001004327758323598
10 60 -2.75 -2.5 42 44 203.4170092174166 0.0008516304972658872
10 60 -2.75 -2.5 44 46 175.1770184293801 0.0007269792922954821
10 60 -2.75 -2.5 46 48 151.5927865714602 0.0006243152469949109
10 60 -2.75 -2.5 48 50 131.7781875618377 0.0005395804551255878
10 60 -2.75 -2.5 50 52 115.0374737078779 0.000468616638826802
10 60 -2.75 -2.5 52 54 100.8200344334794 0.0004089707297794121
10 60 -2.75 -2.5 54 56 88.68634440287704 0.0003585773646932466
10 60 -2.75 -2.5 56 58 78.28355362495174 0.00031569388772823
10 60 -2.75 -2.5 58 60 69.32631875925085 0.0002790482423193907
10 60 -2.75 -2.5 60 65 141.6318248228594 0.00056900914171365
10 60 -2.75 -2.5 65 70 107.1233626254911 0.0004301997256703771
10 60 -2.75 -2.5 70 80 146.2871631568281 0.0005893149524069941
10 60 -2.75 -2.5 80 90 90.54605391610741 0.000367960065162265
10 60 -2.75 -2.5 90 100 58.35714693084774 0.0002400328959595299
10 60 -2.5 -2.4 0 0.5 -90681.89610634568 1.587469490768854
10 60 -2.5 -2.4 0.5 1 3090.116039881401 0.1483288580784574
10 60 -2.5 -2.4 1 1.5 8607.983053711911 0.3949492302108411
10 60 -2.5 -2.4 1.5 2 7778.023324034144 0.2975584682662884
10 60 -2.5 -2.4 2 2.5 6540.199558794347 0.2177168196431012
10 60 -2.5 -2.4 2.5 3 5477.217044590994 0.1646409341756225
10 60 -2.5 -2.4 3 3.5 4624.621293456136 0.1308912514405165
10 60 -2.5 -2.4 3.5 4 3944.490158074134 0.1069414265716659
10 60 -2.5 -2.4 4 4.5 3396.938596888801 0.08789304164201894
10 60 -2.5 -2.4 4.5 5 2950.504379832213 0.07170571421465866
10 60 -2.5 -2.4 5 5.5 2581.855521947448 0.05857717313529065
10 60 -2.5 -2.4 5.5 6 2273.848362991534 0.04784807492069376
10 60 -2.5 -2.4 6 6.5 2013.796572781003 0.03927683512779367
10 60 -2.5 -2.4 6.5 7 1792.207356606409 0.03233640187363562
10 60 -2.5 -2.4 7 7.5 1601.87149381263 0.02682140780302689
10 60 -2.5 -2.4 7.5 8 1437.230167182617 0.02238451225434801
10 60 -2.5 -2.4 8 8.5 1293.93547610507 0.01879472333484955
10 60 -2.5 -2.4 8.5 9 1168.547577612473 0.01585081112807529
10 60 -2.5 -2.4 9 9.5 1058.305057969102 0.01344693164060118
10 60 -2.5 -2.4 9.5 10 960.9621775015499 0.01147023450153029
10 60 -2.5 -2.4 10 10.5 874.6815824666614 0.009840952757485866
10 60 -2.5 -2.4 10.5 11 797.9437123613587 0.00850831251557338
10 60 -2.5 -2.4 11 11.5 729.4760480221504 0.007421758678560764
10 60 -2.5 -2.4 11.5 12 668.2101096752087 0.02810373270574473
10 60 -2.5 -2.4 12 12.5 613.2431000592617 0.02145048500779012
10 60 -2.5 -2.4 12.5 13 563.8043140426705 0.01616288021682522
10 60 -2.5 -2.4 13 13.5 519.2335172726699 0.01187156502726339
10 60 -2.5 -2.4 13.5 14 478.9637205192056 0.008478734802338295
10 60 -2.5 -2.4 14 14.5 442.5048087532205 0.005811456359310796
10 60 -2.5 -2.4 14.5 15 409.4311672242871 0.003727289045230009
10 60 -2.5 -2.4 15 16 731.3760573565913 0.01105359005998707
10 60 -2.5 -2.4 16 17 631.2857533096026 0.005210453815834626
10 60 -2.5 -2.4 17 18 547.6417868645484 0.01460440398216178
10 60 -2.5 -2.4 18 19 477.3147931734958 0.01960520460266935
10 60 -2.5 -2.4 19 20 417.847901901723 0.002518440556116275
10 60 -2.5 -2.4 20 21 367.2978698082624 0.002119208394560701
10 60 -2.5 -2.4 21 22 324.1149308854564 0.002043288484742334
10 60 -2.5 -2.4 22 23 287.0519699608635 0.002103586121506851
10 60 -2.5 -2.4 23 24 255.1008023121706 0.00172704203680496
10 60 -2.5 -2.4 24 25 227.4423933092522 0.001625576488407887
10 60 -2.5 -2.4 25 26 203.4057262279265 0.001746547804629017
10 60 -2.5 -2.4 26 27 182.4380523229792 0.001702471780049564
10 60 -2.5 -2.4 27 28 164.0826328292061 0.001629794510733973
10 60 -2.5 -2.4 28 29 147.9599706766481 0.001552003118518996
10 60 -2.5 -2.4 29 30 133.7532788731313 0.001488781598027344
10 60 -2.5 -2.4 30 31 121.1967693991953 0.001444122816494087
10 60 -2.5 -2.4 31 32 110.0665546007837 0.001484037347040612
10 60 -2.5 -2.4 32 33 100.173149997115 0.001507723323513233
10 60 -2.5 -2.4 33 34 91.3557927659086 0.001447517030911172
10 60 -2.5 -2.4 34 35 83.47763205640058 0.001352366757430445
10 60 -2.5 -2.4 35 36 76.4217431732975 0.001318719397389145
10 60 -2.5 -2.4 36 37 70.08768092614524 0.001330916261920834
10 60 -2.5 -2.4 37 38 64.38894937599608 0.001366248212761434
10 60 -2.5 -2.4 38 39 59.25083944893568 0.001370237461912893
10 60 -2.5 -2.4 39 40 54.60873584324343 0.001320476084018196
10 60 -2.5 -2.4 40 42 97.00216160793114 0.002418418588462146
10 60 -2.5 -2.4 42 44 83.11488766629216 0.002441680084942277
10 60 -2.5 -2.4 44 46 71.5939304889167 0.002397483317693627
10 60 -2.5 -2.4 46 48 61.97385828173358 0.002146786625218056
10 60 -2.5 -2.4 48 50 53.8928779787424 0.002128245427620357
10 60 -2.5 -2.4 50 52 47.06636124642183 0.002112525146159783
10 60 -2.5 -2.4 52 54 41.26906777732871 0.001953216720835371
10 60 -2.5 -2.4 54 56 36.32168762874256 0.0001455783140471567
10 60 -2.5 -2.4 56 58 32.08008817493842 0.0001282211550446277
10 60 -2.5 -2.4 58 60 28.42769778599756 0.0001133649468307851
10 60 -2.5 -2.4 60 65 58.14805313097875 0.0002313522165238169
10 60 -2.5 -2.4 65 70 44.07070097374817 0.0001751564146630358
10 60 -2.5 -2.4 70 80 60.39540577484415 0.0002405911940712713
10 60 -2.5 -2.4 80 90 37.60203601794113 0.0001509225840479189
10 60 -2.5 -2.4 90 100 24.40283103294617 9.903310913017549e-05
10 60 -2.4 -2.3 0 0.5 -92701.96523488563 1.828317583291209
10 60 -2.4 -2.3 0.5 1 2897.65707102017 0.008723106904199085
10 60 -2.4 -2.3 1 1.5 8633.094482148857 0.3881523805193865
10 60 -2.4 -2.3 1.5 2 7837.11450686379 0.2868823801145481
10 60 -2.4 -2.3 2 2.5 6602.407909562213 0.2188612267473218
10 60 -2.4 -2.3 2.5 3 5535.28020199001 0.1762862638079241
10 60 -2.4 -2.3 3 3.5 4676.944595732717 0.1399007290974623
10 60 -2.4 -2.3 3.5 4 3991.137823753544 0.110813573091491
10 60 -2.4 -2.3 4 4.5 3438.390747024524 0.08840768945219679
10 60 -2.4 -2.3 4.5 5 2987.361493171993 0.07187484996666171
10 60 -2.4 -2.3 5 5.5 2614.688126067558 0.05879784384205777
10 60 -2.4 -2.3 5.5 6 2303.158492664457 0.04834359263350052
10 60 -2.4 -2.3 6 6.5 2040.028108861178 0.03980106220024027
10 60 -2.4 -2.3 6.5 7 1815.74022812283 0.03283908867842911
10 60 -2.4 -2.3 7 7.5 1623.032582488188 0.02724636768448363
10 60 -2.4 -2.3 7.5 8 1456.297290087954 0.02261473851172013
10 60 -2.4 -2.3 8 8.5 1311.155994023718 0.01895836598600908
10 60 -2.4 -2.3 8.5 9 1184.131095145542 0.01602028610227535
10 60 -2.4 -2.3 9 9.5 1072.430994686758 0.01361074045780697
10 60 -2.4 -2.3 9.5 10 973.7936085433801 0.01162657962595404
10 60 -2.4 -2.3 10 10.5 886.3578180121344 0.01001589121142388
10 60 -2.4 -2.3 10.5 11 808.5843658095794 0.008638523011882171
10 60 -2.4 -2.3 11 11.5 739.1900910187136 0.007499386299627986
10 60 -2.4 -2.3 11.5 12 677.0928094246328 0.02868869954738784
10 60 -2.4 -2.3 12 12.5 621.3764863149114 0.02185347343561261
10 60 -2.4 -2.3 12.5 13 571.2620511058471 0.01638859811566817
10 60 -2.4 -2.3 13 13.5 526.0819867095022 0.01210045748621269
10 60 -2.4 -2.3 13.5 14 485.2610566866763 0.00865531149349863
10 60 -2.4 -2.3 14 14.5 448.3024210365156 0.005919941010745333
10 60 -2.4 -2.3 14.5 15 414.775310336879 0.003769053704900216
10 60 -2.4 -2.3 15 16 740.8671129229631 0.01112311580186542
10 60 -2.4 -2.3 16 17 639.4109823376295 0.005317252847930831
10 60 -2.4 -2.3 17 18 554.6289365684684 0.01486442624593565
10 60 -2.4 -2.3 18 19 483.3487552938063 0.02013510055724055
10 60 -2.4 -2.3 19 20 423.0824671667309 0.002608966437378513
10 60 -2.4 -2.3 20 21 371.8573777516195 0.002638000244132854
10 60 -2.4 -2.3 21 22 328.0997810721874 0.001996923557555874
10 60 -2.4 -2.3 22 23 290.5476117975325 0.001776391238877295
10 60 -2.4 -2.3 23 24 258.1790912391675 0.00178122926723745
10 60 -2.4 -2.3 24 25 230.162034755493 0.001630091021894486
10 60 -2.4 -2.3 25 26 205.8158752800923 0.001480319212703307
10 60 -2.4 -2.3 26 27 184.5808299659793 0.001388615909490909
10 60 -2.4 -2.3 27 28 165.9937969526338 0.001273559117493051
10 60 -2.4 -2.3 28 29 149.6699343765255 0.001271873924110878
10 60 -2.4 -2.3 29 30 135.2876045305727 0.001329884173543405
10 60 -2.4 -2.3 30 31 122.5770916666639 0.00130052599456576
10 60 -2.4 -2.3 31 32 111.311406352829 0.001146141791934951
10 60 -2.4 -2.3 32 33 101.2988813527524 0.001061525877588565
10 60 -2.4 -2.3 33 34 92.37662592719694 0.001103679159612625
10 60 -2.4 -2.3 34 35 84.40570747755552 0.001196366705812579
10 60 -2.4 -2.3 35 36 77.26728116102191 0.00117464284754476
10 60 -2.4 -2.3 36 37 70.85962212768675 0.001042240491003099
10 60 -2.4 -2.3 37 38 65.09530423775138 0.0009472003402350992
10 60 -2.4 -2.3 38 39 59.89877438690671 0.0009801568406047068
10 60 -2.4 -2.3 39 40 55.20449653634594 0.0010634177040032
10 60 -2.4 -2.3 40 42 98.05768424242636 0.00207146155207738
10 60 -2.4 -2.3 42 44 84.01737582326535 0.001794372630953944
10 60 -2.4 -2.3 44 46 72.37181849037013 0.0018787555298303
10 60 -2.4 -2.3 46 48 62.64930171966746 0.001824213836961519
10 60 -2.4 -2.3 48 50 54.48305248858476 0.001638876812442902
10 60 -2.4 -2.3 50 52 47.58548195777996 0.001641692686227714
10 60 -2.4 -2.3 52 54 41.72862789572922 0.001588387199319641
10 60 -2.4 -2.3 54 56 36.73087574893724 0.001482057868706477
10 60 -2.4 -2.3 56 58 32.44648905425944 0.001450838254250186
10 60 -2.4 -2.3 58 60 28.75757810197914 0.001406315216719634
10 60 -2.4 -2.3 60 65 58.84455609584777 0.0002328995798848155
10 60 -2.4 -2.3 65 70 44.62814466815825 0.0001763999868344968
10 60 -2.4 -2.3 70 80 61.23401741451992 0.0002424661142015339
10 60 -2.4 -2.3 80 90 38.20629380640693 0.0001523567643317847
10 60 -2.4 -2.3 90 100 24.86124461854393 0.0001001812693353088
10 60 -2.3 -2.2 0 0.5 -94678.78706427703 2.01017420127755
10 60 -2.3 -2.2 0.5 1 2709.489035414945 0.02954168908536303
10 60 -2.3 -2.2 1 1.5 8657.915271267118 0.3833669180858124
10 60 -2.3 -2.2 1.5 2 7895.163632230281 0.3003317026850709
10 60 -2.3 -2.2 2 2.5 6663.472573095318 0.2371983460006959
10 60 -2.3 -2.2 2.5 3 5592.286282069498 0.1830432430524525
10 60 -2.3 -2.2 3 3.5 4728.33029068843 0.1421175917112123
10 60 -2.3 -2.2 3.5 4 4036.934816441721 0.1147002203651937
10 60 -2.3 -2.2 4 4.5 3479.096622414317 0.09289465878737246
10 60 -2.3 -2.2 4.5 5 3023.562567885864 0.07458660674774364
10 60 -2.3 -2.2 5 5.5 2646.936064658436 0.05944872896270681
10 60 -2.3 -2.2 5.5 6 2331.958740912985 0.04817136919109544
10 60 -2.3 -2.2 6 6.5 2065.808419433236 0.03947766940791553
10 60 -2.3 -2.2 6.5 7 1838.878146076674 0.03281702332765235
10 60 -2.3 -2.2 7 7.5 1643.843642953659 0.02742488233320728
10 60 -2.3 -2.2 7.5 8 1475.06146297011 0.02300976854598957
10 60 -2.3 -2.2 8 8.5 1328.107352353068 0.01933956122252312
10 60 -2.3 -2.2 8.5 9 1199.476984717488 0.01628325435672195
10 60 -2.3 -2.2 9 9.5 1086.350668708026 0.01383639546043014
10 60 -2.3 -2.2 9.5 10 986.4392672042092 0.01179958066541076
10 60 -2.3 -2.2 10 10.5 897.8678918190938 0.01013032462765295
10 60 -2.3 -2.2 10.5 11 819.0789805924539 0.008732421431659532
10 60 -2.3 -2.2 11 11.5 748.7721031933127 0.007548825728804331
10 60 -2.3 -2.2 11.5 12 685.8553435457601 0.02911519626388781
10 60 -2.3 -2.2 12 12.5 629.4026692543886 0.02222886208573982
10 60 -2.3 -2.2 12.5 13 578.624150837569 0.0167386029897898
10 60 -2.3 -2.2 13 13.5 532.8434125363769 0.01231373915720724
10 60 -2.3 -2.2 13.5 14 491.4789942597006 0.008798290323795754
10 60 -2.3 -2.2 14 14.5 454.0283200660372 0.006020625968062632
10 60 -2.3 -2.2 14.5 15 420.0550593866086 0.003814975884438354
10 60 -2.3 -2.2 15 16 750.2467458669607 0.01155331457243847
10 60 -2.3 -2.2 16 17 647.4395859583306 0.00546936199270931
10 60 -2.3 -2.2 17 18 561.5328087712016 0.01523845346571306
10 60 -2.3 -2.2 18 19 489.3126165579361 0.02031160397558551
10 60 -2.3 -2.2 19 20 428.2532189912754 0.002817562788720807
10 60 -2.3 -2.2 20 21 376.3584120011661 0.00246595032552932
10 60 -2.3 -2.2 21 22 332.0340961700292 0.002342212189262227
10 60 -2.3 -2.2 22 23 293.9984881817772 0.002077905191868012
10 60 -2.3 -2.2 23 24 261.2155234866289 0.001854499882540495
10 60 -2.3 -2.2 24 25 232.8424903882383 0.001582175457485846
10 60 -2.3 -2.2 25 26 208.1898560517567 0.001366779589574207
10 60 -2.3 -2.2 26 27 186.6899628830327 0.00137459176985999
10 60 -2.3 -2.2 27 28 167.8729249791981 0.001364449340485407
10 60 -2.3 -2.2 28 29 151.3483803338757 0.001140409596104064
10 60 -2.3 -2.2 29 30 136.7909494433896 0.0009722486474572634
10 60 -2.3 -2.2 30 31 123.9275268837572 0.0009926775627207007
10 60 -2.3 -2.2 31 32 112.5278322586245 0.001123013737540646
10 60 -2.3 -2.2 32 33 102.3970056585074 0.001079954783037351
10 60 -2.3 -2.2 33 34 93.37002855885521 0.0008928949657018848
10 60 -2.3 -2.2 34 35 85.30648330058824 0.0007857606376973081
10 60 -2.3 -2.2 35 36 78.0862268993254 0.0008746943491644288
10 60 -2.3 -2.2 36 37 71.60592278645274 0.0009608600310428983
10 60 -2.3 -2.2 37 38 65.77669555742501 0.0009167302115429266
10 60 -2.3 -2.2 38 39 60.52200955411703 0.0007880521867988932
10 60 -2.3 -2.2 39 40 55.7756257162151 0.0007044810616960717
10 60 -2.3 -2.2 40 42 99.06522373003149 0.00159503597734556
10 60 -2.3 -2.2 42 44 84.87409829928392 0.00155454649576825
10 60 -2.3 -2.2 44 46 73.10523789723342 0.001356924649172697
10 60 -2.3 -2.2 46 48 63.28185081183312 0.001435577792861409
10 60 -2.3 -2.2 48 50 55.03231552184581 0.001362550517463035
10 60 -2.3 -2.2 50 52 48.06529458904335 0.001265466650430369
10 60 -2.3 -2.2 52 54 42.15038593490579 0.001266518622657031
10 60 -2.3 -2.2 54 56 37.10374203700125 0.001195543997894788
10 60 -2.3 -2.2 56 58 32.77793329491522 0.001122740037047265
10 60 -2.3 -2.2 58 60 29.05383303460845 0.001103509385782075
10 60 -2.3 -2.2 60 65 59.46254816377032 0.002594823289243209
10 60 -2.3 -2.2 65 70 45.11460060303578 0.0001773941493752318
10 60 -2.3 -2.2 70 80 61.95131809034773 0.0002439215732863431
10 60 -2.3 -2.2 80 90 38.71229135246229 0.0001534175059205722
10 60 -2.3 -2.2 90 100 25.24011815518809 0.0001010279683519855
10 60 -2.2 -2.1 0 0.5 -96607.42341031786 2.219664965305128
10 60 -2.2 -2.1 0.5 1 2526.431351974009 0.01764125607178357
10 60 -2.2 -2.1 1 1.5 8682.559597519348 0.4261562411011255
10 60 -2.2 -2.1 1.5 2 7952.114869616535 0.3042994854249628
10 60 -2.2 -2.1 2 2.5 6723.300001240505 0.2219691435329878
10 60 -2.2 -2.1 2.5 3 5648.087000364372 0.1704645343970697
10 60 -2.2 -2.1 3 3.5 4778.636693328398 0.1365161736603113
10 60 -2.2 -2.1 3.5 4 4081.770889363256 0.1105550248998952
10 60 -2.2 -2.1 4 4.5 3518.959145271637 0.08857793925471924
10 60 -2.2 -2.1 4.5 5 3059.00705001457 0.07172213004150763
10 60 -2.2 -2.1 5 5.5 2678.526712826951 0.05958860437658586
10 60 -2.2 -2.1 5.5 6 2360.168262216257 0.04996552162901935
10 60 -2.2 -2.1 6 6.5 2091.073758501004 0.04147124412838821
10 60 -2.2 -2.1 6.5 7 1861.557282738809 0.03416748587142138
10 60 -2.2 -2.1 7 7.5 1664.250967248939 0.02809405155721834
10 60 -2.2 -2.1 7.5 8 1493.466541658403 0.02326294799672723
10 60 -2.2 -2.1 8 8.5 1344.744454714856 0.01939500754315304
10 60 -2.2 -2.1 8.5 9 1214.541147977862 0.01634896326891067
10 60 -2.2 -2.1 9 9.5 1100.019023599748 0.01392363170089084
10 60 -2.2 -2.1 9.5 10 998.8658724630773 0.01195958963523935
10 60 -2.2 -2.1 10 10.5 909.1812253287058 0.01026062717289733
10 60 -2.2 -2.1 10.5 11 829.3956992961796 0.008795914518827885
10 60 -2.2 -2.1 11 11.5 758.1964663818994 0.007864626082096038
10 60 -2.2 -2.1 11.5 12 694.4768984813957 0.02968867547042464
10 60 -2.2 -2.1 12 12.5 637.2998854836917 0.0226282325675129
10 60 -2.2 -2.1 12.5 13 585.8679125692588 0.01696081241277625
10 60 -2.2 -2.1 13 13.5 539.497890225909 0.01247705244679764
10 60 -2.2 -2.1 13.5 14 497.6011038596481 0.008975066954860722
10 60 -2.2 -2.1 14 14.5 459.6676368180702 0.006172664394171079
10 60 -2.2 -2.1 14.5 15 425.2552863641922 0.004078251096700569
10 60 -2.2 -2.1 15 16 759.4849827508477 0.01143639463055024
10 60 -2.2 -2.1 16 17 655.3534193162478 0.006077989027517106
10 60 -2.2 -2.1 17 18 568.3404002620489 0.01540886681550546
10 60 -2.2 -2.1 18 19 495.1919234107895 0.02081996237336625
10 60 -2.2 -2.1 19 20 433.3530695351718 0.003486805510874547
10 60 -2.2 -2.1 20 21 380.7986231212712 0.002922265671259083
10 60 -2.2 -2.1 21 22 335.913361388101 0.002576779741616519
10 60 -2.2 -2.1 22 23 297.399600821605 0.002097295604642113
10 60 -2.2 -2.1 23 24 264.2081530617423 0.001821980390161571
10 60 -2.2 -2.1 24 25 235.4845244210499 0.00187656301716288
10 60 -2.2 -2.1 25 26 210.5288782742456 0.001690236587933214
10 60 -2.2 -2.1 26 27 188.7661922811924 0.00127784322907587
10 60 -2.2 -2.1 27 28 169.7213723608741 0.001137744993371825
10 60 -2.2 -2.1 28 29 152.9989693993174 0.001288738460488048
10 60 -2.2 -2.1 29 30 138.2683014875144 0.001229197431968032
10 60 -2.2 -2.1 30 31 125.2526075046603 0.0009001002381978651
10 60 -2.2 -2.1 31 32 113.7192330885227 0.0007614733033136645
10 60 -2.2 -2.1 32 33 103.4711840794268 0.0009088142314794823
10 60 -2.2 -2.1 33 34 94.34080740811306 0.0009502528014309064
10 60 -2.2 -2.1 34 35 86.18555191597653 0.0008224050597505084
10 60 -2.2 -2.1 35 36 78.88371695381926 0.0006547945501012009
10 60 -2.2 -2.1 36 37 72.33101676694822 0.0006763653385348789
10 60 -2.2 -2.1 37 38 66.43748698796705 0.0007747472049146609
10 60 -2.2 -2.1 38 39 61.12536208647177 0.0007474542245375915
10 60 -2.2 -2.1 39 40 56.32754966519624 0.0006613706788769491
10 60 -2.2 -2.1 40 42 100.0350793761377 0.00118068957073092
10 60 -2.2 -2.1 42 44 85.69441926819273 0.001258059411711088
10 60 -2.2 -2.1 44 46 73.80392794511549 0.001136818681899854
10 60 -2.2 -2.1 46 48 63.88071682401009 0.001079182431169556
10 60 -2.2 -2.1 48 50 55.54902277034541 0.001079847544765755
10 60 -2.2 -2.1 50 52 48.51387963977454 0.0009872933435914888
10 60 -2.2 -2.1 52 54 42.54213526439545 0.0009726083094250271
10 60 -2.2 -2.1 54 56 37.44784928779771 0.0009729171789132351
10 60 -2.2 -2.1 56 58 33.08177694005372 0.0009108018697148168
10 60 -2.2 -2.1 58 60 29.32345487461347 0.0008681817571520867
10 60 -2.2 -2.1 60 65 60.01803759375017 0.002042635882958166
10 60 -2.2 -2.1 65 70 45.54409844292317 0.001883253079775216
10 60 -2.2 -2.1 70 80 62.56961106560363 0.0002450520730263861
10 60 -2.2 -2.1 80 90 39.13696369399173 0.0001541788578833803
10 60 -2.2 -2.1 90 100 25.55213376580622 0.0001016160560318724
10 60 -2.1 -2 0 0.5 -98482.16164333675 2.462268061644863
10 60 -2.1 -2 0.5 1 2349.041728212625 0.04775428904758883
10 60 -2.1 -2 1 1.5 8707.040393048574 0.3827617992046726
10 60 -2.1 -2 1.5 2 8007.852848954634 0.2982236272882801
10 60 -2.1 -2 2 2.5 6781.744561682846 0.2361448986930554
10 60 -2.1 -2 2.5 3 5702.568389055564 0.1859815651196186
10 60 -2.1 -2 3 3.5 4827.723312299333 0.1464632518991493
10 60 -2.1 -2 3.5 4 4125.532712429211 0.1169218950126378
10 60 -2.1 -2 4 4.5 3557.85485298799 0.09496826842405426
10 60 -2.1 -2 4.5 5 3093.621614508578 0.07808852612424744
10 60 -2.1 -2 5 5.5 2709.368119840204 0.06337152533205881
10 60 -2.1 -2 5.5 6 2387.731560472228 0.05083091585765942
10 60 -2.1 -2 6 6.5 2115.761900135497 0.04087066228521508
10 60 -2.1 -2 6.5 7 1883.722429411289 0.03322548206028841
10 60 -2.1 -2 7 7.5 1684.206896150555 0.02764305728237559
10 60 -2.1 -2 7.5 8 1511.468484170769 0.02319167519226539
10 60 -2.1 -2 8 8.5 1361.01589382135 0.01969676452563363
10 60 -2.1 -2 8.5 9 1229.28507536026 0.01670708168217061
10 60 -2.1 -2 9 9.5 1113.399592417083 0.01425829959293878
10 60 -2.1 -2 9.5 10 1011.02906826336 0.01215703703678628
10 60 -2.1 -2 10 10.5 920.2605077919119 0.01116056961382128
10 60 -2.1 -2 10.5 11 839.5041351355651 0.01041300844428861
10 60 -2.1 -2 11 11.5 767.4314558768626 0.009322257532289768
10 60 -2.1 -2 11.5 12 702.9264302466671 0.03012955589565536
10 60 -2.1 -2 12 12.5 645.0435081569808 0.02295630665014414
10 60 -2.1 -2 12.5 13 592.9752462680715 0.01732175916833967
10 60 -2.1 -2 13 13.5 546.0287214414155 0.01277526017224773
10 60 -2.1 -2 13.5 14 503.6086367697923 0.00909053430638096
10 60 -2.1 -2 14 14.5 465.2013385006753 0.006210619217995372
10 60 -2.1 -2 14.5 15 430.360126230089 0.004653955205924376
10 60 -2.1 -2 15 16 768.5599209149633 0.01194165268577763
10 60 -2.1 -2 16 17 663.1277565804767 0.00648591322124048
10 60 -2.1 -2 17 18 575.0316529378439 0.01561288506366054
10 60 -2.1 -2 18 19 500.9754671260083 0.02100140514806981
10 60 -2.1 -2 19 20 438.3706749911013 0.00414611038337398
10 60 -2.1 -2 20 21 385.1676579756845 0.003254656819251522
10 60 -2.1 -2 21 22 339.7320364321524 0.002792895465120182
10 60 -2.1 -2 22 23 300.748952859483 0.00270477415796222
10 60 -2.1 -2 23 24 267.1543088918389 0.002196761585310014
10 60 -2.1 -2 24 25 238.0837586791184 0.001661153357957801
10 60 -2.1 -2 25 26 212.8298473546661 0.001666106487959951
10 60 -2.1 -2 26 27 190.8092240034917 0.001758516625329776
10 60 -2.1 -2 27 28 171.5395049143993 0.001361906634969046
10 60 -2.1 -2 28 29 154.6208291561036 0.001008311858640809
10 60 -2.1 -2 29 30 139.7192854489905 0.0011505711417783
10 60 -2.1 -2 30 31 126.5539960781912 0.001182901436152406
10 60 -2.1 -2 31 32 114.8887681646572 0.0009400906799044151
10 60 -2.1 -2 32 33 104.524231502716 0.00070563137431634
10 60 -2.1 -2 33 34 95.29126869009514 0.0007680912378447147
10 60 -2.1 -2 34 35 87.04532718095066 0.0008469657841629896
10 60 -2.1 -2 35 36 79.66297237085311 0.0007386045270436625
10 60 -2.1 -2 36 37 73.03851468384548 0.0005750495781171594
10 60 -2.1 -2 37 38 67.08105012222887 0.000540940476042806
10 60 -2.1 -2 38 39 61.71207674683271 0.0006225267895771935
10 60 -2.1 -2 39 40 56.86338239154531 0.0006342512766153163
10 60 -2.1 -2 40 42 100.974420514424 0.001059348261861714
10 60 -2.1 -2 42 44 86.48560748133781 0.0009793096918855326
10 60 -2.1 -2 44 46 74.47482595866481 0.0009837542454249615
10 60 -2.1 -2 46 48 64.45306997421346 0.0008333718355117981
10 60 -2.1 -2 48 50 56.04029914567042 0.0008578014374620579
10 60 -2.1 -2 50 52 48.93801338825987 0.0008333594673430866
10 60 -2.1 -2 52 54 42.91022964908333 0.0007542550067967113
10 60 -2.1 -2 54 56 37.76904484855255 0.0007408459703768244
10 60 -2.1 -2 56 58 33.36357209556343 0.0007149740456213749
10 60 -2.1 -2 58 60 29.57194356949313 0.0006900229147035475
10 60 -2.1 -2 60 65 60.52416445510391 0.001641715388508658
10 60 -2.1 -2 65 70 45.92835330381405 0.001471231849947685
10 60 -2.1 -2 70 80 63.1084841213227 0.002600987416499834
10 60 -2.1 -2 80 90 39.49528276522501 0.0001546977510997749
10 60 -2.1 -2 90 100 25.80898755678176 0.0001020071981621129
10 60 -2 -1.9 0 0.5 -100298.2978275717 2.553024320586701
10 60 -2 -1.9 0.5 1 2177.323882422449 0.02217383943479945
10 60 -2 -1.9 1 1.5 8731.132365107944 0.4117678000166052
10 60 -2 -1.9 1.5 2 8062.185545389628 0.3137018844290651
10 60 -2 -1.9 2 2.5 6838.637983766643 0.2358287913011736
10 60 -2 -1.9 2.5 3 5755.594926275962 0.1838584078968779
10 60 -2 -1.9 3 3.5 4875.493608421571 0.1463089402031983
10 60 -2 -1.9 3.5 4 4168.117547666322 0.1173273746644554
10 60 -2 -1.9 4 4.5 3595.724211443581 0.09378326311343699
10 60 -2 -1.9 4.5 5 3127.306761506623 0.07480780727109959
10 60 -2 -1.9 5 5.5 2739.403457912627 0.05990242558436876
10 60 -2 -1.9 5.5 6 2414.572979688261 0.04906873719983196
10 60 -2 -1.9 6 6.5 2139.802854544316 0.0409317528065003
10 60 -2 -1.9 6.5 7 1905.323258305703 0.03449669701944913
10 60 -2 -1.9 7 7.5 1703.646736050885 0.02890918155890176
10 60 -2 -1.9 7.5 8 1529.010617771691 0.02417323800023041
10 60 -2 -1.9 8 8.5 1376.881690747892 0.02017463359675276
10 60 -2 -1.9 8.5 9 1243.656089590831 0.01699476547810264
10 60 -2 -1.9 9 9.5 1126.445914586493 0.01541595631647397
10 60 -2 -1.9 9.5 10 1022.896308210574 0.01445066884878088
10 60 -2 -1.9 10 10.5 931.0703047190819 0.01299855739296163
10 60 -2 -1.9 10.5 11 849.3658062527461 0.0112085172144134
10 60 -2 -1.9 11 11.5 776.4449067753267 0.01031885849442915
10 60 -2 -1.9 11.5 12 711.1780338382472 0.03070500770456874
10 60 -2 -1.9 12 12.5 652.606956168732 0.02340516498452416
10 60 -2 -1.9 12.5 13 599.9167797482801 0.01752704558407459
10 60 -2 -1.9 13 13.5 552.4096592925014 0.01294006389127844
10 60 -2 -1.9 13.5 14 509.4828879515861 0.009301209573550295
10 60 -2 -1.9 14 14.5 470.6151916263271 0.006357503628066752
10 60 -2 -1.9 14.5 15 435.3550042552376 0.005259412891803095
10 60 -2 -1.9 15 16 777.4410578261869 0.01213664388069446
10 60 -2 -1.9 16 17 670.7421684502742 0.007522469362015727
10 60 -2 -1.9 17 18 581.5885803624001 0.01576920601189613
10 60 -2 -1.9 18 19 506.6441712196231 0.02138746725898955
10 60 -2 -1.9 19 20 443.2915100235937 0.004438966983627779
10 60 -2 -1.9 20 21 389.4562252918744 0.004269857143640365
10 60 -2 -1.9 21 22 343.4810384746131 0.003432893692149719
10 60 -2 -1.9 22 23 304.0368462262757 0.002616703823775879
10 60 -2 -1.9 23 24 270.0483297488262 0.00273594708426117
10 60 -2 -1.9 24 25 240.6382296310461 0.002450724687776074
10 60 -2 -1.9 25 26 215.0899361386654 0.001639215281613815
10 60 -2 -1.9 26 27 192.8148520634027 0.001595065283680697
10 60 -2 -1.9 27 28 173.3247309158468 0.001726305551017049
10 60 -2 -1.9 28 29 156.2135719101961 0.001358488067921826
10 60 -2 -1.9 29 30 141.1433112350538 0.001001573449570969
10 60 -2 -1.9 30 31 127.8305328289978 0.001105460807195868
10 60 -2 -1.9 31 32 116.0357626128351 0.001139525644646255
10 60 -2 -1.9 32 33 105.5568839734354 0.0009066328113789268
10 60 -2 -1.9 33 34 96.22261767493731 0.0006863080749894834
10 60 -2 -1.9 34 35 87.88715653959279 0.0007224246933787981
10 60 -2 -1.9 35 36 80.42546659700248 0.0007795342554857143
10 60 -2 -1.9 36 37 73.73036458532627 0.0006726841861421917
10 60 -2 -1.9 37 38 67.70982761442147 0.0005493565569878456
10 60 -2 -1.9 38 39 62.28440647543657 0.0005003251630242289
10 60 -2 -1.9 39 40 57.38535443319876 0.0005223579634616726
10 60 -2 -1.9 40 42 101.8876559028352 0.0009704560623902125
10 60 -2 -1.9 42 44 87.25265136168728 0.0008218801972788015
10 60 -2 -1.9 44 46 75.12304553491812 0.000832978246378957
10 60 -2 -1.9 46 48 65.00407796834025 0.0007430390232059381
10 60 -2 -1.9 48 50 56.51115885174867 0.0006993208202885626
10 60 -2 -1.9 50 52 49.34254018549918 0.0006573467340018624
10 60 -2 -1.9 52 54 43.25962932253731 0.0006082109646570188
10 60 -2 -1.9 54 56 38.07234528046987 0.0006082876348685318
10 60 -2 -1.9 56 58 33.62808715722589 0.0005821369194123349
10 60 -2 -1.9 58 60 29.80368762851722 0.0005474896686692432
10 60 -2 -1.9 60 65 60.99090348903659 0.001275120629493642
10 60 -2 -1.9 65 70 46.27686987821998 0.001180040371963287
10 60 -2 -1.9 70 80 63.58453148470127 0.00206353021766148
10 60 -2 -1.9 80 90 39.80034427315136 0.001719243414562754
10 60 -2 -1.9 90 100 26.02109298932196 0.0001022350200550193
10 60 -1.9 -1.8 0 0.5 -102052.797454448 2.802852043882012
10 60 -1.9 -1.8 0.5 1 2012.012021235678 0.01543640434056215
10 60 -1.9 -1.8 1 1.5 8754.898312140947 0.4302723075670656
10 60 -1.9 -1.8 1.5 2 8115.071953767341 0.317988116478773
10 60 -1.9 -1.8 2 2.5 6893.942430029107 0.2396239334357233
10 60 -1.9 -1.8 2.5 3 5807.095104188959 0.1856838049343423
10 60 -1.9 -1.8 3 3.5 4921.888800365142 0.1458519079988037
10 60 -1.9 -1.8 3.5 4 4209.451941422865 0.1146481396190211
10 60 -1.9 -1.8 4 4.5 3632.476698942997 0.09229367139050737
10 60 -1.9 -1.8 4.5 5 3159.999163337936 0.07565677672300808
10 60 -1.9 -1.8 5 5.5 2768.551932646778 0.06306151203716581
10 60 -1.9 -1.8 5.5 6 2440.612762836849 0.05251550539105665
10 60 -1.9 -1.8 6 6.5 2163.143205704809 0.04330533706843198
10 60 -1.9 -1.8 6.5 7 1926.278222697727 0.03547791864616556
10 60 -1.9 -1.8 7 7.5 1722.520522118915 0.02898000599770967
10 60 -1.9 -1.8 7.5 8 1546.041624498716 0.02394865248061251
10 60 -1.9 -1.8 8 8.5 1392.280258221352 0.02081838049116413
10 60 -1.9 -1.8 8.5 9 1257.613834537681 0.01949380506221132
10 60 -1.9 -1.8 9 9.5 1139.118993537065 0.01769679267249558
10 60 -1.9 -1.8 9.5 10 1034.421008312399 0.0153399040457316
10 60 -1.9 -1.8 10 10.5 941.571991938745 0.01416971563310199
10 60 -1.9 -1.8 10.5 11 858.9527445722987 0.01328620821914228
10 60 -1.9 -1.8 11 11.5 785.2083509517888 0.01159613895390521
10 60 -1.9 -1.8 11.5 12 719.2003097833061 0.03106043821435378
10 60 -1.9 -1.8 12 12.5 659.9631490640943 0.02375610944568507
10 60 -1.9 -1.8 12.5 13 606.671908545638 0.01783897043549132
10 60 -1.9 -1.8 13 13.5 558.6206455543971 0.01317451607383191
10 60 -1.9 -1.8 13.5 14 515.2010015899898 0.009401117238667211
10 60 -1.9 -1.8 14 14.5 475.8868903459538 0.006708147723600177
10 60 -1.9 -1.8 14.5 15 440.221301027748 0.005916893872779383
10 60 -1.9 -1.8 15 16 786.1009222448361 0.01247742082023251
10 60 -1.9 -1.8 16 17 678.1718757956108 0.009133736160038097
10 60 -1.9 -1.8 17 18 587.9887731825061 0.01609202002885013
10 60 -1.9 -1.8 18 19 512.1826160967778 0.02147993445805696
10 60 -1.9 -1.8 19 20 448.1013221299677 0.005438218624476576
10 60 -1.9 -1.8 20 21 393.6476763065239 0.004159114861238322
10 60 -1.9 -1.8 21 22 347.1483786329476 0.004272467589942153
10 60 -1.9 -1.8 22 23 307.2552011621236 0.003539007568576835
10 60 -1.9 -1.8 23 24 272.8802760025449 0.002546872410789547
10 60 -1.9 -1.8 24 25 243.1388885839823 0.002741419248621924
10 60 -1.9 -1.8 25 26 217.3043958710223 0.002451872878850736
10 60 -1.9 -1.8 26 27 194.7801829684961 0.001745164671717703
10 60 -1.9 -1.8 27 28 175.0735069152239 0.001619365296505748
10 60 -1.9 -1.8 28 29 157.7739718779557 0.001701536970159623
10 60 -1.9 -1.8 29 30 142.5386937385242 0.001362960306380501
10 60 -1.9 -1.8 30 31 129.0807639567231 0.001012444984610283
10 60 -1.9 -1.8 31 32 117.1587627126464 0.001060919969589236
10 60 -1.9 -1.8 32 33 106.5678857828175 0.001089897625746516
10 60 -1.9 -1.8 33 34 97.13453611285088 0.0008974874529457111
10 60 -1.9 -1.8 34 35 88.71102272487406 0.0007230868684189318
10 60 -1.9 -1.8 35 36 81.17122138395676 0.0007096873055019159
10 60 -1.9 -1.8 36 37 74.40672787389792 0.0007063543324221655
10 60 -1.9 -1.8 37 38 68.32431635273304 0.0006199494456353705
10 60 -1.9 -1.8 38 39 62.84358809105223 0.0005303242420566789
10 60 -1.9 -1.8 39 40 57.89496186956746 0.000492201470336795
10 60 -1.9 -1.8 40 42 102.7781119719937 0.0009740603000523151
10 60 -1.9 -1.8 42 44 87.99883245419241 0.0007755408918228568
10 60 -1.9 -1.8 44 46 75.75186487760884 0.000707424881653651
10 60 -1.9 -1.8 46 48 65.53698805598141 0.0006618084242546729
10 60 -1.9 -1.8 48 50 56.9651285070128 0.0005865991221725153
10 60 -1.9 -1.8 50 52 49.73121873462684 0.0005668726760106324
10 60 -1.9 -1.8 52 54 43.59396141749004 0.0005487960524206414
10 60 -1.9 -1.8 54 56 38.36114895645115 0.0004861256334365294
10 60 -1.9 -1.8 56 58 33.87870891066807 0.0004477313061954646
10 60 -1.9 -1.8 58 60 30.02217476415586 0.0004547725447068274
10 60 -1.9 -1.8 60 65 61.42664799104271 0.001027752242720226
10 60 -1.9 -1.8 65 70 46.59698053601777 0.0009253896038146081
10 60 -1.9 -1.8 70 80 64.01094969651066 0.001604991486274798
10 60 -1.9 -1.8 80 90 40.06374383120298 0.001351582347325575
10 60 -1.9 -1.8 90 100 26.1974579282983 0.001156240726068347
10 60 -1.8 -1.7 0 0.5 -103740.1491445381 3.030978091366705
10 60 -1.8 -1.7 0.5 1 1854.472762812555 0.05529817537671988
10 60 -1.8 -1.7 1 1.5 8778.622756545683 0.3642316002988082
10 60 -1.8 -1.7 1.5 2 8166.557241723556 0.2860201293915452
10 60 -1.8 -1.7 2 2.5 6947.586873963904 0.2284484850042645
10 60 -1.8 -1.7 2.5 3 5856.978201172109 0.1843543670156578
10 60 -1.8 -1.7 3 3.5 4966.777159956944 0.1486449998819808
10 60 -1.8 -1.7 3.5 4 4249.450433911685 0.1207431012480811
10 60 -1.8 -1.7 4 4.5 3668.009365501858 0.09922419615850231
10 60 -1.8 -1.7 4.5 5 3191.614807092973 0.08092327580470737
10 60 -1.8 -1.7 5 5.5 2796.721046318583 0.06533473318768301
10 60 -1.8 -1.7 5.5 6 2465.792163974176 0.05264231114597351
10 60 -1.8 -1.7 6 6.5 2185.693129807794 0.04231405338805416
10 60 -1.8 -1.7 6.5 7 1946.540533040817 0.03445991576404595
10 60 -1.8 -1.7 7 7.5 1740.759734379942 0.02863429812987306
10 60 -1.8 -1.7 7.5 8 1562.503012334455 0.02572695305411798
10 60 -1.8 -1.7 8 8.5 1407.172076893665 0.02362253263572711
10 60 -1.8 -1.7 8.5 9 1271.108334473796 0.02072780554976816
10 60 -1.8 -1.7 9 9.5 1151.372506032495 0.0188638482479746
10 60 -1.8 -1.7 9.5 10 1045.570790867301 0.01750744055993891
10 60 -1.8 -1.7 10 10.5 951.7334682223117 0.01523656255062633
10 60 -1.8 -1.7 10.5 11 868.2288576269417 0.014040936613128
10 60 -1.8 -1.7 11 11.5 793.6910480784727 0.01306019961100446
10 60 -1.8 -1.7 11.5 12 726.9693365141355 0.03153240902827292
10 60 -1.8 -1.7 12 12.5 667.0890218974175 0.02410210774496591
10 60 -1.8 -1.7 12.5 13 613.2173661629141 0.01817310897331481
10 60 -1.8 -1.7 13 13.5 564.6406730929543 0.01331534538542201
10 60 -1.8 -1.7 13.5 14 520.7456582671513 0.009546808026925646
10 60 -1.8 -1.7 14 14.5 481.0007313622824 0.007355557454445716
10 60 -1.8 -1.7 14.5 15 444.9435577600997 0.007048492649460059
10 60 -1.8 -1.7 15 16 794.5049650414901 0.01253137999049159
10 60 -1.8 -1.7 16 17 685.3880488811039 0.009908215018185729
10 60 -1.8 -1.7 17 18 594.2126709681962 0.01596246487395092
10 60 -1.8 -1.7 18 19 517.56883098384 0.02191605192547286
10 60 -1.8 -1.7 19 20 452.7828190381899 0.006531663301359458
10 60 -1.8 -1.7 20 21 397.7303488563793 0.005303888942705726
10 60 -1.8 -1.7 21 22 350.7197105576747 0.004054446806605938
10 60 -1.8 -1.7 22 23 310.3913935614239 0.004265436661569311
10 60 -1.8 -1.7 23 24 275.6423511372112 0.003396593677109649
10 60 -1.8 -1.7 24 25 245.5775747321924 0.002605096048114319
10 60 -1.8 -1.7 25 26 219.4646077425424 0.002756583907711274
10 60 -1.8 -1.7 26 27 196.6987863456851 0.00237405239008126
10 60 -1.8 -1.7 27 28 176.7812701390473 0.001773936293147926
10 60 -1.8 -1.7 28 29 159.2978493037602 0.001729203562462089
10 60 -1.8 -1.7 29 30 143.9018379936012 0.001681434787002445
10 60 -1.8 -1.7 30 31 130.3026839898153 0.001322037580450797
10 60 -1.8 -1.7 31 32 118.2560738758043 0.001106624131665512
10 60 -1.8 -1.7 32 33 107.555448284293 0.001101414812097801
10 60 -1.8 -1.7 33 34 98.02512061004462 0.0009951917782444752
10 60 -1.8 -1.7 34 35 89.51573698094752 0.0008190887915304756
10 60 -1.8 -1.7 35 36 81.8996094665177 0.0007394799889937076
10 60 -1.8 -1.7 36 37 75.06721866512592 0.0007402757381811398
10 60 -1.8 -1.7 37 38 68.92421117757681 0.0006939750814609624
10 60 -1.8 -1.7 38 39 63.38928987159006 0.0005934753453971098
10 60 -1.8 -1.7 39 40 58.39210320593913 0.0005145271092601433
10 60 -1.8 -1.7 40 42 103.6461723910938 0.0009822062146156441
10 60 -1.8 -1.7 42 44 88.72558063052303 0.0008341074369440094
10 60 -1.8 -1.7 44 46 76.36341833237539 0.0007146463962186544
10 60 -1.8 -1.7 46 48 66.05412342584965 0.0006284205487077088
10 60 -1.8 -1.7 48 50 57.40452658703909 0.0005623124484515074
10 60 -1.8 -1.7 50 52 50.1062415648879 0.0004982749087290017
10 60 -1.8 -1.7 52 54 43.91547539695674 0.0004564337692869458
10 60 -1.8 -1.7 54 56 38.63802886809009 0.0004280772316249681
10 60 -1.8 -1.7 56 58 34.11810385735253 0.0004065279139595646
10 60 -1.8 -1.7 58 60 30.2299135454112 0.0003680605992144592
10 60 -1.8 -1.7 60 65 61.83762535303033 0.0008352135089992885
10 60 -1.8 -1.7 65 70 46.89469679752899 0.0007146293719273444
10 60 -1.8 -1.7 70 80 64.39865549622102 0.00124607062203097
10 60 -1.8 -1.7 80 90 40.29459053556322 0.00104176597104555
10 60 -1.8 -1.7 90 100 26.34588028750256 0.000901336298916533
10 60 -1.7 -1.6 0 0.5 -105354.5454648758 3.293298738135491
10 60 -1.7 -1.6 0.5 1 1704.970901456795 0.01449307141751888
10 60 -1.7 -1.6 1 1.5 8802.412340195375 0.2148921577809233
10 60 -1.7 -1.6 1.5 2 8216.493400744865 0.3601946284870792
10 60 -1.7 -1.6 2 2.5 6999.402383037301 0.2701686511600201
10 60 -1.7 -1.6 2.5 3 5905.094646941671 0.2013635868270285
10 60 -1.7 -1.6 3 3.5 5010.047128316361 0.1545284464664292
10 60 -1.7 -1.6 3.5 4 4287.967188565637 0.1214763178222711
10 60 -1.7 -1.6 4 4.5 3702.23771768819 0.09596576779767929
10 60 -1.7 -1.6 4.5 5 3222.043031323077 0.07660415789405306
10 60 -1.7 -1.6 5 5.5 2823.842050433701 0.06166540474669091
10 60 -1.7 -1.6 5.5 6 2490.017782946507 0.05066410799281584
10 60 -1.7 -1.6 6 6.5 2207.40016475971 0.04202396166192557
10 60 -1.7 -1.6 6.5 7 1966.032131948335 0.03511798556701251
10 60 -1.7 -1.6 7 7.5 1758.31418352739 0.03143654341124602
10 60 -1.7 -1.6 7.5 8 1578.346703037671 0.02759085777483961
10 60 -1.7 -1.6 8 8.5 1421.502955102507 0.02487445495717111
10 60 -1.7 -1.6 8.5 9 1284.099725688902 0.02312566675004746
10 60 -1.7 -1.6 9 9.5 1163.172232978216 0.01989242564104643
10 60 -1.7 -1.6 9.5 10 1056.308838492548 0.01871303875282138
10 60 -1.7 -1.6 10 10.5 961.5223249621223 0.01698460423426695
10 60 -1.7 -1.6 10.5 11 877.1672437145821 0.01469111125413747
10 60 -1.7 -1.6 11 11.5 801.8674067054405 0.01400656972145953
10 60 -1.7 -1.6 11.5 12 734.4598612113814 0.03204527901755228
10 60 -1.7 -1.6 12 12.5 673.960312401098 0.02434499499895537
10 60 -1.7 -1.6 12.5 13 619.5311603596639 0.01834602743826963
10 60 -1.7 -1.6 13 13.5 570.4514204815631 0.01364401255671055
10 60 -1.7 -1.6 13.5 14 526.0989044075736 0.009744551156813941
10 60 -1.7 -1.6 14 14.5 485.9377825917442 0.007715833491374724
10 60 -1.7 -1.6 14.5 15 449.5033727810372 0.007007589359034228
10 60 -1.7 -1.6 15 16 802.6284624183764 0.01383861607666859
10 60 -1.7 -1.6 16 17 692.3642188051665 0.01047184314165861
10 60 -1.7 -1.6 17 18 600.2315010449468 0.0160696997326113
10 60 -1.7 -1.6 18 19 522.7838598145426 0.02190868365892129
10 60 -1.7 -1.6 19 20 457.3159088379313 0.006399283477094286
10 60 -1.7 -1.6 20 21 401.6871318322723 0.00642740659577612
10 60 -1.7 -1.6 21 22 354.1840854464143 0.004942672531967673
10 60 -1.7 -1.6 22 23 313.4335276576656 0.004151703105037541
10 60 -1.7 -1.6 23 24 278.3232982514035 0.004153703486224458
10 60 -1.7 -1.6 24 25 247.9465776203945 0.003228426135706286
10 60 -1.7 -1.6 25 26 221.5630811733085 0.002713764997849921
10 60 -1.7 -1.6 26 27 198.5632409326005 0.002722086560680737
10 60 -1.7 -1.6 27 28 178.441882642419 0.002237345258862433
10 60 -1.7 -1.6 28 29 160.7800640001128 0.001843918403210409
10 60 -1.7 -1.6 29 30 145.228039094764 0.00180244737208568
10 60 -1.7 -1.6 30 31 131.4919323980121 0.001608856175607798
10 60 -1.7 -1.6 31 32 119.3246635077272 0.001323088717896326
10 60 -1.7 -1.6 32 33 108.5173894892205 0.001182809974721977
10 60 -1.7 -1.6 33 34 98.89279952799446 0.001135785956776658
10 60 -1.7 -1.6 34 35 90.29974736725325 0.001014220605611627
10 60 -1.7 -1.6 35 36 82.60916555286236 0.0008526524464969043
10 60 -1.7 -1.6 36 37 75.71043953481234 0.0007617601407332586
10 60 -1.7 -1.6 37 38 69.50832302454623 0.0007206439251632446
10 60 -1.7 -1.6 38 39 63.92059531467047 0.0006655744957697607
10 60 -1.7 -1.6 39 40 58.87609203864373 0.0005985149580567395
10 60 -1.7 -1.6 40 42 104.4909041258522 0.001040722216060885
10 60 -1.7 -1.6 42 44 89.43226317105517 0.0008871322439603091
10 60 -1.7 -1.6 44 46 76.95763859191298 0.0007777140634885882
10 60 -1.7 -1.6 46 48 66.55607733494722 0.0006397427441982018
10 60 -1.7 -1.6 48 50 57.83041971270805 0.0005744326712431302
10 60 -1.7 -1.6 50 52 50.46909173987819 0.0004851225121313973
10 60 -1.7 -1.6 52 54 44.22586611810119 0.0004233952301149202
10 60 -1.7 -1.6 54 56 38.90458321242151 0.0003830371938491339
10 60 -1.7 -1.6 56 58 34.34788303210308 0.0003599164175298597
10 60 -1.7 -1.6 58 60 30.42871497632616 0.0003261205193574312
10 60 -1.7 -1.6 60 65 62.2284376445708 0.0006781566639233461
10 60 -1.7 -1.6 65 70 47.17495421727322 0.0005853040024632605
10 60 -1.7 -1.6 70 80 64.75633786538847 0.0009536629727904256
10 60 -1.7 -1.6 80 90 40.50018892908621 0.0008180403888289334
10 60 -1.7 -1.6 90 100 26.47252960485689 0.0007040622013043674
10 60 -1.6 -1.5 0 0.5 -106891.1674810491 3.253259567543864
10 60 -1.6 -1.5 0.5 1 1564.131161498242 0.001965069484867854
10 60 -1.6 -1.5 1 1.5 8826.039945925579 0.3578670340921235
10 60 -1.6 -1.5 1.5 2 8264.796429920751 0.282201635374804
10 60 -1.6 -1.5 2 2.5 7049.283513016181 0.215615079768213
10 60 -1.6 -1.5 2.5 3 5951.29769102322 0.1753554727756637
10 60 -1.6 -1.5 3 3.5 5051.538862089211 0.1457805340387495
10 60 -1.6 -1.5 3.5 4 4324.889598710045 0.1192450623457262
10 60 -1.6 -1.5 4 4.5 3735.019681718452 0.09695180012840865
10 60 -1.6 -1.5 4.5 5 3251.192304993988 0.07953606544060676
10 60 -1.6 -1.5 5 5.5 2849.814272595705 0.0653995334296269
10 60 -1.6 -1.5 5.5 6 2513.223030325128 0.0539536161295473
10 60 -1.6 -1.5 6 6.5 2228.186793106166 0.0442139199817575
10 60 -1.6 -1.5 6.5 7 1984.705353684634 0.03703289155259881
10 60 -1.6 -1.5 7 7.5 1775.127353931721 0.03160493830114319
10 60 -1.6 -1.5 7.5 8 1593.525619844424 0.03037461751182491
10 60 -1.6 -1.5 8 8.5 1435.232909093078 0.02565462067354929
10 60 -1.6 -1.5 8.5 9 1296.549738823697 0.02397195639059646
10 60 -1.6 -1.5 9 9.5 1174.483463294329 0.0221877340395622
10 60 -1.6 -1.5 9.5 10 1066.602335676958 0.0188434803801556
10 60 -1.6 -1.5 10 10.5 970.9103327594995 0.0182273365949186
10 60 -1.6 -1.5 10.5 11 885.7424433541553 0.01678994019437141
10 60 -1.6 -1.5 11 11.5 809.710508660461 0.01415812375000769
10 60 -1.6 -1.5 11.5 12 741.6475448624652 0.03237162861546494
10 60 -1.6 -1.5 12 12.5 680.5584203228231 0.0248845020241788
10 60 -1.6 -1.5 12.5 13 625.5935052238445 0.01860336732931955
10 60 -1.6 -1.5 13 13.5 576.0289628919636 0.01365604688237454
10 60 -1.6 -1.5 13.5 14 531.2400345173183 0.009873132593384071
10 60 -1.6 -1.5 14 14.5 490.6830406876659 0.00951347874035946
10 60 -1.6 -1.5 14.5 15 453.8867159627034 0.008060120687218841
10 60 -1.6 -1.5 15 16 810.4356473011752 0.01358802597565045
10 60 -1.6 -1.5 16 17 699.0769550138741 0.01304802894628665
10 60 -1.6 -1.5 17 18 606.0230750110539 0.01657975546072521
10 60 -1.6 -1.5 18 19 527.8037785090107 0.02204961651466419
10 60 -1.6 -1.5 19 20 461.683736150379 0.007475299261443524
10 60 -1.6 -1.5 20 21 405.5004623332487 0.006498567346113759
10 60 -1.6 -1.5 21 22 357.5261031349758 0.006160538214999178
10 60 -1.6 -1.5 22 23 316.3705717795741 0.004701301323279949
10 60 -1.6 -1.5 23 24 280.9120428393221 0.004331948634273886
10 60 -1.6 -1.5 24 25 250.2355456301798 0.003924591061775118
10 60 -1.6 -1.5 25 26 223.5922409239215 0.003144262703386858
10 60 -1.6 -1.5 26 27 200.3665669327151 0.002919483799331601
10 60 -1.6 -1.5 27 28 180.0486535872346 0.00262660012722904
10 60 -1.6 -1.5 28 29 162.2150116191487 0.002141392009178844
10 60 -1.6 -1.5 29 30 146.5123251835042 0.001934136769733641
10 60 -1.6 -1.5 30 31 132.6440091534533 0.001818832268924098
10 60 -1.6 -1.5 31 32 120.360225680608 0.001578188905142497
10 60 -1.6 -1.5 32 33 109.4499513423794 0.001360391811104478
10 60 -1.6 -1.5 33 34 99.73414870257662 0.001254327147293566
10 60 -1.6 -1.5 34 35 91.06017487121755 0.001148031747831624
10 60 -1.6 -1.5 35 36 83.29761359090756 0.0009958738388604615
10 60 -1.6 -1.5 36 37 76.33469816071764 0.000885805509156512
10 60 -1.6 -1.5 37 38 70.0752381246144 0.000813885077477039
10 60 -1.6 -1.5 38 39 64.43619017706374 0.0007358772549821424
10 60 -1.6 -1.5 39 40 59.34570420158765 0.000663294111184598
10 60 -1.6 -1.5 40 42 105.3104236897724 0.001149247491298411
10 60 -1.6 -1.5 42 44 90.1175554418752 0.0009580840122396239
10 60 -1.6 -1.5 44 46 77.53351268901291 0.0008100736043843426
10 60 -1.6 -1.5 46 48 67.04230150632878 0.0006790429149532429
10 60 -1.6 -1.5 48 50 58.24273808282599 0.0005891371736979067
10 60 -1.6 -1.5 50 52 50.82016393655206 0.0005105770494893136
10 60 -1.6 -1.5 52 54 44.52586914053921 0.0004650277091755584
10 60 -1.6 -1.5 54 56 39.16177667624265 0.0003693117553851266
10 60 -1.6 -1.5 56 58 34.56914452203149 0.0002999106165901821
10 60 -1.6 -1.5 58 60 30.61977164553394 0.0002870125544269797
10 60 -1.6 -1.5 60 65 62.60263512154729 0.0006090305160029175
10 60 -1.6 -1.5 65 70 47.44113970565949 0.0004904728196564179
10 60 -1.6 -1.5 70 80 65.09075561032864 0.0007841626892997056
10 60 -1.6 -1.5 80 90 40.68607967233491 0.0006314391222872473
10 60 -1.6 -1.5 90 100 26.58219912367646 0.0005445751663160081
10 60 -1.5 -1.4 0 0.5 -108349.0705615023 3.46913497618516
10 60 -1.5 -1.4 0.5 1 1431.665611708226 0.06504108904209716
10 60 -1.5 -1.4 1 1.5 8849.194389462084 0.02420208114017441
10 60 -1.5 -1.4 1.5 2 8311.158557490624 0.3495000821658323
10 60 -1.5 -1.4 2 2.5 7097.004510605308 0.2732596475716491
10 60 -1.5 -1.4 2.5 3 5995.458260641974 0.2087155876397446
10 60 -1.5 -1.4 3 3.5 5091.166498445497 0.1595122412818455
10 60 -1.5 -1.4 3.5 4 4360.105557022106 0.1244598206922092
10 60 -1.5 -1.4 4 4.5 3766.290907582827 0.09978452702443974
10 60 -1.5 -1.4 4.5 5 3278.979161945954 0.08106337673189046
10 60 -1.5 -1.4 5 5.5 2874.568685860322 0.06572806373242202
10 60 -1.5 -1.4 5.5 6 2535.340614021467 0.053483663991301
10 60 -1.5 -1.4 6 6.5 2247.999216194082 0.04345805435923467
10 60 -1.5 -1.4 6.5 7 2002.505384476905 0.03788230666918935
10 60 -1.5 -1.4 7 7.5 1791.159862975202 0.03504234905039993
10 60 -1.5 -1.4 7.5 8 1607.996167753722 0.02977969920902979
10 60 -1.5 -1.4 8 8.5 1448.332393349682 0.0295176450163126
10 60 -1.5 -1.4 8.5 9 1308.42361663814 0.0243678910228482
10 60 -1.5 -1.4 9 9.5 1185.273799579541 0.02301966286131574
10 60 -1.5 -1.4 9.5 10 1076.427089723549 0.02187739001192313
10 60 -1.5 -1.4 10 10.5 979.8662547634694 0.01803769321293203
10 60 -1.5 -1.4 10.5 11 893.9257071580607 0.01725431563227176
10 60 -1.5 -1.4 11 11.5 817.2013380220528 0.01690260331872651
10 60 -1.5 -1.4 11.5 12 748.5102434812227 0.03271859861229132
10 60 -1.5 -1.4 12 12.5 686.8559622971727 0.02491049738023321
10 60 -1.5 -1.4 12.5 13 631.3843480570259 0.0189835361452424
10 60 -1.5 -1.4 13 13.5 581.3591618604125 0.01394834342215745
10 60 -1.5 -1.4 13.5 14 536.1507372229203 0.009920569753830932
10 60 -1.5 -1.4 14 14.5 495.2149182455283 0.009313299009875209
10 60 -1.5 -1.4 14.5 15 458.0758294731455 0.009433632053287511
10 60 -1.5 -1.4 15 16 817.9002996376831 0.01523645786244288
10 60 -1.5 -1.4 16 17 705.4942756063431 0.01348834841360258
10 60 -1.5 -1.4 17 18 611.5666086561851 0.01632846454754144
10 60 -1.5 -1.4 18 19 532.6094531139908 0.02244517901169729
10 60 -1.5 -1.4 19 20 465.8675437530745 0.00885941427503667
10 60 -1.5 -1.4 20 21 409.154617973709 0.006860934724727485
10 60 -1.5 -1.4 21 22 360.7292299045986 0.006502575275760591
10 60 -1.5 -1.4 22 23 319.1881742962006 0.0055594668619392
10 60 -1.5 -1.4 23 24 283.3974023068918 0.004699569549927674
10 60 -1.5 -1.4 24 25 252.4341383342753 0.004377629214701528
10 60 -1.5 -1.4 25 26 225.5422919691887 0.003607204816546528
10 60 -1.5 -1.4 26 27 202.1005487426432 0.003122373715257254
10 60 -1.5 -1.4 27 28 181.5945957553992 0.002939161480583152
10 60 -1.5 -1.4 28 29 163.5964888492361 0.002564209722550004
10 60 -1.5 -1.4 29 30 147.7493139683385 0.002197082818469198
10 60 -1.5 -1.4 30 31 133.7538957468964 0.001967945695980688
10 60 -1.5 -1.4 31 32 121.358146841659 0.00176587032328257
10 60 -1.5 -1.4 32 33 110.3489447482862 0.001563060963135854
10 60 -1.5 -1.4 33 34 100.545468191129 0.001390461560902168
10 60 -1.5 -1.4 34 35 91.79368984050365 0.001251604116305316
10 60 -1.5 -1.4 35 36 83.96195197583772 0.001137766678581897
10 60 -1.5 -1.4 36 37 76.93733227013921 0.001043439419106562
10 60 -1.5 -1.4 37 38 70.62267351393184 0.0009371933919766207
10 60 -1.5 -1.4 38 39 64.93418034515788 0.0008187812055524546
10 60 -1.5 -1.4 39 40 59.79934849438341 0.0007340213312474475
10 60 -1.5 -1.4 40 42 106.1022303132229 0.001300952641742015
10 60 -1.5 -1.4 42 44 90.77974647927333 0.001051402581325078
10 60 -1.5 -1.4 44 46 78.08999413569923 0.0008617867381417454
10 60 -1.5 -1.4 46 48 67.51206563193223 0.0007624844256781671
10 60 -1.5 -1.4 48 50 58.64086349496573 0.0006310808604581553
10 60 -1.5 -1.4 50 52 51.15890066954842 0.000490300116119613
10 60 -1.5 -1.4 52 54 44.81526128018073 0.0004401661773201226
10 60 -1.5 -1.4 54 56 39.40996200036686 0.0003977339165857074
10 60 -1.5 -1.4 56 58 34.7826391230555 0.0003425775589249724
10 60 -1.5 -1.4 58 60 30.8039107670581 0.0002891557223527741
10 60 -1.5 -1.4 60 65 62.96221562070201 0.0005573697545173673
10 60 -1.5 -1.4 65 70 47.69552431553468 0.0004439662394517541
10 60 -1.5 -1.4 70 80 65.40620014361416 0.0006753395911545113
10 60 -1.5 -1.4 80 90 40.85665217657878 0.0005166395652835831
10 60 -1.5 -1.4 90 100 26.67877781598083 0.0004062381138822957
10 60 -1.4 -1.3 0 0.5 -109723.6629044077 3.686636217214982
10 60 -1.4 -1.3 0.5 1 1307.613139917917 0.007896634478584019
10 60 -1.4 -1.3 1 1.5 8871.70831934287 0.4091966337309714
10 60 -1.4 -1.3 1.5 2 8355.261177684846 0.3191579391968844
10 60 -1.4 -1.3 2 2.5 7142.29191051135 0.2368620470524547
10 60 -1.4 -1.3 2.5 3 6037.321174025626 0.1837728382124624
10 60 -1.4 -1.3 3 3.5 5128.733677225641 0.1494585614127573
10 60 -1.4 -1.3 3.5 4 4393.524991809936 0.1226004166574057
10 60 -1.4 -1.3 4 4.5 3795.937033333843 0.09970678100353325
10 60 -1.4 -1.3 4.5 5 3305.334966024029 0.08066863241037936
10 60 -1.4 -1.3 5 5.5 2898.053134756328 0.06533472942464869
10 60 -1.4 -1.3 5.5 6 2556.31373644831 0.05328337062974242
10 60 -1.4 -1.3 6 6.5 2266.797543090169 0.04644066134551394
10 60 -1.4 -1.3 6.5 7 2019.387116389602 0.03912430939658407
10 60 -1.4 -1.3 7 7.5 1806.366454944307 0.03648490400405535
10 60 -1.4 -1.3 7.5 8 1621.727319464015 0.03301388474642408
10 60 -1.4 -1.3 8 8.5 1460.753243557364 0.02812196741842854
10 60 -1.4 -1.3 8.5 9 1319.694205369734 0.02853567450279115
10 60 -1.4 -1.3 9 9.5 1195.509838979207 0.02340634529946328
10 60 -1.4 -1.3 9.5 10 1085.74613609012 0.02191937039447112
10 60 -1.4 -1.3 10 10.5 988.370041064822 0.02161292260564096
10 60 -1.4 -1.3 10.5 11 901.6914512849143 0.01762499019184816
10 60 -1.4 -1.3 11 11.5 824.3069478145494 0.01668648389886584
10 60 -1.4 -1.3 11.5 12 755.0256479324891 0.03331840986106727
10 60 -1.4 -1.3 12 12.5 692.8354186051388 0.02532411792026323
10 60 -1.4 -1.3 12.5 13 636.8791057184593 0.01892849716318779
10 60 -1.4 -1.3 13 13.5 586.4192760171244 0.01420716225709384
10 60 -1.4 -1.3 13.5 14 540.8159287488253 0.01146275198630065
10 60 -1.4 -1.3 14 14.5 499.5194317888012 0.00953002660509128
10 60 -1.4 -1.3 14.5 15 462.053115571828 0.009092913748247611
10 60 -1.4 -1.3 15 16 824.9919256218794 0.01736962086999938
10 60 -1.4 -1.3 16 17 711.5930359420611 0.01350194784026826
10 60 -1.4 -1.3 17 18 616.8368931605347 0.01637195971295569
10 60 -1.4 -1.3 18 19 537.181418770218 0.0225696954940986
10 60 -1.4 -1.3 19 20 469.8488804236069 0.00938532986390328
10 60 -1.4 -1.3 20 21 412.6348137665285 0.007805508190358523
10 60 -1.4 -1.3 21 22 363.780905644279 0.006801997931802362
10 60 -1.4 -1.3 22 23 321.8731090333503 0.006120288262422946
10 60 -1.4 -1.3 23 24 285.7669344590265 0.005055937532915777
10 60 -1.4 -1.3 24 25 254.5316675524113 0.004639670365293114
10 60 -1.4 -1.3 25 26 227.404351968441 0.004166404317771821
10 60 -1.4 -1.3 26 27 203.757361566987 0.003556272083557133
10 60 -1.4 -1.3 27 28 183.0720550365792 0.003123945854383692
10 60 -1.4 -1.3 28 29 164.9172067069168 0.002763235800955499
10 60 -1.4 -1.3 29 30 148.9326761356785 0.002470960152976431
10 60 -1.4 -1.3 30 31 134.8163820963944 0.002212305863821484
10 60 -1.4 -1.3 31 32 122.3139520600384 0.001975416849049338
10 60 -1.4 -1.3 32 33 111.2103798824715 0.001764786315021638
10 60 -1.4 -1.3 33 34 101.3231924184471 0.001567968729460745
10 60 -1.4 -1.3 34 35 92.49701427140992 0.001394160298744396
10 60 -1.4 -1.3 35 36 84.59902510155122 0.001244158642791149
10 60 -1.4 -1.3 36 37 77.51532760312058 0.00111948389391614
10 60 -1.4 -1.3 37 38 71.14792828861071 0.001018531294207037
10 60 -1.4 -1.3 38 39 65.4122368724789 0.0009201539531034086
10 60 -1.4 -1.3 39 40 60.23506352867584 0.0008375247316010359
10 60 -1.4 -1.3 40 42 106.8631713372179 0.001436116099981177
10 60 -1.4 -1.3 42 44 91.41655653895131 0.001208449172551695
10 60 -1.4 -1.3 44 46 78.62529247957644 0.0009839187638647218
10 60 -1.4 -1.3 46 48 67.96396126474512 0.0007587593308642226
10 60 -1.4 -1.3 48 50 59.02410720211045 0.0006683188514031713
10 60 -1.4 -1.3 50 52 51.48520963131705 0.0005795621175295196
10 60 -1.4 -1.3 52 54 45.09397332088914 0.0004704345637662755
10 60 -1.4 -1.3 54 56 39.64881110114459 0.0003889400771157625
10 60 -1.4 -1.3 56 58 34.98804666475607 0.0003448956476077569
10 60 -1.4 -1.3 58 60 30.98110131963806 0.0002983229473940696
10 60 -1.4 -1.3 60 65 63.30803318927146 0.0006228258927762909
10 60 -1.4 -1.3 65 70 47.93919126442643 0.0004426899217335745
10 60 -1.4 -1.3 70 80 65.7052892883369 0.00062631981091954
10 60 -1.4 -1.3 80 90 41.0148572534529 0.0004155456959580306
10 60 -1.4 -1.3 90 100 26.76547315103178 0.0003108179155972834
10 60 -1.3 -1.2 0 0.5 -111010.7182465972 3.648466418206226
10 60 -1.3 -1.2 0.5 1 1192.70180222077 0.008712159692549903
10 60 -1.3 -1.2 1 1.5 8893.663957029368 0.430350889062538
10 60 -1.3 -1.2 1.5 2 8397.19046721367 0.320164854896575
10 60 -1.3 -1.2 2 2.5 7185.170152936927 0.254269959668818
10 60 -1.3 -1.2 2.5 3 6076.88102668105 0.2041525119475409
10 60 -1.3 -1.2 3 3.5 5164.176447418976 0.160391816716583
10 60 -1.3 -1.2 3.5 4 4425.00679132541 0.125751551596295
10 60 -1.3 -1.2 4 4.5 3823.896888928085 0.1006159021612802
10 60 -1.3 -1.2 4.5 5 3330.178604910595 0.08155802732107986
10 60 -1.3 -1.2 5 5.5 2920.179491015982 0.06659712175905952
10 60 -1.3 -1.2 5.5 6 2576.095399180892 0.05495108627656009
10 60 -1.3 -1.2 6 6.5 2284.509640368357 0.04475935151185695
10 60 -1.3 -1.2 6.5 7 2035.309546513494 0.04475214484045864
10 60 -1.3 -1.2 7 7.5 1820.701567875032 0.03663610960552433
10 60 -1.3 -1.2 7.5 8 1634.674483310573 0.03554498242283444
10 60 -1.3 -1.2 8 8.5 1472.470122673276 0.03168807792667394
10 60 -1.3 -1.2 8.5 9 1330.313015779807 0.02695123847365721
10 60 -1.3 -1.2 9 9.5 1205.165142658985 0.02742819298555332
10 60 -1.3 -1.2 9.5 10 1094.532693040887 0.02235335164414209
10 60 -1.3 -1.2 10 10.5 996.3822388918626 0.02131797831543736
10 60 -1.3 -1.2 10.5 11 909.0144728621557 0.02066135964685145
10 60 -1.3 -1.2 11 11.5 831.0061105767122 0.01693856214217249
10 60 -1.3 -1.2 11.5 12 761.1653815496147 0.03359094379004546
10 60 -1.3 -1.2 12 12.5 698.4740862506392 0.02570303469065038
10 60 -1.3 -1.2 12.5 13 642.0627133916232 0.01929242847540991
10 60 -1.3 -1.2 13 13.5 591.1896531063207 0.01407925053649706
10 60 -1.3 -1.2 13.5 14 545.2148905766044 0.01229195261487348
10 60 -1.3 -1.2 14 14.5 503.5809470190438 0.01102840715896036
10 60 -1.3 -1.2 14.5 15 465.806558410823 0.009430132065176622
10 60 -1.3 -1.2 15 16 831.6838919735294 0.01803629648168226
10 60 -1.3 -1.2 16 17 717.351558840214 0.01492048568695736
10 60 -1.3 -1.2 17 18 621.8123984148549 0.01645587564985362
10 60 -1.3 -1.2 18 19 541.4998621591484 0.02266528665029455
10 60 -1.3 -1.2 19 20 473.6113749465347 0.009766255083263786
10 60 -1.3 -1.2 20 21 415.9253407918725 0.008661390314273376
10 60 -1.3 -1.2 21 22 366.6680359038861 0.007235306301538458
10 60 -1.3 -1.2 22 23 324.4147165858359 0.006556063037010063
10 60 -1.3 -1.2 23 24 288.0112008472063 0.005688296491484834
10 60 -1.3 -1.2 24 25 256.5186094269394 0.004934198729358741
10 60 -1.3 -1.2 25 26 229.1684888621592 0.004362223480370631
10 60 -1.3 -1.2 26 27 205.32814807755 0.003896630222669728
10 60 -1.3 -1.2 27 28 184.4741123727791 0.003484090376815629
10 60 -1.3 -1.2 28 29 166.1713442881754 0.003077916257609559
10 60 -1.3 -1.2 29 30 150.0567862570603 0.002733131302505853
10 60 -1.3 -1.2 30 31 135.8259497579552 0.002397145489567265
10 60 -1.3 -1.2 31 32 123.2225094157631 0.002130041258823212
10 60 -1.3 -1.2 32 33 112.0296383479599 0.001914984765093664
10 60 -1.3 -1.2 33 34 102.063315455648 0.001744458752725109
10 60 -1.3 -1.2 34 35 93.166757606616 0.001571759174453291
10 60 -1.3 -1.2 35 36 85.20604354745336 0.001391859264103346
10 60 -1.3 -1.2 36 37 78.06632611676818 0.001226162587116164
10 60 -1.3 -1.2 37 38 71.64882568753058 0.001108930724242896
10 60 -1.3 -1.2 38 39 65.86824113994241 0.001022926169667926
10 60 -1.3 -1.2 39 40 60.65074629135935 0.0009381435789350689
10 60 -1.3 -1.2 40 42 107.5893952724906 0.001558281271201167
10 60 -1.3 -1.2 42 44 92.02481386218052 0.001261638678286658
10 60 -1.3 -1.2 44 46 79.1373126508802 0.001086498328831453
10 60 -1.3 -1.2 46 48 68.39680665421275 0.0008888934110160562
10 60 -1.3 -1.2 48 50 59.39136280061013 0.000742849898465181
10 60 -1.3 -1.2 50 52 51.79795295334025 0.0006025684466379744
10 60 -1.3 -1.2 52 54 45.36130416109764 0.0005097949568693139
10 60 -1.3 -1.2 54 56 39.8780593925789 0.0004576509826108577
10 60 -1.3 -1.2 56 58 35.18513437351246 0.0003935927191420774
10 60 -1.3 -1.2 58 60 31.15097149094156 0.0003174289148759613
10 60 -1.3 -1.2 60 65 63.63912815754325 0.0006687429400216161
10 60 -1.3 -1.2 65 70 48.1720552946876 0.0004752551016267148
10 60 -1.3 -1.2 70 80 65.98934126072578 0.0006121066882656123
10 60 -1.3 -1.2 80 90 41.16290137768668 0.0003640686900965306
10 60 -1.3 -1.2 90 100 26.84460218186902 0.0002427614953859347
10 60 -1.2 -1.1 0 0.5 -112209.9961465601 3.678013177894172
10 60 -1.2 -1.1 0.5 1 1087.041138061397 0.00582989531289968
10 60 -1.2 -1.1 1 1.5 8915.023744316763 0.440850532548211
10 60 -1.2 -1.1 1.5 2 8436.982959364652 0.3434365873945353
10 60 -1.2 -1.1 2 2.5 7225.634173262103 0.2585876307430226
10 60 -1.2 -1.1 2.5 3 6114.122530799286 0.1940859974683917
10 60 -1.2 -1.1 3 3.5 5197.503599600605 0.1518221114602056
10 60 -1.2 -1.1 3.5 4 4454.597615599502 0.1231258818643255
10 60 -1.2 -1.1 4 4.5 3850.111881107106 0.100608507169909
10 60 -1.2 -1.1 4.5 5 3353.462786161863 0.08154229311048766
10 60 -1.2 -1.1 5 5.5 2940.924328905833 0.06656192767013636
10 60 -1.2 -1.1 5.5 6 2594.607920517642 0.05462210179439353
10 60 -1.2 -1.1 6 6.5 2301.104285152797 0.05116843258929293
10 60 -1.2 -1.1 6.5 7 2050.203195421377 0.04107424225821887
10 60 -1.2 -1.1 7 7.5 1834.126924549319 0.04246457094563993
10 60 -1.2 -1.1 7.5 8 1646.786340942891 0.03410328579229827
10 60 -1.2 -1.1 8 8.5 1483.433905992771 0.03434726761247475
10 60 -1.2 -1.1 8.5 9 1340.256861027553 0.02947101934682905
10 60 -1.2 -1.1 9 9.5 1214.197006557776 0.02664484631759478
10 60 -1.2 -1.1 9.5 10 1102.758800800455 0.02586138853189368
10 60 -1.2 -1.1 10 10.5 1003.881501428207 0.02117865459092627
10 60 -1.2 -1.1 10.5 11 915.8655442052735 0.02069097828291433
10 60 -1.2 -1.1 11 11.5 837.2779221908338 0.01934899617674546
10 60 -1.2 -1.1 11.5 12 766.9123612546852 0.0337528974274619
10 60 -1.2 -1.1 12 12.5 703.7495549138532 0.02597361315611124
10 60 -1.2 -1.1 12.5 13 646.9141022828846 0.01952399835806773
10 60 -1.2 -1.1 13 13.5 595.6564213009954 0.014393057949178
10 60 -1.2 -1.1 13.5 14 549.3324917319405 0.01208681203104334
10 60 -1.2 -1.1 14 14.5 507.3831969384466 0.01184432297344529
10 60 -1.2 -1.1 14.5 15 469.3218675862102 0.01048466339824472
10 60 -1.2 -1.1 15 16 837.9513141612384 0.01836259803417306
10 60 -1.2 -1.1 16 17 722.7459911841698 0.01608836159709881
10 60 -1.2 -1.1 17 18 626.475574210745 0.01669967245334192
10 60 -1.2 -1.1 18 19 545.5483229308459 0.02277030908044253
10 60 -1.2 -1.1 19 20 477.1391935365629 0.01013268080856733
10 60 -1.2 -1.1 20 21 419.01159998324 0.009096829415000229
10 60 -1.2 -1.1 21 22 369.3777858383978 0.007931780400667776
10 60 -1.2 -1.1 22 23 326.8010564615893 0.006911170942771605
10 60 -1.2 -1.1 23 24 290.1193060353595 0.006089206966521488
10 60 -1.2 -1.1 24 25 258.3863568547528 0.005381258136424094
10 60 -1.2 -1.1 25 26 230.8275805952186 0.004718534608144864
10 60 -1.2 -1.1 26 27 206.8055778871764 0.004186965841768142
10 60 -1.2 -1.1 27 28 185.7930371313461 0.003703523057936309
10 60 -1.2 -1.1 28 29 167.3517247592816 0.003297746029204518
10 60 -1.2 -1.1 29 30 151.1155979154194 0.002956872922652565
10 60 -1.2 -1.1 30 31 136.7776988588345 0.002678596837967007
10 60 -1.2 -1.1 31 32 124.0795339961732 0.002389838363782815
10 60 -1.2 -1.1 32 33 112.8027071221779 0.002079815212837843
10 60 -1.2 -1.1 33 34 102.761912134763 0.00182807417476738
10 60 -1.2 -1.1 34 35 93.79926864024411 0.001684522239045805
10 60 -1.2 -1.1 35 36 85.77969193492508 0.00156571292026797
10 60 -1.2 -1.1 36 37 78.58737135675938 0.001413888732329838
10 60 -1.2 -1.1 37 38 72.12271619589045 0.001227569790643201
10 60 -1.2 -1.1 38 39 66.29986947084926 0.001076177989560279
10 60 -1.2 -1.1 39 40 61.04447739515464 0.0009840016908100324
10 60 -1.2 -1.1 40 42 108.2780586974298 0.001733946450400481
10 60 -1.2 -1.1 42 44 92.60222190402415 0.001400092396366404
10 60 -1.2 -1.1 44 46 79.62365709547946 0.001161297676290474
10 60 -1.2 -1.1 46 48 68.80831159617891 0.000968014419214569
10 60 -1.2 -1.1 48 50 59.74093354785706 0.0008113291241329534
10 60 -1.2 -1.1 50 52 52.09597480040871 0.0007142910351731757
10 60 -1.2 -1.1 52 54 45.61610669282034 0.0005931170205570879
10 60 -1.2 -1.1 54 56 40.09651561105706 0.0004924648885946681
10 60 -1.2 -1.1 56 58 35.37297588943235 0.0004451965074139252
10 60 -1.2 -1.1 58 60 31.31287878714428 0.0003790291178269456
10 60 -1.2 -1.1 60 65 63.95431776310129 0.0007189995136513971
10 60 -1.2 -1.1 65 70 48.39330327706816 0.0005113710319548659
10 60 -1.2 -1.1 70 80 66.25865715999259 0.0006337191373262385
10 60 -1.2 -1.1 80 90 41.30221355923524 0.0003282186535003007
10 60 -1.2 -1.1 90 100 26.91779880806591 0.0002014883576926252
10 60 -1.1 -1 0 0.5 -113320.8070039066 3.774216638630605
10 60 -1.1 -1 0.5 1 990.3279663106003 0.002786471025046922
10 60 -1.1 -1 1 1.5 8935.608381137839 0.4283775910407712
10 60 -1.1 -1 1.5 2 8474.293657488379 0.326029294563341
10 60 -1.1 -1 2 2.5 7263.471175286137 0.2490198295126902
10 60 -1.1 -1 2.5 3 6148.918701922802 0.1991183256814111
10 60 -1.1 -1 3 3.5 5228.611009646515 0.1608622416770231
10 60 -1.1 -1 3.5 4 4482.176097203391 0.1288519135541719
10 60 -1.1 -1 4 4.5 3874.564177285946 0.1026976097641636
10 60 -1.1 -1 4.5 5 3375.163417952828 0.08315490911172674
10 60 -1.1 -1 5 5.5 2960.223529146925 0.06768339717700655
10 60 -1.1 -1 5.5 6 2611.845372205694 0.05831614454473311
10 60 -1.1 -1 6 6.5 2316.522992554282 0.04847924385967417
10 60 -1.1 -1 6.5 7 2064.056475450693 0.04663039366414523
10 60 -1.1 -1 7 7.5 1846.586308856786 0.03943446318612587
10 60 -1.1 -1 7.5 8 1658.038388020276 0.03818937857090532
10 60 -1.1 -1 8 8.5 1493.607849295021 0.03201609782581727
10 60 -1.1 -1 8.5 9 1349.485364195133 0.03210335274866338
10 60 -1.1 -1 9 9.5 1222.58071814751 0.02675939522987392
10 60 -1.1 -1 9.5 10 1110.391186089199 0.02593106525660005
10 60 -1.1 -1 10 10.5 1010.845865135949 0.02385469825617292
10 60 -1.1 -1 10.5 11 922.2268949662791 0.0203860006205332
10 60 -1.1 -1 11 11.5 843.1004360842284 0.02026621281811458
10 60 -1.1 -1 11.5 12 772.2501129690966 0.03419903032215643
10 60 -1.1 -1 12 12.5 708.6483018335057 0.02597125512897946
10 60 -1.1 -1 12.5 13 651.4181583848199 0.01973538058371105
10 60 -1.1 -1 13 13.5 599.8038037096759 0.01454454033159891
10 60 -1.1 -1 13.5 14 553.1560228952826 0.01234380931714441
10 60 -1.1 -1 14 14.5 510.9130700338096 0.01193119866843517
10 60 -1.1 -1 14.5 15 472.5852931710401 0.01111198288947435
10 60 -1.1 -1 15 16 843.7719039112142 0.01901338944219333
10 60 -1.1 -1 16 17 727.7576540815204 0.01712089034185738
10 60 -1.1 -1 17 18 630.8090889664558 0.01678053976388583
10 60 -1.1 -1 18 19 549.31093342591 0.02295263860946761
10 60 -1.1 -1 19 20 480.4196256749556 0.01087850595473583
10 60 -1.1 -1 20 21 421.8815302699133 0.009477339541945184
10 60 -1.1 -1 21 22 371.8975610016008 0.008300427574283731
10 60 -1.1 -1 22 23 329.0211157575075 0.007321415995932057
10 60 -1.1 -1 23 24 292.081416723572 0.006486580289788435
10 60 -1.1 -1 24 25 260.1254317866333 0.00574468724835242
10 60 -1.1 -1 25 26 232.3731301859564 0.005049765703773801
10 60 -1.1 -1 26 27 208.1826768259025 0.004460685930553154
10 60 -1.1 -1 27 28 187.0230376493627 0.004002952427953232
10 60 -1.1 -1 28 29 168.4527398834899 0.003565274192396828
10 60 -1.1 -1 29 30 152.1033167757618 0.003101367145205813
10 60 -1.1 -1 30 31 137.6658317930742 0.002766978722775093
10 60 -1.1 -1 31 32 124.8799697064628 0.002567068926495608
10 60 -1.1 -1 32 33 113.5254691960559 0.002364305512884357
10 60 -1.1 -1 33 34 103.4155201185587 0.002079004706601495
10 60 -1.1 -1 34 35 94.39117544485647 0.001797722521942546
10 60 -1.1 -1 35 36 86.31663587676778 0.001593563703679024
10 60 -1.1 -1 36 37 79.07535294084737 0.001454494334609535
10 60 -1.1 -1 37 38 72.56700598663086 0.00133203002738469
10 60 -1.1 -1 38 39 66.70496790371659 0.001204847391136354
10 60 -1.1 -1 39 40 61.41433257462746 0.001106391544226426
10 60 -1.1 -1 40 42 108.9255376606598 0.001907425237817506
10 60 -1.1 -1 42 44 93.14582056241318 0.001532290813713644
10 60 -1.1 -1 44 46 80.08209976943526 0.001302558588463398
10 60 -1.1 -1 46 48 69.19644398242919 0.001092970353425926
10 60 -1.1 -1 48 50 60.07075588492773 0.0008956108540658647
10 60 -1.1 -1 50 52 52.37722592454472 0.0008026247406007769
10 60 -1.1 -1 52 54 45.85665672246365 0.0006737091894919445
10 60 -1.1 -1 54 56 40.30281576468025 0.0005493139264274305
10 60 -1.1 -1 56 58 35.55037143551088 0.0004952555184800644
10 60 -1.1 -1 58 60 31.46578713122022 0.0004354081828559231
10 60 -1.1 -1 60 65 64.25203985288753 0.0007843995940675086
10 60 -1.1 -1 65 70 48.60221022109599 0.0005527160872773607
10 60 -1.1 -1 70 80 66.51280130693819 0.0006468890895661161
10 60 -1.1 -1 80 90 41.433534203744 0.0003351715221384666
10 60 -1.1 -1 90 100 26.98611642681374 0.0001807629382994946
10 60 -1 -0.95 0 0.5 -57048.71909917053 0.6828810931110638
10 60 -1 -0.95 0.5 1 461.5544132043127 0.002359123558903775
10 60 -1 -0.95 1 1.5 4475.122914809774 0.2162847935669561
10 60 -1 -0.95 1.5 2 4250.280464727664 0.1671779351008809
10 60 -1 -0.95 2 2.5 3645.041676749443 0.128700770726482
10 60 -1 -0.95 2.5 3 3086.681204607127 0.09752207692054071
10 60 -1 -0.95 3 3.5 2625.234735893058 0.0760921110295385
10 60 -1 -0.95 3.5 4 2250.783256754763 0.06100688948436073
10 60 -1 -0.95 4 4.5 1945.861996374638 0.05001155164723059
10 60 -1 -0.95 4.5 5 1695.195294531282 0.04094480837011361
10 60 -1 -0.95 5 5.5 1486.891166349962 0.03334276320447316
10 60 -1 -0.95 5.5 6 1311.96350026268 0.0272114748831882
10 60 -1 -0.95 6 6.5 1163.674382904267 0.02255192619645641
10 60 -1 -0.95 6.5 7 1036.881028111886 0.01876995279394578
10 60 -1 -0.95 7 7.5 927.6637855423899 0.01566095401733492
10 60 -1 -0.95 7.5 8 832.9598025043523 0.01313281571276548
10 60 -1 -0.95 8 8.5 750.370400290993 0.01091483389780024
10 60 -1 -0.95 8.5 9 677.9724466020406 0.009169758658913452
10 60 -1 -0.95 9 9.5 614.2268785487461 0.007632527979922088
10 60 -1 -0.95 9.5 10 557.8669984514891 0.006534563998911835
10 60 -1 -0.95 10 10.5 507.859582748409 0.005589185824419474
10 60 -1 -0.95 10.5 11 463.340755183528 0.004841047278489441
10 60 -1 -0.95 11 11.5 423.5874421802511 0.00420013079860837
10 60 -1 -0.95 11.5 12 387.9932817946649 0.01724878137031283
10 60 -1 -0.95 12 12.5 356.0396493367571 0.01314569100287599
10 60 -1 -0.95 12.5 13 327.2858422574175 0.009855961053688134
10 60 -1 -0.95 13 13.5 301.3540726914038 0.00734863468386493
10 60 -1 -0.95 13.5 14 277.9169055232834 0.005262568829266456
10 60 -1 -0.95 14 14.5 256.6921955772174 0.003597219445964583
10 60 -1 -0.95 14.5 15 237.4351327665615 0.002341452360184348
10 60 -1 -0.95 15 16 423.9240528165952 0.007403041630311691
10 60 -1 -0.95 16 17 365.6328564601946 0.002630973539851311
10 60 -1 -0.95 17 18 316.9220007422966 0.008366577691049315
10 60 -1 -0.95 18 19 275.9734933697454 0.01150007346376469
10 60 -1 -0.95 19 20 241.3588837219204 0.00140564947056987
10 60 -1 -0.95 20 21 211.9462969470201 0.001234988283300709
10 60 -1 -0.95 21 22 186.8317651602072 0.001066386496802352
10 60 -1 -0.95 22 23 165.288531085536 0.0009613000532056049
10 60 -1 -0.95 23 24 146.7282428673306 0.0008340544675036199
10 60 -1 -0.95 24 25 130.6722404673206 0.000740324311891527
10 60 -1 -0.95 25 26 116.7285224752969 0.0006634059733698905
10 60 -1 -0.95 26 27 104.5744229730958 0.0005890525738720953
10 60 -1 -0.95 27 28 93.94313200143704 0.0005174620115013795
10 60 -1 -0.95 28 29 84.61297439973973 0.0004570735658404601
10 60 -1 -0.95 29 30 76.39876171604966 0.0004231288151004264
10 60 -1 -0.95 30 31 69.14506385229843 0.0003789709491002213
10 60 -1 -0.95 31 32 62.72114132191068 0.0003229425407980102
10 60 -1 -0.95 32 33 57.01657453029222 0.0002858981227902291
10 60 -1 -0.95 33 34 51.93754156564634 0.0002668717972156287
10 60 -1 -0.95 34 35 47.40401976202639 0.0002457483390259085
10 60 -1 -0.95 35 36 43.3476472944731 0.0002172101662978321
10 60 -1 -0.95 36 37 39.70986356566191 0.0001978754793796611
10 60 -1 -0.95 37 38 36.44027719579451 0.0001788258055483993
10 60 -1 -0.95 38 39 33.49541758164419 0.0001554387916584687
10 60 -1 -0.95 39 40 30.8376829244899 0.0001405299883643352
10 60 -1 -0.95 40 42 54.69151008514033 0.0002460421236634147
10 60 -1 -0.95 42 44 46.76528360906789 0.0002193113010804382
10 60 -1 -0.95 44 46 40.20339237629483 0.000174050467876441
10 60 -1 -0.95 46 48 34.73575451768029 0.0001484893445535818
10 60 -1 -0.95 48 50 30.15226970553825 0.0001279786982593123
10 60 -1 -0.95 50 52 26.28824433302756 0.0001005937121902889
10 60 -1 -0.95 52 54 23.01359845471545 9.172057174211545e-05
10 60 -1 -0.95 54 56 20.22458666341929 8.301216535144817e-05
10 60 -1 -0.95 56 58 17.83808052583037 6.731919731706171e-05
10 60 -1 -0.95 58 60 15.78711319290286 5.939717013703216e-05
10 60 -1 -0.95 60 65 32.2317306716096 0.0001207519566577275
10 60 -1 -0.95 65 70 24.37538830501969 9.097144060632445e-05
10 60 -1 -0.95 70 80 33.34683477626195 0.0001242421304894492
10 60 -1 -0.95 80 90 20.76349802188389 7.752561499430044e-05
10 60 -1 -0.95 90 100 13.51730114992967 5.074695374318594e-05
10 60 -0.95 -0.9 0 0.5 -57292.10951328425 0.7184046962356661
10 60 -0.95 -0.9 0.5 1 440.5069991832791 0.01371563916580953
10 60 -0.95 -0.9 1 1.5 4479.73614153902 0.2181097216644048
10 60 -0.95 -0.9 1.5 2 4258.560947977739 0.1640771877973748
10 60 -0.95 -0.9 2 2.5 3653.401009159435 0.130341053210941
10 60 -0.95 -0.9 2.5 3 3094.355018415123 0.1049962279571446
10 60 -0.95 -0.9 3 3.5 2632.091716504724 0.08263857420115528
10 60 -0.95 -0.9 3.5 4 2256.867520143313 0.06531553312197502
10 60 -0.95 -0.9 4 4.5 1951.259134190478 0.05212894924284228
10 60 -0.95 -0.9 4.5 5 1699.980932786962 0.04210659260797911
10 60 -0.95 -0.9 5 5.5 1491.145802177957 0.03412773019408633
10 60 -0.95 -0.9 5.5 6 1315.7671664804 0.02765450680635695
10 60 -0.95 -0.9 6 6.5 1167.071426155905 0.02260348378399613
10 60 -0.95 -0.9 6.5 7 1039.935041351739 0.01842181545521271
10 60 -0.95 -0.9 7 7.5 930.408357975004 0.01535148342497905
10 60 -0.95 -0.9 7.5 8 835.439165127556 0.01277611961177172
10 60 -0.95 -0.9 8 8.5 752.6089932966906 0.01087246398094521
10 60 -0.95 -0.9 8.5 9 680.0043435526043 0.009211563160533842
10 60 -0.95 -0.9 9 9.5 616.0693975112823 0.007878582850821658
10 60 -0.95 -0.9 9.5 10 559.5451760083714 0.006633687709040714
10 60 -0.95 -0.9 10 10.5 509.3895514750215 0.005661354081723857
10 60 -0.95 -0.9 10.5 11 464.7372421096464 0.004832077285016112
10 60 -0.95 -0.9 11 11.5 424.8666233533019 0.00423448443353891
10 60 -0.95 -0.9 11.5 12 389.1652050774532 0.01724285816897009
10 60 -0.95 -0.9 12 12.5 357.1157953895614 0.01315681343339747
10 60 -0.95 -0.9 12.5 13 328.2760038464921 0.009980930730762338
10 60 -0.95 -0.9 13 13.5 302.265131879986 0.007326433623234152
10 60 -0.95 -0.9 13.5 14 278.7569322224094 0.005252676108455034
10 60 -0.95 -0.9 14 14.5 257.4683382718366 0.003656534597837435
10 60 -0.95 -0.9 14.5 15 238.1525051406772 0.002357716232154417
10 60 -0.95 -0.9 15 16 425.2026634156062 0.007327394846754487
10 60 -0.95 -0.9 16 17 366.7338072696716 0.002610000985157512
10 60 -0.95 -0.9 17 18 317.874166324249 0.008380068050485079
10 60 -0.95 -0.9 18 19 276.8004985873468 0.01153450833635361
10 60 -0.95 -0.9 19 20 242.0801015745755 0.001450985348270706
10 60 -0.95 -0.9 20 21 212.5775349193139 0.001250070559962069
10 60 -0.95 -0.9 21 22 187.3862292741738 0.001118360094324089
10 60 -0.95 -0.9 22 23 165.7769322658843 0.0009717901717465338
10 60 -0.95 -0.9 23 24 147.1598907408913 0.0008446596176270305
10 60 -0.95 -0.9 24 25 131.0549870548057 0.000763886731618868
10 60 -0.95 -0.9 25 26 117.0688554243566 0.0006847186513994075
10 60 -0.95 -0.9 26 27 104.8778108136306 0.0005939668781707041
10 60 -0.95 -0.9 27 28 94.21436742449853 0.0005299116852341967
10 60 -0.95 -0.9 28 29 84.85604505609841 0.0004874892632500405
10 60 -0.95 -0.9 29 30 76.61693719091051 0.0004349485169541367
10 60 -0.95 -0.9 30 31 69.34131689329696 0.0003727509625122138
10 60 -0.95 -0.9 31 32 62.8981389352005 0.0003357366711043142
10 60 -0.95 -0.9 32 33 57.17650609847967 0.0003001959070800808
10 60 -0.95 -0.9 33 34 52.08228759380053 0.0002697283087726987
10 60 -0.95 -0.9 34 35 47.53529138188862 0.0002456374914956427
10 60 -0.95 -0.9 35 36 43.46694188175793 0.0002307900769977778
10 60 -0.95 -0.9 36 37 39.81842303968578 0.0002064089837148231
10 60 -0.95 -0.9 37 38 36.53920771760129 0.0001809064132842764
10 60 -0.95 -0.9 38 39 33.58571326294063 0.0001620747267949696
10 60 -0.95 -0.9 39 40 30.92019551184754 0.0001464535763417985
10 60 -0.95 -0.9 40 42 54.83611253354276 0.0002673733301179482
10 60 -0.95 -0.9 42 44 46.88677208442046 0.0002158950450734665
10 60 -0.95 -0.9 44 46 40.30603805367307 0.0001875177203771727
10 60 -0.95 -0.9 46 48 34.82276141175228 0.000160082946202067
10 60 -0.95 -0.9 48 50 30.22625127232909 0.0001278349382367594
10 60 -0.95 -0.9 50 52 26.35139113583695 0.0001131297247241037
10 60 -0.95 -0.9 52 54 23.06757671322924 9.635740477520471e-05
10 60 -0.95 -0.9 54 56 20.2708733365943 7.671484650018101e-05
10 60 -0.95 -0.9 56 58 17.87795713634834 6.90806920538023e-05
10 60 -0.95 -0.9 58 60 15.82151922248353 5.944077592978658e-05
10 60 -0.95 -0.9 60 65 32.29880514796736 0.0001208500005560609
10 60 -0.95 -0.9 65 70 24.42259893483381 9.102559963736212e-05
10 60 -0.95 -0.9 70 80 33.40445838232591 0.0001242857194512226
10 60 -0.95 -0.9 80 90 20.79328380251344 7.751461546945393e-05
10 60 -0.95 -0.9 90 100 13.53271138331436 5.072196675115492e-05
10 60 -0.9 -0.85 0 0.5 -57523.52144432791 0.682591639138991
10 60 -0.9 -0.85 0.5 1 420.4276177012924 0.006566402746216227
10 60 -0.9 -0.85 1 1.5 4484.099349188421 0.02133874034734617
10 60 -0.9 -0.85 1.5 2 4266.415701675982 0.1698387441401792
10 60 -0.9 -0.85 2 2.5 3661.353167056381 0.1273083575642886
10 60 -0.9 -0.85 2.5 3 3101.659234385719 0.1004221494890771
10 60 -0.9 -0.85 3 3.5 2638.620851955267 0.08130873117443116
10 60 -0.9 -0.85 3.5 4 2262.655895168226 0.065699112083621
10 60 -0.9 -0.85 4 4.5 1956.391692194218 0.05285001625429686
10 60 -0.9 -0.85 4.5 5 1704.542375795595 0.04249147992550206
10 60 -0.9 -0.85 5 5.5 1495.201804736251 0.03459271408178211
10 60 -0.9 -0.85 5.5 6 1319.387562854948 0.02844456996217559
10 60 -0.9 -0.85 6 6.5 1170.314549528779 0.02309260259130497
10 60 -0.9 -0.85 6.5 7 1042.842780623184 0.0189549402598459
10 60 -0.9 -0.85 7 7.5 933.0285448320363 0.01563830408440481
10 60 -0.9 -0.85 7.5 8 837.7996167881763 0.012808655372055
10 60 -0.9 -0.85 8 8.5 754.7463461019837 0.01072590779665461
10 60 -0.9 -0.85 8.5 9 681.9387244063392 0.008888580233929133
10 60 -0.9 -0.85 9 9.5 617.8271824030401 0.007647694356023749
10 60 -0.9 -0.85 9.5 10 561.1443938613837 0.006541747385995222
10 60 -0.9 -0.85 10 10.5 510.8464393588728 0.005734739254762644
10 60 -0.9 -0.85 10.5 11 466.0687963689404 0.004897108935551842
10 60 -0.9 -0.85 11 11.5 426.0840562905107 0.004240322494069915
10 60 -0.9 -0.85 11.5 12 390.2815702538459 0.01731614077721133
10 60 -0.9 -0.85 12 12.5 358.1408943121443 0.01327392281314133
10 60 -0.9 -0.85 12.5 13 329.2177653567228 0.009937748298000315
10 60 -0.9 -0.85 13 13.5 303.1327759835666 0.007367130989052839
10 60 -0.9 -0.85 13.5 14 279.5574039915321 0.005319900787412735
10 60 -0.9 -0.85 14 14.5 258.2070798521776 0.003660555368867335
10 60 -0.9 -0.85 14.5 15 238.8352308431981 0.00235195370493102
10 60 -0.9 -0.85 15 16 426.4204770548963 0.007375402030049827
10 60 -0.9 -0.85 16 17 367.7822746389645 0.002563690701947507
10 60 -0.9 -0.85 17 18 318.7805329254541 0.008433031153742832
10 60 -0.9 -0.85 18 19 277.587650901158 0.01157088874640522
10 60 -0.9 -0.85 19 20 242.7666124582315 0.001469138181221297
10 60 -0.9 -0.85 20 21 213.1785913990966 0.001304986506880823
10 60 -0.9 -0.85 21 22 187.9140144297129 0.001135721072955675
10 60 -0.9 -0.85 22 23 166.2420180319844 0.0009800339071546205
10 60 -0.9 -0.85 23 24 147.5711329213003 0.0008879049156860219
10 60 -0.9 -0.85 24 25 131.4194649090495 0.000780291467464167
10 60 -0.9 -0.85 25 26 117.3928301300968 0.0006712814047205029
10 60 -0.9 -0.85 26 27 105.1668670456845 0.0006212941471943623
10 60 -0.9 -0.85 27 28 94.47283257226492 0.0005664776097660251
10 60 -0.9 -0.85 28 29 85.08749006261739 0.0004854006133001576
10 60 -0.9 -0.85 29 30 76.82476790335915 0.0004259259791581371
10 60 -0.9 -0.85 30 31 69.52851783182446 0.0003889549352891208
10 60 -0.9 -0.85 31 32 63.06709581734323 0.0003511969788974056
10 60 -0.9 -0.85 32 33 57.32923408010281 0.0003104193646379372
10 60 -0.9 -0.85 33 34 52.2205452440113 0.0002836462217885583
10 60 -0.9 -0.85 34 35 47.66062303565624 0.0002531923819901749
10 60 -0.9 -0.85 35 36 43.58076837634773 0.0002236352148372589
10 60 -0.9 -0.85 36 37 39.92206176869652 0.000204435435115613
10 60 -0.9 -0.85 37 38 36.63376964969805 0.0001900440495106182
10 60 -0.9 -0.85 38 39 33.6720956604597 0.0001796594021570286
10 60 -0.9 -0.85 39 40 30.9991453715616 0.000163461732920922
10 60 -0.9 -0.85 40 42 54.97437937612603 0.0002657379944466243
10 60 -0.9 -0.85 42 44 47.00302434200323 0.000229804934576805
10 60 -0.9 -0.85 44 46 40.40418923234701 0.0001949561841243508
10 60 -0.9 -0.85 46 48 34.90597394765008 0.0001595135759728805
10 60 -0.9 -0.85 48 50 30.29711369754468 0.0001440551455900163
10 60 -0.9 -0.85 50 52 26.41183952139752 0.000118623886326219
10 60 -0.9 -0.85 52 54 23.11928259021457 9.304828216016858e-05
10 60 -0.9 -0.85 54 56 20.31527695599774 8.288322876737197e-05
10 60 -0.9 -0.85 56 58 17.91618863803919 7.311648999319686e-05
10 60 -0.9 -0.85 58 60 15.85451436274808 6.08747650296948e-05
10 60 -0.9 -0.85 60 65 32.36321410788135 0.0001209383418014909
10 60 -0.9 -0.85 65 70 24.46801889927193 9.107739233016332e-05
10 60 -0.9 -0.85 70 80 33.45997909496728 0.0001243184558390453
10 60 -0.9 -0.85 80 90 20.82197462143879 7.751085137996938e-05
10 60 -0.9 -0.85 90 100 13.54753197434563 5.069857683004386e-05
10 60 -0.85 -0.8 0 0.5 -57742.61733940476 0.6112733856425621
10 60 -0.85 -0.8 0.5 1 401.3722725713273 0.003670966910760853
10 60 -0.85 -0.8 1 1.5 4488.250818019042 0.05345106855020276
10 60 -0.85 -0.8 1.5 2 4273.852493272874 0.1788910882105483
10 60 -0.85 -0.8 2 2.5 3668.881593434536 0.1314622041440998
10 60 -0.85 -0.8 2.5 3 3108.581397155427 0.0987908829256412
10 60 -0.85 -0.8 3 3.5 2644.812569934583 0.07706526504989597
10 60 -0.85 -0.8 3.5 4 2268.14962073953 0.0616437292151204
10 60 -0.85 -0.8 4 4.5 1961.259345958646 0.04991194036006164
10 60 -0.85 -0.8 4.5 5 1708.864788939025 0.04070096442296744
10 60 -0.85 -0.8 5 5.5 1499.056185566445 0.0332224113058146
10 60 -0.85 -0.8 5.5 6 1322.824426065621 0.02725202474971411
10 60 -0.85 -0.8 6 6.5 1173.393680146939 0.02262649732142563
10 60 -0.85 -0.8 6.5 7 1045.607239592644 0.01891877804996511
10 60 -0.85 -0.8 7 7.5 935.5150758784204 0.01567332606816763
10 60 -0.85 -0.8 7.5 8 840.0446866607489 0.01328352816517508
10 60 -0.85 -0.8 8 8.5 756.774947418161 0.01108109644508204
10 60 -0.85 -0.8 8.5 9 683.7776690192782 0.009368257246023859
10 60 -0.85 -0.8 9 9.5 619.4973254466566 0.00785238540845512
10 60 -0.85 -0.8 9.5 10 562.663015806823 0.006607802734833967
10 60 -0.85 -0.8 10 10.5 512.2313827593641 0.005586460956351402
10 60 -0.85 -0.8 10.5 11 467.3325752039701 0.004872541012844067
10 60 -0.85 -0.8 11 11.5 427.2409671455609 0.004206791700028134
10 60 -0.85 -0.8 11.5 12 391.3414076298425 0.0174028492218099
10 60 -0.85 -0.8 12 12.5 359.1129497555638 0.01323266412583735
10 60 -0.85 -0.8 12.5 13 330.1120445694 0.01001196031859308
10 60 -0.85 -0.8 13 13.5 303.9562883576923 0.007408835822673154
10 60 -0.85 -0.8 13.5 14 280.3163799601424 0.005316337175486296
10 60 -0.85 -0.8 14 14.5 258.9077728071859 0.003667561520671825
10 60 -0.85 -0.8 14.5 15 239.4831211982389 0.002364743102845068
10 60 -0.85 -0.8 15 16 427.5762424625214 0.007482757333946211
10 60 -0.85 -0.8 16 17 368.7768925815989 0.00259801087042888
10 60 -0.85 -0.8 17 18 319.6404648427224 0.008429353888459445
10 60 -0.85 -0.8 18 19 278.3342763787124 0.01162402565034881
10 60 -0.85 -0.8 19 20 243.4177504575811 0.001512983098365339
10 60 -0.85 -0.8 20 21 213.7484382097302 0.001326099807897663
10 60 -0.85 -0.8 21 22 188.4146254854308 0.001143962249983588
10 60 -0.85 -0.8 22 23 166.6833795178732 0.001030305184229974
10 60 -0.85 -0.8 23 24 147.9611828827448 0.0008984655812014353
10 60 -0.85 -0.8 24 25 131.765303016109 0.0007797478925226642
10 60 -0.85 -0.8 25 26 117.7004838947312 0.0007113717601896496
10 60 -0.85 -0.8 26 27 105.4410710670194 0.0006359392604906589
10 60 -0.85 -0.8 27 28 94.71786105278326 0.0005501252693278502
10 60 -0.85 -0.8 28 29 85.30722242712777 0.000498479751044556
10 60 -0.85 -0.8 29 30 77.02229872511067 0.0004440944798886903
10 60 -0.85 -0.8 30 31 69.70642211570069 0.0003940900675729608
10 60 -0.85 -0.8 31 32 63.22767055596329 0.0003589085678470383
10 60 -0.85 -0.8 32 33 57.47444109146011 0.0003290977268832762
10 60 -0.85 -0.8 33 34 52.35204070954113 0.0002899620267697856
10 60 -0.85 -0.8 34 35 47.77990545250921 0.0002542159845404512
10 60 -0.85 -0.8 35 36 43.68918162336995 0.0002281027255364165
10 60 -0.85 -0.8 36 37 40.02076579644384 0.0002165073246658267
10 60 -0.85 -0.8 37 38 36.72374760012844 0.0002015231185339417
10 60 -0.85 -0.8 38 39 33.75422149112678 0.0001803997289968606
10 60 -0.85 -0.8 39 40 31.07423170499914 0.0001617277230216985
10 60 -0.85 -0.8 40 42 55.10617985337696 0.0002927927773441752
10 60 -0.85 -0.8 42 44 47.11378818372026 0.0002347079937266017
10 60 -0.85 -0.8 44 46 40.49768321112705 0.0001948172026544626
10 60 -0.85 -0.8 46 48 34.98530656339361 0.0001778566560659556
10 60 -0.85 -0.8 48 50 30.36457130796405 0.0001410326073703061
10 60 -0.85 -0.8 50 52 26.46945882217513 0.0001179828275290618
10 60 -0.85 -0.8 52 54 23.16870248159424 0.0001063720727287887
10 60 -0.85 -0.8 54 56 20.35770190269557 8.671415973537933e-05
10 60 -0.85 -0.8 56 58 17.95268869869291 7.033921006183164e-05
10 60 -0.85 -0.8 58 60 15.88604460582184 6.284048596860714e-05
10 60 -0.85 -0.8 60 65 32.42488050959589 0.0001210311617541038
10 60 -0.85 -0.8 65 70 24.51156612296104 9.112555844836834e-05
10 60 -0.85 -0.8 70 80 33.51329566021708 0.0001243525553604741
10 60 -0.85 -0.8 80 90 20.8495353083676 7.750860092059497e-05
10 60 -0.85 -0.8 90 100 13.56175556876867 5.067392136126614e-05
10 60 -0.8 -0.75 0 0.5 -57949.21404990711 0.5546689912152942
10 60 -0.8 -0.75 0.5 1 383.4230363834353 0.01058973497686111
10 60 -0.8 -0.75 1 1.5 4492.156340941371 0.2141628210729323
10 60 -0.8 -0.75 1.5 2 4280.868567737984 0.1675251431679499
10 60 -0.8 -0.75 2 2.5 3675.994774571817 0.1331641306028359
10 60 -0.8 -0.75 2.5 3 3115.118447920613 0.1036252222088478
10 60 -0.8 -0.75 3 3.5 2650.65735836364 0.08139583973479603
10 60 -0.8 -0.75 3.5 4 2273.339953522699 0.06453354388895605
10 60 -0.8 -0.75 4 4.5 1965.861757187721 0.05166649051193417
10 60 -0.8 -0.75 4.5 5 1712.951034711184 0.0419421335284369
10 60 -0.8 -0.75 5 5.5 1502.69435231711 0.03412678621248233
10 60 -0.8 -0.75 5.5 6 1326.077460397105 0.02769071628108577
10 60 -0.8 -0.75 6 6.5 1176.304248268567 0.02275069250822526
10 60 -0.8 -0.75 6.5 7 1048.222043447797 0.01866546269866376
10 60 -0.8 -0.75 7 7.5 937.8685266262922 0.01545312929488318
10 60 -0.8 -0.75 7.5 8 842.1683176714316 0.01291748532457859
10 60 -0.8 -0.75 8 8.5 758.6949324041591 0.01075973929050633
10 60 -0.8 -0.75 8.5 9 685.5186871321946 0.009208467367329831
10 60 -0.8 -0.75 9 9.5 621.0775230917599 0.007737929641962182
10 60 -0.8 -0.75 9.5 10 564.1012723490664 0.006743221851252201
10 60 -0.8 -0.75 10 10.5 513.5415278791402 0.005712287081792056
10 60 -0.8 -0.75 10.5 11 468.5298752983159 0.004940456525673653
10 60 -0.8 -0.75 11 11.5 428.3353209161028 0.004220685575035077
10 60 -0.8 -0.75 11.5 12 392.3434810217744 0.0173849856099082
10 60 -0.8 -0.75 12 12.5 360.0331474082344 0.01331957713159682
10 60 -0.8 -0.75 12.5 13 330.9577190330006 0.01004250236667303
10 60 -0.8 -0.75 13 13.5 304.7344269089577 0.007412546862894942
10 60 -0.8 -0.75 13.5 14 281.0336836102266 0.005326992566438093
10 60 -0.8 -0.75 14 14.5 259.570132306107 0.003684231487511624
10 60 -0.8 -0.75 14.5 15 240.0955926008567 0.002392430756145814
10 60 -0.8 -0.75 15 16 428.6683021741646 0.007486252666126347
10 60 -0.8 -0.75 16 17 369.7168141096254 0.002561990270635306
10 60 -0.8 -0.75 17 18 320.4529744062843 0.008479939821313565
10 60 -0.8 -0.75 18 19 279.0398977316683 0.0116172123779279
10 60 -0.8 -0.75 19 20 244.0326650022174 0.001528769403762453
10 60 -0.8 -0.75 20 21 214.2866010054734 0.001323565030247664
10 60 -0.8 -0.75 21 22 188.8875905854099 0.001193904856734207
10 60 -0.8 -0.75 22 23 167.1001283064579 0.001038115978332144
10 60 -0.8 -0.75 23 24 148.3297201691574 0.0009058945796027729
10 60 -0.8 -0.75 24 25 132.092276199545 0.0008206321016075435
10 60 -0.8 -0.75 25 26 117.9911409541057 0.0007249816958818656
10 60 -0.8 -0.75 26 27 105.7001285017426 0.0006249559888118483
10 60 -0.8 -0.75 27 28 94.94955144074382 0.0005604755501451564
10 60 -0.8 -0.75 28 29 85.51504417192089 0.0005046962275940814
10 60 -0.8 -0.75 29 30 77.20918664831326 0.0004524551069806648
10 60 -0.8 -0.75 30 31 69.87482290778834 0.0004163893947009001
10 60 -0.8 -0.75 31 32 63.3796226316306 0.0003681316952253155
10 60 -0.8 -0.75 32 33 57.61182518303371 0.0003239997513801995
10 60 -0.8 -0.75 33 34 52.47658559680213 0.0002903001046092868
10 60 -0.8 -0.75 34 35 47.8930476298184 0.0002733554141798322
10 60 -0.8 -0.75 35 36 43.79204235085886 0.0002539655861042434
10 60 -0.8 -0.75 36 37 40.1143075939703 0.0002202265241280088
10 60 -0.8 -0.75 37 38 36.80894988816688 0.0001934738503948097
10 60 -0.8 -0.75 38 39 33.83201596162544 0.0001812233148541509
10 60 -0.8 -0.75 39 40 31.14539142967208 0.0001757117249496787
10 60 -0.8 -0.75 40 42 55.23100887786224 0.0003001782479472581
10 60 -0.8 -0.75 42 44 47.21889194938993 0.0002470625544717109
10 60 -0.8 -0.75 44 46 40.58645643027654 0.0002131292455089806
10 60 -0.8 -0.75 46 48 35.06046338517137 0.0001674992888638371
10 60 -0.8 -0.75 48 50 30.42859934620273 0.0001467060929485342
10 60 -0.8 -0.75 50 52 26.52421385805063 0.0001290708879650992
10 60 -0.8 -0.75 52 54 23.21561487555432 0.000105145337606416
10 60 -0.8 -0.75 54 56 20.39804643210335 8.970841275157682e-05
10 60 -0.8 -0.75 56 58 17.98747167209297 7.635011027318228e-05
10 60 -0.8 -0.75 58 60 15.9160801781163 6.255315401126893e-05
10 60 -0.8 -0.75 60 65 32.48370098523403 0.0001257914968348928
10 60 -0.8 -0.75 65 70 24.55311829963122 9.116821599519653e-05
10 60 -0.8 -0.75 70 80 33.5642774329066 0.0001243879593815223
10 60 -0.8 -0.75 80 90 20.87593433536081 7.749784782262736e-05
10 60 -0.8 -0.75 90 100 13.57537936768848 5.065389186853508e-05
10 60 -0.75 -0.7 0 0.5 -58143.22624977287 0.5610287452072953
10 60 -0.75 -0.7 0.5 1 366.6731910709602 0.002074340470983316
10 60 -0.75 -0.7 1 1.5 4495.868963703677 0.1967853198802914
10 60 -0.75 -0.7 1.5 2 4287.502113715842 0.1467402691287134
10 60 -0.75 -0.7 2 2.5 3682.696259891326 0.1188745130916686
10 60 -0.75 -0.7 2.5 3 3121.272140229978 0.0980885389640207
10 60 -0.75 -0.7 3 3.5 2656.157905084189 0.07914628399976209
10 60 -0.75 -0.7 3.5 4 2278.221753558933 0.06470565040808651
10 60 -0.75 -0.7 4 4.5 1970.189748682833 0.05299042691785871
10 60 -0.75 -0.7 4.5 5 1716.798431017324 0.04309517030083043
10 60 -0.75 -0.7 5 5.5 1506.118081080875 0.03511749722269997
10 60 -0.75 -0.7 5.5 6 1329.13578951495 0.02894180942689673
10 60 -0.75 -0.7 6 6.5 1179.045775485505 0.02356391839066418
10 60 -0.75 -0.7 6.5 7 1050.682678114327 0.01918598894280876
10 60 -0.75 -0.7 7 7.5 940.0860292814847 0.01593637788141677
10 60 -0.75 -0.7 7.5 8 844.1678397488381 0.01305740219231666
10 60 -0.75 -0.7 8 8.5 760.5050837113886 0.01094458760826456
10 60 -0.75 -0.7 8.5 9 687.1586215649115 0.009119346428747122
10 60 -0.75 -0.7 9 9.5 622.5673157167997 0.007753639442626081
10 60 -0.75 -0.7 9.5 10 565.4561557231772 0.00656788364062777
10 60 -0.75 -0.7 10 10.5 514.777687693405 0.005670526963626799
10 60 -0.75 -0.7 10.5 11 469.6576509661262 0.004911434656435176
10 60 -0.75 -0.7 11 11.5 429.3664567967273 0.0042871642245359
10 60 -0.75 -0.7 11.5 12 393.2885764494873 0.01747731442588929
10 60 -0.75 -0.7 12 12.5 360.9000534457552 0.01336204259990836
10 60 -0.75 -0.7 12.5 13 331.7539712619314 0.01006091494190287
10 60 -0.75 -0.7 13 13.5 305.4671543192579 0.007423761192285383
10 60 -0.75 -0.7 13.5 14 281.7092225975694 0.005355955137133606
10 60 -0.75 -0.7 14 14.5 260.1936923638597 0.003702487109990216
10 60 -0.75 -0.7 14.5 15 240.6717894337058 0.002382412083278496
10 60 -0.75 -0.7 15 16 429.6957670489579 0.00756181826085367
10 60 -0.75 -0.7 16 17 370.6009236714352 0.002596281926969368
10 60 -0.75 -0.7 17 18 321.2174880106689 0.008450200703350674
10 60 -0.75 -0.7 18 19 279.703446007833 0.01164783490361287
10 60 -0.75 -0.7 19 20 244.610997382754 0.001531244654898956
10 60 -0.75 -0.7 20 21 214.7928196484538 0.001368274797613367
10 60 -0.75 -0.7 21 22 189.3320310697333 0.001189558769027599
10 60 -0.75 -0.7 22 23 167.4919937657112 0.001049067149750726
10 60 -0.75 -0.7 23 24 148.6764117255165 0.0009454174373217938
10 60 -0.75 -0.7 24 25 132.3996364997797 0.0008248453802082167
10 60 -0.75 -0.7 25 26 118.2644897622526 0.0007198294243835335
10 60 -0.75 -0.7 26 27 105.9440812025948 0.0006419212861175083
10 60 -0.75 -0.7 27 28 95.16780815163331 0.0005698420035855634
10 60 -0.75 -0.7 28 29 85.71077626507586 0.0005097969400083002
10 60 -0.75 -0.7 29 30 77.38514512350318 0.0004708970696185588
10 60 -0.75 -0.7 30 31 70.03332143710979 0.0004148031563744325
10 60 -0.75 -0.7 31 32 63.52275994183564 0.0003666846103342891
10 60 -0.75 -0.7 32 33 57.74140642238753 0.0003353491467734671
10 60 -0.75 -0.7 33 34 52.59407185237541 0.0003157481415243524
10 60 -0.75 -0.7 34 35 47.99965184144151 0.0002821177304639377
10 60 -0.75 -0.7 35 36 43.8889232442806 0.0002469083631950753
10 60 -0.75 -0.7 36 37 40.20255027726956 0.0002274991970949714
10 60 -0.75 -0.7 37 38 36.8894196491364 0.0002149724234143946
10 60 -0.75 -0.7 38 39 33.90541626396521 0.0001929722057454342
10 60 -0.75 -0.7 39 40 31.21241389555048 0.0001655868964860474
10 60 -0.75 -0.7 40 42 55.34864541831433 0.0003021701199017457
10 60 -0.75 -0.7 42 44 47.31803880393345 0.0002703042666141187
10 60 -0.75 -0.7 44 46 40.67019681150478 0.0002088508064659322
10 60 -0.75 -0.7 46 48 35.1315217708685 0.0001767114749426923
10 60 -0.75 -0.7 48 50 30.48910886203328 0.0001536582157584121
10 60 -0.75 -0.7 50 52 26.5759124379519 0.0001265935002905394
10 60 -0.75 -0.7 52 54 23.25998394451051 0.0001098009006952338
10 60 -0.75 -0.7 54 56 20.43623503625562 9.207410280964723e-05
10 60 -0.75 -0.7 56 58 18.02043746083691 7.823640103410412e-05
10 60 -0.75 -0.7 58 60 15.94460594864172 6.679470663151221e-05
10 60 -0.75 -0.7 60 65 32.53951956051825 0.000128290091232941
10 60 -0.75 -0.7 65 70 24.59265329894892 9.122184459897653e-05
10 60 -0.75 -0.7 70 80 33.61278644779214 0.000124421423457477
10 60 -0.75 -0.7 80 90 20.90109224524065 7.749504335308188e-05
10 60 -0.75 -0.7 90 100 13.58838280782915 5.063482064393554e-05
10 60 -0.7 -0.65 0 0.5 -58324.50908518888 0.6562142009061063
10 60 -0.7 -0.65 0.5 1 351.1752769332703 0.002417729318381134
10 60 -0.7 -0.65 1 1.5 4499.418380955543 0.04680060924056306
10 60 -0.7 -0.65 1.5 2 4293.740078044658 0.188387841731128
10 60 -0.7 -0.65 2 2.5 3688.984597389538 0.1367058737500884
10 60 -0.7 -0.65 2.5 3 3127.046737507951 0.1051702209751966
10 60 -0.7 -0.65 3 3.5 2661.317002639237 0.08330778930803717
10 60 -0.7 -0.65 3.5 4 2282.796768899844 0.0654566984558187
10 60 -0.7 -0.65 4 4.5 1974.244504443797 0.05207389001247975
10 60 -0.7 -0.65 4.5 5 1720.397373301345 0.04194683386890574
10 60 -0.7 -0.65 5 5.5 1509.325592695989 0.0338969916822407
10 60 -0.7 -0.65 5.5 6 1331.9999482134 0.02753222290084523
10 60 -0.7 -0.65 6 6.5 1181.610472202633 0.02254811166130821
10 60 -0.7 -0.65 6.5 7 1052.989507964238 0.0187983587409235
10 60 -0.7 -0.65 7 7.5 942.1615638672262 0.0154875672100161
10 60 -0.7 -0.65 7.5 8 846.0432943546448 0.01296049259292431
10 60 -0.7 -0.65 8 8.5 762.2011713029405 0.0110041182799705
10 60 -0.7 -0.65 8.5 9 688.6966353852187 0.009215288612722361
10 60 -0.7 -0.65 9 9.5 623.9635389127827 0.007913086233088507
10 60 -0.7 -0.65 9.5 10 566.7279231433699 0.006662837982389647
10 60 -0.7 -0.65 10 10.5 515.9361743339072 0.005780207041311769
10 60 -0.7 -0.65 10.5 11 470.7153590636492 0.00486349783903961
10 60 -0.7 -0.65 11 11.5 430.3343582924502 0.004285418096742433
10 60 -0.7 -0.65 11.5 12 394.1749877924207 0.01754767823229031
10 60 -0.7 -0.65 12 12.5 361.7128282308298 0.01338955370221129
10 60 -0.7 -0.65 12.5 13 332.5006479163488 0.01007171128173923
10 60 -0.7 -0.65 13 13.5 306.1543613236549 0.007469295919122487
10 60 -0.7 -0.65 13.5 14 282.3422977750922 0.005360823711953344
10 60 -0.7 -0.65 14 14.5 260.7777936706377 0.003700154609987294
10 60 -0.7 -0.65 14.5 15 241.2115738347466 0.002393875374650634
10 60 -0.7 -0.65 15 16 430.6576900672337 0.007538059861985857
10 60 -0.7 -0.65 16 17 371.4287122851222 0.002581065283436601
10 60 -0.7 -0.65 17 18 321.9329420052193 0.008467606263764083
10 60 -0.7 -0.65 18 19 280.3243564612415 0.01171135409668977
10 60 -0.7 -0.65 19 20 245.1523954183074 0.001584839245765579
10 60 -0.7 -0.65 20 21 215.2663036508171 0.001368697318071099
10 60 -0.7 -0.65 21 22 189.7478954718666 0.001200707649132937
10 60 -0.7 -0.65 22 23 167.8586423948176 0.001079909370588439
10 60 -0.7 -0.65 23 24 149.0005222923946 0.0009383475540971631
10 60 -0.7 -0.65 24 25 132.6872042984617 0.000827150744271421
10 60 -0.7 -0.65 25 26 118.5205218911271 0.0007326537494662944
10 60 -0.7 -0.65 26 27 106.1726454554678 0.0006459930975069028
10 60 -0.7 -0.65 27 28 95.37239215314307 0.0005909009502573781
10 60 -0.7 -0.65 28 29 85.89420941992779 0.0005289865336095545
10 60 -0.7 -0.65 29 30 77.549918197221 0.0004556979654921633
10 60 -0.7 -0.65 30 31 70.18185362154928 0.0004114475723042688
10 60 -0.7 -0.65 31 32 63.65702784065063 0.0003919940354180085
10 60 -0.7 -0.65 32 33 57.86289081400821 0.0003569917003005685
10 60 -0.7 -0.65 33 34 52.70409062578635 0.0003102634923664027
10 60 -0.7 -0.65 34 35 48.09952405055991 0.0002782425566394409
10 60 -0.7 -0.65 35 36 43.9797911296041 0.000266621003056855
10 60 -0.7 -0.65 36 37 40.28528947082777 0.0002449379206694857
10 60 -0.7 -0.65 37 38 36.96481720459504 0.0002089945741232668
10 60 -0.7 -0.65 38 39 33.97425550212957 0.0001908766559282071
10 60 -0.7 -0.65 39 40 31.27536499867154 0.000178186644689049
10 60 -0.7 -0.65 40 42 55.45898076812016 0.0003203654440753212
10 60 -0.7 -0.65 42 44 47.41082845746136 0.0002549899584707305
10 60 -0.7 -0.65 44 46 40.74884284297036 0.0002255605152328144
10 60 -0.7 -0.65 46 48 35.19833713040764 0.0001891046123390083
10 60 -0.7 -0.65 48 50 30.54596946728554 0.0001492519811705506
10 60 -0.7 -0.65 50 52 26.6245449069624 0.0001321237488092208
10 60 -0.7 -0.65 52 54 23.30173279009126 0.0001102799353880357
10 60 -0.7 -0.65 54 56 20.47220671943873 9.449223550461738e-05
10 60 -0.7 -0.65 56 58 18.05152273613257 8.240340974552396e-05
10 60 -0.7 -0.65 58 60 15.97152272115528 7.173315210806663e-05
10 60 -0.7 -0.65 60 65 32.59226221008264 0.0001306204232704999
10 60 -0.7 -0.65 65 70 24.63005308447395 9.507960621490952e-05
10 60 -0.7 -0.65 70 80 33.65870554915333 0.0001244595643044022
10 60 -0.7 -0.65 80 90 20.92494683650625 7.749555835800948e-05
10 60 -0.7 -0.65 90 100 13.60073906247096 5.061791433824681e-05
10 60 -0.65 -0.6 0 0.5 -58492.81212960967 0.7763716250410653
10 60 -0.65 -0.6 0.5 1 336.9565802162066 0.0111491084888371
10 60 -0.65 -0.6 1 1.5 4502.839254914878 0.224321083634095
10 60 -0.65 -0.6 1.5 2 4299.600988908966 0.1790020509779424
10 60 -0.65 -0.6 2 2.5 3694.873570767502 0.1326275582109702
10 60 -0.65 -0.6 2.5 3 3132.441000018099 0.1003090441640779
10 60 -0.65 -0.6 3 3.5 2666.133087923788 0.07875877272863363
10 60 -0.65 -0.6 3.5 4 2287.061448039306 0.0630308351351232
10 60 -0.65 -0.6 4 4.5 1978.025685445892 0.05054270060395538
10 60 -0.65 -0.6 4.5 5 1723.750959780383 0.04105364851807281
10 60 -0.65 -0.6 5 5.5 1512.311433589514 0.03366674437506845
10 60 -0.65 -0.6 5.5 6 1334.666671041728 0.02759049025121385
10 60 -0.65 -0.6 6 6.5 1184.000446079407 0.02282329413128537
10 60 -0.65 -0.6 6.5 7 1055.135736813855 0.01902659087704706
10 60 -0.65 -0.6 7 7.5 944.095965878936 0.01588252249996458
10 60 -0.65 -0.6 7.5 8 847.789743847751 0.01333029700515453
10 60 -0.65 -0.6 8 8.5 763.7822295406222 0.01105305706005311
10 60 -0.65 -0.6 8.5 9 690.1291276106956 0.009382409530758196
10 60 -0.65 -0.6 9 9.5 625.2661641970014 0.007864644640221741
10 60 -0.65 -0.6 9.5 10 567.9127605176985 0.006677463663891103
10 60 -0.65 -0.6 10 10.5 517.0162987973318 0.005706388266617068
10 60 -0.65 -0.6 10.5 11 471.7023397313546 0.004946032665372968
10 60 -0.65 -0.6 11 11.5 431.237006518051 0.004252673137955298
10 60 -0.65 -0.6 11.5 12 395.0014213069143 0.01756394836723985
10 60 -0.65 -0.6 12 12.5 362.4710669636694 0.01341867275993991
10 60 -0.65 -0.6 12.5 13 333.1973107918946 0.01011842220805192
10 60 -0.65 -0.6 13 13.5 306.795009604287 0.007463235746229202
10 60 -0.65 -0.6 13.5 14 282.9324955767564 0.005375712356055828
10 60 -0.65 -0.6 14 14.5 261.3222188876133 0.003713625469686122
10 60 -0.65 -0.6 14.5 15 241.7143646745997 0.002399154520901448
10 60 -0.65 -0.6 15 16 431.5536333175181 0.007520971143719635
10 60 -0.65 -0.6 16 17 372.1993795565459 0.002552884207318584
10 60 -0.65 -0.6 17 18 322.5986318602218 0.008534326757967392
10 60 -0.65 -0.6 18 19 280.9023691715313 0.01169741675585101
10 60 -0.65 -0.6 19 20 245.6558907593115 0.001585087704796706
10 60 -0.65 -0.6 20 21 215.7068886502765 0.001389772648167309
10 60 -0.65 -0.6 21 22 190.1349059898907 0.001235735951411243
10 60 -0.65 -0.6 22 23 168.1995006258572 0.001063386425357749
10 60 -0.65 -0.6 23 24 149.3020374531239 0.0009458743034826966
10 60 -0.65 -0.6 24 25 132.9549328147158 0.0008341268105027666
10 60 -0.65 -0.6 25 26 118.7589804421023 0.0007356724435112483
10 60 -0.65 -0.6 26 27 106.3856053679557 0.0006788366518577504
10 60 -0.65 -0.6 27 28 95.56286714292713 0.0005928865870714617
10 60 -0.65 -0.6 28 29 86.06504808553113 0.0005154509137668128
10 60 -0.65 -0.6 29 30 77.70366122131624 0.0004752505848983901
10 60 -0.65 -0.6 30 31 70.32039570743486 0.0004411807779121091
10 60 -0.65 -0.6 31 32 63.7819855151477 0.0003869494565975629
10 60 -0.65 -0.6 32 33 57.97590676495265 0.000345776090235006
10 60 -0.65 -0.6 33 34 52.80660486020033 0.0003261344696454671
10 60 -0.65 -0.6 34 35 48.19260598917364 0.0003046519465641495
10 60 -0.65 -0.6 35 36 44.06434242616803 0.0002592538080889994
10 60 -0.65 -0.6 36 37 40.362274879233 0.0002335842195009263
10 60 -0.65 -0.6 37 38 37.03509684965213 0.0002227395492298001
10 60 -0.65 -0.6 38 39 34.03846654747979 0.0002107318847492934
10 60 -0.65 -0.6 39 40 31.33403065108494 0.0001881790289388618
10 60 -0.65 -0.6 40 42 55.56174765775589 0.000306370133529299
10 60 -0.65 -0.6 42 44 47.49739391174722 0.0002682053632696579
10 60 -0.65 -0.6 44 46 40.82211529977915 0.0002289480390729182
10 60 -0.65 -0.6 46 48 35.26065632736771 0.0001891316857651759
10 60 -0.65 -0.6 48 50 30.59918368994238 0.0001627971205842016
10 60 -0.65 -0.6 50 52 26.67004874943388 0.0001294758463963319
10 60 -0.65 -0.6 52 54 23.34081672985573 0.0001126604727268443
10 60 -0.65 -0.6 54 56 20.50590297430375 0.0001005789677535063
10 60 -0.65 -0.6 56 58 18.08063387375672 8.42796302009674e-05
10 60 -0.65 -0.6 58 60 15.99673695586386 7.032022293351758e-05
10 60 -0.65 -0.6 60 65 32.64184385743259 0.0001408072087940582
10 60 -0.65 -0.6 65 70 24.66518181989131 9.649920883347818e-05
10 60 -0.65 -0.6 70 80 33.70190264705316 0.0001245046717244236
10 60 -0.65 -0.6 80 90 20.94743921642122 7.749572039728037e-05
10 60 -0.65 -0.6 90 100 13.6124499678405 5.060163970682652e-05
10 60 -0.6 -0.55 0 0.5 -58648.16067773167 0.8339940376099548
10 60 -0.6 -0.55 0.5 1 324.0217067118349 0.003922618106798836
10 60 -0.6 -0.55 1 1.5 4506.121939475602 0.1710497215590294
10 60 -0.6 -0.55 1.5 2 4305.093479592863 0.1503647501349406
10 60 -0.6 -0.55 2 2.5 3700.363999460811 0.125642601014988
10 60 -0.6 -0.55 2.5 3 3137.453197137347 0.0996949772716107
10 60 -0.6 -0.55 3 3.5 2670.602990396712 0.08015094092797881
10 60 -0.6 -0.55 3.5 4 2291.017215009516 0.06567919765575425
10 60 -0.6 -0.55 4 4.5 1981.528046163778 0.05402610343048764
10 60 -0.6 -0.55 4.5 5 1726.859105143782 0.04384426752881154
10 60 -0.6 -0.55 5 5.5 1515.07811004645 0.03569355221748083
10 60 -0.6 -0.55 5.5 6 1337.134854245411 0.02934089667519402
10 60 -0.6 -0.55 6 6.5 1186.212346479805 0.02390744703143355
10 60 -0.6 -0.55 6.5 7 1057.122310508378 0.01925153345064246
10 60 -0.6 -0.55 7 7.5 945.8852728890438 0.01582791104772241
10 60 -0.6 -0.55 7.5 8 849.4065188108603 0.01307816336964152
10 60 -0.6 -0.55 8 8.5 765.2443367154859 0.01077281348455017
10 60 -0.6 -0.55 8.5 9 691.4563144699393 0.009099178861106338
10 60 -0.6 -0.55 9 9.5 626.4715776918648 0.007689472923061658
10 60 -0.6 -0.55 9.5 10 569.0098016495486 0.006694724051158119
10 60 -0.6 -0.55 10 10.5 518.0172647931803 0.005677874712205266
10 60 -0.6 -0.55 10.5 11 472.6164635655457 0.004960542113281008
10 60 -0.6 -0.55 11 11.5 432.0727918988277 0.004284226807612868
10 60 -0.6 -0.55 11.5 12 395.7674202055335 0.01763661643445857
10 60 -0.6 -0.55 12 12.5 363.1737678843872 0.01345911372487762
10 60 -0.6 -0.55 12.5 13 333.8427113868802 0.01013388791869829
10 60 -0.6 -0.55 13 13.5 307.3887859091719 0.007496604392940753
10 60 -0.6 -0.55 13.5 14 283.4792888881325 0.005395073852810128
10 60 -0.6 -0.55 14 14.5 261.8263274353287 0.003715587103727103
10 60 -0.6 -0.55 14.5 15 242.1799267099773 0.00239396491534194
10 60 -0.6 -0.55 15 16 432.3831112193668 0.007621621432463144
10 60 -0.6 -0.55 16 17 372.912026626482 0.002624917517380254
10 60 -0.6 -0.55 17 18 323.2144572035573 0.008508360455664388
10 60 -0.6 -0.55 18 19 281.4365211174124 0.01173193741163914
10 60 -0.6 -0.55 19 20 246.1213269428978 0.00159766129053196
10 60 -0.6 -0.55 20 21 216.1141592012553 0.001413773100154003
10 60 -0.6 -0.55 21 22 190.4924000642954 0.001222530396290722
10 60 -0.6 -0.55 22 23 168.5146813842702 0.001081364610996616
10 60 -0.6 -0.55 23 24 149.580927104085 0.000940868897174596
10 60 -0.6 -0.55 24 25 133.2026455684534 0.0008416578196204227
10 60 -0.6 -0.55 25 26 118.9796208420697 0.000773186867320419
10 60 -0.6 -0.55 26 27 106.5824510348779 0.0006647021824335297
10 60 -0.6 -0.55 27 28 95.73912987834314 0.0005862964896294898
10 60 -0.6 -0.55 28 29 86.22336842509219 0.0005503019817183485
10 60 -0.6 -0.55 29 30 77.84597872486368 0.0004956345260467288
10 60 -0.6 -0.55 30 31 70.44850296518638 0.000430779605650855
10 60 -0.6 -0.55 31 32 63.89762239446603 0.0003906842467671368
10 60 -0.6 -0.55 32 33 58.08050446036512 0.0003709806161893425
10 60 -0.6 -0.55 33 34 52.9013149576796 0.000326419399030442
10 60 -0.6 -0.55 34 35 48.27855735082328 0.0002881773686738143
10 60 -0.6 -0.55 35 36 44.1425789049834 0.0002715309403882316
10 60 -0.6 -0.55 36 37 40.4335560801087 0.0002554138744557122
10 60 -0.6 -0.55 37 38 37.10004662204461 0.0002308137026858503
10 60 -0.6 -0.55 38 39 34.09771989073715 0.0001984167564117456
10 60 -0.6 -0.55 39 40 31.38823757686137 0.0001832128155641044
10 60 -0.6 -0.55 40 42 55.65702504107407 0.0003312798517711713
10 60 -0.6 -0.55 42 44 47.57756819139053 0.0002692105999955174
10 60 -0.6 -0.55 44 46 40.88991808863594 0.0002248287898609647
10 60 -0.6 -0.55 46 48 35.31839267449287 0.0001972348225152132
10 60 -0.6 -0.55 48 50 30.64854794362802 0.0001630519002837616
10 60 -0.6 -0.55 50 52 26.7124010462602 0.0001395137554993653
10 60 -0.6 -0.55 52 54 23.37718889273868 0.0001179017088439593
10 60 -0.6 -0.55 54 56 20.53721696386394 9.80349791603885e-05
10 60 -0.6 -0.55 56 58 18.10771683226652 8.487019231040449e-05
10 60 -0.6 -0.55 58 60 16.02024275301254 7.621719112194114e-05
10 60 -0.6 -0.55 60 65 32.6880532484367 0.0001464299730358221
10 60 -0.6 -0.55 65 70 24.69798914744721 0.000100282454443601
10 60 -0.6 -0.55 70 80 33.74226702863275 0.0001245241110154893
10 60 -0.6 -0.55 80 90 20.96850927040718 7.749672833767818e-05
10 60 -0.6 -0.55 90 100 13.62346519947868 5.059028378084918e-05
10 60 -0.55 -0.5 0 0.5 -58790.69032695515 0.8120520531010698
10 60 -0.55 -0.5 0.5 1 312.3543454567735 0.003858898070348005
10 60 -0.55 -0.5 1 1.5 4509.253649752155 0.08471211060441419
10 60 -0.55 -0.5 1.5 2 4310.221060296367 0.1749977590052367
10 60 -0.55 -0.5 2 2.5 3705.454288090963 0.1372346472335266
10 60 -0.55 -0.5 2.5 3 3142.087886694358 0.107664303875481
10 60 -0.55 -0.5 3 3.5 2674.728087454763 0.08327176696866445
10 60 -0.55 -0.5 3.5 4 2294.668519046143 0.06528668958208073
10 60 -0.55 -0.5 4 4.5 1984.754117753508 0.05229070374048206
10 60 -0.55 -0.5 4.5 5 1729.72114898948 0.04227419730182191
10 60 -0.55 -0.5 5 5.5 1517.621763903749 0.03399019389053137
10 60 -0.55 -0.5 5.5 6 1339.406497109958 0.02733656787131622
10 60 -0.55 -0.5 6 6.5 1188.244895177387 0.02238473428383259
10 60 -0.55 -0.5 6.5 7 1058.947188411366 0.01867821526343505
10 60 -0.55 -0.5 7 7.5 947.5296782003775 0.01557966904181285
10 60 -0.55 -0.5 7.5 8 850.8902722302419 0.01292369312807296
10 60 -0.55 -0.5 8 8.5 766.5880200224315 0.01115998071395552
10 60 -0.55 -0.5 8.5 9 692.6749552698174 0.009423414974662592
10 60 -0.55 -0.5 9 9.5 627.5787744831849 0.007966671355120525
10 60 -0.55 -0.5 9.5 10 570.0183927602141 0.00678634386702015
10 60 -0.55 -0.5 10 10.5 518.9367972621945 0.00578920948328232
10 60 -0.55 -0.5 10.5 11 473.456071393232 0.004989696673987964
10 60 -0.55 -0.5 11 11.5 432.8413355950307 0.004240915179252625
10 60 -0.55 -0.5 11.5 12 396.4714466288813 0.01766709421480073
10 60 -0.55 -0.5 12 12.5 363.8197405022619 0.01349131659435443
10 60 -0.55 -0.5 12.5 13 334.4363320510327 0.01018048308975494
10 60 -0.55 -0.5 13 13.5 307.9347002458151 0.007523778296558703
10 60 -0.55 -0.5 13.5 14 283.981923773751 0.005389084360160723
10 60 -0.55 -0.5 14 14.5 262.2899956423607 0.003728466027155264
10 60 -0.55 -0.5 14.5 15 242.6081514099324 0.002413273839039221
10 60 -0.55 -0.5 15 16 433.1449877992131 0.007556558997180218
10 60 -0.55 -0.5 16 17 373.5667089239702 0.002593146190804418
10 60 -0.55 -0.5 17 18 323.7795948834155 0.008522363949509781
10 60 -0.55 -0.5 18 19 281.9266241093644 0.01177995372756868
10 60 -0.55 -0.5 19 20 246.5484509676392 0.00161883770778104
10 60 -0.55 -0.5 20 21 216.4876159222741 0.001396752781516852
10 60 -0.55 -0.5 21 22 190.8204282396331 0.001230853723171776
10 60 -0.55 -0.5 22 23 168.8040217621023 0.001073604714775911
10 60 -0.55 -0.5 23 24 149.837165040264 0.0009651552913965133
10 60 -0.55 -0.5 24 25 133.4300531981206 0.0008672986851365749
10 60 -0.55 -0.5 25 26 119.1819251467141 0.0007458039159757845
10 60 -0.55 -0.5 26 27 106.7632802201777 0.0006747571568723743
10 60 -0.55 -0.5 27 28 95.9011464636842 0.0006286311966618996
10 60 -0.55 -0.5 28 29 86.36860132870243 0.0005492715154815642
10 60 -0.55 -0.5 29 30 77.97649587705429 0.0004844092132145761
10 60 -0.55 -0.5 30 31 70.5661624717644 0.0004553348885565356
10 60 -0.55 -0.5 31 32 64.0037922137173 0.0004164789195044705
10 60 -0.55 -0.5 32 33 58.17637977283888 0.0003513601414226741
10 60 -0.55 -0.5 33 34 52.98817966387794 0.0003226389282176001
10 60 -0.55 -0.5 34 35 48.35746805082333 0.0003120205361142325
10 60 -0.55 -0.5 35 36 44.21429527632315 0.0002853294595794864
10 60 -0.55 -0.5 36 37 40.49879227091762 0.000246822417629744
10 60 -0.55 -0.5 37 38 37.15953632515964 0.000222077192638892
10 60 -0.55 -0.5 38 39 34.15210880671396 0.0002083288609711076
10 60 -0.55 -0.5 39 40 31.43801414206305 0.0001930922497734855
10 60 -0.55 -0.5 40 42 55.74441918230108 0.0003339996392810463
10 60 -0.55 -0.5 42 44 47.65126464527295 0.0002758089319883084
10 60 -0.55 -0.5 44 46 40.95229287710715 0.0002284587588619047
10 60 -0.55 -0.5 46 48 35.37144446584659 0.0001927870389835107
10 60 -0.55 -0.5 48 50 30.69397384494508 0.0001704889365363726
10 60 -0.55 -0.5 50 52 26.75141388504824 0.0001457514849327879
10 60 -0.55 -0.5 52 54 23.41075028387865 0.0001196667474516744
10 60 -0.55 -0.5 54 56 20.56615891487947 0.0001005578334201118
10 60 -0.55 -0.5 56 58 18.13274734774001 8.857476785451013e-05
10 60 -0.55 -0.5 58 60 16.04194225694024 7.722472259530377e-05
10 60 -0.55 -0.5 60 65 32.73074619689108 0.0001505505278700525
10 60 -0.55 -0.5 65 70 24.72837783939197 0.0001085874455100111
10 60 -0.55 -0.5 70 80 33.77970607838866 0.0001273388255356167
10 60 -0.55 -0.5 80 90 20.98810351141405 7.749363017595101e-05
10 60 -0.55 -0.5 90 100 13.63372437284357 5.0577137333363e-05
10 60 -0.5 -0.45 0 0.5 -58920.53485212712 0.7109486852205009
10 60 -0.5 -0.45 0.5 1 301.9014307352564 0.01172691639055756
10 60 -0.5 -0.45 1 1.5 4512.214787992464 0.06704705593983817
10 60 -0.5 -0.45 1.5 2 4314.952655055394 0.1717252601101791
10 60 -0.5 -0.45 2 2.5 3710.13924267388 0.1221736466704897
10 60 -0.5 -0.45 2.5 3 3146.347491225999 0.09672297300812716
10 60 -0.5 -0.45 3 3.5 2678.507654815351 0.07840294076504506
10 60 -0.5 -0.45 3.5 4 2298.011039730276 0.06249835953894944
10 60 -0.5 -0.45 4 4.5 1987.705254741416 0.04985214169710162
10 60 -0.5 -0.45 4.5 5 1732.336963612888 0.04081340761308638
10 60 -0.5 -0.45 5 5.5 1519.944907193446 0.03396336058358429
10 60 -0.5 -0.45 5.5 6 1341.478337067442 0.02815467576147057
10 60 -0.5 -0.45 6 6.5 1190.098169494243 0.02326426891340816
10 60 -0.5 -0.45 6.5 7 1060.61075076452 0.01947985350830095
10 60 -0.5 -0.45 7 7.5 949.0269076230667 0.01622323367575973
10 60 -0.5 -0.45 7.5 8 852.2418296215992 0.01355942065686122
10 60 -0.5 -0.45 8 8.5 767.8112301393732 0.01119438542332318
10 60 -0.5 -0.45 8.5 9 693.7839055118812 0.009247683523312844
10 60 -0.5 -0.45 9 9.5 628.5872394479745 0.007884634754304898
10 60 -0.5 -0.45 9.5 10 570.9363446210594 0.00658864818751681
10 60 -0.5 -0.45 10 10.5 519.7736846598248 0.005668608741075332
10 60 -0.5 -0.45 10.5 11 474.220883221306 0.004902382168950226
10 60 -0.5 -0.45 11 11.5 433.5408415222834 0.004299497394413265
10 60 -0.5 -0.45 11.5 12 397.1125274892742 0.01770057163690808
10 60 -0.5 -0.45 12 12.5 364.4082246099109 0.01355099842851359
10 60 -0.5 -0.45 12.5 13 334.9768720737455 0.01020012135194293
10 60 -0.5 -0.45 13 13.5 308.4319317198006 0.007520667686435445
10 60 -0.5 -0.45 13.5 14 284.4402087871177 0.005424284834020909
10 60 -0.5 -0.45 14 14.5 262.7126519418478 0.003751272442741538
10 60 -0.5 -0.45 14.5 15 242.9981552950379 0.002411941171345688
10 60 -0.5 -0.45 15 16 433.8391808368997 0.007576288116581509
10 60 -0.5 -0.45 16 17 374.1627363650658 0.002589262637286538
10 60 -0.5 -0.45 17 18 324.2937341885861 0.008590033606139968
10 60 -0.5 -0.45 18 19 282.3726826354927 0.01177922541410226
10 60 -0.5 -0.45 19 20 246.9368392639731 0.001599730718993442
10 60 -0.5 -0.45 20 21 216.8274147758107 0.001405304596261203
10 60 -0.5 -0.45 21 22 191.1190094716587 0.00121558845185632
10 60 -0.5 -0.45 22 23 169.067527086771 0.001098644696185147
10 60 -0.5 -0.45 23 24 150.0702295292096 0.0009816835570859439
10 60 -0.5 -0.45 24 25 133.6367997636461 0.0008428705227458977
10 60 -0.5 -0.45 25 26 119.3661965499288 0.0007703155126534966
10 60 -0.5 -0.45 26 27 106.9278198158959 0.0007064099574876082
10 60 -0.5 -0.45 27 28 96.04827447707257 0.0006147887494449833
10 60 -0.5 -0.45 28 29 86.50062284315439 0.0005550689435978029
10 60 -0.5 -0.45 29 30 78.09522624554607 0.0005221432712261276
10 60 -0.5 -0.45 30 31 70.67297117168893 0.0004474291126683738
10 60 -0.5 -0.45 31 32 64.1001596968856 0.0003980028993737506
10 60 -0.5 -0.45 32 33 58.26364036365003 0.0003778151887843251
10 60 -0.5 -0.45 33 34 53.0672037721864 0.0003520622629693548
10 60 -0.5 -0.45 34 35 48.42900931672543 0.0002993164629643275
10 60 -0.5 -0.45 35 36 44.27926897670886 0.0002687296300223352
10 60 -0.5 -0.45 36 37 40.55803054356841 0.0002546419717575077
10 60 -0.5 -0.45 37 38 37.21362956626712 0.0002366402754745422
10 60 -0.5 -0.45 38 39 34.20151861912111 0.0002141299390601148
10 60 -0.5 -0.45 39 40 31.48319095501446 0.000190345214104326
10 60 -0.5 -0.45 40 42 55.82380306567471 0.0003343313618060506
10 60 -0.5 -0.45 42 44 47.71833112278053 0.000283102951087244
10 60 -0.5 -0.45 44 46 41.00918147297104 0.000233832969989578
10 60 -0.5 -0.45 46 48 35.41985137905208 0.0001968316687523952
10 60 -0.5 -0.45 48 50 30.73533068074184 0.0001698895367816533
10 60 -0.5 -0.45 50 52 26.78694883379524 0.0001447218373833437
10 60 -0.5 -0.45 52 54 23.44142802371915 0.0001262499117054006
10 60 -0.5 -0.45 54 56 20.59267087877345 0.0001072131172179525
10 60 -0.5 -0.45 56 58 18.15565877211471 9.053876483733347e-05
10 60 -0.5 -0.45 58 60 16.06178894682596 7.837415699540884e-05
10 60 -0.5 -0.45 60 65 32.76982070649285 0.0001563864588760566
10 60 -0.5 -0.45 65 70 24.75619024200479 0.0001080317260928609
10 60 -0.5 -0.45 70 80 33.81412484056698 0.0001321179844921971
10 60 -0.5 -0.45 80 90 21.00618210748851 7.749782847099596e-05
10 60 -0.5 -0.45 90 100 13.64319895835528 5.056609806075585e-05
10 60 -0.45 -0.4 0 0.5 -59037.77866448001 0.6185371676692739
10 60 -0.45 -0.4 0.5 1 292.5782138202324 0.004442701175094044
10 60 -0.45 -0.4 1 1.5 4514.96388452442 0.1776218251707178
10 60 -0.45 -0.4 1.5 2 4319.27871071782 0.169679531994916
10 60 -0.45 -0.4 2 2.5 3714.410645989681 0.1304849428779562
10 60 -0.45 -0.4 2.5 3 3150.225269435959 0.1012250615358425
10 60 -0.45 -0.4 3 3.5 2681.942490081816 0.08212345091624229
10 60 -0.45 -0.4 3.5 4 2301.041316340484 0.06791159927570334
10 60 -0.45 -0.4 4 4.5 1990.381269004132 0.05555273681443396
10 60 -0.45 -0.4 4.5 5 1734.703380337409 0.04436226745406202
10 60 -0.45 -0.4 5 5.5 1522.047143933485 0.03579759698777707
10 60 -0.45 -0.4 5.5 6 1343.351307367853 0.02933487969266935
10 60 -0.45 -0.4 6 6.5 1191.771955310431 0.02402761407142862
10 60 -0.45 -0.4 6.5 7 1062.112484126421 0.0192845601316094
10 60 -0.45 -0.4 7 7.5 950.3775146579208 0.01555401635812359
10 60 -0.45 -0.4 7.5 8 853.4604505403939 0.01289890345935873
10 60 -0.45 -0.4 8 8.5 768.9128560847486 0.01077981165133224
10 60 -0.45 -0.4 8.5 9 694.7834677686137 0.00914923853952132
10 60 -0.45 -0.4 9 9.5 629.4951507239131 0.007814789376880071
10 60 -0.45 -0.4 9.5 10 571.7627012494381 0.006743062639543496
10 60 -0.45 -0.4 10 10.5 520.5277429158247 0.005845006129334251
10 60 -0.45 -0.4 10.5 11 474.9093857756355 0.004992770072419717
10 60 -0.45 -0.4 11 11.5 434.1708265700321 0.004315332100134128
10 60 -0.45 -0.4 11.5 12 397.6899641483236 0.01775850101302012
10 60 -0.45 -0.4 12 12.5 364.9378609214078 0.01355723574073409
10 60 -0.45 -0.4 12.5 13 335.4636428436231 0.01020239460734729
10 60 -0.45 -0.4 13 13.5 308.8801904273513 0.007557300431699332
10 60 -0.45 -0.4 13.5 14 284.8531509611285 0.005447611143722497
10 60 -0.45 -0.4 14 14.5 263.0933027313411 0.003739971685547516
10 60 -0.45 -0.4 14.5 15 243.3497478908176 0.002420985182709501
10 60 -0.45 -0.4 15 16 434.4651162156579 0.00766325986865013
10 60 -0.45 -0.4 16 17 374.6996033669829 0.002676479017679867
10 60 -0.45 -0.4 17 18 324.7570470669663 0.008596924206585754
10 60 -0.45 -0.4 18 19 282.7743018843811 0.01182127374994479
10 60 -0.45 -0.4 19 20 247.2866821332859 0.001608919641796547
10 60 -0.45 -0.4 20 21 217.1336006656138 0.001384270245551988
10 60 -0.45 -0.4 21 22 191.3882868363335 0.001254270071086694
10 60 -0.45 -0.4 22 23 169.3047115332272 0.001102622416510712
10 60 -0.45 -0.4 23 24 150.2798830029263 0.0009489762428813719
10 60 -0.45 -0.4 24 25 133.8231260286389 0.0008840608682589846
10 60 -0.45 -0.4 25 26 119.5319715458801 0.0007921801349368707
10 60 -0.45 -0.4 26 27 107.0755839718611 0.0006870159674292609
10 60 -0.45 -0.4 27 28 96.18054005187243 0.0006352847137804929
10 60 -0.45 -0.4 28 29 86.61921733433562 0.0005858707062884605
10 60 -0.45 -0.4 29 30 78.20167839727131 0.0004927416891433722
10 60 -0.45 -0.4 30 31 70.76894830921252 0.0004586399372925598
10 60 -0.45 -0.4 31 32 64.1868382788048 0.0004314243526408745
10 60 -0.45 -0.4 32 33 58.34187658125406 0.0003801082601597727
10 60 -0.45 -0.4 33 34 53.13797093803173 0.0003325713846109579
10 60 -0.45 -0.4 34 35 48.49326953344126 0.0003078584724107714
10 60 -0.45 -0.4 35 36 44.3377000632539 0.0002839476937666063
10 60 -0.45 -0.4 36 37 40.61119123572612 0.0002550929036146954
10 60 -0.45 -0.4 37 38 37.26209396831381 0.0002321545448964457
10 60 -0.45 -0.4 38 39 34.24581842441632 0.0002112627159647218
10 60 -0.45 -0.4 39 40 31.52377015515735 0.0001968053420426941
10 60 -0.45 -0.4 40 42 55.89514769589908 0.0003385203141732518
10 60 -0.45 -0.4 42 44 47.77862158352027 0.0002825374212349629
10 60 -0.45 -0.4 44 46 41.06045088724817 0.0002450822495987381
10 60 -0.45 -0.4 46 48 35.46352676904291 0.0002023799754766742
10 60 -0.45 -0.4 48 50 30.77262258042834 0.0001649357638733306
10 60 -0.45 -0.4 50 52 26.81899494984529 0.0001477970523495742
10 60 -0.45 -0.4 52 54 23.46909206719114 0.0001297463354106299
10 60 -0.45 -0.4 54 56 20.61660944494604 0.000111928093428304
10 60 -0.45 -0.4 56 58 18.17639311440798 9.356046065889245e-05
10 60 -0.45 -0.4 58 60 16.07976557041049 7.952880347517066e-05
10 60 -0.45 -0.4 60 65 32.80513994904116 0.0001599779790950606
10 60 -0.45 -0.4 65 70 24.78139541865036 0.0001118129626576092
10 60 -0.45 -0.4 70 80 33.84540768636192 0.0001333341942171273
10 60 -0.45 -0.4 80 90 21.02267530728098 7.749918374244658e-05
10 60 -0.45 -0.4 90 100 13.65186657069893 5.055611192261722e-05
10 60 -0.4 -0.35 0 0.5 -59142.55340923237 0.5855917641165433
10 60 -0.4 -0.35 0.5 1 284.2793206387124 0.004654082798879244
10 60 -0.4 -0.35 1 1.5 4517.454360606499 0.08598106622866908
10 60 -0.4 -0.35 1.5 2 4323.180145679753 0.1859001567117957
10 60 -0.4 -0.35 2 2.5 3718.246161249126 0.1475135334853803
10 60 -0.4 -0.35 2.5 3 3153.706223759024 0.1113455491422428
10 60 -0.4 -0.35 3 3.5 2685.028527557091 0.08459142894116667
10 60 -0.4 -0.35 3.5 4 2303.757504261572 0.06631884662419907
10 60 -0.4 -0.35 4 4.5 1992.779003490102 0.05322199425086183
10 60 -0.4 -0.35 4.5 5 1736.822114884307 0.04286895017457937
10 60 -0.4 -0.35 5 5.5 1523.92740290236 0.03412044765309474
10 60 -0.4 -0.35 5.5 6 1345.024841229323 0.0270582185009971
10 60 -0.4 -0.35 6 6.5 1193.266974749912 0.022062679319788
10 60 -0.4 -0.35 6.5 7 1063.452247715682 0.01849093073610675
10 60 -0.4 -0.35 7 7.5 951.5818076147737 0.01568897348533937
10 60 -0.4 -0.35 7.5 8 854.5451964150312 0.01322988038680251
10 60 -0.4 -0.35 8 8.5 769.8940765731377 0.01114457214828235
10 60 -0.4 -0.35 8.5 9 695.672286564282 0.009512493479633122
10 60 -0.4 -0.35 9 9.5 630.3021114584294 0.008037249209564834
10 60 -0.4 -0.35 9.5 10 572.4976398702761 0.006740135286463556
10 60 -0.4 -0.35 10 10.5 521.1975261267412 0.005763271657201585
10 60 -0.4 -0.35 10.5 11 475.5213331903701 0.004941203239070546
10 60 -0.4 -0.35 11 11.5 434.7309095163755 0.004274147121805072
10 60 -0.4 -0.35 11.5 12 398.2027111911258 0.01776153448082596
10 60 -0.4 -0.35 12 12.5 365.4084255077243 0.01355934506818812
10 60 -0.4 -0.35 12.5 13 335.8964015588855 0.01024569759425731
10 60 -0.4 -0.35 13 13.5 309.2782877842259 0.007578151288441859
10 60 -0.4 -0.35 13.5 14 285.2198301831913 0.005432256015922121
10 60 -0.4 -0.35 14 14.5 263.4318480329046 0.003763162807729259
10 60 -0.4 -0.35 14.5 15 243.6624898818658 0.002437603077453332
10 60 -0.4 -0.35 15 16 435.0215023807217 0.007598946075745516
10 60 -0.4 -0.35 16 17 375.177536824308 0.002647816897422217
10 60 -0.4 -0.35 17 18 325.1692658730307 0.008628682489643325
10 60 -0.4 -0.35 18 19 283.1315398100014 0.01184875981169853
10 60 -0.4 -0.35 19 20 247.5980126673515 0.001590208903849089
10 60 -0.4 -0.35 20 21 217.4063899952771 0.00143317775106766
10 60 -0.4 -0.35 21 22 191.6275842558441 0.001250161093537372
10 60 -0.4 -0.35 22 23 169.5155060326798 0.001079555411848787
10 60 -0.4 -0.35 23 24 150.4664995763957 0.001003851601751649
10 60 -0.4 -0.35 24 25 133.9883821262363 0.0008760653191473011
10 60 -0.4 -0.35 25 26 119.6788481216356 0.0007771879240578983
10 60 -0.4 -0.35 26 27 107.2066777704886 0.0007307123437527707
10 60 -0.4 -0.35 27 28 96.29756838543599 0.0006358858911994503
10 60 -0.4 -0.35 28 29 86.72402175523801 0.0005525265366230769
10 60 -0.4 -0.35 29 30 78.29604457416464 0.0005298325860678688
10 60 -0.4 -0.35 30 31 70.85389954255878 0.0004842832153286736
10 60 -0.4 -0.35 31 32 64.26332194318836 0.0004125706090434278
10 60 -0.4 -0.35 32 33 58.41100898490141 0.0003751847291439958
10 60 -0.4 -0.35 33 34 53.20064593672465 0.000346235298863462
10 60 -0.4 -0.35 34 35 48.55014524266034 0.0003154880697096019
10 60 -0.4 -0.35 35 36 44.38937514358634 0.0002846786332852957
10 60 -0.4 -0.35 36 37 40.65822108072265 0.0002539639525735993
10 60 -0.4 -0.35 37 38 37.3049818854857 0.0002317528543258618
10 60 -0.4 -0.35 38 39 34.28501608010351 0.0002143412047459492
10 60 -0.4 -0.35 39 40 31.55966274670886 0.0001938463788739853
10 60 -0.4 -0.35 40 42 55.95836181241926 0.0003423277705252303
10 60 -0.4 -0.35 42 44 47.83211699975723 0.0002904121383124902
10 60 -0.4 -0.35 44 46 41.10588204344671 0.000242183760001069
10 60 -0.4 -0.35 46 48 35.5023489161302 0.0002060685873459533
10 60 -0.4 -0.35 48 50 30.80589713579268 0.0001755208010578713
10 60 -0.4 -0.35 50 52 26.84751634920877 0.0001472789197727309
10 60 -0.4 -0.35 52 54 23.49365067237562 0.0001297340431243299
10 60 -0.4 -0.35 54 56 20.63787400191837 0.0001119194935874646
10 60 -0.4 -0.35 56 58 18.19487417130448 0.0001001641152100774
10 60 -0.4 -0.35 58 60 16.09581518034014 8.613697947268406e-05
10 60 -0.4 -0.35 60 65 32.83664257673349 0.000156721603318033
10 60 -0.4 -0.35 65 70 24.80390900106111 0.0001157365124520027
10 60 -0.4 -0.35 70 80 33.87347252590561 0.0001384463520182067
10 60 -0.4 -0.35 80 90 21.03751683477713 7.749751251040493e-05
10 60 -0.4 -0.35 90 100 13.65969286442332 5.05470930001195e-05
10 60 -0.35 -0.3 0 0.5 -59235.13816167031 0.6091527113094344
10 60 -0.35 -0.3 0.5 1 276.9293195322496 0.01159476326125741
10 60 -0.35 -0.3 1 1.5 4519.651462467496 0.06399348378727154
10 60 -0.35 -0.3 1.5 2 4326.624208300134 0.1534211281659736
10 60 -0.35 -0.3 2 2.5 3721.63673767078 0.1198234373982814
10 60 -0.35 -0.3 2.5 3 3156.779177922624 0.09655766820287681
10 60 -0.35 -0.3 3 3.5 2687.75513790322 0.07573766757786871
10 60 -0.35 -0.3 3.5 4 2306.157949685215 0.05963644337271035
10 60 -0.35 -0.3 4 4.5 1994.894376170767 0.04803313869160775
10 60 -0.35 -0.3 4.5 5 1738.691551793647 0.03988692432812968
10 60 -0.35 -0.3 5 5.5 1525.584856451063 0.0338038707029682
10 60 -0.35 -0.3 5.5 6 1346.498707098165 0.02853496643524522
10 60 -0.35 -0.3 6 6.5 1194.582628877546 0.02371391705014503
10 60 -0.35 -0.3 6.5 7 1064.630440932716 0.01968090750142437
10 60 -0.35 -0.3 7 7.5 952.6387980241198 0.01643490148910587
10 60 -0.35 -0.3 7.5 8 855.4977235411059 0.01359239613566388
10 60 -0.35 -0.3 8 8.5 770.7541690659987 0.01122766554635746
10 60 -0.35 -0.3 8.5 9 696.4501875698747 0.009312739504139245
10 60 -0.35 -0.3 9 9.5 631.0087863141059 0.007796089909788861
10 60 -0.35 -0.3 9.5 10 573.1399693766685 0.006660182580390028
10 60 -0.35 -0.3 10 10.5 521.7831358569955 0.005710612884286093
10 60 -0.35 -0.3 10.5 11 476.0563794387518 0.004945294963533797
10 60 -0.35 -0.3 11 11.5 435.2199104766927 0.004329514632445353
10 60 -0.35 -0.3 11.5 12 398.650922971887 0.01778682170538559
10 60 -0.35 -0.3 12 12.5 365.8198740948114 0.01362266275759794
10 60 -0.35 -0.3 12.5 13 336.2740519734699 0.01024349301502525
10 60 -0.35 -0.3 13 13.5 309.6257104732307 0.007569332342598045
10 60 -0.35 -0.3 13.5 14 285.5402260832989 0.005454963289025727
10 60 -0.35 -0.3 14 14.5 263.727459141924 0.003776345453445629
10 60 -0.35 -0.3 14.5 15 243.935464380039 0.002426698832977081
10 60 -0.35 -0.3 15 16 435.508171303265 0.007661270000198783
10 60 -0.35 -0.3 16 17 375.595989580935 0.002624075691812777
10 60 -0.35 -0.3 17 18 325.5303164251681 0.008616586498817469
10 60 -0.35 -0.3 18 19 283.4444766545656 0.01191368046318075
10 60 -0.35 -0.3 19 20 247.8710110980365 0.001639095926663003
10 60 -0.35 -0.3 20 21 217.6449192565291 0.001434461395945164
10 60 -0.35 -0.3 21 22 191.8369074906031 0.001233898605448758
10 60 -0.35 -0.3 22 23 169.7001055428613 0.001143432395309674
10 60 -0.35 -0.3 23 24 150.6292836597588 0.0009830468025597838
10 60 -0.35 -0.3 24 25 134.1325503100054 0.0008809079912168727
10 60 -0.35 -0.3 25 26 119.8069057229891 0.0008197154089657488
10 60 -0.35 -0.3 26 27 107.3204857299656 0.0006932005555171372
10 60 -0.35 -0.3 27 28 96.39932823242998 0.0006329903447408469
10 60 -0.35 -0.3 28 29 86.81531450016838 0.0005993786592455308
10 60 -0.35 -0.3 29 30 78.37782878107899 0.0005241463605614172
10 60 -0.35 -0.3 30 31 70.92741386898952 0.0004596070277216313
10 60 -0.35 -0.3 31 32 64.32974893244368 0.0004273119857600705
10 60 -0.35 -0.3 32 33 58.4711080287419 0.0003884798992572769
10 60 -0.35 -0.3 33 34 53.25504985704187 0.0003489877219777782
10 60 -0.35 -0.3 34 35 48.59947642718838 0.000309016413304164
10 60 -0.35 -0.3 35 36 44.43423724726764 0.0002824927902977947
10 60 -0.35 -0.3 36 37 40.69911829530472 0.0002620084390585475
10 60 -0.35 -0.3 37 38 37.34229878499141 0.000233987316612172
10 60 -0.35 -0.3 38 39 34.31910626703982 0.000210391859553738
10 60 -0.35 -0.3 39 40 31.59088127247874 0.0001932893416523029
10 60 -0.35 -0.3 40 42 56.01335662205024 0.0003489126283895416
10 60 -0.35 -0.3 42 44 47.87866801932743 0.0002907221508507973
10 60 -0.35 -0.3 44 46 41.14548506925614 0.0002438718483190883
10 60 -0.35 -0.3 46 48 35.53621809457015 0.0002092509896627348
10 60 -0.35 -0.3 48 50 30.83497304957307 0.0001828453537413566
10 60 -0.35 -0.3 50 52 26.87248502737313 0.0001529434067535362
10 60 -0.35 -0.3 52 54 23.51511373044774 0.0001263930893529164
10 60 -0.35 -0.3 54 56 20.65643008944867 0.0001159350940618253
10 60 -0.35 -0.3 56 58 18.21097103520984 0.0001024151264203965
10 60 -0.35 -0.3 58 60 16.10982085529398 8.242046252249224e-05
10 60 -0.35 -0.3 60 65 32.86434904138675 0.0001671032583132614
10 60 -0.35 -0.3 65 70 24.82365531809286 0.000113710308923487
10 60 -0.35 -0.3 70 80 33.89820392102737 0.0001437309779745988
10 60 -0.35 -0.3 80 90 21.05064783250948 7.750096754222113e-05
10 60 -0.35 -0.3 90 100 13.66667093163205 5.054139895932508e-05
10 60 -0.3 -0.25 0 0.5 -59315.67484864131 0.6804546929779463
10 60 -0.3 -0.25 0.5 1 270.4500885333284 0.01076509455242558
10 60 -0.3 -0.25 1 1.5 4521.478756278916 0.1753303063624116
10 60 -0.3 -0.25 1.5 2 4329.572910476294 0.1512865276918092
10 60 -0.3 -0.25 2 2.5 3724.558312729725 0.1145951149360371
10 60 -0.3 -0.25 2.5 3 3159.431060996833 0.09640973089517502
10 60 -0.3 -0.25 3 3.5 2690.110298682838 0.08177276009018897
10 60 -0.3 -0.25 3.5 4 2308.236507403857 0.06773129089651775
10 60 -0.3 -0.25 4 4.5 1996.724923570263 0.05530240780353779
10 60 -0.3 -0.25 4.5 5 1740.308535366033 0.04474025850072394
10 60 -0.3 -0.25 5 5.5 1527.017582371155 0.03619710547286559
10 60 -0.3 -0.25 5.5 6 1347.7713046765 0.02956785290075459
10 60 -0.3 -0.25 6 6.5 1195.718539199451 0.02413970548536781
10 60 -0.3 -0.25 6.5 7 1065.645612457258 0.01947054930928971
10 60 -0.3 -0.25 7 7.5 953.5493890729977 0.01564048414832087
10 60 -0.3 -0.25 7.5 8 856.3177608389689 0.01283063169853449
10 60 -0.3 -0.25 8 8.5 771.4923697894525 0.01079276411030605
10 60 -0.3 -0.25 8.5 9 697.1186746641097 0.00919953186814837
10 60 -0.3 -0.25 9 9.5 631.6142544080653 0.007909816759479327
10 60 -0.3 -0.25 9.5 10 573.6900986664749 0.006787189703118202
10 60 -0.3 -0.25 10 10.5 522.284539532337 0.005861207253929024
10 60 -0.3 -0.25 10.5 11 476.5135323959639 0.00501506800316065
10 60 -0.3 -0.25 11 11.5 435.6382009028824 0.004276502369577884
10 60 -0.3 -0.25 11.5 12 399.0342476848562 0.01785232751382182
10 60 -0.3 -0.25 12 12.5 366.1710863369736 0.01360368653519117
10 60 -0.3 -0.25 12.5 13 336.5966961972348 0.01025782924472196
10 60 -0.3 -0.25 13 13.5 309.922606029681 0.007585817384381244
10 60 -0.3 -0.25 13.5 14 285.813597545052 0.00545821739655139
10 60 -0.3 -0.25 14 14.5 263.9796327192578 0.003764555719385498
10 60 -0.3 -0.25 14.5 15 244.168696340708 0.00243345565363029
10 60 -0.3 -0.25 15 16 435.9245230896421 0.007698299293451782
10 60 -0.3 -0.25 16 17 375.9544288274445 0.002578765533826299
10 60 -0.3 -0.25 17 18 325.8398462640113 0.008683203020211749
10 60 -0.3 -0.25 18 19 283.713450336186 0.01186040185655202
10 60 -0.3 -0.25 19 20 248.1047956931579 0.001640253028654115
10 60 -0.3 -0.25 20 21 217.8490899655504 0.001412422664373025
10 60 -0.3 -0.25 21 22 192.0163020686069 0.001310905063775181
10 60 -0.3 -0.25 22 23 169.8576115287434 0.001110370594602728
10 60 -0.3 -0.25 23 24 150.7682993642049 0.001004444159974582
10 60 -0.3 -0.25 24 25 134.2554671077601 0.0009210692396379727
10 60 -0.3 -0.25 25 26 119.915651810059 0.0007680211263476622
10 60 -0.3 -0.25 26 27 107.4173934626263 0.0007157126569694583
10 60 -0.3 -0.25 27 28 96.48579899566199 0.0006652994067053442
10 60 -0.3 -0.25 28 29 86.89245739886972 0.0005723217475548381
10 60 -0.3 -0.25 29 30 78.44703975295522 0.0005163290728802394
10 60 -0.3 -0.25 30 31 70.98975549345548 0.0004752870980127
10 60 -0.3 -0.25 31 32 64.38597317067293 0.000430597665285859
10 60 -0.3 -0.25 32 33 58.5219247377234 0.0003840242877970468
10 60 -0.3 -0.25 33 34 53.3011096524879 0.0003455781858221485
10 60 -0.3 -0.25 34 35 48.64133192963364 0.0003187660259342806
10 60 -0.3 -0.25 35 36 44.4723024378381 0.0002831253000366019
10 60 -0.3 -0.25 36 37 40.73379562026975 0.0002549565472165227
10 60 -0.3 -0.25 37 38 37.37398764407374 0.0002348991540301881
10 60 -0.3 -0.25 38 39 34.34811791828518 0.0002179705551128563
10 60 -0.3 -0.25 39 40 31.61744198235926 0.0001994667098834668
10 60 -0.3 -0.25 40 42 56.0600200359405 0.0003412880398130369
10 60 -0.3 -0.25 42 44 47.91822909292431 0.0002938163432375518
10 60 -0.3 -0.25 44 46 41.17922353973039 0.000249522259785806
10 60 -0.3 -0.25 46 48 35.56505178014869 0.0002146520125663187
10 60 -0.3 -0.25 48 50 30.85968967024937 0.0001804607343594
10 60 -0.3 -0.25 50 52 26.89379820566957 0.0001580304466308746
10 60 -0.3 -0.25 52 54 23.5334910096031 0.0001372060189304136
10 60 -0.3 -0.25 54 56 20.67222728827635 0.0001114751775155298
10 60 -0.3 -0.25 56 58 18.22465545453885 9.518820210985268e-05
10 60 -0.3 -0.25 58 60 16.12178648568226 8.996739471456294e-05
10 60 -0.3 -0.25 60 65 32.88808518896659 0.0001698422855156423
10 60 -0.3 -0.25 65 70 24.84065802012455 0.0001170349448393893
10 60 -0.3 -0.25 70 80 33.9194767132112 0.0001465056824088151
10 60 -0.3 -0.25 80 90 21.06201872126031 7.749968431625121e-05
10 60 -0.3 -0.25 90 100 13.67278592736293 5.053451511649598e-05
10 60 -0.25 -0.2 0 0.5 -59383.9638457866 0.736262006299512
10 60 -0.25 -0.2 0.5 1 264.7597216153742 0.001119904795530147
10 60 -0.25 -0.2 1 1.5 4522.897323200303 0.06002989872376929
10 60 -0.25 -0.2 1.5 2 4331.99688223554 0.2005200445100854
10 60 -0.25 -0.2 2 2.5 3726.986652070038 0.1524834923293383
10 60 -0.25 -0.2 2.5 3 3161.64810864437 0.1136079403163421
10 60 -0.25 -0.2 3 3.5 2692.081782435373 0.08853378851426896
10 60 -0.25 -0.2 3.5 4 2309.979059652988 0.07090748785640244
10 60 -0.25 -0.2 4 4.5 1998.26347531846 0.0562139340165686
10 60 -0.25 -0.2 4.5 5 1741.667995845187 0.04416689890081216
10 60 -0.25 -0.2 5 5.5 1528.221826425828 0.03460274187295909
10 60 -0.25 -0.2 5.5 6 1348.841433789844 0.02728069868180683
10 60 -0.25 -0.2 6 6.5 1196.67272649381 0.02206812371491651
10 60 -0.25 -0.2 6.5 7 1066.496555150691 0.01847607417039399
10 60 -0.25 -0.2 7 7.5 954.3141164531655 0.01568268966173036
10 60 -0.25 -0.2 7.5 8 857.0029309712085 0.01329107367132565
10 60 -0.25 -0.2 8 8.5 772.1105073275234 0.01128848974985885
10 60 -0.25 -0.2 8.5 9 697.676613820367 0.009530542895618055
10 60 -0.25 -0.2 9 9.5 632.118915755286 0.00798434084560995
10 60 -0.25 -0.2 9.5 10 574.1484796069823 0.006722939879750811
10 60 -0.25 -0.2 10 10.5 522.7009148343135 0.005712403146731049
10 60 -0.25 -0.2 10.5 11 476.8934630685934 0.004937198332811477
10 60 -0.25 -0.2 11 11.5 435.9854879023343 0.004332767652272196
10 60 -0.25 -0.2 11.5 12 399.3516417865552 0.01781319546228133
10 60 -0.25 -0.2 12 12.5 366.4622426595081 0.01362810277987592
10 60 -0.25 -0.2 12.5 13 336.8642435994954 0.01028044013423823
10 60 -0.25 -0.2 13 13.5 310.1685545923053 0.007582931168371942
10 60 -0.25 -0.2 13.5 14 286.0401094817399 0.005456487660921994
10 60 -0.25 -0.2 14 14.5 264.1887352085658 0.003756727118684466
10 60 -0.25 -0.2 14.5 15 244.3621725799619 0.002437264719418408
10 60 -0.25 -0.2 15 16 436.2700265075422 0.007749714092312843
10 60 -0.25 -0.2 16 17 376.2520004517135 0.002663324814022872
10 60 -0.25 -0.2 17 18 326.0980422777816 0.008607542000163448
10 60 -0.25 -0.2 18 19 283.9373001220342 0.01185717585127577
10 60 -0.25 -0.2 19 20 248.2992938723285 0.001621014448545566
10 60 -0.25 -0.2 20 21 218.0190258703267 0.001488771762495844
10 60 -0.25 -0.2 21 22 192.1647005645718 0.001258590279036298
10 60 -0.25 -0.2 22 23 169.9881847859728 0.001156706930117934
10 60 -0.25 -0.2 23 24 150.8831563415488 0.001028362525147486
10 60 -0.25 -0.2 24 25 134.3566814058345 0.0008654795083486988
10 60 -0.25 -0.2 25 26 120.0055872474888 0.0008184782736293528
10 60 -0.25 -0.2 26 27 107.497130436439 0.0007297417078717672
10 60 -0.25 -0.2 27 28 96.55656075325571 0.0006276480011848662
10 60 -0.25 -0.2 28 29 86.95573432822894 0.0005757270171500295
10 60 -0.25 -0.2 29 30 78.5038088689622 0.0005266925142137779
10 60 -0.25 -0.2 30 31 71.04075053562575 0.0004730687088709828
10 60 -0.25 -0.2 31 32 64.43191205068035 0.0004190900159386501
10 60 -0.25 -0.2 32 33 58.56349526824365 0.0003868009526186711
10 60 -0.25 -0.2 33 34 53.33883278784757 0.0003512088171220284
10 60 -0.25 -0.2 34 35 48.67561384883681 0.0003121266210328599
10 60 -0.25 -0.2 35 36 44.50354739500374 0.0002865210025646547
10 60 -0.25 -0.2 36 37 40.76231753670265 0.0002617164993381493
10 60 -0.25 -0.2 37 38 37.40003045335398 0.0002388917847682137
10 60 -0.25 -0.2 38 39 34.37192205637886 0.0002149834294939978
10 60 -0.25 -0.2 39 40 31.63925516627523 0.0001979876428208627
10 60 -0.25 -0.2 40 42 56.09844568251525 0.0003473418887978141
10 60 -0.25 -0.2 42 44 47.95075655371479 0.0002920203677163613
10 60 -0.25 -0.2 44 46 41.2069569072208 0.0002572309852908461
10 60 -0.25 -0.2 46 48 35.58875547051862 0.0002122683762806332
10 60 -0.25 -0.2 48 50 30.88005276564586 0.0001866851971712435
10 60 -0.25 -0.2 50 52 26.91132513568267 0.0001619060065820577
10 60 -0.25 -0.2 52 54 23.54861174675447 0.0001325222799160031
10 60 -0.25 -0.2 54 56 20.68533636718998 0.0001165225757731037
10 60 -0.25 -0.2 56 58 18.23600945310463 9.983157307047463e-05
10 60 -0.25 -0.2 58 60 16.13163273014979 8.515355827398707e-05
10 60 -0.25 -0.2 60 65 32.90774249196203 0.0001733470386824365
10 60 -0.25 -0.2 65 70 24.85486183635566 0.0001203923818096087
10 60 -0.25 -0.2 70 80 33.93722926202249 0.0001480350078821857
10 60 -0.25 -0.2 80 90 21.07160387583421 7.750001806172691e-05
10 60 -0.25 -0.2 90 100 13.6779732005387 5.053014446865234e-05
10 60 -0.2 -0.15 0 0.5 -59438.94313925193 0.7715449647657806
10 60 -0.2 -0.15 0.5 1 260.0323189376536 0.002154507513978388
10 60 -0.2 -0.15 1 1.5 4523.951518037827 0.07304625893175398
10 60 -0.2 -0.15 1.5 2 4333.877066536623 0.2011835698212963
10 60 -0.2 -0.15 2 2.5 3728.903557096899 0.1449493082664048
10 60 -0.2 -0.15 2.5 3 3163.414572514892 0.105051897206522
10 60 -0.2 -0.15 3 3.5 2693.661323001736 0.07728685887423126
10 60 -0.2 -0.15 3.5 4 2311.377938869455 0.0595328189688189
10 60 -0.2 -0.15 4 4.5 1999.501953995963 0.04796493721050865
10 60 -0.2 -0.15 4.5 5 1742.764883934853 0.03950372170038463
10 60 -0.2 -0.15 5 5.5 1529.192786179425 0.03303177695306658
10 60 -0.2 -0.15 5.5 6 1349.706574224728 0.02793035227159635
10 60 -0.2 -0.15 6 6.5 1197.440674397137 0.02353560543429012
10 60 -0.2 -0.15 6.5 7 1067.184540836522 0.01962336791257258
10 60 -0.2 -0.15 7 7.5 954.9288061774984 0.016320931413361
10 60 -0.2 -0.15 7.5 8 857.5545856908927 0.01352175671479472
10 60 -0.2 -0.15 8 8.5 772.6073112733669 0.01109070592588068
10 60 -0.2 -0.15 8.5 9 698.1236535728483 0.009238566010708382
10 60 -0.2 -0.15 9 9.5 632.5234087979527 0.007853075475168225
10 60 -0.2 -0.15 9.5 10 574.5142315437383 0.006751999494667871
10 60 -0.2 -0.15 10 10.5 523.033227485579 0.005810778452087106
10 60 -0.2 -0.15 10.5 11 477.1959734570845 0.005006628681201164
10 60 -0.2 -0.15 11 11.5 436.2608895287615 0.004301280685808706
10 60 -0.2 -0.15 11.5 12 399.603683364065 0.01783671335533654
10 60 -0.2 -0.15 12 12.5 366.6933896324888 0.01365191972917046
10 60 -0.2 -0.15 12.5 13 337.0763619393369 0.01026636309819651
10 60 -0.2 -0.15 13 13.5 310.3637365903209 0.007589842842037342
10 60 -0.2 -0.15 13.5 14 286.2201607838736 0.005450111884556463
10 60 -0.2 -0.15 14 14.5 264.3551606432443 0.00376728883117039
10 60 -0.2 -0.15 14.5 15 244.5160335976193 0.002442996083914295
10 60 -0.2 -0.15 15 16 436.5440589388642 0.007641396482426899
10 60 -0.2 -0.15 16 17 376.489000932034 0.002628397776334168
10 60 -0.2 -0.15 17 18 326.3035688903859 0.008549904805477127
10 60 -0.2 -0.15 18 19 284.1154216103818 0.01190544229240231
10 60 -0.2 -0.15 19 20 248.4544904604312 0.001720009701585923
10 60 -0.2 -0.15 20 21 218.1537274713866 0.001431681187341383
10 60 -0.2 -0.15 21 22 192.2825106871575 0.001316231399016488
10 60 -0.2 -0.15 22 23 170.091105701969 0.001149938619192881
10 60 -0.2 -0.15 23 24 150.9735827203629 0.0009939599743518102
10 60 -0.2 -0.15 24 25 134.4367302555819 0.000932011746670014
10 60 -0.2 -0.15 25 26 120.0760670943651 0.0008033694556246473
10 60 -0.2 -0.15 26 27 107.5594693376588 0.000706943835652396
10 60 -0.2 -0.15 27 28 96.61208674392283 0.000644967485612824
10 60 -0.2 -0.15 28 29 87.00521069629828 0.0005778316688065388
10 60 -0.2 -0.15 29 30 78.54799105463387 0.0005131683132617582
10 60 -0.2 -0.15 30 31 71.08042757813713 0.000464539564916322
10 60 -0.2 -0.15 31 32 64.46770797448693 0.0004274882951165182
10 60 -0.2 -0.15 32 33 58.59583538452586 0.0003793513079770605
10 60 -0.2 -0.15 33 34 53.36816471705935 0.0003446236550601611
10 60 -0.2 -0.15 34 35 48.70234170958916 0.0003187478654353981
10 60 -0.2 -0.15 35 36 44.52792957204175 0.0002926182665703436
10 60 -0.2 -0.15 36 37 40.78456559574498 0.0002611625801023365
10 60 -0.2 -0.15 37 38 37.42036657725551 0.00023967674597003
10 60 -0.2 -0.15 38 39 34.39053790295109 0.000215172488445603
10 60 -0.2 -0.15 39 40 31.65632457462331 0.0001994606429001067
10 60 -0.2 -0.15 40 42 56.12855668447961 0.0003503109683933303
10 60 -0.2 -0.15 42 44 47.9762267837942 0.0002996273752131628
10 60 -0.2 -0.15 44 46 41.22856934192556 0.0002480915408327178
10 60 -0.2 -0.15 46 48 35.60731318247677 0.0002239832905885919
10 60 -0.2 -0.15 48 50 30.89596233504516 0.0001890724672009014
10 60 -0.2 -0.15 50 52 26.9250002612405 0.0001522616537386057
10 60 -0.2 -0.15 52 54 23.56049954023411 0.0001396861377003233
10 60 -0.2 -0.15 54 56 20.69567624373139 0.0001208744162788378
10 60 -0.2 -0.15 56 58 18.24497419985619 9.790199919379461e-05
10 60 -0.2 -0.15 58 60 16.13942434729775 8.561544990470793e-05
10 60 -0.2 -0.15 60 65 32.92324633662059 0.000173228077564147
10 60 -0.2 -0.15 65 70 24.8661736399892 0.000125146540522536
10 60 -0.2 -0.15 70 80 33.95143076999756 0.0001470440158399811
10 60 -0.2 -0.15 80 90 21.07937797379279 7.877081758778104e-05
10 60 -0.2 -0.15 90 100 13.6821906586172 5.052787651926849e-05
10 60 -0.15 -0.1 0 0.5 -59480.37879964991 0.817343768379942
10 60 -0.15 -0.1 0.5 1 256.4336836915791 0.001989807763038698
10 60 -0.15 -0.1 1 1.5 4524.734024567471 0.170075869395987
10 60 -0.15 -0.1 1.5 2 4335.27526732363 0.1414349559181574
10 60 -0.15 -0.1 2 2.5 3730.326729763267 0.1138476184696628
10 60 -0.15 -0.1 2.5 3 3164.728580969703 0.09508233496262619
10 60 -0.15 -0.1 3 3.5 2694.841816167926 0.07796949022667832
10 60 -0.15 -0.1 3.5 4 2312.426450795861 0.06318104465799479
10 60 -0.15 -0.1 4 4.5 2000.431580636365 0.05192128419889741
10 60 -0.15 -0.1 4.5 5 1743.591444759202 0.04349065584460732
10 60 -0.15 -0.1 5 5.5 1529.926941949877 0.03624588917682559
10 60 -0.15 -0.1 5.5 6 1350.360395953971 0.02979681572332993
10 60 -0.15 -0.1 6 6.5 1198.022457213339 0.02421356841637134
10 60 -0.15 -0.1 6.5 7 1067.705487619033 0.01953191327470449
10 60 -0.15 -0.1 7 7.5 955.3927773728045 0.01579030700361272
10 60 -0.15 -0.1 7.5 8 857.9721756317274 0.01304157695244612
10 60 -0.15 -0.1 8 8.5 772.9810413568673 0.0110680423975964
10 60 -0.15 -0.1 8.5 9 698.4604357021234 0.009386080866875091
10 60 -0.15 -0.1 9 9.5 632.826511692433 0.007913635481941128
10 60 -0.15 -0.1 9.5 10 574.7882181988007 0.00672775840655504
10 60 -0.15 -0.1 10 10.5 523.2813726886263 0.005768264081439156
10 60 -0.15 -0.1 10.5 11 477.4205663623941 0.004966355846363513
10 60 -0.15 -0.1 11 11.5 436.4655474710574 0.004323117027126955
10 60 -0.15 -0.1 11.5 12 399.7907909027936 0.01786286583467245
10 60 -0.15 -0.1 12 12.5 366.8646016575969 0.01363315365199469
10 60 -0.15 -0.1 12.5 13 337.2335647441733 0.01026551017918109
10 60 -0.15 -0.1 13 13.5 310.5086375768514 0.007590096418084613
10 60 -0.15 -0.1 13.5 14 286.3540666278341 0.005466775195372975
10 60 -0.15 -0.1 14 14.5 264.4788187707819 0.003793519104362986
10 60 -0.15 -0.1 14.5 15 244.6300255127568 0.002431829969822275
10 60 -0.15 -0.1 15 16 436.7475471370285 0.007573911322197091
10 60 -0.15 -0.1 16 17 376.664873615414 0.002617722338982276
10 60 -0.15 -0.1 17 18 326.455376502237 0.008648080812406533
10 60 -0.15 -0.1 18 19 284.2477389268032 0.01178787983735674
10 60 -0.15 -0.1 19 20 248.5689871916926 0.001659346563570807
10 60 -0.15 -0.1 20 21 218.2535662037866 0.001518749742416503
10 60 -0.15 -0.1 21 22 192.3689483516332 0.00129312296610351
10 60 -0.15 -0.1 22 23 170.1664835114042 0.001127454550186258
10 60 -0.15 -0.1 23 24 151.0398789535751 0.001053725449708054
10 60 -0.15 -0.1 24 25 134.4947158780236 0.0009025495106413928
10 60 -0.15 -0.1 25 26 120.1271850104399 0.0008011584951503892
10 60 -0.15 -0.1 26 27 107.6047555407172 0.0007218859084900942
10 60 -0.15 -0.1 27 28 96.65219931857148 0.0006425421213975824
10 60 -0.15 -0.1 28 29 87.04084801506458 0.0005677881151768815
10 60 -0.15 -0.1 29 30 78.57981144315232 0.0005153162412767642
10 60 -0.15 -0.1 30 31 71.10892307093155 0.0004616388038556352
10 60 -0.15 -0.1 31 32 64.49333002900138 0.0004150534114728543
10 60 -0.15 -0.1 32 33 58.61902447935856 0.0003817482929093785
10 60 -0.15 -0.1 33 34 53.38920162166545 0.00034964665159265
10 60 -0.15 -0.1 34 35 48.72143950878143 0.0003149751944349077
10 60 -0.15 -0.1 35 36 44.54533940524382 0.000288177257587563
10 60 -0.15 -0.1 36 37 40.80050528846301 0.0002643610490906667
10 60 -0.15 -0.1 37 38 37.4349782375075 0.0002408551844439444
10 60 -0.15 -0.1 38 39 34.4039512537945 0.0002178325363715317
10 60 -0.15 -0.1 39 40 31.66864193130357 0.0002023293117900948
10 60 -0.15 -0.1 40 42 56.15022930642863 0.0003565575241921692
10 60 -0.15 -0.1 42 44 47.99454870727948 0.0002948693152546866
10 60 -0.15 -0.1 44 46 41.24414847967424 0.0002580520257922103
10 60 -0.15 -0.1 46 48 35.62056234064724 0.0002194386586111818
10 60 -0.15 -0.1 48 50 30.9073757400673 0.0001826971516614151
10 60 -0.15 -0.1 50 52 26.93492210863617 0.0001631122320198131
10 60 -0.15 -0.1 52 54 23.56908242972622 0.0001380622030495715
10 60 -0.15 -0.1 54 56 20.70314867662487 0.0001155995123234277
10 60 -0.15 -0.1 56 58 18.25154536410826 0.0001040693179383823
10 60 -0.15 -0.1 58 60 16.14516848004699 8.882020042122463e-05
10 60 -0.15 -0.1 60 65 32.93458335227712 0.0001722778651469525
10 60 -0.15 -0.1 65 70 24.87449320990698 0.0001258300632365206
10 60 -0.15 -0.1 70 80 33.96207492839727 0.0001500114681505238
10 60 -0.15 -0.1 80 90 21.08527005066487 8.175215765859889e-05
10 60 -0.15 -0.1 90 100 13.68543736589688 5.052710420017092e-05
10 60 -0.1 -0.05 0 0.5 -59508.53638293692 0.8273958918143762
10 60 -0.1 -0.05 0.5 1 253.9202441469712 0.007763441652826941
10 60 -0.1 -0.05 1 1.5 4525.221173886327 0.09073122548579704
10 60 -0.1 -0.05 1.5 2 4336.204172993054 0.1224176565301605
10 60 -0.1 -0.05 2 2.5 3731.27612861868 0.1150605746347537
10 60 -0.1 -0.05 2.5 3 3165.606497878679 0.1022558382160241
10 60 -0.1 -0.05 3 3.5 2695.630540296774 0.0885480532465408
10 60 -0.1 -0.05 3.5 4 2313.129464484055 0.07385637669358402
10 60 -0.1 -0.05 4 4.5 2001.053353456245 0.05904564589127403
10 60 -0.1 -0.05 4.5 5 1744.142724578216 0.04599335609486843
10 60 -0.1 -0.05 5 5.5 1530.420851523153 0.0357084616141492
10 60 -0.1 -0.05 5.5 6 1350.797283487076 0.02804810387306134
10 60 -0.1 -0.05 6 6.5 1198.416557478704 0.02257037842628051
10 60 -0.1 -0.05 6.5 7 1068.054417587448 0.01872951081531937
10 60 -0.1 -0.05 7 7.5 955.7068733314103 0.01580029563615426
10 60 -0.1 -0.05 7.5 8 858.2523035855579 0.01326924084480652
10 60 -0.1 -0.05 8 8.5 773.2321511142368 0.01107735440018587
10 60 -0.1 -0.05 8.5 9 698.6853316809194 0.009372939074296482
10 60 -0.1 -0.05 9 9.5 633.028511649955 0.007998104669809436
10 60 -0.1 -0.05 9.5 10 574.9701898630964 0.006777992798106425
10 60 -0.1 -0.05 10 10.5 523.444890292215 0.005793217890641245
10 60 -0.1 -0.05 10.5 11 477.5687502836979 0.004985788784097167
10 60 -0.1 -0.05 11 11.5 436.6003752483649 0.004314027991938474
10 60 -0.1 -0.05 11.5 12 399.9133735297502 0.01784230136814813
10 60 -0.1 -0.05 12 12.5 366.9765602748221 0.01360296610982914
10 60 -0.1 -0.05 12.5 13 337.3366443588449 0.01027096069680056
10 60 -0.1 -0.05 13 13.5 310.6038016863051 0.007608720092378007
10 60 -0.1 -0.05 13.5 14 286.4416143528806 0.00548927136878774
10 60 -0.1 -0.05 14 14.5 264.5591981264059 0.003757027022686543
10 60 -0.1 -0.05 14.5 15 244.7045463100886 0.002421888130584193
10 60 -0.1 -0.05 15 16 436.8812033847177 0.007825884786996085
10 60 -0.1 -0.05 16 17 376.7786843920131 0.002689202180590655
10 60 -0.1 -0.05 17 18 326.5539648727735 0.008523947356763983
10 60 -0.1 -0.05 18 19 284.3326307730525 0.01189811308370281
10 60 -0.1 -0.05 19 20 248.6430887337632 0.001761537364899368
10 60 -0.1 -0.05 20 21 218.3173007397222 0.001488531375514413
10 60 -0.1 -0.05 21 22 192.4242372148122 0.001298831234862519
10 60 -0.1 -0.05 22 23 170.2145820415084 0.001184688226516073
10 60 -0.1 -0.05 23 24 151.0812463102466 0.001006274837209276
10 60 -0.1 -0.05 24 25 134.5308920522056 0.0009044483641673651
10 60 -0.1 -0.05 25 26 120.159053023323 0.0008157541632272114
10 60 -0.1 -0.05 26 27 107.6327729763268 0.0007176559810488925
10 60 -0.1 -0.05 27 28 96.67691556670398 0.0006336495552687893
10 60 -0.1 -0.05 28 29 87.06279156117624 0.0005746353855045072
10 60 -0.1 -0.05 29 30 78.59931522497874 0.0005080513524831076
10 60 -0.1 -0.05 30 31 71.12633202976465 0.0004578144911704385
10 60 -0.1 -0.05 31 32 64.50894737996143 0.0004163072829186376
10 60 -0.1 -0.05 32 33 58.63306850295137 0.0003798802046688365
10 60 -0.1 -0.05 33 34 53.40188385046562 0.000343605218525056
10 60 -0.1 -0.05 34 35 48.73295829362813 0.0003142582635504709
10 60 -0.1 -0.05 35 36 44.55583248141244 0.0002869192766965512
10 60 -0.1 -0.05 36 37 40.81011045075479 0.0002600033028343773
10 60 -0.1 -0.05 37 38 37.4438245388642 0.0002437400730954664
10 60 -0.1 -0.05 38 39 34.41209575983203 0.0002272254706099375
10 60 -0.1 -0.05 39 40 31.67611261870395 0.0002049740287546342
10 60 -0.1 -0.05 40 42 56.1633936652637 0.0003502309939023007
10 60 -0.1 -0.05 42 44 48.00571868362041 0.0003066502453492603
10 60 -0.1 -0.05 44 46 41.25357551152388 0.0002551189732642456
10 60 -0.1 -0.05 46 48 35.62858282741498 0.0002109288577898383
10 60 -0.1 -0.05 48 50 30.9143405826464 0.000190536323813717
10 60 -0.1 -0.05 50 52 26.94096828195398 0.0001603354334456242
10 60 -0.1 -0.05 52 54 23.57437008468559 0.0001366386107441997
10 60 -0.1 -0.05 54 56 20.7078015900785 0.0001191252625538652
10 60 -0.1 -0.05 56 58 18.25563949379602 0.0001038343276640319
10 60 -0.1 -0.05 58 60 16.14878897648735 9.098801537277268e-05
10 60 -0.1 -0.05 60 65 32.94178546382436 0.0001714987299976656
10 60 -0.1 -0.05 65 70 24.87978770408914 0.0001265821289351265
10 60 -0.1 -0.05 70 80 33.96912055046744 0.0001516035267314919
10 60 -0.1 -0.05 80 90 21.08921864407913 8.050139273052537e-05
10 60 -0.1 -0.05 90 100 13.68770997017279 5.052359809276652e-05
10 60 -0.05 0 0 0.5 -59523.36943197301 0.8256220855546417
10 60 -0.05 0 0.5 1 252.4959098570754 0.004115340094870135
10 60 -0.05 0 1 1.5 4525.438688612302 0.09244550752555369
10 60 -0.05 0 1.5 2 4336.663240786284 0.2141389734742916
10 60 -0.05 0 2 2.5 3731.752442368878 0.1496716740434749
10 60 -0.05 0 2.5 3 3166.048574787514 0.1057175967848707
10 60 -0.05 0 3 3.5 2696.027501672645 0.07831814538212711
10 60 -0.05 0 3.5 4 2313.485960363344 0.06075766607636979
10 60 -0.05 0 4 4.5 2001.371337208145 0.0490729077805554
10 60 -0.05 0 4.5 5 1744.423155228852 0.04050951671160874
10 60 -0.05 0 5 5.5 1530.670666160743 0.0337661929627302
10 60 -0.05 0 5.5 6 1351.020104364032 0.02827836790652327
10 60 -0.05 0 6 6.5 1198.615344086177 0.02365168908750093
10 60 -0.05 0 6.5 7 1068.232031568915 0.01952260305438358
10 60 -0.05 0 7 7.5 955.8664596593942 0.01606603064158207
10 60 -0.05 0 7.5 8 858.3940818845399 0.01336819124946942
10 60 -0.05 0 8 8.5 773.3585264261311 0.01117923281378808
10 60 -0.05 0 8.5 9 698.7977115961542 0.009308255814516997
10 60 -0.05 0 9 9.5 633.1291653366185 0.007834016553374568
10 60 -0.05 0 9.5 10 575.0595184643861 0.006742880676256391
10 60 -0.05 0 10 10.5 523.5251396281727 0.00579272992456481
10 60 -0.05 0 10.5 11 477.6413483971687 0.004986983073479223
10 60 -0.05 0 11 11.5 436.6655675512723 0.004321997960403223
10 60 -0.05 0 11.5 12 399.9721349391587 0.01778542536487748
10 60 -0.05 0 12 12.5 367.0304365025701 0.01361253066011159
10 60 -0.05 0 12.5 13 337.3861172283914 0.01029677456949685
10 60 -0.05 0 13 13.5 310.648713872594 0.007611150232833097
10 60 -0.05 0 13.5 14 286.4824958404123 0.005438080631449793
10 60 -0.05 0 14 14.5 264.5973422834155 0.003769790730814293
10 60 -0.05 0 14.5 15 244.7400390709506 0.002462551846605265
10 60 -0.05 0 15 16 436.9431879727589 0.00764453005302812
10 60 -0.05 0 16 17 376.8316389564429 0.00262050357099497
10 60 -0.05 0 17 18 326.5981270159821 0.008686426760846189
10 60 -0.05 0 18 19 284.3707513988346 0.01180351166789251
10 60 -0.05 0 19 20 248.6753359211989 0.001721736090473769
10 60 -0.05 0 20 21 218.3451533240701 0.001503223179781799
10 60 -0.05 0 21 22 192.4482182984125 0.001356672516948265
10 60 -0.05 0 22 23 170.2345595196762 0.001145712192766268
10 60 -0.05 0 23 24 151.0982650985646 0.001018738949426279
10 60 -0.05 0 24 25 134.5453866467645 0.0009062299165805143
10 60 -0.05 0 25 26 120.1714238756677 0.0007975260972870046
10 60 -0.05 0 26 27 107.6435550031871 0.0007177238375106754
10 60 -0.05 0 27 28 96.68636569311187 0.0006421312868383211
10 60 -0.05 0 28 29 87.07102280413602 0.0005634362121185177
10 60 -0.05 0 29 30 78.60657315085945 0.0005090365885251913
10 60 -0.05 0 30 31 71.13274609398511 0.000464134562378149
10 60 -0.05 0 31 32 64.51457325315583 0.0004124129666820409
10 60 -0.05 0 32 33 58.63802267611374 0.0003734060557789576
10 60 -0.05 0 33 34 53.40629949262676 0.0003420850528215169
10 60 -0.05 0 34 35 48.73693574898314 0.0003087865641617782
10 60 -0.05 0 35 36 44.5594637404601 0.0002870185923455892
10 60 -0.05 0 36 37 40.81342364397646 0.0002673010318829938
10 60 -0.05 0 37 38 37.4468263503091 0.0002424551471094105
10 60 -0.05 0 38 39 34.41484906752604 0.0002174798137204448
10 60 -0.05 0 39 40 31.67869322867985 0.0002033500517022446
10 60 -0.05 0 40 42 56.16805040310032 0.0003692537351724923
10 60 -0.05 0 42 44 48.00958800136588 0.0002978548673624459
10 60 -0.05 0 44 46 41.25689545107383 0.0002534827171203347
10 60 -0.05 0 46 48 35.631486104636 0.0002207304430612567
10 60 -0.05 0 48 50 30.91678037706964 0.0001787535666650797
10 60 -0.05 0 50 52 26.94315971804778 0.0001612450561090384
10 60 -0.05 0 52 54 23.57637262554237 0.0001400034076937118
10 60 -0.05 0 54 56 20.70959317825502 0.0001191668984716898
10 60 -0.05 0 56 58 18.25724335142659 0.0001045846085965252
10 60 -0.05 0 58 60 16.15023509039343 8.972375162130675e-05
10 60 -0.05 0 60 65 32.94485487903624 0.0001766035180779113
10 60 -0.05 0 65 70 24.88205638039822 0.0001220188436761305
10 60 -0.05 0 70 80 33.9725026429962 0.0001568655441204214
10 60 -0.05 0 80 90 21.09123465700976 8.01552527356364e-05
10 60 -0.05 0 90 100 13.6889771709313 5.05221256847932e-05
10 60 0 0.05 0 0.5 -59524.92196957154 0.7997869113678462
10 60 0 0.05 0.5 1 252.173592162203 0.004649040012196792
10 60 0 0.05 1 1.5 4525.350809415906 0.07927039443256945
10 60 0 0.05 1.5 2 4336.648524276768 0.02036376889736857
10 60 0 0.05 2 2.5 3731.757576610413 0.1477635885353266
10 60 0 0.05 2.5 3 3166.060514055978 0.1071741425421351
10 60 0 0.05 3 3.5 2696.038861544466 0.07946243089736527
10 60 0 0.05 3.5 4 2313.496778920622 0.06102912070764432
10 60 0 0.05 4 4.5 2001.382988317945 0.04882387588304482
10 60 0 0.05 4.5 5 1744.435555569828 0.04032204406507844
10 60 0 0.05 5 5.5 1530.677260954306 0.03379345887333329
10 60 0 0.05 5.5 6 1351.029561486679 0.02820516021802177
10 60 0 0.05 6 6.5 1198.619010227926 0.02346512349572549
10 60 0 0.05 6.5 7 1068.237168608023 0.0194573206529185
10 60 0 0.05 7 7.5 955.8686130783854 0.01610137591114835
10 60 0 0.05 7.5 8 858.3954434882061 0.01328953508345876
10 60 0 0.05 8 8.5 773.3585857278143 0.0111015465630544
10 60 0 0.05 8.5 9 698.7975961522059 0.009459710144938072
10 60 0 0.05 9 9.5 633.1275442959034 0.007990426053083866
10 60 0 0.05 9.5 10 575.0572414895355 0.006726221589701709
10 60 0 0.05 10 10.5 523.5228506069576 0.005756304311944405
10 60 0 0.05 10.5 11 477.6380611775291 0.004970897488874471
10 60 0 0.05 11 11.5 436.6613907191395 0.004316138598881025
10 60 0 0.05 11.5 12 399.9682708930922 0.01781221395026478
10 60 0 0.05 12 12.5 367.026589052779 0.01367648589445025
10 60 0 0.05 12.5 13 337.3812819422494 0.01025657683220516
10 60 0 0.05 13 13.5 310.6435686000014 0.00755170901220481
10 60 0 0.05 13.5 14 286.4780553371251 0.005473531027462286
10 60 0 0.05 14 14.5 264.5929765041011 0.003800151520465533
10 60 0 0.05 14.5 15 244.7352748356116 0.002427793939460798
10 60 0 0.05 15 16 436.9343195244506 0.007773634559328002
10 60 0 0.05 16 17 376.8222637052217 0.002653239941025731
10 60 0 0.05 17 18 326.58905734094 0.008569661533840645
10 60 0 0.05 18 19 284.3610894341634 0.01187898957715561
10 60 0 0.05 19 20 248.6661662575494 0.001706700925609539
10 60 0 0.05 20 21 218.3368320811936 0.001553857202821973
10 60 0 0.05 21 22 192.4399708126711 0.001314053950835614
10 60 0 0.05 22 23 170.2268504975859 0.001166733232963679
10 60 0 0.05 23 24 151.0908699746099 0.001024655171903532
10 60 0 0.05 24 25 134.5381766316036 0.000890586246867997
10 60 0 0.05 25 26 120.1645781487373 0.0007978582471395157
10 60 0 0.05 26 27 107.6371405588781 0.0007095583087277646
10 60 0 0.05 27 28 96.68046749563626 0.0006363836752427687
10 60 0 0.05 28 29 87.06566006241665 0.0005730120252422921
10 60 0 0.05 29 30 78.60159220338635 0.0005107805235979868
10 60 0 0.05 30 31 71.1280923911831 0.0004587558803308411
10 60 0 0.05 31 32 64.51025408468573 0.0004135421990696386
10 60 0 0.05 32 33 58.63399789543212 0.0003751099504256672
10 60 0 0.05 33 34 53.40254133034602 0.0003358034538294419
10 60 0 0.05 34 35 48.73344738424706 0.0003151132093677234
10 60 0 0.05 35 36 44.55619945340859 0.0002884231552826577
10 60 0 0.05 36 37 40.81037964365107 0.0002569922587198903
10 60 0 0.05 37 38 37.44403829977744 0.0002362914117313153
10 60 0 0.05 38 39 34.41231403376158 0.0002260655863253191
10 60 0 0.05 39 40 31.67636296847811 0.0002066862143657033
10 60 0 0.05 40 42 56.16393916840671 0.000356018334379371
10 60 0 0.05 42 44 48.00626801915214 0.0003050712589285354
10 60 0 0.05 44 46 41.25414168333445 0.0002564235942870141
10 60 0 0.05 46 48 35.62913888421044 0.0002117308909177495
10 60 0 0.05 48 50 30.91485648951654 0.0001863054372002182
10 60 0 0.05 50 52 26.94151489089839 0.0001572301461436609
10 60 0 0.05 52 54 23.57501953697489 0.0001382396727755975
10 60 0 0.05 54 56 20.70850963850857 0.0001221519538674443
10 60 0 0.05 56 58 18.25635780964322 0.0001029817133861854
10 60 0 0.05 58 60 16.14952172135387 8.832543046466412e-05
10 60 0 0.05 60 65 32.94369522372985 0.0001791481347765966
10 60 0 0.05 65 70 24.8813873690948 0.0001208758752149208
10 60 0 0.05 70 80 33.97211262889478 0.0001566029286195203
10 60 0 0.05 80 90 21.09133422457769 8.06125340169217e-05
10 60 0 0.05 90 100 13.68921169396544 5.052178281417241e-05
10 60 0.05 0.1 0 0.5 -59513.21357971788 0.7508965812958195
10 60 0.05 0.1 0.5 1 252.9626121586637 0.007035739950737252
10 60 0.05 0.1 1 1.5 4524.965502953507 0.08498659210636106
10 60 0.05 0.1 1.5 2 4336.153554367494 0.1256656187997578
10 60 0.05 0.1 2 2.5 3731.288556232635 0.1160086215058982
10 60 0.05 0.1 2.5 3 3165.639606143435 0.1033759288570764
10 60 0.05 0.1 3 3.5 2695.666699641614 0.08906657576790167
10 60 0.05 0.1 3.5 4 2313.165032262344 0.07358243523458441
10 60 0.05 0.1 4 4.5 2001.089067897093 0.05885295586904249
10 60 0.05 0.1 4.5 5 1744.175770551285 0.04613710391231507
10 60 0.05 0.1 5 5.5 1530.446094355131 0.03586752282808447
10 60 0.05 0.1 5.5 6 1350.820284191578 0.02822586535944538
10 60 0.05 0.1 6 6.5 1198.431639218742 0.02268646242282557
10 60 0.05 0.1 6.5 7 1068.067134528465 0.01871145434915888
10 60 0.05 0.1 7 7.5 955.7146476791834 0.01576347444563453
10 60 0.05 0.1 7.5 8 858.2558410725208 0.01329269975997249
10 60 0.05 0.1 8 8.5 773.2331478104541 0.01114490996894801
10 60 0.05 0.1 8.5 9 698.6837845226954 0.009269379185980142
10 60 0.05 0.1 9 9.5 633.0241728193258 0.007923532228119257
10 60 0.05 0.1 9.5 10 574.9639355253496 0.00680470047518611
10 60 0.05 0.1 10 10.5 523.4371157482797 0.005821073680863265
10 60 0.05 0.1 10.5 11 477.5587110410927 0.004998162584627153
10 60 0.05 0.1 11 11.5 436.5890845213721 0.004312079824728698
10 60 0.05 0.1 11.5 12 399.9016567183683 0.01790832006003029
10 60 0.05 0.1 12 12.5 366.9637188966277 0.01359602546108363
10 60 0.05 0.1 12.5 13 337.3228621614304 0.01023058070893512
10 60 0.05 0.1 13 13.5 310.5897413532115 0.007611685161975856
10 60 0.05 0.1 13.5 14 286.4274219090221 0.005459180719753931
10 60 0.05 0.1 14 14.5 264.5453573765759 0.003753601998823797
10 60 0.05 0.1 14.5 15 244.6910830184517 0.002449324094101257
10 60 0.05 0.1 15 16 436.8536772986718 0.007730668011220132
10 60 0.05 0.1 16 17 376.7513521420612 0.002583276152108738
10 60 0.05 0.1 17 18 326.5258337113964 0.008587652847495519
10 60 0.05 0.1 18 19 284.3045054377416 0.01191516672702164
10 60 0.05 0.1 19 20 248.6158937814778 0.001742488852102042
10 60 0.05 0.1 20 21 218.2915863655106 0.001483693624408033
10 60 0.05 0.1 21 22 192.3999899472535 0.001334137148262471
10 60 0.05 0.1 22 23 170.1912341806129 0.001165335933791312
10 60 0.05 0.1 23 24 151.0589110419335 0.001013300151925023
10 60 0.05 0.1 24 25 134.5094843093349 0.0009030603763164891
10 60 0.05 0.1 25 26 120.1386282290137 0.0007880996745370794
10 60 0.05 0.1 26 27 107.61368132634 0.0007038472548259733
10 60 0.05 0.1 27 28 96.65930914577007 0.0006366396482775372
10 60 0.05 0.1 28 29 87.04656002512672 0.0005685034350761953
10 60 0.05 0.1 29 30 78.58434247252546 0.0005166199474615496
10 60 0.05 0.1 30 31 71.11242938587642 0.0004598696721700435
10 60 0.05 0.1 31 32 64.49598785059972 0.0004086922881754163
10 60 0.05 0.1 32 33 58.62100698652162 0.0003814144229181693
10 60 0.05 0.1 33 34 53.3906343802791 0.0003475749741852496
10 60 0.05 0.1 34 35 48.72244757730502 0.0003061668074337831
10 60 0.05 0.1 35 36 44.54607482815283 0.0002752165417874153
10 60 0.05 0.1 36 37 40.80110797344537 0.000264782747237291
10 60 0.05 0.1 37 38 37.43551103556821 0.0002435321503497789
10 60 0.05 0.1 38 39 34.40443193717034 0.0002209965024277949
10 60 0.05 0.1 39 40 31.66909037572703 0.0001928408896461065
10 60 0.05 0.1 40 42 56.15124149643739 0.0003560120643371079
10 60 0.05 0.1 42 44 47.99568270097777 0.0003049637986265452
10 60 0.05 0.1 44 46 41.24525003379145 0.0002523922226842501
10 60 0.05 0.1 46 48 35.62165248205763 0.0002159535137522539
10 60 0.05 0.1 48 50 30.90849299299638 0.0001853542066108105
10 60 0.05 0.1 50 52 26.93608562862721 0.0001594707351237901
10 60 0.05 0.1 52 54 23.57033568939736 0.0001348669980814066
10 60 0.05 0.1 54 56 20.7045218062616 0.000118266620262375
10 60 0.05 0.1 56 58 18.25299792511478 0.0001047648553260672
10 60 0.05 0.1 58 60 16.14666791060979 9.053016907145661e-05
10 60 0.05 0.1 60 65 32.93826180626569 0.000174325153459165
10 60 0.05 0.1 65 70 24.87780392480916 0.0001261221626442932
10 60 0.05 0.1 70 80 33.96793789983625 0.0001560640172613148
10 60 0.05 0.1 80 90 21.0895056836149 8.182727691519176e-05
10 60 0.05 0.1 90 100 13.68840619497451 5.052291278495602e-05
10 60 0.1 0.15 0 0.5 -59488.21594974022 0.7228943733571214
10 60 0.1 0.15 0.5 1 254.8471556425931 0.006174366510578011
10 60 0.1 0.15 1 1.5 4524.314511639948 0.1562863518374797
10 60 0.1 0.15 1.5 2 4335.181123641854 0.1416735883149158
10 60 0.1 0.15 2 2.5 3730.339018572364 0.1173566986244623
10 60 0.1 0.15 2.5 3 3164.779625780342 0.09304583954099144
10 60 0.1 0.15 3 3.5 2694.904894364604 0.0755236566747044
10 60 0.1 0.15 3.5 4 2312.490826531887 0.06256049547891962
10 60 0.1 0.15 4 4.5 2000.49195408809 0.05219259560180944
10 60 0.1 0.15 4.5 5 1743.6418918035 0.0436197573183108
10 60 0.1 0.15 5 5.5 1529.974139449304 0.03638268315080495
10 60 0.1 0.15 5.5 6 1350.393867744463 0.0299302521905247
10 60 0.1 0.15 6 6.5 1198.051592110913 0.0242617467342825
10 60 0.1 0.15 6.5 7 1067.724435017324 0.01952864250256425
10 60 0.1 0.15 7 7.5 955.4063927541594 0.01574432179143059
10 60 0.1 0.15 7.5 8 857.9784722322677 0.0130281354345243
10 60 0.1 0.15 8 8.5 772.9828488529885 0.0110698105326037
10 60 0.1 0.15 8.5 9 698.4568906973307 0.00941077285551728
10 60 0.1 0.15 9 9.5 632.8197764002001 0.007921314720647388
10 60 0.1 0.15 9.5 10 574.7782146346758 0.006685069699528867
10 60 0.1 0.15 10 10.5 523.2671433086058 0.005773529865678029
10 60 0.1 0.15 10.5 11 477.404462835903 0.004976081866345794
10 60 0.1 0.15 11 11.5 436.4478850959046 0.004316808664384553
10 60 0.1 0.15 11.5 12 399.7705006798587 0.0177917783742032
10 60 0.1 0.15 12 12.5 366.8429804633082 0.01360095326759847
10 60 0.1 0.15 12.5 13 337.2114748971242 0.01029914127610709
10 60 0.1 0.15 13 13.5 310.4857338158473 0.007567227576146252
10 60 0.1 0.15 13.5 14 286.3307068658669 0.005448071683588296
10 60 0.1 0.15 14 14.5 264.4555022055029 0.003792518160082636
10 60 0.1 0.15 14.5 15 244.606849671554 0.00243651438137249
10 60 0.1 0.15 15 16 436.7016050707719 0.007662820586006092
10 60 0.1 0.15 16 17 376.618442117922 0.002615694707685634
10 60 0.1 0.15 17 18 326.4086724162375 0.008673668312212612
10 60 0.1 0.15 18 19 284.2016517082919 0.01182565370817201
10 60 0.1 0.15 19 20 248.5241645300676 0.001659179188749249
10 60 0.1 0.15 20 21 218.2104746178387 0.001491568490251893
10 60 0.1 0.15 21 22 192.32815090473 0.001306943787938053
10 60 0.1 0.15 22 23 170.1276556720295 0.001154702912458561
10 60 0.1 0.15 23 24 151.0025481652325 0.001024133396441584
10 60 0.1 0.15 24 25 134.4592060745158 0.0008925998728273044
10 60 0.1 0.15 25 26 120.0936893274667 0.0007937189425319957
10 60 0.1 0.15 26 27 107.5733210855319 0.000705819030144994
10 60 0.1 0.15 27 28 96.62292534850049 0.0006280344031495133
10 60 0.1 0.15 28 29 87.01375854269614 0.0005676104020579942
10 60 0.1 0.15 29 30 78.5547570618982 0.0005100344294248771
10 60 0.1 0.15 30 31 71.0857411069795 0.0004631184584127368
10 60 0.1 0.15 31 32 64.47180170113708 0.0004267865250255909
10 60 0.1 0.15 32 33 58.59892157875051 0.0003768354418767217
10 60 0.1 0.15 33 34 53.37046185269821 0.0003314060110639616
10 60 0.1 0.15 34 35 48.70406149699489 0.0003160697118076428
10 60 0.1 0.15 35 36 44.52922405463621 0.0002887610165274168
10 60 0.1 0.15 36 37 40.78556341296711 0.0002585952023750338
10 60 0.1 0.15 37 38 37.42118171201409 0.0002263508043256479
10 60 0.1 0.15 38 39 34.3912952182479 0.0002116008388668433
10 60 0.1 0.15 39 40 31.65708032754015 0.0002028750211948704
10 60 0.1 0.15 40 42 56.13004710340639 0.0003508863399019901
10 60 0.1 0.15 42 44 47.9778049953744 0.0002944460716278741
10 60 0.1 0.15 44 46 41.23026219971499 0.0002570583313783459
10 60 0.1 0.15 46 48 35.60898188795756 0.0002179686022572014
10 60 0.1 0.15 48 50 30.89768786689913 0.0001851857035291005
10 60 0.1 0.15 50 52 26.92683757084469 0.0001575665813398075
10 60 0.1 0.15 52 54 23.56240543078117 0.0001346258097392194
10 60 0.1 0.15 54 56 20.69768917806979 0.0001164790050189879
10 60 0.1 0.15 56 58 18.24713677398596 0.0001025918462360664
10 60 0.1 0.15 58 60 16.14165125723014 8.94228987569079e-05
10 60 0.1 0.15 60 65 32.92862889501237 0.0001745834563706694
10 60 0.1 0.15 65 70 24.87120443600503 0.0001274846918022376
10 60 0.1 0.15 70 80 33.96003102014125 0.0001518629797914173
10 60 0.1 0.15 80 90 21.08572407363127 8.238287855633075e-05
10 60 0.1 0.15 90 100 13.68655860086981 5.052326181598232e-05
10 60 0.15 0.2 0 0.5 -59449.99856686978 0.7133445542640402
10 60 0.15 0.2 0.5 1 257.8198517159952 0.001843058068175196
10 60 0.15 0.2 1 1.5 4523.371626343975 0.05460106869395531
10 60 0.15 0.2 1.5 2 4333.730052859401 0.2012745924666888
10 60 0.15 0.2 2 2.5 3728.910423951738 0.1422232765812623
10 60 0.15 0.2 2.5 3 3163.483206783224 0.1040657547937371
10 60 0.15 0.2 3 3.5 2693.752012166391 0.07767825548262408
10 60 0.15 0.2 3.5 4 2311.469631070322 0.0603168676398127
10 60 0.15 0.2 4 4.5 1999.586663186574 0.04834450828207082
10 60 0.15 0.2 4.5 5 1742.8376210872 0.03952930699233548
10 60 0.15 0.2 5 5.5 1529.256048336092 0.03277097184536615
10 60 0.15 0.2 5.5 6 1349.755641223387 0.02750359795732038
10 60 0.15 0.2 6 6.5 1197.479951678937 0.02334891774785319
10 60 0.15 0.2 6.5 7 1067.212357021931 0.01979468663625994
10 60 0.15 0.2 7 7.5 954.9463132275596 0.01649040910240274
10 60 0.15 0.2 7.5 8 857.5650608519564 0.01354205517679929
10 60 0.15 0.2 8 8.5 772.6087639550248 0.01103893083916319
10 60 0.15 0.2 8.5 9 698.1193919966149 0.009260061010309073
10 60 0.15 0.2 9 9.5 632.5138714141975 0.007931751725891445
10 60 0.15 0.2 9.5 10 574.499066902299 0.006793550072984544
10 60 0.15 0.2 10 10.5 523.0142549351939 0.005773384513986457
10 60 0.15 0.2 10.5 11 477.1739034956183 0.004986773136749889
10 60 0.15 0.2 11 11.5 436.2355026872886 0.004302933320275315
10 60 0.15 0.2 11.5 12 399.5759860629617 0.01782698908601787
10 60 0.15 0.2 12 12.5 366.6638960927522 0.01366110668629972
10 60 0.15 0.2 12.5 13 337.0454064674898 0.01023608085506567
10 60 0.15 0.2 13 13.5 310.3322248690883 0.007592864216633188
10 60 0.15 0.2 13.5 14 286.1881402209473 0.005481834612680814
10 60 0.15 0.2 14 14.5 264.3223226232083 0.003742445865896116
10 60 0.15 0.2 14.5 15 244.4829985140408 0.002424379717467673
10 60 0.15 0.2 15 16 436.4786993394118 0.007796492765180574
10 60 0.15 0.2 16 17 376.4232453949486 0.002697203848185836
10 60 0.15 0.2 17 18 326.2385715281665 0.008556110928623184
10 60 0.15 0.2 18 19 284.0517019656726 0.01190819962869227
10 60 0.15 0.2 19 20 248.3922578712494 0.001684916901695033
10 60 0.15 0.2 20 21 218.0937531576406 0.001448597810849606
10 60 0.15 0.2 21 22 192.2248948489428 0.001285275909367556
10 60 0.15 0.2 22 23 170.0363522300357 0.001145759895194942
10 60 0.15 0.2 23 24 150.9216942948551 0.001011510607639821
10 60 0.15 0.2 24 25 134.3874587894947 0.0008984858849885313
10 60 0.15 0.2 25 26 120.0296986073953 0.0007913841448896619
10 60 0.15 0.2 26 27 107.516037894445 0.0007082324218856684
10 60 0.15 0.2 27 28 96.57143887220667 0.0006296777430065958
10 60 0.15 0.2 28 29 86.96735326179304 0.0005560446694232724
10 60 0.15 0.2 29 30 78.51291541097194 0.0005170071856497316
10 60 0.15 0.2 30 31 71.0478967247269 0.0004696886447987936
10 60 0.15 0.2 31 32 64.43748144613541 0.0004107138872200267
10 60 0.15 0.2 32 33 58.56781317217023 0.0003789186398961419
10 60 0.15 0.2 33 34 53.34216501649345 0.0003489940698457872
10 60 0.15 0.2 34 35 48.67817338678906 0.0003148912703423434
10 60 0.15 0.2 35 36 44.50549702646744 0.0002743042644794969
10 60 0.15 0.2 36 37 40.76385071406673 0.000250275280166079
10 60 0.15 0.2 37 38 37.40131240222784 0.0002355695766809163
10 60 0.15 0.2 38 39 34.37304596285022 0.0002141397124617583
10 60 0.15 0.2 39 40 31.64028122287401 0.0001931225594944408
10 60 0.15 0.2 40 42 56.10044622665656 0.0003412498461514701
10 60 0.15 0.2 42 44 47.95281881068668 0.0002943140011879564
10 60 0.15 0.2 44 46 41.20911831447719 0.0002524872753397744
10 60 0.15 0.2 46 48 35.59108043302166 0.0002196308302515604
10 60 0.15 0.2 48 50 30.88245198170071 0.0001842943216736614
10 60 0.15 0.2 50 52 26.9138037841802 0.0001555519932665561
10 60 0.15 0.2 52 54 23.55123577889229 0.0001361317464656508
10 60 0.15 0.2 54 56 20.68806730575738 0.0001157928050616874
10 60 0.15 0.2 56 58 18.23881269302854 9.768202357207656e-05
10 60 0.15 0.2 58 60 16.13449445457565 8.780040048605997e-05
10 60 0.15 0.2 60 65 32.91480058304478 0.0001767953088531726
10 60 0.15 0.2 65 70 24.86155850337195 0.0001239792664975425
10 60 0.15 0.2 70 80 33.94845455222614 0.000152515550880139
10 60 0.15 0.2 80 90 21.07996885815951 8.416302706848455e-05
10 60 0.15 0.2 90 100 13.6836768573331 5.052600191568501e-05
10 60 0.2 0.25 0 0.5 -59398.21332078408 0.7027359453350073
10 60 0.2 0.25 0.5 1 261.9013117907126 0.001085861522312825
10 60 0.2 0.25 1 1.5 4522.144725393094 0.08681924056054413
10 60 0.2 0.25 1.5 2 4331.789337457767 0.195504677200006
10 60 0.2 0.25 2 2.5 3726.989766384478 0.1480688039359848
10 60 0.2 0.25 2.5 3 3161.736050624408 0.1167971780296284
10 60 0.2 0.25 3 3.5 2692.197282509785 0.09192954837362777
10 60 0.2 0.25 3.5 4 2310.09714181429 0.07157145817154742
10 60 0.2 0.25 4 4.5 1998.370816116398 0.05571402147938898
10 60 0.2 0.25 4.5 5 1741.765301607575 0.04376312627709922
10 60 0.2 0.25 5 5.5 1528.30007000234 0.03460470967911533
10 60 0.2 0.25 5.5 6 1348.907134005862 0.02755353307179575
10 60 0.2 0.25 6 6.5 1196.721405113152 0.02228435547658592
10 60 0.2 0.25 6.5 7 1066.532944776848 0.01838198168820782
10 60 0.2 0.25 7 7.5 954.33708647891 0.01557100378352061
10 60 0.2 0.25 7.5 8 857.0155572791415 0.01335482735817095
10 60 0.2 0.25 8 8.5 772.1130964197712 0.01134322377424724
10 60 0.2 0.25 8.5 9 697.6715345738038 0.009473384435182197
10 60 0.2 0.25 9 9.5 632.1057884410543 0.007883119064331368
10 60 0.2 0.25 9.5 10 574.1290194188892 0.006707422217004932
10 60 0.2 0.25 10 10.5 522.6772985522803 0.005788723506839233
10 60 0.2 0.25 10.5 11 476.86478622049 0.004970574904007208
10 60 0.2 0.25 11 11.5 435.9531289867361 0.004319600029020876
10 60 0.2 0.25 11.5 12 399.316636616895 0.01785121479076679
10 60 0.2 0.25 12 12.5 366.4248345125748 0.0135954828686522
10 60 0.2 0.25 12.5 13 336.8253367744991 0.01029209241073659
10 60 0.2 0.25 13 13.5 310.1283014410467 0.00760207998706619
10 60 0.2 0.25 13.5 14 285.9987121725705 0.005420861802349464
10 60 0.2 0.25 14 14.5 264.1469246537473 0.003773684849079473
10 60 0.2 0.25 14.5 15 244.3198534018756 0.002451790686421873
10 60 0.2 0.25 15 16 436.1839113868188 0.007529426293501729
10 60 0.2 0.25 16 17 376.1673230965471 0.002583933146240724
10 60 0.2 0.25 17 18 326.0146608373001 0.008645644244325013
10 60 0.2 0.25 18 19 283.8558048092934 0.01186580575381413
10 60 0.2 0.25 19 20 248.2201549553264 0.001649270970631278
10 60 0.2 0.25 20 21 217.9421108161079 0.001442495136132038
10 60 0.2 0.25 21 22 192.090794943593 0.001264413079809401
10 60 0.2 0.25 22 23 169.9176167160132 0.001119167060551263
10 60 0.2 0.25 23 24 150.8165599156654 0.001005094222165326
10 60 0.2 0.25 24 25 134.2941793577853 0.0008913853613989886
10 60 0.2 0.25 25 26 119.9466624963842 0.0007985697771744071
10 60 0.2 0.25 26 27 107.4417866375992 0.0007036817997345679
10 60 0.2 0.25 27 28 96.50488006664369 0.0006292984426750081
10 60 0.2 0.25 28 29 86.90746394238187 0.0005768352396415821
10 60 0.2 0.25 29 30 78.45873676422752 0.0005065085278630477
10 60 0.2 0.25 30 31 70.99887262406084 0.0004461792852055169
10 60 0.2 0.25 31 32 64.39318149046834 0.0004283880754201164
10 60 0.2 0.25 32 33 58.52761450477171 0.0003859169022319975
10 60 0.2 0.25 33 34 53.30555192854314 0.0003408330512684188
10 60 0.2 0.25 34 35 48.64480047497917 0.0002970581316290577
10 60 0.2 0.25 35 36 44.47509913419007 0.0002836279566764688
10 60 0.2 0.25 36 37 40.73607926957476 0.000256783287731821
10 60 0.2 0.25 37 38 37.37585188459347 0.000230688439074811
10 60 0.2 0.25 38 39 34.34967878202405 0.0002055296279621643
10 60 0.2 0.25 39 40 31.61883708154251 0.0001917532810011835
10 60 0.2 0.25 40 42 56.06261967239793 0.0003399140962869751
10 60 0.2 0.25 42 44 47.92077432348808 0.0002891125103232639
10 60 0.2 0.25 44 46 41.18190119412117 0.000249274807515576
10 60 0.2 0.25 46 48 35.56794837276878 0.0002129463504161322
10 60 0.2 0.25 48 50 30.86279115557589 0.0001840739418170756
10 60 0.2 0.25 50 52 26.89702189238592 0.0001578360278884361
10 60 0.2 0.25 52 54 23.53681651384698 0.0001327017728449675
10 60 0.2 0.25 54 56 20.67566854420097 0.0001139081630476824
10 60 0.2 0.25 56 58 18.22812635065022 9.977463753330085e-05
10 60 0.2 0.25 58 60 16.12523211111102 8.506287580800631e-05
10 60 0.2 0.25 60 65 32.89674565115194 0.0001733398295797883
10 60 0.2 0.25 65 70 24.84892615886555 0.0001233581100450465
10 60 0.2 0.25 70 80 33.93320584447528 0.0001521374421855626
10 60 0.2 0.25 80 90 21.07221054466883 8.293321868180215e-05
10 60 0.2 0.25 90 100 13.67977193064894 5.052839505736983e-05
10 60 0.25 0.3 0 0.5 -59332.99426430146 0.6792950819581165
10 60 0.25 0.3 0.5 1 266.9222497081747 0.01145252807799579
10 60 0.25 0.3 1 1.5 4520.538897340281 0.1705018914444736
10 60 0.25 0.3 1.5 2 4329.314653549601 0.1504061651266966
10 60 0.25 0.3 2 2.5 3724.561764391247 0.119460119341511
10 60 0.25 0.3 2.5 3 3159.537494402331 0.09654165637584811
10 60 0.25 0.3 3 3.5 2690.247756927247 0.08016817726820591
10 60 0.25 0.3 3.5 4 2308.381071204764 0.06684815602466188
10 60 0.25 0.3 4 4.5 1996.856986095767 0.05511921428569622
10 60 0.25 0.3 4.5 5 1740.426039309221 0.04503526475218678
10 60 0.25 0.3 5 5.5 1527.114483699232 0.03672640991703702
10 60 0.25 0.3 5.5 6 1347.850710250511 0.02985879854668383
10 60 0.25 0.3 6 6.5 1195.778805939189 0.02412208152463791
10 60 0.25 0.3 6.5 7 1065.689119857659 0.01935448534754869
10 60 0.25 0.3 7 7.5 953.5791093447438 0.01563773247983136
10 60 0.25 0.3 7.5 8 856.332008379757 0.01277889269090338
10 60 0.25 0.3 8 8.5 771.4970078135835 0.01080446815626601
10 60 0.25 0.3 8.5 9 697.1116782089357 0.009303233085233842
10 60 0.25 0.3 9 9.5 631.5982095049513 0.007991078878148983
10 60 0.25 0.3 9.5 10 573.6675445600297 0.006787813286791788
10 60 0.25 0.3 10 10.5 522.2547884351277 0.005782829925692567
10 60 0.25 0.3 10.5 11 476.4790542310072 0.004978762105224632
10 60 0.25 0.3 11 11.5 435.5992594890443 0.004305408002323929
10 60 0.25 0.3 11.5 12 398.9916663788586 0.01779727996091651
10 60 0.25 0.3 12 12.5 366.1263588536773 0.01365589949551804
10 60 0.25 0.3 12.5 13 336.5495306375827 0.0102423922958792
10 60 0.25 0.3 13 13.5 309.8735085555421 0.007553235071497966
10 60 0.25 0.3 13.5 14 285.7634807884102 0.005476900966868925
10 60 0.25 0.3 14 14.5 263.9284325298606 0.003773997823429909
10 60 0.25 0.3 14.5 15 244.1164530345352 0.002407906136767224
10 60 0.25 0.3 15 16 435.8192324288154 0.007636959930039211
10 60 0.25 0.3 16 17 375.8500160740109 0.002683129634306169
10 60 0.25 0.3 17 18 325.7381407799792 0.008635981286317929
10 60 0.25 0.3 18 19 283.6141867691705 0.01189240890374776
10 60 0.25 0.3 19 20 248.0083594613383 0.001633538247119759
10 60 0.25 0.3 20 21 217.7558542946881 0.001433439595246
10 60 0.25 0.3 21 22 191.9263527341823 0.001247331778643002
10 60 0.25 0.3 22 23 169.7719991965981 0.001103024924645979
10 60 0.25 0.3 23 24 150.6873874549231 0.0009833384210651275
10 60 0.25 0.3 24 25 134.179429460876 0.0008889373514193721
10 60 0.25 0.3 25 26 119.8445121036541 0.0007863229715923126
10 60 0.25 0.3 26 27 107.3506501744111 0.0007173980655181822
10 60 0.25 0.3 27 28 96.42314440678723 0.0006417389786861349
10 60 0.25 0.3 28 29 86.83385903623623 0.0005546759131362933
10 60 0.25 0.3 29 30 78.39241345087338 0.0005084203854295311
10 60 0.25 0.3 30 31 70.93892539894053 0.0004674503529855656
10 60 0.25 0.3 31 32 64.33875653270259 0.0004141218187641016
10 60 0.25 0.3 32 33 58.47820675062405 0.0003613097630292827
10 60 0.25 0.3 33 34 53.26077356765767 0.0003438342803505634
10 60 0.25 0.3 34 35 48.60413205405793 0.0003115553099206636
10 60 0.25 0.3 35 36 44.43799671944382 0.0002798159882857476
10 60 0.25 0.3 36 37 40.70216782153415 0.0002449823753636338
10 60 0.25 0.3 37 38 37.34486165681535 0.0002302848838127147
10 60 0.25 0.3 38 39 34.32131371077543 0.0002101495569419853
10 60 0.25 0.3 39 40 31.59280440195822 0.0001928137999307467
10 60 0.25 0.3 40 42 56.01664391384289 0.0003328599802188137
10 60 0.25 0.3 42 44 47.88176833329896 0.0002859009325462125
10 60 0.25 0.3 44 46 41.14872986102939 0.0002412227937469424
10 60 0.25 0.3 46 48 35.53970299565668 0.0002087043853791215
10 60 0.25 0.3 48 50 30.83872061521187 0.0001811610646456074
10 60 0.25 0.3 50 52 26.87646190635818 0.0001551063169742406
10 60 0.25 0.3 52 54 23.519210681573 0.0001322212354040175
10 60 0.25 0.3 54 56 20.66052342696418 0.0001143373291974115
10 60 0.25 0.3 56 58 18.21505886056751 9.961844584438495e-05
10 60 0.25 0.3 58 60 16.11391333041486 8.572709687015845e-05
10 60 0.25 0.3 60 65 32.87453094548037 0.0001674182234125965
10 60 0.25 0.3 65 70 24.83333532398523 0.0001229743848014664
10 60 0.25 0.3 70 80 33.91429692131502 0.0001520236087770854
10 60 0.25 0.3 80 90 21.0624648497121 7.991576495314234e-05
10 60 0.25 0.3 90 100 13.67484762934793 5.053055922310534e-05
10 60 0.3 0.35 0 0.5 -59255.43442012983 0.6437534831857192
10 60 0.3 0.35 0.5 1 272.7171956991866 0.007447876910873674
10 60 0.3 0.35 1 1.5 4518.516225237006 0.2216929420828819
10 60 0.3 0.35 1.5 2 4326.32112470814 0.1599379814824715
10 60 0.3 0.35 2 2.5 3721.642603509091 0.1234017683182174
10 60 0.3 0.35 2.5 3 3156.900955398344 0.09389556644237018
10 60 0.3 0.35 3 3.5 2687.915743392152 0.07337007935348083
10 60 0.3 0.35 3.5 4 2306.326971701557 0.05922449335685087
10 60 0.3 0.35 4 4.5 1995.052571519725 0.04870830918025604
10 60 0.3 0.35 4.5 5 1738.827806289042 0.04034291090056286
10 60 0.3 0.35 5 5.5 1525.700549045411 0.03353253258660516
10 60 0.3 0.35 5.5 6 1346.591691249579 0.02807883970376679
10 60 0.3 0.35 6 6.5 1194.654319760031 0.02362569199567588
10 60 0.3 0.35 6.5 7 1064.682499867215 0.01988155709227613
10 60 0.3 0.35 7 7.5 952.673054010829 0.01655710626607743
10 60 0.3 0.35 7.5 8 855.5168140739154 0.01364967845108822
10 60 0.3 0.35 8 8.5 770.7586001705247 0.01119912529327394
10 60 0.3 0.35 8.5 9 696.4422433226241 0.009205420823036548
10 60 0.3 0.35 9 9.5 630.990836634946 0.007807926973896429
10 60 0.3 0.35 9.5 10 573.1128969651569 0.006676975173149913
10 60 0.3 0.35 10 10.5 521.7489666711829 0.005774762709279457
10 60 0.3 0.35 10.5 11 476.0154612475324 0.004959629317909275
10 60 0.3 0.35 11 11.5 435.174425007236 0.004337313083794925
10 60 0.3 0.35 11.5 12 398.6018119896158 0.01784518443758998
10 60 0.3 0.35 12 12.5 365.7668790653724 0.01355751759575696
10 60 0.3 0.35 12.5 13 336.2186124382121 0.01023578359536259
10 60 0.3 0.35 13 13.5 309.5684517493863 0.007611003915769743
10 60 0.3 0.35 13.5 14 285.4808349984434 0.005450622345165357
10 60 0.3 0.35 14 14.5 263.6665269738848 0.003739883277262379
10 60 0.3 0.35 14.5 15 243.8739452192548 0.002429055573770711
10 60 0.3 0.35 15 16 435.3842346807166 0.007625257375025285
10 60 0.3 0.35 16 17 375.4725754423325 0.002701710761868981
10 60 0.3 0.35 17 18 325.4095759842821 0.008686737466518935
10 60 0.3 0.35 18 19 283.3274121463116 0.01189137361046733
10 60 0.3 0.35 19 20 247.7573364309237 0.001624647881612873
10 60 0.3 0.35 20 21 217.5352537262266 0.00140847192224669
10 60 0.3 0.35 21 22 191.7319284597323 0.001243031329153155
10 60 0.3 0.35 22 23 169.5999442026965 0.001092814027572331
10 60 0.3 0.35 23 24 150.5345441820668 0.0009713388932084399
10 60 0.3 0.35 24 25 134.0434209349143 0.0008579460995576937
10 60 0.3 0.35 25 26 119.7233906222366 0.0008012452464072339
10 60 0.3 0.35 26 27 107.2423853816291 0.0007132925979220772
10 60 0.3 0.35 27 28 96.32612277123816 0.0006164673436899193
10 60 0.3 0.35 28 29 86.74678322585835 0.0005756964150691601
10 60 0.3 0.35 29 30 78.31389779359974 0.0005149093426268792
10 60 0.3 0.35 30 31 70.8678694480755 0.0004469171865792987
10 60 0.3 0.35 31 32 64.27443107390978 0.0003996619038844074
10 60 0.3 0.35 32 33 58.41994116591562 0.0003738235108272647
10 60 0.3 0.35 33 34 53.20784908932126 0.0003368161428198846
10 60 0.3 0.35 34 35 48.55600573160322 0.0003019036122609009
10 60 0.3 0.35 35 36 44.3942177197309 0.000277185766414334
10 60 0.3 0.35 36 37 40.66227109343073 0.0002537227319834301
10 60 0.3 0.35 37 38 37.30838375941031 0.0002295881425027346
10 60 0.3 0.35 38 39 34.28790375382282 0.0002068935293024765
10 60 0.3 0.35 39 40 31.56217077568929 0.000190260246483831
10 60 0.3 0.35 40 42 55.96263246170079 0.0003349520861348765
10 60 0.3 0.35 42 44 47.83593464934636 0.0002757656510326001
10 60 0.3 0.35 44 46 41.10975243446816 0.0002383672786052671
10 60 0.3 0.35 46 48 35.50645929199645 0.0002032975276762272
10 60 0.3 0.35 48 50 30.81030623877886 0.0001739651576961876
10 60 0.3 0.35 50 52 26.85218566911757 0.0001523420423765742
10 60 0.3 0.35 52 54 23.49842094090767 0.0001333865689154834
10 60 0.3 0.35 54 56 20.64264055702466 0.0001144239604258246
10 60 0.3 0.35 56 58 18.19960541831363 9.656875334229653e-05
10 60 0.3 0.35 58 60 16.10054467200449 8.50608711502332e-05
10 60 0.3 0.35 60 65 32.84828291920711 0.0001637753957695054
10 60 0.3 0.35 65 70 24.81479187077593 0.0001228010787528433
10 60 0.3 0.35 70 80 33.89173968557152 0.0001498118218208333
10 60 0.3 0.35 80 90 21.05079322688276 7.91531726456185e-05
10 60 0.3 0.35 90 100 13.66890174829574 5.053602769855559e-05
10 60 0.35 0.4 0 0.5 -59165.73187571169 0.6139868012833176
10 60 0.35 0.4 0.5 1 279.3729859642755 0.002819870741291197
10 60 0.35 0.4 1 1.5 4516.114573757995 0.05118805518668523
10 60 0.35 0.4 1.5 2 4322.835529562998 0.186585877268044
10 60 0.35 0.4 2 2.5 3718.252671031093 0.1410428721083008
10 60 0.35 0.4 2.5 3 3153.843944743855 0.1107688892216174
10 60 0.35 0.4 3 3.5 2685.215892415661 0.08637232365254022
10 60 0.35 0.4 3.5 4 2303.948149517315 0.06741718540115471
10 60 0.35 0.4 4 4.5 1992.958840762688 0.05328180212268308
10 60 0.35 0.4 4.5 5 1736.979333388029 0.04243248668353772
10 60 0.35 0.4 5 5.5 1524.059926699068 0.03399599567251244
10 60 0.35 0.4 5.5 6 1345.132000350684 0.02736286300819302
10 60 0.35 0.4 6 6.5 1193.350342468816 0.02231035274007809
10 60 0.35 0.4 6.5 7 1063.512847889096 0.01847318461000214
10 60 0.35 0.4 7 7.5 951.6215455659853 0.01554982220761758
10 60 0.35 0.4 7.5 8 854.5681642214414 0.01324434757270865
10 60 0.35 0.4 8 8.5 769.8991659940175 0.011286008076695
10 60 0.35 0.4 8.5 9 695.6639187497642 0.009534681053878558
10 60 0.35 0.4 9 9.5 630.281704802828 0.008000272387334917
10 60 0.35 0.4 9.5 10 572.4671531606149 0.006738862157249059
10 60 0.35 0.4 10 10.5 521.1582217810138 0.005756851387104689
10 60 0.35 0.4 10.5 11 475.4752333179652 0.004937836022349984
10 60 0.35 0.4 11 11.5 434.6790861943123 0.004264407249422675
10 60 0.35 0.4 11.5 12 398.1459025621932 0.01771303639389998
10 60 0.35 0.4 12 12.5 365.3480652533897 0.01358662265232624
10 60 0.35 0.4 12.5 13 335.8328172691896 0.01026673112005483
10 60 0.35 0.4 13 13.5 309.2117883776796 0.007546677064112828
10 60 0.35 0.4 13.5 14 285.1514195166584 0.005426999166445512
10 60 0.35 0.4 14 14.5 263.362105500405 0.003767418182690108
10 60 0.35 0.4 14.5 15 243.5917494856987 0.002428867399459023
10 60 0.35 0.4 15 16 434.879026884461 0.00755400332809586
10 60 0.35 0.4 16 17 375.0356457940869 0.002701030402874949
10 60 0.35 0.4 17 18 325.0297616481133 0.008682253510698956
10 60 0.35 0.4 18 19 282.9960595966447 0.01189562794996846
10 60 0.35 0.4 19 20 247.4673833851552 0.001600119102391773
10 60 0.35 0.4 20 21 217.2807922995573 0.001400886399039791
10 60 0.35 0.4 21 22 191.5077279219433 0.001234270745698041
10 60 0.35 0.4 22 23 169.401610724376 0.001091601351532745
10 60 0.35 0.4 23 24 150.3584481997418 0.0009490329874779491
10 60 0.35 0.4 24 25 133.886605288026 0.0008736083041469556
10 60 0.35 0.4 25 26 119.5832382995764 0.0007652801766369066
10 60 0.35 0.4 26 27 107.1171118276027 0.0006857618291462586
10 60 0.35 0.4 27 28 96.21405495376817 0.0006448898869564346
10 60 0.35 0.4 28 29 86.64604124988 0.0005676328651418316
10 60 0.35 0.4 29 30 78.22310458212486 0.0004837622328892621
10 60 0.35 0.4 30 31 70.78602430726603 0.0004544137735251752
10 60 0.35 0.4 31 32 64.20042631105144 0.000409044736173314
10 60 0.35 0.4 32 33 58.35278904153889 0.0003608661667158231
10 60 0.35 0.4 33 34 53.14686044315241 0.000324449603446908
10 60 0.35 0.4 34 35 48.50058926443653 0.000302956508051011
10 60 0.35 0.4 35 36 44.34378897930974 0.0002771658110560793
10 60 0.35 0.4 36 37 40.61630394430522 0.0002522764226284835
10 60 0.35 0.4 37 38 37.26641412149162 0.0002281234512864216
10 60 0.35 0.4 38 39 34.24950201229303 0.0002093594723007186
10 60 0.35 0.4 39 40 31.52696170317358 0.000187866271108561
10 60 0.35 0.4 40 42 55.90061894141849 0.0003274293466830613
10 60 0.35 0.4 42 44 47.78344815171491 0.0002769901202626102
10 60 0.35 0.4 44 46 41.06507471702069 0.000231368729870951
10 60 0.35 0.4 46 48 35.46833243898607 0.0001970142911460471
10 60 0.35 0.4 48 50 30.77770965013212 0.0001705067382467007
10 60 0.35 0.4 50 52 26.82425069369213 0.0001495335596146674
10 60 0.35 0.4 52 54 23.47444349738025 0.0001299589606809093
10 60 0.35 0.4 54 56 20.62201784292236 0.000111730181018288
10 60 0.35 0.4 56 58 18.18182131133385 9.765537121708689e-05
10 60 0.35 0.4 58 60 16.08514396743073 8.216028557583854e-05
10 60 0.35 0.4 60 65 32.81808248121896 0.0001653064444866459
10 60 0.35 0.4 65 70 24.79332792211021 0.0001146713560871149
10 60 0.35 0.4 70 80 33.86557180102768 0.000148215820878761
10 60 0.35 0.4 80 90 21.0372409216011 7.744754566019196e-05
10 60 0.35 0.4 90 100 13.66193392310018 5.053944983757219e-05
10 60 0.4 0.45 0 0.5 -59063.65413366265 0.6221769125841092
10 60 0.4 0.45 0.5 1 286.9858779783704 0.002668400804793691
10 60 0.4 0.45 1 1.5 4513.425274018968 0.2063985762333687
10 60 0.4 0.45 1.5 2 4318.882460952093 0.1652722124499633
10 60 0.4 0.45 2 2.5 3714.409992071502 0.1294106450422987
10 60 0.4 0.45 2.5 3 3150.378937258509 0.102707545186604
10 60 0.4 0.45 3 3.5 2682.155330117049 0.08345282816480903
10 60 0.4 0.45 3.5 4 2301.255633503017 0.06781639612790968
10 60 0.4 0.45 4 4.5 1990.581110924512 0.05487990237338636
10 60 0.4 0.45 4.5 5 1734.881074518084 0.04455542326786599
10 60 0.4 0.45 5 5.5 1522.196575165709 0.03632248450639963
10 60 0.4 0.45 5.5 6 1343.472167489099 0.02951785177720012
10 60 0.4 0.45 6 6.5 1191.867101369289 0.02385464480289556
10 60 0.4 0.45 6.5 7 1062.181059371222 0.01923516588476559
10 60 0.4 0.45 7 7.5 950.4243533262458 0.01561782199109985
10 60 0.4 0.45 7.5 8 853.4853505789499 0.01286872706646136
10 60 0.4 0.45 8 8.5 768.9203838642486 0.0107385701039675
10 60 0.4 0.45 8.5 9 694.7743772502785 0.009195674218517524
10 60 0.4 0.45 9 9.5 629.4730202806254 0.007870952254620533
10 60 0.4 0.45 9.5 10 571.7286400059835 0.006781951012044374
10 60 0.4 0.45 10 10.5 520.4841044314048 0.005787779665865855
10 60 0.4 0.45 10.5 11 474.8581791765537 0.005024571252761234
10 60 0.4 0.45 11 11.5 434.1124504821183 0.004316474163374551
10 60 0.4 0.45 11.5 12 397.6261245437199 0.01775766965346293
10 60 0.4 0.45 12 12.5 364.8696062723216 0.01356992200362583
10 60 0.4 0.45 12.5 13 335.3914736951049 0.01018710817663759
10 60 0.4 0.45 13 13.5 308.8050766409155 0.00754692304406035
10 60 0.4 0.45 13.5 14 284.7759564811067 0.005429961719698895
10 60 0.4 0.45 14 14.5 263.014667849498 0.003737650528535141
10 60 0.4 0.45 14.5 15 243.2700850308866 0.002405913583629626
10 60 0.4 0.45 15 16 434.3044391494552 0.007595182524312349
10 60 0.4 0.45 16 17 374.5394879872498 0.002687705073526558
10 60 0.4 0.45 17 18 324.5992673193073 0.008660780818331659
10 60 0.4 0.45 18 19 282.6207116038818 0.01190217069540722
10 60 0.4 0.45 19 20 247.139025036075 0.001574299999248296
10 60 0.4 0.45 20 21 216.9927121214396 0.001404408272151159
10 60 0.4 0.45 21 22 191.2538902387365 0.001226256523125357
10 60 0.4 0.45 22 23 169.1771872420395 0.001074659016609303
10 60 0.4 0.45 23 24 150.1593367894678 0.0009794447528008732
10 60 0.4 0.45 24 25 133.7090177318256 0.0008287613736399635
10 60 0.4 0.45 25 26 119.4246795173822 0.0007578307772035942
10 60 0.4 0.45 26 27 106.97523035105 0.0006939494129341028
10 60 0.4 0.45 27 28 96.08670043144625 0.0006057133434183015
10 60 0.4 0.45 28 29 86.53176700454279 0.0005464706167686018
10 60 0.4 0.45 29 30 78.12045212508916 0.0005064853721563622
10 60 0.4 0.45 30 31 70.69339562294516 0.000445210152946629
10 60 0.4 0.45 31 32 64.11665402366164 0.0003930370191937982
10 60 0.4 0.45 32 33 58.27694231145825 0.0003627482288592887
10 60 0.4 0.45 33 34 53.07801512525793 0.0003276477578424419
10 60 0.4 0.45 34 35 48.43794846193131 0.0002971926549761861
10 60 0.4 0.45 35 36 44.28672581747987 0.0002661865374165018
10 60 0.4 0.45 36 37 40.56429264287333 0.000251410893461923
10 60 0.4 0.45 37 38 37.2189442037583 0.0002269968382364596
10 60 0.4 0.45 38 39 34.20611205068754 0.0002063092960895574
10 60 0.4 0.45 39 40 31.48723530327243 0.0001860995422688916
10 60 0.4 0.45 40 42 55.83072344698561 0.0003259840016127669
10 60 0.4 0.45 42 44 47.72433688984425 0.0002729441173769942
10 60 0.4 0.45 44 46 41.01483705392518 0.0002266735386768914
10 60 0.4 0.45 46 48 35.42546728896394 0.0001937076584255237
10 60 0.4 0.45 48 50 30.74101900203489 0.0001692087983720114
10 60 0.4 0.45 50 52 26.79273809755256 0.0001427953124348846
10 60 0.4 0.45 52 54 23.44734858932805 0.0001254017012755071
10 60 0.4 0.45 54 56 20.59870245861021 0.000110403974602491
10 60 0.4 0.45 56 58 18.16171170989101 9.493950742722745e-05
10 60 0.4 0.45 58 60 16.06775710073366 8.339205795238058e-05
10 60 0.4 0.45 60 65 32.78393017323737 0.0001606221893482029
10 60 0.4 0.45 65 70 24.76908723362893 0.0001137910703548073
10 60 0.4 0.45 70 80 33.83582736140949 0.0001454930532034382
10 60 0.4 0.45 80 90 21.02185013530776 7.743883077893088e-05
10 60 0.4 0.45 90 100 13.65396134549955 5.054315927743858e-05
10 60 0.45 0.5 0 0.5 -58949.07438641346 0.6482668835888035
10 60 0.45 0.5 0.5 1 295.662282439462 0.003099129227337016
10 60 0.45 0.5 1 1.5 4510.484776138889 0.05451742176592234
10 60 0.45 0.5 1.5 2 4314.489421806631 0.1715825521214356
10 60 0.45 0.5 2 2.5 3710.132646226285 0.1292963776609213
10 60 0.45 0.5 2.5 3 3146.518441564672 0.0984640646383923
10 60 0.45 0.5 3 3.5 2678.73841210779 0.07745233357672987
10 60 0.45 0.5 3.5 4 2298.249198257595 0.06206055285429102
10 60 0.45 0.5 4 4.5 1987.927722209652 0.05011550305334822
10 60 0.45 0.5 4.5 5 1732.532312095202 0.04086976967050759
10 60 0.45 0.5 5 5.5 1520.112117654521 0.03372067277632596
10 60 0.45 0.5 5.5 6 1341.613675508974 0.02803502692677284
10 60 0.45 0.5 6 6.5 1190.203442872329 0.02348637705881629
10 60 0.45 0.5 6.5 7 1060.688900459398 0.01962597797614762
10 60 0.45 0.5 7 7.5 949.0786646939941 0.01636256669780778
10 60 0.45 0.5 7.5 8 852.2709549205267 0.01353559891356326
10 60 0.45 0.5 8 8.5 767.8196109850179 0.01118550703222354
10 60 0.45 0.5 8.5 9 693.7758857588109 0.009270259756817723
10 60 0.45 0.5 9 9.5 628.5630745616326 0.007756605310532905
10 60 0.45 0.5 9.5 10 570.8993535501544 0.006651206991705294
10 60 0.45 0.5 10 10.5 519.7263264453369 0.00568048928528242
10 60 0.45 0.5 10.5 11 474.1637810312561 0.004926771082296
10 60 0.45 0.5 11 11.5 433.4765711622204 0.004273502703199483
10 60 0.45 0.5 11.5 12 397.0417716171327 0.01771978049407608
10 60 0.45 0.5 12 12.5 364.3317537366902 0.01349855372330921
10 60 0.45 0.5 12.5 13 334.8964895830077 0.01019744575705772
10 60 0.45 0.5 13 13.5 308.3485603859049 0.007526863306395626
10 60 0.45 0.5 13.5 14 284.3543675212858 0.005406782283841949
10 60 0.45 0.5 14 14.5 262.6251593920344 0.003736507425173841
10 60 0.45 0.5 14.5 15 242.9097068455104 0.002413571042438889
10 60 0.45 0.5 15 16 433.6606584741578 0.007520844126304382
10 60 0.45 0.5 16 17 373.984427442733 0.002676112001381625
10 60 0.45 0.5 17 18 324.1182317869181 0.008648058461233177
10 60 0.45 0.5 18 19 282.2018833202488 0.01188439237040484
10 60 0.45 0.5 19 20 246.7728014811973 0.001585339030981459
10 60 0.45 0.5 20 21 216.6710257911982 0.001375427494707537
10 60 0.45 0.5 21 22 190.9706595358019 0.001224545479516337
10 60 0.45 0.5 22 23 168.9268096323164 0.001097092181311154
10 60 0.45 0.5 23 24 149.936970719266 0.0009236574755391302
10 60 0.45 0.5 24 25 133.511295809435 0.0008604820978632688
10 60 0.45 0.5 25 26 119.2479913423824 0.0007527952662229609
10 60 0.45 0.5 26 27 106.8168115309077 0.0006402404492718006
10 60 0.45 0.5 27 28 95.94473714680302 0.0006014221096535266
10 60 0.45 0.5 28 29 86.40431615566213 0.0005447080192624298
10 60 0.45 0.5 29 30 78.00576186508258 0.0004846944377163709
10 60 0.45 0.5 30 31 70.59008250819532 0.0004419203879422184
10 60 0.45 0.5 31 32 64.02335808989758 0.0004000051916221992
10 60 0.45 0.5 32 33 58.19243287751129 0.0003574533666821367
10 60 0.45 0.5 33 34 53.00131313592191 0.0003206735497798263
10 60 0.45 0.5 34 35 48.36820606572223 0.0002941698077734145
10 60 0.45 0.5 35 36 44.22319082000377 0.0002659480228146549
10 60 0.45 0.5 36 37 40.50632066373676 0.0002392973946854227
10 60 0.45 0.5 37 38 37.16602486093026 0.0002192645570744389
10 60 0.45 0.5 38 39 34.15777413246798 0.000204820419476448
10 60 0.45 0.5 39 40 31.44302407290949 0.0001871315013382002
10 60 0.45 0.5 40 42 55.75301368139918 0.0003236358263265515
10 60 0.45 0.5 42 44 47.65868389133382 0.0002655738898980076
10 60 0.45 0.5 44 46 40.95914045062085 0.0002276612239953124
10 60 0.45 0.5 46 48 35.377947186582 0.0001927714944685022
10 60 0.45 0.5 48 50 30.70029394789465 0.0001602222610017634
10 60 0.45 0.5 50 52 26.75778027199719 0.0001424056545999974
10 60 0.45 0.5 52 54 23.41724430057834 0.0001201031709285871
10 60 0.45 0.5 54 56 20.5727470614932 0.0001055810288868031
10 60 0.45 0.5 56 58 18.13931530937274 9.549301541156296e-05
10 60 0.45 0.5 58 60 16.04837258656982 8.170258637463235e-05
10 60 0.45 0.5 60 65 32.74592605703164 0.0001556665435344939
10 60 0.45 0.5 65 70 24.74211804314518 0.0001115519031600343
10 60 0.45 0.5 70 80 33.80257852951609 0.0001418418324234949
10 60 0.45 0.5 80 90 21.00465140003898 7.742711904867861e-05
10 60 0.45 0.5 90 100 13.64502344821908 5.054844276664028e-05
10 60 0.5 0.55 0 0.5 -58822.05760202849 0.688864246934827
10 60 0.5 0.55 0.5 1 305.4814689394125 0.001551305447492268
10 60 0.5 0.55 1 1.5 4507.334319907715 0.09289399297358614
10 60 0.5 0.55 1.5 2 4309.68845947639 0.1765832337250686
10 60 0.5 0.55 2 2.5 3705.436107838811 0.1358040933255324
10 60 0.5 0.55 2.5 3 3142.271446345757 0.106201357775717
10 60 0.5 0.55 3 3.5 2674.974335073814 0.08281810084918106
10 60 0.5 0.55 3.5 4 2294.928595124932 0.06590034263035704
10 60 0.5 0.55 4 4.5 1985.000018350312 0.05280789655625995
10 60 0.5 0.55 4.5 5 1729.93670094781 0.04228146967329849
10 60 0.5 0.55 5 5.5 1517.805501407973 0.03390533214110292
10 60 0.5 0.55 5.5 6 1339.556179643032 0.02743434288754543
10 60 0.5 0.55 6 6.5 1188.361053301962 0.02241839085581887
10 60 0.5 0.55 6.5 7 1059.033468728539 0.01856765324191656
10 60 0.5 0.55 7 7.5 947.5873395394133 0.01552374752327523
10 60 0.5 0.55 7.5 8 850.9226676021356 0.01313299799858214
10 60 0.5 0.55 8 8.5 766.5991907667405 0.01116191330129368
10 60 0.5 0.55 8.5 9 692.6665162691553 0.009484321665809148
10 60 0.5 0.55 9 9.5 627.553837639875 0.008026237433909955
10 60 0.5 0.55 9.5 10 569.9792073629818 0.006772086797582233
10 60 0.5 0.55 10 10.5 518.884807577266 0.005782586928376077
10 60 0.5 0.55 10.5 11 473.3942874519589 0.004961861254571431
10 60 0.5 0.55 11 11.5 432.7706673487761 0.004272653835585061
10 60 0.5 0.55 11.5 12 396.393531062119 0.01764342379425443
10 60 0.5 0.55 12 12.5 363.7361998690794 0.01351441931660702
10 60 0.5 0.55 12.5 13 334.3480048277254 0.01015676444512792
10 60 0.5 0.55 13 13.5 307.8428828999288 0.007491282773059993
10 60 0.5 0.55 13.5 14 283.8877903559692 0.00539607591940694
10 60 0.5 0.55 14 14.5 262.1939938690448 0.003722821071903581
10 60 0.5 0.55 14.5 15 242.5107823080568 0.002400429456116626
10 60 0.5 0.55 15 16 432.9486995743837 0.007515316754961532
10 60 0.5 0.55 16 17 373.3707351660106 0.002689036652725463
10 60 0.5 0.55 17 18 323.5868600007774 0.008647298409300674
10 60 0.5 0.55 18 19 281.7397879651826 0.01182034473777094
10 60 0.5 0.55 19 20 246.3686297095892 0.001563686272163523
10 60 0.5 0.55 20 21 216.3162683753268 0.001380119972225202
10 60 0.5 0.55 21 22 190.6580157844158 0.001228268871727778
10 60 0.5 0.55 22 23 168.6503225124042 0.001043729672971949
10 60 0.5 0.55 23 24 149.6920468733842 0.0009679262676343114
10 60 0.5 0.55 24 25 133.2932059525645 0.000836822174704821
10 60 0.5 0.55 25 26 119.0533072037459 0.0007159366715256965
10 60 0.5 0.55 26 27 106.6427306342432 0.0006592307769182071
10 60 0.5 0.55 27 28 95.78848653545566 0.0005817751903833823
10 60 0.5 0.55 28 29 86.26383488994371 0.0005163344660132907
10 60 0.5 0.55 29 30 77.87937527696778 0.0004807257307248847
10 60 0.5 0.55 30 31 70.47617784442906 0.0004377886042448154
10 60 0.5 0.55 31 32 63.92049873236284 0.0003931485203736429
10 60 0.5 0.55 32 33 58.09934536937187 0.0003547505094090297
10 60 0.5 0.55 33 34 52.91686890676019 0.0003210395481829664
10 60 0.5 0.55 34 35 48.29144029722153 0.0002860412439318338
10 60 0.5 0.55 35 36 44.15329111630166 0.0002578270161706087
10 60 0.5 0.55 36 37 40.44258189320084 0.0002362069139678624
10 60 0.5 0.55 37 38 37.10781697516605 0.000216030450786775
10 60 0.5 0.55 38 39 34.10455306715819 0.0001979687237252392
10 60 0.5 0.55 39 40 31.39432726824664 0.0001814512669433554
10 60 0.5 0.55 40 42 55.66755147057512 0.000318270938194587
10 60 0.5 0.55 42 44 47.58662820671071 0.0002678230976940199
10 60 0.5 0.55 44 46 40.89799117151367 0.000224376238541879
10 60 0.5 0.55 46 48 35.32581984681642 0.0001868588078437483
10 60 0.5 0.55 48 50 30.65568238186213 0.0001615158424463914
10 60 0.5 0.55 50 52 26.71943914202577 0.0001343303260483708
10 60 0.5 0.55 52 54 23.38424070852476 0.0001188428005285402
10 60 0.5 0.55 54 56 20.54424624989325 0.0001042754778382005
10 60 0.5 0.55 56 58 18.11465249878816 8.804790692806819e-05
10 60 0.5 0.55 58 60 16.02703904789944 7.64478515336009e-05
10 60 0.5 0.55 60 65 32.70416320288788 0.0001578195735731924
10 60 0.5 0.55 65 70 24.7124653977196 0.0001107862398832538
10 60 0.5 0.55 70 80 33.76593760690782 0.000135360875397339
10 60 0.5 0.55 80 90 20.98566828118535 7.741376276015899e-05
10 60 0.5 0.55 90 100 13.63516961771197 5.055237507534116e-05
10 60 0.55 0.6 0 0.5 -58682.55251585199 0.7696908860525582
10 60 0.55 0.6 0.5 1 316.4768694261658 0.00115167019657747
10 60 0.55 0.6 1 1.5 4504.004030688343 0.181016259351054
10 60 0.55 0.6 1.5 2 4304.494880355875 0.1497378458534513
10 60 0.55 0.6 2 2.5 3700.328718869531 0.1203815765793479
10 60 0.55 0.6 2.5 3 3137.641635222875 0.09869596289854599
10 60 0.55 0.6 3 3.5 2670.86921925536 0.08095119838799292
10 60 0.55 0.6 3.5 4 2291.299126716296 0.0655510964916175
10 60 0.55 0.6 4 4.5 1981.794292040133 0.05369588965368166
10 60 0.55 0.6 4.5 5 1727.096065799674 0.0442593364757613
10 60 0.55 0.6 5 5.5 1515.277435080444 0.0361924129892941
10 60 0.55 0.6 5.5 6 1337.299169154823 0.02939276478969077
10 60 0.55 0.6 6 6.5 1186.339748372703 0.0238364408671714
10 60 0.55 0.6 6.5 7 1057.216382521418 0.01934709336774176
10 60 0.55 0.6 7 7.5 945.9492031379019 0.01582541754339672
10 60 0.55 0.6 7.5 8 849.4427122607203 0.01296278670508855
10 60 0.55 0.6 8 8.5 765.2578641166157 0.01079264951329151
10 60 0.55 0.6 8.5 9 691.4481498477152 0.009059134172616723
10 60 0.55 0.6 9 9.5 626.4457286034698 0.007776610266887474
10 60 0.55 0.6 9.5 10 568.9680688379037 0.006652545038036806
10 60 0.55 0.6 10 10.5 517.9619590592943 0.005735559308277516
10 60 0.55 0.6 10.5 11 472.5493667172279 0.004922010419591061
10 60 0.55 0.6 11 11.5 431.9962383818558 0.004327217119453053
10 60 0.55 0.6 11.5 12 395.6830051684371 0.01762893683883249
10 60 0.55 0.6 12 12.5 363.0829746662916 0.01344514137264241
10 60 0.55 0.6 12.5 13 333.747004392735 0.0101251248764811
10 60 0.55 0.6 13 13.5 307.2892382415671 0.007507275716250206
10 60 0.55 0.6 13.5 14 283.3767204705665 0.005374417059556436
10 60 0.55 0.6 14 14.5 261.7217249773947 0.003704332228664953
10 60 0.55 0.6 14.5 15 242.0739923401556 0.002390987710242598
10 60 0.55 0.6 15 16 432.1692010226843 0.007490573833365488
10 60 0.55 0.6 16 17 372.6990485752228 0.002713194381499306
10 60 0.55 0.6 17 18 323.0056099851629 0.00859305976507585
10 60 0.55 0.6 18 19 281.2340196146585 0.01182848044703633
10 60 0.55 0.6 19 20 245.9268270094071 0.001580104758716061
10 60 0.55 0.6 20 21 215.9284080368788 0.001386538798698211
10 60 0.55 0.6 21 22 190.3160879624658 0.001169311088034419
10 60 0.55 0.6 22 23 168.3483904564584 0.001084166450169732
10 60 0.55 0.6 23 24 149.4242077581424 0.0009326428629208294
10 60 0.55 0.6 24 25 133.0550947900332 0.0008074315007888799
10 60 0.55 0.6 25 26 118.8411650045651 0.0007351379625220034
10 60 0.55 0.6 26 27 106.452981722738 0.0006473257524959308
10 60 0.55 0.6 27 28 95.61828776811062 0.0005655218910618487
10 60 0.55 0.6 28 29 86.11082277631216 0.0005143460674190692
10 60 0.55 0.6 29 30 77.74152214414418 0.0004659765436656471
10 60 0.55 0.6 30 31 70.35181217943233 0.0004187354432190205
10 60 0.55 0.6 31 32 63.80818269243636 0.0003887735035732476
10 60 0.55 0.6 32 33 57.99774105707488 0.000350605640790036
10 60 0.55 0.6 33 34 52.82476367619707 0.0003122656555802905
10 60 0.55 0.6 34 35 48.20778774586395 0.0002825587700812093
10 60 0.55 0.6 35 36 44.07717614300498 0.0002573735804674016
10 60 0.55 0.6 36 37 40.3731839763082 0.0002335355006621853
10 60 0.55 0.6 37 38 37.04442787702744 0.000208903709904007
10 60 0.55 0.6 38 39 34.04658741816374 0.000189982506462627
10 60 0.55 0.6 39 40 31.34127992862518 0.0001745780283144427
10 60 0.55 0.6 40 42 55.57443687254147 0.0003159446765010898
10 60 0.55 0.6 42 44 47.50815706495934 0.0002666969613684955
10 60 0.55 0.6 44 46 40.83147066206698 0.0002182871323057611
10 60 0.55 0.6 46 48 35.26917647922281 0.0001869150012581144
10 60 0.55 0.6 48 50 30.60722875047484 0.000155594819567284
10 60 0.55 0.6 50 52 26.67784453531162 0.0001349101044461065
10 60 0.55 0.6 52 54 23.348383360055 0.0001150004173098296
10 60 0.55 0.6 54 56 20.5132718133068 9.638498268316198e-05
10 60 0.55 0.6 56 58 18.08786652758705 8.487421306213605e-05
10 60 0.55 0.6 58 60 16.00384024733329 7.812969471743259e-05
10 60 0.55 0.6 60 65 32.65864860583702 0.0001500022615985586
10 60 0.55 0.6 65 70 24.68016443618894 0.0001075502898508773
10 60 0.55 0.6 70 80 33.72605620556373 0.0001292434584527768
10 60 0.55 0.6 80 90 20.96494300391411 7.74009196931047e-05
10 60 0.55 0.6 90 100 13.62442672947395 5.055711163493015e-05
10 60 0.6 0.65 0 0.5 -58530.27622438515 0.8328602649708046
10 60 0.6 0.65 0.5 1 328.713957160977 0.005173061232540022
10 60 0.6 0.65 1 1.5 4500.50995135556 0.08634701764094643
10 60 0.6 0.65 1.5 2 4298.928894845599 0.1812356498521694
10 60 0.6 0.65 2 2.5 3694.818329942572 0.1339394169040133
10 60 0.6 0.65 2.5 3 3132.629813053367 0.1010153604083825
10 60 0.6 0.65 3 3.5 2666.417974431589 0.07968326832133243
10 60 0.6 0.65 3.5 4 2287.364965943483 0.06346024735103128
10 60 0.6 0.65 4 4.5 1978.310905951569 0.05027338610943843
10 60 0.6 0.65 4.5 5 1724.008050833454 0.04057373626960725
10 60 0.6 0.65 5 5.5 1512.528455198522 0.03350001290641558
10 60 0.6 0.65 5.5 6 1334.844387040714 0.02772687118522299
10 60 0.6 0.65 6 6.5 1184.138787591326 0.02294858115737952
10 60 0.6 0.65 6.5 7 1055.238818339584 0.01910331849853719
10 60 0.6 0.65 7 7.5 944.1654322029578 0.01595667444485116
10 60 0.6 0.65 7.5 8 847.8313698784843 0.01339886376581489
10 60 0.6 0.65 8 8.5 763.7967684566796 0.0111624952329521
10 60 0.6 0.65 8.5 9 690.1224619069252 0.009352867261327447
10 60 0.6 0.65 9 9.5 625.2387961607791 0.007863532957571806
10 60 0.6 0.65 9.5 10 567.8685955833537 0.006655839028780974
10 60 0.6 0.65 10 10.5 516.9576225104656 0.005767365496694765
10 60 0.6 0.65 10.5 11 471.6308410812428 0.004923201730605342
10 60 0.6 0.65 11 11.5 431.1548478214189 0.004259960854142264
10 60 0.6 0.65 11.5 12 394.9107807369903 0.01756027490762335
10 60 0.6 0.65 12 12.5 362.3736212021332 0.01341243411695814
10 60 0.6 0.65 12.5 13 333.0944431935276 0.010122743251884
10 60 0.6 0.65 13 13.5 306.6878110558471 0.00746264471865743
10 60 0.6 0.65 13.5 14 282.8219279096414 0.005363407908873796
10 60 0.6 0.65 14 14.5 261.2092657729999 0.003701233303274876
10 60 0.6 0.65 14.5 15 241.5999077217859 0.002382571040442372
10 60 0.6 0.65 15 16 431.3229176057376 0.007424734641006125
10 60 0.6 0.65 16 17 371.9701929545909 0.00266586604755048
10 60 0.6 0.65 17 18 322.37440043694 0.008598734668339603
10 60 0.6 0.65 18 19 280.6850565147217 0.0117827792261096
10 60 0.6 0.65 19 20 245.4471682739852 0.00157750121314848
10 60 0.6 0.65 20 21 215.5074761309217 0.001332276290867185
10 60 0.6 0.65 21 22 189.9456807566584 0.001214767857817378
10 60 0.6 0.65 22 23 168.0207513012285 0.001026134167773307
10 60 0.6 0.65 23 24 149.1339959200581 0.0009142426585242447
10 60 0.6 0.65 24 25 132.7974292629177 0.0008220770702962454
10 60 0.6 0.65 25 26 118.6114781869146 0.000713568152946209
10 60 0.6 0.65 26 27 106.2477422981891 0.000638992025884022
10 60 0.6 0.65 27 28 95.43440098461549 0.0005746479876620469
10 60 0.6 0.65 28 29 85.94549223296002 0.0005014587663794146
10 60 0.6 0.65 29 30 77.59252416603455 0.0004507049520299233
10 60 0.6 0.65 30 31 70.21732553764744 0.0004105420990754283
10 60 0.6 0.65 31 32 63.68660759759926 0.0003688080125812121
10 60 0.6 0.65 32 33 57.88774136001543 0.0003372407982880077
10 60 0.6 0.65 33 34 52.7251303068218 0.0003118490778106775
10 60 0.6 0.65 34 35 48.11735200269892 0.000283176877275082
10 60 0.6 0.65 35 36 43.99489324070935 0.0002517210464958453
10 60 0.6 0.65 36 37 40.29819999906227 0.0002259147866539024
10 60 0.6 0.65 37 38 36.97600800343409 0.0002058723983111577
10 60 0.6 0.65 38 39 33.98405054742492 0.0001881304388291483
10 60 0.6 0.65 39 40 31.28402502312085 0.0001738745971415767
10 60 0.6 0.65 40 42 55.47376823455944 0.0003033031276089559
10 60 0.6 0.65 42 44 47.42330534741804 0.0002592888732451115
10 60 0.6 0.65 44 46 40.75967610342985 0.0002199168930019368
10 60 0.6 0.65 46 48 35.20807387077285 0.0001802921525992929
10 60 0.6 0.65 48 50 30.55502416114933 0.0001571291480182424
10 60 0.6 0.65 50 52 26.63302056783483 0.0001297613940955955
10 60 0.6 0.65 52 54 23.30977906592859 0.0001074768436986062
10 60 0.6 0.65 54 56 20.47996009547263 9.666771067884383e-05
10 60 0.6 0.65 56 58 18.05903314528734 8.46272555889982e-05
10 60 0.6 0.65 58 60 15.97880541338849 6.996516611046388e-05
10 60 0.6 0.65 60 65 32.60950525394223 0.0001482301108026718
10 60 0.6 0.65 65 70 24.64528954292461 0.0001024634443567152
10 60 0.6 0.65 70 80 33.68307266634591 0.0001259517810652255
10 60 0.6 0.65 80 90 20.9425152647257 7.738717709315779e-05
10 60 0.6 0.65 90 100 13.61279042685348 5.056362515531987e-05
10 60 0.65 0.7 0 0.5 -58364.90601050619 0.8236068704136414
10 60 0.65 0.7 0.5 1 342.2399619970519 0.001505867963487617
10 60 0.65 0.7 1 1.5 4496.86119235822 0.07204844821626466
10 60 0.65 0.7 1.5 2 4292.980753285937 0.1847794192035508
10 60 0.65 0.7 2 2.5 3688.905498430369 0.1408491435504402
10 60 0.65 0.7 2.5 3 3127.236810066606 0.1079824027356153
10 60 0.65 0.7 3 3.5 2661.615737464324 0.08276394666108899
10 60 0.65 0.7 3.5 4 2283.120726597027 0.06598381687490473
10 60 0.65 0.7 4 4.5 1974.55218219327 0.05307186531945263
10 60 0.65 0.7 4.5 5 1720.672041722746 0.04220379126604712
10 60 0.65 0.7 5 5.5 1509.55934567331 0.03377552554184149
10 60 0.65 0.7 5.5 6 1332.190239835901 0.02755154246574421
10 60 0.65 0.7 6 6.5 1181.761744908538 0.02269865846392349
10 60 0.65 0.7 6.5 7 1053.099743119955 0.01874340851782108
10 60 0.65 0.7 7 7.5 942.2391330767159 0.01552690385597089
10 60 0.65 0.7 7.5 8 846.0886252296386 0.01299307727128962
10 60 0.65 0.7 8 8.5 762.2189537368454 0.01100124504921496
10 60 0.65 0.7 8.5 9 688.6894727752713 0.009336123610751201
10 60 0.65 0.7 9 9.5 623.9359710521925 0.007896182225636039
10 60 0.65 0.7 9.5 10 566.6811992911345 0.006720598528204391
10 60 0.65 0.7 10 10.5 515.8739441006217 0.005668356834121369
10 60 0.65 0.7 10.5 11 470.6399820121954 0.004924861694689753
10 60 0.65 0.7 11 11.5 430.2472471009777 0.004280719444750503
10 60 0.65 0.7 11.5 12 394.0785895457476 0.01752346824503093
10 60 0.65 0.7 12 12.5 361.6091047860892 0.01339077665073773
10 60 0.65 0.7 12.5 13 332.3908324572763 0.0100738568031602
10 60 0.65 0.7 13 13.5 306.0396784124032 0.007439898074551365
10 60 0.65 0.7 13.5 14 282.2241111200619 0.005349014893795356
10 60 0.65 0.7 14 14.5 260.6570460060644 0.00369517609220793
10 60 0.65 0.7 14.5 15 241.0890538158321 0.002374300819241171
10 60 0.65 0.7 15 16 430.4111459297831 0.007368257029781944
10 60 0.65 0.7 16 17 371.1842709503524 0.002667810786647351
10 60 0.65 0.7 17 18 321.6938317555358 0.008581394546297361
10 60 0.65 0.7 18 19 280.0930551676208 0.01174788552333439
10 60 0.65 0.7 19 20 244.9298638665191 0.001507719392861873
10 60 0.65 0.7 20 21 215.0541990896232 0.001370121500087862
10 60 0.65 0.7 21 22 189.5464249331899 0.001151125498296324
10 60 0.65 0.7 22 23 167.6683308706977 0.001027294922721467
10 60 0.65 0.7 23 24 148.8218569866643 0.0009066971497588838
10 60 0.65 0.7 24 25 132.5201079741749 0.0007941773401398677
10 60 0.65 0.7 25 26 118.3645837721768 0.000723305561123766
10 60 0.65 0.7 26 27 106.0271830697794 0.000633451206269342
10 60 0.65 0.7 27 28 95.23678497558622 0.0005544443259282161
10 60 0.65 0.7 28 29 85.76805653685255 0.0005095561248111835
10 60 0.65 0.7 29 30 77.43270833337057 0.0004438999800697729
10 60 0.65 0.7 30 31 70.07301631300361 0.0003885251516919652
10 60 0.65 0.7 31 32 63.55614834769472 0.0003593773573271619
10 60 0.65 0.7 32 33 57.7696327997356 0.0003301022039607915
10 60 0.65 0.7 33 34 52.61804076523691 0.0003000249322369086
10 60 0.65 0.7 34 35 48.02015200993206 0.0002723812424036964
10 60 0.65 0.7 35 36 43.90656496949252 0.000247692895925411
10 60 0.65 0.7 36 37 40.21777900277303 0.0002248312486656801
10 60 0.65 0.7 37 38 36.90263639604519 0.0002057047203436468
10 60 0.65 0.7 38 39 33.91698924894738 0.00018792842269022
10 60 0.65 0.7 39 40 31.22262142760486 0.0001675800346347955
10 60 0.65 0.7 40 42 55.36581682019136 0.0002930357582187071
10 60 0.65 0.7 42 44 47.33222756943844 0.0002487310207399673
10 60 0.65 0.7 44 46 40.6826230702245 0.0002142085370167024
10 60 0.65 0.7 46 48 35.14261815578697 0.0001851867222342207
10 60 0.65 0.7 48 50 30.49907930895003 0.0001472351206004419
10 60 0.65 0.7 50 52 26.5850796460166 0.0001251877083987551
10 60 0.65 0.7 52 54 23.26855913789581 0.0001117325822015403
10 60 0.65 0.7 54 56 20.44434638450904 9.17702872769155e-05
10 60 0.65 0.7 56 58 18.02818749262497 7.781739482481953e-05
10 60 0.65 0.7 58 60 15.95206254244636 7.237948487137658e-05
10 60 0.65 0.7 60 65 32.55682876181789 0.0001372923160118944
10 60 0.65 0.7 65 70 24.60794283694499 0.0001004854829780299
10 60 0.65 0.7 70 80 33.63708682685386 0.0001241536298550727
10 60 0.65 0.7 80 90 20.9184402070932 7.736764253962747e-05
10 60 0.65 0.7 90 100 13.6002658467913 5.057110446493596e-05
10 60 0.7 0.75 0 0.5 -58186.4164739527 0.7581697064160835
10 60 0.7 0.75 0.5 1 357.0400240236718 0.002320100529459523
10 60 0.7 0.75 1 1.5 4493.084485789037 0.1722374421078712
10 60 0.7 0.75 1.5 2 4286.657572418512 0.147162710262819
10 60 0.7 0.75 2 2.5 3682.589790710333 0.1168151680026313
10 60 0.7 0.75 2.5 3 3121.468106535139 0.09731361727199328
10 60 0.7 0.75 3 3.5 2656.467020168062 0.07941173636618259
10 60 0.7 0.75 3.5 4 2278.561698022574 0.0639072536596359
10 60 0.7 0.75 4 4.5 1970.517230119258 0.0527049004588207
10 60 0.7 0.75 4.5 5 1717.088339960198 0.0437787277753614
10 60 0.7 0.75 5 5.5 1506.369849397869 0.03577261765985895
10 60 0.7 0.75 5.5 6 1329.339986238717 0.02889823619625531
10 60 0.7 0.75 6 6.5 1179.206939201053 0.02356020682054805
10 60 0.7 0.75 6.5 7 1050.803926061146 0.01935368176964403
10 60 0.7 0.75 7 7.5 940.169217950502 0.0159263897769506
10 60 0.7 0.75 7.5 8 844.2186416996695 0.01310796670031777
10 60 0.7 0.75 8 8.5 760.5251485068123 0.01082281113633599
10 60 0.7 0.75 8.5 9 687.1525333062257 0.009139619116808717
10 60 0.7 0.75 9 9.5 622.5382343392275 0.007717845532397405
10 60 0.7 0.75 9.5 10 565.4082655287795 0.006657450342004267
10 60 0.7 0.75 10 10.5 514.7122097984312 0.005736283958071908
10 60 0.7 0.75 10.5 11 469.5778920672991 0.004938012988304763
10 60 0.7 0.75 11 11.5 429.2752708232961 0.004219952745813771
10 60 0.7 0.75 11.5 12 393.187131442447 0.01747685260539811
10 60 0.7 0.75 12 12.5 360.7900785088293 0.01333234481751333
10 60 0.7 0.75 12.5 13 331.6374995972196 0.01003580649643254
10 60 0.7 0.75 13 13.5 305.3457392817276 0.007418793194176487
10 60 0.7 0.75 13.5 14 281.5838580988765 0.005339217838638888
10 60 0.7 0.75 14 14.5 260.0654705180519 0.003671218961301292
10 60 0.7 0.75 14.5 15 240.5420175546583 0.002363727673156291
10 60 0.7 0.75 15 16 429.4347251773697 0.007458884623588347
10 60 0.7 0.75 16 17 370.341929605245 0.002757457628433713
10 60 0.7 0.75 17 18 320.9644196783431 0.008529956359893731
10 60 0.7 0.75 18 19 279.4583363331381 0.01180316158928463
10 60 0.7 0.75 19 20 244.3759826698728 0.001543436782640129
10 60 0.7 0.75 20 21 214.5683553926519 0.001295534133731735
10 60 0.7 0.75 21 22 189.1192977904034 0.001159098819528026
10 60 0.7 0.75 22 23 167.2913745370075 0.001016289714158347
10 60 0.7 0.75 23 24 148.4879870688692 0.0008845959028462858
10 60 0.7 0.75 24 25 132.2235852036883 0.0007968353124567784
10 60 0.7 0.75 25 26 118.1004784454717 0.00070246214272629
10 60 0.7 0.75 26 27 105.7914197268162 0.0006264060941703065
10 60 0.7 0.75 27 28 95.0257272444299 0.000559246234857369
10 60 0.7 0.75 28 29 85.57854625277938 0.0004863463382918098
10 60 0.7 0.75 29 30 77.26222961967466 0.0004378139729936947
10 60 0.7 0.75 30 31 69.91927757278729 0.0003937885134490671
10 60 0.7 0.75 31 32 63.41708771282431 0.0003492192737368782
10 60 0.7 0.75 32 33 57.64362889840668 0.000312880257588688
10 60 0.7 0.75 33 34 52.50376078714284 0.0002832792258402606
10 60 0.7 0.75 34 35 47.91641490818402 0.0002622399663252395
10 60 0.7 0.75 35 36 43.81228583292217 0.0002456551261929008
10 60 0.7 0.75 36 37 40.13195207848774 0.0002250320453924815
10 60 0.7 0.75 37 38 36.82434429711697 0.0002005081737905812
10 60 0.7 0.75 38 39 33.84545077080088 0.0001780975191181255
10 60 0.7 0.75 39 40 31.1571804586784 0.0001673348623434379
10 60 0.7 0.75 40 42 55.25081980713985 0.0002860722126101223
10 60 0.7 0.75 42 44 47.23517001647322 0.0002384662378034363
10 60 0.7 0.75 44 46 40.6004241134142 0.0002104111478402615
10 60 0.7 0.75 46 48 35.07277659608954 0.0001732812386023852
10 60 0.7 0.75 48 50 30.43956330133877 0.0001481342195468471
10 60 0.7 0.75 50 52 26.53410839953197 0.0001278658022236812
10 60 0.7 0.75 52 54 23.22470474527002 0.0001044163579315693
10 60 0.7 0.75 54 56 20.40651375566068 8.983820136165832e-05
10 60 0.7 0.75 56 58 17.99544343818173 8.146510570838927e-05
10 60 0.7 0.75 58 60 15.92361054674505 6.436365029216518e-05
10 60 0.7 0.75 60 65 32.50084614250806 0.0001309408740794993
10 60 0.7 0.75 65 70 24.56819834803056 9.38133820191922e-05
10 60 0.7 0.75 70 80 33.58818815515709 0.0001241081567258107
10 60 0.7 0.75 80 90 20.89278761052498 7.735964558719388e-05
10 60 0.7 0.75 90 100 13.58689570191342 5.057907508643211e-05
10 60 0.75 0.8 0 0.5 -57995.1198861376 0.7105688773663132
10 60 0.75 0.8 0.5 1 373.045241326644 0.007323034390537941
10 60 0.75 0.8 1 1.5 4489.124563354099 0.2207570946493433
10 60 0.75 0.8 1.5 2 4279.941279547405 0.1739345601072273
10 60 0.75 0.8 2 2.5 3675.860503966244 0.1311110664546504
10 60 0.75 0.8 2.5 3 3115.316568011857 0.1000259808729425
10 60 0.75 0.8 3 3.5 2650.977847324514 0.08107813137257835
10 60 0.75 0.8 3.5 4 2273.692846323937 0.06491437559589031
10 60 0.75 0.8 4 4.5 1966.204977103471 0.05127429256458527
10 60 0.75 0.8 4.5 5 1713.261620658277 0.04132828003525901
10 60 0.75 0.8 5 5.5 1502.959126813701 0.03399804393620798
10 60 0.75 0.8 5.5 6 1326.296620913302 0.02787371456929577
10 60 0.75 0.8 6 6.5 1176.477457418426 0.02275915299742337
10 60 0.75 0.8 6.5 7 1048.352441529849 0.01869733361218096
10 60 0.75 0.8 7 7.5 937.9596323511854 0.01557372591298645
10 60 0.75 0.8 7.5 8 842.2231322622157 0.01300215188780385
10 60 0.75 0.8 8 8.5 758.7187241314474 0.01097399093714557
10 60 0.75 0.8 8.5 9 685.5134300474922 0.009198723566441913
10 60 0.75 0.8 9 9.5 621.0485473242906 0.007802219465361304
10 60 0.75 0.8 9.5 10 564.0511852826826 0.006664572688237058
10 60 0.75 0.8 10 10.5 513.473803137696 0.005654525233239838
10 60 0.75 0.8 10.5 11 468.4466255836049 0.004932267492733899
10 60 0.75 0.8 11 11.5 428.2394975610098 0.004293109323498356
10 60 0.75 0.8 11.5 12 392.2372391351451 0.01740712082050777
10 60 0.75 0.8 12 12.5 359.9178856515552 0.01329644727962886
10 60 0.75 0.8 12.5 13 330.8353350199233 0.01002955250896775
10 60 0.75 0.8 13 13.5 304.6065059085979 0.007395735939894621
10 60 0.75 0.8 13.5 14 280.9016904378756 0.005292345729287717
10 60 0.75 0.8 14 14.5 259.4355400020684 0.003673648094888904
10 60 0.75 0.8 14.5 15 239.9592400587532 0.002371657445451092
10 60 0.75 0.8 15 16 428.393611144079 0.00726104033071806
10 60 0.75 0.8 16 17 369.4444747146856 0.002648768504798227
10 60 0.75 0.8 17 18 320.1864468169647 0.008638297354139013
10 60 0.75 0.8 18 19 278.7822781742223 0.01168687773412103
10 60 0.75 0.8 19 20 243.7854240315476 0.00145968146478026
10 60 0.75 0.8 20 21 214.0511469982097 0.001301160681265401
10 60 0.75 0.8 21 22 188.6645336777106 0.001137937561225044
10 60 0.75 0.8 22 23 166.8900866343896 0.0009942101108890711
10 60 0.75 0.8 23 24 148.1327538323026 0.0008843414091188606
10 60 0.75 0.8 24 25 131.9080577470915 0.0007718680402035716
10 60 0.75 0.8 25 26 117.8194944107295 0.0006910383906699735
10 60 0.75 0.8 26 27 105.5405998305413 0.0006152465156645803
10 60 0.75 0.8 27 28 94.80131847895113 0.0005425667556266944
10 60 0.75 0.8 28 29 85.37730346919631 0.0004852122338547815
10 60 0.75 0.8 29 30 77.08124947290403 0.0004341638798308622
10 60 0.75 0.8 30 31 69.75610732788698 0.0003856236635897403
10 60 0.75 0.8 31 32 63.26964774152852 0.0003409151249016418
10 60 0.75 0.8 32 33 57.51010747520296 0.0003008489551845628
10 60 0.75 0.8 33 34 52.38264503626656 0.0002785841008048351
10 60 0.75 0.8 34 35 47.8063677512203 0.0002553557366908876
10 60 0.75 0.8 35 36 43.71215322516012 0.0002315380794470911
10 60 0.75 0.8 36 37 40.04076353612128 0.0002103304088620916
10 60 0.75 0.8 37 38 36.74123643565524 0.0001993247067773041
10 60 0.75 0.8 38 39 33.76957696066003 0.0001805347730154949
10 60 0.75 0.8 39 40 31.08776803931322 0.0001582507628867802
10 60 0.75 0.8 40 42 55.12894521355453 0.0002787538959196922
10 60 0.75 0.8 42 44 47.13235979701542 0.0002382416817994226
10 60 0.75 0.8 44 46 40.51324001136198 0.0001893490920963359
10 60 0.75 0.8 46 48 34.99874035936901 0.0001707926452354513
10 60 0.75 0.8 48 50 30.37648905406745 0.0001497093426614526
10 60 0.75 0.8 50 52 26.48010658666906 0.0001207231265176745
10 60 0.75 0.8 52 54 23.17831603947782 0.0001055789636126292
10 60 0.75 0.8 54 56 20.36650445016739 9.147010530341504e-05
10 60 0.75 0.8 56 58 17.96080163138765 7.198497955585026e-05
10 60 0.75 0.8 58 60 15.89357363992965 6.458942075759921e-05
10 60 0.75 0.8 60 65 32.44173377121953 0.0001227175651479229
10 60 0.75 0.8 65 70 24.52618469119199 9.174141063894581e-05
10 60 0.75 0.8 70 80 33.53642987186934 0.0001240403212605656
10 60 0.75 0.8 80 90 20.86563864443722 7.733919574093306e-05
10 60 0.75 0.8 90 100 13.57274021495054 5.058526091872295e-05
10 60 0.8 0.85 0 0.5 -57791.21639766631 0.6994912172449403
10 60 0.8 0.85 0.5 1 390.2155670788756 0.004630937796434864
10 60 0.8 0.85 1 1.5 4484.954772607157 0.06682509551774274
10 60 0.8 0.85 1.5 2 4272.826788620207 0.1744238675182714
10 60 0.8 0.85 2 2.5 3668.716767658946 0.1354167403483189
10 60 0.8 0.85 2.5 3 3108.776541599409 0.1008449374703559
10 60 0.8 0.85 3 3.5 2645.145733625998 0.07696245887154873
10 60 0.8 0.85 3.5 4 2268.520373942767 0.0625689496182531
10 60 0.8 0.85 4 4.5 1961.618667401691 0.05085412200924111
10 60 0.8 0.85 4.5 5 1709.192526506043 0.04074224748137567
10 60 0.8 0.85 5 5.5 1499.334757989065 0.03299155076956595
10 60 0.8 0.85 5.5 6 1323.059382116053 0.02728003513493604
10 60 0.8 0.85 6 6.5 1173.578699409757 0.02274479807829266
10 60 0.8 0.85 6.5 7 1045.74773838446 0.01887317183422965
10 60 0.8 0.85 7 7.5 935.6136948277133 0.01570984429122291
10 60 0.8 0.85 7.5 8 840.1050288685265 0.01317391272493751
10 60 0.8 0.85 8 8.5 756.801508851479 0.01110428014715126
10 60 0.8 0.85 8.5 9 683.7751159683172 0.009342495032115039
10 60 0.8 0.85 9 9.5 619.4683383831675 0.007887451077408514
10 60 0.8 0.85 9.5 10 562.6116699886701 0.006619727949214393
10 60 0.8 0.85 10 10.5 512.1610953814894 0.005723875438775394
10 60 0.8 0.85 10.5 11 467.2467709057244 0.004836930547526208
10 60 0.8 0.85 11 11.5 427.140956073813 0.004196397846328637
10 60 0.8 0.85 11.5 12 391.230229979264 0.01736285303803697
10 60 0.8 0.85 12 12.5 358.993192243995 0.0132898709138658
10 60 0.8 0.85 12.5 13 329.9843984896014 0.009977404782262056
10 60 0.8 0.85 13 13.5 303.8226377605797 0.007357110794828259
10 60 0.8 0.85 13.5 14 280.1787892448068 0.005322069657950124
10 60 0.8 0.85 14 14.5 258.7672120714251 0.003649288445103593
10 60 0.8 0.85 14.5 15 239.3406239025051 0.002326354249817086
10 60 0.8 0.85 15 16 427.289544223941 0.007404621523335209
10 60 0.8 0.85 16 17 368.491870686927 0.00278659522854241
10 60 0.8 0.85 17 18 319.3618407022691 0.008527522478516403
10 60 0.8 0.85 18 19 278.0648348840494 0.0117365608495561
10 60 0.8 0.85 19 20 243.1595420700784 0.001461948262942769
10 60 0.8 0.85 20 21 213.5028961438928 0.001271678889622763
10 60 0.8 0.85 21 22 188.1825140304919 0.001115088097293437
10 60 0.8 0.85 22 23 166.4648652060132 0.0009820178198651774
10 60 0.8 0.85 23 24 147.7563709567522 0.0008573466206200919
10 60 0.8 0.85 24 25 131.5739367474819 0.0007661331961799078
10 60 0.8 0.85 25 26 117.5219777740945 0.0006692030314923159
10 60 0.8 0.85 26 27 105.2750346522399 0.0005906062727802919
10 60 0.8 0.85 27 28 94.56384552213059 0.0005374858152862316
10 60 0.8 0.85 28 29 85.16442136631615 0.0004845727076059347
10 60 0.8 0.85 29 30 76.88987971980687 0.000422706536738815
10 60 0.8 0.85 30 31 69.58369165357573 0.0003711052690391625
10 60 0.8 0.85 31 32 63.11401998225357 0.0003361450818459844
10 60 0.8 0.85 32 33 57.36930215713026 0.0003090960284666266
10 60 0.8 0.85 33 34 52.25486823970019 0.0002683426197478411
10 60 0.8 0.85 34 35 47.69021441302997 0.0002390684289821365
10 60 0.8 0.85 35 36 43.60646113170201 0.0002227818763245182
10 60 0.8 0.85 36 37 39.94447269697961 0.0002051880542950357
10 60 0.8 0.85 37 38 36.65340385853068 0.0001833578554339965
10 60 0.8 0.85 38 39 33.68940849912018 0.000171746784566551
10 60 0.8 0.85 39 40 31.01451439302491 0.0001590144621843592
10 60 0.8 0.85 40 42 55.00035048408053 0.0002786365582281292
10 60 0.8 0.85 42 44 47.0239061620173 0.000218992958089359
10 60 0.8 0.85 44 46 40.42143437609101 0.0001927487631903091
10 60 0.8 0.85 46 48 34.92062836106809 0.0001607008109161256
10 60 0.8 0.85 48 50 30.30986005290325 0.000138307301849494
10 60 0.8 0.85 50 52 26.42317087169554 0.0001271390234229841
10 60 0.8 0.85 52 54 23.12940081362592 0.0001009850752389241
10 60 0.8 0.85 54 56 20.32433947716381 8.355229523004937e-05
10 60 0.8 0.85 56 58 17.9243855876785 7.488062981764187e-05
10 60 0.8 0.85 58 60 15.86200388242024 6.090879412390393e-05
10 60 0.8 0.85 60 65 32.37965886639579 0.0001205268049062624
10 60 0.8 0.85 65 70 24.48199068567019 9.078082319646796e-05
10 60 0.8 0.85 70 80 33.48194666521331 0.0001239538187576272
10 60 0.8 0.85 80 90 20.83707489339012 7.732090042011919e-05
10 60 0.8 0.85 90 100 13.55782075799023 5.05944525670543e-05
10 60 0.85 0.9 0 0.5 -57574.73729353675 0.7195967650040984
10 60 0.85 0.9 0.5 1 408.5004675294863 0.002920656281673928
10 60 0.85 0.9 1 1.5 4480.56056841903 0.218466461292337
10 60 0.85 0.9 1.5 2 4265.291770352687 0.1612780238574487
10 60 0.85 0.9 2 2.5 3661.152270437884 0.1266776219404164
10 60 0.85 0.9 2.5 3 3101.844856525245 0.1050698118847322
10 60 0.85 0.9 3 3.5 2638.96343313214 0.08232733494605782
10 60 0.85 0.9 3.5 4 2263.043357881146 0.0645517328312053
10 60 0.85 0.9 4 4.5 1956.765978930525 0.05293824876343933
10 60 0.85 0.9 4.5 5 1704.881774767468 0.04357680929274466
10 60 0.85 0.9 5 5.5 1495.501499297208 0.0352883634166119
10 60 0.85 0.9 5.5 6 1319.634557766267 0.02847826159995748
10 60 0.85 0.9 6 6.5 1170.512957019216 0.02320792463706312
10 60 0.85 0.9 6.5 7 1042.994135127849 0.01909555952920527
10 60 0.85 0.9 7 7.5 933.1345323846809 0.01562876511241029
10 60 0.85 0.9 7.5 8 837.8665051533076 0.01282377090262798
10 60 0.85 0.9 8 8.5 754.7765201132792 0.01064902260998224
10 60 0.85 0.9 8.5 9 681.938906587658 0.008953836212867827
10 60 0.85 0.9 9 9.5 617.7990035437836 0.007693113114328298
10 60 0.85 0.9 9.5 10 561.0923678477461 0.006579060262424719
10 60 0.85 0.9 10 10.5 510.7748645500562 0.005686302021445044
10 60 0.85 0.9 10.5 11 465.9795316038356 0.004930736331800745
10 60 0.85 0.9 11 11.5 425.9811538731226 0.004309769445683287
10 60 0.85 0.9 11.5 12 390.1667541464328 0.01734778476139809
10 60 0.85 0.9 12 12.5 358.0158939757775 0.01319122169786624
10 60 0.85 0.9 12.5 13 329.0857368060585 0.009958886925517163
10 60 0.85 0.9 13 13.5 302.9949024061042 0.007377450738999869
10 60 0.85 0.9 13.5 14 279.4145695910207 0.005270175540033506
10 60 0.85 0.9 14 14.5 258.0611325892311 0.003625659576414364
10 60 0.85 0.9 14.5 15 238.6875608165439 0.002353961505292546
10 60 0.85 0.9 15 16 426.1224953388201 0.00720150428855959
10 60 0.85 0.9 16 17 367.486143245267 0.002698168584743144
10 60 0.85 0.9 17 18 318.4908381587632 0.008568221312089008
10 60 0.85 0.9 18 19 277.3076437876703 0.01170366154417479
10 60 0.85 0.9 19 20 242.4987529869966 0.001425364724667588
10 60 0.85 0.9 20 21 212.9241369376102 0.001252705077263272
10 60 0.85 0.9 21 22 187.6737286380188 0.001088153877901732
10 60 0.85 0.9 22 23 166.0160948463018 0.0009534322043975862
10 60 0.85 0.9 23 24 147.3593319022538 0.0008481693436408477
10 60 0.85 0.9 24 25 131.2215300054043 0.0007368398723315295
10 60 0.85 0.9 25 26 117.2083746947468 0.0006507280084946387
10 60 0.85 0.9 26 27 104.9952447030458 0.0005872909989363961
10 60 0.85 0.9 27 28 94.3134930365872 0.0005193336991169417
10 60 0.85 0.9 28 29 84.93998123321191 0.0004620075948196245
10 60 0.85 0.9 29 30 76.6883549218738 0.0004142473302692906
10 60 0.85 0.9 30 31 69.40231538419373 0.0003773051674755834
10 60 0.85 0.9 31 32 62.95029925227748 0.000334137913505117
10 60 0.85 0.9 32 33 57.22117018163647 0.0002921013441721243
10 60 0.85 0.9 33 34 52.12062447772887 0.0002670661900268101
10 60 0.85 0.9 34 35 47.56826359626049 0.0002394004858530252
10 60 0.85 0.9 35 36 43.49544318981772 0.0002079333821356499
10 60 0.85 0.9 36 37 39.84330072447776 0.000191775398604932
10 60 0.85 0.9 37 38 36.56111749319567 0.0001771015301841317
10 60 0.85 0.9 38 39 33.60512219574417 0.0001690977074417788
10 60 0.85 0.9 39 40 30.93743549133663 0.0001523877495372972
10 60 0.85 0.9 40 42 54.86514939540395 0.000258845931583096
10 60 0.85 0.9 42 44 46.91011471965712 0.0002247396923209521
10 60 0.85 0.9 44 46 40.32505639227952 0.0001823957323097147
10 60 0.85 0.9 46 48 34.83863785415008 0.0001535165024506568
10 60 0.85 0.9 48 50 30.23988097262573 0.0001383004691426493
10 60 0.85 0.9 50 52 26.36325443337777 0.0001121830987678152
10 60 0.85 0.9 52 54 23.07803778402316 9.993445499034692e-05
10 60 0.85 0.9 54 56 20.28014241793889 8.510052902721554e-05
10 60 0.85 0.9 56 58 17.88620822875848 6.800591881628293e-05
10 60 0.85 0.9 58 60 15.82896230082768 5.944432178672798e-05
10 60 0.85 0.9 60 65 32.31473052584165 0.000120391218132454
10 60 0.85 0.9 65 70 24.43575350556099 9.070942535416293e-05
10 60 0.85 0.9 70 80 33.42483585849192 0.0001238714516063055
10 60 0.85 0.9 80 90 20.80718815664958 7.73050525282315e-05
10 60 0.85 0.9 90 100 13.54214261298836 5.060313461946464e-05
10 60 0.9 0.95 0 0.5 -57345.79859853357 0.7548844442135305
10 60 0.9 0.95 0.5 1 427.8378976997687 0.01618711203940393
10 60 0.9 0.95 1 1.5 4475.919328635327 0.2118136179269641
10 60 0.9 0.95 1.5 2 4257.327366678484 0.1755856876879989
10 60 0.9 0.95 2 2.5 3653.161322937112 0.1265408961876346
10 60 0.9 0.95 2.5 3 3094.528382761823 0.1005309954384757
10 60 0.9 0.95 3 3.5 2632.43485613335 0.08338044660331434
10 60 0.9 0.95 3.5 4 2257.261161941509 0.06609947224887947
10 60 0.9 0.95 4 4.5 1951.650651864649 0.0516564769066008
10 60 0.9 0.95 4.5 5 1700.339627202012 0.04174567559471143
10 60 0.9 0.95 5 5.5 1491.460719939004 0.03418327298504664
10 60 0.9 0.95 5.5 6 1316.028281230653 0.02777183229113689
10 60 0.9 0.95 6 6.5 1167.284175601755 0.02248919747967193
10 60 0.9 0.95 6.5 7 1040.09553173218 0.01849213235095704
10 60 0.9 0.95 7 7.5 930.5247751237895 0.01549521519393693
10 60 0.9 0.95 7.5 8 835.5108806243842 0.01308851499754837
10 60 0.9 0.95 8 8.5 752.64593437837 0.01095121337084493
10 60 0.9 0.95 8.5 9 680.0058901102846 0.009301505670805454
10 60 0.9 0.95 9 9.5 616.0434137681502 0.007816420436256521
10 60 0.9 0.95 9.5 10 559.4939256769856 0.006614933704440773
10 60 0.9 0.95 10 10.5 509.316194853423 0.005678345357125636
10 60 0.9 0.95 10.5 11 464.6467679456846 0.004816043039454598
10 60 0.9 0.95 11 11.5 424.7606913059615 0.004180500481027138
10 60 0.9 0.95 11.5 12 389.0468002335505 0.01719711610468266
10 60 0.9 0.95 12 12.5 356.9877096424789 0.01319647780252353
10 60 0.9 0.95 12.5 13 328.1396980168751 0.009929540352004551
10 60 0.9 0.95 13 13.5 302.1228409301251 0.00729943117471521
10 60 0.9 0.95 13.5 14 278.6103160711849 0.005272210276700662
10 60 0.9 0.95 14 14.5 257.3181396661785 0.003637435163511782
10 60 0.9 0.95 14.5 15 237.9997981625349 0.002324508369980549
10 60 0.9 0.95 15 16 424.8948565883516 0.007183669397704762
10 60 0.9 0.95 16 17 366.4278901983915 0.002759930279637501
10 60 0.9 0.95 17 18 317.5748549788796 0.008545741847797217
10 60 0.9 0.95 18 19 276.5115199235777 0.01166636310466629
10 60 0.9 0.95 19 20 241.8037929799539 0.001395459831428525
10 60 0.9 0.95 20 21 212.3153893524106 0.001211699575037528
10 60 0.9 0.95 21 22 187.1387733166871 0.001065508139333815
10 60 0.9 0.95 22 23 165.5443818441213 0.0009360208745476939
10 60 0.9 0.95 23 24 146.9420240831967 0.0008122839583393215
10 60 0.9 0.95 24 25 130.8513971615236 0.0007196634502690813
10 60 0.9 0.95 25 26 116.8791227473161 0.0006489579079271834
10 60 0.9 0.95 26 27 104.7014155928045 0.0005646306697855152
10 60 0.9 0.95 27 28 94.05068094929436 0.0004957793757967011
10 60 0.9 0.95 28 29 84.70444614571346 0.0004478092182296223
10 60 0.9 0.95 29 30 76.47684418983235 0.0004131440767594086
10 60 0.9 0.95 30 31 69.21194511104427 0.0003671604019643837
10 60 0.9 0.95 31 32 62.77858598166592 0.0003235317717766861
10 60 0.9 0.95 32 33 57.06595722419188 0.0002961865505284322
10 60 0.9 0.95 33 34 51.97998968365528 0.0002557721375424649
10 60 0.9 0.95 34 35 47.44062388687854 0.0002310762519499576
10 60 0.9 0.95 35 36 43.37936954235272 0.0002064914502781789
10 60 0.9 0.95 36 37 39.73751603724437 0.0001900856854391009
10 60 0.9 0.95 37 38 36.46454560912311 0.0001720406987359979
10 60 0.9 0.95 38 39 33.51685297174185 0.0001494011296401254
10 60 0.9 0.95 39 40 30.85672067626826 0.0001381493647549803
10 60 0.9 0.95 40 42 54.72365935675394 0.0002612805002542018
10 60 0.9 0.95 42 44 46.79099956566901 0.0002127084192835582
10 60 0.9 0.95 44 46 40.22426606788406 0.0001779956047229803
10 60 0.9 0.95 46 48 34.75293885898778 0.0001546507354319715
10 60 0.9 0.95 48 50 30.16665684252019 0.0001208395238982973
10 60 0.9 0.95 50 52 26.30058772766704 0.0001091034621758524
10 60 0.9 0.95 52 54 23.024286324332 9.432062389080897e-05
10 60 0.9 0.95 54 56 20.23393745059537 7.966110900525791e-05
10 60 0.9 0.95 56 58 17.84636729457773 6.985680274951278e-05
10 60 0.9 0.95 58 60 15.79447997225595 5.956340098300927e-05
10 60 0.9 0.95 60 65 32.24703142212473 0.000120257235515453
10 60 0.9 0.95 65 70 24.38755352795877 9.062852292274215e-05
10 60 0.9 0.95 70 80 33.36525933722676 0.000123816310754421
10 60 0.9 0.95 80 90 20.77604402851278 7.729045902138409e-05
10 60 0.9 0.95 90 100 13.52571108759474 5.061281896168168e-05
10 60 0.95 1 0 0.5 -57104.75158382773 0.7441242744316696
10 60 0.95 1 0.5 1 448.1975133979294 0.003846355246082567
10 60 0.95 1 1 1.5 4471.03203423943 0.07984901076360984
10 60 0.95 1 1.5 2 4248.938737386934 0.1735660364765863
10 60 0.95 1 2 2.5 3644.75176311091 0.1335968802832213
10 60 0.95 1 2.5 3 3086.837894841016 0.09570941969877822
10 60 0.95 1 3 3.5 2625.575592068878 0.07559746345532403
10 60 0.95 1 3.5 4 2251.184903899998 0.06288681598471157
10 60 0.95 1 4 4.5 1946.273516218034 0.05082255511797484
10 60 0.95 1 4.5 5 1695.572946968155 0.0403069683125068
10 60 0.95 1 5 5.5 1487.218521392198 0.03281118008248995
10 60 0.95 1 5.5 6 1312.244156532971 0.0273630428209799
10 60 0.95 1 6 6.5 1163.89659416099 0.02281753456304614
10 60 0.95 1 6.5 7 1037.055219518282 0.01888029891051701
10 60 0.95 1 7 7.5 927.7870309039566 0.01557554992029964
10 60 0.95 1 7.5 8 833.0416050912321 0.01296528164527899
10 60 0.95 1 8 8.5 750.4106655684343 0.01091252590094882
10 60 0.95 1 8.5 9 677.9795568024853 0.009148779700808518
10 60 0.95 1 9 9.5 614.2023450137535 0.007692081823961416
10 60 0.95 1 9.5 10 557.8170322532761 0.006599606830263838
10 60 0.95 1 10 10.5 507.7870085353181 0.005600979153257413
10 60 0.95 1 10.5 11 463.2487036158333 0.004901520696364514
10 60 0.95 1 11 11.5 423.4798570724295 0.004233075214472137
10 60 0.95 1 11.5 12 387.8725901335796 0.01721903833060878
10 60 0.95 1 12 12.5 355.908527805155 0.01311901621835432
10 60 0.95 1 12.5 13 327.1465703555676 0.009843462450760398
10 60 0.95 1 13 13.5 301.208300925734 0.007315986682669973
10 60 0.95 1 13.5 14 277.7663579282781 0.005245188526487254
10 60 0.95 1 14 14.5 256.5382020850229 0.003589239539564915
10 60 0.95 1 14.5 15 237.2786752323512 0.002324599354523116
10 60 0.95 1 15 16 423.6079603414834 0.007193326815752243
10 60 0.95 1 16 17 365.318652711873 0.00280074030661126
10 60 0.95 1 17 18 316.6148160895634 0.008526741243599645
10 60 0.95 1 18 19 275.6770461725476 0.01163437676672174
10 60 0.95 1 19 20 241.0755336678527 0.001393871141885938
10 60 0.95 1 20 21 211.6774922803792 0.001177822097560011
10 60 0.95 1 21 22 186.5782450333048 0.001038131355102223
10 60 0.95 1 22 23 165.0502476396812 0.000902168747217047
10 60 0.95 1 23 24 146.5051653807269 0.0007964713934995871
10 60 0.95 1 24 25 130.4639463087945 0.0007125822982061436
10 60 0.95 1 25 26 116.5344094429019 0.0006185040424782073
10 60 0.95 1 26 27 104.3940209841457 0.0005427999611100631
10 60 0.95 1 27 28 93.77590654743369 0.0004954938768406691
10 60 0.95 1 28 29 84.45813889906725 0.0004400017771786224
10 60 0.95 1 29 30 76.25550550880962 0.0003851133255636796
10 60 0.95 1 30 31 69.01276654977093 0.0003569600208237489
10 60 0.95 1 31 32 62.59904053673495 0.0003238312849873637
10 60 0.95 1 32 33 56.90373905977513 0.0002807104077433564
10 60 0.95 1 33 34 51.83315864675721 0.0002523013432593757
10 60 0.95 1 34 35 47.30743737557972 0.0002318677593038387
10 60 0.95 1 35 36 43.25830065450914 0.0002096715154422668
10 60 0.95 1 36 37 39.62721492958732 0.0001776037702541089
10 60 0.95 1 37 38 36.3638954329887 0.0001547454400352422
10 60 0.95 1 38 39 33.42492644822205 0.000148956778375009
10 60 0.95 1 39 40 30.77263842105569 0.0001414728920927644
10 60 0.95 1 40 42 54.57599540956683 0.0002363804815814774
10 60 0.95 1 42 44 46.66673852115253 0.000208848681140239
10 60 0.95 1 44 46 40.11918252005267 0.0001767764213624901
10 60 0.95 1 46 48 34.66360451928774 0.0001386138110390789
10 60 0.95 1 48 50 30.09046573900864 0.0001217943056452953
10 60 0.95 1 50 52 26.23532438661893 0.0001000345764659016
10 60 0.95 1 52 54 22.96828152536553 8.725046999913388e-05
10 60 0.95 1 54 56 20.18580076990896 8.028997619646816e-05
10 60 0.95 1 56 58 17.80486547857517 6.696184560439633e-05
10 60 0.95 1 58 60 15.7585869127874 5.908274979660177e-05
10 60 0.95 1 60 65 32.17662734623433 0.000120144747619122
10 60 0.95 1 65 70 24.33753516003915 9.055265045532224e-05
10 60 0.95 1 70 80 33.30335042942106 0.0001237398726061656
10 60 0.95 1 80 90 20.74365766152051 7.726967891841241e-05
10 60 0.95 1 90 100 13.50857210186289 5.062337745798118e-05
10 60 1 1.1 0 0.5 -113439.787332654 3.776043258287245
10 60 1 1.1 0.5 1 961.5401633609036 0.01616034423591373
10 60 1 1.1 1 1.5 8926.581576862731 0.4164767463098542
10 60 1 1.1 1.5 2 8471.190362684367 0.3094703892475081
10 60 1 1.1 2 2.5 7262.716999121093 0.2466946146641931
10 60 1 1.1 2.5 3 6149.173625041253 0.2046306106467455
10 60 1 1.1 3 3.5 5229.302312840615 0.1608976368734147
10 60 1 1.1 3.5 4 4483.031027131434 0.1256850531653981
10 60 1 1.1 4 4.5 3875.421503397776 0.102237028962918
10 60 1 1.1 4.5 5 3375.966127713239 0.08466542021233181
10 60 1 1.1 5 5.5 2960.937185456723 0.06879870826787737
10 60 1 1.1 5.5 6 2612.44339097644 0.05543526028623091
10 60 1 1.1 6 6.5 2317.016069095276 0.05055674721597825
10 60 1 1.1 6.5 7 2064.434274260367 0.04431213984480564
10 60 1 1.1 7 7.5 1846.868323590354 0.04088479369670495
10 60 1 1.1 7.5 8 1658.223904791678 0.03637896332156743
10 60 1 1.1 8 8.5 1493.712210144286 0.03326489904725349
10 60 1 1.1 8.5 9 1349.512659477749 0.03045750059959573
10 60 1 1.1 9 9.5 1222.544577442678 0.0270833647452946
10 60 1 1.1 9.5 10 1110.298535715291 0.02558460719387767
10 60 1 1.1 10 10.5 1010.704216426044 0.02266618121075226
10 60 1 1.1 10.5 11 922.0457744685268 0.02101905629683642
10 60 1 1.1 11 11.5 842.8841088206731 0.01937924666560775
10 60 1 1.1 11.5 12 772.0058171172857 0.03410513201538379
10 60 1 1.1 12 12.5 708.3821846450948 0.02611249866333765
10 60 1 1.1 12.5 13 651.133220118383 0.01962410133126014
10 60 1 1.1 13 13.5 599.5046851140546 0.01445743075350947
10 60 1 1.1 13.5 14 552.8468361512685 0.01238512538384384
10 60 1 1.1 14 14.5 510.5962266217665 0.01154251898765324
10 60 1 1.1 14.5 15 472.2636572944202 0.01051946677046089
10 60 1 1.1 15 16 843.1231869231281 0.01885894211613959
10 60 1 1.1 16 17 727.1117328158135 0.01612859749582185
10 60 1 1.1 17 18 630.1778596710075 0.01700698003219259
10 60 1 1.1 18 19 548.7016028693039 0.02323434944628389
10 60 1 1.1 19 20 479.8372887880487 0.01046852736044457
10 60 1 1.1 20 21 421.3289764965922 0.009015393826416584
10 60 1 1.1 21 22 371.3763469719781 0.007856891648486908
10 60 1 1.1 22 23 328.531790085724 0.007005207395479829
10 60 1 1.1 23 24 291.6235212166977 0.006144417614166287
10 60 1 1.1 24 25 259.6981933563199 0.005332657146198017
10 60 1 1.1 25 26 231.9756593671936 0.004810333139403156
10 60 1 1.1 26 27 207.8135086483611 0.004241876919621745
10 60 1 1.1 27 28 186.6806254175383 0.003750947486082623
10 60 1 1.1 28 29 168.1355885622748 0.003362221624513495
10 60 1 1.1 29 30 151.8098368970196 0.002966894867995507
10 60 1 1.1 30 31 137.3944088063684 0.002620901194063663
10 60 1 1.1 31 32 124.6290486955966 0.002398420466064977
10 60 1 1.1 32 33 113.2936819053864 0.002222542822451601
10 60 1 1.1 33 34 103.2014546520808 0.001966975741652277
10 60 1 1.1 34 35 94.19344555006593 0.001723932961354535
10 60 1 1.1 35 36 86.13387831605985 0.001577448555053707
10 60 1 1.1 36 37 78.90628754195738 0.001436553537686791
10 60 1 1.1 37 38 72.41046812809874 0.001276588044490268
10 60 1 1.1 38 39 66.55999089759726 0.001123830767014056
10 60 1 1.1 39 40 61.28005923117569 0.00100796380515078
10 60 1 1.1 40 42 108.6862708508288 0.001795679557574203
10 60 1 1.1 42 44 92.94100776637788 0.001468389813894078
10 60 1 1.1 44 46 79.90663711581671 0.001291958680326388
10 60 1 1.1 46 48 69.04574867880841 0.001058153515970162
10 60 1 1.1 48 50 59.94103553338913 0.0008803413338256405
10 60 1 1.1 50 52 52.26540826949933 0.000765127356906703
10 60 1 1.1 52 54 45.76028383235636 0.0006223699602330157
10 60 1 1.1 54 56 40.21982656220762 0.0005578978134366253
10 60 1 1.1 56 58 35.47885389803037 0.0005086741615585311
10 60 1 1.1 58 60 31.40406226670429 0.0004248190353557391
10 60 1 1.1 60 65 64.13171347740378 0.0008366815270903771
10 60 1 1.1 65 70 48.51789185317745 0.0005434487684397027
10 60 1 1.1 70 80 66.41251054834179 0.000671647545445353
10 60 1 1.1 80 90 41.38524071587712 0.0003988455954555548
10 60 1 1.1 90 100 26.96309995370455 0.0002111839585943187
10 60 1.1 1.2 0 0.5 -112337.9707984812 3.706879624296562
10 60 1.1 1.2 0.5 1 1055.276642591705 0.01645103084206312
10 60 1.1 1.2 1 1.5 8904.862287902088 0.1120882728082506
10 60 1.1 1.2 1.5 2 8433.326482827048 0.3490086241399695
10 60 1.1 1.2 2 2.5 7224.615785849803 0.2604280704654229
10 60 1.1 1.2 2.5 3 6114.285965001993 0.1924989011677098
10 60 1.1 1.2 3 3.5 5198.18295730752 0.1519548841406504
10 60 1.1 1.2 3.5 4 4455.472170617612 0.1256160923094285
10 60 1.1 1.2 4 4.5 3851.032440281667 0.1018799589110131
10 60 1.1 1.2 4.5 5 3354.332601978922 0.0813833636734671
10 60 1.1 1.2 5 5.5 2941.69474313867 0.06598679877561153
10 60 1.1 1.2 5.5 6 2595.277054818524 0.05466166484620771
10 60 1.1 1.2 6 6.5 2301.64905569344 0.04760754571998405
10 60 1.1 1.2 6.5 7 2050.642410188199 0.04411871971524306
10 60 1.1 1.2 7 7.5 1834.449742211553 0.03897629519974544
10 60 1.1 1.2 7.5 8 1647.016052013078 0.03647180817210938
10 60 1.1 1.2 8 8.5 1483.56939493259 0.03193500708675856
10 60 1.1 1.2 8.5 9 1340.314278547983 0.02991892144154917
10 60 1.1 1.2 9 9.5 1214.18381330711 0.0264269276080995
10 60 1.1 1.2 9.5 10 1102.682951077478 0.02426470947943926
10 60 1.1 1.2 10 10.5 1003.755408814129 0.02207092369803831
10 60 1.1 1.2 10.5 11 915.6935599508234 0.01966185877472526
10 60 1.1 1.2 11 11.5 837.0686312295842 0.01837572111810459
10 60 1.1 1.2 11.5 12 766.6733849200939 0.03386502406931413
10 60 1.1 1.2 12 12.5 703.484404185087 0.02581437995866054
10 60 1.1 1.2 12.5 13 646.6284718582087 0.01943487286234813
10 60 1.1 1.2 13 13.5 595.355581045079 0.01433893719536172
10 60 1.1 1.2 13.5 14 549.0196622962991 0.01177687499432523
10 60 1.1 1.2 14 14.5 507.0615435867073 0.01097817297488746
10 60 1.1 1.2 14.5 15 468.995025171412 0.01007082577973506
10 60 1.1 1.2 15 16 837.2916348537068 0.01798887288191509
10 60 1.1 1.2 16 17 722.0896748859636 0.01530370163322914
10 60 1.1 1.2 17 18 625.8336549972705 0.01692916855256499
10 60 1.1 1.2 18 19 544.927510412237 0.02310543937176135
10 60 1.1 1.2 19 20 476.5455912737354 0.00973786658158815
10 60 1.1 1.2 20 21 418.4481160531085 0.008605175303046053
10 60 1.1 1.2 21 22 368.8460913589881 0.007439303769047001
10 60 1.1 1.2 22 23 326.3019963943556 0.006471702279668534
10 60 1.1 1.2 23 24 289.6528513621645 0.005785779141035619
10 60 1.1 1.2 24 25 257.9516115731304 0.005063299626669959
10 60 1.1 1.2 25 26 230.4232339707405 0.00452853743581727
10 60 1.1 1.2 26 27 206.4299205505387 0.003973037797209145
10 60 1.1 1.2 27 28 185.4444090277192 0.003466278462468608
10 60 1.1 1.2 28 29 167.0284625397396 0.003132884491662935
10 60 1.1 1.2 29 30 150.8160581822717 0.002830248072541508
10 60 1.1 1.2 30 31 136.5002691086309 0.002430336086774787
10 60 1.1 1.2 31 32 123.8229128769955 0.002166014919964709
10 60 1.1 1.2 32 33 112.5655571280003 0.002013284917467217
10 60 1.1 1.2 33 34 102.5427541049967 0.001802533838301201
10 60 1.1 1.2 34 35 93.59663677819891 0.001603465075149302
10 60 1.1 1.2 35 36 85.59229143472554 0.001496176195402654
10 60 1.1 1.2 36 37 78.41391938221878 0.001381391220490968
10 60 1.1 1.2 37 38 71.96204489786692 0.001228372504726849
10 60 1.1 1.2 38 39 66.15085166315673 0.001054191718196762
10 60 1.1 1.2 39 40 60.90617820249667 0.0009441476019560469
10 60 1.1 1.2 40 42 108.0303187533121 0.001652623287128563
10 60 1.1 1.2 42 44 92.38844285302258 0.0012580886306921
10 60 1.1 1.2 44 46 79.43937222348097 0.001106183400693794
10 60 1.1 1.2 46 48 68.6493741159809 0.0009538108920708055
10 60 1.1 1.2 48 50 59.60357577238253 0.0008225283730496358
10 60 1.1 1.2 50 52 51.97688802964004 0.0007102667469638391
10 60 1.1 1.2 52 54 45.51263197816617 0.0005697869845349146
10 60 1.1 1.2 54 56 40.00651017101328 0.0004744668010872033
10 60 1.1 1.2 56 58 35.29465837026448 0.0004387774215857121
10 60 1.1 1.2 58 60 31.2447261391064 0.0003672414302648974
10 60 1.1 1.2 60 65 63.81994407418316 0.0007461638637735746
10 60 1.1 1.2 65 70 48.29734044562827 0.0005044466892059063
10 60 1.1 1.2 70 80 66.14019746297068 0.0006619055790082484
10 60 1.1 1.2 80 90 41.24130799418295 0.0003587928048673916
10 60 1.1 1.2 90 100 26.88671992568471 0.0002329822603464038
10 60 1.2 1.3 0 0.5 -111147.3348537984 3.598573193041375
10 60 1.2 1.3 0.5 1 1157.449648071867 0.01560222421221624
10 60 1.2 1.3 1 1.5 8882.144471435644 0.4321660910700302
10 60 1.2 1.3 1.5 2 8392.97238527365 0.3214908501104219
10 60 1.2 1.3 2 2.5 7183.89720619796 0.2499739520608273
10 60 1.2 1.3 2.5 3 6076.933663830265 0.2025927131790013
10 60 1.2 1.3 3 3.5 5164.839543570257 0.1623823237014221
10 60 1.2 1.3 3.5 4 4425.916393120729 0.126887940906272
10 60 1.2 1.3 4 4.5 3824.85811116708 0.1002486543306986
10 60 1.2 1.3 4.5 5 3331.104393300734 0.08173249260744342
10 60 1.2 1.3 5 5.5 2921.02633007698 0.06730062068209008
10 60 1.2 1.3 5.5 6 2576.823762704605 0.05479932246817043
10 60 1.2 1.3 6 6.5 2285.126720370338 0.04719872400755776
10 60 1.2 1.3 6.5 7 2035.802117543867 0.04216833820510146
10 60 1.2 1.3 7 7.5 1821.085815568633 0.03796278770846584
10 60 1.2 1.3 7.5 8 1634.949196841887 0.03421801449599116
10 60 1.2 1.3 8 8.5 1472.650311537369 0.03090686145515065
10 60 1.2 1.3 8.5 9 1330.41030658312 0.02775395536173164
10 60 1.2 1.3 9 9.5 1205.183947514965 0.02548183318799602
10 60 1.2 1.3 9.5 10 1094.487823105967 0.02262863226246736
10 60 1.2 1.3 10 10.5 996.2803770133079 0.02099721972604129
10 60 1.2 1.3 10.5 11 908.8632739942734 0.01896496092024336
10 60 1.2 1.3 11 11.5 830.8159625785008 0.01740531384973565
10 60 1.2 1.3 11.5 12 760.9406059151785 0.03353131887411109
10 60 1.2 1.3 12 12.5 698.2204820393432 0.0255442191109978
10 60 1.2 1.3 12.5 13 641.7879344077782 0.01925693650412086
10 60 1.2 1.3 13 13.5 590.8978987425209 0.01420270026221715
10 60 1.2 1.3 13.5 14 544.9087436525435 0.01126228688713127
10 60 1.2 1.3 14 14.5 503.2651421379836 0.01037904304757831
10 60 1.2 1.3 14.5 15 465.4845382126438 0.0094322443026158
10 60 1.2 1.3 15 16 831.0296685520118 0.01679570680164488
10 60 1.2 1.3 16 17 716.6991712220978 0.01446134133607302
10 60 1.2 1.3 17 18 621.1732919279815 0.01689267509527781
10 60 1.2 1.3 18 19 540.882014494003 0.02290746948813194
10 60 1.2 1.3 19 20 473.0191962436189 0.009204364709944457
10 60 1.2 1.3 20 21 415.3623582175066 0.007936635983980977
10 60 1.2 1.3 21 22 366.13696884797 0.006982546887172703
10 60 1.2 1.3 22 23 323.9158621996825 0.006082381118915237
10 60 1.2 1.3 23 24 287.5444528645211 0.00541511040489695
10 60 1.2 1.3 24 25 256.083048223623 0.00461891684915372
10 60 1.2 1.3 25 26 228.7629683124374 0.004101606744143282
10 60 1.2 1.3 26 27 204.9512025629571 0.003749957360327016
10 60 1.2 1.3 27 28 184.1239724588818 0.003236213156156964
10 60 1.2 1.3 28 29 165.8464690157434 0.0028346481769006
10 60 1.2 1.3 29 30 149.7556433067011 0.002618252715990366
10 60 1.2 1.3 30 31 135.5468762650819 0.002307343303300513
10 60 1.2 1.3 31 32 122.9638451226025 0.002024502638718673
10 60 1.2 1.3 32 33 111.7898684364158 0.001843614261275661
10 60 1.2 1.3 33 34 101.841021286864 0.001663033950123349
10 60 1.2 1.3 34 35 92.96067014221154 0.00145683243444239
10 60 1.2 1.3 35 36 85.01501078751056 0.001286533009306368
10 60 1.2 1.3 36 37 77.88927506992134 0.001193819223715309
10 60 1.2 1.3 37 38 71.48466227712858 0.001108453523386288
10 60 1.2 1.3 38 39 65.71589491585259 0.000987360316031527
10 60 1.2 1.3 39 40 60.50923478537452 0.0008806071600204746
10 60 1.2 1.3 40 42 107.335427892583 0.001562854319558937
10 60 1.2 1.3 42 44 91.80447912765831 0.001238378987139299
10 60 1.2 1.3 44 46 78.94569043095356 0.001001637529583377
10 60 1.2 1.3 46 48 68.23012618785063 0.0008422059531767445
10 60 1.2 1.3 48 50 59.24636636918716 0.0006723661728358366
10 60 1.2 1.3 50 52 51.67173946989837 0.0006432796335715807
10 60 1.2 1.3 52 54 45.25106219158801 0.0005497762472259637
10 60 1.2 1.3 54 56 39.78143349001218 0.0004136442638227322
10 60 1.2 1.3 56 58 35.10035980751788 0.0003702569429080427
10 60 1.2 1.3 58 60 31.07654378083586 0.0003143580652711364
10 60 1.2 1.3 60 65 63.49034474155069 0.0006270295886636745
10 60 1.2 1.3 65 70 48.06424733392481 0.0005215956832174129
10 60 1.2 1.3 70 80 65.85226505013324 0.0006092656575873434
10 60 1.2 1.3 80 90 41.08864320579435 0.0003646892489541642
10 60 1.2 1.3 90 100 26.80464287221232 0.0002785344257638656
10 60 1.3 1.4 0 0.5 -109869.5599575572 3.711794208793435
10 60 1.3 1.4 0.5 1 1268.693361092306 0.02807529399910891
10 60 1.3 1.4 1 1.5 8858.700079334976 0.4096002172500448
10 60 1.3 1.4 1.5 2 8350.370857100772 0.3134050615663
10 60 1.3 1.4 2 2.5 7140.715174132188 0.2435157248955875
10 60 1.3 1.4 2.5 3 6037.246477200924 0.1888708188180317
10 60 1.3 1.4 3 3.5 5129.350411024717 0.1491797096259688
10 60 1.3 1.4 3.5 4 4394.437016152108 0.1217221674551183
10 60 1.3 1.4 4 4.5 3796.954281350023 0.1003948467182454
10 60 1.3 1.4 4.5 5 3306.32883861857 0.0819368863640193
10 60 1.3 1.4 5 5.5 2898.965776998517 0.06578048126948488
10 60 1.3 1.4 5.5 6 2557.122056712085 0.05344552139013103
10 60 1.3 1.4 6 6.5 2267.48053970753 0.04508737084006498
10 60 1.3 1.4 6.5 7 2019.951282224488 0.0391489078460836
10 60 1.3 1.4 7 7.5 1806.812024803808 0.0361067271066986
10 60 1.3 1.4 7.5 8 1622.063237651532 0.03152798209066532
10 60 1.3 1.4 8 8.5 1460.991380889289 0.02927418694571315
10 60 1.3 1.4 8.5 9 1319.837710975142 0.02596420382678843
10 60 1.3 1.4 9 9.5 1195.577529540296 0.02387678123227488
10 60 1.3 1.4 9.5 10 1085.743402219831 0.0216508910164066
10 60 1.3 1.4 10 10.5 988.3048463590181 0.01994037437202678
10 60 1.3 1.4 10.5 11 901.5760693318459 0.01793173934061087
10 60 1.3 1.4 11 11.5 824.1468016493183 0.01640537655157459
10 60 1.3 1.4 11.5 12 754.8271920371033 0.0331551360704907
10 60 1.3 1.4 12 12.5 692.6077777180336 0.02531054684402534
10 60 1.3 1.4 12.5 13 636.6270830750105 0.01903677005259397
10 60 1.3 1.4 13 13.5 586.1460288622794 0.0140266914293079
10 60 1.3 1.4 13.5 14 540.5277618233354 0.01045956605935316
10 60 1.3 1.4 14 14.5 499.2209678692939 0.009725540700856072
10 60 1.3 1.4 14.5 15 461.7465317984476 0.009002504415207113
10 60 1.3 1.4 15 16 824.36397235159 0.01570903137746882
10 60 1.3 1.4 16 17 710.9626599573785 0.01340439502223489
10 60 1.3 1.4 17 18 616.2152461882357 0.01683786955334199
10 60 1.3 1.4 18 19 536.5793868667922 0.02281857775994922
10 60 1.3 1.4 19 20 469.2713884392625 0.008668442372481877
10 60 1.3 1.4 20 21 412.0853842351904 0.00745504479561987
10 60 1.3 1.4 21 22 363.260989221257 0.006524386984153807
10 60 1.3 1.4 22 23 321.3832543977843 0.005478834987457049
10 60 1.3 1.4 23 24 285.3077935683831 0.004934527184730086
10 60 1.3 1.4 24 25 254.1022082774554 0.004349689485621866
10 60 1.3 1.4 25 26 227.0035624228699 0.003743167900495337
10 60 1.3 1.4 26 27 203.384340034603 0.003378346791436115
10 60 1.3 1.4 27 28 182.7253556185453 0.002996762822277788
10 60 1.3 1.4 28 29 164.5951347651415 0.002634575046585041
10 60 1.3 1.4 29 30 148.6334865460304 0.002406684980314822
10 60 1.3 1.4 30 31 134.5383551367919 0.002133633036834226
10 60 1.3 1.4 31 32 122.0555159637209 0.001838324844200656
10 60 1.3 1.4 32 33 110.9701999071787 0.001651890195660144
10 60 1.3 1.4 33 34 101.0999822141179 0.001510749210027029
10 60 1.3 1.4 34 35 92.28952710295431 0.001311646950441059
10 60 1.3 1.4 35 36 84.4061348603236 0.001142130827190613
10 60 1.3 1.4 36 37 77.33601833040713 0.001070386170951565
10 60 1.3 1.4 37 38 70.98119039396752 0.00099599595490929
10 60 1.3 1.4 38 39 65.25713034094419 0.0008664026189109109
10 60 1.3 1.4 39 40 60.09072723435935 0.0007772529038874154
10 60 1.3 1.4 40 42 106.6036350313512 0.001483673430612953
10 60 1.3 1.4 42 44 91.19058954524021 0.00118498824990354
10 60 1.3 1.4 44 46 78.42781490194449 0.0009260328479854252
10 60 1.3 1.4 46 48 67.79095387653345 0.0008176865713664938
10 60 1.3 1.4 48 50 58.87211372436476 0.00058246003087703
10 60 1.3 1.4 50 52 51.35172520609882 0.000503047490305164
10 60 1.3 1.4 52 54 44.97679684418152 0.0004585988841370181
10 60 1.3 1.4 54 56 39.54580546880992 0.0003878579359195555
10 60 1.3 1.4 56 58 34.89725470287478 0.00034900776931579
10 60 1.3 1.4 58 60 30.90086740800835 0.0003162399051248599
10 60 1.3 1.4 60 65 63.1453087828613 0.0005648626218999198
10 60 1.3 1.4 65 70 47.8190058085875 0.0004334198756197338
10 60 1.3 1.4 70 80 65.54947610238806 0.0006304089548763159
10 60 1.3 1.4 80 90 40.92705076101422 0.0004215728294596488
10 60 1.3 1.4 90 100 26.71592983771479 0.0003232079462627269
10 60 1.4 1.5 0 0.5 -108503.6600949571 3.544773773246561
10 60 1.4 1.5 0.5 1 1389.096594404791 0.001431092407756296
10 60 1.4 1.5 1 1.5 8834.654777674912 0.1723778549730923
10 60 1.4 1.5 1.5 2 8305.463533024622 0.3538076430795627
10 60 1.4 1.5 2 2.5 7095.029824844628 0.2675170612319562
10 60 1.4 1.5 2.5 3 5995.204556159661 0.2028129471873399
10 60 1.4 1.5 3 3.5 5091.728273804375 0.1599301900150749
10 60 1.4 1.5 3.5 4 4361.045722783545 0.1263592372297353
10 60 1.4 1.5 4 4.5 3767.346772528749 0.100151426665434
10 60 1.4 1.5 4.5 5 3280.04138040529 0.08041146120649501
10 60 1.4 1.5 5 5.5 2875.560065811542 0.06528512201157355
10 60 1.4 1.5 5.5 6 2536.226689439428 0.05376160187233836
10 60 1.4 1.5 6 6.5 2248.767382691356 0.04420677026337216
10 60 1.4 1.5 6.5 7 2003.148016057789 0.03752721382375057
10 60 1.4 1.5 7 7.5 1791.682182527158 0.03359380613642315
10 60 1.4 1.5 7.5 8 1608.407894624503 0.03043822430845466
10 60 1.4 1.5 8 8.5 1448.636056259057 0.02738871178985391
10 60 1.4 1.5 8.5 9 1308.636412451946 0.02470075529890892
10 60 1.4 1.5 9 9.5 1185.4005577339 0.022574758102337
10 60 1.4 1.5 9.5 10 1076.478206473273 0.02004829530778807
10 60 1.4 1.5 10 10.5 979.8551560265229 0.01834638732179883
10 60 1.4 1.5 10.5 11 893.8574415374135 0.01670239987424793
10 60 1.4 1.5 11 11.5 817.0842727356529 0.01527109336893773
10 60 1.4 1.5 11.5 12 748.3547419985617 0.03281083761237369
10 60 1.4 1.5 12 12.5 686.6670118555578 0.02500383471408441
10 60 1.4 1.5 12.5 13 631.1664545376819 0.01881981979568081
10 60 1.4 1.5 13 13.5 581.1195624288066 0.01387837612060139
10 60 1.4 1.5 13.5 14 535.8943490519327 0.009930032733223015
10 60 1.4 1.5 14 14.5 494.944205424003 0.008867897965728844
10 60 1.4 1.5 14.5 15 457.7942788458789 0.00822459606325765
10 60 1.4 1.5 15 16 817.3203515374116 0.01480919422840543
10 60 1.4 1.5 16 17 704.9043160347854 0.01244531749125599
10 60 1.4 1.5 17 18 610.9807177631644 0.01675213916530538
10 60 1.4 1.5 18 19 532.0380997753686 0.02265425604127813
10 60 1.4 1.5 19 20 465.3165961594917 0.007996590681727866
10 60 1.4 1.5 20 21 408.6290025225424 0.00671862242950283
10 60 1.4 1.5 21 22 360.2301957505546 0.006057965480238181
10 60 1.4 1.5 22 23 318.7165611640463 0.005151976967795235
10 60 1.4 1.5 23 24 282.9535651582922 0.004462720116237051
10 60 1.4 1.5 24 25 252.0177494613845 0.003994049212366235
10 60 1.4 1.5 25 26 225.1529040850226 0.003430253812098272
10 60 1.4 1.5 26 27 201.7369592651124 0.003082485677282421
10 60 1.4 1.5 27 28 181.2551555024336 0.002743570402344631
10 60 1.4 1.5 28 29 163.2798813021891 0.002325390509355429
10 60 1.4 1.5 29 30 147.4544037218689 0.002102276324336572
10 60 1.4 1.5 30 31 133.4792609440351 0.001910567625003523
10 60 1.4 1.5 31 32 121.1023401673936 0.001638788664649837
10 60 1.4 1.5 32 33 110.110669944922 0.001466702412741938
10 60 1.4 1.5 33 34 100.3234596033706 0.001381293234658187
10 60 1.4 1.5 34 35 91.58671508940354 0.001225247109147176
10 60 1.4 1.5 35 36 83.76886335605889 0.001043781945469391
10 60 1.4 1.5 36 37 76.75718245856237 0.0009700773951664132
10 60 1.4 1.5 37 38 70.45455721627049 0.0009147191066176674
10 60 1.4 1.5 38 39 64.77723803724327 0.0008054008667244261
10 60 1.4 1.5 39 40 59.65277596528565 0.0006842151399339969
10 60 1.4 1.5 40 42 105.8373887744157 0.001201653122606672
10 60 1.4 1.5 42 44 90.54836366011759 0.001103350113140777
10 60 1.4 1.5 44 46 77.88701271942662 0.000852606076634288
10 60 1.4 1.5 46 48 67.33329123644336 0.0007222819625241073
10 60 1.4 1.5 48 50 58.48305278418115 0.0005923134200003233
10 60 1.4 1.5 50 52 51.01935106884071 0.0004628839536451324
10 60 1.4 1.5 52 54 44.69173291509173 0.0004252219295395321
10 60 1.4 1.5 54 56 39.30056707021387 0.0003674522611873954
10 60 1.4 1.5 56 58 34.68571558846718 0.0003095715030454471
10 60 1.4 1.5 58 60 30.7179414319598 0.0002894384965941299
10 60 1.4 1.5 60 65 62.78642949466945 0.0005501700326817627
10 60 1.4 1.5 65 70 47.56332276160376 0.000401758477799774
10 60 1.4 1.5 70 80 65.23142968790459 0.0006751312489257089
10 60 1.4 1.5 80 90 40.75533316299053 0.0004974806279491872
10 60 1.4 1.5 90 100 26.61938771196629 0.0004002699204015414
10 60 1.5 1.6 0 0.5 -107052.7922730768 3.293031071923906
10 60 1.5 1.6 0.5 1 1517.91316824413 0.02659025641423796
10 60 1.5 1.6 1 1.5 8809.771434922735 0.3532070206292701
10 60 1.5 1.6 1.5 2 8258.267925573466 0.2799012722334737
10 60 1.5 1.6 2 2.5 7046.873650903206 0.2187244092010587
10 60 1.5 1.6 2.5 3 5950.841263271866 0.182323037200149
10 60 1.5 1.6 3 3.5 5052.035050400227 0.1472712815229897
10 60 1.5 1.6 3.5 4 4325.818966576687 0.1187666792657183
10 60 1.5 1.6 4 4.5 3736.126984169638 0.09767280933192524
10 60 1.5 1.6 4.5 5 3252.321056549266 0.08051353601240407
10 60 1.5 1.6 5 5.5 2850.890567285199 0.0661632213118537
10 60 1.5 1.6 5.5 6 2514.203965455255 0.05420106446854334
10 60 1.5 1.6 6 6.5 2229.050471513929 0.04413928471785766
10 60 1.5 1.6 6.5 7 1985.445511316662 0.036499521209862
10 60 1.5 1.6 7 7.5 1775.74520509323 0.03194271309826036
10 60 1.5 1.6 7.5 8 1594.023396262963 0.02823314914030561
10 60 1.5 1.6 8 8.5 1435.62521914392 0.02589444262207508
10 60 1.5 1.6 8.5 9 1296.840918107351 0.02291925089411961
10 60 1.5 1.6 9 9.5 1174.685871049049 0.0208417228370763
10 60 1.5 1.6 9.5 10 1066.727655771983 0.01894702903541656
10 60 1.5 1.6 10 10.5 970.9650658513237 0.01719302382036858
10 60 1.5 1.6 10.5 11 885.7374296315284 0.01551423949467789
10 60 1.5 1.6 11 11.5 809.6555053111534 0.01404917496722646
10 60 1.5 1.6 11.5 12 741.5479753823823 0.03240584543573277
10 60 1.5 1.6 12 12.5 680.4209299009434 0.02473135600678233
10 60 1.5 1.6 12.5 13 625.4262146973532 0.01858142041839983
10 60 1.5 1.6 13 13.5 575.8368798700415 0.01367895971304733
10 60 1.5 1.6 13.5 14 531.0264901155813 0.009834213037947848
10 60 1.5 1.6 14 14.5 490.4523665330622 0.008319733589871703
10 60 1.5 1.6 14.5 15 453.6438732360863 0.007547116994601311
10 60 1.5 1.6 15 16 809.9243828318149 0.01347817332100476
10 60 1.5 1.6 16 17 698.5463683062214 0.01132101397092811
10 60 1.5 1.6 17 18 605.4912899708999 0.01652769874635851
10 60 1.5 1.6 18 19 527.2777230341475 0.02248905523151734
10 60 1.5 1.6 19 20 461.1725174612903 0.007206264301203191
10 60 1.5 1.6 20 21 405.0085782605927 0.006110231025161283
10 60 1.5 1.6 21 22 357.0564414161718 0.005400145727833205
10 60 1.5 1.6 22 23 315.9256237028815 0.004763465894654928
10 60 1.5 1.6 23 24 280.4913820996085 0.004082171084519359
10 60 1.5 1.6 24 25 249.838814879769 0.003619881666992342
10 60 1.5 1.6 25 26 223.2190299873344 0.003038594673512307
10 60 1.5 1.6 26 27 200.016071944505 0.00267005879595672
10 60 1.5 1.6 27 28 179.7202040678538 0.002416611690279069
10 60 1.5 1.6 28 29 161.9076612266448 0.002042797435109378
10 60 1.5 1.6 29 30 146.224867982844 0.001837051231348141
10 60 1.5 1.6 30 31 132.3752200512613 0.001705879167246849
10 60 1.5 1.6 31 32 120.109019116116 0.001475737854264025
10 60 1.5 1.6 32 33 109.2152231107689 0.001293977291993542
10 60 1.5 1.6 33 34 99.5147660956803 0.001243462147101582
10 60 1.5 1.6 34 35 90.8549718563854 0.001122817988189695
10 60 1.5 1.6 35 36 83.10557973075548 0.0009367235211783509
10 60 1.5 1.6 36 37 76.15491893595883 0.0008240388388713882
10 60 1.5 1.6 37 38 69.90688022251564 0.0007942241880556367
10 60 1.5 1.6 38 39 64.27843881119199 0.0007479056194767963
10 60 1.5 1.6 39 40 59.19778251826894 0.0006352433032006388
10 60 1.5 1.6 40 42 105.0415026109828 0.001017088134020128
10 60 1.5 1.6 42 44 89.88088456748278 0.0009076426608629617
10 60 1.5 1.6 44 46 77.32506867289901 0.0007371393046184949
10 60 1.5 1.6 46 48 66.85841700119326 0.0007115380605995369
10 60 1.5 1.6 48 50 58.07982162941486 0.0006248245167697064
10 60 1.5 1.6 50 52 50.67527045515316 0.0004812534034783766
10 60 1.5 1.6 52 54 44.39676169675479 0.0004081559885875663
10 60 1.5 1.6 54 56 39.04664988271784 0.0003310085608916324
10 60 1.5 1.6 56 58 34.46647207667949 0.0002828736382056718
10 60 1.5 1.6 58 60 30.5281739161522 0.0002553312583728484
10 60 1.5 1.6 60 65 62.41418839948062 0.0005906490121816432
10 60 1.5 1.6 65 70 47.29784687478085 0.0004683749543161753
10 60 1.5 1.6 70 80 64.89714002201745 0.0007237158382906728
10 60 1.5 1.6 80 90 40.57153060829571 0.0006300142793236319
10 60 1.5 1.6 90 100 26.5130841559505 0.0005287269428535524
10 60 1.6 1.7 0 0.5 -105522.2497255869 3.272223425403354
10 60 1.6 1.7 0.5 1 1655.124358043751 0.003616085498379107
10 60 1.6 1.7 1 1.5 8784.372494886135 0.1203465233666066
10 60 1.6 1.7 1.5 2 8209.065778717324 0.3572686305742536
10 60 1.6 1.7 2 2.5 6996.517825650281 0.2711872629997742
10 60 1.6 1.7 2.5 3 5904.385717364371 0.1992846631264911
10 60 1.6 1.7 3 3.5 5010.42881208856 0.1534676126393606
10 60 1.6 1.7 3.5 4 4288.881654838928 0.1223087453454355
10 60 1.6 1.7 4 4.5 3703.382544375267 0.09687500548125172
10 60 1.6 1.7 4.5 5 3223.250279593405 0.07688410558284886
10 60 1.6 1.7 5 5.5 2825.015248188186 0.0621724163406725
10 60 1.6 1.7 5.5 6 2491.105678497595 0.05115072221769879
10 60 1.6 1.7 6 6.5 2208.375069218751 0.04260991464980179
10 60 1.6 1.7 6.5 7 1966.886217617587 0.03547548343499329
10 60 1.6 1.7 7 7.5 1759.042411007226 0.03015677260918892
10 60 1.6 1.7 7.5 8 1578.954943533044 0.02708006380680672
10 60 1.6 1.7 8 8.5 1421.997383071591 0.02403459632409977
10 60 1.6 1.7 8.5 9 1284.490825313219 0.02175083257316146
10 60 1.6 1.7 9 9.5 1163.470311852026 0.01957560083883436
10 60 1.6 1.7 9.5 10 1056.522568576268 0.01755964638550722
10 60 1.6 1.7 10 10.5 961.6631930857837 0.01590277644993421
10 60 1.6 1.7 10.5 11 877.2445732491228 0.01452305654140673
10 60 1.6 1.7 11 11.5 801.8880592747372 0.01325724513117166
10 60 1.6 1.7 11.5 12 734.4321327259179 0.03198639721665586
10 60 1.6 1.7 12 12.5 673.8923131394354 0.02440229036017172
10 60 1.6 1.7 12.5 13 619.4278316711327 0.01833000589954281
10 60 1.6 1.7 13 13.5 570.3179122698284 0.01352539828485533
10 60 1.6 1.7 13.5 14 525.9415143716529 0.009652144998653966
10 60 1.6 1.7 14 14.5 485.7614069736484 0.007639656643448234
10 60 1.6 1.7 14.5 15 449.3107939093696 0.006806605359656714
10 60 1.6 1.7 15 16 802.2066826130296 0.01267924625153682
10 60 1.6 1.7 16 17 691.9140349581543 0.01012059837546531
10 60 1.6 1.7 17 18 599.7673098285541 0.01649974325573567
10 60 1.6 1.7 18 19 522.3181667821639 0.02225276495641992
10 60 1.6 1.7 19 20 456.8575898346368 0.006512836108413467
10 60 1.6 1.7 20 21 401.2400482511738 0.00552152575147602
10 60 1.6 1.7 21 22 353.7534949697505 0.004722591763425044
10 60 1.6 1.7 22 23 313.0216153166441 0.004131089445877478
10 60 1.6 1.7 23 24 277.9306711949559 0.003497579374936777
10 60 1.6 1.7 24 25 247.5745078686188 0.003202471899129478
10 60 1.6 1.7 25 26 221.2111626401428 0.002690131324385447
10 60 1.6 1.7 26 27 198.2306642836326 0.002319474925826626
10 60 1.6 1.7 27 28 178.1284874738099 0.002151792047072831
10 60 1.6 1.7 28 29 160.4851664010323 0.001825549930885018
10 60 1.6 1.7 29 30 144.9506797068469 0.001583270364790224
10 60 1.6 1.7 30 31 131.2314549025278 0.001533670460901249
10 60 1.6 1.7 31 32 119.0800632271837 0.001347252324293891
10 60 1.6 1.7 32 33 108.2876390040908 0.001078790561336973
10 60 1.6 1.7 33 34 98.67708326126878 0.001000819046623747
10 60 1.6 1.7 34 35 90.09730757894312 0.0009957637494721894
10 60 1.6 1.7 35 36 82.41912608740901 0.0008818300102149124
10 60 1.6 1.7 36 37 75.53186090754311 0.0007192001966132011
10 60 1.6 1.7 37 38 69.34046196585993 0.0006461775882087295
10 60 1.6 1.7 38 39 63.76276013653134 0.0006232287478837861
10 60 1.6 1.7 39 40 58.72766605002137 0.0005750025594508656
10 60 1.6 1.7 40 42 104.2198544402516 0.0009551313078333123
10 60 1.6 1.7 42 44 89.19209774701768 0.0008538813553684577
10 60 1.6 1.7 44 46 76.74455112228222 0.0007261107517280152
10 60 1.6 1.7 46 48 66.366871699482 0.0005771809037184994
10 60 1.6 1.7 48 50 57.66229257692886 0.0005535758549584102
10 60 1.6 1.7 50 52 50.3193322393015 0.0004894474821668382
10 60 1.6 1.7 52 54 44.09200248040179 0.0004060394441509629
10 60 1.6 1.7 54 56 38.78464613263764 0.0003774546836368131
10 60 1.6 1.7 56 58 34.24023864908864 0.0003202258921959356
10 60 1.6 1.7 58 60 30.33204810262584 0.0002656837593875139
10 60 1.6 1.7 60 65 62.02786101734179 0.0006433798419536174
10 60 1.6 1.7 65 70 47.0211774566712 0.0005551341210363603
10 60 1.6 1.7 70 80 64.54508427066573 0.0008887114044853206
10 60 1.6 1.7 80 90 40.37252880494235 0.0007999917578374038
10 60 1.6 1.7 90 100 26.39402189884232 0.0006921352223123733
10 60 1.7 1.8 0 0.5 -103914.0828654662 3.054234059818555
10 60 1.7 1.8 0.5 1 1800.997606404139 0.003322844766898925
10 60 1.7 1.8 1 1.5 8758.875473327029 0.3602486585114093
10 60 1.7 1.8 1.5 2 8158.115878904748 0.2925233410733199
10 60 1.7 1.8 2 2.5 6944.139094517203 0.2266395698634369
10 60 1.7 1.8 2.5 3 5855.987722815404 0.1852964167892424
10 60 1.7 1.8 3 3.5 4967.033522370249 0.1520190374449157
10 60 1.7 1.8 3.5 4 4250.338588032522 0.121446887635102
10 60 1.7 1.8 4 4.5 3669.197188236036 0.09835252176208087
10 60 1.7 1.8 4.5 5 3192.900425883997 0.08082944498528377
10 60 1.7 1.8 5 5.5 2798.001915603763 0.06599433616747774
10 60 1.7 1.8 5.5 6 2466.998006102909 0.05322848668993174
10 60 1.7 1.8 6 6.5 2186.797620284749 0.04289974926814466
10 60 1.7 1.8 6.5 7 1947.521967900156 0.03484847669915325
10 60 1.7 1.8 7 7.5 1741.6184921406 0.02875673733115036
10 60 1.7 1.8 7.5 8 1563.239830785811 0.02491652342428097
10 60 1.7 1.8 8 8.5 1407.791809129352 0.02258233553425271
10 60 1.7 1.8 8.5 9 1271.620378986294 0.02004945424619109
10 60 1.7 1.8 9 9.5 1151.786148879538 0.01799060869802815
10 60 1.7 1.8 9.5 10 1045.895353532508 0.01640800030213541
10 60 1.7 1.8 10 10.5 951.9789612772029 0.01476303735626061
10 60 1.7 1.8 10.5 11 868.4041142839746 0.01314326709223224
10 60 1.7 1.8 11 11.5 793.8051886884425 0.01212360593729045
10 60 1.7 1.8 11.5 12 727.0304989448663 0.03158061110718791
10 60 1.7 1.8 12 12.5 667.1038539515623 0.0240808997447175
10 60 1.7 1.8 12.5 13 613.192416571972 0.01814184155091425
10 60 1.7 1.8 13 13.5 564.5820153951623 0.01329098444296051
10 60 1.7 1.8 13.5 14 520.6583892733971 0.009524441923758786
10 60 1.7 1.8 14 14.5 480.8891092471748 0.006983591978155346
10 60 1.7 1.8 14.5 15 444.8115705115728 0.006238617654787504
10 60 1.7 1.8 15 16 794.1959401798669 0.01234465045217803
10 60 1.7 1.8 16 17 685.0350271779625 0.009360985824628187
10 60 1.7 1.8 17 18 593.832845167814 0.01637943781338436
10 60 1.7 1.8 18 19 517.1772895909714 0.02202710101767025
10 60 1.7 1.8 19 20 452.3873236151693 0.005755870628888715
10 60 1.7 1.8 20 21 397.3388025370485 0.004891417583564817
10 60 1.7 1.8 21 22 350.3366916859158 0.004134744705368121
10 60 1.7 1.8 22 23 310.0190628473913 0.003641083414777313
10 60 1.7 1.8 23 24 275.2840387695791 0.002957641688055901
10 60 1.7 1.8 24 25 245.2351555773897 0.002784401806195547
10 60 1.7 1.8 25 26 219.1378337304585 0.002455912741368138
10 60 1.7 1.8 26 27 196.3880886250498 0.002051873436158758
10 60 1.7 1.8 27 28 176.4866790817387 0.001949261657244961
10 60 1.7 1.8 28 29 159.0183931758108 0.001685712068081102
10 60 1.7 1.8 29 30 143.6370163899784 0.001320804137549203
10 60 1.7 1.8 30 31 130.0524012192185 0.001240535213383964
10 60 1.7 1.8 31 32 118.0198209701344 0.001197738848460972
10 60 1.7 1.8 32 33 107.3323459780204 0.0009931060410366399
10 60 1.7 1.8 33 34 97.81457399051264 0.0008361099975502384
10 60 1.7 1.8 34 35 89.31717291211345 0.0007901286652298722
10 60 1.7 1.8 35 36 81.71235873057461 0.000728443042888216
10 60 1.7 1.8 36 37 74.89063937884525 0.0006467002926484611
10 60 1.7 1.8 37 38 68.75775442200853 0.0005941087819536506
10 60 1.7 1.8 38 39 63.23238320168719 0.000585071111089519
10 60 1.7 1.8 39 40 58.24411155313074 0.0005524332897124395
10 60 1.7 1.8 40 42 103.3745233446361 0.0009288867648962196
10 60 1.7 1.8 42 44 88.48320650695445 0.0007502833383910001
10 60 1.7 1.8 44 46 76.14700738171553 0.0006667576802925623
10 60 1.7 1.8 46 48 65.86074406526389 0.0005507404776352587
10 60 1.7 1.8 48 50 57.23169014977124 0.0005022727655301651
10 60 1.7 1.8 50 52 49.95172531374382 0.0004697979766845606
10 60 1.7 1.8 52 54 43.77714691737555 0.0004466937380129821
10 60 1.7 1.8 54 56 38.51383309817723 0.0004316919067335334
10 60 1.7 1.8 56 58 34.0062771697269 0.0003820531940945671
10 60 1.7 1.8 58 60 30.12906499427227 0.0003410792093418991
10 60 1.7 1.8 60 65 61.62625426769581 0.0007378136834574889
10 60 1.7 1.8 65 70 46.73100351451093 0.0006847165876351369
10 60 1.7 1.8 70 80 64.1713110615713 0.001182468518706514
10 60 1.7 1.8 80 90 40.15425643815014 0.001009213592041647
10 60 1.7 1.8 90 100 26.25831048124875 0.0008833618816233013
10 60 1.8 1.9 0 0.5 -102232.49449036 2.852983972334187
10 60 1.8 1.9 0.5 1 1954.71632660253 0.04694277707608308
10 60 1.8 1.9 1 1.5 8733.176224963736 0.432132868510962
10 60 1.8 1.9 1.5 2 8105.584248210618 0.3162371349799287
10 60 1.8 1.9 2 2.5 6889.914208117383 0.240001889665109
10 60 1.8 1.9 2.5 3 5805.793904117237 0.1872810891454719
10 60 1.8 1.9 3 3.5 4922.010158378958 0.1441314937337665
10 60 1.8 1.9 3.5 4 4210.320842826237 0.1166615658257797
10 60 1.8 1.9 4 4.5 3633.700380301733 0.09538910879746254
10 60 1.8 1.9 4.5 5 3161.376393337016 0.07724508405681263
10 60 1.8 1.9 5 5.5 2769.942511948741 0.06296975950363048
10 60 1.8 1.9 5.5 6 2441.956197153459 0.05203421496298688
10 60 1.8 1.9 6 6.5 2164.387043806079 0.04315435084254204
10 60 1.8 1.9 6.5 7 1927.410882906262 0.03560095281841313
10 60 1.8 1.9 7 7.5 1723.528109986352 0.02943008368038136
10 60 1.8 1.9 7.5 8 1546.925925002461 0.02440403747800701
10 60 1.8 1.9 8 8.5 1393.047061532266 0.02040559594956903
10 60 1.8 1.9 8.5 9 1258.267235812835 0.01854202903223268
10 60 1.8 1.9 9 9.5 1139.668291946657 0.01668595836690656
10 60 1.8 1.9 9.5 10 1034.876563875073 0.01489058928086706
10 60 1.8 1.9 10 10.5 941.9416394651304 0.0135223333616068
10 60 1.8 1.9 10.5 11 859.24505092692 0.01196430627328482
10 60 1.8 1.9 11 11.5 785.4335067543166 0.01109926619903945
10 60 1.8 1.9 11.5 12 719.3661099112041 0.03113737448870779
10 60 1.8 1.9 12 12.5 660.0765017730268 0.02373155942893845
10 60 1.8 1.9 12.5 13 606.7404281001903 0.01786133663188139
10 60 1.8 1.9 13 13.5 558.6499767225583 0.01315224401071191
10 60 1.8 1.9 13.5 14 515.1962022740877 0.009387513744513853
10 60 1.8 1.9 14 14.5 475.8528673125803 0.006437329074856279
10 60 1.8 1.9 14.5 15 440.1623796623138 0.005695417699143945
10 60 1.8 1.9 15 16 785.9217618507201 0.01210916558170538
10 60 1.8 1.9 16 17 677.9329251383941 0.008331239789640676
10 60 1.8 1.9 17 18 587.7096644601531 0.01620073214121476
10 60 1.8 1.9 18 19 511.8759606033747 0.02180984646793149
10 60 1.8 1.9 19 20 447.7797611674935 0.004844113493675195
10 60 1.8 1.9 20 21 393.3201142601807 0.004276434315443112
10 60 1.8 1.9 21 22 346.819680262952 0.003543842507838235
10 60 1.8 1.9 22 23 306.9308604192199 0.003329225739037156
10 60 1.8 1.9 23 24 272.5631856869525 0.002664953802479886
10 60 1.8 1.9 24 25 242.8303927594419 0.002344296842096583
10 60 1.8 1.9 25 26 217.00660673032 0.002169918189821374
10 60 1.8 1.9 26 27 194.4943053216291 0.001719055408017311
10 60 1.8 1.9 27 28 174.7997881587667 0.001576130915253771
10 60 1.8 1.9 28 29 157.512401799845 0.001537139643318142
10 60 1.8 1.9 29 30 142.2892271059528 0.001229022639876121
10 60 1.8 1.9 30 31 128.8432371300489 0.001031673896846996
10 60 1.8 1.9 31 32 116.9326751539217 0.0009768990242378095
10 60 1.8 1.9 32 33 106.3530185778915 0.0008754001941468914
10 60 1.8 1.9 33 34 96.93071787270456 0.0007629028980176145
10 60 1.8 1.9 34 35 88.51797272605553 0.0007316776475079223
10 60 1.8 1.9 35 36 80.98834505634335 0.0007204682919876859
10 60 1.8 1.9 36 37 74.23347491482308 0.0006419278341383006
10 60 1.8 1.9 37 38 68.16020702595137 0.0005414446205520562
10 60 1.8 1.9 38 39 62.68822776397401 0.0004918685943735568
10 60 1.8 1.9 39 40 57.7478949336294 0.0004690308099597473
10 60 1.8 1.9 40 42 102.5070293821344 0.0008652497179753027
10 60 1.8 1.9 42 44 87.75574473620622 0.0007199164701745531
10 60 1.8 1.9 44 46 75.53369411859704 0.0006739349359747848
10 60 1.8 1.9 46 48 65.34096667239872 0.0005849740520602609
10 60 1.8 1.9 48 50 56.78892552509975 0.0005411446062311143
10 60 1.8 1.9 50 52 49.57274096275836 0.0005298715169459456
10 60 1.8 1.9 52 54 43.45137509286921 0.0004573197353749947
10 60 1.8 1.9 54 56 38.23290884627832 0.0004602095289527597
10 60 1.8 1.9 56 58 33.76317645228017 0.0004632531777275517
10 60 1.8 1.9 58 60 29.91776396794632 0.0004360007315327152
10 60 1.8 1.9 60 65 61.20655289286083 0.000963628025125729
10 60 1.8 1.9 65 70 46.42437329945025 0.0008470377932496831
10 60 1.8 1.9 70 80 63.76893840895981 0.001553197809641915
10 60 1.8 1.9 80 90 39.91167933946721 0.001278654138836544
10 60 1.8 1.9 90 100 26.10121668261899 0.001141056302529364
10 60 1.9 2 0 0.5 -100482.7625453374 2.565371204444091
10 60 1.9 2 0.5 1 2115.486247454036 0.02235218018995511
10 60 1.9 2 1 1.5 8707.271766052645 0.399766993812591
10 60 1.9 2 1.5 2 8051.56356969647 0.311535146701317
10 60 1.9 2 2 2.5 6833.99090474794 0.2405357715297214
10 60 1.9 2 2.5 3 5753.957097122924 0.1839479833570294
10 60 1.9 2 3 3.5 4875.469046016146 0.1477321248748922
10 60 1.9 2 3.5 4 4168.947836938593 0.1175646132405745
10 60 1.9 2 4 4.5 3596.99660560611 0.0920766566414386
10 60 1.9 2 4.5 5 3128.774639492663 0.07458316470592763
10 60 1.9 2 5 5.5 2740.925393513732 0.06124528934878981
10 60 1.9 2 5.5 6 2416.059704453928 0.05014070016841288
10 60 1.9 2 6 6.5 2141.213121939501 0.04131705773079375
10 60 1.9 2 6.5 7 1906.62101368125 0.03454769495192522
10 60 1.9 2 7 7.5 1704.826034969085 0.02913444832825007
10 60 1.9 2 7.5 8 1530.064606752408 0.02441585137717084
10 60 1.9 2 8 8.5 1377.811705388803 0.02030222234520807
10 60 1.9 2 8.5 9 1244.471321681136 0.01699122305308265
10 60 1.9 2 9 9.5 1127.151424563849 0.0149884015884254
10 60 1.9 2 9.5 10 1023.499436357267 0.01311697307562554
10 60 1.9 2 10 10.5 931.5823727082981 0.01236966442968424
10 60 1.9 2 10.5 11 849.7952503399778 0.01082075982139941
10 60 1.9 2 11 11.5 776.7989433842025 0.009625597446529355
10 60 1.9 2 11.5 12 711.4647806158079 0.03074858817990389
10 60 1.9 2 12 12.5 652.83454103062 0.02339230995971775
10 60 1.9 2 12.5 13 600.0925901050883 0.01756789609214593
10 60 1.9 2 13 13.5 552.5393972864987 0.01296609201824594
10 60 1.9 2 13.5 14 509.5719501504738 0.009244579267942754
10 60 1.9 2 14 14.5 470.6692777026252 0.006353333583092535
10 60 1.9 2 14.5 15 435.3786354765202 0.005053843250664158
10 60 1.9 2 15 16 777.4119249950384 0.01183170454203264
10 60 1.9 2 16 17 670.6331062306604 0.007091000416153292
10 60 1.9 2 17 18 581.4210571286459 0.01604757904249254
10 60 1.9 2 18 19 506.4360392865967 0.02149700640273977
10 60 1.9 2 19 20 443.0546576792027 0.004121039610367916
10 60 1.9 2 20 21 389.2002855836558 0.003796028075328195
10 60 1.9 2 21 22 343.2146773262194 0.002957374144330061
10 60 1.9 2 22 23 303.7662721472485 0.002840377888389867
10 60 1.9 2 23 24 269.7765438315386 0.002414161976560081
10 60 1.9 2 24 25 240.368730502058 0.001924538247862984
10 60 1.9 2 25 26 214.8257502721126 0.001858708984059376
10 60 1.9 2 26 27 192.5569707502238 0.001516416610400029
10 60 1.9 2 27 28 173.0743301204132 0.001253028431392522
10 60 1.9 2 28 29 155.9721122202049 0.001222475861368366
10 60 1.9 2 29 30 140.9113159582168 0.001118598550846173
10 60 1.9 2 30 31 127.6077706279743 0.0009860900445204379
10 60 1.9 2 31 32 115.8223512447994 0.0009406969100780316
10 60 1.9 2 32 33 105.3528326916585 0.0008844398110596785
10 60 1.9 2 33 34 96.02770734367529 0.0007375057155343256
10 60 1.9 2 34 35 87.70103029653127 0.0006318449483018185
10 60 1.9 2 35 36 80.24800017285096 0.0005918978175003531
10 60 1.9 2 36 37 73.56145305577151 0.0005686131232920388
10 60 1.9 2 37 38 67.54922965309208 0.0005336978321821562
10 60 1.9 2 38 39 62.13175034411084 0.0004787082342261328
10 60 1.9 2 39 40 57.24025808365148 0.0004458099110422609
10 60 1.9 2 40 42 101.618970685853 0.0008725681524168749
10 60 1.9 2 42 44 87.01038832990081 0.0007841027296962011
10 60 1.9 2 44 46 74.90442082688116 0.0007478345568756595
10 60 1.9 2 46 48 64.80671727167329 0.0006974655264571084
10 60 1.9 2 48 50 56.33289189637045 0.0006250117004782396
10 60 1.9 2 50 52 49.18147953053352 0.0005988971187136372
10 60 1.9 2 52 54 43.1140619903468 0.0005746157933188556
10 60 1.9 2 54 56 37.94072062944742 0.0005593312495761893
10 60 1.9 2 56 58 33.50907145153915 0.000518883165412376
10 60 1.9 2 58 60 29.69606376492162 0.000525863957726358
10 60 1.9 2 60 65 60.76355777853175 0.00124661400230508
10 60 1.9 2 65 70 46.09720739476983 0.001113011455750268
10 60 1.9 2 70 80 63.32918460039431 0.001961655254937966
10 60 1.9 2 80 90 39.63813842118817 0.001672895629660331
10 60 1.9 2 90 100 25.91661533779921 0.0001011733754410216
10 60 2 2.1 0 0.5 -98671.25726537478 2.396013520483393
10 60 2 2.1 0.5 1 2282.210182982064 0.03619830175375682
10 60 2 2.1 1 1.5 8680.783872319294 0.3982924123865814
10 60 2 2.1 1.5 2 7995.956038525705 0.3035980410886623
10 60 2 2.1 2 2.5 6776.391574021746 0.2310562509392184
10 60 2 2.1 2.5 3 5700.567865137295 0.1869824432724272
10 60 2 2.1 3 3.5 4827.525092595403 0.1484583851843126
10 60 2 2.1 3.5 4 4126.322132297341 0.1172994775852203
10 60 2 2.1 4 4.5 3559.177024842836 0.09685541531416675
10 60 2 2.1 4.5 5 3095.191179581155 0.07912060793296405
10 60 2 2.1 5 5.5 2711.034430414117 0.06318815622489637
10 60 2 2.1 5.5 6 2389.386060103235 0.05089268831397931
10 60 2 2.1 6 6.5 2117.348938245966 0.04157641017081914
10 60 2 2.1 6.5 7 1885.211976106616 0.03413552649908524
10 60 2 2.1 7 7.5 1685.574903299203 0.02804519418396012
10 60 2 2.1 7.5 8 1512.711229300037 0.02319282062012462
10 60 2 2.1 8 8.5 1362.134146543004 0.01966806966356671
10 60 2 2.1 8.5 9 1230.278124097508 0.01672654534786489
10 60 2 2.1 9 9.5 1114.278461001883 0.01438092815533309
10 60 2 2.1 9.5 10 1011.801085054849 0.01228211498721521
10 60 2 2.1 10 10.5 920.9321349632201 0.01053068233375143
10 60 2 2.1 10.5 11 840.0844466029557 0.009818277353701887
10 60 2 2.1 11 11.5 767.9295246319042 0.008618025166015286
10 60 2 2.1 11.5 12 703.3503313000743 0.030255873454621
10 60 2 2.1 12 12.5 645.3996671559295 0.02306167767721945
10 60 2 2.1 12.5 13 593.2702927789167 0.01732319465600085
10 60 2 2.1 13 13.5 546.2702076917184 0.01274216307353981
10 60 2 2.1 13.5 14 503.8032894620411 0.009113959682963468
10 60 2 2.1 14 14.5 465.3543212337612 0.006255285138138333
10 60 2 2.1 14.5 15 430.4756660602395 0.004296807715832074
10 60 2 2.1 15 16 768.6965101310414 0.0116195171557365
10 60 2 2.1 16 17 663.1639496711779 0.006379432011840436
10 60 2 2.1 17 18 574.9897534399615 0.01593016133938363
10 60 2 2.1 18 19 500.8753118150601 0.02119655058879744
10 60 2 2.1 19 20 438.2271582074849 0.003488624603050994
10 60 2 2.1 20 21 384.9932135360397 0.003279980404442995
10 60 2 2.1 21 22 339.534723743504 0.002569765187786288
10 60 2 2.1 22 23 300.536080326063 0.002131802959524975
10 60 2 2.1 23 24 266.9328712222996 0.002039144421814854
10 60 2 2.1 24 25 237.8580623490884 0.001618252317172164
10 60 2 2.1 25 26 212.6026649411248 0.001533430087590659
10 60 2 2.1 26 27 190.5829716207527 0.001400186295597905
10 60 2 2.1 27 28 171.3165938165229 0.001187201835534779
10 60 2 2.1 28 29 154.4028226036996 0.00110910010664611
10 60 2 2.1 29 30 139.5068435495725 0.001059469419658399
10 60 2 2.1 30 31 126.3478931620286 0.0009114190054759774
10 60 2 2.1 31 32 114.6897211087546 0.000798832589993026
10 60 2 2.1 32 33 104.33257254326 0.0007813076509251005
10 60 2 2.1 33 34 95.10683004841984 0.0007353577224051833
10 60 2 2.1 34 35 86.86808971762346 0.0006561011472427936
10 60 2 2.1 35 36 79.49302991582483 0.0005912282173881067
10 60 2 2.1 36 37 72.87585942685514 0.000578986034696527
10 60 2 2.1 37 38 66.92553545993026 0.0005565394315141248
10 60 2 2.1 38 39 61.56341707758074 0.0005120759430354838
10 60 2 2.1 39 40 56.72149231908066 0.0004973503567100579
10 60 2 2.1 40 42 100.7101805028089 0.00100118323362608
10 60 2 2.1 42 44 86.24568268032061 0.0008909012921236581
10 60 2 2.1 44 46 74.25726387294269 0.0008582654609057272
10 60 2 2.1 46 48 64.25589063744741 0.0008269213293203848
10 60 2 2.1 48 50 55.86139563962706 0.0007965718443259107
10 60 2 2.1 50 52 48.7756485005584 0.0007504285566142244
10 60 2 2.1 52 54 42.76288749904161 0.0007142917759921374
10 60 2 2.1 54 56 37.63526695110794 0.0006892278173609157
10 60 2 2.1 56 58 33.24209095433216 0.0006687027866760786
10 60 2 2.1 58 60 29.46162359601312 0.0006426715205591904
10 60 2 2.1 60 65 60.29056993232231 0.00158416766216618
10 60 2 2.1 65 70 45.74318082318704 0.001427197220621679
10 60 2 2.1 70 80 62.84209082450813 0.002486026874983338
10 60 2 2.1 80 90 39.32417705690541 0.0001529614732902473
10 60 2 2.1 90 100 25.69723447274457 0.0001008671603734967
10 60 2.1 2.2 0 0.5 -96802.08776173563 2.223725292089512
10 60 2.1 2.2 0.5 1 2454.375603311469 0.04608599775519906
10 60 2.1 2.2 1 1.5 8653.600007871895 0.4094356895293458
10 60 2.1 2.2 1.5 2 7938.761873144224 0.2971231380461177
10 60 2.1 2.2 2 2.5 6717.155964529436 0.226950442252928
10 60 2.1 2.2 2.5 3 5645.668698138101 0.1716764091088407
10 60 2.1 2.2 3 3.5 4778.247504137919 0.134407038351128
10 60 2.1 2.2 3.5 4 4082.52252780846 0.1109238460003326
10 60 2.1 2.2 4 4.5 3520.326647053222 0.09006698089706333
10 60 2.1 2.2 4.5 5 3060.700959182343 0.07267069037334295
10 60 2.1 2.2 5 5.5 2680.346639171729 0.06047405395065653
10 60 2.1 2.2 5.5 6 2362.011246057656 0.05055279614316532
10 60 2.1 2.2 6 6.5 2092.861089510067 0.04161440342386413
10 60 2.1 2.2 6.5 7 1863.250985913176 0.0340054687162592
10 60 2.1 2.2 7 7.5 1665.830885388093 0.02802891068722602
10 60 2.1 2.2 7.5 8 1494.91902510657 0.02354745509137501
10 60 2.1 2.2 8 8.5 1346.065866571809 0.01982369767847558
10 60 2.1 2.2 8.5 9 1215.736514133449 0.01667402417547237
10 60 2.1 2.2 9 9.5 1101.089885516921 0.0141903745864056
10 60 2.1 2.2 9.5 10 999.8194540911073 0.01208165024388563
10 60 2.1 2.2 10 10.5 910.0275181441084 0.01037592186298752
10 60 2.1 2.2 10.5 11 830.1425774781148 0.008849616102338587
10 60 2.1 2.2 11 11.5 758.8511574554858 0.007672166296970317
10 60 2.1 2.2 11.5 12 695.04801795925 0.02978173616361346
10 60 2.1 2.2 12 12.5 637.7959168993199 0.02271591286762487
10 60 2.1 2.2 12.5 13 586.2961185776259 0.01705702293736522
10 60 2.1 2.2 13 13.5 539.8642260574951 0.01256189259163421
10 60 2.1 2.2 13.5 14 497.9110543259875 0.008976546770668392
10 60 2.1 2.2 14 14.5 459.9275483529332 0.006114498920680944
10 60 2.1 2.2 14.5 15 425.4714381676857 0.003922169449481316
10 60 2.1 2.2 15 16 759.804186217135 0.01149268191568353
10 60 2.1 2.2 16 17 655.5470850777139 0.005547644678927099
10 60 2.1 2.2 17 18 568.4356036395181 0.01560615037249136
10 60 2.1 2.2 18 19 495.2104957464575 0.02086728651579506
10 60 2.1 2.2 19 20 433.3112327679836 0.002949094241557759
10 60 2.1 2.2 20 21 380.7110731721041 0.002601061899952128
10 60 2.1 2.2 21 22 335.7916123648966 0.002306022685957032
10 60 2.1 2.2 22 23 297.2524763837835 0.001812910419289437
10 60 2.1 2.2 23 24 264.0425740301168 0.001762897037338007
10 60 2.1 2.2 24 25 235.3059923453595 0.001484922136597788
10 60 2.1 2.2 25 26 210.3426549540282 0.001363101583109483
10 60 2.1 2.2 26 27 188.5760844105389 0.001350404535344296
10 60 2.1 2.2 27 28 169.5294205373653 0.001166357888422453
10 60 2.1 2.2 28 29 152.8068488397429 0.0009726318590708161
10 60 2.1 2.2 29 30 138.0780646828708 0.0009310894292013927
10 60 2.1 2.2 30 31 125.0658955231089 0.0008718729721692853
10 60 2.1 2.2 31 32 113.5368529994091 0.0007822006820958904
10 60 2.1 2.2 32 33 103.2936208802508 0.000763469263205252
10 60 2.1 2.2 33 34 94.16861782385921 0.000765436077969639
10 60 2.1 2.2 34 35 86.01915151573317 0.0007228139373580689
10 60 2.1 2.2 35 36 78.72325411991098 0.0006717537046228017
10 60 2.1 2.2 36 37 72.17641468405981 0.0006829784903032987
10 60 2.1 2.2 37 38 66.28863470332156 0.000662786364813428
10 60 2.1 2.2 38 39 60.9823363651962 0.0006096521650391651
10 60 2.1 2.2 39 40 56.19035458196674 0.0005695405476657811
10 60 2.1 2.2 40 42 99.77794054332152 0.001126353146474912
10 60 2.1 2.2 42 44 85.45913727715646 0.001108099501990978
10 60 2.1 2.2 44 46 73.58919753190571 0.001059195444881311
10 60 2.1 2.2 46 48 63.68507549970553 0.001005880354490785
10 60 2.1 2.2 48 50 55.37087152843465 0.0009942956111572698
10 60 2.1 2.2 50 52 48.3516360150304 0.0009594791592917318
10 60 2.1 2.2 52 54 42.39430109584347 0.0009265121323522862
10 60 2.1 2.2 54 56 37.31310778962916 0.0008934279388341793
10 60 2.1 2.2 56 58 32.95898240785633 0.0008699839069805648
10 60 2.1 2.2 58 60 29.2115240695723 0.0008376525023514603
10 60 2.1 2.2 60 65 59.77958133783257 0.001935437949015295
10 60 2.1 2.2 65 70 45.35453658624458 0.001842670795227264
10 60 2.1 2.2 70 80 62.29491602076764 0.0002422443729628299
10 60 2.1 2.2 80 90 38.95816480217145 0.0001523719967693182
10 60 2.1 2.2 90 100 25.43437375770893 0.0001004152570196482
10 60 2.2 2.3 0 0.5 -94879.15350111389 2.001240493409568
10 60 2.2 2.3 0.5 1 2632.051942668961 0.003556556237072073
10 60 2.2 2.3 1 1.5 8626.056511813076 0.3990017603664455
10 60 2.2 2.3 1.5 2 7880.193212134787 0.3080373403936392
10 60 2.2 2.3 2 2.5 6656.433964514397 0.2336469346028025
10 60 2.2 2.3 2.5 3 5589.389112558139 0.1852703125505286
10 60 2.2 2.3 3 3.5 4727.738022493522 0.1475545858465921
10 60 2.2 2.3 3.5 4 4037.63966731443 0.1157650372051648
10 60 2.2 2.3 4 4.5 3480.531871971326 0.09154518793502575
10 60 2.2 2.3 4.5 5 3025.379379132301 0.07432084435140496
10 60 2.2 2.3 5 5.5 2648.932799316375 0.05988905302501735
10 60 2.2 2.3 5.5 6 2334.000113576404 0.04812452607893647
10 60 2.2 2.3 6 6.5 2067.816072168265 0.03978631435074931
10 60 2.2 2.3 6.5 7 1840.799531486116 0.03343648502436736
10 60 2.2 2.3 7 7.5 1645.651229600583 0.02818642789975456
10 60 2.2 2.3 7.5 8 1476.741033405644 0.02354531247033265
10 60 2.2 2.3 8 8.5 1329.652834166547 0.01961116347433745
10 60 2.2 2.3 8.5 9 1200.886937283325 0.01650001033772241
10 60 2.2 2.3 9 9.5 1087.629308307749 0.01399276756160361
10 60 2.2 2.3 9.5 10 987.5933484816578 0.01185500343956392
10 60 2.2 2.3 10 10.5 898.9029350414805 0.01018264550668846
10 60 2.2 2.3 10.5 11 820.0038099865375 0.008759405756222804
10 60 2.2 2.3 11 11.5 749.5964062949215 0.007594479216891159
10 60 2.2 2.3 11.5 12 686.5872149063918 0.02935289485662906
10 60 2.2 2.3 12 12.5 630.0489877097921 0.02233111528175868
10 60 2.2 2.3 12.5 13 579.1927462704981 0.01674640004432604
10 60 2.2 2.3 13 13.5 533.3423379658959 0.01239356922030765
10 60 2.2 2.3 13.5 14 491.9145003833763 0.008863930047880331
10 60 2.2 2.3 14 14.5 454.4059452581749 0.006040862703400762
10 60 2.2 2.3 14.5 15 420.380460936628 0.003875724366082522
10 60 2.2 2.3 15 16 750.7603518828917 0.01138544244270179
10 60 2.2 2.3 16 17 647.8026796632187 0.00552408914472835
10 60 2.2 2.3 17 18 561.7750059514808 0.01529281572391028
10 60 2.2 2.3 18 19 489.4573021626353 0.0205320405490852
10 60 2.2 2.3 19 20 428.3216400250162 0.002655890430901309
10 60 2.2 2.3 20 21 376.3662959998971 0.00217875979069504
10 60 2.2 2.3 21 22 331.9945617955827 0.002110728159664177
10 60 2.2 2.3 22 23 293.9222193928008 0.001755335455015938
10 60 2.2 2.3 23 24 261.1114399491926 0.001628490400889859
10 60 2.2 2.3 24 25 232.7175157845404 0.001473934462381976
10 60 2.2 2.3 25 26 208.049264815794 0.00117328472117606
10 60 2.2 2.3 26 27 186.5383982833707 0.001101690213090478
10 60 2.2 2.3 27 28 167.7144564803188 0.00110342892540416
10 60 2.2 2.3 28 29 151.1861044494962 0.0009919552638564255
10 60 2.2 2.3 29 30 136.6269272773426 0.0009820259052446545
10 60 2.2 2.3 30 31 123.7631523038176 0.000946438136580241
10 60 2.2 2.3 31 32 112.3644145996409 0.000864679569559712
10 60 2.2 2.3 32 33 102.235967748404 0.0008358451810437373
10 60 2.2 2.3 33 34 93.21239647598969 0.0008697743668477642
10 60 2.2 2.3 34 35 85.1527579698362 0.0008361921467354705
10 60 2.2 2.3 35 36 77.93662723559106 0.0007808971300136136
10 60 2.2 2.3 36 37 71.46077721009389 0.0007792088487832416
10 60 2.2 2.3 37 38 65.63630535645687 0.0007775012079633825
10 60 2.2 2.3 38 39 60.38649665924392 0.0007629673194173847
10 60 2.2 2.3 39 40 55.64499561008326 0.0007496107523152773
10 60 2.2 2.3 40 42 98.81813580248878 0.001436561016191717
10 60 2.2 2.3 42 44 84.64597884282283 0.001351868437339476
10 60 2.2 2.3 44 46 72.89567977237947 0.001349682331877489
10 60 2.2 2.3 46 48 63.08957717705658 0.001302783947060959
10 60 2.2 2.3 48 50 54.85633813245337 0.001261026856525405
10 60 2.2 2.3 50 52 47.90448314383206 0.001242964480987041
10 60 2.2 2.3 52 54 42.00334036350508 0.001199982204738603
10 60 2.2 2.3 54 56 36.96928649258787 0.001137025849061502
10 60 2.2 2.3 56 58 32.65499682142239 0.001094478166997703
10 60 2.2 2.3 58 60 28.94136713537059 0.001065184340365732
10 60 2.2 2.3 60 65 59.2214831092581 0.002477598095104838
10 60 2.2 2.3 65 70 44.92170537314075 0.0001754283354671315
10 60 2.2 2.3 70 80 61.67086890651807 0.0002410824669141221
10 60 2.2 2.3 80 90 38.52738545189419 0.0001515411384147569
10 60 2.2 2.3 90 100 25.11753315419157 9.977101358771279e-05
10 60 2.3 2.4 0 0.5 -92908.65860747709 1.713903266238049
10 60 2.3 2.4 0.5 1 2814.507611036784 0.03996530308540969
10 60 2.3 2.4 1 1.5 8598.18471005591 0.3685580195015064
10 60 2.3 2.4 1.5 2 7820.419924605108 0.2838899872485854
10 60 2.3 2.4 2 2.5 6594.388518777597 0.2199832803007666
10 60 2.3 2.4 2.5 3 5531.875031210203 0.172138055780124
10 60 2.3 2.4 3 3.5 4676.124478981725 0.1369080861222756
10 60 2.3 2.4 3.5 4 3991.79121459109 0.1111368834076529
10 60 2.3 2.4 4 4.5 3439.88689854181 0.09112709755936521
10 60 2.3 2.4 4.5 5 2989.317228969304 0.07355825378817826
10 60 2.3 2.4 5 5.5 2616.866993742871 0.05975044462320511
10 60 2.3 2.4 5.5 6 2305.413873259165 0.04938314488617834
10 60 2.3 2.4 6 6.5 2042.268669607488 0.04068444611220912
10 60 2.3 2.4 6.5 7 1817.905816990711 0.03334058262998951
10 60 2.3 2.4 7 7.5 1625.086465100898 0.02754112579759749
10 60 2.3 2.4 7.5 8 1458.22107076415 0.0227884507833096
10 60 2.3 2.4 8 8.5 1312.939193535212 0.01909479950586501
10 60 2.3 2.4 8.5 9 1185.771752015475 0.01617278323556093
10 60 2.3 2.4 9 9.5 1073.932884825565 0.01377817909587975
10 60 2.3 2.4 9.5 10 975.1601374493567 0.01171730876490074
10 60 2.3 2.4 10 10.5 887.5961298869374 0.01015323654075928
10 60 2.3 2.4 10.5 11 809.7028923118819 0.008719942542484205
10 60 2.3 2.4 11 11.5 740.1952452605431 0.007617963337906986
10 60 2.3 2.4 11.5 12 677.9938889069074 0.02880900180252866
10 60 2.3 2.4 12 12.5 622.1829047851295 0.02201738941664644
10 60 2.3 2.4 12.5 13 571.9811891571931 0.01649651378795625
10 60 2.3 2.4 13 13.5 526.7213428506431 0.01217518567636944
10 60 2.3 2.4 13.5 14 485.8277456432592 0.008719072822714224
10 60 2.3 2.4 14 14.5 448.8029231801407 0.005951737421639791
10 60 2.3 2.4 14.5 15 415.2159344174018 0.003781782103487785
10 60 2.3 2.4 15 16 741.5900807943768 0.01137685240337305
10 60 2.3 2.4 16 17 639.9534277379233 0.005494346417094675
10 60 2.3 2.4 17 18 555.0263095849825 0.01499934001083147
10 60 2.3 2.4 18 19 483.6298118220002 0.02020327474235728
10 60 2.3 2.4 19 20 423.2689708506285 0.002557594453207912
10 60 2.3 2.4 20 21 371.9672007918788 0.002153052177504833
10 60 2.3 2.4 21 22 328.1491106126244 0.00186827777866938
10 60 2.3 2.4 22 23 290.5486629101313 0.001621847422541123
10 60 2.3 2.4 23 24 258.1417378279382 0.001427458048965491
10 60 2.3 2.4 24 25 230.0948545002952 0.001400464665493928
10 60 2.3 2.4 25 26 205.7258116825754 0.001242292663818034
10 60 2.3 2.4 26 27 184.4734810979784 0.00119804324310735
10 60 2.3 2.4 27 28 165.8736080308199 0.001165824358338341
10 60 2.3 2.4 28 29 149.5405190250831 0.001078487841311926
10 60 2.3 2.4 29 30 135.1521187024728 0.001103793781254581
10 60 2.3 2.4 30 31 122.4379945702433 0.001145471324903724
10 60 2.3 2.4 31 32 111.1705287930892 0.001073135770184308
10 60 2.3 2.4 32 33 101.1574899185755 0.001000729519688548
10 60 2.3 2.4 33 34 92.23583473760173 0.001008305218618943
10 60 2.3 2.4 34 35 84.26647605940835 0.0009938747612210364
10 60 2.3 2.4 35 36 77.1305446920947 0.0009991818964607546
10 60 2.3 2.4 36 37 70.72602479764885 0.001001845654627687
10 60 2.3 2.4 37 38 64.96515881318687 0.0009717144612864104
10 60 2.3 2.4 38 39 59.77222906903236 0.0009505431205454329
10 60 2.3 2.4 39 40 55.08167072601257 0.0009385917747692929
10 60 2.3 2.4 40 42 97.8238218210479 0.001870312871304236
10 60 2.3 2.4 42 44 83.79954131761241 0.001785856659950014
10 60 2.3 2.4 44 46 72.16968987983115 0.001720560539553162
10 60 2.3 2.4 46 48 62.46264192729767 0.00169135893771255
10 60 2.3 2.4 48 50 54.31122197267732 0.001621165622296417
10 60 2.3 2.4 50 52 47.42747709768688 0.001536900996633506
10 60 2.3 2.4 52 54 41.58363328952957 0.001511469004981336
10 60 2.3 2.4 54 56 36.59789551759859 0.001459329331851222
10 60 2.3 2.4 56 58 32.32446449442433 0.001391673018446227
10 60 2.3 2.4 58 60 28.64563544606472 0.001351185253305687
10 60 2.3 2.4 60 65 58.6034416432833 0.0002305214581923565
10 60 2.3 2.4 65 70 44.43356782013799 0.0001744230477385145
10 60 2.3 2.4 70 80 60.94989660919754 0.0002396006234732795
10 60 2.3 2.4 80 90 38.01739348542367 0.0001504437010169113
10 60 2.3 2.4 90 100 24.73489759904074 9.889157729148224e-05
10 60 2.4 2.5 0 0.5 -90896.80062430583 1.587184472024092
10 60 2.4 2.5 0.5 1 3000.74307277457 0.1437465240610436
10 60 2.4 2.5 1 1.5 8569.956774649227 0.3973490519801999
10 60 2.4 2.5 1.5 2 7759.565231601374 0.2946344173433317
10 60 2.4 2.5 2 2.5 6531.180398206855 0.2223046147209971
10 60 2.4 2.5 2.5 3 5473.266950047599 0.1714344545753193
10 60 2.4 2.5 3 3.5 4623.537234699462 0.1351929486872905
10 60 2.4 2.5 3.5 4 3945.079292324558 0.1083191764209914
10 60 2.4 2.5 4 4.5 3398.494745412989 0.08785962031424788
10 60 2.4 2.5 4.5 5 2952.603753791117 0.07175695610840194
10 60 2.4 2.5 5 5.5 2584.231026446716 0.0591309919818741
10 60 2.4 2.5 5.5 6 2276.330773301715 0.04828656472773218
10 60 2.4 2.5 6 6.5 2016.281172034601 0.039480312056412
10 60 2.4 2.5 6.5 7 1794.628300259777 0.03257692056467931
10 60 2.4 2.5 7 7.5 1604.185183247949 0.02702806924298784
10 60 2.4 2.5 7.5 8 1439.411527344677 0.02259637148449656
10 60 2.4 2.5 8 8.5 1295.972739283872 0.01892667516631263
10 60 2.4 2.5 8.5 9 1170.434886006964 0.01606141308343467
10 60 2.4 2.5 9 9.5 1060.041135581502 0.01363805162486642
10 60 2.4 2.5 9.5 10 962.5535479381066 0.01172456901235819
10 60 2.4 2.5 10 10.5 876.1343280400952 0.01005130198745974
10 60 2.4 2.5 10.5 11 799.2644379444738 0.008617339534453095
10 60 2.4 2.5 11 11.5 730.6730484934085 0.007537933556022836
10 60 2.4 2.5 11.5 12 669.292172249277 0.02833135580374346
10 60 2.4 2.5 12 12.5 614.2185011984531 0.02165742867384779
10 60 2.4 2.5 12.5 13 564.6808639058448 0.01624226453554911
10 60 2.4 2.5 13 13.5 520.0200978934245 0.01193755887709358
10 60 2.4 2.5 13.5 14 479.6685350284718 0.008591283520559045
10 60 2.4 2.5 14 14.5 443.1343561666471 0.005885104472099556
10 60 2.4 2.5 14.5 15 409.9918459896866 0.00371508271143739
10 60 2.4 2.5 15 16 732.3169432393403 0.01122451754986287
10 60 2.4 2.5 16 17 632.0204433446703 0.005205260738648576
10 60 2.4 2.5 17 18 548.205786951147 0.01466878800442828
10 60 2.4 2.5 18 19 477.7387037344966 0.01982165844538031
10 60 2.4 2.5 19 20 418.1588092069603 0.002523916326424569
10 60 2.4 2.5 20 21 367.517322059222 0.002149185639723328
10 60 2.4 2.5 21 22 324.2593131521664 0.001827203984021253
10 60 2.4 2.5 22 23 287.1355999416716 0.00171631250509563
10 60 2.4 2.5 23 24 255.1361031514546 0.0014792060228217
10 60 2.4 2.5 24 25 227.4391430245503 0.001569786606722801
10 60 2.4 2.5 25 26 203.3714134291529 0.001513484824982925
10 60 2.4 2.5 26 27 182.3792631361284 0.001422203732062144
10 60 2.4 2.5 27 28 164.0049756594445 0.001450969307740024
10 60 2.4 2.5 28 29 147.8678971087064 0.001379630338476545
10 60 2.4 2.5 29 30 133.6503891598903 0.001295862009101256
10 60 2.4 2.5 30 31 121.0861924330325 0.001321251987349115
10 60 2.4 2.5 31 32 109.9506985764993 0.001328144559721522
10 60 2.4 2.5 32 33 100.0539692255258 0.001366918845917553
10 60 2.4 2.5 33 34 91.23478489254472 0.001339173529089521
10 60 2.4 2.5 34 35 83.35598528870162 0.0012599888763134
10 60 2.4 2.5 35 36 76.3004318798793 0.001239518820213448
10 60 2.4 2.5 36 37 69.96748575601688 0.001242961096096451
10 60 2.4 2.5 37 38 64.27052453909953 0.001253288136254582
10 60 2.4 2.5 38 39 59.13472834542335 0.001245186320410596
10 60 2.4 2.5 39 40 54.49536236973689 0.001216455863250587
10 60 2.4 2.5 40 42 96.78460560168985 0.002399119804991301
10 60 2.4 2.5 42 44 82.90994924656292 0.002345078407415713
10 60 2.4 2.5 44 46 71.40194328318483 0.002206155139248267
10 60 2.4 2.5 46 48 61.79515596994873 0.00211585796174063
10 60 2.4 2.5 48 50 53.72709916328774 0.002057930687001885
10 60 2.4 2.5 50 52 46.91299132089102 0.001978761823892228
10 60 2.4 2.5 52 54 41.12758224403175 0.00189651161014126
10 60 2.4 2.5 54 56 36.1913869843798 0.0001443292370311156
10 60 2.4 2.5 56 58 31.96014796149562 0.0001270655315330771
10 60 2.4 2.5 58 60 28.31731896045989 0.0001122853214177155
10 60 2.4 2.5 60 65 57.90914306397404 0.0002289979765848216
10 60 2.4 2.5 65 70 43.8766160379963 0.0001732305903843212
10 60 2.4 2.5 70 80 60.10969159310071 0.0002377242437816562
10 60 2.4 2.5 80 90 37.4113133692704 0.0001489953285016554
10 60 2.4 2.5 90 100 24.27402419884524 9.772154223242069e-05
10 60 2.5 2.75 0 0.5 -218211.4261332324 2.817722804495133
10 60 2.5 2.75 0.5 1 8334.56894440517 0.02062004249637539
10 60 2.5 2.75 1 1.5 21297.77299561183 0.9524070872466837
10 60 2.5 2.75 1.5 2 19126.20386017061 0.7334690832103661
10 60 2.5 2.75 2 2.5 16044.86946299496 0.5295904526919912
10 60 2.5 2.75 2.5 3 13420.77793393656 0.453905710744948
10 60 2.5 2.75 3 3.5 11323.4649095671 0.3841114156621188
10 60 2.5 2.75 3.5 4 9653.740320565161 0.3320835466329299
10 60 2.5 2.75 4 4.5 8311.163860844865 0.2948894821456634
10 60 2.5 2.75 4.5 5 7217.45508544112 0.2509187444402414
10 60 2.5 2.75 5 5.5 6314.858800704083 0.220019067611247
10 60 2.5 2.75 5.5 6 5561.058200867918 0.1896563777454503
10 60 2.5 2.75 6 6.5 4924.830261439927 0.1651773999092256
10 60 2.5 2.75 6.5 7 4382.829106532325 0.1421050048502366
10 60 2.5 2.75 7 7.5 3917.352699659848 0.1214759760487141
10 60 2.5 2.75 7.5 8 3514.76165622149 0.1051997322520037
10 60 2.5 2.75 8 8.5 3164.409210120118 0.09262767220116075
10 60 2.5 2.75 8.5 9 2857.851117333233 0.08152024093124055
10 60 2.5 2.75 9 9.5 2588.330562955374 0.07171999440470245
10 60 2.5 2.75 9.5 10 2350.347701165054 0.06226190749157468
10 60 2.5 2.75 10 10.5 2139.416448079112 0.05409222407979541
10 60 2.5 2.75 10.5 11 1951.803604317312 0.04672576724192368
10 60 2.5 2.75 11 11.5 1784.409452058727 0.04175939627066327
10 60 2.5 2.75 11.5 12 1634.62251077111 0.06911725820327774
10 60 2.5 2.75 12 12.5 1500.22587835027 0.05242089935723016
10 60 2.5 2.75 12.5 13 1379.341806177459 0.03955582435105498
10 60 2.5 2.75 13 13.5 1270.35671690088 0.03103484523126099
10 60 2.5 2.75 13.5 14 1171.88136570255 0.02842917552766266
10 60 2.5 2.75 14 14.5 1082.720409998863 0.02595561091129639
10 60 2.5 2.75 14.5 15 1001.834302102229 0.02380651549231061
10 60 2.5 2.75 15 16 1789.695314675271 0.04348684193291774
10 60 2.5 2.75 16 17 1544.877189677293 0.03988981344264175
10 60 2.5 2.75 17 18 1340.2630692084 0.03802890997667419
10 60 2.5 2.75 18 19 1168.208716514381 0.04739986495519588
10 60 2.5 2.75 19 20 1022.708611404307 0.03560273872824382
10 60 2.5 2.75 20 21 899.0151062288854 0.0351566237645784
10 60 2.5 2.75 21 22 793.3359063006128 0.03499447279614287
10 60 2.5 2.75 22 23 702.6257467598315 0.003863283075247637
10 60 2.5 2.75 23 24 624.420310591791 0.003347208722971118
10 60 2.5 2.75 24 25 556.714708815273 0.002917668756936109
10 60 2.5 2.75 25 26 497.8686291142307 0.002543756659974861
10 60 2.5 2.75 26 27 446.5316447756115 0.002233258344119804
10 60 2.5 2.75 27 28 401.5875911931991 0.001972357942804592
10 60 2.5 2.75 28 29 362.1077866768742 0.001748482341156432
10 60 2.5 2.75 29 30 327.3170056327046 0.001553349893129052
10 60 2.5 2.75 30 31 296.5651399651002 0.001387952655193203
10 60 2.5 2.75 31 32 269.3045305965867 0.00124355257668185
10 60 2.5 2.75 32 33 245.0722512246335 0.001116877983719178
10 60 2.5 2.75 33 34 223.4750534235277 0.001007299801727868
10 60 2.5 2.75 34 35 204.1778303891183 0.0009095105680501092
10 60 2.5 2.75 35 36 186.8941055823969 0.0008257735345864603
10 60 2.5 2.75 36 37 171.3779662474601 0.0007491549656606367
10 60 2.5 2.75 37 38 157.4177294113532 0.0006831152935546925
10 60 2.5 2.75 38 39 144.8308900269544 0.0006232932674947733
10 60 2.5 2.75 39 40 133.4593109365329 0.0005702082209779746
10 60 2.5 2.75 40 42 236.995699941346 0.00100323710589123
10 60 2.5 2.75 42 44 202.9773852606633 0.0008493490297212247
10 60 2.5 2.75 44 46 174.7572581228318 0.0007243201099527141
10 60 2.5 2.75 46 48 151.1951386340459 0.0006216640061609269
10 60 2.5 2.75 48 50 131.4036932139514 0.0005366733526557255
10 60 2.5 2.75 50 52 114.6865848686246 0.0004657882463590113
10 60 2.5 2.75 52 54 100.4924498878164 0.0004062278942882358
10 60 2.5 2.75 54 56 88.3815023471026 0.0003559729123026045
10 60 2.5 2.75 56 58 78.00063593906333 0.0003131801702949133
10 60 2.5 2.75 58 60 69.06420708986796 0.0002766692223730161
10 60 2.5 2.75 60 65 141.0592510788929 0.0005637146425101491
10 60 2.5 2.75 65 70 106.6529558108379 0.0004255991767365686
10 60 2.5 2.75 70 80 145.5846071316993 0.0005823074241391168
10 60 2.5 2.75 80 90 90.07352265843345 0.000363178785946161
10 60 2.5 2.75 90 100 58.03527809259085 0.0002367520411965529
10 60 2.75 3 0 0.5 -205013.4484463926 7.16317156329751
10 60 2.75 3 0.5 1 9542.500230024985 0.07650597409701732
10 60 2.75 3 1 1.5 21108.42335980768 0.776873514871113
10 60 2.75 3 1.5 2 18726.12766439585 0.618950691230566
10 60 2.75 3 2 2.5 15630.69920643441 0.5127391068108409
10 60 2.75 3 2.5 3 13037.46284019034 0.3956863852326933
10 60 2.75 3 3 3.5 10979.98735581469 0.325182461503573
10 60 2.75 3 3.5 4 9349.046782653153 0.2658323552841466
10 60 2.75 3 4 4.5 8041.476168308199 0.2141708067392756
10 60 2.75 3 4.5 5 6978.5503481783 0.1738854468640056
10 60 2.75 3 5 5.5 6102.779373258043 0.1437318707048689
10 60 2.75 3 5.5 6 5372.312453703112 0.1174409852383178
10 60 2.75 3 6 6.5 4756.407555494375 0.09492825180041109
10 60 2.75 3 6.5 7 4232.142489240548 0.0775961486988308
10 60 2.75 3 7 7.5 3782.196610861584 0.06443079442533417
10 60 2.75 3 7.5 8 3393.238858939704 0.0531142787299359
10 60 2.75 3 8 8.5 3054.893640754376 0.04867895043298631
10 60 2.75 3 8.5 9 2758.942872311892 0.04465491061000648
10 60 2.75 3 9 9.5 2498.815586223307 0.04007807496509486
10 60 2.75 3 9.5 10 2269.178258999274 0.03643350831362113
10 60 2.75 3 10 10.5 2065.673931402195 0.03417580823952449
10 60 2.75 3 10.5 11 1884.689986160507 0.03352591725501952
10 60 2.75 3 11 11.5 1723.219895089597 0.08565459933629427
10 60 2.75 3 11.5 12 1578.735681935087 0.06635143977428015
10 60 2.75 3 12 12.5 1449.098795931065 0.05061468227677324
10 60 2.75 3 12.5 13 1332.491792107102 0.03818779057064603
10 60 2.75 3 13 13.5 1227.356723596632 0.02971895833866256
10 60 2.75 3 13.5 14 1132.356585925248 0.02979824842736889
10 60 2.75 3 14 14.5 1046.336273840286 0.03062922181061367
10 60 2.75 3 14.5 15 968.2909007690619 0.03167036119566546
10 60 2.75 3 15 16 1730.093496695759 0.06564284355977179
10 60 2.75 3 16 17 1493.789409004525 0.06625099198640783
10 60 2.75 3 17 18 1296.23707971508 0.03217329192716534
10 60 2.75 3 18 19 1130.072650408428 0.04450738184368674
10 60 2.75 3 19 20 989.514846323445 0.006045469626542399
10 60 2.75 3 20 21 869.9845502114005 0.005169847189335997
10 60 2.75 3 21 22 767.8299085913791 0.004415401160144938
10 60 2.75 3 22 23 680.1159980830581 0.003781844540981183
10 60 2.75 3 23 24 604.4702483956942 0.003275521602404297
10 60 2.75 3 24 25 538.9612973813533 0.002853766570638072
10 60 2.75 3 25 26 482.0083891518025 0.002491282643973136
10 60 2.75 3 26 27 432.3093122046802 0.002187450852773054
10 60 2.75 3 27 28 388.7871875460739 0.001934116063637248
10 60 2.75 3 28 29 350.5464655687579 0.001710778766721432
10 60 2.75 3 29 30 316.8391921442974 0.001523971970129878
10 60 2.75 3 30 31 287.0383337133982 0.00135943619761747
10 60 2.75 3 31 32 260.6152381084977 0.001218733300333952
10 60 2.75 3 32 33 237.1225387701076 0.001094163018734662
10 60 2.75 3 33 34 216.1804826106243 0.0009867811780850388
10 60 2.75 3 34 35 197.465359309754 0.0008912006180423759
10 60 2.75 3 35 36 180.700402049299 0.0008088308482001594
10 60 2.75 3 36 37 165.6480252094551 0.0007337426065987529
10 60 2.75 3 37 38 152.1037516338629 0.0006685719874894858
10 60 2.75 3 38 39 139.890977104751 0.0006105438547479025
10 60 2.75 3 39 40 128.856618953399 0.0005580985187805254
10 60 2.75 3 40 42 228.6757852613549 0.0009818723101204796
10 60 2.75 3 42 44 195.6627477269427 0.0008307706947334736
10 60 2.75 3 44 46 168.2775494733858 0.000707687222018194
10 60 2.75 3 46 48 145.4156524222341 0.0006068762796758165
10 60 2.75 3 48 50 126.2168836359724 0.0005232824252772161
10 60 2.75 3 50 52 110.0050221598495 0.0004536576665827852
10 60 2.75 3 52 54 96.24457936544574 0.0003952318683246858
10 60 2.75 3 54 56 84.50865259154372 0.0003459082918766399
10 60 2.75 3 56 58 74.45420279910913 0.0003038676654369965
10 60 2.75 3 58 60 65.80398915407885 0.0002680303799849071
10 60 2.75 3 60 65 133.9527748371771 0.0005445116878490808
10 60 2.75 3 65 70 100.7379595003787 0.0004093518750778458
10 60 2.75 3 70 80 136.3137061368313 0.0005557870991879099
10 60 2.75 3 80 90 83.17393518891829 0.0003423557557056256
10 60 2.75 3 90 100 52.7539325724052 0.0002199998950374038
10 60 3 3.25 0 0.5 -191642.9756862126 2.60384131828323
10 60 3 3.25 0.5 1 10754.65760798821 0.4645648427049309
10 60 3 3.25 1 1.5 20908.70956193695 0.9880121617170516
10 60 3 3.25 1.5 2 18315.48100384797 0.7117990141960036
10 60 3 3.25 2 2.5 15207.60139459231 0.5209442864052107
10 60 3 3.25 2.5 3 12646.85809813227 0.4016526045543287
10 60 3 3.25 3 3.5 10630.5799365121 0.3030193226150004
10 60 3 3.25 3.5 4 9039.512012171952 0.2429845891656441
10 60 3 3.25 4 4.5 7767.805428758571 0.1953908771074566
10 60 3 3.25 4.5 5 6736.337814631085 0.1578550673184509
10 60 3 3.25 5 5.5 5887.914328067546 0.1308348588736408
10 60 3 3.25 5.5 6 5181.198796378129 0.1082684557140965
10 60 3 3.25 6 6.5 4585.938091069905 0.09048555502249656
10 60 3 3.25 6.5 7 4079.678838808556 0.0756235048011149
10 60 3 3.25 7 7.5 3645.474150888406 0.06234633412123003
10 60 3 3.25 7.5 8 3270.329411045182 0.05199922754763975
10 60 3 3.25 8 8.5 2944.135481449625 0.04643401953080684
10 60 3 3.25 8.5 9 2658.906940994021 0.04864702993018
10 60 3 3.25 9 9.5 2408.262319317537 0.05141531446588488
10 60 3 3.25 9.5 10 2187.037589604804 0.05364833126986923
10 60 3 3.25 10 10.5 1991.00529091082 0.05547207065274051
10 60 3 3.25 10.5 11 1816.680315685057 0.05795117323941668
10 60 3 3.25 11 11.5 1661.156482885518 0.08246628582969606
10 60 3 3.25 11.5 12 1521.99068467651 0.06361000470838007
10 60 3 3.25 12 12.5 1397.125254465763 0.06217809698864585
10 60 3 3.25 12.5 13 1284.805580724921 0.03692592823881569
10 60 3 3.25 13 13.5 1183.528507964138 0.02743920146190248
10 60 3 3.25 13.5 14 1092.005381925842 0.01994309661904481
10 60 3 3.25 14 14.5 1009.121716702086 0.01386859635761084
10 60 3 3.25 14.5 15 933.9128826140421 0.009128756062295906
10 60 3 3.25 15 16 1668.804788159475 0.03037397500293082
10 60 3 3.25 16 17 1440.990374970635 0.0101659721606211
10 60 3 3.25 17 18 1250.479247090973 0.02878753892628083
10 60 3 3.25 18 19 1090.185884164925 0.04076846216980812
10 60 3 3.25 19 20 954.5491570539907 0.04653549923887113
10 60 3 3.25 20 21 839.1678205879638 0.005037238046497805
10 60 3 3.25 21 22 740.5319393226082 0.004303395174247271
10 60 3 3.25 22 23 655.8184922374924 0.003693540522021976
10 60 3 3.25 23 24 582.7430069091795 0.003194908210275571
10 60 3 3.25 24 25 519.4456517805487 0.002784698290383858
10 60 3 3.25 25 26 464.4032769300454 0.002436402757211908
10 60 3 3.25 26 27 416.3624412649523 0.002133392854034355
10 60 3 3.25 27 28 374.2862709060498 0.001885884617422562
10 60 3 3.25 28 29 337.3120657464613 0.001670322264430979
10 60 3 3.25 29 30 304.7188836254349 0.001484585045886888
10 60 3 3.25 30 31 275.901485014158 0.001326589916345711
10 60 3 3.25 31 32 250.3495499528853 0.001186358431198187
10 60 3 3.25 32 33 227.6312836382471 0.001067220040084749
10 60 3 3.25 33 34 207.3803066958785 0.000960251987777383
10 60 3 3.25 34 35 189.284132501349 0.0008683098513984078
10 60 3 3.25 35 36 173.0752681804174 0.0007855551849331732
10 60 3 3.25 36 37 158.5241044934095 0.0007145046918992648
10 60 3 3.25 37 38 145.4329468387133 0.0006494029650241373
10 60 3 3.25 38 39 133.6309114620997 0.0005923792122644045
10 60 3 3.25 39 40 122.9699174444408 0.0005418331934237131
10 60 3 3.25 40 42 217.8948026828354 0.0009516881128774912
10 60 3 3.25 42 44 186.0275354212641 0.000803727704379753
10 60 3 3.25 44 46 159.613231321123 0.0006836328176689221
10 60 3 3.25 46 48 137.5815496853519 0.0005849114409954836
10 60 3 3.25 48 50 119.0982684867733 0.0005032466305863181
10 60 3 3.25 50 52 103.5083197121549 0.0004351272417579821
10 60 3 3.25 52 54 90.29286539963799 0.0003782264951723846
10 60 3 3.25 54 56 79.03757909155595 0.0003300147880054283
10 60 3 3.25 56 58 69.40956081805554 0.0002891633147754646
10 60 3 3.25 58 60 61.1395118552389 0.0002543278209827804
10 60 3 3.25 60 65 123.7083200047535 0.000513900115748811
10 60 3 3.25 65 70 92.15360601378028 0.0003829489163251765
10 60 3 3.25 70 80 122.8459313797371 0.0005129373252259484
10 60 3 3.25 80 90 73.24561224809131 0.0003202338192238585
10 60 3 3.25 90 100 45.28495573930623 0.0002721175261441999
10 60 3.25 3.5 0 0.5 -178320.0064770911 2.620726378576364
10 60 3.25 3.5 0.5 1 11950.94228438172 0.02547837729616731
10 60 3.25 3.5 1 1.5 20697.58779197443 0.6407080277749628
10 60 3.25 3.5 1.5 2 17896.67268943399 0.5190483950136695
10 60 3.25 3.5 2 2.5 14778.43350549683 0.4292680579528678
10 60 3.25 3.5 2.5 3 12251.62128373197 0.3454369485170901
10 60 3.25 3.5 3 3.5 10277.56154604072 0.2893953821967443
10 60 3.25 3.5 3.5 4 8727.111471718752 0.2360851959947468
10 60 3.25 3.5 4 4.5 7491.792752026377 0.1931532755515946
10 60 3.25 3.5 4.5 5 6492.146186540423 0.1608014138882936
10 60 3.25 3.5 5 5.5 5671.333776249974 0.131279268209255
10 60 3.25 3.5 5.5 6 4988.535600444032 0.1213212108659718
10 60 3.25 3.5 6 6.5 4414.034757439873 0.1236964874242403
10 60 3.25 3.5 6.5 7 3925.84017237296 0.126600418650014
10 60 3.25 3.5 7 7.5 3507.402897334841 0.1293088704051115
10 60 3.25 3.5 7.5 8 3146.071193370241 0.1328729333226875
10 60 3.25 3.5 8 8.5 2832.007092515196 0.1352396011798191
10 60 3.25 3.5 8.5 9 2557.474100809136 0.03548132210380572
10 60 3.25 3.5 9 9.5 2316.279474058369 0.03017370484394633
10 60 3.25 3.5 9.5 10 2103.426890784133 0.02585758067607458
10 60 3.25 3.5 10 10.5 1914.833161406355 0.02230779692490614
10 60 3.25 3.5 10.5 11 1747.128816569532 0.01936988779925741
10 60 3.25 3.5 11 11.5 1597.51088324923 0.07956490792957993
10 60 3.25 3.5 11.5 12 1463.627411693289 0.06177327181217152
10 60 3.25 3.5 12 12.5 1343.492210108965 0.04746236266328197
10 60 3.25 3.5 12.5 13 1235.417502661139 0.03605775001369693
10 60 3.25 3.5 13 13.5 1137.959970965622 0.02688130472665762
10 60 3.25 3.5 13.5 14 1049.880028535293 0.019622484797992
10 60 3.25 3.5 14 14.5 970.1071002982025 0.01374762136288155
10 60 3.25 3.5 14.5 15 897.7143370236704 0.009148112821321774
10 60 3.25 3.5 15 16 1603.83608318234 0.0322820594562927
10 60 3.25 3.5 16 17 1384.484909080489 0.009984402094687539
10 60 3.25 3.5 17 18 1201.006284365245 0.02523365217939499
10 60 3.25 3.5 18 19 1046.593962203409 0.03750455519320894
10 60 3.25 3.5 19 20 915.9106419132607 0.04345143443492816
10 60 3.25 3.5 20 21 804.7275603856214 0.004892071166750611
10 60 3.25 3.5 21 22 709.6687881005978 0.004176306128783835
10 60 3.25 3.5 22 23 628.0190768796996 0.003602585846465445
10 60 3.25 3.5 23 24 557.5828817130563 0.00310707534094945
10 60 3.25 3.5 24 25 496.5730814352999 0.002695921782162713
10 60 3.25 3.5 25 26 443.5246138385926 0.002361418069028787
10 60 3.25 3.5 26 27 397.2306637405242 0.002072687029112785
10 60 3.25 3.5 27 28 356.6913873716889 0.00182612339131083
10 60 3.25 3.5 28 29 321.074959307517 0.001617103719070201
10 60 3.25 3.5 29 30 289.6866767205859 0.001438119447357167
10 60 3.25 3.5 30 31 261.9431338930217 0.001280619269493855
10 60 3.25 3.5 31 32 237.3527963082926 0.001145941154305774
10 60 3.25 3.5 32 33 215.4995619703365 0.001029053197925123
10 60 3.25 3.5 33 34 196.0295364351435 0.0009249787762541928
10 60 3.25 3.5 34 35 178.6407232660045 0.0008360748730353862
10 60 3.25 3.5 35 36 163.074700569726 0.0007553090300689291
10 60 3.25 3.5 36 37 149.1096470590938 0.0006849818631451399
10 60 3.25 3.5 37 38 136.5544520103539 0.0006227434102754614
10 60 3.25 3.5 38 39 125.2440520196543 0.0005671941274130177
10 60 3.25 3.5 39 40 115.0354865051178 0.0005174523526960684
10 60 3.25 3.5 40 42 203.2466058574184 0.0009071056473715089
10 60 3.25 3.5 42 44 172.8121423857728 0.0007633521787795416
10 60 3.25 3.5 44 46 147.6358485348009 0.0006469472464516457
10 60 3.25 3.5 46 48 126.6831316713775 0.0005513624094106717
10 60 3.25 3.5 48 50 109.1477953145259 0.0004723758344908902
10 60 3.25 3.5 50 52 94.39599098012891 0.0004070571454946048
10 60 3.25 3.5 52 54 81.92525261540726 0.0003519492947248182
10 60 3.25 3.5 54 56 71.33522216291361 0.0003056566392842797
10 60 3.25 3.5 56 58 62.30447369736715 0.0002665153633145678
10 60 3.25 3.5 58 60 54.57301589807207 0.0002331349668622806
10 60 3.25 3.5 60 65 109.3284522114122 0.0004668493931490048
10 60 3.25 3.5 65 70 80.19099342757944 0.0004193632762934385
10 60 3.25 3.5 70 80 104.3732586239264 0.0006519200849908202
10 60 3.25 3.5 80 90 60.00951900155175 0.0005224213742991424
10 60 3.25 3.5 90 100 35.657310651651 0.0003598980456871459
10 60 3.5 4 0 0.5 -317550.4388828298 4.643388398748357
10 60 3.5 4 0.5 1 27362.88436693957 0.6273157968353189
10 60 3.5 4 1 1.5 40685.27143243913 1.454715487947396
10 60 3.5 4 1.5 2 34484.96915565163 1.139710148134327
10 60 3.5 4 2 2.5 28230.624278675 0.932009305437532
10 60 3.5 4 2.5 3 23286.45872984759 0.7238920478703221
10 60 3.5 4 3 3.5 19469.65798564905 0.5927827477462415
10 60 3.5 4 3.5 4 16493.47033550205 0.4774626533981063
10 60 3.5 4 4 4.5 14133.81943246883 0.3836510626224481
10 60 3.5 4 4.5 5 12231.13349936821 0.3074037674032297
10 60 3.5 4 5 5.5 10673.02842378243 0.2455129331847274
10 60 3.5 4 5.5 6 9379.583381706134 0.1974276184300834
10 60 3.5 4 6 6.5 8293.047338893331 0.159769177023918
10 60 3.5 4 6.5 7 7370.901665191974 0.1310440864845077
10 60 3.5 4 7 7.5 6581.312382862138 0.1092315109044648
10 60 3.5 4 7.5 8 5900.000755745283 0.09225149719713954
10 60 3.5 4 8 8.5 5308.18601050554 0.07850684770801308
10 60 3.5 4 8.5 9 4791.094689007013 0.06748329739821202
10 60 3.5 4 9 9.5 4336.964757328674 0.05750479451489809
10 60 3.5 4 9.5 10 3936.308409817635 0.04945680178934708
10 60 3.5 4 10 10.5 3581.391854417136 0.04231293011753223
10 60 3.5 4 10.5 11 3265.837786888951 0.03697667086771617
10 60 3.5 4 11 11.5 2984.348063549196 0.03184712838628911
10 60 3.5 4 11.5 12 2732.486073033088 0.1180886671700137
10 60 3.5 4 12 12.5 2506.505982286142 0.09138659460404597
10 60 3.5 4 12.5 13 2303.223164994909 0.06968874819312987
10 60 3.5 4 13 13.5 2119.920790904983 0.05222193888039328
10 60 3.5 4 13.5 14 1954.265909554009 0.0384392210171427
10 60 3.5 4 14 14.5 1804.243596121939 0.02730558170401309
10 60 3.5 4 14.5 15 1668.108945712107 0.01844751314592941
10 60 3.5 4 15 16 2975.967416260091 0.0680736409040037
10 60 3.5 4 16 17 2563.609939628342 0.01896300267389961
10 60 3.5 4 17 18 2218.820070639646 0.04537718990695794
10 60 3.5 4 18 19 1928.79851322896 0.06935648274384221
10 60 3.5 4 19 20 1683.494155318822 0.0819166491633041
10 60 3.5 4 20 21 1474.9469483278 0.009252824105260515
10 60 3.5 4 21 22 1296.797158104529 0.007871485866417061
10 60 3.5 4 22 23 1143.933318028505 0.006773149539640144
10 60 3.5 4 23 24 1012.215372922875 0.005832442143059779
10 60 3.5 4 24 25 898.2708429935448 0.005050056339882758
10 60 3.5 4 25 26 799.3355252291744 0.006730654942316505
10 60 3.5 4 26 27 713.1324505288756 0.008258179492258932
10 60 3.5 4 27 28 637.7758716882814 0.008121918070287393
10 60 3.5 4 28 29 571.6943179064035 0.008177616645298258
10 60 3.5 4 29 30 513.5745935924614 0.008839322327389709
10 60 3.5 4 30 31 462.3141022427671 0.009608594810345039
10 60 3.5 4 31 32 416.983562878261 0.00989104512996164
10 60 3.5 4 32 33 376.7953703669237 0.01031664747131344
10 60 3.5 4 33 34 341.0801709507664 0.010785883430799
10 60 3.5 4 34 35 309.267373703957 0.01112363934697669
10 60 3.5 4 35 36 280.8687155026493 0.01107171117070038
10 60 3.5 4 36 37 255.4653626591547 0.01086878117575907
10 60 3.5 4 37 38 232.6964490336098 0.01072679995363046
10 60 3.5 4 38 39 212.2500102944976 0.01054453315100545
10 60 3.5 4 39 40 193.8558285535237 0.000913914449256481
10 60 3.5 4 40 42 339.5958164832002 0.001589210918666595
10 60 3.5 4 42 44 285.3269205662994 0.001323477056359934
10 60 3.5 4 44 46 240.7743793744912 0.001108911528120871
10 60 3.5 4 46 48 203.9925745401604 0.0009344771956705245
10 60 3.5 4 48 50 173.4682695783505 0.0007913050307593039
10 60 3.5 4 50 52 148.0149874384996 0.0006728251456138423
10 60 3.5 4 52 54 126.696022910495 0.0005746990808006558
10 60 3.5 4 54 56 108.7661800951561 0.0004921902382619692
10 60 3.5 4 56 58 93.62860846969689 0.0004233319673829783
10 60 3.5 4 58 60 80.80262236395041 0.00036534889265738
10 60 3.5 4 60 65 157.7407043858597 0.0007132848556068438
10 60 3.5 4 65 70 111.1910741934612 0.0005041927538940172
10 60 3.5 4 70 80 136.3055042361616 0.0006227218616743357
10 60 3.5 4 80 90 71.63332694137044 0.0003321041578487893
10 60 3.5 4 90 100 38.65772918139514 0.0003604753595851662
10 60 4 5 0 0.5 -479476.0028269371 17.75449883332476
10 60 4 5 0.5 1 66254.2680651135 0.194959428627044
10 60 4 5 1 1.5 76021.82327575894 2.688138340963633
10 60 4 5 1.5 2 61669.21068577321 1.963744072410918
10 60 4 5 2 2.5 49445.23166376599 1.465138505642244
10 60 4 5 2.5 3 40252.72125098873 1.322770523322106
10 60 4 5 3 3.5 33332.31661431029 0.9116188320913352
10 60 4 5 3.5 4 28019.02442438465 0.7329167291682097
10 60 4 5 4 4.5 23851.1208573316 0.8073277043367852
10 60 4 5 4.5 5 20516.68209862228 0.4911193089101289
10 60 4 5 5 5.5 17802.69216457269 0.4072448621773219
10 60 4 5 5.5 6 15560.76108659419 0.3391952266065346
10 60 4 5 6 6.5 13685.19106852177 0.2823049942780926
10 60 4 5 6.5 7 12099.04933755496 0.2344943522130052
10 60 4 5 7 7.5 10745.21360386201 0.1949346779547341
10 60 4 5 7.5 8 9580.455162828895 0.16197325378198
10 60 4 5 8 8.5 8571.502084281146 0.1373009892668051
10 60 4 5 8.5 9 7692.320005380025 0.1165275156090502
10 60 4 5 9 9.5 6922.257834714966 0.09985500848233642
10 60 4 5 9.5 10 6244.713252772177 0.08543211748838075
10 60 4 5 10 10.5 5646.17989692931 0.07323622145759145
10 60 4 5 10.5 11 5115.556835646526 0.06416215613080567
10 60 4 5 11 11.5 4643.634860893038 0.05466075125150383
10 60 4 5 11.5 12 4222.703763141684 0.1874415466463688
10 60 4 5 12 12.5 3846.268124033197 0.1399435817356789
10 60 4 5 12.5 13 3508.811818591522 0.1018875903459957
10 60 4 5 13 13.5 3205.625302099551 0.07137141841531047
10 60 4 5 13.5 14 2932.667684433899 0.04743253465267117
10 60 4 5 14 14.5 2686.450697855735 0.02818456935119684
10 60 4 5 14.5 15 2463.955543840514 0.02274735141236306
10 60 4 5 15 16 4342.517423877246 0.03885772036574053
10 60 4 5 16 17 3677.565931239487 0.1390415448413478
10 60 4 5 17 18 3127.08237692346 0.02511532912694747
10 60 4 5 18 19 2668.955351597193 0.02048669470650566
10 60 4 5 19 20 2285.843055857188 0.01722244256552585
10 60 4 5 20 21 1964.036830169185 0.01425679807061897
10 60 4 5 21 22 1692.609676039465 0.01304486689150508
10 60 4 5 22 23 1462.796656871183 0.01228990859044643
10 60 4 5 23 24 1267.51982627797 0.01396118123716406
10 60 4 5 24 25 1101.034546672535 0.01347993537933689
10 60 4 5 25 26 958.6487194173282 0.01205715136165963
10 60 4 5 26 27 836.5111177556671 0.01179239902774043
10 60 4 5 27 28 731.4513435314503 0.0120622236681811
10 60 4 5 28 29 640.844256110697 0.01187108488591093
10 60 4 5 29 30 562.5065349391789 0.01211012498379205
10 60 4 5 30 31 494.6159664224327 0.01110639947120262
10 60 4 5 31 32 435.6480054980499 0.009911782903145649
10 60 4 5 32 33 384.3230597188987 0.009342686854836302
10 60 4 5 33 34 339.5608205345663 0.008851324280612971
10 60 4 5 34 35 300.4470081604618 0.008595283885824756
10 60 4 5 35 36 266.2068996848649 0.00786671715417242
10 60 4 5 36 37 236.1814287053201 0.007351797883984545
10 60 4 5 37 38 209.8080893494664 0.006782049063502882
10 60 4 5 38 39 186.6060007698315 0.006218100910416524
10 60 4 5 39 40 166.1630546859911 0.005570525528895587
10 60 4 5 40 42 280.3103414098231 0.00947401563303174
10 60 4 5 42 44 223.6732899217693 0.007067497286783464
10 60 4 5 44 46 179.1766823608567 0.004488217138344908
10 60 4 5 46 48 144.0521954980012 0.002414258182028561
10 60 4 5 48 50 116.2027017733306 0.0006249425565840738
10 60 4 5 50 52 94.03087781957856 0.001420847808262238
10 60 4 5 52 54 76.31219561192894 0.002735184657069567
10 60 4 5 54 56 62.10089976196565 0.0003298455276237178
10 60 4 5 56 58 50.66455056573092 0.0002679986636380249
10 60 4 5 58 60 41.4325366400577 0.000218615949272305
10 60 4 5 60 65 73.87794794589207 0.0003891126509500964
10 60 4 5 65 70 45.45496515769888 0.0002394162346419648
10 60 4 5 70 80 45.95493045938147 0.0009045280952335588
10 60 4 5 80 90 18.23483574217487 0.0004256161537732339
10 60 4 5 90 100 7.353396828516022 0.0002054283770496212
60 120 -5 -4 0 0.5 -0.7662464910888558 1.217907633255244e-05
60 120 -5 -4 0.5 1 1512.386134146816 0.07226963692846766
60 120 -5 -4 1 1.5 3028.989943686379 0.04337378610580345
60 120 -5 -4 1.5 2 2665.046726268431 0.03760573873341855
60 120 -5 -4 2 2.5 2244.584553005435 0.03049701847658071
60 120 -5 -4 2.5 3 1896.672457004496 0.02426857627710888
60 120 -5 -4 3 3.5 1619.784224585004 0.07470897816256183
60 120 -5 -4 3.5 4 1399.535226480945 0.05308893656001601
60 120 -5 -4 4 4.5 1221.821324937446 0.03690026342246711
60 120 -5 -4 4.5 5 1076.353791299451 0.02458311694385884
60 120 -5 -4 5 5.5 955.7441132369912 0.01546750863894886
60 120 -5 -4 5.5 6 854.4736534941319 0.01379670757887652
60 120 -5 -4 6 6.5 768.5007026247624 0.01267975678786115
60 120 -5 -4 6.5 7 694.8238885848073 0.01134349848064176
60 120 -5 -4 7 7.5 631.1579117038717 0.01015026044251499
60 120 -5 -4 7.5 8 575.6932725690357 0.009404966920442348
60 120 -5 -4 8 8.5 527.0405685864292 0.01173053644367883
60 120 -5 -4 8.5 9 484.102059535713 0.01352049688057377
60 120 -5 -4 9 9.5 446.0067449609619 0.01501642613260401
60 120 -5 -4 9.5 10 412.0386269007402 0.01621192779651892
60 120 -5 -4 10 10.5 381.6012576266823 0.01711254586558653
60 120 -5 -4 10.5 11 354.2960947109507 0.005470895493544958
60 120 -5 -4 11 11.5 329.5544469869211 0.005117997602098967
60 120 -5 -4 11.5 12 307.1291782653141 0.01406399984523432
60 120 -5 -4 12 12.5 286.7409995161321 0.01201966370052787
60 120 -5 -4 12.5 13 268.1498297099409 0.01062670866645021
60 120 -5 -4 13 13.5 251.1468846064316 0.009206284443820323
60 120 -5 -4 13.5 14 235.5563796417067 0.007944952075860101
60 120 -5 -4 14 14.5 221.2272209866591 0.007035078984756638
60 120 -5 -4 14.5 15 208.026606255022 0.00615262051735499
60 120 -5 -4 15 16 380.4076954288847 0.006018830955042631
60 120 -5 -4 16 17 338.5536814856744 0.005260686269139114
60 120 -5 -4 17 18 302.4392780973313 0.004594476011050119
60 120 -5 -4 18 19 271.079505879003 0.003961321037820653
60 120 -5 -4 19 20 243.6917514969935 0.003420365697365924
60 120 -5 -4 20 21 219.6599468898724 0.002891137116904474
60 120 -5 -4 21 22 198.4787108113592 0.008859863934731038
60 120 -5 -4 22 23 179.7297244750765 0.006923656781992804
60 120 -5 -4 23 24 163.069817152852 0.005256414111130425
60 120 -5 -4 24 25 148.2173896521799 0.003679585426937138
60 120 -5 -4 25 26 134.9399779264498 0.002797243777592939
60 120 -5 -4 26 27 123.0354066110809 0.002065985504771106
60 120 -5 -4 27 28 112.3312597692101 0.001439217691398653
60 120 -5 -4 28 29 102.682552918176 0.0008657232962718808
60 120 -5 -4 29 30 93.96699202586537 0.0002793561465779248
60 120 -5 -4 30 31 86.08085546359382 0.0001314227003632595
60 120 -5 -4 31 32 78.93216134718926 0.0002465233161785818
60 120 -5 -4 32 33 72.43902709942599 0.0004603748887177517
60 120 -5 -4 33 34 66.53136036196436 0.0006505797547760039
60 120 -5 -4 34 35 61.14854834326392 0.000793277276379456
60 120 -5 -4 35 36 56.23751831291925 0.0009452776014171604
60 120 -5 -4 36 37 51.75209968544118 0.001044633348094237
60 120 -5 -4 37 38 47.6510369333982 0.001059113637936093
60 120 -5 -4 38 39 43.896699722209 0.001101843548028114
60 120 -5 -4 39 40 40.45617766008532 0.001125665717125912
60 120 -5 -4 40 42 71.70351585034751 0.0006781889538274299
60 120 -5 -4 42 44 61.03599661970648 0.0006292169229880074
60 120 -5 -4 44 46 52.01612660023481 0.0005149682717302539
60 120 -5 -4 46 48 44.3695326329511 0.0003438064186411793
60 120 -5 -4 48 50 37.87315810376331 0.0001902884787412518
60 120 -5 -4 50 52 32.3452910387639 0.000140567500942268
60 120 -5 -4 52 54 27.63529490936378 0.0001198956737127332
60 120 -5 -4 54 56 23.61683745037987 0.001168052703476974
60 120 -5 -4 56 58 20.18451845877434 9.033931547008933e-05
60 120 -5 -4 58 60 17.2513587138831 5.25885980984242e-05
60 120 -5 -4 60 65 32.93502077422215 3.446877932589132e-05
60 120 -5 -4 65 70 22.20525522720183 0.0001694684646764699
60 120 -5 -4 70 80 24.94377058581519 0.0004701251610903512
60 120 -5 -4 80 90 11.11628864796522 6.663658767536162e-05
60 120 -5 -4 90 100 4.849170729734614 1.286661035049264e-05
60 120 -4 -3.5 0 0.5 -2.575699627608853 0.0001174214473089741
60 120 -4 -3.5 0.5 1 1146.652539286914 0.01977642333804397
60 120 -4 -3.5 1 1.5 5496.289578129214 0.1037480743025299
60 120 -4 -3.5 1.5 2 5813.33541897366 0.01651168927401159
60 120 -4 -3.5 2 2.5 5262.290147631101 0.009895743423840031
60 120 -4 -3.5 2.5 3 4635.244005913431 0.01657349606193748
60 120 -4 -3.5 3 3.5 4074.343615588773 0.00807369150015802
60 120 -4 -3.5 3.5 4 3597.590248800483 0.01209385223455683
60 120 -4 -3.5 4 4.5 3196.657010580383 0.001435541030787135
60 120 -4 -3.5 4.5 5 2858.758587040179 0.01018039197424514
60 120 -4 -3.5 5 5.5 2572.057646441616 0.002126923940068082
60 120 -4 -3.5 5.5 6 2327.004899987071 0.001098006615393388
60 120 -4 -3.5 6 6.5 2115.926302471316 0.008505792556661618
60 120 -4 -3.5 6.5 7 1932.706551903156 0.0009562234754412202
60 120 -4 -3.5 7 7.5 1772.53468350334 0.002050795036439013
60 120 -4 -3.5 7.5 8 1631.645623081393 0.004684614337293169
60 120 -4 -3.5 8 8.5 1506.990003140504 0.003369156846247279
60 120 -4 -3.5 8.5 9 1396.092181316312 0.002572826761024771
60 120 -4 -3.5 9 9.5 1296.927846638027 0.001179677692107362
60 120 -4 -3.5 9.5 10 1207.854151270579 0.00315013076010473
60 120 -4 -3.5 10 10.5 1127.519071099266 0.003514062571184695
60 120 -4 -3.5 10.5 11 1054.784940465695 0.05073692600171853
60 120 -4 -3.5 11 11.5 988.6979370529743 0.04391595133949977
60 120 -4 -3.5 11.5 12 928.4497804530838 0.03838127281642301
60 120 -4 -3.5 12 12.5 873.3548461977194 0.03333386774954761
60 120 -4 -3.5 12.5 13 822.8315982248932 0.02905451245953827
60 120 -4 -3.5 13 13.5 776.3789948840413 0.02572318199975143
60 120 -4 -3.5 13.5 14 733.5609490915309 0.0225759011983655
60 120 -4 -3.5 14 14.5 694.0016407397081 0.02019001653707164
60 120 -4 -3.5 14.5 15 657.3727409387118 0.0177742055498129
60 120 -4 -3.5 15 16 1215.188506780926 0.0001916188043651346
60 120 -4 -3.5 16 17 1097.323732818768 0.0003717581139426329
60 120 -4 -3.5 17 18 994.6109364213293 0.0004150748801521331
60 120 -4 -3.5 18 19 904.5425104670038 0.0002127570699030912
60 120 -4 -3.5 19 20 825.1232095901336 0.001070428175580673
60 120 -4 -3.5 20 21 754.7448752778395 0.0001910278041350466
60 120 -4 -3.5 21 22 692.0929897667122 0.0001038917841924558
60 120 -4 -3.5 22 23 636.08732852529 0.0289195716533186
60 120 -4 -3.5 23 24 585.8308548496426 0.02411625884622026
60 120 -4 -3.5 24 25 540.5738026278899 0.02002595213787117
60 120 -4 -3.5 25 26 499.6872143929853 0.01677693823535265
60 120 -4 -3.5 26 27 462.6397881636143 0.01404796343223325
60 120 -4 -3.5 27 28 428.9791326753904 0.01174383623578024
60 120 -4 -3.5 28 29 398.3165358873551 0.009769788630137555
60 120 -4 -3.5 29 30 370.3186105456492 0.008161904218695781
60 120 -4 -3.5 30 31 344.6972745243759 0.006823898819902752
60 120 -4 -3.5 31 32 321.2018743162109 0.005605128824015537
60 120 -4 -3.5 32 33 299.6145309811201 0.004631088534665651
60 120 -4 -3.5 33 34 279.7442355376706 0.00382249956561509
60 120 -4 -3.5 34 35 261.4237894682176 0.003087716575066679
60 120 -4 -3.5 35 36 244.5062792504453 0.002410746804514474
60 120 -4 -3.5 36 37 228.8615641007502 0.001929719907025174
60 120 -4 -3.5 37 38 214.3730414265427 0.001429232771158695
60 120 -4 -3.5 38 39 200.9379358872986 0.001074469091037145
60 120 -4 -3.5 39 40 188.4639050331415 0.0007560809229403276
60 120 -4 -3.5 40 42 342.9485987195251 0.002217293877947668
60 120 -4 -3.5 42 44 302.6930384047972 0.001210492124869234
60 120 -4 -3.5 44 46 267.6743588117105 0.003681148588384531
60 120 -4 -3.5 46 48 237.1054513891098 0.005515252020757089
60 120 -4 -3.5 48 50 210.3405523274475 0.01036170949541315
60 120 -4 -3.5 50 52 186.8452184044851 0.009011415152684776
60 120 -4 -3.5 52 54 166.1695762244554 0.008299718157388725
60 120 -4 -3.5 54 56 147.9357550503474 0.006829070500884882
60 120 -4 -3.5 56 58 131.8258290379045 0.005950418373799948
60 120 -4 -3.5 58 60 117.5701370248054 0.005199801298189755
60 120 -4 -3.5 60 65 241.6975377130034 0.01033540141025924
60 120 -4 -3.5 65 70 182.5692742535139 0.007439738407583718
60 120 -4 -3.5 70 80 243.3457480033261 0.009312997466281558
60 120 -4 -3.5 80 90 140.7368075047594 0.004991737329561374
60 120 -4 -3.5 90 100 81.77666606872383 0.002722048207729699
60 120 -3.5 -3.25 0 0.5 -1.863341268917466 5.838168627847473e-05
60 120 -3.5 -3.25 0.5 1 -199.5093912937488 0.001467879332693656
60 120 -3.5 -3.25 1 1.5 2934.327986265973 0.04330873494700427
60 120 -3.5 -3.25 1.5 2 3631.552971671632 0.009610911994059279
60 120 -3.5 -3.25 2 2.5 3450.284651113863 0.01178459056154679
60 120 -3.5 -3.25 2.5 3 3116.655544727448 0.004011384653040295
60 120 -3.5 -3.25 3 3.5 2784.009831902104 0.001081419515230664
60 120 -3.5 -3.25 3.5 4 2487.238596723509 0.004888925719114923
60 120 -3.5 -3.25 4 4.5 2230.246611709442 0.008594100471327693
60 120 -3.5 -3.25 4.5 5 2009.393226848368 0.001274038909514275
60 120 -3.5 -3.25 5 5.5 1819.511858179272 0.004794734813913237
60 120 -3.5 -3.25 5.5 6 1655.404895668271 0.008695026290070018
60 120 -3.5 -3.25 6 6.5 1512.765158626752 0.003877495428241673
60 120 -3.5 -3.25 6.5 7 1388.107122311884 0.005205479296591875
60 120 -3.5 -3.25 7 7.5 1278.515998827067 0.005067743901008726
60 120 -3.5 -3.25 7.5 8 1181.589641241611 0.008745897700009664
60 120 -3.5 -3.25 8 8.5 1095.413855226856 0.004323653180108522
60 120 -3.5 -3.25 8.5 9 1018.43603821306 0.001413873048704772
60 120 -3.5 -3.25 9 9.5 949.3648964114377 0.005678757594864692
60 120 -3.5 -3.25 9.5 10 887.1173390029335 0.005763292205301696
60 120 -3.5 -3.25 10 10.5 830.7899556056335 0.04134315087014784
60 120 -3.5 -3.25 10.5 11 779.6401100565237 0.03536086863891796
60 120 -3.5 -3.25 11 11.5 733.0408780211584 0.03017624929589147
60 120 -3.5 -3.25 11.5 12 690.4567202127749 0.02662661854469661
60 120 -3.5 -3.25 12 12.5 651.4220562104098 0.02375885192805072
60 120 -3.5 -3.25 12.5 13 615.5364769097141 0.02071053145198221
60 120 -3.5 -3.25 13 13.5 582.4626953886772 0.01807457103507204
60 120 -3.5 -3.25 13.5 14 551.9125667456567 0.01590788865814829
60 120 -3.5 -3.25 14 14.5 523.6325949282559 0.01394452740373708
60 120 -3.5 -3.25 14.5 15 497.3998074379192 0.02485178595168236
60 120 -3.5 -3.25 15 16 923.3195770679423 0.04581967497597361
60 120 -3.5 -3.25 16 17 838.4151984367651 0.04123542648437706
60 120 -3.5 -3.25 17 18 764.1404833530589 0.03725727407083923
60 120 -3.5 -3.25 18 19 698.7877683947304 0.03377080973825741
60 120 -3.5 -3.25 19 20 640.9716707746632 0.03070780264124551
60 120 -3.5 -3.25 20 21 589.5550793207761 0.02800076359653758
60 120 -3.5 -3.25 21 22 543.6205375586848 0.02636541681340532
60 120 -3.5 -3.25 22 23 502.4189536846009 0.02343790428733428
60 120 -3.5 -3.25 23 24 465.3235736429194 0.02150817355283152
60 120 -3.5 -3.25 24 25 431.8049324046762 0.01977056469826266
60 120 -3.5 -3.25 25 26 401.4179027175182 0.01820894080105973
60 120 -3.5 -3.25 26 27 373.7891153613788 0.01679043128820012
60 120 -3.5 -3.25 27 28 348.5972774772508 0.01550474846061434
60 120 -3.5 -3.25 28 29 325.5670514930203 0.01433749383227223
60 120 -3.5 -3.25 29 30 304.461725660002 0.01327040259059231
60 120 -3.5 -3.25 30 31 285.076811676791 0.01229478891417557
60 120 -3.5 -3.25 31 32 267.2344905066918 0.01140503045064634
60 120 -3.5 -3.25 32 33 250.7798569467727 0.01058843231012929
60 120 -3.5 -3.25 33 34 235.5762977703838 0.009837950547222363
60 120 -3.5 -3.25 34 35 221.5035205265935 0.009149576947805826
60 120 -3.5 -3.25 35 36 208.4559775918012 0.008515049082433279
60 120 -3.5 -3.25 36 37 196.3401604613248 0.007929514134502824
60 120 -3.5 -3.25 37 38 185.0736545189011 0.007388268519036956
60 120 -3.5 -3.25 38 39 174.582646033702 0.006889864887142494
60 120 -3.5 -3.25 39 40 164.8007915083994 0.006427737097624231
60 120 -3.5 -3.25 40 42 302.8037868281493 0.0116060695038982
60 120 -3.5 -3.25 42 44 270.8190075295636 0.0101395718327808
60 120 -3.5 -3.25 44 46 242.7346942437904 0.008875789139352719
60 120 -3.5 -3.25 46 48 217.9842577227005 0.007786759699143886
60 120 -3.5 -3.25 48 50 196.0995937490115 0.006844262532951007
60 120 -3.5 -3.25 50 52 176.6910459172291 0.006025371054022344
60 120 -3.5 -3.25 52 54 159.4311064360211 0.005312603414495243
60 120 -3.5 -3.25 54 56 144.0442933800338 0.004691743234900514
60 120 -3.5 -3.25 56 58 130.2974572887621 0.004151029538434159
60 120 -3.5 -3.25 58 60 117.9907071877204 0.00367838308486057
60 120 -3.5 -3.25 60 65 249.1079661118842 0.007496174341895312
60 120 -3.5 -3.25 65 70 195.9115193723977 0.005606983262111953
60 120 -3.5 -3.25 70 80 277.5303850489082 0.007446646282687652
60 120 -3.5 -3.25 80 90 175.6158113603041 0.004358752114768549
60 120 -3.5 -3.25 90 100 112.3369341579273 0.002613889456966945
60 120 -3.25 -3 0 0.5 -2.165515741524712 6.325062445222684e-05
60 120 -3.25 -3 0.5 1 -861.7353648808543 0.0379894712954183
60 120 -3.25 -3 1 1.5 2726.180135461686 0.008341488648511586
60 120 -3.25 -3 1.5 2 3816.620649761532 0.08877217754525191
60 120 -3.25 -3 2 2.5 3742.951610867581 0.04458363932371867
60 120 -3.25 -3 2.5 3 3433.26114417332 0.05555699336082398
60 120 -3.25 -3 3 3.5 3096.449350001298 0.03130834226067236
60 120 -3.25 -3 3.5 4 2784.825205640747 0.0341608315020494
60 120 -3.25 -3 4 4.5 2509.91498909331 0.01827595161012141
60 120 -3.25 -3 4.5 5 2270.787481071238 0.0152824701008285
60 120 -3.25 -3 5 5.5 2063.225359542303 0.01804740713714637
60 120 -3.25 -3 5.5 6 1882.73530813643 0.01016936277551395
60 120 -3.25 -3 6 6.5 1725.10030600578 0.08580031791825604
60 120 -3.25 -3 6.5 7 1586.700195558788 0.07820879045584661
60 120 -3.25 -3 7 7.5 1464.584959261466 0.07155782760651164
60 120 -3.25 -3 7.5 8 1356.28894190058 0.06573728242597099
60 120 -3.25 -3 8 8.5 1259.753001526941 0.06058237527031451
60 120 -3.25 -3 8.5 9 1173.302456646515 0.0559908132036071
60 120 -3.25 -3 9 9.5 1095.569641306693 0.05190490802829117
60 120 -3.25 -3 9.5 10 1025.396598960818 0.04825044633980724
60 120 -3.25 -3 10 10.5 961.8018274294288 0.0466825752787372
60 120 -3.25 -3 10.5 11 903.9562621036035 0.04198120199282585
60 120 -3.25 -3 11 11.5 851.1644601886842 0.03928913779793675
60 120 -3.25 -3 11.5 12 802.8500305471362 0.03684073146905575
60 120 -3.25 -3 12 12.5 758.51057510974 0.03460048114993697
60 120 -3.25 -3 12.5 13 717.7128583581433 0.03256008459879922
60 120 -3.25 -3 13 13.5 680.0745021301201 0.03068498010088661
60 120 -3.25 -3 13.5 14 645.2670884047826 0.02895948115963165
60 120 -3.25 -3 14 14.5 613.0066616898583 0.02736200192600791
60 120 -3.25 -3 14.5 15 583.0454188041872 0.02589605331638722
60 120 -3.25 -3 15 16 1084.344020197743 0.04779467800040038
60 120 -3.25 -3 16 17 987.1206071067808 0.0430690781084877
60 120 -3.25 -3 17 18 901.9412529471502 0.03896759587178167
60 120 -3.25 -3 18 19 826.8557435044445 0.03536981736522193
60 120 -3.25 -3 19 20 760.3097046159777 0.03221364720866404
60 120 -3.25 -3 20 21 701.0418664068779 0.02941282500546549
60 120 -3.25 -3 21 22 648.020784655643 0.03036765910530903
60 120 -3.25 -3 22 23 600.3912642728271 0.02534225270824209
60 120 -3.25 -3 23 24 557.4423119637918 0.0227183704204208
60 120 -3.25 -3 24 25 518.5749818453903 0.02092569417266077
60 120 -3.25 -3 25 26 483.2890546917212 0.01930197288203317
60 120 -3.25 -3 26 27 451.1584332250724 0.01782947892814946
60 120 -3.25 -3 27 28 421.8180222371023 0.01649487338409017
60 120 -3.25 -3 28 29 394.9552899418531 0.01527833748900775
60 120 -3.25 -3 29 30 370.3026205192131 0.01416653093667719
60 120 -3.25 -3 30 31 347.6260402649838 0.01314842355589008
60 120 -3.25 -3 31 32 326.7210369061752 0.01221678677728733
60 120 -3.25 -3 32 33 307.4097113483956 0.01136188495297574
60 120 -3.25 -3 33 34 289.5385350110727 0.01057218835757112
60 120 -3.25 -3 34 35 272.9713585318081 0.009849003132217149
60 120 -3.25 -3 35 36 257.5876140400185 0.009182806924229681
60 120 -3.25 -3 36 37 243.2794817773878 0.008569028976296522
60 120 -3.25 -3 37 38 229.9508003218522 0.007999656157039681
60 120 -3.25 -3 38 39 217.5182785603986 0.007476585799565783
60 120 -3.25 -3 39 40 205.9058610567926 0.006991052363218841
60 120 -3.25 -3 40 42 379.9243453620848 0.01391058259787314
60 120 -3.25 -3 42 44 341.7527703141074 0.01111283244517836
60 120 -3.25 -3 44 46 308.1120892884805 0.009773141423124798
60 120 -3.25 -3 46 48 278.3511842493835 0.008613090454900885
60 120 -3.25 -3 48 50 251.932501516874 0.007605521633706758
60 120 -3.25 -3 50 52 228.4041119511193 0.006728436813318694
60 120 -3.25 -3 52 54 207.3922314899814 0.005964241935885184
60 120 -3.25 -3 54 56 188.5808804780882 0.005296410569911814
60 120 -3.25 -3 56 58 171.6989601227983 0.004712307974841679
60 120 -3.25 -3 58 60 156.5159814991654 0.004199956713762276
60 120 -3.25 -3 60 65 334.3056282004887 0.008641001035300633
60 120 -3.25 -3 65 70 267.5732277313034 0.006566613293387036
60 120 -3.25 -3 70 80 389.3288669077297 0.008931260687859321
60 120 -3.25 -3 80 90 256.2897500348145 0.005421622857170405
60 120 -3.25 -3 90 100 171.0723207922817 0.003385048124130208
60 120 -3 -2.75 0 0.5 -2.423403498004546 6.724685990144863e-05
60 120 -3 -2.75 0.5 1 -1519.849847201881 0.05638162219952392
60 120 -3 -2.75 1 1.5 2408.184434242393 0.07342747460779719
60 120 -3 -2.75 1.5 2 3867.800670641628 0.06788057198355091
60 120 -3 -2.75 2 2.5 3908.262641385371 0.008135301075981261
60 120 -3 -2.75 2.5 3 3635.402869134552 0.02715564290656403
60 120 -3 -2.75 3 3.5 3306.222583571812 0.004696052806593798
60 120 -3 -2.75 3.5 4 2990.852047820708 0.1490470307294345
60 120 -3 -2.75 4 4.5 2707.360451432768 0.1326430816743596
60 120 -3 -2.75 4.5 5 2457.89749470494 0.1186670772412981
60 120 -3 -2.75 5 5.5 2239.653262644482 0.1067930723020254
60 120 -3 -2.75 5.5 6 2048.740334372478 0.09654602618593344
60 120 -3 -2.75 6 6.5 1881.252807104006 0.08774757601372585
60 120 -3 -2.75 6.5 7 1733.65992614431 0.0800251739271971
60 120 -3 -2.75 7 7.5 1602.993144284591 0.07331665661627085
60 120 -3 -2.75 7.5 8 1486.808037055445 0.06740662521747254
60 120 -3 -2.75 8 8.5 1383.033884403793 0.06216981657644283
60 120 -3 -2.75 8.5 9 1289.939843910714 0.05754442842226126
60 120 -3 -2.75 9 9.5 1206.065404430935 0.05340632517481936
60 120 -3 -2.75 9.5 10 1130.202601241282 0.04968526321431455
60 120 -3 -2.75 10 10.5 1061.346710906635 0.04992788723575359
60 120 -3 -2.75 10.5 11 998.6498647024082 0.04334550480859889
60 120 -3 -2.75 11 11.5 941.3818562079778 0.04057802046679626
60 120 -3 -2.75 11.5 12 888.9098750591797 0.03807161270242432
60 120 -3 -2.75 12 12.5 840.6935756667868 0.03579196011287422
60 120 -3 -2.75 12.5 13 796.2750288175247 0.03369992992384141
60 120 -3 -2.75 13 13.5 755.255651379005 0.03176865683690266
60 120 -3 -2.75 13.5 14 717.2944960505931 0.02999196313510311
60 120 -3 -2.75 14 14.5 682.0856636793133 0.02835924807368428
60 120 -3 -2.75 14.5 15 649.3617599288922 0.02685104440831765
60 120 -3 -2.75 15 16 1209.350921858457 0.04958115781664674
60 120 -3 -2.75 16 17 1102.923466593018 0.04471874821342681
60 120 -3 -2.75 17 18 1009.546483755819 0.04048804199135247
60 120 -3 -2.75 18 19 927.130526370566 0.03677945968070162
60 120 -3 -2.75 19 20 854.0046232861295 0.03351657665052699
60 120 -3 -2.75 20 21 788.8053768138906 0.03062356471889416
60 120 -3 -2.75 21 22 730.4115944051003 0.03390150435211581
60 120 -3 -2.75 22 23 677.8917389965573 0.02851294624110778
60 120 -3 -2.75 23 24 630.4805024719197 0.02395028274736433
60 120 -3 -2.75 24 25 587.5365979739738 0.02182815050002773
60 120 -3 -2.75 25 26 548.5106363753878 0.02014947255509014
60 120 -3 -2.75 26 27 512.9338655993095 0.01862608916508179
60 120 -3 -2.75 27 28 480.4133283994132 0.01724833759669764
60 120 -3 -2.75 28 29 450.6090479541556 0.01599235396514587
60 120 -3 -2.75 29 30 423.2295360714223 0.01484277181543803
60 120 -3 -2.75 30 31 398.0158397849538 0.01379145777269741
60 120 -3 -2.75 31 32 374.7498470623043 0.01282874556682145
60 120 -3 -2.75 32 33 353.2368248902576 0.01194352422447764
60 120 -3 -2.75 33 34 333.3076869266745 0.01112939434113969
60 120 -3 -2.75 34 35 314.8119758086074 0.01038074932836253
60 120 -3 -2.75 35 36 297.6160283069233 0.009690323918277954
60 120 -3 -2.75 36 37 281.6054970885791 0.009051091671267386
60 120 -3 -2.75 37 38 266.6756734186951 0.008461501022964057
60 120 -3 -2.75 38 39 252.7339432974906 0.007916486231380304
60 120 -3 -2.75 39 40 239.6980931830537 0.007410154880432174
60 120 -3 -2.75 40 42 443.5442960675535 0.01746291632775865
60 120 -3 -2.75 42 44 400.5420095221574 0.01350160054988692
60 120 -3 -2.75 44 46 362.5509606809887 0.01042972442411383
60 120 -3 -2.75 46 48 328.8561815433127 0.009216830803723042
60 120 -3 -2.75 48 50 298.8677803029751 0.008162823633085736
60 120 -3 -2.75 50 52 272.0912700159477 0.007244155317721379
60 120 -3 -2.75 52 54 248.1126198563247 0.006442218281023315
60 120 -3 -2.75 54 56 226.5835228463342 0.005739338174777231
60 120 -3 -2.75 56 58 207.2058432909485 0.005122892034108872
60 120 -3 -2.75 58 60 189.7266498720402 0.004580385561979483
60 120 -3 -2.75 60 65 408.4216254402419 0.009484522695117903
60 120 -3 -2.75 65 70 330.7672311579535 0.007278419108331491
60 120 -3 -2.75 70 80 489.9768152589694 0.01005038123662416
60 120 -3 -2.75 80 90 331.1276484149199 0.006244849380948381
60 120 -3 -2.75 90 100 227.3247222683094 0.004001245094286787
60 120 -2.75 -2.5 0 0.5 -2.655568612362151 6.993970188018395e-05
60 120 -2.75 -2.5 0.5 1 -2136.73271745858 0.05625295712889056
60 120 -2.75 -2.5 1 1.5 2053.26187312088 0.01448971920126496
60 120 -2.75 -2.5 1.5 2 3847.571102996537 0.05147124602444819
60 120 -2.75 -2.5 2 2.5 3999.211405665631 0.09571349531825035
60 120 -2.75 -2.5 2.5 3 3766.972900059581 0.00963604882645086
60 120 -2.75 -2.5 3 3.5 3451.293430099479 0.1708949944818414
60 120 -2.75 -2.5 3.5 4 3137.888247852429 0.1515698300913755
60 120 -2.75 -2.5 4 4.5 2851.034641387051 0.1350909091061112
60 120 -2.75 -2.5 4.5 5 2595.879077123554 0.1209652193238071
60 120 -2.75 -2.5 5 5.5 2371.165397250201 0.108907563536377
60 120 -2.75 -2.5 5.5 6 2173.473408280463 0.0985051990392094
60 120 -2.75 -2.5 6 6.5 1999.251342658294 0.08958179677347289
60 120 -2.75 -2.5 6.5 7 1845.277718169548 0.08178035176115372
60 120 -2.75 -2.5 7 7.5 1708.636243076495 0.07501209936162923
60 120 -2.75 -2.5 7.5 8 1586.83981270146 0.06903831698195972
60 120 -2.75 -2.5 8 8.5 1477.811341477495 0.06374016554877926
60 120 -2.75 -2.5 8.5 9 1379.826837465002 0.05904343279325985
60 120 -2.75 -2.5 9 9.5 1291.419153465179 0.05481538949970854
60 120 -2.75 -2.5 9.5 10 1211.370638799889 0.05101051834594728
60 120 -2.75 -2.5 10 10.5 1138.63031674135 0.05338301304277593
60 120 -2.75 -2.5 10.5 11 1072.314531259032 0.0468106173580054
60 120 -2.75 -2.5 11 11.5 1011.660981072812 0.0416714110109524
60 120 -2.75 -2.5 11.5 12 956.0316746440759 0.03910389241571011
60 120 -2.75 -2.5 12 12.5 904.8772632042715 0.03676789850396744
60 120 -2.75 -2.5 12.5 13 857.7189066087241 0.03463007903383186
60 120 -2.75 -2.5 13 13.5 814.1429956883497 0.03266754570881858
60 120 -2.75 -2.5 13.5 14 773.779860639938 0.03085985312134198
60 120 -2.75 -2.5 14 14.5 736.3141044225963 0.02919295233152752
60 120 -2.75 -2.5 14.5 15 701.4691320084188 0.02765726010829894
60 120 -2.75 -2.5 15 16 1307.691577159377 0.05111160797514458
60 120 -2.75 -2.5 16 17 1194.168643422361 0.04613591699057906
60 120 -2.75 -2.5 17 18 1094.462730224195 0.04180402388874427
60 120 -2.75 -2.5 18 19 1006.375767620248 0.03799013818161256
60 120 -2.75 -2.5 19 20 928.137781318906 0.03464082900757148
60 120 -2.75 -2.5 20 21 858.3147248575586 0.04238204394494005
60 120 -2.75 -2.5 21 22 795.7287444756867 0.03607251782023013
60 120 -2.75 -2.5 22 23 739.3958017886238 0.03028995569422932
60 120 -2.75 -2.5 23 24 688.503171520226 0.02581557341079588
60 120 -2.75 -2.5 24 25 642.3662302767317 0.02262174613417756
60 120 -2.75 -2.5 25 26 600.4034445818878 0.02088734083406507
60 120 -2.75 -2.5 26 27 562.1233808349987 0.0193159823802489
60 120 -2.75 -2.5 27 28 527.109359743421 0.01789243036034804
60 120 -2.75 -2.5 28 29 494.9992837208791 0.01659234714594504
60 120 -2.75 -2.5 29 30 465.4757165523372 0.01541048876367768
60 120 -2.75 -2.5 30 31 438.2679997891722 0.01432637485004307
60 120 -2.75 -2.5 31 32 413.1439153181335 0.01333210839078447
60 120 -2.75 -2.5 32 33 389.8975479513863 0.01241606182134092
60 120 -2.75 -2.5 33 34 368.346250655717 0.01157718658618023
60 120 -2.75 -2.5 34 35 348.3297551899306 0.01080251481727146
60 120 -2.75 -2.5 35 36 329.7091002248678 0.01008948274255772
60 120 -2.75 -2.5 36 37 312.3599591896433 0.009430995897787398
60 120 -2.75 -2.5 37 38 296.1700126931091 0.008823268392745831
60 120 -2.75 -2.5 38 39 281.0393415340895 0.008259361601346882
60 120 -2.75 -2.5 39 40 266.8793258552126 0.007736417844114385
60 120 -2.75 -2.5 40 42 494.7792450134876 0.02009311919005086
60 120 -2.75 -2.5 42 44 447.9694517438065 0.01591265458341695
60 120 -2.75 -2.5 44 46 406.5489477271012 0.01203408606949097
60 120 -2.75 -2.5 46 48 369.7541654110651 0.009668836860328156
60 120 -2.75 -2.5 48 50 336.9512241348529 0.008576988209085812
60 120 -2.75 -2.5 50 52 307.6103393553271 0.00762435836242048
60 120 -2.75 -2.5 52 54 281.2918242094074 0.006792439610535439
60 120 -2.75 -2.5 54 56 257.619380577835 0.006061600274222201
60 120 -2.75 -2.5 56 58 236.2726641239528 0.005420150150627023
60 120 -2.75 -2.5 58 60 216.9819994670989 0.004855665824521793
60 120 -2.75 -2.5 60 65 469.5177344870987 0.01659706710404407
60 120 -2.75 -2.5 65 70 383.2257739324325 0.007786408098979791
60 120 -2.75 -2.5 70 80 574.4811293047889 0.01084916019215143
60 120 -2.75 -2.5 80 90 395.0571680447996 0.006837573602524571
60 120 -2.75 -2.5 90 100 276.3131562672127 0.004452706960535124
60 120 -2.5 -2.4 0 0.5 -1.123296571693864 3.979763516848145e-05
60 120 -2.5 -2.4 0.5 1 -1016.085925799597 0.009448410578215771
60 120 -2.5 -2.4 1 1.5 722.3929409066278 0.01697273678962574
60 120 -2.5 -2.4 1.5 2 1526.202628170907 0.03344216472987682
60 120 -2.5 -2.4 2 2.5 1616.394357988534 0.02109912263472324
60 120 -2.5 -2.4 2.5 3 1534.759867106523 0.04411356378000164
60 120 -2.5 -2.4 3 3.5 1412.756560493737 0.06870859618038594
60 120 -2.5 -2.4 3.5 4 1288.457017779368 0.06108354495904678
60 120 -2.5 -2.4 4 4.5 1173.343368672882 0.05450789040833115
60 120 -2.5 -2.4 4.5 5 1070.310515261267 0.04888133509643922
60 120 -2.5 -2.4 5 5.5 979.0568104078102 0.04409055451151289
60 120 -2.5 -2.4 5.5 6 898.5058261368431 0.03992166248406193
60 120 -2.5 -2.4 6 6.5 827.3872407407721 0.03633246764059095
60 120 -2.5 -2.4 6.5 7 764.3840419826536 0.03319766829076798
60 120 -2.5 -2.4 7 7.5 708.3612667539493 0.03044529595968015
60 120 -2.5 -2.4 7.5 8 658.3553003140482 0.03046519050690222
60 120 -2.5 -2.4 8 8.5 613.5420926716996 0.02676372650557823
60 120 -2.5 -2.4 8.5 9 573.2279975361067 0.02396866135347864
60 120 -2.5 -2.4 9 9.5 536.8260207815023 0.02438840242632523
60 120 -2.5 -2.4 9.5 10 503.831445224378 0.02073943764435171
60 120 -2.5 -2.4 10 10.5 473.8204509498835 0.02242630813429969
60 120 -2.5 -2.4 10.5 11 446.4389875470394 0.01936257788031526
60 120 -2.5 -2.4 11 11.5 421.3873253787472 0.01980127340686977
60 120 -2.5 -2.4 11.5 12 398.4003314819209 0.01593740892514006
60 120 -2.5 -2.4 12 12.5 377.2507802757472 0.01499438857399582
60 120 -2.5 -2.4 12.5 13 357.7406041753231 0.01733081582131035
60 120 -2.5 -2.4 13 13.5 339.7009533559815 0.0165242886094461
60 120 -2.5 -2.4 13.5 14 322.9847940691404 0.01258942500231797
60 120 -2.5 -2.4 14 14.5 307.4623490450633 0.01191140415795644
60 120 -2.5 -2.4 14.5 15 293.0214387475823 0.01128282096783551
60 120 -2.5 -2.4 15 16 546.5541876569308 0.02085539213067023
60 120 -2.5 -2.4 16 17 499.458972680338 0.01883147086022063
60 120 -2.5 -2.4 17 18 458.0642490578732 0.01707124182837561
60 120 -2.5 -2.4 18 19 421.4710116059748 0.01552346239321878
60 120 -2.5 -2.4 19 20 388.9562837098852 0.01415959886071505
60 120 -2.5 -2.4 20 21 359.9241234334588 0.012948584095966
60 120 -2.5 -2.4 21 22 333.8844769415081 0.01503464808530453
60 120 -2.5 -2.4 22 23 310.4357214295651 0.01275077327301233
60 120 -2.5 -2.4 23 24 289.2419637091034 0.01078642580029054
60 120 -2.5 -2.4 24 25 270.0214663874832 0.00929675063406421
60 120 -2.5 -2.4 25 26 252.5336823667652 0.008549125352573128
60 120 -2.5 -2.4 26 27 236.5745937275374 0.007909569497570601
60 120 -2.5 -2.4 27 28 221.9701168488117 0.007324803720138107
60 120 -2.5 -2.4 28 29 208.5696782195861 0.006795419063109875
60 120 -2.5 -2.4 29 30 196.2444132975968 0.006309875521537833
60 120 -2.5 -2.4 30 31 184.8831923106259 0.005866982140958044
60 120 -2.5 -2.4 31 32 174.3883935778197 0.005459077613863883
60 120 -2.5 -2.4 32 33 164.6741174087901 0.005087024315741928
60 120 -2.5 -2.4 33 34 155.6650514690227 0.004743109319292671
60 120 -2.5 -2.4 34 35 147.294536927514 0.004425751770952502
60 120 -2.5 -2.4 35 36 139.5042291444897 0.00413428778205116
60 120 -2.5 -2.4 36 37 132.242518161618 0.003865523727085929
60 120 -2.5 -2.4 37 38 125.4635889201788 0.00361563677843435
60 120 -2.5 -2.4 38 39 119.1265734978327 0.003384529946004022
60 120 -2.5 -2.4 39 40 113.1947589482589 0.003172107238526678
60 120 -2.5 -2.4 40 42 210.0523245502521 0.008871151284921552
60 120 -2.5 -2.4 42 44 190.4178208143857 0.006922074160655711
60 120 -2.5 -2.4 44 46 173.0302160664723 0.005226421096978129
60 120 -2.5 -2.4 46 48 157.573503371844 0.003979665921178821
60 120 -2.5 -2.4 48 50 143.7838199360731 0.003526057444474873
60 120 -2.5 -2.4 50 52 131.4396708600136 0.003134754798310269
60 120 -2.5 -2.4 52 54 120.3561576543654 0.002794478398172373
60 120 -2.5 -2.4 54 56 110.3787695092165 0.0024949797503524
60 120 -2.5 -2.4 56 58 101.3752022858137 0.002233598172324491
60 120 -2.5 -2.4 58 60 93.23125105618924 0.002002203489539056
60 120 -2.5 -2.4 60 65 202.2438577466313 0.004633716599329318
60 120 -2.5 -2.4 65 70 165.6974534867072 0.003221883179321594
60 120 -2.5 -2.4 70 80 249.8288951157892 0.004507076794368459
60 120 -2.5 -2.4 80 90 173.2621631727056 0.002858082837036591
60 120 -2.5 -2.4 90 100 122.289830134864 0.00187464188809372
60 120 -2.4 -2.3 0 0.5 -1.157289513991043 2.970257110090913e-05
60 120 -2.4 -2.3 0.5 1 -1103.843532285736 0.008582079564121159
60 120 -2.4 -2.3 1 1.5 667.3706713753461 0.008709140695827955
60 120 -2.4 -2.3 1.5 2 1517.648110197312 0.0107289858999593
60 120 -2.4 -2.3 2 2.5 1623.910240217462 0.03719563269009996
60 120 -2.4 -2.3 2.5 3 1548.572362979848 0.03410663592489982
60 120 -2.4 -2.3 3 3.5 1429.023464515729 0.06951084655884188
60 120 -2.4 -2.3 3.5 4 1305.39254770229 0.061756610862858
60 120 -2.4 -2.3 4 4.5 1190.267606442658 0.05521709013305554
60 120 -2.4 -2.3 4.5 5 1086.734477909165 0.04948446841603982
60 120 -2.4 -2.3 5 5.5 994.824222778842 0.04464929267430762
60 120 -2.4 -2.3 5.5 6 913.5791453134818 0.04042519066308614
60 120 -2.4 -2.3 6 6.5 841.7302697320521 0.0367866444566971
60 120 -2.4 -2.3 6.5 7 778.0025746472553 0.03363988169007825
60 120 -2.4 -2.3 7 7.5 721.2814954225623 0.03083495418547955
60 120 -2.4 -2.3 7.5 8 670.6212627813999 0.02839607190617244
60 120 -2.4 -2.3 8 8.5 625.1989594737863 0.02623807621318974
60 120 -2.4 -2.3 8.5 9 584.3115871646005 0.02429625765466881
60 120 -2.4 -2.3 9 9.5 547.364134986923 0.02256879900028252
60 120 -2.4 -2.3 9.5 10 513.8593799617346 0.02167484071935633
60 120 -2.4 -2.3 10 10.5 483.3772802458753 0.02247003184652385
60 120 -2.4 -2.3 10.5 11 455.5607791315036 0.01957483703154139
60 120 -2.4 -2.3 11 11.5 430.100147899744 0.01719909501957773
60 120 -2.4 -2.3 11.5 12 406.7300851808607 0.01773145530876263
60 120 -2.4 -2.3 12 12.5 385.2185587903716 0.01709039794576483
60 120 -2.4 -2.3 12.5 13 365.3693721030928 0.01548492933545731
60 120 -2.4 -2.3 13 13.5 347.0119388772476 0.0139166180458119
60 120 -2.4 -2.3 13.5 14 329.9998451569207 0.01390326681507759
60 120 -2.4 -2.3 14 14.5 314.2012770446059 0.01421646403053956
60 120 -2.4 -2.3 14.5 15 299.499283147527 0.01389785341689276
60 120 -2.4 -2.3 15 16 558.7792938950098 0.02499767634037653
60 120 -2.4 -2.3 16 17 510.7973211557739 0.02384797266410033
60 120 -2.4 -2.3 17 18 468.6131174967988 0.02226596228098288
60 120 -2.4 -2.3 18 19 431.3140306402922 0.02048422470323885
60 120 -2.4 -2.3 19 20 398.1597346189042 0.01987816227182293
60 120 -2.4 -2.3 20 21 368.5458289388414 0.01832135093292209
60 120 -2.4 -2.3 21 22 341.9790116029009 0.0153411233220595
60 120 -2.4 -2.3 22 23 318.0509154470095 0.01295124970067718
60 120 -2.4 -2.3 23 24 296.420821417046 0.01110226721607432
60 120 -2.4 -2.3 24 25 276.7992575021242 0.009496552037035144
60 120 -2.4 -2.3 25 26 258.9424665771363 0.008648652488375319
60 120 -2.4 -2.3 26 27 242.6424641235215 0.008000483128313363
60 120 -2.4 -2.3 27 28 227.722165910846 0.007414890452594136
60 120 -2.4 -2.3 28 29 214.0305337611956 0.006876884978964881
60 120 -2.4 -2.3 29 30 201.4363926663184 0.006385042878235936
60 120 -2.4 -2.3 30 31 189.8255090862412 0.005939850422578274
60 120 -2.4 -2.3 31 32 179.0976676156474 0.00552833826833421
60 120 -2.4 -2.3 32 33 169.1650316466767 0.005148938346337673
60 120 -2.4 -2.3 33 34 159.9509808764529 0.004802799190855467
60 120 -2.4 -2.3 34 35 151.388828817041 0.004484215291512328
60 120 -2.4 -2.3 35 36 143.4194305128333 0.00418727412400699
60 120 -2.4 -2.3 36 37 135.9903538336473 0.003914324341536712
60 120 -2.4 -2.3 37 38 129.0544361882785 0.003663532188681984
60 120 -2.4 -2.3 38 39 122.5693100521234 0.003430205964633615
60 120 -2.4 -2.3 39 40 116.4970043378302 0.00321217211642022
60 120 -2.4 -2.3 40 42 216.263870664912 0.009077002442751336
60 120 -2.4 -2.3 42 44 196.1537621433894 0.006976335552877799
60 120 -2.4 -2.3 44 46 178.3423730993048 0.005519888605903134
60 120 -2.4 -2.3 46 48 162.502409292033 0.004297952606492572
60 120 -2.4 -2.3 48 50 148.363639211767 0.003572106892221427
60 120 -2.4 -2.3 50 52 135.702993907585 0.003177781149247494
60 120 -2.4 -2.3 52 54 124.3331990833532 0.002832376213419252
60 120 -2.4 -2.3 54 56 114.09428531755 0.002530533963323478
60 120 -2.4 -2.3 56 58 104.8501542736776 0.002265032189058047
60 120 -2.4 -2.3 58 60 96.48540511715188 0.00203130911681626
60 120 -2.4 -2.3 60 65 209.529149992894 0.004228532503105953
60 120 -2.4 -2.3 65 70 171.9449142985773 0.003272653646206436
60 120 -2.4 -2.3 70 80 259.8951425858151 0.004584217155354509
60 120 -2.4 -2.3 80 90 180.9058441905381 0.002913860295535642
60 120 -2.4 -2.3 90 100 128.1931745347253 0.001916609632132804
60 120 -2.3 -2.2 0 0.5 -1.190761656940222 3.046091402736373e-05
60 120 -2.3 -2.2 0.5 1 -1189.272906877311 0.0261062251763633
60 120 -2.3 -2.2 1 1.5 613.1598749707939 0.0163515383479762
60 120 -2.3 -2.2 1.5 2 1508.559165305879 0.04446969882860685
60 120 -2.3 -2.2 2 2.5 1630.400990003356 0.04969298697938029
60 120 -2.3 -2.2 2.5 3 1561.36242483347 0.0779844244943888
60 120 -2.3 -2.2 3 3.5 1444.178253430515 0.06948474938440086
60 120 -2.3 -2.2 3.5 4 1321.365047445097 0.06190458211176519
60 120 -2.3 -2.2 4 4.5 1206.221492625212 0.05536138547040537
60 120 -2.3 -2.2 4.5 5 1102.253699469369 0.04965661493133666
60 120 -2.3 -2.2 5 5.5 1009.767366546541 0.04481682967173128
60 120 -2.3 -2.2 5.5 6 927.8785155348402 0.04061331666139267
60 120 -2.3 -2.2 6 6.5 855.3383475586506 0.03698881312686808
60 120 -2.3 -2.2 6.5 7 790.9247405828187 0.03383320147986524
60 120 -2.3 -2.2 7 7.5 733.5575551721309 0.03103085063764865
60 120 -2.3 -2.2 7.5 8 682.2889971197602 0.02858489356231075
60 120 -2.3 -2.2 8 8.5 636.2876990417016 0.02642332723382879
60 120 -2.3 -2.2 8.5 9 594.8467645763373 0.02447766353111547
60 120 -2.3 -2.2 9 9.5 557.3820253905835 0.02275081193829465
60 120 -2.3 -2.2 9.5 10 523.4013462581223 0.02119282676699186
60 120 -2.3 -2.2 10 10.5 492.4774386258805 0.02303217583374817
60 120 -2.3 -2.2 10.5 11 464.2457455793827 0.01995658549981272
60 120 -2.3 -2.2 11 11.5 438.3937713153052 0.01744884262728874
60 120 -2.3 -2.2 11.5 12 414.6542489121238 0.01629835855698047
60 120 -2.3 -2.2 12 12.5 392.7981614438854 0.01532842587386085
60 120 -2.3 -2.2 12.5 13 372.6287898443896 0.0144399953948664
60 120 -2.3 -2.2 13 13.5 353.9744323424747 0.0136251086614152
60 120 -2.3 -2.2 13.5 14 336.6812789356992 0.01291106596863756
60 120 -2.3 -2.2 14 14.5 320.615430761042 0.01228279357462725
60 120 -2.3 -2.2 14.5 15 305.6609725925646 0.01154086137051991
60 120 -2.3 -2.2 15 16 570.4071027790974 0.02168534319866922
60 120 -2.3 -2.2 16 17 521.5828992918524 0.01991614359678806
60 120 -2.3 -2.2 17 18 478.6475528020435 0.01854792858779319
60 120 -2.3 -2.2 18 19 440.6710254041182 0.01706463829913218
60 120 -2.3 -2.2 19 20 406.9027848472772 0.01638228930016794
60 120 -2.3 -2.2 20 21 376.7331685586048 0.01854381002038963
60 120 -2.3 -2.2 21 22 349.6644693156747 0.01570745090430137
60 120 -2.3 -2.2 22 23 325.2797664686566 0.01322796081876731
60 120 -2.3 -2.2 23 24 303.2314405317783 0.01235999763179052
60 120 -2.3 -2.2 24 25 283.2255217074045 0.01212746411999888
60 120 -2.3 -2.2 25 26 265.0131740257222 0.01137869062756636
60 120 -2.3 -2.2 26 27 248.3865336126618 0.01077403442741343
60 120 -2.3 -2.2 27 28 233.1664594814445 0.01006659022661438
60 120 -2.3 -2.2 28 29 219.1981878419249 0.009669001853325199
60 120 -2.3 -2.2 29 30 206.3473213285377 0.009645391936857095
60 120 -2.3 -2.2 30 31 194.4961853687899 0.009488326516475354
60 120 -2.3 -2.2 31 32 183.5430559902316 0.009025862643284199
60 120 -2.3 -2.2 32 33 173.4004968147459 0.00839011752850638
60 120 -2.3 -2.2 33 34 163.9919620682709 0.008017723342220506
60 120 -2.3 -2.2 34 35 155.2487361099807 0.004536674404306495
60 120 -2.3 -2.2 35 36 147.1097313620727 0.00423875752164804
60 120 -2.3 -2.2 36 37 139.5204576774085 0.003961568823456219
60 120 -2.3 -2.2 37 38 132.4327769153519 0.003707111747246472
60 120 -2.3 -2.2 38 39 125.8042263254334 0.003469722668015152
60 120 -2.3 -2.2 39 40 119.5972431993473 0.003251598366730946
60 120 -2.3 -2.2 40 42 222.0935008860206 0.009297326450592891
60 120 -2.3 -2.2 42 44 201.5336028749141 0.007396988116141756
60 120 -2.3 -2.2 44 46 183.3155278371534 0.005793803580502299
60 120 -2.3 -2.2 46 48 167.1080758918677 0.004347706558320397
60 120 -2.3 -2.2 48 50 152.6393419055957 0.003616560591240159
60 120 -2.3 -2.2 50 52 139.6801409167252 0.003217371097065325
60 120 -2.3 -2.2 52 54 128.0372885765861 0.002868611645851615
60 120 -2.3 -2.2 54 56 117.5489445327903 0.002562635833754712
60 120 -2.3 -2.2 56 58 108.0777673309327 0.002293722835858603
60 120 -2.3 -2.2 58 60 99.50557276001365 0.002057588571048541
60 120 -2.3 -2.2 60 65 216.2754340737879 0.004284565835661169
60 120 -2.3 -2.2 65 70 177.7133742893709 0.003317721853164812
60 120 -2.3 -2.2 70 80 269.1577438133355 0.004651970841734965
60 120 -2.3 -2.2 80 90 187.9155127763461 0.002961540144269748
60 120 -2.3 -2.2 90 100 133.5974718110385 0.001952154010922413
60 120 -2.2 -2.1 0 0.5 -1.224001938144239 3.01421405513036e-05
60 120 -2.2 -2.1 0.5 1 -1272.658810487835 0.02460771644450688
60 120 -2.2 -2.1 1 1.5 559.7905788835503 0.01052685946433485
60 120 -2.2 -2.1 1.5 2 1499.058063599162 0.01511861019116623
60 120 -2.2 -2.1 2 2.5 1636.172323487096 0.007647762787200918
60 120 -2.2 -2.1 2.5 3 1573.26248146793 0.07850259342535537
60 120 -2.2 -2.1 3 3.5 1458.471633210411 0.0699669534133136
60 120 -2.2 -2.1 3.5 4 1336.515725538591 0.0623963620705581
60 120 -2.2 -2.1 4 4.5 1221.360554631918 0.0557788614371475
60 120 -2.2 -2.1 4.5 5 1117.027818912861 0.05010951691178889
60 120 -2.2 -2.1 5 5.5 1024.027026133497 0.04519359190283012
60 120 -2.2 -2.1 5.5 6 941.5199455922473 0.04099909913429656
60 120 -2.2 -2.1 6 6.5 868.3184073737912 0.03732186654633551
60 120 -2.2 -2.1 6.5 7 803.2723594065767 0.03414697260279809
60 120 -2.2 -2.1 7 7.5 745.3049860646288 0.0313464104567629
60 120 -2.2 -2.1 7.5 8 693.4501215770878 0.02887954620314304
60 120 -2.2 -2.1 8 8.5 646.8849350513394 0.02669083119030802
60 120 -2.2 -2.1 8.5 9 604.9210449994471 0.02473647125225398
60 120 -2.2 -2.1 9 9.5 566.9747302903812 0.02297951900425232
60 120 -2.2 -2.1 9.5 10 532.5419575520751 0.02140810763557965
60 120 -2.2 -2.1 10 10.5 501.1915707782297 0.02368116457319047
60 120 -2.2 -2.1 10.5 11 472.5573881617383 0.02033735479267307
60 120 -2.2 -2.1 11 11.5 446.3296140645833 0.01776645727386494
60 120 -2.2 -2.1 11.5 12 422.2401169640827 0.01646129313206757
60 120 -2.2 -2.1 12 12.5 400.0596180220593 0.01549492940210939
60 120 -2.2 -2.1 12.5 13 379.585881301977 0.01458509470518266
60 120 -2.2 -2.1 13 13.5 360.6419831439613 0.01377142591582015
60 120 -2.2 -2.1 13.5 14 343.0763654964987 0.01301473472028647
60 120 -2.2 -2.1 14 14.5 326.7550085694765 0.01231688825538413
60 120 -2.2 -2.1 14.5 15 311.5603003333509 0.0116656037755547
60 120 -2.2 -2.1 15 16 581.5387098487271 0.02157148616004179
60 120 -2.2 -2.1 16 17 531.9103664703174 0.01948711819454729
60 120 -2.2 -2.1 17 18 488.2508317089477 0.01766096045423637
60 120 -2.2 -2.1 18 19 449.6210027099501 0.01607227586896443
60 120 -2.2 -2.1 19 20 415.2622469046582 0.0146546197669295
60 120 -2.2 -2.1 20 21 384.5625081289564 0.01903657590918328
60 120 -2.2 -2.1 21 22 357.0124193893377 0.01604071895525294
60 120 -2.2 -2.1 22 23 332.1882983399709 0.0137322481655815
60 120 -2.2 -2.1 23 24 309.7345669304643 0.01172800316703615
60 120 -2.2 -2.1 24 25 289.3554204676716 0.009930437752359467
60 120 -2.2 -2.1 25 26 270.8033871558412 0.009155890721842752
60 120 -2.2 -2.1 26 27 253.8661301051813 0.009134008623817635
60 120 -2.2 -2.1 27 28 238.358898278855 0.00927439730264723
60 120 -2.2 -2.1 28 29 224.1221882273614 0.008970494142943153
60 120 -2.2 -2.1 29 30 211.0201684945681 0.008440516635317863
60 120 -2.2 -2.1 30 31 198.9361340464673 0.007829511667779343
60 120 -2.2 -2.1 31 32 187.7686499025604 0.007633494789558881
60 120 -2.2 -2.1 32 33 177.4273660388895 0.007479489405170625
60 120 -2.2 -2.1 33 34 167.8324968418481 0.007481509175676138
60 120 -2.2 -2.1 34 35 158.9134071803112 0.007358475807166087
60 120 -2.2 -2.1 35 36 150.6083640040918 0.007071205513028644
60 120 -2.2 -2.1 36 37 142.8631764483092 0.006553367096785223
60 120 -2.2 -2.1 37 38 135.6300478659427 0.00626937971605912
60 120 -2.2 -2.1 38 39 128.8656812869469 0.006179571476053525
60 120 -2.2 -2.1 39 40 122.5308947701167 0.003289487555377946
60 120 -2.2 -2.1 40 42 227.6033038763865 0.00975614768768196
60 120 -2.2 -2.1 42 44 206.6065470759558 0.007578978584831475
60 120 -2.2 -2.1 44 46 187.9979304451249 0.005857567655681351
60 120 -2.2 -2.1 46 48 171.4412029733211 0.004645973879689791
60 120 -2.2 -2.1 48 50 156.6551561528319 0.003658914700650939
60 120 -2.2 -2.1 50 52 143.4076065650068 0.003253845320983828
60 120 -2.2 -2.1 52 54 131.5040837946021 0.002902082268178674
60 120 -2.2 -2.1 54 56 120.7789598236058 0.002591521973201338
60 120 -2.2 -2.1 56 58 111.0908220976333 0.002321098212732409
60 120 -2.2 -2.1 58 60 102.3194313991338 0.002081399475230228
60 120 -2.2 -2.1 60 65 222.5459173045521 0.004335069685481585
60 120 -2.2 -2.1 65 70 183.0588536801945 0.003358057430489225
60 120 -2.2 -2.1 70 80 277.7075771143525 0.004710876695469324
60 120 -2.2 -2.1 80 90 194.3601015345434 0.003002931137842779
60 120 -2.2 -2.1 90 100 138.5510941084619 0.001982253259825484
60 120 -2.1 -2 0 0.5 -1.256545130167029 5.141882801495967e-05
60 120 -2.1 -2 0.5 1 -1354.048087446163 0.05078124274450602
60 120 -2.1 -2 1 1.5 507.1703441273905 0.02428740140095442
60 120 -2.1 -2 1.5 2 1489.209690293327 0.01632539563456703
60 120 -2.1 -2 2 2.5 1641.387710223736 0.02452485958929174
60 120 -2.1 -2 2.5 3 1584.418567377061 0.0253781072124184
60 120 -2.1 -2 3 3.5 1472.096919460187 0.07076781485420724
60 120 -2.1 -2 3.5 4 1350.968257085867 0.0631291467311712
60 120 -2.1 -2 4 4.5 1235.835969012098 0.05653235810882506
60 120 -2.1 -2 4.5 5 1131.2149281374 0.05075673850910789
60 120 -2.1 -2 5 5.5 1037.71968647283 0.04584357553335394
60 120 -2.1 -2 5.5 6 954.6056301775116 0.04153246448640857
60 120 -2.1 -2 6 6.5 880.8023838293783 0.03784374548285996
60 120 -2.1 -2 6.5 7 815.1647269007793 0.034590715942727
60 120 -2.1 -2 7 7.5 756.6075673894562 0.03175052007259183
60 120 -2.1 -2 7.5 8 704.1842713866852 0.02927874692431942
60 120 -2.1 -2 8 8.5 657.0879950501068 0.02700814280797204
60 120 -2.1 -2 8.5 9 614.6329257182117 0.02503357986415722
60 120 -2.1 -2 9 9.5 576.2219567862599 0.02328354520886933
60 120 -2.1 -2 9.5 10 541.348259524721 0.02164881235580651
60 120 -2.1 -2 10 10.5 509.5853661795467 0.02398394629273071
60 120 -2.1 -2 10.5 11 480.5662916576342 0.02056018412883986
60 120 -2.1 -2 11 11.5 453.9804298422811 0.0178703174575503
60 120 -2.1 -2 11.5 12 429.5578857998325 0.01663317462208624
60 120 -2.1 -2 12 12.5 407.0622112416715 0.01566870990330926
60 120 -2.1 -2 12.5 13 386.2907568621739 0.0147781179185813
60 120 -2.1 -2 13 13.5 367.0686311902192 0.01392746389382182
60 120 -2.1 -2 13.5 14 349.240189535472 0.01314515047459963
60 120 -2.1 -2 14 14.5 332.6724589272935 0.01245704578872164
60 120 -2.1 -2 14.5 15 317.2468608782192 0.01181225865917668
60 120 -2.1 -2 15 16 592.2719667582323 0.0217983090474263
60 120 -2.1 -2 16 17 541.8629972374916 0.01971022168947911
60 120 -2.1 -2 17 18 497.4999105032981 0.01785745749526768
60 120 -2.1 -2 18 19 458.2355759834378 0.01622934202350734
60 120 -2.1 -2 19 20 423.3118226108185 0.01482681936192876
60 120 -2.1 -2 20 21 392.101098468997 0.01353168939175475
60 120 -2.1 -2 21 22 364.0818240828036 0.01665266259675491
60 120 -2.1 -2 22 23 338.8250490575317 0.01392922737323943
60 120 -2.1 -2 23 24 315.9781979011576 0.01169048648341686
60 120 -2.1 -2 24 25 295.2438841177119 0.01009472840985381
60 120 -2.1 -2 25 26 276.3658102908724 0.00973614722011007
60 120 -2.1 -2 26 27 259.1240788657865 0.009614358296062164
60 120 -2.1 -2 27 28 243.3326970803872 0.009078758384816865
60 120 -2.1 -2 28 29 228.833970345882 0.008214714750920393
60 120 -2.1 -2 29 30 215.4918916580532 0.007988496632634678
60 120 -2.1 -2 30 31 203.1861348632911 0.007952238291181857
60 120 -2.1 -2 31 32 191.8110049312487 0.00800731950471345
60 120 -2.1 -2 32 33 181.2740239126263 0.007689743495802759
60 120 -2.1 -2 33 34 171.495168262977 0.007104286880519339
60 120 -2.1 -2 34 35 162.4046626405865 0.006594774170707751
60 120 -2.1 -2 35 36 153.940548208749 0.006461456764895956
60 120 -2.1 -2 36 37 146.0468681813354 0.006418525210250436
60 120 -2.1 -2 37 38 138.6736825025273 0.006405453334537015
60 120 -2.1 -2 38 39 131.7765269831619 0.006065621567017843
60 120 -2.1 -2 39 40 125.316161636678 0.005702155713009915
60 120 -2.1 -2 40 42 232.8261356547906 0.01058008356238815
60 120 -2.1 -2 42 44 211.4103689496034 0.01030894630270041
60 120 -2.1 -2 44 46 192.4257397684933 0.006172498650670377
60 120 -2.1 -2 46 48 175.5290266210111 0.004678727505051938
60 120 -2.1 -2 48 50 160.4380445084056 0.003698509895485813
60 120 -2.1 -2 50 52 146.9155412635676 0.003289906545887789
60 120 -2.1 -2 52 54 134.7617638343897 0.002933417785982328
60 120 -2.1 -2 54 56 123.8086193631826 0.002620397480768588
60 120 -2.1 -2 56 58 113.913127254461 0.002345798078707162
60 120 -2.1 -2 58 60 104.9525081166969 0.002104199772873017
60 120 -2.1 -2 60 65 228.4018023647886 0.00438187289219627
60 120 -2.1 -2 65 70 188.0373196536814 0.003394627675362472
60 120 -2.1 -2 70 80 285.6397735096993 0.004763730343029238
60 120 -2.1 -2 80 90 200.30843507173 0.003038516370395428
60 120 -2.1 -2 90 100 143.1020300549557 0.002007956862826177
60 120 -2 -1.9 0 0.5 -1.288299259144941 3.182102076459969e-05
60 120 -2 -1.9 0.5 1 -1432.334282469189 0.02844365888927314
60 120 -2 -1.9 1 1.5 457.2524644134086 0.009022106518159489
60 120 -2 -1.9 1.5 2 1480.300216692705 0.01815449614332465
60 120 -2 -1.9 2 2.5 1646.94578386979 0.06554465698832246
60 120 -2 -1.9 2.5 3 1595.615211826283 0.07891048578244408
60 120 -2 -1.9 3 3.5 1485.65198931194 0.07056546445255663
60 120 -2 -1.9 3.5 4 1365.212594363246 0.06313112805332821
60 120 -2 -1.9 4 4.5 1250.112488172438 0.0564787683981649
60 120 -2 -1.9 4.5 5 1145.167625952641 0.05083604021456267
60 120 -2 -1.9 5 5.5 1051.134326379952 0.04585983610172661
60 120 -2 -1.9 5.5 6 967.4373364199091 0.04166402143732739
60 120 -2 -1.9 6 6.5 893.0399190103042 0.03788879533533418
60 120 -2 -1.9 6.5 7 826.79496106008 0.03473324660069466
60 120 -2 -1.9 7 7.5 767.6475322120074 0.03188880647724091
60 120 -2 -1.9 7.5 8 714.6682125453104 0.02937341357687728
60 120 -2 -1.9 8 8.5 667.0565614396678 0.02719285532305094
60 120 -2 -1.9 8.5 9 624.1079604008947 0.02518420641069952
60 120 -2 -1.9 9 9.5 585.2320108027367 0.02340178828774242
60 120 -2 -1.9 9.5 10 549.9246804971663 0.02183423225881143
60 120 -2 -1.9 10 10.5 517.7559912763293 0.02420698217372319
60 120 -2 -1.9 10.5 11 488.3616353188929 0.02101541530851136
60 120 -2 -1.9 11 11.5 461.4233144970226 0.01819363692413845
60 120 -2 -1.9 11.5 12 436.6689297025946 0.01680742677325497
60 120 -2 -1.9 12 12.5 413.8621453418916 0.01580462708272989
60 120 -2 -1.9 12.5 13 392.7981516610553 0.01489644873936413
60 120 -2 -1.9 13 13.5 373.300351652154 0.01407557547111082
60 120 -2 -1.9 13.5 14 355.216422817388 0.01330281453761017
60 120 -2 -1.9 14 14.5 338.4087011689271 0.01258012989467261
60 120 -2 -1.9 14.5 15 322.7574145388423 0.01191938490552502
60 120 -2 -1.9 15 16 602.6632181297928 0.02205755382431107
60 120 -2 -1.9 16 17 551.4802380030012 0.01990676580828676
60 120 -2 -1.9 17 18 506.4269543151399 0.01806189528684854
60 120 -2 -1.9 18 19 466.5541757556134 0.01642304169212139
60 120 -2 -1.9 19 20 431.0786672161613 0.01499218383662537
60 120 -2 -1.9 20 21 399.3588137298776 0.01371983825509915
60 120 -2 -1.9 21 22 370.8762527747988 0.01655569353454212
60 120 -2 -1.9 22 23 345.2049634197175 0.014057112007265
60 120 -2 -1.9 23 24 321.9824340266269 0.0121825650216465
60 120 -2 -1.9 24 25 300.8994499240727 0.01056106991615025
60 120 -2 -1.9 25 26 281.6964581439623 0.009635416220760362
60 120 -2 -1.9 26 27 264.1564167896727 0.008467551985575028
60 120 -2 -1.9 27 28 248.0939066959291 0.008282952872747273
60 120 -2 -1.9 28 29 233.3459195944405 0.008349925475584996
60 120 -2 -1.9 29 30 219.7708875783458 0.008358495059781035
60 120 -2 -1.9 30 31 207.2462077476203 0.007676748419811474
60 120 -2 -1.9 31 32 195.6668973190272 0.006977614210825323
60 120 -2 -1.9 32 33 184.9412415075645 0.006649004309025486
60 120 -2 -1.9 33 34 174.9878832048936 0.006716912376987239
60 120 -2 -1.9 34 35 165.7340570289581 0.006783538869314043
60 120 -2 -1.9 35 36 157.115669113154 0.006279871066567466
60 120 -2 -1.9 36 37 149.0767227683415 0.005773669023426464
60 120 -2 -1.9 37 38 141.5674090847571 0.005624191822590774
60 120 -2 -1.9 38 39 134.5428300874133 0.005407081431258121
60 120 -2 -1.9 39 40 127.9629030923198 0.005332571594962587
60 120 -2 -1.9 40 42 237.7874993257992 0.01039203319984949
60 120 -2 -1.9 42 44 215.9662698341405 0.009043966813464976
60 120 -2 -1.9 44 46 196.6199568908907 0.008606061320364233
60 120 -2 -1.9 46 48 179.3997831474655 0.008121031206712814
60 120 -2 -1.9 48 50 164.0164828538227 0.007360081555333409
60 120 -2 -1.9 50 52 150.2295812193911 0.006863481602323418
60 120 -2 -1.9 52 54 137.8364134837703 0.00665006103352539
60 120 -2 -1.9 54 56 126.6654298675906 0.006092463905631007
60 120 -2 -1.9 56 58 116.5716245049809 0.005555685332367943
60 120 -2 -1.9 58 60 107.4306271143775 0.005303051351020827
60 120 -2 -1.9 60 65 233.9041294932715 0.004425692080445742
60 120 -2 -1.9 65 70 192.7007918672066 0.009593441521360546
60 120 -2 -1.9 70 80 293.03963874903 0.0048112010961745
60 120 -2 -1.9 80 90 205.8249852192771 0.003069868570150902
60 120 -2 -1.9 90 100 147.295822991174 0.002029847286507902
60 120 -1.9 -1.8 0 0.5 -1.319751453035948 3.19968027360229e-05
60 120 -1.9 -1.8 0.5 1 -1506.152937149235 0.009708841032079363
60 120 -1.9 -1.8 1 1.5 411.2017134210694 0.00168196976329682
60 120 -1.9 -1.8 1.5 2 1473.113315951002 0.01427339374617986
60 120 -1.9 -1.8 2 2.5 1653.210486588067 0.002048230937134576
60 120 -1.9 -1.8 2.5 3 1607.170533635902 0.07954479650334179
60 120 -1.9 -1.8 3 3.5 1499.22898888447 0.07125474206463878
60 120 -1.9 -1.8 3.5 4 1379.370721558079 0.06367584870235987
60 120 -1.9 -1.8 4 4.5 1264.226967620321 0.05703795665840516
60 120 -1.9 -1.8 4.5 5 1158.863875681893 0.05131612305558519
60 120 -1.9 -1.8 5 5.5 1064.282481749766 0.0463693024234999
60 120 -1.9 -1.8 5.5 6 979.9946041144016 0.04210373588603034
60 120 -1.9 -1.8 6 6.5 904.9726046769904 0.03838337753097676
60 120 -1.9 -1.8 6.5 7 838.1148588966553 0.03512978814194412
60 120 -1.9 -1.8 7 7.5 778.3839182726306 0.03766284945527332
60 120 -1.9 -1.8 7.5 8 724.8600161829273 0.03511584409568513
60 120 -1.9 -1.8 8 8.5 676.7262510822562 0.03153156370296983
60 120 -1.9 -1.8 8.5 9 633.2899532106143 0.03026915831617316
60 120 -1.9 -1.8 9 9.5 593.9550427326554 0.02710055965678748
60 120 -1.9 -1.8 9.5 10 558.2220651973989 0.02516166043869816
60 120 -1.9 -1.8 10 10.5 525.6597227056382 0.02458832140155209
60 120 -1.9 -1.8 10.5 11 495.8963025523511 0.02136444640495938
60 120 -1.9 -1.8 11 11.5 468.6121892781251 0.02098589482454827
60 120 -1.9 -1.8 11.5 12 443.5298974628441 0.01918581130820485
60 120 -1.9 -1.8 12 12.5 420.4161935706458 0.0172170784193213
60 120 -1.9 -1.8 12.5 13 399.06884629307 0.01593929143979267
60 120 -1.9 -1.8 13 13.5 379.3088947448828 0.01474294269758047
60 120 -1.9 -1.8 13.5 14 360.9780761138829 0.01429289358554797
60 120 -1.9 -1.8 14 14.5 343.9368678162571 0.01388903819560028
60 120 -1.9 -1.8 14.5 15 328.0626190618451 0.01337243368607233
60 120 -1.9 -1.8 15 16 612.6482178047506 0.02336811883469636
60 120 -1.9 -1.8 16 17 560.7206080004689 0.0201301903221065
60 120 -1.9 -1.8 17 18 515.01469279845 0.01874162847116168
60 120 -1.9 -1.8 18 19 474.5453824694981 0.0179737242583542
60 120 -1.9 -1.8 19 20 438.5221430613996 0.01517445734174316
60 120 -1.9 -1.8 20 21 406.3138682262782 0.02002270678377727
60 120 -1.9 -1.8 21 22 377.3962096642164 0.01707952438442817
60 120 -1.9 -1.8 22 23 351.3252838896821 0.01472314261320662
60 120 -1.9 -1.8 23 24 327.730711183807 0.01239573613133871
60 120 -1.9 -1.8 24 25 306.3075469981358 0.01048431717549647
60 120 -1.9 -1.8 25 26 286.7974951333377 0.00915593332302933
60 120 -1.9 -1.8 26 27 268.97641353314 0.008779686414243315
60 120 -1.9 -1.8 27 28 252.6515272915867 0.007958097910119477
60 120 -1.9 -1.8 28 29 237.6588778342766 0.007280221938856357
60 120 -1.9 -1.8 29 30 223.8574027171912 0.006760807481356323
60 120 -1.9 -1.8 30 31 211.1245147851341 0.006285465242399368
60 120 -1.9 -1.8 31 32 199.3523013332722 0.006311013999265924
60 120 -1.9 -1.8 32 33 188.4457852087396 0.005782114882578071
60 120 -1.9 -1.8 33 34 178.3224881713289 0.005082527730564834
60 120 -1.9 -1.8 34 35 168.9103165950433 0.004935114133729712
60 120 -1.9 -1.8 35 36 160.144328244123 0.00473332840869034
60 120 -1.9 -1.8 36 37 151.9672358149637 0.004569414509944636
60 120 -1.9 -1.8 37 38 144.32801305148 0.004515607061648552
60 120 -1.9 -1.8 38 39 137.1808561732451 0.004127538975751577
60 120 -1.9 -1.8 39 40 130.485383177648 0.003851143306491167
60 120 -1.9 -1.8 40 42 242.5123326337632 0.01045263891674608
60 120 -1.9 -1.8 42 44 220.3046417613084 0.008255986052091657
60 120 -1.9 -1.8 44 46 200.6121485411458 0.006496291551655986
60 120 -1.9 -1.8 46 48 183.0813529862323 0.006238436144116122
60 120 -1.9 -1.8 48 50 167.4182105875653 0.006391021776096295
60 120 -1.9 -1.8 50 52 153.3771229823602 0.00574707384953399
60 120 -1.9 -1.8 52 54 140.7540418547908 0.005313214068081606
60 120 -1.9 -1.8 54 56 129.3754236617383 0.00538691907820521
60 120 -1.9 -1.8 56 58 119.0921022290677 0.005331445493638398
60 120 -1.9 -1.8 58 60 109.7768066463113 0.004913602596872124
60 120 -1.9 -1.8 60 65 239.1017065654634 0.01108288850790018
60 120 -1.9 -1.8 65 70 197.0951917087481 0.00901363800562649
60 120 -1.9 -1.8 70 80 299.9757073366066 0.004854754678945028
60 120 -1.9 -1.8 80 90 210.9578179363544 0.00309745900349867
60 120 -1.9 -1.8 90 100 151.172881759806 0.002048686330851979
60 120 -1.8 -1.7 0 0.5 -1.350730483606025 5.67082157243437e-05
60 120 -1.8 -1.7 0.5 1 -1581.113982122273 0.02174288252467704
60 120 -1.8 -1.7 1 1.5 361.9043468841168 0.007426679827517546
60 120 -1.8 -1.7 1.5 2 1462.795229377813 0.05816640993066358
60 120 -1.8 -1.7 2 2.5 1656.645255279191 0.06520609996914573
60 120 -1.8 -1.7 2.5 3 1616.312768413291 0.07941050954264028
60 120 -1.8 -1.7 3 3.5 1510.663263254949 0.07125200974246582
60 120 -1.8 -1.7 3.5 4 1391.699551834067 0.06374240552008814
60 120 -1.8 -1.7 4 4.5 1276.694071957975 0.05711483330514966
60 120 -1.8 -1.7 4.5 5 1171.109200260787 0.05142614617579966
60 120 -1.8 -1.7 5 5.5 1076.152198976803 0.04647244809439144
60 120 -1.8 -1.7 5.5 6 991.3891838433556 0.042209399146941
60 120 -1.8 -1.7 6 6.5 915.8556935042102 0.03847035309820512
60 120 -1.8 -1.7 6.5 7 848.4851032015443 0.03522563022988834
60 120 -1.8 -1.7 7 7.5 788.2637711975891 0.03236198561455694
60 120 -1.8 -1.7 7.5 8 734.2621395798199 0.03033394093370134
60 120 -1.8 -1.7 8 8.5 685.6694243924845 0.02851960380212404
60 120 -1.8 -1.7 8.5 9 641.7971426107791 0.02582145377436973
60 120 -1.8 -1.7 9 9.5 602.0614687953289 0.02391350776792933
60 120 -1.8 -1.7 9.5 10 565.954455397813 0.02252176193735522
60 120 -1.8 -1.7 10 10.5 533.0379592314889 0.02524940998659986
60 120 -1.8 -1.7 10.5 11 502.935754484127 0.02198264682920126
60 120 -1.8 -1.7 11 11.5 475.3304711339763 0.01869895035747504
60 120 -1.8 -1.7 11.5 12 449.9547594865587 0.01709938082160534
60 120 -1.8 -1.7 12 12.5 426.571710600758 0.01609821818658475
60 120 -1.8 -1.7 12.5 13 404.971363857774 0.01571226227832767
60 120 -1.8 -1.7 13 13.5 384.9692631850179 0.01573278144002188
60 120 -1.8 -1.7 13.5 14 366.4055631778794 0.01507787788551695
60 120 -1.8 -1.7 14 14.5 349.1427468778778 0.01356185269111165
60 120 -1.8 -1.7 14.5 15 333.0614782089675 0.01215525666162875
60 120 -1.8 -1.7 15 16 622.0889225882835 0.02263828700768045
60 120 -1.8 -1.7 16 17 569.4886087801626 0.02288033304637338
60 120 -1.8 -1.7 17 18 523.1594935255049 0.0202337597523865
60 120 -1.8 -1.7 18 19 482.1265460817892 0.01696274980173484
60 120 -1.8 -1.7 19 20 445.6074275919493 0.01637088528639197
60 120 -1.8 -1.7 20 21 412.9498574319185 0.01587417114211576
60 120 -1.8 -1.7 21 22 383.6148151295328 0.01741482239077641
60 120 -1.8 -1.7 22 23 357.1618165305832 0.01467316373248195
60 120 -1.8 -1.7 23 24 333.2233178575316 0.01258390302984935
60 120 -1.8 -1.7 24 25 311.4860853514887 0.01126287897750444
60 120 -1.8 -1.7 25 26 291.6834488508434 0.009739622462291209
60 120 -1.8 -1.7 26 27 273.5917255998981 0.009149330753018603
60 120 -1.8 -1.7 27 28 257.0175363937457 0.008451267868224477
60 120 -1.8 -1.7 28 29 241.7950571033584 0.008179193238618154
60 120 -1.8 -1.7 29 30 227.7801310240774 0.007764488764024691
60 120 -1.8 -1.7 30 31 214.8475071687209 0.006704180160909345
60 120 -1.8 -1.7 31 32 202.8893580212501 0.00629625684055668
60 120 -1.8 -1.7 32 33 191.8102200470503 0.006154257877795999
60 120 -1.8 -1.7 33 34 181.5258917480495 0.005859662145667244
60 120 -1.8 -1.7 34 35 171.9622326807221 0.005428100040717254
60 120 -1.8 -1.7 35 36 163.0542177011931 0.004977171921950685
60 120 -1.8 -1.7 36 37 154.7437056619321 0.004603732351313283
60 120 -1.8 -1.7 37 38 146.9792022878188 0.004677900818848002
60 120 -1.8 -1.7 38 39 139.7142293933918 0.004572652955545209
60 120 -1.8 -1.7 39 40 132.9075066996671 0.004207060885335068
60 120 -1.8 -1.7 40 42 247.0478300059072 0.01070396681177499
60 120 -1.8 -1.7 42 44 224.466701388742 0.008475887245396052
60 120 -1.8 -1.7 44 46 204.4396948649478 0.006838685512917664
60 120 -1.8 -1.7 46 48 186.6058877854985 0.005868061199322483
60 120 -1.8 -1.7 48 50 170.6700246564072 0.005303131613402456
60 120 -1.8 -1.7 50 52 156.3846939761705 0.005282989082758149
60 120 -1.8 -1.7 52 54 143.5394970994712 0.005065862723512282
60 120 -1.8 -1.7 54 56 131.9573979010618 0.004708637266702453
60 120 -1.8 -1.7 56 58 121.4888922510476 0.004198360189491268
60 120 -1.8 -1.7 58 60 112.0061581330931 0.004114668458441884
60 120 -1.8 -1.7 60 65 244.031821569452 0.01030273693845629
60 120 -1.8 -1.7 65 70 201.2453087817643 0.009464399190420636
60 120 -1.8 -1.7 70 80 306.4974328463693 0.00489423753617757
60 120 -1.8 -1.7 80 90 215.748881100043 0.003122467055192146
60 120 -1.8 -1.7 90 100 154.7648905229712 0.002065215007434062
60 120 -1.7 -1.6 0 0.5 -1.380726383104473 3.373636320347373e-05
60 120 -1.7 -1.6 0.5 1 -1654.668837541092 0.04190336028614183
60 120 -1.7 -1.6 1 1.5 312.1286410844052 0.007367051747962705
60 120 -1.7 -1.6 1.5 2 1451.162928555904 0.02558229384862898
60 120 -1.7 -1.6 2 2.5 1658.668054121386 0.02062782833672827
60 120 -1.7 -1.6 2.5 3 1624.033192929327 0.0229521064261462
60 120 -1.7 -1.6 3 3.5 1520.833534012025 0.07297827884372055
60 120 -1.7 -1.6 3.5 4 1402.84977649806 0.06525530874523611
60 120 -1.7 -1.6 4 4.5 1288.072285748308 0.0584603156155481
60 120 -1.7 -1.6 4.5 5 1182.376377342863 0.05254932146931424
60 120 -1.7 -1.6 5 5.5 1087.112115673109 0.04747223911954279
60 120 -1.7 -1.6 5.5 6 1001.933627188657 0.0430865075688871
60 120 -1.7 -1.6 6 6.5 925.9529706427296 0.0392698300719303
60 120 -1.7 -1.6 6.5 7 858.1420665769399 0.03592666289216595
60 120 -1.7 -1.6 7 7.5 797.4749566616844 0.03298686142147744
60 120 -1.7 -1.6 7.5 8 743.0274971966373 0.03040278950800257
60 120 -1.7 -1.6 8 8.5 694.0184570375 0.02810727104838406
60 120 -1.7 -1.6 8.5 9 649.7652973139366 0.02605717443634603
60 120 -1.7 -1.6 9 9.5 609.6670526936747 0.0242257722109116
60 120 -1.7 -1.6 9.5 10 573.2067227531115 0.02257070441339692
60 120 -1.7 -1.6 10 10.5 539.9503490250863 0.02540166855681036
60 120 -1.7 -1.6 10.5 11 509.5373311125596 0.0215641461191467
60 120 -1.7 -1.6 11 11.5 481.6532322425063 0.01897785230903537
60 120 -1.7 -1.6 11.5 12 456.0153734404559 0.01735745316847215
60 120 -1.7 -1.6 12 12.5 432.3780393002045 0.01633039824753268
60 120 -1.7 -1.6 12.5 13 410.5309948382351 0.01539196738821147
60 120 -1.7 -1.6 13 13.5 390.2957565943241 0.01452591295276306
60 120 -1.7 -1.6 13.5 14 371.517689332243 0.01372580206566454
60 120 -1.7 -1.6 14 14.5 354.0583569215619 0.01298815857722957
60 120 -1.7 -1.6 14.5 15 337.7934910320472 0.01230559817753374
60 120 -1.7 -1.6 15 16 631.0298858119787 0.02274837454910994
60 120 -1.7 -1.6 16 17 577.7767753100558 0.02054527954055629
60 120 -1.7 -1.6 17 18 530.870744533342 0.01862423698685234
60 120 -1.7 -1.6 18 19 489.325830028784 0.0169391275826456
60 120 -1.7 -1.6 19 20 452.3357641975227 0.01545759574668182
60 120 -1.7 -1.6 20 21 419.2477488893293 0.01413748297329676
60 120 -1.7 -1.6 21 22 389.5246930153065 0.0176877891217373
60 120 -1.7 -1.6 22 23 362.7191147410545 0.01514103961579849
60 120 -1.7 -1.6 23 24 338.4548336279881 0.0127804380872476
60 120 -1.7 -1.6 24 25 316.4184428189973 0.01107582625479608
60 120 -1.7 -1.6 25 26 296.3413644112642 0.009516490541443545
60 120 -1.7 -1.6 26 27 277.9955763247607 0.008643014403901361
60 120 -1.7 -1.6 27 28 261.1861331428002 0.00800826067535354
60 120 -1.7 -1.6 28 29 245.7454363839325 0.007427867548983613
60 120 -1.7 -1.6 29 30 231.5282231658187 0.006898503503805387
60 120 -1.7 -1.6 30 31 218.4078230140252 0.006414291489505786
60 120 -1.7 -1.6 31 32 206.2738566919445 0.005968395939987658
60 120 -1.7 -1.6 32 33 195.0304482806986 0.005559883715619662
60 120 -1.7 -1.6 33 34 184.5926766595238 0.005185029100744032
60 120 -1.7 -1.6 34 35 174.8855519577375 0.005406921430676448
60 120 -1.7 -1.6 35 36 165.8422836101192 0.005302285547287511
60 120 -1.7 -1.6 36 37 157.4041566772406 0.004838521081239833
60 120 -1.7 -1.6 37 38 149.5196954334306 0.004571716087980349
60 120 -1.7 -1.6 38 39 142.1422357043062 0.004426509404623857
60 120 -1.7 -1.6 39 40 135.2301517484103 0.004408530902196617
60 120 -1.7 -1.6 40 42 251.399568407194 0.01113656085871639
60 120 -1.7 -1.6 42 44 228.4581951472349 0.008775449073652908
60 120 -1.7 -1.6 44 46 208.1070884134207 0.007074356940961479
60 120 -1.7 -1.6 46 48 189.9846914794589 0.00671775825082932
60 120 -1.7 -1.6 48 50 173.7879951892054 0.006686903022654178
60 120 -1.7 -1.6 50 52 159.2637495871561 0.006054941347969134
60 120 -1.7 -1.6 52 54 146.2018979501548 0.005047200227636495
60 120 -1.7 -1.6 54 56 134.4248722284863 0.00512720282790724
60 120 -1.7 -1.6 56 58 123.7785911532966 0.00516481919626699
60 120 -1.7 -1.6 58 60 114.1316239159284 0.00456508821386592
60 120 -1.7 -1.6 60 65 248.7159155141325 0.009798707045746369
60 120 -1.7 -1.6 65 70 205.1779425828892 0.00890240923004626
60 120 -1.7 -1.6 70 80 312.6349125285079 0.01447564934153434
60 120 -1.7 -1.6 80 90 220.2266288756296 0.003144963807329759
60 120 -1.7 -1.6 90 100 158.1013635366855 0.002079647306828747
60 120 -1.6 -1.5 0 0.5 -1.409986709771909 3.315264662262507e-05
60 120 -1.6 -1.5 0.5 1 -1727.099892546101 0.08162128566004867
60 120 -1.6 -1.5 1 1.5 262.4725826597394 0.004800001917999452
60 120 -1.6 -1.5 1.5 2 1439.010784729705 0.0111119916282405
60 120 -1.6 -1.5 2 2.5 1660.105335856962 0.01643493940537155
60 120 -1.6 -1.5 2.5 3 1631.101511799486 0.07972240919275464
60 120 -1.6 -1.5 3 3.5 1530.393623151663 0.07180028898483215
60 120 -1.6 -1.5 3.5 4 1413.402431634535 0.06441187713403451
60 120 -1.6 -1.5 4 4.5 1298.914721591927 0.05780754588067794
60 120 -1.6 -1.5 4.5 5 1193.155217669366 0.05208514565310907
60 120 -1.6 -1.5 5 5.5 1097.598100409976 0.04713617459378838
60 120 -1.6 -1.5 5.5 6 1012.05256203316 0.04284099291555776
60 120 -1.6 -1.5 6 6.5 935.6850260088971 0.03909995821175016
60 120 -1.6 -1.5 6.5 7 867.4427154852273 0.03583622429437128
60 120 -1.6 -1.5 7 7.5 806.3319759072474 0.03295022468000752
60 120 -1.6 -1.5 7.5 8 751.4850685755811 0.03038267339593403
60 120 -1.6 -1.5 8 8.5 702.1005713066207 0.02810300778105557
60 120 -1.6 -1.5 8.5 9 657.4712664588221 0.0260653525356247
60 120 -1.6 -1.5 9 9.5 617.0015511137686 0.02424691154158154
60 120 -1.6 -1.5 9.5 10 580.1984911861347 0.02261023576932075
60 120 -1.6 -1.5 10 10.5 546.6385174414937 0.02546288838971122
60 120 -1.6 -1.5 10.5 11 515.9424334898032 0.02244356382334445
60 120 -1.6 -1.5 11 11.5 487.7798059812891 0.01974232281651211
60 120 -1.6 -1.5 11.5 12 461.87112996259 0.0174342793589517
60 120 -1.6 -1.5 12 12.5 437.9805060400523 0.0164114380060596
60 120 -1.6 -1.5 12.5 13 415.9022317262185 0.01547340725727508
60 120 -1.6 -1.5 13 13.5 395.4538806987848 0.01461339869030098
60 120 -1.6 -1.5 13.5 14 376.4738930524923 0.01381717610894384
60 120 -1.6 -1.5 14 14.5 358.8203268415436 0.01307820068439014
60 120 -1.6 -1.5 14.5 15 342.3698918092103 0.01239652416393255
60 120 -1.6 -1.5 15 16 639.6665004165667 0.02293885792528272
60 120 -1.6 -1.5 16 17 585.7958022931251 0.02073029875543853
60 120 -1.6 -1.5 17 18 538.3329251300767 0.01880371582740281
60 120 -1.6 -1.5 18 19 496.2825862355757 0.01711009455203794
60 120 -1.6 -1.5 19 20 458.8355072074546 0.01561517896789155
60 120 -1.6 -1.5 20 21 425.3333842722074 0.01428771335361034
60 120 -1.6 -1.5 21 22 395.232708606731 0.01795038995265941
60 120 -1.6 -1.5 22 23 368.0824590364455 0.01535880718455473
60 120 -1.6 -1.5 23 24 343.5026689803418 0.01315493802485435
60 120 -1.6 -1.5 24 25 321.1745465336278 0.01120151707198147
60 120 -1.6 -1.5 25 26 300.8293444788349 0.00966555949605663
60 120 -1.6 -1.5 26 27 282.2367302081163 0.008736540840970974
60 120 -1.6 -1.5 27 28 265.198618621332 0.008093668790024822
60 120 -1.6 -1.5 28 29 249.5454523831355 0.007507419859308584
60 120 -1.6 -1.5 29 30 235.131169407794 0.006970536888161405
60 120 -1.6 -1.5 30 31 221.8279929299141 0.006479635879998114
60 120 -1.6 -1.5 31 32 209.524171312472 0.006029364897926826
60 120 -1.6 -1.5 32 33 198.1212318934865 0.005616676747251859
60 120 -1.6 -1.5 33 34 187.5332594566449 0.005236359351613373
60 120 -1.6 -1.5 34 35 177.6851858556888 0.004886389292352078
60 120 -1.6 -1.5 35 36 168.5109067351931 0.004562667097701478
60 120 -1.6 -1.5 36 37 159.9509154934478 0.004264138313857302
60 120 -1.6 -1.5 37 38 151.9518031962229 0.004154732640216707
60 120 -1.6 -1.5 38 39 144.4658546208925 0.004308666733436439
60 120 -1.6 -1.5 39 40 137.4504273697791 0.004235920439327856
60 120 -1.6 -1.5 40 42 255.5521803982686 0.01112285095086918
60 120 -1.6 -1.5 42 44 232.2653969841692 0.008887216197223324
60 120 -1.6 -1.5 44 46 211.6062560613184 0.007368017186621501
60 120 -1.6 -1.5 46 48 193.2031785938821 0.006481509802654273
60 120 -1.6 -1.5 48 50 176.7531262320965 0.005690311108878632
60 120 -1.6 -1.5 50 52 162.0028200419761 0.006189740370928121
60 120 -1.6 -1.5 52 54 148.7354902300905 0.005789722063809677
60 120 -1.6 -1.5 54 56 136.7692987413127 0.005329550943542927
60 120 -1.6 -1.5 56 58 125.9504754188027 0.005118627233358097
60 120 -1.6 -1.5 58 60 116.1475023359877 0.004849352363947901
60 120 -1.6 -1.5 60 65 253.1589740273525 0.01094729633604175
60 120 -1.6 -1.5 65 70 208.89606796512 0.009226954979197899
60 120 -1.6 -1.5 70 80 318.4198151107034 0.01460746304320537
60 120 -1.6 -1.5 80 90 224.4201793746413 0.01095764671015331
60 120 -1.6 -1.5 90 100 161.2058999540524 0.00209269713209892
60 120 -1.5 -1.4 0 0.5 -1.437294841785137 4.267563421134213e-05
60 120 -1.5 -1.4 0.5 1 -1797.41093646082 0.02563561830152139
60 120 -1.5 -1.4 1 1.5 214.3286589882208 0.005021051652391861
60 120 -1.5 -1.4 1.5 2 1427.077528979749 0.04490520542753984
60 120 -1.5 -1.4 2 2.5 1661.321007406591 0.01631414803478037
60 120 -1.5 -1.4 2.5 3 1637.822920771099 0.08027838029875056
60 120 -1.5 -1.4 3 3.5 1539.535897242842 0.07236712805888601
60 120 -1.5 -1.4 3.5 4 1423.517907056493 0.06490281786000196
60 120 -1.5 -1.4 4 4.5 1309.367150456194 0.05827613896008188
60 120 -1.5 -1.4 4.5 5 1203.50002636868 0.05249896916370744
60 120 -1.5 -1.4 5 5.5 1107.699510003606 0.04752818496285727
60 120 -1.5 -1.4 5.5 6 1021.83486000439 0.0431968512966705
60 120 -1.5 -1.4 6 6.5 945.0483987247591 0.03942862817893911
60 120 -1.5 -1.4 6.5 7 876.382790235538 0.03613305504643449
60 120 -1.5 -1.4 7 7.5 814.8956983009118 0.03322555409602046
60 120 -1.5 -1.4 7.5 8 759.6648700549915 0.03065065405451151
60 120 -1.5 -1.4 8 8.5 709.8843243975406 0.02835825789975388
60 120 -1.5 -1.4 8.5 9 664.8804650073929 0.02631383989182723
60 120 -1.5 -1.4 9 9.5 624.0770896425792 0.02448465055397264
60 120 -1.5 -1.4 9.5 10 586.9671716884581 0.02282972444299958
60 120 -1.5 -1.4 10 10.5 553.105961688304 0.02615971550574159
60 120 -1.5 -1.4 10.5 11 522.1174516141842 0.02264701446631534
60 120 -1.5 -1.4 11 11.5 493.6810334018863 0.01956561446337446
60 120 -1.5 -1.4 11.5 12 467.521513532814 0.01761439492605632
60 120 -1.5 -1.4 12 12.5 443.3968294804845 0.01658664342562588
60 120 -1.5 -1.4 12.5 13 421.0965127058531 0.01563679609859037
60 120 -1.5 -1.4 13 13.5 400.437430528506 0.01476187433166842
60 120 -1.5 -1.4 13.5 14 381.2579461418035 0.01395396242781999
60 120 -1.5 -1.4 14 14.5 363.4159845318492 0.01320901367785154
60 120 -1.5 -1.4 14.5 15 346.7881931479549 0.01251854757947513
60 120 -1.5 -1.4 15 16 648.0114534060438 0.02315558900488668
60 120 -1.5 -1.4 16 17 593.5402907856952 0.02092694716588994
60 120 -1.5 -1.4 17 18 545.5374212249473 0.01898039818456709
60 120 -1.5 -1.4 18 19 502.9965969565647 0.01727111092463929
60 120 -1.5 -1.4 19 20 465.1078121614702 0.01576108446346325
60 120 -1.5 -1.4 20 21 431.2053044162765 0.01442110108905581
60 120 -1.5 -1.4 21 22 400.73874804654 0.01833918209666763
60 120 -1.5 -1.4 22 23 373.252916786147 0.01563274495316591
60 120 -1.5 -1.4 23 24 348.3665608275048 0.01334258735511185
60 120 -1.5 -1.4 24 25 325.7574423084884 0.01147673416528505
60 120 -1.5 -1.4 25 26 305.1518460054199 0.009878596295266107
60 120 -1.5 -1.4 26 27 286.3182781429279 0.008817746469105714
60 120 -1.5 -1.4 27 28 269.0588876016006 0.008167933796528359
60 120 -1.5 -1.4 28 29 253.2018828434736 0.007575245409356057
60 120 -1.5 -1.4 29 30 238.5977290403521 0.007296182371760551
60 120 -1.5 -1.4 30 31 225.1159321901486 0.007341927402535475
60 120 -1.5 -1.4 31 32 212.6443160131443 0.00646930054520567
60 120 -1.5 -1.4 32 33 201.0856843922876 0.005668282842606231
60 120 -1.5 -1.4 33 34 190.3542253534025 0.005744803590118863
60 120 -1.5 -1.4 34 35 180.3723972880364 0.006160106004045929
60 120 -1.5 -1.4 35 36 171.0715718028395 0.006158090263170379
60 120 -1.5 -1.4 36 37 162.3910985277391 0.005542126300724703
60 120 -1.5 -1.4 37 38 154.2782233736517 0.004770223178354627
60 120 -1.5 -1.4 38 39 146.6859288231157 0.004452556294410215
60 120 -1.5 -1.4 39 40 139.5715203474127 0.004755839222809755
60 120 -1.5 -1.4 40 42 259.5204618084443 0.01177970468972944
60 120 -1.5 -1.4 42 44 235.8966175135152 0.009201597640043246
60 120 -1.5 -1.4 44 46 214.9343809490447 0.007310009622983671
60 120 -1.5 -1.4 46 48 196.2626340219813 0.006966770562826241
60 120 -1.5 -1.4 48 50 179.5708062780506 0.006372570033505554
60 120 -1.5 -1.4 50 52 164.5994475018723 0.006144694897727732
60 120 -1.5 -1.4 52 54 151.1314802956403 0.005472682195545531
60 120 -1.5 -1.4 54 56 138.984680518158 0.004778479847203698
60 120 -1.5 -1.4 56 58 128.0029824510887 0.00471545819863195
60 120 -1.5 -1.4 58 60 118.0510798924477 0.004782307898963722
60 120 -1.5 -1.4 60 65 257.3432854279486 0.00983618961367938
60 120 -1.5 -1.4 65 70 212.3949531991851 0.009132851325205138
60 120 -1.5 -1.4 70 80 323.8547247045827 0.01431615231200567
60 120 -1.5 -1.4 80 90 228.3499744083227 0.01069291498635039
60 120 -1.5 -1.4 90 100 164.1041445254022 0.008123878316723676
60 120 -1.4 -1.3 0 0.5 -1.463591915303685 3.985165018294268e-05
60 120 -1.4 -1.3 0.5 1 -1863.664144097496 0.02311446916473869
60 120 -1.4 -1.3 1 1.5 169.5903259723737 0.001797827359609983
60 120 -1.4 -1.3 1.5 2 1416.529046365049 0.005545924244188427
60 120 -1.4 -1.3 2 2.5 1663.075555778025 0.05591788450578861
60 120 -1.4 -1.3 2.5 3 1644.767864065222 0.08116859915708119
60 120 -1.4 -1.3 3 3.5 1548.635051182648 0.07309577477667517
60 120 -1.4 -1.3 3.5 4 1433.57425833104 0.06558653684714955
60 120 -1.4 -1.3 4 4.5 1319.587556367627 0.0589041777766397
60 120 -1.4 -1.3 4.5 5 1213.640551498801 0.05309454726193508
60 120 -1.4 -1.3 5 5.5 1117.588092555405 0.04805232528519809
60 120 -1.4 -1.3 5.5 6 1031.322070271116 0.0437011996664296
60 120 -1.4 -1.3 6 6.5 954.1381205848558 0.03989913065993278
60 120 -1.4 -1.3 6.5 7 885.0967305359982 0.03655069605110839
60 120 -1.4 -1.3 7 7.5 823.2018114756473 0.03359743032581264
60 120 -1.4 -1.3 7.5 8 767.5628301367498 0.03098133208652598
60 120 -1.4 -1.3 8 8.5 717.4065331311602 0.02865711072286103
60 120 -1.4 -1.3 8.5 9 672.0583970239121 0.02659059701966271
60 120 -1.4 -1.3 9 9.5 630.9275888756082 0.02473094962954292
60 120 -1.4 -1.3 9.5 10 593.5001148833957 0.023054077241909
60 120 -1.4 -1.3 10 10.5 559.3374143133407 0.02631447106421092
60 120 -1.4 -1.3 10.5 11 528.0686241463039 0.02277591637812293
60 120 -1.4 -1.3 11 11.5 499.3722196542617 0.0200086608277843
60 120 -1.4 -1.3 11.5 12 472.9671678899574 0.01777840650225926
60 120 -1.4 -1.3 12 12.5 448.6128214889305 0.01673391886544096
60 120 -1.4 -1.3 12.5 13 426.0942747441496 0.01577393389516146
60 120 -1.4 -1.3 13 13.5 405.228589031221 0.01489146058588631
60 120 -1.4 -1.3 13.5 14 385.8554443187977 0.01407974358596675
60 120 -1.4 -1.3 14 14.5 367.831845877784 0.01332658892187055
60 120 -1.4 -1.3 14.5 15 351.0329677192821 0.01262706131700497
60 120 -1.4 -1.3 15 16 656.0230581605925 0.02336230205855827
60 120 -1.4 -1.3 16 17 600.9676015224945 0.02111626515829812
60 120 -1.4 -1.3 17 18 552.4396706194306 0.01914948062244548
60 120 -1.4 -1.3 18 19 509.4287679162473 0.01742641470775652
60 120 -1.4 -1.3 19 20 471.1123938974962 0.01589839340209664
60 120 -1.4 -1.3 20 21 436.8207238859304 0.0145440066997935
60 120 -1.4 -1.3 21 22 406.0020331950691 0.01865534981379824
60 120 -1.4 -1.3 22 23 378.1948560486564 0.01599140338726102
60 120 -1.4 -1.3 23 24 353.0108742184704 0.01358156815058464
60 120 -1.4 -1.3 24 25 330.1273112767412 0.01140760806640628
60 120 -1.4 -1.3 25 26 309.2732240241569 0.009975842648373145
60 120 -1.4 -1.3 26 27 290.2122661954802 0.01041627086146946
60 120 -1.4 -1.3 27 28 272.7401555340342 0.0101770919911246
60 120 -1.4 -1.3 28 29 256.6828376171147 0.008783376086228145
60 120 -1.4 -1.3 29 30 241.8926608776012 0.00765223393725023
60 120 -1.4 -1.3 30 31 228.2407046876252 0.007739577759423355
60 120 -1.4 -1.3 31 32 215.612348635272 0.007933863410130471
60 120 -1.4 -1.3 32 33 203.9064186180388 0.007310820750376479
60 120 -1.4 -1.3 33 34 193.0352959515362 0.006654805646519435
60 120 -1.4 -1.3 34 35 182.9220474759014 0.006114065839256
60 120 -1.4 -1.3 35 36 173.498693519862 0.005733930255701125
60 120 -1.4 -1.3 36 37 164.7049314155518 0.00571240816094587
60 120 -1.4 -1.3 37 38 156.4859585764375 0.005488796965892107
60 120 -1.4 -1.3 38 39 148.7930228567854 0.005065245170698063
60 120 -1.4 -1.3 39 40 141.5830605143873 0.004996426628252948
60 120 -1.4 -1.3 40 42 263.2769374633212 0.01166825834695828
60 120 -1.4 -1.3 42 44 239.333377555806 0.009208706794140653
60 120 -1.4 -1.3 44 46 218.0873094291238 0.007747350110633988
60 120 -1.4 -1.3 46 48 199.1583006394551 0.007774478682193831
60 120 -1.4 -1.3 48 50 182.2324051937179 0.006536990535011
60 120 -1.4 -1.3 50 52 167.0513136344863 0.005700168062901412
60 120 -1.4 -1.3 52 54 153.3960742623932 0.006022081994814243
60 120 -1.4 -1.3 54 56 141.0781104097359 0.005587229765666279
60 120 -1.4 -1.3 56 58 129.9390114619938 0.004721508734633062
60 120 -1.4 -1.3 58 60 119.8441028274588 0.004474745005481395
60 120 -1.4 -1.3 60 65 261.2832721749029 0.01028705824523968
60 120 -1.4 -1.3 65 70 215.6815160391967 0.008902523470084134
60 120 -1.4 -1.3 70 80 328.9476788056618 0.01315609458407607
60 120 -1.4 -1.3 80 90 232.0240619573142 0.01010694551357005
60 120 -1.4 -1.3 90 100 166.8076509200646 0.007869885081277062
60 120 -1.3 -1.2 0 0.5 -1.488994259775587 3.412485580933655e-05
60 120 -1.3 -1.2 0.5 1 -1924.748792546673 0.01612943533018552
60 120 -1.3 -1.2 1 1.5 129.3753747705776 0.0007731199364400254
60 120 -1.3 -1.2 1.5 2 1407.997691342121 0.006768007956452493
60 120 -1.3 -1.2 2 2.5 1665.827576388009 0.01950877853073507
60 120 -1.3 -1.2 2.5 3 1652.017454103771 0.08114874375792169
60 120 -1.3 -1.2 3 3.5 1557.880113596796 0.07321785629073929
60 120 -1.3 -1.2 3.5 4 1443.465177921182 0.06574456231555814
60 120 -1.3 -1.2 4 4.5 1329.627377052407 0.05912667595453058
60 120 -1.3 -1.2 4.5 5 1223.53678898673 0.05331102506988827
60 120 -1.3 -1.2 5 5.5 1127.133920960649 0.04827485722648817
60 120 -1.3 -1.2 5.5 6 1040.49396512703 0.04387872849883934
60 120 -1.3 -1.2 6 6.5 962.9304167060311 0.04005980341230497
60 120 -1.3 -1.2 6.5 7 893.4711650645356 0.0367236593214102
60 120 -1.3 -1.2 7 7.5 831.1586627117144 0.03375919169468489
60 120 -1.3 -1.2 7.5 8 775.1331212417172 0.0311450625275711
60 120 -1.3 -1.2 8 8.5 724.6168114893416 0.02882319692810142
60 120 -1.3 -1.2 8.5 9 678.9268001593964 0.02674310610234443
60 120 -1.3 -1.2 9 9.5 637.4640363805144 0.02488488484289064
60 120 -1.3 -1.2 9.5 10 599.7249290092332 0.0232155125047484
60 120 -1.3 -1.2 10 10.5 565.2740767696263 0.02659082133845914
60 120 -1.3 -1.2 10.5 11 533.7361460751215 0.0230497289081768
60 120 -1.3 -1.2 11 11.5 504.786984117775 0.02032826602879823
60 120 -1.3 -1.2 11.5 12 478.1434851486231 0.01792205538595226
60 120 -1.3 -1.2 12 12.5 453.5631119506042 0.0168710979894513
60 120 -1.3 -1.2 12.5 13 430.8350231675182 0.0159030052030289
60 120 -1.3 -1.2 13 13.5 409.7736846449511 0.01501454904860111
60 120 -1.3 -1.2 13.5 14 390.2156582535553 0.01419681864530276
60 120 -1.3 -1.2 14 14.5 372.0170706125288 0.01343919797466242
60 120 -1.3 -1.2 14.5 15 355.0522664025838 0.01273430328467384
60 120 -1.3 -1.2 15 16 663.6008444443877 0.02356130520513489
60 120 -1.3 -1.2 16 17 607.9910634012364 0.02129800501256796
60 120 -1.3 -1.2 17 18 558.9629527024717 0.01931415978913265
60 120 -1.3 -1.2 18 19 515.4986007136598 0.01757875769328621
60 120 -1.3 -1.2 19 20 476.7788633454883 0.01603825141376092
60 120 -1.3 -1.2 20 21 442.1216202500649 0.01467331712598252
60 120 -1.3 -1.2 21 22 410.9639110361397 0.01891778656664656
60 120 -1.3 -1.2 22 23 382.8460953671902 0.01580777120398125
60 120 -1.3 -1.2 23 24 357.3844309977092 0.01368776715554532
60 120 -1.3 -1.2 24 25 334.2487583369809 0.01201112599557064
60 120 -1.3 -1.2 25 26 313.1575815974294 0.01024892754259099
60 120 -1.3 -1.2 26 27 293.8749829279221 0.009237242985250305
60 120 -1.3 -1.2 27 28 276.1997083458577 0.008725314689456809
60 120 -1.3 -1.2 28 29 259.9580478470563 0.00892015398727608
60 120 -1.3 -1.2 29 30 244.9965348237327 0.008284311554064061
60 120 -1.3 -1.2 30 31 231.1835324854408 0.007956647198682276
60 120 -1.3 -1.2 31 32 218.4037457585024 0.007718897062773067
60 120 -1.3 -1.2 32 33 206.5571682789885 0.007158082629359797
60 120 -1.3 -1.2 33 34 195.5557517895868 0.006701715763853144
60 120 -1.3 -1.2 34 35 185.3213324900656 0.006335340584740834
60 120 -1.3 -1.2 35 36 175.7843996225772 0.006461274465493716
60 120 -1.3 -1.2 36 37 166.8826909106716 0.006472611776274562
60 120 -1.3 -1.2 37 38 158.5615572138281 0.006081683643060387
60 120 -1.3 -1.2 38 39 150.7726056972311 0.005368773949669503
60 120 -1.3 -1.2 39 40 143.4728955984663 0.004856482305712007
60 120 -1.3 -1.2 40 42 266.811309501099 0.01202282158959633
60 120 -1.3 -1.2 42 44 242.5683454597265 0.009762951036520917
60 120 -1.3 -1.2 44 46 221.0493587560348 0.007926996660927443
60 120 -1.3 -1.2 46 48 201.876794042211 0.007221639155943649
60 120 -1.3 -1.2 48 50 184.7351738689718 0.007100400252568306
60 120 -1.3 -1.2 50 52 169.358082890815 0.006336229768237445
60 120 -1.3 -1.2 52 54 155.5233101298266 0.005578786825026327
60 120 -1.3 -1.2 54 56 143.0434159019593 0.005245159547115463
60 120 -1.3 -1.2 56 58 131.7578633703233 0.004969855026359937
60 120 -1.3 -1.2 58 60 121.5289737479307 0.004479804735552761
60 120 -1.3 -1.2 60 65 264.9825945722116 0.009663617643866473
60 120 -1.3 -1.2 65 70 218.7681474890665 0.008601057223927455
60 120 -1.3 -1.2 70 80 333.7210554353819 0.01298342634157734
60 120 -1.3 -1.2 80 90 235.4560110901216 0.009607486508656393
60 120 -1.3 -1.2 90 100 169.3225828464009 0.007502736224353157
60 120 -1.2 -1.1 0 0.5 -1.513953915338255 5.824535990717195e-05
60 120 -1.2 -1.1 0.5 1 -1981.67798460812 0.05461401375760033
60 120 -1.2 -1.1 1 1.5 91.97517636120253 0.004556844467387577
60 120 -1.2 -1.1 1.5 2 1400.093897528918 0.05220800534584669
60 120 -1.2 -1.1 2 2.5 1668.468764586444 0.0699996695864229
60 120 -1.2 -1.1 2.5 3 1658.967726292879 0.08150847438332676
60 120 -1.2 -1.1 3 3.5 1566.605882442478 0.07353938580513386
60 120 -1.2 -1.1 3.5 4 1452.83787429974 0.06602430278621796
60 120 -1.2 -1.1 4 4.5 1339.149381908825 0.06156012519704746
60 120 -1.2 -1.1 4.5 5 1232.853504067299 0.05440320885122674
60 120 -1.2 -1.1 5 5.5 1136.14758047776 0.04877439964343466
60 120 -1.2 -1.1 5.5 6 1049.169335192762 0.04429363113968066
60 120 -1.2 -1.1 6 6.5 971.2085184825675 0.04202861467376806
60 120 -1.2 -1.1 6.5 7 901.3415257180147 0.03735798929108114
60 120 -1.2 -1.1 7 7.5 838.6491337702809 0.03399021427924254
60 120 -1.2 -1.1 7.5 8 782.264537216887 0.03286283769227794
60 120 -1.2 -1.1 8 8.5 731.4014650465166 0.03062248437186099
60 120 -1.2 -1.1 8.5 9 685.3765744882824 0.02693739559720143
60 120 -1.2 -1.1 9 9.5 643.6057913320567 0.02505623816523439
60 120 -1.2 -1.1 9.5 10 605.5784926044407 0.02506216983101694
60 120 -1.2 -1.1 10 10.5 570.8554973975546 0.02702436396884877
60 120 -1.2 -1.1 10.5 11 539.0604329476104 0.02325111223899512
60 120 -1.2 -1.1 11 11.5 509.8708954951877 0.02031279625873594
60 120 -1.2 -1.1 11.5 12 483.0053865772765 0.01925102296155501
60 120 -1.2 -1.1 12 12.5 458.2171697612179 0.01957168814408305
60 120 -1.2 -1.1 12.5 13 435.2910265896583 0.01840294162724376
60 120 -1.2 -1.1 13 13.5 414.0415369605327 0.01617509517325288
60 120 -1.2 -1.1 13.5 14 394.3075750824307 0.01491827993129391
60 120 -1.2 -1.1 14 14.5 375.9451040599338 0.01451968892371269
60 120 -1.2 -1.1 14.5 15 358.8267221676394 0.01485222564684818
60 120 -1.2 -1.1 15 16 670.7188537232897 0.02792684250619004
60 120 -1.2 -1.1 16 17 614.5760558717063 0.02272482499415673
60 120 -1.2 -1.1 17 18 565.0797004037364 0.02147108300812306
60 120 -1.2 -1.1 18 19 521.1989789460544 0.02085179584207708
60 120 -1.2 -1.1 19 20 482.0921507921545 0.01828730808080081
60 120 -1.2 -1.1 20 21 447.0814722721786 0.01609658088494825
60 120 -1.2 -1.1 21 22 415.6104235149842 0.01915391525182031
60 120 -1.2 -1.1 22 23 387.209440426722 0.01633587976408535
60 120 -1.2 -1.1 23 24 361.4841837475189 0.01407827388311489
60 120 -1.2 -1.1 24 25 338.1030106226276 0.01238915430940324
60 120 -1.2 -1.1 25 26 316.7886034291139 0.0110124910689251
60 120 -1.2 -1.1 26 27 297.3032413226381 0.01027499104253593
60 120 -1.2 -1.1 27 28 279.4404930923504 0.0101187280739623
60 120 -1.2 -1.1 28 29 263.0228101953005 0.009920275401611889
60 120 -1.2 -1.1 29 30 247.8971362361289 0.008591302327175754
60 120 -1.2 -1.1 30 31 233.93249457436 0.007501862395145054
60 120 -1.2 -1.1 31 32 221.0135278064942 0.007366193932256238
60 120 -1.2 -1.1 32 33 209.0377303470629 0.00766800400504053
60 120 -1.2 -1.1 33 34 197.9138949246701 0.007389172477246575
60 120 -1.2 -1.1 34 35 187.5633644612017 0.006446672164685197
60 120 -1.2 -1.1 35 36 177.9173120787462 0.005660191199240217
60 120 -1.2 -1.1 36 37 168.9148294515422 0.005324683149382281
60 120 -1.2 -1.1 37 38 160.5004224634764 0.005316108470083236
60 120 -1.2 -1.1 38 39 152.6242009980537 0.005365652948142952
60 120 -1.2 -1.1 39 40 145.2415619651966 0.005205920764836947
60 120 -1.2 -1.1 40 42 270.113818291701 0.01219800552530614
60 120 -1.2 -1.1 42 44 245.5865564451404 0.009561387352732709
60 120 -1.2 -1.1 44 46 223.8180979334192 0.007746210940950959
60 120 -1.2 -1.1 46 48 204.4207936588157 0.006914569946872007
60 120 -1.2 -1.1 48 50 187.0750400908198 0.00629967656448116
60 120 -1.2 -1.1 50 52 171.5145322758665 0.006088251033105507
60 120 -1.2 -1.1 52 54 157.5137834628347 0.005616782007280108
60 120 -1.2 -1.1 54 56 144.8825824387959 0.005145846290844247
60 120 -1.2 -1.1 56 58 133.459542468767 0.004883718314431462
60 120 -1.2 -1.1 58 60 123.1056010277 0.004302801252009658
60 120 -1.2 -1.1 60 65 268.4473075450783 0.01024786501341168
60 120 -1.2 -1.1 65 70 221.6553635615903 0.00876455054122971
60 120 -1.2 -1.1 70 80 338.1833872337789 0.01318571680047853
60 120 -1.2 -1.1 80 90 238.6546959838719 0.009968305475553052
60 120 -1.2 -1.1 90 100 171.6554550016699 0.007619538599783482
60 120 -1.1 -1 0 0.5 -1.537491696491915 3.560498256316436e-05
60 120 -1.1 -1 0.5 1 -2036.609525043262 0.02233430630462863
60 120 -1.1 -1 1 1.5 54.56391443089258 0.001907036955849151
60 120 -1.1 -1 1.5 2 1391.043685607602 0.01044345972445626
60 120 -1.1 -1 2 2.5 1669.566762464109 0.03190188216672141
60 120 -1.1 -1 2.5 3 1664.393858453069 0.08141886686189537
60 120 -1.1 -1 3 3.5 1573.821590082124 0.07354595859305846
60 120 -1.1 -1 3.5 4 1460.862526846367 0.0661685132185994
60 120 -1.1 -1 4 4.5 1347.347442471075 0.05954085425264566
60 120 -1.1 -1 4.5 5 1240.976572225556 0.05376021713004775
60 120 -1.1 -1 5 5.5 1144.09571232168 0.04871172242474131
60 120 -1.1 -1 5.5 6 1056.830280145617 0.04430045662661541
60 120 -1.1 -1 6 6.5 978.5468393272726 0.04045172332894253
60 120 -1.1 -1 6.5 7 908.3632975333123 0.03709802581511212
60 120 -1.1 -1 7 7.5 845.3529694697625 0.03411333671886041
60 120 -1.1 -1 7.5 8 788.654813555041 0.03147534618824466
60 120 -1.1 -1 8 8.5 737.4964856363245 0.02927166096492329
60 120 -1.1 -1 8.5 9 691.1906906497794 0.02937208846822159
60 120 -1.1 -1 9 9.5 649.1458763562031 0.02559063276885354
60 120 -1.1 -1 9.5 10 610.861760628354 0.0234804491902878
60 120 -1.1 -1 10 10.5 575.9015558209389 0.02711094557389515
60 120 -1.1 -1 10.5 11 543.8860661855372 0.02374015836448962
60 120 -1.1 -1 11 11.5 514.485349506391 0.0214174056649199
60 120 -1.1 -1 11.5 12 487.4178802139769 0.0190970338728107
60 120 -1.1 -1 12 12.5 462.4404700262089 0.01769030954858408
60 120 -1.1 -1 12.5 13 439.3407346719614 0.01758714338899381
60 120 -1.1 -1 13 13.5 417.9297233492808 0.01751289313796178
60 120 -1.1 -1 13.5 14 398.040456784947 0.01628605371962522
60 120 -1.1 -1 14 14.5 379.5290887539088 0.01539577757478128
60 120 -1.1 -1 14.5 15 362.268254006055 0.01452088116474215
60 120 -1.1 -1 15 16 677.2130425512955 0.02632745646064905
60 120 -1.1 -1 16 17 620.6107460320993 0.02477633896899079
60 120 -1.1 -1 17 18 570.6936447805336 0.02375897570652796
60 120 -1.1 -1 18 19 526.4240905843418 0.02141691349061148
60 120 -1.1 -1 19 20 486.9712410913037 0.0188437224160225
60 120 -1.1 -1 20 21 451.6530199991255 0.01834436637557246
60 120 -1.1 -1 21 22 419.8979037928573 0.01964463516787873
60 120 -1.1 -1 22 23 391.2320020875233 0.01644389370835597
60 120 -1.1 -1 23 24 365.2657583766502 0.01398546502264253
60 120 -1.1 -1 24 25 341.6680248546974 0.01365049377614014
60 120 -1.1 -1 25 26 320.1528293003905 0.01328830148304405
60 120 -1.1 -1 26 27 300.4785815187648 0.01192815549757142
60 120 -1.1 -1 27 28 282.4405156903996 0.01025855609731252
60 120 -1.1 -1 28 29 265.863053828546 0.009520884322000711
60 120 -1.1 -1 29 30 250.5915305138004 0.009665710295649887
60 120 -1.1 -1 30 31 236.489913641498 0.009597782452658521
60 120 -1.1 -1 31 32 223.4401170915453 0.008531714357616238
60 120 -1.1 -1 32 33 211.3409104634868 0.007362316158065596
60 120 -1.1 -1 33 34 200.1037223472967 0.006958532742487478
60 120 -1.1 -1 34 35 189.6492206883379 0.006910419809997848
60 120 -1.1 -1 35 36 179.9061550252965 0.006844539026445773
60 120 -1.1 -1 36 37 170.811198410514 0.006265065723766838
60 120 -1.1 -1 37 38 162.308688297981 0.005655037739529689
60 120 -1.1 -1 38 39 154.3492380698746 0.005453230814083554
60 120 -1.1 -1 39 40 146.8884104652657 0.005274266176115816
60 120 -1.1 -1 40 42 273.1925381856531 0.01232707913862896
60 120 -1.1 -1 42 44 248.4053566251731 0.009880403305544405
60 120 -1.1 -1 44 46 226.4022891552421 0.007934043945084568
60 120 -1.1 -1 46 48 206.7944059766731 0.006867797346927773
60 120 -1.1 -1 48 50 189.2594460853696 0.006710275941486543
60 120 -1.1 -1 50 52 173.5264504803228 0.006054234234653677
60 120 -1.1 -1 52 54 159.3696493550178 0.005211522786709111
60 120 -1.1 -1 54 56 146.5979555815795 0.004961611052976878
60 120 -1.1 -1 56 58 135.0471317349736 0.00493074788658987
60 120 -1.1 -1 58 60 124.5762799946447 0.004412986592910784
60 120 -1.1 -1 60 65 271.6735837274289 0.009924227749365855
60 120 -1.1 -1 65 70 224.3429164520289 0.008591513616522661
60 120 -1.1 -1 70 80 342.3281287219517 0.0140801882258188
60 120 -1.1 -1 80 90 241.6143300924223 0.01027945457903456
60 120 -1.1 -1 90 100 173.8067532964269 0.007430754618638957
60 120 -1 -0.95 0 0.5 -0.776834586814561 1.772237955066647e-05
60 120 -1 -0.95 0.5 1 -1037.649594879909 0.02249093482623721
60 120 -1 -0.95 1 1.5 13.86407501026704 0.0001541424608930697
60 120 -1 -0.95 1.5 2 692.0435450436262 0.004485772600901328
60 120 -1 -0.95 2 2.5 834.9321738845985 0.0008022450587077401
60 120 -1 -0.95 2.5 3 833.8667165937169 0.04108889126814574
60 120 -1 -0.95 3 3.5 789.2807292708894 0.0370846377450107
60 120 -1 -0.95 3.5 4 733.0915789728789 0.03330928063473948
60 120 -1 -0.95 4 4.5 676.4162953126885 0.02995466073093667
60 120 -1 -0.95 4.5 5 623.2330167153092 0.02703640994604939
60 120 -1 -0.95 5 5.5 574.7258018767341 0.0245069902277919
60 120 -1 -0.95 5.5 6 531.0047000885729 0.02229729445411976
60 120 -1 -0.95 6 6.5 491.7605963248546 0.02037681144469161
60 120 -1 -0.95 6.5 7 456.5581754649273 0.01867716209420678
60 120 -1 -0.95 7 7.5 424.9502071481803 0.01718008270569271
60 120 -1 -0.95 7.5 8 396.5019266442306 0.01585614648149658
60 120 -1 -0.95 8 8.5 370.8201927467459 0.01467146256231899
60 120 -1 -0.95 8.5 9 347.5695232076238 0.01361759715626931
60 120 -1 -0.95 9 9.5 326.4600231185049 0.0126740398540619
60 120 -1 -0.95 9.5 10 307.2356285461054 0.01181849258171042
60 120 -1 -0.95 10 10.5 289.675186255426 0.01374676411012388
60 120 -1 -0.95 10.5 11 273.5902818852758 0.01192757891436713
60 120 -1 -0.95 11 11.5 258.8181132307577 0.01019499831636494
60 120 -1 -0.95 11.5 12 245.219609259407 0.00911785331410897
60 120 -1 -0.95 12 12.5 232.6701339441897 0.008583860638594842
60 120 -1 -0.95 12.5 13 221.0614088909097 0.008096238774697895
60 120 -1 -0.95 13 13.5 210.2987092511493 0.007645912227218332
60 120 -1 -0.95 13.5 14 200.2998539750462 0.007228982671193762
60 120 -1 -0.95 14 14.5 190.9931436718473 0.006844528435237862
60 120 -1 -0.95 14.5 15 182.3169523056873 0.00648928815141403
60 120 -1 -0.95 15 16 340.8459060192199 0.01200755071846515
60 120 -1 -0.95 16 17 312.3849413344379 0.01085129716568645
60 120 -1 -0.95 17 18 287.2782169470992 0.00984611861230178
60 120 -1 -0.95 18 19 265.0150032586259 0.00895550832740355
60 120 -1 -0.95 19 20 245.1741849963478 0.008173575011369394
60 120 -1 -0.95 20 21 227.4068339087558 0.007476986478621939
60 120 -1 -0.95 21 22 211.4295553727054 0.009673378205036443
60 120 -1 -0.95 22 23 197.0095169745403 0.008262751354379816
60 120 -1 -0.95 23 24 183.9470564715948 0.007243964954909643
60 120 -1 -0.95 24 25 172.0717189662067 0.006203849505311609
60 120 -1 -0.95 25 26 161.2431023682773 0.005227235105849104
60 120 -1 -0.95 26 27 151.3427846841539 0.004575269220481459
60 120 -1 -0.95 27 28 142.2668420213801 0.004238467991370953
60 120 -1 -0.95 28 29 133.9239255506052 0.003931352392697818
60 120 -1 -0.95 29 30 126.2357858332854 0.003649066464575412
60 120 -1 -0.95 30 31 119.1361545460372 0.003393107138236928
60 120 -1 -0.95 31 32 112.5670532793772 0.003157496831477147
60 120 -1 -0.95 32 33 106.4768049559604 0.002940207764268621
60 120 -1 -0.95 33 34 100.8200620152256 0.002741428213766994
60 120 -1 -0.95 34 35 95.55633362347019 0.002557927481774414
60 120 -1 -0.95 35 36 90.65027616636354 0.002387918901234798
60 120 -1 -0.95 36 37 86.07043688777374 0.002231648195305524
60 120 -1 -0.95 37 38 81.78870213701633 0.002087054697142321
60 120 -1 -0.95 38 39 77.78050625282675 0.001952536667914728
60 120 -1 -0.95 39 40 74.02337154112089 0.001828328271329838
60 120 -1 -0.95 40 42 137.6798607651917 0.006317432658363487
60 120 -1 -0.95 42 44 125.1948788494442 0.004949640877384809
60 120 -1 -0.95 44 46 114.11214568705 0.003987822578991995
60 120 -1 -0.95 46 48 104.2345106919874 0.003129082058080712
60 120 -1 -0.95 48 50 95.39950903079463 0.002357624262870672
60 120 -1 -0.95 50 52 87.47284775659281 0.00181406562438724
60 120 -1 -0.95 52 54 80.34016387358712 0.001599568200731483
60 120 -1 -0.95 54 56 73.90433582508126 0.00142712891630481
60 120 -1 -0.95 56 58 68.08314639406699 0.001276213129060011
60 120 -1 -0.95 58 60 62.80593665373179 0.001143459554043602
60 120 -1 -0.95 60 65 136.9719071453372 0.002375865214361284
60 120 -1 -0.95 65 70 113.1146869376853 0.004307959214571611
60 120 -1 -0.95 70 80 172.6142616045871 0.002566406929219056
60 120 -1 -0.95 80 90 121.8405035037061 0.001630317830631611
60 120 -1 -0.95 90 100 87.65384705109612 0.001074267281268249
60 120 -0.95 -0.9 0 0.5 -0.7818046102628747 1.772692761436989e-05
60 120 -0.95 -0.9 0.5 1 -1049.77460685815 0.01630166157360691
60 120 -0.95 -0.9 1 1.5 5.436117250274842 5.014894771449008e-05
60 120 -0.95 -0.9 1.5 2 689.8694611094581 0.001457697353430376
60 120 -0.95 -0.9 2 2.5 835.0446954780679 0.003750983851887213
60 120 -0.95 -0.9 2.5 3 834.907594618766 0.04087421966335114
60 120 -0.95 -0.9 3 3.5 790.7663098832672 0.03697429173473665
60 120 -0.95 -0.9 3.5 4 734.7428013097546 0.03326156256832746
60 120 -0.95 -0.9 4 4.5 678.1333747117957 0.02992338302362896
60 120 -0.95 -0.9 4.5 5 624.9454375207185 0.02701645335559988
60 120 -0.95 -0.9 5 5.5 576.4071251433443 0.02447645090717288
60 120 -0.95 -0.9 5.5 6 532.6287439676662 0.02227423706210629
60 120 -0.95 -0.9 6 6.5 493.316687906089 0.02034278190899386
60 120 -0.95 -0.9 6.5 7 458.0532106913778 0.0186595372526881
60 120 -0.95 -0.9 7 7.5 426.3809243812857 0.01717289071598316
60 120 -0.95 -0.9 7.5 8 397.8639029096708 0.01585334763751689
60 120 -0.95 -0.9 8 8.5 372.1180251664244 0.01468187270700128
60 120 -0.95 -0.9 8.5 9 348.8101692794721 0.01362912778506598
60 120 -0.95 -0.9 9 9.5 327.6448215218986 0.0126826003160545
60 120 -0.95 -0.9 9.5 10 308.3657681870209 0.01183417131460374
60 120 -0.95 -0.9 10 10.5 290.7536875392685 0.01379205722639654
60 120 -0.95 -0.9 10.5 11 274.6206246846325 0.01175678502596611
60 120 -0.95 -0.9 11 11.5 259.806493655547 0.01035942072189755
60 120 -0.95 -0.9 11.5 12 246.1674825809293 0.00914316251740388
60 120 -0.95 -0.9 12 12.5 233.5785931691319 0.008606887878698899
60 120 -0.95 -0.9 12.5 13 221.9311894640629 0.008116279869142318
60 120 -0.95 -0.9 13 13.5 211.1318257556793 0.007668702378538228
60 120 -0.95 -0.9 13.5 14 201.1000182807186 0.007250486279559709
60 120 -0.95 -0.9 14 14.5 191.7646254396646 0.006860227942723895
60 120 -0.95 -0.9 14.5 15 183.0604275872186 0.006503250535615734
60 120 -0.95 -0.9 15 16 342.2503440482428 0.01203826461454582
60 120 -0.95 -0.9 16 17 313.6853312615256 0.01087948302830455
60 120 -0.95 -0.9 17 18 288.4910184465998 0.009877766686997802
60 120 -0.95 -0.9 18 19 266.1494218669563 0.008986527383115117
60 120 -0.95 -0.9 19 20 246.2327237884036 0.00820515720576509
60 120 -0.95 -0.9 20 21 228.3970251771711 0.007507479473900958
60 120 -0.95 -0.9 21 22 212.3615288961131 0.009746182295430117
60 120 -0.95 -0.9 22 23 197.8867917808033 0.008538012515117543
60 120 -0.95 -0.9 23 24 184.7702760332443 0.007191790329130754
60 120 -0.95 -0.9 24 25 172.847074077817 0.006087366335833622
60 120 -0.95 -0.9 25 26 161.9769067458279 0.005276170308860628
60 120 -0.95 -0.9 26 27 152.0377841105777 0.004642602535199103
60 120 -0.95 -0.9 27 28 142.9242150573745 0.00425268206620899
60 120 -0.95 -0.9 28 29 134.5457772627014 0.003945783484169851
60 120 -0.95 -0.9 29 30 126.8255247789749 0.003663097945732829
60 120 -0.95 -0.9 30 31 119.6965103440263 0.003404247433039131
60 120 -0.95 -0.9 31 32 113.1001977502036 0.003168117964179373
60 120 -0.95 -0.9 32 33 106.9844031991869 0.00294941070919208
60 120 -0.95 -0.9 33 34 101.303132117214 0.002749199769695565
60 120 -0.95 -0.9 34 35 96.01640206215545 0.002565551421668033
60 120 -0.95 -0.9 35 36 91.08875126458213 0.00239562277451455
60 120 -0.95 -0.9 36 37 86.4887273822296 0.002237962127637161
60 120 -0.95 -0.9 37 38 82.18838835758159 0.002092893483066405
60 120 -0.95 -0.9 38 39 78.16229212414878 0.001958710939859998
60 120 -0.95 -0.9 39 40 74.38797133255134 0.001833807392515041
60 120 -0.95 -0.9 40 42 138.361980793256 0.006293858418899845
60 120 -0.95 -0.9 42 44 125.820696241429 0.005053045489773922
60 120 -0.95 -0.9 44 46 114.6859830971674 0.004016141810694762
60 120 -0.95 -0.9 46 48 104.7612270570278 0.003113224825369798
60 120 -0.95 -0.9 48 50 95.88464013681291 0.002399963452802467
60 120 -0.95 -0.9 50 52 87.92011744370642 0.001851388929622999
60 120 -0.95 -0.9 52 54 80.75273283671855 0.001604001905050723
60 120 -0.95 -0.9 54 56 74.28529485295732 0.001431213120000052
60 120 -0.95 -0.9 56 58 68.43517787234329 0.001280015043960248
60 120 -0.95 -0.9 58 60 63.13184725490162 0.001146403833594434
60 120 -0.95 -0.9 60 65 137.6860282865757 0.002382810856062179
60 120 -0.95 -0.9 65 70 113.7080028771013 0.004172977655770183
60 120 -0.95 -0.9 70 80 173.5252480175267 0.002572402761103376
60 120 -0.95 -0.9 80 90 122.4887380741322 0.001633664946126601
60 120 -0.95 -0.9 90 100 88.12370226816813 0.001076145255794358
60 120 -0.9 -0.85 0 0.5 -0.7864674295974151 1.751763437130016e-05
60 120 -0.9 -0.85 0.5 1 -1061.593661591485 0.01164249248108717
60 120 -0.9 -0.85 1 1.5 -2.845941193951228 3.639199059657372e-05
60 120 -0.9 -0.85 1.5 2 687.6641379499024 0.007443390712069231
60 120 -0.9 -0.85 2 2.5 835.0732515295776 0.005330131412506489
60 120 -0.9 -0.85 2.5 3 835.8820612023726 0.04089411699465018
60 120 -0.9 -0.85 3 3.5 792.1599794116069 0.03703504334362151
60 120 -0.9 -0.85 3.5 4 736.3175114094618 0.03334783078878445
60 120 -0.9 -0.85 4 4.5 679.7608147757147 0.03002739306919011
60 120 -0.9 -0.85 4.5 5 626.5806018663664 0.02713748627934365
60 120 -0.9 -0.85 5 5.5 578.0089809285232 0.02457911946214608
60 120 -0.9 -0.85 5.5 6 534.17499328018 0.02236515113850146
60 120 -0.9 -0.85 6 6.5 494.8087493025605 0.02042590739557681
60 120 -0.9 -0.85 6.5 7 459.4874357930964 0.01872231026356985
60 120 -0.9 -0.85 7 7.5 427.7516719502565 0.01723052743238895
60 120 -0.9 -0.85 7.5 8 399.1710951294462 0.01589851932055808
60 120 -0.9 -0.85 8 8.5 373.3684297968037 0.01471903829315124
60 120 -0.9 -0.85 8.5 9 350.0058945696389 0.01366794445368669
60 120 -0.9 -0.85 9 9.5 328.785776101726 0.0127221963152806
60 120 -0.9 -0.85 9.5 10 309.4533395488711 0.01186846685243381
60 120 -0.9 -0.85 10 10.5 291.7923709046306 0.01362142678158307
60 120 -0.9 -0.85 10.5 11 275.6171936694466 0.01186158849856156
60 120 -0.9 -0.85 11 11.5 260.7620432820123 0.01052665426897192
60 120 -0.9 -0.85 11.5 12 247.0819066709084 0.009190642406451843
60 120 -0.9 -0.85 12 12.5 234.4528386376626 0.008638921211996831
60 120 -0.9 -0.85 12.5 13 222.7677890110372 0.008143542054710906
60 120 -0.9 -0.85 13 13.5 211.9356955528004 0.007691134182664427
60 120 -0.9 -0.85 13.5 14 201.874679315401 0.007272972142743583
60 120 -0.9 -0.85 14 14.5 192.5104952333462 0.006886420180563846
60 120 -0.9 -0.85 14.5 15 183.7773798618535 0.006527123675709845
60 120 -0.9 -0.85 15 16 343.6006158414843 0.01207738825723936
60 120 -0.9 -0.85 16 17 314.9404601055664 0.01091908073590275
60 120 -0.9 -0.85 17 18 289.6632879959633 0.00990411841888772
60 120 -0.9 -0.85 18 19 267.2404008836893 0.009014390557069873
60 120 -0.9 -0.85 19 20 247.2515973630377 0.008228123179179647
60 120 -0.9 -0.85 20 21 229.3545213083303 0.007530529205638459
60 120 -0.9 -0.85 21 22 213.2608630164755 0.01005806018488897
60 120 -0.9 -0.85 22 23 198.7293803499846 0.008428439821670963
60 120 -0.9 -0.85 23 24 185.5631188201699 0.007144037708457063
60 120 -0.9 -0.85 24 25 173.5957454500357 0.006140680330020132
60 120 -0.9 -0.85 25 26 162.6845440640922 0.005369222563729181
60 120 -0.9 -0.85 26 27 152.7062881888353 0.00471285198005944
60 120 -0.9 -0.85 27 28 143.5555983896799 0.004266281337038436
60 120 -0.9 -0.85 28 29 135.1432308143316 0.003956572860346341
60 120 -0.9 -0.85 29 30 127.3921990066715 0.003673858045658562
60 120 -0.9 -0.85 30 31 120.2352211733646 0.003415308015462415
60 120 -0.9 -0.85 31 32 113.6119356602015 0.003177631675441717
60 120 -0.9 -0.85 32 33 107.4704836424843 0.002960325282444387
60 120 -0.9 -0.85 33 34 101.7654450108978 0.002759420984659755
60 120 -0.9 -0.85 34 35 96.45677445180907 0.002573744573538761
60 120 -0.9 -0.85 35 36 91.50857389413791 0.002403029657443767
60 120 -0.9 -0.85 36 37 86.88901974344282 0.002245363614264306
60 120 -0.9 -0.85 37 38 82.56997926615503 0.002099468252268366
60 120 -0.9 -0.85 38 39 78.5265201821521 0.001964608233535614
60 120 -0.9 -0.85 39 40 74.73613573917012 0.001839840860895947
60 120 -0.9 -0.85 40 42 139.0136600591779 0.006374375758383621
60 120 -0.9 -0.85 42 44 126.4169214021317 0.005145055636845086
60 120 -0.9 -0.85 44 46 115.2320480063674 0.004021714605642046
60 120 -0.9 -0.85 46 48 105.2629423907867 0.003116517697662857
60 120 -0.9 -0.85 48 50 96.34654329437697 0.002447883458259525
60 120 -0.9 -0.85 50 52 88.34568768774618 0.001868434081018222
60 120 -0.9 -0.85 52 54 81.14510800408894 0.001608542140814961
60 120 -0.9 -0.85 54 56 74.64758104808068 0.001435305952611543
60 120 -0.9 -0.85 56 58 68.77035675635213 0.001283117830112701
60 120 -0.9 -0.85 58 60 63.44207818752576 0.001149329435790492
60 120 -0.9 -0.85 60 65 138.365923632428 0.002388819574917989
60 120 -0.9 -0.85 65 70 114.2732181962692 0.004211797304634501
60 120 -0.9 -0.85 70 80 174.3941329132638 0.002578057069797524
60 120 -0.9 -0.85 80 90 123.1069645467316 0.001636842397388705
60 120 -0.9 -0.85 90 100 88.57083390759291 0.00107800310223638
60 120 -0.85 -0.8 0 0.5 -0.7909261724314657 1.838573250190212e-05
60 120 -0.85 -0.8 0.5 1 -1073.180168562307 0.02993269305557078
60 120 -0.85 -0.8 1 1.5 -10.98805012166292 0.0004238946756522921
60 120 -0.85 -0.8 1.5 2 685.4378348643498 0.01383017986790946
60 120 -0.85 -0.8 2 2.5 835.0275602726176 0.006494246490888145
60 120 -0.85 -0.8 2.5 3 836.7762350989166 0.04072542953633729
60 120 -0.85 -0.8 3 3.5 793.4835976004588 0.036921882175875
60 120 -0.85 -0.8 3.5 4 737.8183400098951 0.03325867836053931
60 120 -0.85 -0.8 4 4.5 681.3291327182453 0.02997717547634693
60 120 -0.85 -0.8 4.5 5 628.15857483788 0.0270846177685371
60 120 -0.85 -0.8 5 5.5 579.550668396855 0.02457882447367865
60 120 -0.85 -0.8 5.5 6 535.6676931035898 0.02237825356348822
60 120 -0.85 -0.8 6 6.5 496.2514324609322 0.02045552345055057
60 120 -0.85 -0.8 6.5 7 460.8715404598748 0.01875874822826518
60 120 -0.85 -0.8 7 7.5 429.072728771046 0.01725992826277434
60 120 -0.85 -0.8 7.5 8 400.4361738935654 0.01593087268673798
60 120 -0.85 -0.8 8 8.5 374.5809749704094 0.01474899772125582
60 120 -0.85 -0.8 8.5 9 351.1635944700124 0.01369460810502687
60 120 -0.85 -0.8 9 9.5 329.8887582443857 0.01274477513828742
60 120 -0.85 -0.8 9.5 10 310.5065271965153 0.01188751717387504
60 120 -0.85 -0.8 10 10.5 292.8036200657691 0.01382195885889814
60 120 -0.85 -0.8 10.5 11 276.5870629044108 0.01213104908077867
60 120 -0.85 -0.8 11 11.5 261.6890110155824 0.01058519060757135
60 120 -0.85 -0.8 11.5 12 247.9668120888338 0.009256623417059018
60 120 -0.85 -0.8 12 12.5 235.2992738438075 0.00865652996941435
60 120 -0.85 -0.8 12.5 13 223.5818945081484 0.008164896134701394
60 120 -0.85 -0.8 13 13.5 212.7197931215024 0.007712048680673433
60 120 -0.85 -0.8 13.5 14 202.6279385570179 0.007293648145690668
60 120 -0.85 -0.8 14 14.5 193.2327266451902 0.006907037814215755
60 120 -0.85 -0.8 14.5 15 184.470045110171 0.006546307367045756
60 120 -0.85 -0.8 15 16 344.9104577206864 0.01211659836792478
60 120 -0.85 -0.8 16 17 316.1604708402796 0.01095304670013775
60 120 -0.85 -0.8 17 18 290.795295563014 0.009937716523722884
60 120 -0.85 -0.8 18 19 268.2948640964127 0.009044026290268903
60 120 -0.85 -0.8 19 20 248.2392757430913 0.008254631956248204
60 120 -0.85 -0.8 20 21 230.2798743771742 0.007553858108764189
60 120 -0.85 -0.8 21 22 214.1263103489533 0.009987701379117198
60 120 -0.85 -0.8 22 23 199.5414698400719 0.008429754146703772
60 120 -0.85 -0.8 23 24 186.3279242213123 0.007133923810641818
60 120 -0.85 -0.8 24 25 174.3176630747658 0.006261527731709293
60 120 -0.85 -0.8 25 26 163.3652699560249 0.005458066934892258
60 120 -0.85 -0.8 26 27 153.3477815734817 0.004699254637785089
60 120 -0.85 -0.8 27 28 144.1615616548344 0.004280450120234036
60 120 -0.85 -0.8 28 29 135.7173973057824 0.00396943803883687
60 120 -0.85 -0.8 29 30 127.9369089710527 0.00368636603623429
60 120 -0.85 -0.8 30 31 120.751140468912 0.003425818968523231
60 120 -0.85 -0.8 31 32 114.1013502806406 0.003187196605637155
60 120 -0.85 -0.8 32 33 107.9355701945043 0.002967921835093534
60 120 -0.85 -0.8 33 34 102.2078281018942 0.002766479792612131
60 120 -0.85 -0.8 34 35 96.87745659096976 0.002580766349396413
60 120 -0.85 -0.8 35 36 91.90866961549256 0.002409403191705906
60 120 -0.85 -0.8 36 37 87.27015012341457 0.002252078744660935
60 120 -0.85 -0.8 37 38 82.93360749201975 0.002105341919957482
60 120 -0.85 -0.8 38 39 78.87365969780609 0.001970067726134062
60 120 -0.85 -0.8 39 40 75.0677237930466 0.001844306819648978
60 120 -0.85 -0.8 40 42 139.6331281656014 0.006502408374160495
60 120 -0.85 -0.8 42 44 126.982674079208 0.005127056497187255
60 120 -0.85 -0.8 44 46 115.75033844385 0.004008646677121419
60 120 -0.85 -0.8 46 48 105.7391670897386 0.003169266585601349
60 120 -0.85 -0.8 48 50 96.78448801469742 0.002475836745759352
60 120 -0.85 -0.8 50 52 88.7487030590938 0.001875014874116232
60 120 -0.85 -0.8 52 54 81.51680910806971 0.001612791852735995
60 120 -0.85 -0.8 54 56 74.99102178965218 0.00143894753028917
60 120 -0.85 -0.8 56 58 69.08770115584572 0.001286238663240624
60 120 -0.85 -0.8 58 60 63.73580094656486 0.001152343123472122
60 120 -0.85 -0.8 60 65 139.0111272180429 0.002394137526664508
60 120 -0.85 -0.8 65 70 114.8097814474594 0.004240505131008376
60 120 -0.85 -0.8 70 80 175.2199784045638 0.002583718499039378
60 120 -0.85 -0.8 80 90 123.6943753990282 0.001639983587494953
60 120 -0.85 -0.8 90 100 88.99527108242172 0.001079813967649557
60 120 -0.8 -0.75 0 0.5 -0.7952158943666235 1.854325512684607e-05
60 120 -0.8 -0.75 0.5 1 -1084.123745978939 0.03500455805010461
60 120 -0.8 -0.75 1 1.5 -18.58275264765058 0.0004071506034293293
60 120 -0.8 -0.75 1.5 2 683.4630431144573 0.009255609379465568
60 120 -0.8 -0.75 2 2.5 835.0914895147017 0.004161449345815527
60 120 -0.8 -0.75 2.5 3 837.7079027404719 0.04091592906195274
60 120 -0.8 -0.75 3 3.5 794.8071308013516 0.03698156964321697
60 120 -0.8 -0.75 3.5 4 739.296503735852 0.03327754700421792
60 120 -0.8 -0.75 4 4.5 682.8760126513364 0.03000104405066395
60 120 -0.8 -0.75 4.5 5 629.7025012098977 0.02711688713691274
60 120 -0.8 -0.75 5 5.5 581.0541069001124 0.02460271941242809
60 120 -0.8 -0.75 5.5 6 537.1281061860632 0.02240090312682241
60 120 -0.8 -0.75 6 6.5 497.6571454864821 0.02047431943969968
60 120 -0.8 -0.75 6.5 7 462.2133159848083 0.01878629604021853
60 120 -0.8 -0.75 7 7.5 430.3544213040488 0.01729098576396382
60 120 -0.8 -0.75 7.5 8 401.6651922990929 0.01597022836256201
60 120 -0.8 -0.75 8 8.5 375.7528705252242 0.01478656344886531
60 120 -0.8 -0.75 8.5 9 352.2765886647691 0.0137258309358117
60 120 -0.8 -0.75 9 9.5 330.9501904026768 0.01277653347881369
60 120 -0.8 -0.75 9.5 10 311.5264943631727 0.01191408195154509
60 120 -0.8 -0.75 10 10.5 293.7805291567311 0.01395836187202804
60 120 -0.8 -0.75 10.5 11 277.5187498175395 0.01223862074431281
60 120 -0.8 -0.75 11 11.5 262.5770799260829 0.01046936853299485
60 120 -0.8 -0.75 11.5 12 248.8174479249946 0.009208374832383015
60 120 -0.8 -0.75 12 12.5 236.1174048597986 0.008672044818808899
60 120 -0.8 -0.75 12.5 13 224.3680571375486 0.008179023802767915
60 120 -0.8 -0.75 13 13.5 213.4728507058676 0.007722977982268731
60 120 -0.8 -0.75 13.5 14 203.3493166932528 0.007304379380883574
60 120 -0.8 -0.75 14 14.5 193.9249980088147 0.006916374696061212
60 120 -0.8 -0.75 14.5 15 185.1366489608639 0.00655694036464638
60 120 -0.8 -0.75 15 16 346.1717830161635 0.01213577043057512
60 120 -0.8 -0.75 16 17 317.3282611632361 0.01097458349727276
60 120 -0.8 -0.75 17 18 291.8792335847367 0.009959454749207453
60 120 -0.8 -0.75 18 19 269.3065785305672 0.009066132153577655
60 120 -0.8 -0.75 19 20 249.1856747216724 0.008274322950569513
60 120 -0.8 -0.75 20 21 231.1631504126847 0.007571629271865277
60 120 -0.8 -0.75 21 22 214.9523340040925 0.009925947065539731
60 120 -0.8 -0.75 22 23 200.3179345078356 0.008382572780391229
60 120 -0.8 -0.75 23 24 187.0596794367226 0.007329499304091769
60 120 -0.8 -0.75 24 25 175.005782824727 0.006299768468778666
60 120 -0.8 -0.75 25 26 164.012713170908 0.005427989607170502
60 120 -0.8 -0.75 26 27 153.9587871414263 0.004675687971456455
60 120 -0.8 -0.75 27 28 144.7396341739352 0.004292533839759471
60 120 -0.8 -0.75 28 29 136.2644105953108 0.003980952178551433
60 120 -0.8 -0.75 29 30 128.4544592983252 0.003695979777631919
60 120 -0.8 -0.75 30 31 121.2420442410149 0.003435328027904916
60 120 -0.8 -0.75 31 32 114.5674057658081 0.00319633413784004
60 120 -0.8 -0.75 32 33 108.3781248689058 0.002977071899508132
60 120 -0.8 -0.75 33 34 102.6279552032194 0.002774645992033697
60 120 -0.8 -0.75 34 35 97.27667187799136 0.002588589591610457
60 120 -0.8 -0.75 35 36 92.28881689202362 0.002416462819141429
60 120 -0.8 -0.75 36 37 87.63236316129796 0.002258059159871095
60 120 -0.8 -0.75 37 38 83.27895097740434 0.002111407307168633
60 120 -0.8 -0.75 38 39 79.20322359177875 0.001975965008597313
60 120 -0.8 -0.75 39 40 75.38216276698137 0.001849913586553953
60 120 -0.8 -0.75 40 42 140.2196130161145 0.006535057529646338
60 120 -0.8 -0.75 42 44 127.5181632542654 0.005080325856013701
60 120 -0.8 -0.75 44 46 116.2413999340363 0.004066107609233427
60 120 -0.8 -0.75 46 48 106.1898312953875 0.003212584493425652
60 120 -0.8 -0.75 48 50 97.19843732662606 0.002472109831956004
60 120 -0.8 -0.75 50 52 89.1300886117055 0.00190904121360802
60 120 -0.8 -0.75 52 54 81.86840254706873 0.001616764780791868
60 120 -0.8 -0.75 54 56 75.3153715841021 0.00144209305061338
60 120 -0.8 -0.75 56 58 69.3877856390948 0.001289338698825304
60 120 -0.8 -0.75 58 60 64.01392331920643 0.00115479341970115
60 120 -0.8 -0.75 60 65 139.6205495862623 0.002399786303072915
60 120 -0.8 -0.75 65 70 115.3174067097806 0.004037091328555675
60 120 -0.8 -0.75 70 80 176.0011726404946 0.002588695133141528
60 120 -0.8 -0.75 80 90 124.2499101616441 0.001642939745323702
60 120 -0.8 -0.75 90 100 89.39678892510992 0.001081388877949507
60 120 -0.75 -0.7 0 0.5 -0.7992160695929966 1.79276554268526e-05
60 120 -0.75 -0.7 0.5 1 -1094.227134498601 0.03576127660448947
60 120 -0.75 -0.7 1 1.5 -25.53039941104162 0.0006130959925201296
60 120 -0.75 -0.7 1.5 2 681.7305884512022 0.006772159017600643
60 120 -0.75 -0.7 2 2.5 835.2490276594027 0.00077459476506192
60 120 -0.75 -0.7 2.5 3 838.6720457606028 0.04083429609841005
60 120 -0.75 -0.7 3 3.5 796.1109196600024 0.03703647280133282
60 120 -0.75 -0.7 3.5 4 740.736443135194 0.0333668476027924
60 120 -0.75 -0.7 4 4.5 684.3705880458642 0.03002470986882599
60 120 -0.75 -0.7 4.5 5 631.1789425661584 0.02711669680729756
60 120 -0.75 -0.7 5 5.5 582.4957758505074 0.02459126687733715
60 120 -0.75 -0.7 5.5 6 538.5267776890889 0.02240100053927563
60 120 -0.75 -0.7 6 6.5 498.9945565183959 0.02048655657307563
60 120 -0.75 -0.7 6.5 7 463.4902128943615 0.01879556718648701
60 120 -0.75 -0.7 7 7.5 431.5825245234657 0.01730859403852492
60 120 -0.75 -0.7 7.5 8 402.8351104038724 0.01598253774790237
60 120 -0.75 -0.7 8 8.5 376.8610246392729 0.01480362960978709
60 120 -0.75 -0.7 8.5 9 353.33292736801 0.01375053585422847
60 120 -0.75 -0.7 9 9.5 331.9639835308424 0.01280219515069803
60 120 -0.75 -0.7 9.5 10 312.4948886157512 0.01194522715809399
60 120 -0.75 -0.7 10 10.5 294.7016817962775 0.01409976111318656
60 120 -0.75 -0.7 10.5 11 278.3961609110353 0.01204510751568932
60 120 -0.75 -0.7 11 11.5 263.4175947673315 0.01048139090823952
60 120 -0.75 -0.7 11.5 12 249.6240705604789 0.009232861029232708
60 120 -0.75 -0.7 12 12.5 236.8904961082121 0.008695049815514722
60 120 -0.75 -0.7 12.5 13 225.1077740666205 0.00820130887947812
60 120 -0.75 -0.7 13 13.5 214.1815404523255 0.007744429601899583
60 120 -0.75 -0.7 13.5 14 204.0296668748997 0.007322822285402708
60 120 -0.75 -0.7 14 14.5 194.5795729607757 0.006936448631137182
60 120 -0.75 -0.7 14.5 15 185.7670008219178 0.006575869167306791
60 120 -0.75 -0.7 15 16 347.3610911899489 0.01216726521573719
60 120 -0.75 -0.7 16 17 318.4279525421574 0.01100114832394183
60 120 -0.75 -0.7 17 18 292.9029418729929 0.009982151099507064
60 120 -0.75 -0.7 18 19 270.2631520226623 0.009084689747055563
60 120 -0.75 -0.7 19 20 250.076237235689 0.008295740580820166
60 120 -0.75 -0.7 20 21 231.9938739547797 0.007590644157829729
60 120 -0.75 -0.7 21 22 215.7321324075347 0.00992866352709143
60 120 -0.75 -0.7 22 23 201.0512852156781 0.008589581292795856
60 120 -0.75 -0.7 23 24 187.7481320283176 0.007328253403557028
60 120 -0.75 -0.7 24 25 175.6533571905083 0.006334395565687601
60 120 -0.75 -0.7 25 26 164.6230142427451 0.005422715678037093
60 120 -0.75 -0.7 26 27 154.535109783183 0.004759391247603162
60 120 -0.75 -0.7 27 28 145.2840633989716 0.004302556915291689
60 120 -0.75 -0.7 28 29 136.7794204198756 0.003990761861984993
60 120 -0.75 -0.7 29 30 128.9425650298718 0.003705007913083591
60 120 -0.75 -0.7 30 31 121.7049733711107 0.003444728482563164
60 120 -0.75 -0.7 31 32 115.0065387888612 0.003205698626061348
60 120 -0.75 -0.7 32 33 108.7946605869405 0.002984545621060875
60 120 -0.75 -0.7 33 34 103.0237561326706 0.002781429239846034
60 120 -0.75 -0.7 34 35 97.65339614961464 0.002595477175006522
60 120 -0.75 -0.7 35 36 92.64756965121832 0.002423184107300358
60 120 -0.75 -0.7 36 37 87.97445385745945 0.00226333846143234
60 120 -0.75 -0.7 37 38 83.60530055050292 0.00211697663206678
60 120 -0.75 -0.7 38 39 79.51435182642777 0.001980827399961527
60 120 -0.75 -0.7 39 40 75.67875299986085 0.001854021848018306
60 120 -0.75 -0.7 40 42 140.7730065542019 0.006447482587361719
60 120 -0.75 -0.7 42 44 128.0247141553592 0.005198991570068756
60 120 -0.75 -0.7 44 46 116.705127977053 0.004090958584512805
60 120 -0.75 -0.7 46 48 106.6152075587374 0.003192925519613254
60 120 -0.75 -0.7 48 50 97.58977721383538 0.002519393350851828
60 120 -0.75 -0.7 50 52 89.49004879176819 0.001905688413160078
60 120 -0.75 -0.7 52 54 82.2001305307661 0.001620244257523495
60 120 -0.75 -0.7 54 56 75.62195240702286 0.001445466209432311
60 120 -0.75 -0.7 56 58 69.67135728905734 0.00129232587801198
60 120 -0.75 -0.7 58 60 64.27612549931742 0.00115755002858009
60 120 -0.75 -0.7 60 65 140.1954506466146 0.002404821929872014
60 120 -0.75 -0.7 65 70 115.7948393232016 0.004173155157673136
60 120 -0.75 -0.7 70 80 176.7360508879309 0.002593848741355487
60 120 -0.75 -0.7 80 90 124.7730116703004 0.001645636327523903
60 120 -0.75 -0.7 90 100 89.77513877967743 0.001083086475901496
60 120 -0.7 -0.65 0 0.5 -0.8028827591733956 1.788932827118117e-05
60 120 -0.7 -0.65 0.5 1 -1103.483745297659 0.0363248045518958
60 120 -0.7 -0.65 1 1.5 -31.85427208986044 0.0007740290213824608
60 120 -0.7 -0.65 1.5 2 680.1815045007198 0.0103426240442559
60 120 -0.7 -0.65 2 2.5 835.4190628783093 0.001474677572559813
60 120 -0.7 -0.65 2.5 3 839.5970778311769 0.04146206286611687
60 120 -0.7 -0.65 3 3.5 797.3376008817181 0.03749255421553244
60 120 -0.7 -0.65 3.5 4 742.1041127793893 0.03374547550561147
60 120 -0.7 -0.65 4 4.5 685.774110023987 0.03040634779279117
60 120 -0.7 -0.65 4.5 5 632.5596055997519 0.02745351674013818
60 120 -0.7 -0.65 5 5.5 583.8521971749034 0.02486243342980288
60 120 -0.7 -0.65 5.5 6 539.8271274161748 0.02259600932882222
60 120 -0.7 -0.65 6 6.5 500.237430712056 0.02062272886604433
60 120 -0.7 -0.65 6.5 7 464.6888518815139 0.01890765408847983
60 120 -0.7 -0.65 7 7.5 432.7251530331692 0.01738855012376916
60 120 -0.7 -0.65 7.5 8 403.9172849031209 0.01605408780062589
60 120 -0.7 -0.65 8 8.5 377.8926696444312 0.0148673835885802
60 120 -0.7 -0.65 8.5 9 354.3220772720717 0.01379711507195225
60 120 -0.7 -0.65 9 9.5 332.9082522435058 0.01284210326639368
60 120 -0.7 -0.65 9.5 10 313.3926792452552 0.01198273403178973
60 120 -0.7 -0.65 10 10.5 295.5570615675117 0.01399774340541171
60 120 -0.7 -0.65 10.5 11 279.2143735420601 0.01200107947647666
60 120 -0.7 -0.65 11 11.5 264.2017940849023 0.01066183274593868
60 120 -0.7 -0.65 11.5 12 250.3742959641784 0.009304751961394686
60 120 -0.7 -0.65 12 12.5 237.6074518740536 0.008719157287487178
60 120 -0.7 -0.65 12.5 13 225.7936957007592 0.008221823403516737
60 120 -0.7 -0.65 13 13.5 214.8396951054006 0.007767305609661435
60 120 -0.7 -0.65 13.5 14 204.662541955142 0.007343989032762011
60 120 -0.7 -0.65 14 14.5 195.1889238104773 0.006950607658126273
60 120 -0.7 -0.65 14.5 15 186.352072330955 0.006588281217005942
60 120 -0.7 -0.65 15 16 348.4611080549666 0.01219127168809564
60 120 -0.7 -0.65 16 17 319.4496896819611 0.01101964635427066
60 120 -0.7 -0.65 17 18 293.8568736077622 0.01000224896790769
60 120 -0.7 -0.65 18 19 271.150444659653 0.00910415406286802
60 120 -0.7 -0.65 19 20 250.9029510877789 0.00831061242459441
60 120 -0.7 -0.65 20 21 232.7686355405661 0.007607112370436653
60 120 -0.7 -0.65 21 22 216.4595812230429 0.01012808121552666
60 120 -0.7 -0.65 22 23 201.7336378419252 0.008578807486884443
60 120 -0.7 -0.65 23 24 188.389669346854 0.007378366989371443
60 120 -0.7 -0.65 24 25 176.2570991723229 0.006311026604208791
60 120 -0.7 -0.65 25 26 165.1923057830005 0.005478882343425084
60 120 -0.7 -0.65 26 27 155.072509005336 0.004713470475337544
60 120 -0.7 -0.65 27 28 145.792512700236 0.004312915970672293
60 120 -0.7 -0.65 28 29 137.2608867819064 0.004000896497359463
60 120 -0.7 -0.65 29 30 129.3990512039981 0.00371337912679337
60 120 -0.7 -0.65 30 31 122.1377863787805 0.003452448099906746
60 120 -0.7 -0.65 31 32 115.416838352117 0.003212192054121488
60 120 -0.7 -0.65 32 33 109.184261886949 0.002991097223045358
60 120 -0.7 -0.65 33 34 103.3943764311625 0.002788634369679244
60 120 -0.7 -0.65 34 35 98.0065841095565 0.002601408891919732
60 120 -0.7 -0.65 35 36 92.98438900931642 0.002428564925892829
60 120 -0.7 -0.65 36 37 88.29542101538378 0.002269660137045548
60 120 -0.7 -0.65 37 38 83.91101492144635 0.002121577664539132
60 120 -0.7 -0.65 38 39 79.80584953141829 0.00198532120418804
60 120 -0.7 -0.65 39 40 75.9571990312828 0.001859006952770415
60 120 -0.7 -0.65 40 42 141.2939464848821 0.006567811168508797
60 120 -0.7 -0.65 42 44 128.5010462856405 0.005194609218449386
60 120 -0.7 -0.65 44 46 117.1417843254995 0.004080688184799897
60 120 -0.7 -0.65 46 48 107.0162978533401 0.003269555919160894
60 120 -0.7 -0.65 48 50 97.95800608761114 0.002513429704052328
60 120 -0.7 -0.65 50 52 89.82887560047321 0.00188580729872001
60 120 -0.7 -0.65 52 54 82.51283255174636 0.00162378216859338
60 120 -0.7 -0.65 54 56 75.91058411715142 0.001448702145239622
60 120 -0.7 -0.65 56 58 69.93771744988102 0.001294923235235501
60 120 -0.7 -0.65 58 60 64.52257315660441 0.001159827262355861
60 120 -0.7 -0.65 60 65 140.7355762673754 0.00240947923720114
60 120 -0.7 -0.65 65 70 116.2426636657003 0.004228752536661773
60 120 -0.7 -0.65 70 80 177.4243594889515 0.002598567275043706
60 120 -0.7 -0.65 80 90 125.2628224396392 0.001648198571629678
60 120 -0.7 -0.65 90 100 90.12977914670569 0.001084520171815484
60 120 -0.65 -0.6 0 0.5 -0.8063585929336299 1.834976463044313e-05
60 120 -0.65 -0.6 0.5 1 -1111.923830778067 0.02077468785205383
60 120 -0.65 -0.6 1 1.5 -37.53819616520745 0.0003163515220592217
60 120 -0.65 -0.6 1.5 2 678.8437923904489 0.003683935529693372
60 120 -0.65 -0.6 2 2.5 835.6109764958461 0.005137268415637664
60 120 -0.65 -0.6 2.5 3 840.463461158295 0.04125115398767321
60 120 -0.65 -0.6 3 3.5 798.4702704844547 0.03734999879804946
60 120 -0.65 -0.6 3.5 4 743.374703791848 0.03366584861305455
60 120 -0.65 -0.6 4 4.5 687.0609163863988 0.03031380489858293
60 120 -0.65 -0.6 4.5 5 633.847850615212 0.02742370472253697
60 120 -0.65 -0.6 5 5.5 585.1006350885476 0.0248847893948323
60 120 -0.65 -0.6 5.5 6 541.0231969673356 0.02269130889692406
60 120 -0.65 -0.6 6 6.5 501.3926060133373 0.02074058750110908
60 120 -0.65 -0.6 6.5 7 465.7932165028431 0.01901108555017572
60 120 -0.65 -0.6 7 7.5 433.7711688684001 0.01749859442992374
60 120 -0.65 -0.6 7.5 8 404.9125156439786 0.01613192851164058
60 120 -0.65 -0.6 8 8.5 378.845629938595 0.01493737174018861
60 120 -0.65 -0.6 8.5 9 355.232173317098 0.01387205122881596
60 120 -0.65 -0.6 9 9.5 333.7732442077083 0.01290164449994791
60 120 -0.65 -0.6 9.5 10 314.2160595527462 0.01203819868447908
60 120 -0.65 -0.6 10 10.5 296.3445881798928 0.01390526415133309
60 120 -0.65 -0.6 10.5 11 279.9694127768345 0.01231396014890151
60 120 -0.65 -0.6 11 11.5 264.9226252442414 0.01065658114146117
60 120 -0.65 -0.6 11.5 12 251.0622381594532 0.009307795341840119
60 120 -0.65 -0.6 12 12.5 238.2658217958645 0.008762641601038013
60 120 -0.65 -0.6 12.5 13 226.4259530674468 0.008260247605591076
60 120 -0.65 -0.6 13 13.5 215.4478520585798 0.00780506096950262
60 120 -0.65 -0.6 13.5 14 205.2469657183801 0.007383176214460718
60 120 -0.65 -0.6 14 14.5 195.7485071908301 0.006987747569382918
60 120 -0.65 -0.6 14.5 15 186.8881174289546 0.006621572237435203
60 120 -0.65 -0.6 15 16 349.4743477716447 0.01225694162201307
60 120 -0.65 -0.6 16 17 320.3936334580935 0.0110738890393236
60 120 -0.65 -0.6 17 18 294.7338839926085 0.0100436535432209
60 120 -0.65 -0.6 18 19 271.9664292123987 0.009135154038176552
60 120 -0.65 -0.6 19 20 251.6659878757395 0.00833547847258842
60 120 -0.65 -0.6 20 21 233.4843149103422 0.007627492618638598
60 120 -0.65 -0.6 21 22 217.1309753902028 0.01009527545568289
60 120 -0.65 -0.6 22 23 202.3648594867763 0.008649491151714983
60 120 -0.65 -0.6 23 24 188.9832330431144 0.007392060677830159
60 120 -0.65 -0.6 24 25 176.8163561964835 0.006345246655058645
60 120 -0.65 -0.6 25 26 165.7201265223528 0.005473904061346957
60 120 -0.65 -0.6 26 27 155.5714160934438 0.004735559901035913
60 120 -0.65 -0.6 27 28 146.2647377994433 0.004321158202088782
60 120 -0.65 -0.6 28 29 137.7087686460212 0.004009883375942991
60 120 -0.65 -0.6 29 30 129.8233587586461 0.003722353866436379
60 120 -0.65 -0.6 30 31 122.5395074686276 0.003460456938299217
60 120 -0.65 -0.6 31 32 115.7983494843674 0.003220003847260955
60 120 -0.65 -0.6 32 33 109.5475435383056 0.002998266629248292
60 120 -0.65 -0.6 33 34 103.7407180793693 0.002794878651471322
60 120 -0.65 -0.6 34 35 98.33634810072144 0.002607010932237586
60 120 -0.65 -0.6 35 36 93.29835483326566 0.002434292673470395
60 120 -0.65 -0.6 36 37 88.5945660496418 0.002274190025161715
60 120 -0.65 -0.6 37 38 84.19642512240168 0.002126540026296198
60 120 -0.65 -0.6 38 39 80.07845093726539 0.001989470536813087
60 120 -0.65 -0.6 39 40 76.21759221930186 0.00186279710511883
60 120 -0.65 -0.6 40 42 141.7806336755391 0.006585176606705545
60 120 -0.65 -0.6 42 44 128.9466795997876 0.005197213778842524
60 120 -0.65 -0.6 44 46 117.5506993970006 0.004201655954716443
60 120 -0.65 -0.6 46 48 107.3910397421496 0.003247445414672256
60 120 -0.65 -0.6 48 50 98.3024015600831 0.002492029877657842
60 120 -0.65 -0.6 50 52 90.14637231596362 0.001953473970814912
60 120 -0.65 -0.6 52 54 82.8051764467705 0.001627447262663395
60 120 -0.65 -0.6 54 56 76.17998865109452 0.001451447314664733
60 120 -0.65 -0.6 56 58 70.18698837278841 0.001297603325056684
60 120 -0.65 -0.6 58 60 64.75329732700054 0.001162079320039311
60 120 -0.65 -0.6 60 65 141.2393864746749 0.002414770423627033
60 120 -0.65 -0.6 65 70 116.6612921763876 0.004141547226851117
60 120 -0.65 -0.6 70 80 178.0664404986844 0.002603231130564154
60 120 -0.65 -0.6 80 90 125.7192400028292 0.001650617664182619
60 120 -0.65 -0.6 90 100 90.45994106036102 0.00108588973476742
60 120 -0.6 -0.55 0 0.5 -0.8096237536119113 1.817486495436782e-05
60 120 -0.6 -0.55 0.5 1 -1119.849322391138 0.01513921058540291
60 120 -0.6 -0.55 1 1.5 -42.89676931747568 0.001070777504708076
60 120 -0.6 -0.55 1.5 2 677.5824980436389 0.003066417577997527
60 120 -0.6 -0.55 2 2.5 835.7931898228893 0.001070027203695645
60 120 -0.6 -0.55 2.5 3 841.2304255430786 0.04068433255565651
60 120 -0.6 -0.55 3 3.5 799.5077939322182 0.03698893246667012
60 120 -0.6 -0.55 3.5 4 744.5114594204796 0.03330686946753758
60 120 -0.6 -0.55 4 4.5 688.2325835178344 0.03002753410419245
60 120 -0.6 -0.55 4.5 5 635.0180859129586 0.02713689255585905
60 120 -0.6 -0.55 5 5.5 586.2315981030674 0.02462666764472488
60 120 -0.6 -0.55 5.5 6 542.1220676953238 0.02241603906531964
60 120 -0.6 -0.55 6 6.5 502.4541602139773 0.02050930425758679
60 120 -0.6 -0.55 6.5 7 466.8018785825607 0.01882577641384842
60 120 -0.6 -0.55 7 7.5 434.7305186938895 0.01734822725035201
60 120 -0.6 -0.55 7.5 8 405.8319086414173 0.01604054906312058
60 120 -0.6 -0.55 8 8.5 379.7245314809043 0.01485231272988585
60 120 -0.6 -0.55 8.5 9 356.0665960558731 0.01379548075158255
60 120 -0.6 -0.55 9 9.5 334.5677283759667 0.01284252393082852
60 120 -0.6 -0.55 9.5 10 314.9765459413651 0.01197485517604946
60 120 -0.6 -0.55 10 10.5 297.0730052334429 0.01420403657823499
60 120 -0.6 -0.55 10.5 11 280.6632942411358 0.01229601643115075
60 120 -0.6 -0.55 11 11.5 265.5843922394798 0.01057084446472345
60 120 -0.6 -0.55 11.5 12 251.6965268606865 0.009267431353265465
60 120 -0.6 -0.55 12 12.5 238.8753418610698 0.008735654257634451
60 120 -0.6 -0.55 12.5 13 227.0120387107715 0.008240780577665419
60 120 -0.6 -0.55 13 13.5 216.0096280625307 0.0077837995866048
60 120 -0.6 -0.55 13.5 14 205.7845153286984 0.007363578328352105
60 120 -0.6 -0.55 14 14.5 196.2639976287149 0.006977337252266125
60 120 -0.6 -0.55 14.5 15 187.3846409171888 0.006615900480284154
60 120 -0.6 -0.55 15 16 350.4149308248211 0.01224632238790946
60 120 -0.6 -0.55 16 17 321.2672610039068 0.01108376364294372
60 120 -0.6 -0.55 17 18 295.5453783180137 0.01006071386075291
60 120 -0.6 -0.55 18 19 272.7223406061632 0.009162521115399613
60 120 -0.6 -0.55 19 20 252.373621173794 0.008363924627730057
60 120 -0.6 -0.55 20 21 234.1472501801889 0.007655395448978197
60 120 -0.6 -0.55 21 22 217.7531104968085 0.010159132458881
60 120 -0.6 -0.55 22 23 202.9494300960972 0.008707481676424322
60 120 -0.6 -0.55 23 24 189.5332353287247 0.007415977984180699
60 120 -0.6 -0.55 24 25 177.3345295221208 0.006342174871747375
60 120 -0.6 -0.55 25 26 166.2094922711718 0.00545596015408023
60 120 -0.6 -0.55 26 27 156.0348919193274 0.004772756093728958
60 120 -0.6 -0.55 27 28 146.7038692732507 0.004334022685469563
60 120 -0.6 -0.55 28 29 138.1239195035811 0.004018990771612607
60 120 -0.6 -0.55 29 30 130.2160214032819 0.003730710285879013
60 120 -0.6 -0.55 30 31 122.9124434165833 0.003467205506325399
60 120 -0.6 -0.55 31 32 116.1531741230123 0.003225357112867755
60 120 -0.6 -0.55 32 33 109.8851622273395 0.003003865770139669
60 120 -0.6 -0.55 33 34 104.0616625649448 0.002799046090245838
60 120 -0.6 -0.55 34 35 98.64181488622332 0.002611543184286802
60 120 -0.6 -0.55 35 36 93.58933095776783 0.002438241251837781
60 120 -0.6 -0.55 36 37 88.87204765694709 0.002277936556509985
60 120 -0.6 -0.55 37 38 84.46113823027201 0.002129782058389651
60 120 -0.6 -0.55 38 39 80.33099442805772 0.001993015322625524
60 120 -0.6 -0.55 39 40 76.45874818809604 0.001866444755478369
60 120 -0.6 -0.55 40 42 142.2317351157499 0.006559146624965706
60 120 -0.6 -0.55 42 44 129.3599972499533 0.005327490612444308
60 120 -0.6 -0.55 44 46 117.9286646828612 0.004150460192349215
60 120 -0.6 -0.55 46 48 107.7382101895554 0.003251061711409875
60 120 -0.6 -0.55 48 50 98.62215080190488 0.002575721323552216
60 120 -0.6 -0.55 50 52 90.44025458681887 0.001932893410753422
60 120 -0.6 -0.55 52 54 83.07607313118771 0.001630260030211161
60 120 -0.6 -0.55 54 56 76.4305956451139 0.001454298236765794
60 120 -0.6 -0.55 56 58 70.41836688600557 0.001300169613898561
60 120 -0.6 -0.55 58 60 64.96695282394681 0.001164455249593743
60 120 -0.6 -0.55 60 65 141.7075736225819 0.002418784320724399
60 120 -0.6 -0.55 65 70 117.0501562290436 0.004089987745032886
60 120 -0.6 -0.55 70 80 178.6627418218886 0.002606787479948025
60 120 -0.6 -0.55 80 90 126.1422580682873 0.001652882033539527
60 120 -0.6 -0.55 90 100 90.76547913601978 0.00108715181994512
60 120 -0.55 -0.5 0 0.5 -0.8126486215446448 1.812777130172361e-05
60 120 -0.55 -0.5 0.5 1 -1127.328266493759 0.03613699747916144
60 120 -0.55 -0.5 1 1.5 -48.00719259718721 8.948422456001026e-05
60 120 -0.55 -0.5 1.5 2 676.3388728699247 0.01029263171540151
60 120 -0.55 -0.5 2 2.5 835.9829842997224 0.003242309378151731
60 120 -0.55 -0.5 2.5 3 841.9651834831113 0.04122953856085587
60 120 -0.55 -0.5 3 3.5 800.496684258874 0.03737376324124853
60 120 -0.55 -0.5 3.5 4 745.5845781660549 0.03374759163273211
60 120 -0.55 -0.5 4 4.5 689.3446049484522 0.03043345477431103
60 120 -0.55 -0.5 4.5 5 636.1073140625715 0.02750573496336983
60 120 -0.55 -0.5 5 5.5 587.2913048619196 0.02493273618927105
60 120 -0.55 -0.5 5.5 6 543.1571575959334 0.02270631503290588
60 120 -0.55 -0.5 6 6.5 503.4430553951448 0.02074365492427432
60 120 -0.55 -0.5 6.5 7 467.7438777369806 0.0190325612446145
60 120 -0.55 -0.5 7 7.5 435.6350286595695 0.01750454062988638
60 120 -0.55 -0.5 7.5 8 406.697183562888 0.01615904014835223
60 120 -0.55 -0.5 8 8.5 380.5463039883754 0.01496868615203084
60 120 -0.55 -0.5 8.5 9 356.8504893841527 0.01389877660517413
60 120 -0.55 -0.5 9 9.5 335.3180017642475 0.01294682024320082
60 120 -0.55 -0.5 9.5 10 315.6940873861358 0.01208300248060823
60 120 -0.55 -0.5 10 10.5 297.7546860655141 0.01413193254666112
60 120 -0.55 -0.5 10.5 11 281.3132300186145 0.0121677692314961
60 120 -0.55 -0.5 11 11.5 266.2074790957757 0.01059151737968023
60 120 -0.55 -0.5 11.5 12 252.294418578278 0.009328837311386451
60 120 -0.55 -0.5 12 12.5 239.4487568009677 0.008782046779060693
60 120 -0.55 -0.5 12.5 13 227.5604423168298 0.008281465710865632
60 120 -0.55 -0.5 13 13.5 216.5342789156158 0.007818010358221272
60 120 -0.55 -0.5 13.5 14 206.2873960210645 0.007394239479509679
60 120 -0.55 -0.5 14 14.5 196.7475454785554 0.007001209422980992
60 120 -0.55 -0.5 14.5 15 187.8504780112995 0.006637028379714138
60 120 -0.55 -0.5 15 16 351.295693086778 0.01227872392013296
60 120 -0.55 -0.5 16 17 322.0831510287417 0.01110128489966655
60 120 -0.55 -0.5 17 18 296.3025089677331 0.01006938992094319
60 120 -0.55 -0.5 18 19 273.4289679231014 0.009167155652789916
60 120 -0.55 -0.5 19 20 253.0334116618713 0.008365954200485248
60 120 -0.55 -0.5 20 21 234.764818170814 0.007657213889530112
60 120 -0.55 -0.5 21 22 218.3323164480635 0.01028779667467461
60 120 -0.55 -0.5 22 23 203.4920621463199 0.008712494276863936
60 120 -0.55 -0.5 23 24 190.0426393979031 0.007363088863002076
60 120 -0.55 -0.5 24 25 177.8148891315132 0.006348836655348578
60 120 -0.55 -0.5 25 26 166.6635757350659 0.005534681259973695
60 120 -0.55 -0.5 26 27 156.4638423333048 0.004835649582048518
60 120 -0.55 -0.5 27 28 147.1085413260317 0.00434064098141107
60 120 -0.55 -0.5 28 29 138.5062145431897 0.004024903150735781
60 120 -0.55 -0.5 29 30 130.5786941706682 0.003737895730012042
60 120 -0.55 -0.5 30 31 123.2569648658427 0.003474598815316199
60 120 -0.55 -0.5 31 32 116.4803413840707 0.003232339120970096
60 120 -0.55 -0.5 32 33 110.1957777843806 0.003010074246105887
60 120 -0.55 -0.5 33 34 104.3570288982603 0.002806490787136795
60 120 -0.55 -0.5 34 35 98.9230112954187 0.002618005355287778
60 120 -0.55 -0.5 35 36 93.85702257826175 0.002443489373291641
60 120 -0.55 -0.5 36 37 89.12683482436032 0.00228337844434634
60 120 -0.55 -0.5 37 38 84.70390181295838 0.002135038468907169
60 120 -0.55 -0.5 38 39 80.56277720079446 0.001996848249163463
60 120 -0.55 -0.5 39 40 76.68047134582824 0.001869647379692196
60 120 -0.55 -0.5 40 42 142.6465207230528 0.006737417747871177
60 120 -0.55 -0.5 42 44 129.7383809750419 0.005255654216171024
60 120 -0.55 -0.5 44 46 118.275895787324 0.004186568390778689
60 120 -0.55 -0.5 46 48 108.0572893711695 0.003316717840348815
60 120 -0.55 -0.5 48 50 98.9149744057011 0.002537049903679645
60 120 -0.55 -0.5 50 52 90.7103409560178 0.001945367491359207
60 120 -0.55 -0.5 52 54 83.32563403813037 0.001633409291329713
60 120 -0.55 -0.5 54 56 76.6608278256723 0.001457080472633265
60 120 -0.55 -0.5 56 58 70.63109999275156 0.001302191473996572
60 120 -0.55 -0.5 58 60 65.16382012351578 0.00116647827762506
60 120 -0.55 -0.5 60 65 142.1394315354339 0.002422948808373349
60 120 -0.55 -0.5 65 70 117.4086281403406 0.004097636040611974
60 120 -0.55 -0.5 70 80 179.2124507126588 0.002610801440511068
60 120 -0.55 -0.5 80 90 126.53190368834 0.001655087788776655
60 120 -0.55 -0.5 90 100 91.04657212792851 0.001088457913482443
60 120 -0.5 -0.45 0 0.5 -0.8155462486538232 1.877239322545243e-05
60 120 -0.5 -0.45 0.5 1 -1134.016865267573 0.02960372806273881
60 120 -0.5 -0.45 1 1.5 -52.51930911244735 0.0002119500412618436
60 120 -0.5 -0.45 1.5 2 675.3023730620542 0.005131938074669051
60 120 -0.5 -0.45 2 2.5 836.2313629694046 0.00251885588852474
60 120 -0.5 -0.45 2.5 3 842.7409900206655 0.04162427075073083
60 120 -0.5 -0.45 3 3.5 801.4825571012371 0.037660138651745
60 120 -0.5 -0.45 3.5 4 746.6592657891156 0.03385853743270673
60 120 -0.5 -0.45 4 4.5 690.4318967897078 0.03049298161658953
60 120 -0.5 -0.45 4.5 5 637.1613523649809 0.02759225717636582
60 120 -0.5 -0.45 5 5.5 588.323100723674 0.02502754368151727
60 120 -0.5 -0.45 5.5 6 544.1448287032533 0.02278871242833702
60 120 -0.5 -0.45 6 6.5 504.3802548275266 0.02081612914042807
60 120 -0.5 -0.45 6.5 7 468.6408908803668 0.01908353453853806
60 120 -0.5 -0.45 7 7.5 436.4906349893963 0.01756376250489211
60 120 -0.5 -0.45 7.5 8 407.5083669298231 0.01621359709957915
60 120 -0.5 -0.45 8 8.5 381.3199454848966 0.01500561971761272
60 120 -0.5 -0.45 8.5 9 357.589959673255 0.01393052923754112
60 120 -0.5 -0.45 9 9.5 336.0237241916162 0.01296176582718545
60 120 -0.5 -0.45 9.5 10 316.3635930050211 0.01208545400686489
60 120 -0.5 -0.45 10 10.5 298.3927821831047 0.01411167499168187
60 120 -0.5 -0.45 10.5 11 281.9236562827154 0.01210353171205725
60 120 -0.5 -0.45 11 11.5 266.792742606118 0.01073844395727974
60 120 -0.5 -0.45 11.5 12 252.8545230400043 0.0093710182082134
60 120 -0.5 -0.45 12 12.5 239.9838323093548 0.008805125480648712
60 120 -0.5 -0.45 12.5 13 228.0713060721694 0.008305872210343068
60 120 -0.5 -0.45 13 13.5 217.022923294736 0.007841318344190995
60 120 -0.5 -0.45 13.5 14 206.7567726186254 0.007412272346414284
60 120 -0.5 -0.45 14 14.5 197.1993441023485 0.007016075169730129
60 120 -0.5 -0.45 14.5 15 188.284519848501 0.006651023036795323
60 120 -0.5 -0.45 15 16 352.1131739208751 0.01230059910091086
60 120 -0.5 -0.45 16 17 322.8388478468174 0.01112044083242836
60 120 -0.5 -0.45 17 18 297.0042065012749 0.01008993615857889
60 120 -0.5 -0.45 18 19 274.081810704998 0.009183705682971777
60 120 -0.5 -0.45 19 20 253.6431265368974 0.008382321366468659
60 120 -0.5 -0.45 20 21 235.3356259814744 0.007668881988962539
60 120 -0.5 -0.45 21 22 218.8651022298801 0.01026300651687961
60 120 -0.5 -0.45 22 23 203.9907460240499 0.008628633812719499
60 120 -0.5 -0.45 23 24 190.5120264073539 0.0073957819435293
60 120 -0.5 -0.45 24 25 178.2574594441666 0.006403521052732231
60 120 -0.5 -0.45 25 26 167.0805059200557 0.005592483171938056
60 120 -0.5 -0.45 26 27 156.856178174462 0.004827350105784944
60 120 -0.5 -0.45 27 28 147.4785507446347 0.004346615112297059
60 120 -0.5 -0.45 28 29 138.8566317000908 0.004030014345914879
60 120 -0.5 -0.45 29 30 130.9108169124378 0.003741757059628981
60 120 -0.5 -0.45 30 31 123.5716333488696 0.003479264386982095
60 120 -0.5 -0.45 31 32 116.7788548796838 0.003236826551926697
60 120 -0.5 -0.45 32 33 110.4797050146684 0.003014003148308575
60 120 -0.5 -0.45 33 34 104.6270036708029 0.002810284297495969
60 120 -0.5 -0.45 34 35 99.1792826135831 0.002621350883416085
60 120 -0.5 -0.45 35 36 94.10061635099686 0.002446829642664738
60 120 -0.5 -0.45 36 37 89.35908508336423 0.00228691972934314
60 120 -0.5 -0.45 37 38 84.92589560379622 0.00213861302123064
60 120 -0.5 -0.45 38 39 80.77484632342772 0.002000856726354527
60 120 -0.5 -0.45 39 40 76.88268202415833 0.001873373628455965
60 120 -0.5 -0.45 40 42 143.023440816767 0.006633988701167937
60 120 -0.5 -0.45 42 44 130.0837042811793 0.005337454176270739
60 120 -0.5 -0.45 44 46 118.5923973173935 0.004236837770420721
60 120 -0.5 -0.45 46 48 108.3474385448301 0.003277321551237833
60 120 -0.5 -0.45 48 50 99.18230062483454 0.002549623409109358
60 120 -0.5 -0.45 50 52 90.9568679730307 0.001967315102206157
60 120 -0.5 -0.45 52 54 83.55291509540257 0.001635877875614256
60 120 -0.5 -0.45 54 56 76.87061756917937 0.00145940639062303
60 120 -0.5 -0.45 56 58 70.82503352899087 0.001304407735560176
60 120 -0.5 -0.45 58 60 65.34349100589307 0.001168216747231554
60 120 -0.5 -0.45 60 65 142.5335905137774 0.002426501036353557
60 120 -0.5 -0.45 65 70 117.7358643980341 0.004089792733964259
60 120 -0.5 -0.45 70 80 179.7147335109228 0.002614034101839025
60 120 -0.5 -0.45 80 90 126.8879903943714 0.001657218499261148
60 120 -0.5 -0.45 90 100 91.30316011700251 0.001089531016518208
60 120 -0.45 -0.4 0 0.5 -0.8182487771937669 2.067583173559484e-05
60 120 -0.45 -0.4 0.5 1 -1140.005020955591 0.0178478407883631
60 120 -0.45 -0.4 1 1.5 -56.54837356384124 0.0006316754836106497
60 120 -0.45 -0.4 1.5 2 674.3825471108457 0.006196470256554676
60 120 -0.45 -0.4 2 2.5 836.4254724387552 0.006987130517813966
60 120 -0.45 -0.4 2.5 3 843.420994928194 0.04113323842182126
60 120 -0.45 -0.4 3 3.5 802.3541149629267 0.03734099641371813
60 120 -0.45 -0.4 3.5 4 747.6354655263738 0.03367931136051538
60 120 -0.45 -0.4 4 4.5 691.4087441499539 0.03035588877264672
60 120 -0.45 -0.4 4.5 5 638.1300308505986 0.02739968176626917
60 120 -0.45 -0.4 5 5.5 589.2649018535673 0.02485722632434317
60 120 -0.45 -0.4 5.5 6 545.042501677313 0.02264630353522534
60 120 -0.45 -0.4 6 6.5 505.2386746426689 0.02071535736536134
60 120 -0.45 -0.4 6.5 7 469.4586077443616 0.01902041159712553
60 120 -0.45 -0.4 7 7.5 437.2640511847205 0.01750267388842985
60 120 -0.45 -0.4 7.5 8 408.2446888029165 0.01616190241134063
60 120 -0.45 -0.4 8 8.5 382.022283266097 0.0149702397949909
60 120 -0.45 -0.4 8.5 9 358.2591234585028 0.01389240106607303
60 120 -0.45 -0.4 9 9.5 336.6580303593151 0.0129380403044479
60 120 -0.45 -0.4 9.5 10 316.9663907052671 0.01207847892965219
60 120 -0.45 -0.4 10 10.5 298.9693807872233 0.01402837561454362
60 120 -0.45 -0.4 10.5 11 282.4770434217455 0.01234745111150914
60 120 -0.45 -0.4 11 11.5 267.3216491281697 0.01073996815654255
60 120 -0.45 -0.4 11.5 12 253.3594815864467 0.009448816847935859
60 120 -0.45 -0.4 12 12.5 240.4657500030625 0.008783321051936355
60 120 -0.45 -0.4 12.5 13 228.5325339515043 0.008289011778742861
60 120 -0.45 -0.4 13 13.5 217.4662847327953 0.007833902500209433
60 120 -0.45 -0.4 13.5 14 207.1828302048272 0.007408981639031254
60 120 -0.45 -0.4 14 14.5 197.6082020615948 0.007015989025632052
60 120 -0.45 -0.4 14.5 15 188.6773571139568 0.00665500489546389
60 120 -0.45 -0.4 15 16 352.8535627986986 0.01231978954746182
60 120 -0.45 -0.4 16 17 323.523726730167 0.01113217057360316
60 120 -0.45 -0.4 17 18 297.6395371724848 0.01010299740778464
60 120 -0.45 -0.4 18 19 274.6741345377899 0.009190485934084336
60 120 -0.45 -0.4 19 20 254.1969717832845 0.008394104962746951
60 120 -0.45 -0.4 20 21 235.8513969591037 0.007679690346861889
60 120 -0.45 -0.4 21 22 219.3466034309635 0.0101698449785772
60 120 -0.45 -0.4 22 23 204.4435504613148 0.008653172968308809
60 120 -0.45 -0.4 23 24 190.9385869715324 0.007488485520269705
60 120 -0.45 -0.4 24 25 178.6585913150637 0.006463247181471843
60 120 -0.45 -0.4 25 26 167.4576082294001 0.005549494053440185
60 120 -0.45 -0.4 26 27 157.2119074405163 0.004862215354307864
60 120 -0.45 -0.4 27 28 147.8147247426207 0.004354524800135096
60 120 -0.45 -0.4 28 29 139.174406940305 0.004039450223018548
60 120 -0.45 -0.4 29 30 131.2115814945029 0.003749528190326146
60 120 -0.45 -0.4 30 31 123.857258580726 0.003484773136051444
60 120 -0.45 -0.4 31 32 117.0502122035111 0.003241674020372898
60 120 -0.45 -0.4 32 33 110.7367807649549 0.003018369921704789
60 120 -0.45 -0.4 33 34 104.8706169723137 0.002813862774672771
60 120 -0.45 -0.4 34 35 99.41115401647406 0.002624867351471494
60 120 -0.45 -0.4 35 36 94.32198835363843 0.002450802058859836
60 120 -0.45 -0.4 36 37 89.57031378816295 0.002289815081965685
60 120 -0.45 -0.4 37 38 85.12705795421908 0.00214113179131914
60 120 -0.45 -0.4 38 39 80.96652168575309 0.002003438082795128
60 120 -0.45 -0.4 39 40 77.06562744238533 0.001876009112052657
60 120 -0.45 -0.4 40 42 143.3657622956372 0.006719595898118769
60 120 -0.45 -0.4 42 44 130.3965415170943 0.005355384757621096
60 120 -0.45 -0.4 44 46 118.8784701826954 0.004187693915071122
60 120 -0.45 -0.4 46 48 108.6103130102686 0.00329342976530711
60 120 -0.45 -0.4 48 50 99.42423818962541 0.002583298182358362
60 120 -0.45 -0.4 50 52 91.17954691470099 0.001984228409540378
60 120 -0.45 -0.4 52 54 83.75800980254091 0.001638413493793678
60 120 -0.45 -0.4 54 56 77.05979757436431 0.001461194887454553
60 120 -0.45 -0.4 56 58 71.00007792513721 0.001305940184295196
60 120 -0.45 -0.4 58 60 65.50567304393908 0.001169544883339313
60 120 -0.45 -0.4 60 65 142.8887326364045 0.002429721415779795
60 120 -0.45 -0.4 65 70 118.0310950124172 0.004094922369219489
60 120 -0.45 -0.4 70 80 180.1686083135698 0.002617131057320421
60 120 -0.45 -0.4 80 90 127.2101364701281 0.00165887423094091
60 120 -0.45 -0.4 90 100 91.53515230890399 0.001090535128852821
60 120 -0.4 -0.35 0 0.5 -0.8205599943800922 1.819891601440027e-05
60 120 -0.4 -0.35 0.5 1 -1145.560327325227 0.01186531351550002
60 120 -0.4 -0.35 1 1.5 -60.38835404657065 0.002577910090039381
60 120 -0.4 -0.35 1.5 2 673.3682367462997 0.007412774126237309
60 120 -0.4 -0.35 2 2.5 836.4565286388122 0.009409460260144442
60 120 -0.4 -0.35 2.5 3 843.8800899062998 0.04145781010913652
60 120 -0.4 -0.35 3 3.5 803.0266148368153 0.03752490736940217
60 120 -0.4 -0.35 3.5 4 748.3934593456817 0.03381862511753297
60 120 -0.4 -0.35 4 4.5 692.1944981849178 0.03047174287041798
60 120 -0.4 -0.35 4.5 5 638.927440768176 0.0275783998456518
60 120 -0.4 -0.35 5 5.5 590.0462190680352 0.0249849006503382
60 120 -0.4 -0.35 5.5 6 545.8008744042403 0.0227472511706992
60 120 -0.4 -0.35 6 6.5 505.970579451284 0.02076842032442983
60 120 -0.4 -0.35 6.5 7 470.1543701714691 0.01904912626048372
60 120 -0.4 -0.35 7 7.5 437.9283362673252 0.01754411826152591
60 120 -0.4 -0.35 7.5 8 408.8814328720899 0.01620006388628781
60 120 -0.4 -0.35 8 8.5 382.6304718042472 0.01500823718902211
60 120 -0.4 -0.35 8.5 9 358.835296547603 0.01393856053590525
60 120 -0.4 -0.35 9 9.5 337.204586283184 0.01296946753120665
60 120 -0.4 -0.35 9.5 10 317.4898516575425 0.01209787554404329
60 120 -0.4 -0.35 10 10.5 299.4713839390305 0.01416508595218602
60 120 -0.4 -0.35 10.5 11 282.9565586921179 0.01235192384541506
60 120 -0.4 -0.35 11 11.5 267.7794198570519 0.0107516246441719
60 120 -0.4 -0.35 11.5 12 253.7969478660779 0.009492750610405665
60 120 -0.4 -0.35 12 12.5 240.8845967115029 0.008808463984763648
60 120 -0.4 -0.35 12.5 13 228.9352545563596 0.00830521287053898
60 120 -0.4 -0.35 13 13.5 217.8531092188381 0.007846284388818958
60 120 -0.4 -0.35 13.5 14 207.5547642234526 0.007418467036927723
60 120 -0.4 -0.35 14 14.5 197.9661832806366 0.007020964744725688
60 120 -0.4 -0.35 14.5 15 189.0218450147583 0.006653947076983968
60 120 -0.4 -0.35 15 16 353.5036882685618 0.0123202613920057
60 120 -0.4 -0.35 16 17 324.1259346155309 0.01114100701187226
60 120 -0.4 -0.35 17 18 298.2014407164041 0.01011602089170083
60 120 -0.4 -0.35 18 19 275.2003161058819 0.009206525856939152
60 120 -0.4 -0.35 19 20 254.6870798982802 0.008402515701419588
60 120 -0.4 -0.35 20 21 236.3081228427455 0.007688371825793183
60 120 -0.4 -0.35 21 22 219.7764099895836 0.01025415830244469
60 120 -0.4 -0.35 22 23 204.8479826781579 0.008779068894625652
60 120 -0.4 -0.35 23 24 191.3183665599722 0.007437861295187531
60 120 -0.4 -0.35 24 25 179.0163025688654 0.006473464712087207
60 120 -0.4 -0.35 25 26 167.794991649169 0.005623056311890196
60 120 -0.4 -0.35 26 27 157.5297870045032 0.004820061459327007
60 120 -0.4 -0.35 27 28 148.1151815633561 0.004358197000954078
60 120 -0.4 -0.35 28 29 139.4594691936463 0.004042832810142727
60 120 -0.4 -0.35 29 30 131.4824237251647 0.003754026082560813
60 120 -0.4 -0.35 30 31 124.1137577719607 0.003489868043217825
60 120 -0.4 -0.35 31 32 117.29283298483 0.003248106630778125
60 120 -0.4 -0.35 32 33 110.966975191622 0.003024819838657322
60 120 -0.4 -0.35 33 34 105.0899063942637 0.002819286456372083
60 120 -0.4 -0.35 34 35 99.62008713741757 0.002630079982907318
60 120 -0.4 -0.35 35 36 94.52079044124929 0.002455043710654081
60 120 -0.4 -0.35 36 37 89.75946691236571 0.002294273871072505
60 120 -0.4 -0.35 37 38 85.30739145388189 0.002145061194084974
60 120 -0.4 -0.35 38 39 81.13864620792347 0.002007024753680753
60 120 -0.4 -0.35 39 40 77.23008959063934 0.001878814931899342
60 120 -0.4 -0.35 40 42 143.672656231393 0.006745268411833649
60 120 -0.4 -0.35 42 44 130.6765303889572 0.005354639968572883
60 120 -0.4 -0.35 44 46 119.1349699176102 0.004200847962749776
60 120 -0.4 -0.35 46 48 108.8458404183451 0.003319368106446063
60 120 -0.4 -0.35 48 50 99.64055049504283 0.00260199313567
60 120 -0.4 -0.35 50 52 91.37817362515807 0.001980334276467488
60 120 -0.4 -0.35 52 54 83.94085931736852 0.001640170907819538
60 120 -0.4 -0.35 54 56 77.22882491048583 0.001463047544149276
60 120 -0.4 -0.35 56 58 71.15629733914943 0.001307970207363951
60 120 -0.4 -0.35 58 60 65.6500443146078 0.001171349622211437
60 120 -0.4 -0.35 60 65 143.2052775213711 0.002432130613271966
60 120 -0.4 -0.35 65 70 118.294092770843 0.00404621816097972
60 120 -0.4 -0.35 70 80 180.5731593944786 0.002620018712349292
60 120 -0.4 -0.35 80 90 127.497480540806 0.001660308381048026
60 120 -0.4 -0.35 90 100 91.74246662418503 0.001091456587403172
60 120 -0.35 -0.3 0 0.5 -0.8225600059694907 1.811052946476543e-05
60 120 -0.35 -0.3 0.5 1 -1150.645620232302 0.05405534535361767
60 120 -0.35 -0.3 1 1.5 -63.97336875026154 0.00264138383776924
60 120 -0.35 -0.3 1.5 2 672.3116219657323 0.02748945247117263
60 120 -0.35 -0.3 2 2.5 836.3630900969387 0.01568624236813321
60 120 -0.35 -0.3 2.5 3 844.1751712790897 0.04131294377305039
60 120 -0.35 -0.3 3 3.5 803.5326152088862 0.0375155963281486
60 120 -0.35 -0.3 3.5 4 748.9737682462616 0.03378915276289263
60 120 -0.35 -0.3 4 4.5 692.8143722977198 0.03045521216222369
60 120 -0.35 -0.3 4.5 5 639.5556793023305 0.02751456429894006
60 120 -0.35 -0.3 5 5.5 590.6699625386185 0.02498443499052883
60 120 -0.35 -0.3 5.5 6 546.4160572782338 0.02275627058997998
60 120 -0.35 -0.3 6 6.5 506.5638110719824 0.02081425526245084
60 120 -0.35 -0.3 6.5 7 470.7266057275434 0.01908400787948494
60 120 -0.35 -0.3 7 7.5 438.4842106176157 0.01756254490953779
60 120 -0.35 -0.3 7.5 8 409.4163667771651 0.01620967151848163
60 120 -0.35 -0.3 8 8.5 383.1402148359419 0.01500594123382371
60 120 -0.35 -0.3 8.5 9 359.3203991704929 0.01393975687290094
60 120 -0.35 -0.3 9 9.5 337.6701867522469 0.01298056853835305
60 120 -0.35 -0.3 9.5 10 317.9372182812822 0.01211406065885967
60 120 -0.35 -0.3 10 10.5 299.8993874929155 0.01421340817557848
60 120 -0.35 -0.3 10.5 11 283.3654950008735 0.01237750255364745
60 120 -0.35 -0.3 11 11.5 268.1703460420296 0.01081347479589567
60 120 -0.35 -0.3 11.5 12 254.1708639473935 0.009380221961890811
60 120 -0.35 -0.3 12 12.5 241.2435183541875 0.008819667929401476
60 120 -0.35 -0.3 12.5 13 229.279748311924 0.00831646148591858
60 120 -0.35 -0.3 13 13.5 218.1845337864599 0.00785381164445198
60 120 -0.35 -0.3 13.5 14 207.8741522911594 0.007429150952930286
60 120 -0.35 -0.3 14 14.5 198.2738454553846 0.007034909060365635
60 120 -0.35 -0.3 14.5 15 189.3174301882703 0.006669896566819489
60 120 -0.35 -0.3 15 16 354.0601593822876 0.01234187829243183
60 120 -0.35 -0.3 16 17 324.6457066924402 0.01115715393331129
60 120 -0.35 -0.3 17 18 298.6891775769886 0.01011879998566201
60 120 -0.35 -0.3 18 19 275.6549877686986 0.009212142405431223
60 120 -0.35 -0.3 19 20 255.1110694287983 0.008410388503250488
60 120 -0.35 -0.3 20 21 236.7072779097028 0.007700106477699364
60 120 -0.35 -0.3 21 22 220.1513649246108 0.01022190655527311
60 120 -0.35 -0.3 22 23 205.2008215217544 0.008714179414369028
60 120 -0.35 -0.3 23 24 191.6515507852643 0.007609718742031646
60 120 -0.35 -0.3 24 25 179.3296124998649 0.00648790271665689
60 120 -0.35 -0.3 25 26 168.089657180032 0.005567347499010111
60 120 -0.35 -0.3 26 27 157.8086577917169 0.004793876946820319
60 120 -0.35 -0.3 27 28 148.380041176833 0.004365419209449328
60 120 -0.35 -0.3 28 29 139.7105193823208 0.004048525575854001
60 120 -0.35 -0.3 29 30 131.719777346291 0.003760424025159637
60 120 -0.35 -0.3 30 31 124.3383647320016 0.003495336983135644
60 120 -0.35 -0.3 31 32 117.5062118862783 0.00325125148529537
60 120 -0.35 -0.3 32 33 111.1701385779098 0.003028302952301942
60 120 -0.35 -0.3 33 34 105.2830745208688 0.002823180274262427
60 120 -0.35 -0.3 34 35 99.80375851329164 0.002632974000405852
60 120 -0.35 -0.3 35 36 94.69558221517723 0.002458347733082178
60 120 -0.35 -0.3 36 37 89.92616350502017 0.002297433922691994
60 120 -0.35 -0.3 37 38 85.46635937151927 0.002147506135045774
60 120 -0.35 -0.3 38 39 81.29029066023257 0.00200861143460429
60 120 -0.35 -0.3 39 40 77.37467776395903 0.00188134643330784
60 120 -0.35 -0.3 40 42 143.9423593207573 0.006777210241352805
60 120 -0.35 -0.3 42 44 130.9228436197002 0.005302789240460015
60 120 -0.35 -0.3 44 46 119.361092715215 0.004244327093360312
60 120 -0.35 -0.3 46 48 109.0533165525612 0.003368082421289387
60 120 -0.35 -0.3 48 50 99.8306459843254 0.002587681397940855
60 120 -0.35 -0.3 50 52 91.55308090203604 0.001984711486173296
60 120 -0.35 -0.3 52 54 84.10216609216565 0.0016424140210205
60 120 -0.35 -0.3 54 56 77.37754988981308 0.001464844723670922
60 120 -0.35 -0.3 56 58 71.29373602383438 0.001309402777735613
60 120 -0.35 -0.3 58 60 65.77719114239629 0.001172449059112068
60 120 -0.35 -0.3 60 65 143.4833911346865 0.00243518274871235
60 120 -0.35 -0.3 65 70 118.5248897151822 0.004153609374924372
60 120 -0.35 -0.3 70 80 180.92783271535 0.002622776203452304
60 120 -0.35 -0.3 80 90 127.7494990671799 0.001661857256152643
60 120 -0.35 -0.3 90 100 91.92449127828071 0.001092277547400045
60 120 -0.3 -0.25 0 0.5 -0.8242082885739267 1.852690838533011e-05
60 120 -0.3 -0.25 0.5 1 -1154.669526260266 0.03071796357789935
60 120 -0.3 -0.25 1 1.5 -66.64312952931814 0.002946540764355632
60 120 -0.3 -0.25 1.5 2 671.717060065016 0.008372656005008139
60 120 -0.3 -0.25 2 2.5 836.5035613029962 0.00252439967346163
60 120 -0.3 -0.25 2.5 3 844.598205940462 0.04084615042052064
60 120 -0.3 -0.25 3 3.5 804.0885249856681 0.03709929104195453
60 120 -0.3 -0.25 3.5 4 749.5757606967502 0.03347744713141765
60 120 -0.3 -0.25 4 4.5 693.4268709444578 0.03021300669081484
60 120 -0.3 -0.25 4.5 5 640.1594907868 0.02733770875283881
60 120 -0.3 -0.25 5 5.5 591.2608776942396 0.02479948172378954
60 120 -0.3 -0.25 5.5 6 546.9811331357736 0.02258300561038595
60 120 -0.3 -0.25 6 6.5 507.0998673385239 0.02065666795039078
60 120 -0.3 -0.25 6.5 7 471.2439021502049 0.01896437598679768
60 120 -0.3 -0.25 7 7.5 438.9813027223013 0.01747094620992584
60 120 -0.3 -0.25 7.5 8 409.8897133698499 0.01614467253921248
60 120 -0.3 -0.25 8 8.5 383.5893838251315 0.0149527233434128
60 120 -0.3 -0.25 8.5 9 359.7508883761474 0.01388553301615048
60 120 -0.3 -0.25 9 9.5 338.0832094859545 0.01293176987576317
60 120 -0.3 -0.25 9.5 10 318.3318900753886 0.01206462296067912
60 120 -0.3 -0.25 10 10.5 300.276437734538 0.0142962678951335
60 120 -0.3 -0.25 10.5 11 283.7255585663325 0.01243049076151692
60 120 -0.3 -0.25 11 11.5 268.5134934152011 0.0108156711236802
60 120 -0.3 -0.25 11.5 12 254.4982395451923 0.009368426028856902
60 120 -0.3 -0.25 12 12.5 241.5571656337051 0.008808571590037673
60 120 -0.3 -0.25 12.5 13 229.5813754820973 0.00831281523781513
60 120 -0.3 -0.25 13 13.5 218.4749135717009 0.007852598376757669
60 120 -0.3 -0.25 13.5 14 208.1521800552167 0.007427063014574742
60 120 -0.3 -0.25 14 14.5 198.538855725983 0.00703517876510773
60 120 -0.3 -0.25 14.5 15 189.570641443546 0.006669593637695925
60 120 -0.3 -0.25 15 16 354.5397222967069 0.01234466494980779
60 120 -0.3 -0.25 16 17 325.0926281091671 0.01116764343851173
60 120 -0.3 -0.25 17 18 299.1040847873837 0.01014065851495616
60 120 -0.3 -0.25 18 19 276.0408813506281 0.009231591802517869
60 120 -0.3 -0.25 19 20 255.4718199666308 0.008430158473601068
60 120 -0.3 -0.25 20 21 237.0452976014871 0.007712629877033805
60 120 -0.3 -0.25 21 22 220.4698607647408 0.01029908181263295
60 120 -0.3 -0.25 22 23 205.5011401159992 0.008851535977811409
60 120 -0.3 -0.25 23 24 191.9330514985479 0.007573140901342867
60 120 -0.3 -0.25 24 25 179.5940534734181 0.006436464649056006
60 120 -0.3 -0.25 25 26 168.3401710483186 0.005556448117005175
60 120 -0.3 -0.25 26 27 158.046573819596 0.004885080034284783
60 120 -0.3 -0.25 27 28 148.6050537349497 0.004372688615404741
60 120 -0.3 -0.25 28 29 139.923212143906 0.004053145551665693
60 120 -0.3 -0.25 29 30 131.9211931729076 0.003764060811619174
60 120 -0.3 -0.25 30 31 124.5297725111899 0.00349794301294537
60 120 -0.3 -0.25 31 32 117.6881421466251 0.003254030837638311
60 120 -0.3 -0.25 32 33 111.3429718230564 0.003030934210755731
60 120 -0.3 -0.25 33 34 105.4476255217311 0.002824751369317369
60 120 -0.3 -0.25 34 35 99.96050175545558 0.002634645630649857
60 120 -0.3 -0.25 35 36 94.84511119465029 0.002460177652679363
60 120 -0.3 -0.25 36 37 90.06878555280289 0.002298735099330429
60 120 -0.3 -0.25 37 38 85.60251769329292 0.00214926274097138
60 120 -0.3 -0.25 38 39 81.42021284356279 0.002011136721179696
60 120 -0.3 -0.25 39 40 77.49857963178168 0.001883345640848688
60 120 -0.3 -0.25 40 42 144.1736020879047 0.006662000914218424
60 120 -0.3 -0.25 42 44 131.135304502423 0.005393350005306274
60 120 -0.3 -0.25 44 46 119.5557972451302 0.004282897718127288
60 120 -0.3 -0.25 46 48 109.2316839408464 0.003351725107165748
60 120 -0.3 -0.25 48 50 99.99472624622389 0.002608379624803092
60 120 -0.3 -0.25 50 52 91.70408296337342 0.00197477008296687
60 120 -0.3 -0.25 52 54 84.24146196164854 0.001643887477442263
60 120 -0.3 -0.25 54 56 77.50612330880944 0.001466276233429653
60 120 -0.3 -0.25 56 58 71.41238490496002 0.001310437967219968
60 120 -0.3 -0.25 58 60 65.88687471850292 0.001173557187300389
60 120 -0.3 -0.25 60 65 143.7230451285596 0.002437776651561308
60 120 -0.3 -0.25 65 70 118.7238644606368 0.004005413084456677
60 120 -0.3 -0.25 70 80 181.2325692369425 0.002624774161574805
60 120 -0.3 -0.25 80 90 127.965980232802 0.00166312285426784
60 120 -0.3 -0.25 90 100 92.0807582883693 0.001093055762680706
60 120 -0.25 -0.2 0 0.5 -0.8254873833156527 1.856224162966047e-05
60 120 -0.25 -0.2 0.5 1 -1157.899987976858 0.02292403539763654
60 120 -0.25 -0.2 1 1.5 -68.71186259638516 0.001384180268814816
60 120 -0.25 -0.2 1.5 2 671.3539716228339 0.007444108412187234
60 120 -0.25 -0.2 2 2.5 836.7235723303213 0.006730584833462672
60 120 -0.25 -0.2 2.5 3 845.0571403152347 0.04155776356378738
60 120 -0.25 -0.2 3 3.5 804.6282979985135 0.037642273341703
60 120 -0.25 -0.2 3.5 4 750.1423879187037 0.03392649680517934
60 120 -0.25 -0.2 4 4.5 693.9866893119827 0.03059109287426054
60 120 -0.25 -0.2 4.5 5 640.713191262146 0.02765051583173772
60 120 -0.25 -0.2 5 5.5 591.7941029482649 0.02508927261192184
60 120 -0.25 -0.2 5.5 6 547.4825513003136 0.02285762493715993
60 120 -0.25 -0.2 6 6.5 507.5795384132931 0.02088720555161672
60 120 -0.25 -0.2 6.5 7 471.7029101364564 0.01916555525713193
60 120 -0.25 -0.2 7 7.5 439.4151361015727 0.01762824580629285
60 120 -0.25 -0.2 7.5 8 410.2994356702602 0.01627539747130413
60 120 -0.25 -0.2 8 8.5 383.9780663679061 0.01508009843547597
60 120 -0.25 -0.2 8.5 9 360.1206131936782 0.01399650086943893
60 120 -0.25 -0.2 9 9.5 338.4365052050688 0.01303418349402818
60 120 -0.25 -0.2 9.5 10 318.6702036197285 0.01216269692207561
60 120 -0.25 -0.2 10 10.5 300.5992103281575 0.01441077288779979
60 120 -0.25 -0.2 10.5 11 284.0314883450152 0.01239844797993328
60 120 -0.25 -0.2 11 11.5 268.8050440161051 0.01067467181491111
60 120 -0.25 -0.2 11.5 12 254.7789584048103 0.009392205449131552
60 120 -0.25 -0.2 12 12.5 241.8276642886081 0.008840833126583902
60 120 -0.25 -0.2 12.5 13 229.8409584396629 0.008340030376558616
60 120 -0.25 -0.2 13 13.5 218.7223360979658 0.007876447994249247
60 120 -0.25 -0.2 13.5 14 208.3876209266928 0.007448048642373806
60 120 -0.25 -0.2 14 14.5 198.764231427786 0.007054685126320237
60 120 -0.25 -0.2 14.5 15 189.7878332145254 0.006690010953235515
60 120 -0.25 -0.2 15 16 354.9499269861285 0.01237715872019862
60 120 -0.25 -0.2 16 17 325.4717510033937 0.01118887550268255
60 120 -0.25 -0.2 17 18 299.4550608654986 0.01014836894194104
60 120 -0.25 -0.2 18 19 276.3651398772279 0.009234258990488797
60 120 -0.25 -0.2 19 20 255.7738439054168 0.00842861809775286
60 120 -0.25 -0.2 20 21 237.3288513869797 0.007714092050406407
60 120 -0.25 -0.2 21 22 220.736058588642 0.01038274364907465
60 120 -0.25 -0.2 22 23 205.7495268981381 0.008878365665196952
60 120 -0.25 -0.2 23 24 192.1655792565361 0.00745727284061104
60 120 -0.25 -0.2 24 25 179.814198916278 0.006455731337325687
60 120 -0.25 -0.2 25 26 168.5486244998831 0.005619172920034998
60 120 -0.25 -0.2 26 27 158.2432798882073 0.004865907814689763
60 120 -0.25 -0.2 27 28 148.7909910853908 0.004375669022152806
60 120 -0.25 -0.2 28 29 140.0991089018846 0.004057608169318883
60 120 -0.25 -0.2 29 30 132.0880094109384 0.003767196142376861
60 120 -0.25 -0.2 30 31 124.6881316141348 0.003502234647001501
60 120 -0.25 -0.2 31 32 117.8386055935197 0.003257675279570549
60 120 -0.25 -0.2 32 33 111.4860675088251 0.003034016996252831
60 120 -0.25 -0.2 33 34 105.5837330766649 0.002828180186114082
60 120 -0.25 -0.2 34 35 100.0904199666452 0.002638159228297354
60 120 -0.25 -0.2 35 36 94.96910633980949 0.002462474274807391
60 120 -0.25 -0.2 36 37 90.18700116956704 0.002300926470738318
60 120 -0.25 -0.2 37 38 85.71505165935088 0.002151206829751118
60 120 -0.25 -0.2 38 39 81.52743377283556 0.002012331985810079
60 120 -0.25 -0.2 39 40 77.60116165738656 0.00188394748522569
60 120 -0.25 -0.2 40 42 144.3664807208035 0.006785606622457863
60 120 -0.25 -0.2 42 44 131.3120684619829 0.005390814831798707
60 120 -0.25 -0.2 44 46 119.7179083575129 0.004288721929242456
60 120 -0.25 -0.2 46 48 109.3805460463328 0.003364774229439149
60 120 -0.25 -0.2 48 50 100.131698820663 0.002595578279638744
60 120 -0.25 -0.2 50 52 91.83052421791002 0.001999941531892091
60 120 -0.25 -0.2 52 54 84.35804929172657 0.001645228111826214
60 120 -0.25 -0.2 54 56 77.61383815974968 0.00146740301956072
60 120 -0.25 -0.2 56 58 71.51183514023403 0.001311605265911453
60 120 -0.25 -0.2 58 60 65.97867406518796 0.00117441848446731
60 120 -0.25 -0.2 60 65 143.9242656632354 0.002439010931141183
60 120 -0.25 -0.2 65 70 118.8904316830375 0.004130125605399826
60 120 -0.25 -0.2 70 80 181.4878506550931 0.002626488069836341
60 120 -0.25 -0.2 80 90 128.1469363508019 0.001664196639296733
60 120 -0.25 -0.2 90 100 92.21129118491696 0.001093648053029028
60 120 -0.2 -0.15 0 0.5 -0.8265955608330341 1.872782025813535e-05
60 120 -0.2 -0.15 0.5 1 -1160.574142517697 0.02449850757193417
60 120 -0.2 -0.15 1 1.5 -70.5152530028863 0.001222188556965875
60 120 -0.2 -0.15 1.5 2 670.9592909814841 0.002606075547873843
60 120 -0.2 -0.15 2 2.5 836.8160761037674 0.002374532060343881
60 120 -0.2 -0.15 2.5 3 845.3704590520923 0.04132600543789522
60 120 -0.2 -0.15 3 3.5 805.0341808456222 0.03755376710955716
60 120 -0.2 -0.15 3.5 4 750.5671284827346 0.03388609722026104
60 120 -0.2 -0.15 4 4.5 694.415536188571 0.0305200442013529
60 120 -0.2 -0.15 4.5 5 641.1394086131319 0.02759975957019378
60 120 -0.2 -0.15 5 5.5 592.1993321001555 0.0250324134785842
60 120 -0.2 -0.15 5.5 6 547.870501493324 0.02279913857364591
60 120 -0.2 -0.15 6 6.5 507.9539853104848 0.02084442692517996
60 120 -0.2 -0.15 6.5 7 472.0600488617505 0.0191232107742394
60 120 -0.2 -0.15 7 7.5 439.7552507531613 0.01761361371092107
60 120 -0.2 -0.15 7.5 8 410.6194998606918 0.01626225445176033
60 120 -0.2 -0.15 8 8.5 384.2819459408589 0.01506041803014568
60 120 -0.2 -0.15 8.5 9 360.4121887677362 0.01398920105481238
60 120 -0.2 -0.15 9 9.5 338.7162885353316 0.01301628172279834
60 120 -0.2 -0.15 9.5 10 318.9353133877338 0.01214577185936605
60 120 -0.2 -0.15 10 10.5 300.848634732576 0.01423011703650445
60 120 -0.2 -0.15 10.5 11 284.2696684836884 0.01227516542337526
60 120 -0.2 -0.15 11 11.5 269.0351995521457 0.01074386110525438
60 120 -0.2 -0.15 11.5 12 255.0006452329336 0.009443418222076616
60 120 -0.2 -0.15 12 12.5 242.0402771701688 0.008850963302677428
60 120 -0.2 -0.15 12.5 13 230.0442905819329 0.008346143861956534
60 120 -0.2 -0.15 13 13.5 218.9165343514095 0.007882306406912676
60 120 -0.2 -0.15 13.5 14 208.5743444167811 0.007453326556884576
60 120 -0.2 -0.15 14 14.5 198.9444194795742 0.007057909594635703
60 120 -0.2 -0.15 14.5 15 189.9614043505892 0.006689497084295226
60 120 -0.2 -0.15 15 16 355.2786827116294 0.01238123083527398
60 120 -0.2 -0.15 16 17 325.7781896247114 0.01119797413690549
60 120 -0.2 -0.15 17 18 299.7369904131146 0.01016383825464118
60 120 -0.2 -0.15 18 19 276.627067998121 0.009252346247876631
60 120 -0.2 -0.15 19 20 256.0200805835445 0.008443645987199488
60 120 -0.2 -0.15 20 21 237.5593630004977 0.007724980631593326
60 120 -0.2 -0.15 21 22 220.9503457490725 0.01038205994302643
60 120 -0.2 -0.15 22 23 205.949419881215 0.008751132144595886
60 120 -0.2 -0.15 23 24 192.3540426766239 0.00750936041228556
60 120 -0.2 -0.15 24 25 179.9920593933206 0.006462018017515447
60 120 -0.2 -0.15 25 26 168.7164477856346 0.005632532760472486
60 120 -0.2 -0.15 26 27 158.4015675592869 0.004895460975859578
60 120 -0.2 -0.15 27 28 148.9404077810628 0.004374920177468766
60 120 -0.2 -0.15 28 29 140.2408519601186 0.004058022832822417
60 120 -0.2 -0.15 29 30 132.2224658565241 0.003767317458226671
60 120 -0.2 -0.15 30 31 124.8154860144282 0.003502961614984201
60 120 -0.2 -0.15 31 32 117.9594354743062 0.003259593283019058
60 120 -0.2 -0.15 32 33 111.6012853750112 0.003034270242551429
60 120 -0.2 -0.15 33 34 105.6937370004142 0.002828559485863025
60 120 -0.2 -0.15 34 35 100.1949877959562 0.002639471064725285
60 120 -0.2 -0.15 35 36 95.06839408547219 0.002464111716165007
60 120 -0.2 -0.15 36 37 90.28139566630539 0.002302054460727732
60 120 -0.2 -0.15 37 38 85.80502291386506 0.002153107894855566
60 120 -0.2 -0.15 38 39 81.61344125364056 0.002014727770074387
60 120 -0.2 -0.15 39 40 77.68342851089491 0.001886183088501525
60 120 -0.2 -0.15 40 42 144.5203507529444 0.006785807557832868
60 120 -0.2 -0.15 42 44 131.4527775241941 0.005428463280651386
60 120 -0.2 -0.15 44 46 119.8466957247062 0.004279286952581174
60 120 -0.2 -0.15 46 48 109.4989501490343 0.003338894596382147
60 120 -0.2 -0.15 48 50 100.2408378427677 0.002605648730408916
60 120 -0.2 -0.15 50 52 91.93124374879973 0.001997643294330942
60 120 -0.2 -0.15 52 54 84.45121318427445 0.001646149553266696
60 120 -0.2 -0.15 54 56 77.69979120781714 0.001468366488737161
60 120 -0.2 -0.15 56 58 71.59139854603548 0.001312462010233162
60 120 -0.2 -0.15 58 60 66.05248694462961 0.001175073311685537
60 120 -0.2 -0.15 60 65 144.0862049882917 0.002440681044674875
60 120 -0.2 -0.15 65 70 119.024875867839 0.004029347045232612
60 120 -0.2 -0.15 70 80 181.6932132942675 0.002628233360866261
60 120 -0.2 -0.15 80 90 128.2922892230972 0.001664935615963259
60 120 -0.2 -0.15 90 100 92.31618492257502 0.001094071607198543
60 120 -0.15 -0.1 0 0.5 -0.8275397185711748 1.869924009212376e-05
60 120 -0.15 -0.1 0.5 1 -1162.616738026814 0.03138677853598892
60 120 -0.15 -0.1 1 1.5 -71.93128806429323 0.0009938613721232059
60 120 -0.15 -0.1 1.5 2 670.60672298753 0.008189796503302205
60 120 -0.15 -0.1 2 2.5 836.8564273827687 0.0007728147022589837
60 120 -0.15 -0.1 2.5 3 845.5752506416621 0.04126299421602653
60 120 -0.15 -0.1 3 3.5 805.3186915782578 0.03739399224082263
60 120 -0.15 -0.1 3.5 4 750.8722937178072 0.03370720094847002
60 120 -0.15 -0.1 4 4.5 694.7415088228465 0.03043838896712714
60 120 -0.15 -0.1 4.5 5 641.4577587570051 0.02752994663103436
60 120 -0.15 -0.1 5 5.5 592.5028628356096 0.02498596744487713
60 120 -0.15 -0.1 5.5 6 548.1607770734926 0.02275244042346003
60 120 -0.15 -0.1 6 6.5 508.2344472103294 0.02080732714955502
60 120 -0.15 -0.1 6.5 7 472.3299631105399 0.0190952705125369
60 120 -0.15 -0.1 7 7.5 440.0072190512167 0.01757103212571565
60 120 -0.15 -0.1 7.5 8 410.8578053775469 0.01622945680207977
60 120 -0.15 -0.1 8 8.5 384.5128147389424 0.01503378833120905
60 120 -0.15 -0.1 8.5 9 360.6347567901089 0.01395790298005295
60 120 -0.15 -0.1 9 9.5 338.9259239914164 0.0129979933873301
60 120 -0.15 -0.1 9.5 10 319.1322761616314 0.01213117598291547
60 120 -0.15 -0.1 10 10.5 301.0368535072864 0.01419244521832752
60 120 -0.15 -0.1 10.5 11 284.4512156224457 0.01235852786669511
60 120 -0.15 -0.1 11 11.5 269.2090982142487 0.0107627608337566
60 120 -0.15 -0.1 11.5 12 255.1670996008529 0.00946524947713101
60 120 -0.15 -0.1 12 12.5 242.1993771027879 0.008836266049627284
60 120 -0.15 -0.1 12.5 13 230.1955601397744 0.008335883231097796
60 120 -0.15 -0.1 13 13.5 219.0609811165592 0.007876728350424855
60 120 -0.15 -0.1 13.5 14 208.7131168782868 0.007449786386672486
60 120 -0.15 -0.1 14 14.5 199.0782164969203 0.007052804037328997
60 120 -0.15 -0.1 14.5 15 190.0911821217651 0.006687145398274197
60 120 -0.15 -0.1 15 16 355.5260935004936 0.0123754789875079
60 120 -0.15 -0.1 16 17 326.0059420957017 0.01118763621991548
60 120 -0.15 -0.1 17 18 299.9483584625009 0.01015356563880232
60 120 -0.15 -0.1 18 19 276.8267552143297 0.009243531620711565
60 120 -0.15 -0.1 19 20 256.2072959055514 0.00843908707298624
60 120 -0.15 -0.1 20 21 237.7338978012125 0.007726362648128315
60 120 -0.15 -0.1 21 22 221.112518033395 0.01033344131127478
60 120 -0.15 -0.1 22 23 206.1017501005767 0.008755607330868997
60 120 -0.15 -0.1 23 24 192.4978406170812 0.007540179262889524
60 120 -0.15 -0.1 24 25 180.1271456899826 0.006504159488855521
60 120 -0.15 -0.1 25 26 168.8431071108001 0.005613543062594317
60 120 -0.15 -0.1 26 27 158.5210847788908 0.004884473202537265
60 120 -0.15 -0.1 27 28 149.053410547022 0.004381081490038241
60 120 -0.15 -0.1 28 29 140.3472626379321 0.004062565088958081
60 120 -0.15 -0.1 29 30 132.322928967344 0.003771243509902433
60 120 -0.15 -0.1 30 31 124.9110763473226 0.003505924278513817
60 120 -0.15 -0.1 31 32 118.0507511880618 0.003261718621899945
60 120 -0.15 -0.1 32 33 111.6881121292632 0.003037410268149188
60 120 -0.15 -0.1 33 34 105.7761615654871 0.002832089992679698
60 120 -0.15 -0.1 34 35 100.2733178162145 0.002641659173761468
60 120 -0.15 -0.1 35 36 95.14280475475364 0.002465723522121266
60 120 -0.15 -0.1 36 37 90.35227289287278 0.002303561252517738
60 120 -0.15 -0.1 37 38 85.87280484567556 0.002153648750763182
60 120 -0.15 -0.1 38 39 81.67836593093871 0.002014946193114042
60 120 -0.15 -0.1 39 40 77.7455092668357 0.001886413811504895
60 120 -0.15 -0.1 40 42 144.6361174760749 0.006807451136040754
60 120 -0.15 -0.1 42 44 131.5583588267629 0.005402082308563649
60 120 -0.15 -0.1 44 46 119.9432777591567 0.004261618310280824
60 120 -0.15 -0.1 46 48 109.5876673473313 0.003365118342472329
60 120 -0.15 -0.1 48 50 100.3226357950153 0.00261381466259536
60 120 -0.15 -0.1 50 52 92.00670142868633 0.00201609744819109
60 120 -0.15 -0.1 52 54 84.52062868343295 0.001646968410810246
60 120 -0.15 -0.1 54 56 77.76396276237597 0.001468943487608954
60 120 -0.15 -0.1 56 58 71.65091813970498 0.001312796346141454
60 120 -0.15 -0.1 58 60 66.10775522041187 0.001175936661311994
60 120 -0.15 -0.1 60 65 144.2074943721056 0.002441676210878541
60 120 -0.15 -0.1 65 70 119.1261923912562 0.004001754591143936
60 120 -0.15 -0.1 70 80 181.8488024164765 0.002628986482335449
60 120 -0.15 -0.1 80 90 128.4020135983558 0.001665659908695716
60 120 -0.15 -0.1 90 100 92.39519316313901 0.001094426233379409
60 120 -0.1 -0.05 0 0.5 -0.8280747899534153 1.870392245673091e-05
60 120 -0.1 -0.05 0.5 1 -1163.9172060104 0.03104399117023604
60 120 -0.1 -0.05 1 1.5 -72.79987587522169 0.00131762917611411
60 120 -0.1 -0.05 1.5 2 670.425242820585 0.005010817043398674
60 120 -0.1 -0.05 2 2.5 836.9054333720127 0.001394234373833569
60 120 -0.1 -0.05 2.5 3 845.7462615446555 0.04143569894472421
60 120 -0.1 -0.05 3 3.5 805.5236080841723 0.03762954597016233
60 120 -0.1 -0.05 3.5 4 751.0943061404184 0.03392127251049715
60 120 -0.1 -0.05 4 4.5 694.974318002474 0.03052886787702391
60 120 -0.1 -0.05 4.5 5 641.6882955597421 0.02758532785219359
60 120 -0.1 -0.05 5 5.5 592.7190308694445 0.02502092162296776
60 120 -0.1 -0.05 5.5 6 548.3730670418104 0.02278979389393498
60 120 -0.1 -0.05 6 6.5 508.4404655461319 0.02082687769149061
60 120 -0.1 -0.05 6.5 7 472.5193946988616 0.01909958338251272
60 120 -0.1 -0.05 7 7.5 440.1827777789711 0.01758248448902577
60 120 -0.1 -0.05 7.5 8 411.0285576896183 0.01623289234680669
60 120 -0.1 -0.05 8 8.5 384.6763503565172 0.01503835308966472
60 120 -0.1 -0.05 8.5 9 360.7884865734198 0.01396669690734598
60 120 -0.1 -0.05 9 9.5 339.0700956654267 0.01299404545858351
60 120 -0.1 -0.05 9.5 10 319.268946619565 0.01212627304960279
60 120 -0.1 -0.05 10 10.5 301.1680271467013 0.01425900630903243
60 120 -0.1 -0.05 10.5 11 284.5765722572337 0.01226746418888069
60 120 -0.1 -0.05 11 11.5 269.3300003727724 0.01083258560970535
60 120 -0.1 -0.05 11.5 12 255.2825133339304 0.009579054237605078
60 120 -0.1 -0.05 12 12.5 242.3076263152546 0.00882779367387343
60 120 -0.1 -0.05 12.5 13 230.2976966910282 0.008325550378657454
60 120 -0.1 -0.05 13 13.5 219.159160196703 0.007867797782125763
60 120 -0.1 -0.05 13.5 14 208.808044569238 0.007442486389095393
60 120 -0.1 -0.05 14 14.5 199.1701654469755 0.007045601718886019
60 120 -0.1 -0.05 14.5 15 190.1795719630206 0.006678907976350956
60 120 -0.1 -0.05 15 16 355.691031644773 0.01236710017553833
60 120 -0.1 -0.05 16 17 326.1556799431352 0.01118321511108888
60 120 -0.1 -0.05 17 18 300.0891910300282 0.01014806192603146
60 120 -0.1 -0.05 18 19 276.9598518966122 0.009238241581329021
60 120 -0.1 -0.05 19 20 256.3316257821956 0.00843228547620356
60 120 -0.1 -0.05 20 21 237.8489074299368 0.007719907447750529
60 120 -0.1 -0.05 21 22 221.221087310403 0.01033625632024382
60 120 -0.1 -0.05 22 23 206.2043478536179 0.008807929944055104
60 120 -0.1 -0.05 23 24 192.5939930186061 0.007541316748216786
60 120 -0.1 -0.05 24 25 180.2176651971272 0.00651231734019575
60 120 -0.1 -0.05 25 26 168.928548765342 0.005627653767589891
60 120 -0.1 -0.05 26 27 158.6012524937256 0.004905978117051291
60 120 -0.1 -0.05 27 28 149.1284834579305 0.004381590882474029
60 120 -0.1 -0.05 28 29 140.4180354457459 0.004064047465021758
60 120 -0.1 -0.05 29 30 132.3901111372462 0.003773873653557303
60 120 -0.1 -0.05 30 31 124.9750487908833 0.003508292959310211
60 120 -0.1 -0.05 31 32 118.1113960212998 0.003263695754100127
60 120 -0.1 -0.05 32 33 111.7455608511968 0.00303904589749493
60 120 -0.1 -0.05 33 34 105.8304685705882 0.002832762549999757
60 120 -0.1 -0.05 34 35 100.3247864078371 0.002642172806034182
60 120 -0.1 -0.05 35 36 95.19204349878562 0.002466344913628404
60 120 -0.1 -0.05 36 37 90.39948471670395 0.00230479383745319
60 120 -0.1 -0.05 37 38 85.91804960799242 0.002155024407713313
60 120 -0.1 -0.05 38 39 81.72161869227831 0.002016248352759931
60 120 -0.1 -0.05 39 40 77.78683087171852 0.00188747209675455
60 120 -0.1 -0.05 40 42 144.713414697763 0.006812063327856777
60 120 -0.1 -0.05 42 44 131.6290131025606 0.005433367884620566
60 120 -0.1 -0.05 44 46 120.0080802715994 0.0042712872232471
60 120 -0.1 -0.05 46 48 109.6474281434415 0.003361175497516911
60 120 -0.1 -0.05 48 50 100.3775853293951 0.00263574514373488
60 120 -0.1 -0.05 50 52 92.05694820202267 0.001999940483543128
60 120 -0.1 -0.05 52 54 84.56698516316605 0.00164784600907808
60 120 -0.1 -0.05 54 56 77.80686895993121 0.001469575434086323
60 120 -0.1 -0.05 56 58 71.69054138200023 0.001313424396258256
60 120 -0.1 -0.05 58 60 66.14430558591074 0.001176067702942873
60 120 -0.1 -0.05 60 65 144.2882882737306 0.002442522094924016
60 120 -0.1 -0.05 65 70 119.1935621899616 0.004032984950441687
60 120 -0.1 -0.05 70 80 181.9535077876278 0.002629681517731797
60 120 -0.1 -0.05 80 90 128.4762683439169 0.001666128037925318
60 120 -0.1 -0.05 90 100 92.44813694693903 0.001094743616690153
60 120 -0.05 0 0 0.5 -0.8282253002705335 1.822450907662532e-05
60 120 -0.05 0 0.5 1 -1164.485502768212 0.02839184791332627
60 120 -0.05 0 1 1.5 -73.17840166619308 0.000757598734182352
60 120 -0.05 0 1.5 2 670.3705644128156 0.004656608572531695
60 120 -0.05 0 2 2.5 836.9295267935689 0.001983753599347438
60 120 -0.05 0 2.5 3 845.8287993034247 0.04124146069295875
60 120 -0.05 0 3 3.5 805.6162350030435 0.03741452036831561
60 120 -0.05 0 3.5 4 751.1975824927325 0.03374625432411449
60 120 -0.05 0 4 4.5 695.089495335117 0.0304903351707253
60 120 -0.05 0 4.5 5 641.790309634328 0.02758766574083893
60 120 -0.05 0 5 5.5 592.8205923611021 0.02503758548186852
60 120 -0.05 0 5.5 6 548.479535955821 0.02279987566782893
60 120 -0.05 0 6 6.5 508.5394438933433 0.0208582502496597
60 120 -0.05 0 6.5 7 472.609499948566 0.01914209163220448
60 120 -0.05 0 7 7.5 440.2716475196367 0.01762391294352028
60 120 -0.05 0 7.5 8 411.1141378316127 0.01628205947275774
60 120 -0.05 0 8 8.5 384.757872148098 0.01506994118830107
60 120 -0.05 0 8.5 9 360.8632207473989 0.01399579898117054
60 120 -0.05 0 9 9.5 339.1387202441429 0.01303428460158784
60 120 -0.05 0 9.5 10 319.3347360730352 0.012161756683156
60 120 -0.05 0 10 10.5 301.2320102787942 0.01418228480122252
60 120 -0.05 0 10.5 11 284.6393137212584 0.01240179567014366
60 120 -0.05 0 11 11.5 269.3894879609062 0.01093508577508828
60 120 -0.05 0 11.5 12 255.3370281370145 0.009496132741162455
60 120 -0.05 0 12 12.5 242.3587307964211 0.008863873513433873
60 120 -0.05 0 12.5 13 230.3472378334365 0.008359068090612709
60 120 -0.05 0 13 13.5 219.2076706056754 0.007894110938536869
60 120 -0.05 0 13.5 14 208.8553725453716 0.007464590869318499
60 120 -0.05 0 14 14.5 199.2160027520167 0.007069015277266999
60 120 -0.05 0 14.5 15 190.223067240986 0.006700644268306633
60 120 -0.05 0 15 16 355.769423434645 0.01240209668469561
60 120 -0.05 0 16 17 326.2288199900818 0.01121463705260339
60 120 -0.05 0 17 18 300.159176434639 0.01017601395210477
60 120 -0.05 0 18 19 277.0241650638034 0.009262372303339816
60 120 -0.05 0 19 20 256.3906686388934 0.008454511840398027
60 120 -0.05 0 20 21 237.904646736336 0.00773539185902905
60 120 -0.05 0 21 22 221.2737484512272 0.01031666323302716
60 120 -0.05 0 22 23 206.2544344540771 0.008819811848724157
60 120 -0.05 0 23 24 192.6418649474585 0.007547451726566123
60 120 -0.05 0 24 25 180.2632118852711 0.006512798292618527
60 120 -0.05 0 25 26 168.9714944676293 0.005665903048623022
60 120 -0.05 0 26 27 158.6414670218744 0.0048905466753979
60 120 -0.05 0 27 28 149.1663594503713 0.004381432666519913
60 120 -0.05 0 28 29 140.4543384649684 0.004063259016021448
60 120 -0.05 0 29 30 132.4249496416227 0.003772463409831062
60 120 -0.05 0 30 31 125.0078980621137 0.003505794432342668
60 120 -0.05 0 31 32 118.1422024174782 0.00326205699875004
60 120 -0.05 0 32 33 111.7743921669699 0.00303759232865275
60 120 -0.05 0 33 34 105.8576709613562 0.002831996778070334
60 120 -0.05 0 34 35 100.3507276983632 0.002642221183577931
60 120 -0.05 0 35 36 95.21676207983101 0.002466403848359278
60 120 -0.05 0 36 37 90.4231313537653 0.002304639164847799
60 120 -0.05 0 37 38 85.94058915894544 0.002154906745502672
60 120 -0.05 0 38 39 81.74309578239613 0.002016333138300297
60 120 -0.05 0 39 40 77.80737805239659 0.001888231369733262
60 120 -0.05 0 40 42 144.7515940904638 0.006827299147772692
60 120 -0.05 0 42 44 131.6638848090176 0.005373449401957942
60 120 -0.05 0 44 46 120.0406375224579 0.00427725403305601
60 120 -0.05 0 46 48 109.6774490915708 0.003400184187484001
60 120 -0.05 0 48 50 100.4049370383593 0.002608365369866306
60 120 -0.05 0 50 52 92.08232671445489 0.002009589443275672
60 120 -0.05 0 52 54 84.59042934568561 0.001647759616304256
60 120 -0.05 0 54 56 77.82841179975749 0.00146952645060594
60 120 -0.05 0 56 58 71.7104470177018 0.001313487726349649
60 120 -0.05 0 58 60 66.16289202083323 0.001176306917528791
60 120 -0.05 0 60 65 144.3290048721122 0.002443020370463955
60 120 -0.05 0 65 70 119.2272137316214 0.004114527339694973
60 120 -0.05 0 70 80 182.0063035466716 0.002630273021935636
60 120 -0.05 0 80 90 128.5144827234373 0.001666277905428615
60 120 -0.05 0 90 100 92.47519399123728 0.001094891868945069
60 120 0 0.05 0 0.5 -0.8282143130160393 1.83052779639814e-05
60 120 0 0.05 0.5 1 -1164.355690208401 0.02688443832380472
60 120 0 0.05 1 1.5 -73.07200773469793 0.002910053354355568
60 120 0 0.05 1.5 2 670.4333658588382 0.004790672056969925
60 120 0 0.05 2 2.5 836.9587340339867 0.002896216417525466
60 120 0 0.05 2.5 3 845.8559245655113 0.04122282074979466
60 120 0 0.05 3 3.5 805.6157024070773 0.03746680922267842
60 120 0 0.05 3.5 4 751.2113963191662 0.03377237049369342
60 120 0 0.05 4 4.5 695.0968164338288 0.03043962640333575
60 120 0 0.05 4.5 5 641.7892789872435 0.02752049485025054
60 120 0 0.05 5 5.5 592.8282943270033 0.02499970273868257
60 120 0 0.05 5.5 6 548.4872633451258 0.02278877758033104
60 120 0 0.05 6 6.5 508.542752529992 0.02083848854232428
60 120 0 0.05 6.5 7 472.6121959136285 0.0191263280347016
60 120 0 0.05 7 7.5 440.2775337304114 0.01760306507674159
60 120 0 0.05 7.5 8 411.1226534991873 0.0162658419049535
60 120 0 0.05 8 8.5 384.7641133571523 0.01507471162966567
60 120 0 0.05 8.5 9 360.8660431983932 0.01399776073509429
60 120 0 0.05 9 9.5 339.1418818144911 0.01303524710664306
60 120 0 0.05 9.5 10 319.3389683744383 0.01216356442432698
60 120 0 0.05 10 10.5 301.2371660937076 0.0142310910513288
60 120 0 0.05 10.5 11 284.6439474360174 0.01255807357000549
60 120 0 0.05 11 11.5 269.3908464929029 0.0108781531968134
60 120 0 0.05 11.5 12 255.3364610616773 0.009434721769736143
60 120 0 0.05 12 12.5 242.3585604260924 0.008856179606709702
60 120 0 0.05 12.5 13 230.3488276505018 0.008356043271817271
60 120 0 0.05 13 13.5 219.2099204650929 0.007894509125321747
60 120 0 0.05 13.5 14 208.8576277461733 0.007465793920943042
60 120 0 0.05 14 14.5 199.2169429621353 0.007068165982929031
60 120 0 0.05 14.5 15 190.2227678511026 0.006701434770150172
60 120 0 0.05 15 16 355.7684655438731 0.01240305997464475
60 120 0 0.05 16 17 326.2299693295494 0.01120942150521387
60 120 0 0.05 17 18 300.159762582242 0.01017387525348568
60 120 0 0.05 18 19 277.0239210467204 0.009257390943162136
60 120 0 0.05 19 20 256.3897142177082 0.008452792573223178
60 120 0 0.05 20 21 237.9034020507569 0.007733213435358266
60 120 0 0.05 21 22 221.2725497012369 0.01031986173288146
60 120 0 0.05 22 23 206.2535499570288 0.008779035276859304
60 120 0 0.05 23 24 192.6414007837306 0.007585016202170891
60 120 0 0.05 24 25 180.2625023564161 0.00652659250587817
60 120 0 0.05 25 26 168.9704490901054 0.005640178878707047
60 120 0 0.05 26 27 158.6405862674387 0.004846702257367497
60 120 0 0.05 27 28 149.1664508175345 0.00438083957126878
60 120 0 0.05 28 29 140.4550063037975 0.004063099253983182
60 120 0 0.05 29 30 132.4255823628078 0.003773381768581885
60 120 0 0.05 30 31 125.0082845714481 0.003507570400628879
60 120 0 0.05 31 32 118.1423277776928 0.003263504820907315
60 120 0 0.05 32 33 111.7744682721519 0.003038366398357084
60 120 0 0.05 33 34 105.8577577972916 0.002832296017757585
60 120 0 0.05 34 35 100.3508102462604 0.002641519838249451
60 120 0 0.05 35 36 95.21693796521822 0.002466134972522127
60 120 0 0.05 36 37 90.42326138513151 0.002304646618071615
60 120 0 0.05 37 38 85.94065730764855 0.002154839513309526
60 120 0 0.05 38 39 81.74304889022852 0.002015852251929573
60 120 0 0.05 39 40 77.80702396170163 0.001887554865390939
60 120 0 0.05 40 42 144.7507152340197 0.006734115701959809
60 120 0 0.05 42 44 131.66372913503 0.005420612714175377
60 120 0 0.05 44 46 120.0405861605198 0.004314246294342183
60 120 0 0.05 46 48 109.6772419386048 0.00333803118323317
60 120 0 0.05 48 50 100.4051458769605 0.002646147548432509
60 120 0 0.05 50 52 92.08253089113715 0.002008380302427781
60 120 0 0.05 52 54 84.59064158837295 0.001647622022829864
60 120 0 0.05 54 56 77.82870205088308 0.001469566426720803
60 120 0 0.05 56 58 71.71076536702738 0.00131355861294935
60 120 0 0.05 58 60 66.16327697310308 0.001176306481283973
60 120 0 0.05 60 65 144.3295021733455 0.002442799026397324
60 120 0 0.05 65 70 119.2279781695677 0.004095227352848951
60 120 0 0.05 70 80 182.0074122177489 0.002630218613916213
60 120 0 0.05 80 90 128.5155514976321 0.001666417945585863
60 120 0 0.05 90 100 92.47613678350278 0.001097214744476105
60 120 0.05 0.1 0 0.5 -0.8280224080847662 1.873185831946511e-05
60 120 0.05 0.1 0.5 1 -1163.560630862141 0.02980868411782467
60 120 0.05 0.1 1 1.5 -72.48604586782477 0.001912807573916098
60 120 0.05 0.1 1.5 2 670.6150050136023 0.0058140460737377
60 120 0.05 0.1 2 2.5 836.9884539405149 0.001554140391931469
60 120 0.05 0.1 2.5 3 845.8228501494316 0.04141556372758259
60 120 0.05 0.1 3 3.5 805.5421990848827 0.03757462464898254
60 120 0.05 0.1 3.5 4 751.1350665893477 0.03389273651873737
60 120 0.05 0.1 4 4.5 695.0021425410316 0.03054976617659122
60 120 0.05 0.1 4.5 5 641.6947574074029 0.02761624508912064
60 120 0.05 0.1 5 5.5 592.7412685299458 0.02501294676358157
60 120 0.05 0.1 5.5 6 548.399818332966 0.02277424998169408
60 120 0.05 0.1 6 6.5 508.4540635501373 0.02081432731574751
60 120 0.05 0.1 6.5 7 472.5308121941181 0.01909648102127903
60 120 0.05 0.1 7 7.5 440.2026530759603 0.01758713565476455
60 120 0.05 0.1 7.5 8 411.0508363254924 0.01622974208811456
60 120 0.05 0.1 8 8.5 384.6915985991254 0.01503045255407187
60 120 0.05 0.1 8.5 9 360.7969090891491 0.0139570154921671
60 120 0.05 0.1 9 9.5 339.0782475122328 0.01298893380430854
60 120 0.05 0.1 9.5 10 319.2810296697188 0.01212491042241481
60 120 0.05 0.1 10 10.5 301.1820197690491 0.01444163678115729
60 120 0.05 0.1 10.5 11 284.5878644830863 0.01252059702983388
60 120 0.05 0.1 11 11.5 269.3352052516545 0.01069393252237205
60 120 0.05 0.1 11.5 12 255.2843960487324 0.009389895428199679
60 120 0.05 0.1 12 12.5 242.3102811890788 0.00883184960446215
60 120 0.05 0.1 12.5 13 230.3024508090481 0.008327095109677884
60 120 0.05 0.1 13 13.5 219.1649809208446 0.007864712694470199
60 120 0.05 0.1 13.5 14 208.8131226155158 0.007438808784939965
60 120 0.05 0.1 14 14.5 199.1729657446611 0.007045236643023145
60 120 0.05 0.1 14.5 15 190.1800973130022 0.006679414676852957
60 120 0.05 0.1 15 16 355.689614415242 0.01236466936990155
60 120 0.05 0.1 16 17 326.1569286111991 0.01118426793698291
60 120 0.05 0.1 17 18 300.091231343993 0.01014865446182966
60 120 0.05 0.1 18 19 276.9592898693564 0.009240821493108342
60 120 0.05 0.1 19 20 256.3285923196153 0.008433665814948199
60 120 0.05 0.1 20 21 237.8458454465904 0.00772246372855534
60 120 0.05 0.1 21 22 221.218965603762 0.01031664882262362
60 120 0.05 0.1 22 23 206.2033942273657 0.008850012836774113
60 120 0.05 0.1 23 24 192.5933615410299 0.007577637922310032
60 120 0.05 0.1 24 25 180.2163573005191 0.006519539159654641
60 120 0.05 0.1 25 26 168.9265428911482 0.005562391610226314
60 120 0.05 0.1 26 27 158.5998398307875 0.004874589277022778
60 120 0.05 0.1 27 28 149.1282245320576 0.004381782261702938
60 120 0.05 0.1 28 29 140.4187852150265 0.004063644375577269
60 120 0.05 0.1 29 30 132.3911353167253 0.003772467370254162
60 120 0.05 0.1 30 31 124.9756580321013 0.003506737635689205
60 120 0.05 0.1 31 32 118.111435015304 0.003262434031668704
60 120 0.05 0.1 32 33 111.7451611036605 0.003038896026680504
60 120 0.05 0.1 33 34 105.830169237071 0.002832762906677999
60 120 0.05 0.1 34 35 100.3248918423629 0.002642426918441743
60 120 0.05 0.1 35 36 95.19234271172445 0.00246656822683633
60 120 0.05 0.1 36 37 90.3997595650608 0.002304813924325799
60 120 0.05 0.1 37 38 85.91798740041408 0.002154890680117205
60 120 0.05 0.1 38 39 81.72114056501914 0.002015556918493644
60 120 0.05 0.1 39 40 77.7861701596548 0.001887962953347255
60 120 0.05 0.1 40 42 144.7122014193328 0.006805472426520964
60 120 0.05 0.1 42 44 131.6283020347766 0.005400919874006149
60 120 0.05 0.1 44 46 120.0079112652126 0.004252036001162196
60 120 0.05 0.1 46 48 109.6475302803163 0.003402188999416467
60 120 0.05 0.1 48 50 100.3777135135607 0.002604512580504093
60 120 0.05 0.1 50 52 92.05742844565177 0.002005305632039267
60 120 0.05 0.1 52 54 84.56758966057029 0.001647843652591519
60 120 0.05 0.1 54 56 77.80755638621575 0.001469592633128514
60 120 0.05 0.1 56 58 71.69150137416256 0.001313264605897757
60 120 0.05 0.1 58 60 66.14535199910028 0.001176143782700478
60 120 0.05 0.1 60 65 144.2898537598029 0.002442471035521976
60 120 0.05 0.1 65 70 119.1957449253694 0.003870152089774592
60 120 0.05 0.1 70 80 181.9569379990204 0.002630230488591678
60 120 0.05 0.1 80 90 128.4795497043015 0.001666097137359657
60 120 0.05 0.1 90 100 92.45090052705584 0.001094805808719457
60 120 0.1 0.15 0 0.5 -0.8274483758045431 1.99940696911094e-05
60 120 0.1 0.15 0.5 1 -1162.067345572124 0.03043432405479507
60 120 0.1 0.15 1 1.5 -71.39654625928591 0.0003155035064992262
60 120 0.1 0.15 1.5 2 670.9285627169588 0.007384499432077973
60 120 0.1 0.15 2 2.5 837.0292058546636 0.002070941951046734
60 120 0.1 0.15 2.5 3 845.7114015057572 0.04125534965999123
60 120 0.1 0.15 3 3.5 805.3794833404602 0.03741301761272098
60 120 0.1 0.15 3.5 4 750.9495563924954 0.03372334580637926
60 120 0.1 0.15 4 4.5 694.7957465075971 0.03043299320518145
60 120 0.1 0.15 4.5 5 641.49443449782 0.02752569329845755
60 120 0.1 0.15 5 5.5 592.5455159420648 0.02500207660136766
60 120 0.1 0.15 5.5 6 548.2034362149554 0.02277347489393833
60 120 0.1 0.15 6 6.5 508.2647735225575 0.02081764134771902
60 120 0.1 0.15 6.5 7 472.3536447595734 0.01908996461378365
60 120 0.1 0.15 7 7.5 440.0357828201465 0.01756945609048444
60 120 0.1 0.15 7.5 8 410.8860304331665 0.01622943280699474
60 120 0.1 0.15 8 8.5 384.5328860530506 0.01503760100689533
60 120 0.1 0.15 8.5 9 360.6488878985555 0.0139649617226496
60 120 0.1 0.15 9 9.5 338.9399201832052 0.0130037564932195
60 120 0.1 0.15 9.5 10 319.1491920387318 0.0121317881277605
60 120 0.1 0.15 10 10.5 301.0533628698866 0.01443789580679322
60 120 0.1 0.15 10.5 11 284.4631642133645 0.01222317539065898
60 120 0.1 0.15 11 11.5 269.2183382619286 0.010815476629773
60 120 0.1 0.15 11.5 12 255.1742422071517 0.009392693694337595
60 120 0.1 0.15 12 12.5 242.2054758203284 0.008840401637797868
60 120 0.1 0.15 12.5 13 230.2017624954534 0.008342708915591857
60 120 0.1 0.15 13 13.5 219.0675941871703 0.007877670872915132
60 120 0.1 0.15 13.5 14 208.7186554525857 0.007451638376352321
60 120 0.1 0.15 14 14.5 199.0823372456826 0.007056894035628147
60 120 0.1 0.15 14.5 15 190.0934068478183 0.00668905483868798
60 120 0.1 0.15 15 16 355.5263837766353 0.01237285021892376
60 120 0.1 0.15 16 17 326.0050967436307 0.01119116540684217
60 120 0.1 0.15 17 18 299.9497057253431 0.01015435077493976
60 120 0.1 0.15 18 19 276.8265161458274 0.009246870095068971
60 120 0.1 0.15 19 20 256.2044451829505 0.008440359164865185
60 120 0.1 0.15 20 21 237.7307096139261 0.007724164916311338
60 120 0.1 0.15 21 22 221.1117177693628 0.0103521412214036
60 120 0.1 0.15 22 23 206.1020953165007 0.008855861575483459
60 120 0.1 0.15 23 24 192.4972862038105 0.007562388626638494
60 120 0.1 0.15 24 25 180.125706787656 0.006445659784930058
60 120 0.1 0.15 25 26 168.8417798031142 0.005606748890784274
60 120 0.1 0.15 26 27 158.5199214818542 0.004880615212158546
60 120 0.1 0.15 27 28 149.0525522414366 0.004379845546679917
60 120 0.1 0.15 28 29 140.346926616477 0.004061479941071866
60 120 0.1 0.15 29 30 132.3228952912427 0.003771061872640757
60 120 0.1 0.15 30 31 124.9106221944338 0.00350608002007391
60 120 0.1 0.15 31 32 118.0497097336709 0.003261535085528067
60 120 0.1 0.15 32 33 111.6870562764352 0.003036961531506677
60 120 0.1 0.15 33 34 105.7753139040293 0.002830652103014586
60 120 0.1 0.15 34 35 100.2727439215848 0.002640556355160584
60 120 0.1 0.15 35 36 95.14254930322173 0.002465281894870941
60 120 0.1 0.15 36 37 90.35212933671207 0.002303183107528639
60 120 0.1 0.15 37 38 85.87261393128846 0.002153998570577187
60 120 0.1 0.15 38 39 81.67806377278566 0.002015144567508287
60 120 0.1 0.15 39 40 77.74509924778476 0.00188643695823032
60 120 0.1 0.15 40 42 144.635330635886 0.006790249652993907
60 120 0.1 0.15 42 44 131.5578030721783 0.005399730486715271
60 120 0.1 0.15 44 46 119.9432567396021 0.004280571017915236
60 120 0.1 0.15 46 48 109.5879440405006 0.003337207633649086
60 120 0.1 0.15 48 50 100.32299483253 0.002631708247776032
60 120 0.1 0.15 50 52 92.0069890480888 0.002001930662927975
60 120 0.1 0.15 52 54 84.52133719067578 0.001646986682303009
60 120 0.1 0.15 54 56 77.76523972111403 0.001468546103069457
60 120 0.1 0.15 56 58 71.65219802230818 0.001313040458640558
60 120 0.1 0.15 58 60 66.10876896463613 0.001175630816518947
60 120 0.1 0.15 60 65 144.2107607747631 0.002441815042999451
60 120 0.1 0.15 65 70 119.129117865602 0.00411527390068045
60 120 0.1 0.15 70 80 181.8548772208393 0.002629296386800206
60 120 0.1 0.15 80 90 128.4074218974613 0.001665717152917523
60 120 0.1 0.15 90 100 92.3995739958506 0.001094586437929479
60 120 0.15 0.2 0 0.5 -0.8264417667427685 1.857722051301636e-05
60 120 0.15 0.2 0.5 1 -1159.863766676204 0.01903066380782548
60 120 0.15 0.2 1 1.5 -69.79165412851802 0.001462855916258832
60 120 0.15 0.2 1.5 2 671.4018193560618 0.003205731755429042
60 120 0.15 0.2 2 2.5 837.1029659925822 0.005023128453217396
60 120 0.15 0.2 2.5 3 845.5715215210937 0.04149941761863829
60 120 0.15 0.2 3 3.5 805.1663308826849 0.03760588651300623
60 120 0.15 0.2 3.5 4 750.6849212016748 0.03386341769885348
60 120 0.15 0.2 4 4.5 694.5099606288949 0.03051077699808502
60 120 0.15 0.2 4.5 5 641.2133026548548 0.0275825339971334
60 120 0.15 0.2 5 5.5 592.2633257833894 0.02502131168182586
60 120 0.15 0.2 5.5 6 547.9221889613901 0.02279173640738463
60 120 0.15 0.2 6 6.5 507.9981038929055 0.02084258517561466
60 120 0.15 0.2 6.5 7 472.1011146945372 0.01913584742231933
60 120 0.15 0.2 7 7.5 439.7880575670419 0.01761453031576821
60 120 0.15 0.2 7.5 8 410.6452784721952 0.01626708509957098
60 120 0.15 0.2 8 8.5 384.3061685694968 0.01506109776090625
60 120 0.15 0.2 8.5 9 360.434797091859 0.01397624072575354
60 120 0.15 0.2 9 9.5 338.7355701230847 0.01301433994422041
60 120 0.15 0.2 9.5 10 318.9508177262073 0.01214749409365368
60 120 0.15 0.2 10 10.5 300.8615534979469 0.01418998383621783
60 120 0.15 0.2 10.5 11 284.2817002878239 0.0123238578118503
60 120 0.15 0.2 11 11.5 269.0458684204509 0.01071349890668216
60 120 0.15 0.2 11.5 12 255.009803386469 0.009530055599810794
60 120 0.15 0.2 12 12.5 242.0473322190905 0.00884301788047992
60 120 0.15 0.2 12.5 13 230.0497883923134 0.008342250496440329
60 120 0.15 0.2 13 13.5 218.9209270606541 0.007877647891490369
60 120 0.15 0.2 13.5 14 208.578196776208 0.007449795254757419
60 120 0.15 0.2 14 14.5 198.947787230858 0.007057188420219518
60 120 0.15 0.2 14.5 15 189.9645166935057 0.006692970814981436
60 120 0.15 0.2 15 16 355.2828520140931 0.01238788755455289
60 120 0.15 0.2 16 17 325.7795092559024 0.01119987131534117
60 120 0.15 0.2 17 18 299.7383322244812 0.01016067531202225
60 120 0.15 0.2 18 19 276.6282564925081 0.00924570209247122
60 120 0.15 0.2 19 20 256.0198964229851 0.008440431741519205
60 120 0.15 0.2 20 21 237.5587206435113 0.007723753145313594
60 120 0.15 0.2 21 22 220.9496946698418 0.01038552296395778
60 120 0.15 0.2 22 23 205.9490808469748 0.008798870922419155
60 120 0.15 0.2 23 24 192.353335198762 0.007509665213859762
60 120 0.15 0.2 24 25 179.9906132737828 0.006451943475980215
60 120 0.15 0.2 25 26 168.7146543264529 0.005614676045780698
60 120 0.15 0.2 26 27 158.3999909885329 0.00487633329100845
60 120 0.15 0.2 27 28 148.9390254136115 0.004375812599704432
60 120 0.15 0.2 28 29 140.2390395042712 0.004058966674818976
60 120 0.15 0.2 29 30 132.2201735668724 0.003767156113383408
60 120 0.15 0.2 30 31 124.8134672796929 0.003501717030218288
60 120 0.15 0.2 31 32 117.9580006907347 0.00325862469827598
60 120 0.15 0.2 32 33 111.5999500376315 0.00303408682670181
60 120 0.15 0.2 33 34 105.6923514548916 0.002828128882342185
60 120 0.15 0.2 34 35 100.1936322490877 0.002639200721233692
60 120 0.15 0.2 35 36 95.06717700989766 0.002463971389602193
60 120 0.15 0.2 36 37 90.28053702098769 0.002301494114135494
60 120 0.15 0.2 37 38 85.80450306440747 0.002152612478710125
60 120 0.15 0.2 38 39 81.61322488230725 0.002014536596220751
60 120 0.15 0.2 39 40 77.68339927396069 0.0018855691842532
60 120 0.15 0.2 40 42 144.5201932127489 0.006770529643290502
60 120 0.15 0.2 42 44 131.4526769493298 0.005365663038986668
60 120 0.15 0.2 44 46 119.8469929069531 0.004285597160574639
60 120 0.15 0.2 46 48 109.4994579120316 0.003387812700651693
60 120 0.15 0.2 48 50 100.2412688011087 0.002585838469840951
60 120 0.15 0.2 50 52 91.93190451699479 0.001985329301732008
60 120 0.15 0.2 52 54 84.45226937063654 0.001646188261148041
60 120 0.15 0.2 54 56 77.70089276938018 0.001468225223703712
60 120 0.15 0.2 56 58 71.59242483320962 0.001312196287472034
60 120 0.15 0.2 58 60 66.05383509545184 0.001175060613107348
60 120 0.15 0.2 60 65 144.0905400720916 0.002440244334678709
60 120 0.15 0.2 65 70 119.0289891365436 0.004088664868731939
60 120 0.15 0.2 70 80 181.701688204283 0.002628197746105343
60 120 0.15 0.2 80 90 128.2995865973938 0.001665070246673395
60 120 0.15 0.2 90 100 92.32233379800061 0.001094234527045046
60 120 0.2 0.25 0 0.5 -0.8252518659849823 1.800755205172422e-05
60 120 0.2 0.25 0.5 1 -1157.145401765199 0.01674848878474222
60 120 0.2 0.25 1 1.5 -67.93455053522888 0.002803010292964814
60 120 0.2 0.25 1.5 2 671.8726702147741 0.008643462275244929
60 120 0.2 0.25 2 2.5 837.0849120396109 0.00852538710000772
60 120 0.2 0.25 2.5 3 845.3196895918169 0.04142099932960264
60 120 0.2 0.25 3 3.5 804.8331949908857 0.03766692231931756
60 120 0.2 0.25 3.5 4 750.2945887474134 0.03401062096941132
60 120 0.2 0.25 4 4.5 694.1118191909283 0.03063534495731801
60 120 0.2 0.25 4.5 5 640.8196187456933 0.02767688050596462
60 120 0.2 0.25 5 5.5 591.8661086296416 0.02509105831484248
60 120 0.2 0.25 5.5 6 547.541145046497 0.02285507318401869
60 120 0.2 0.25 6 6.5 507.6381600504573 0.02087668335667558
60 120 0.2 0.25 6.5 7 471.7531736709067 0.01915545819485942
60 120 0.2 0.25 7 7.5 439.4488706625099 0.01763385349960345
60 120 0.2 0.25 7.5 8 410.3245761056505 0.01627874434075238
60 120 0.2 0.25 8 8.5 384.0033827645952 0.01508776738870665
60 120 0.2 0.25 8.5 9 360.1462456264534 0.01400990618498099
60 120 0.2 0.25 9 9.5 338.4579197812139 0.01303495247668707
60 120 0.2 0.25 9.5 10 318.6834591734154 0.01216491335026149
60 120 0.2 0.25 10 10.5 300.6075049467293 0.01408134679030582
60 120 0.2 0.25 10.5 11 284.0404913128227 0.01239471260646496
60 120 0.2 0.25 11 11.5 268.8154842307951 0.01078454064054313
60 120 0.2 0.25 11.5 12 254.7888894893559 0.009435450830409309
60 120 0.2 0.25 12 12.5 241.8354808720104 0.008849785042372105
60 120 0.2 0.25 12.5 13 229.8458435751625 0.008345194823959901
60 120 0.2 0.25 13 13.5 218.7253842891255 0.007882978653469763
60 120 0.2 0.25 13.5 14 208.39079060473 0.007455261756490472
60 120 0.2 0.25 14 14.5 198.7681084201852 0.007055348410290208
60 120 0.2 0.25 14.5 15 189.7919858543752 0.006685106204770364
60 120 0.2 0.25 15 16 354.9587387139346 0.01237068587857948
60 120 0.2 0.25 16 17 325.4781316870878 0.01118390611105724
60 120 0.2 0.25 17 18 299.457058143023 0.01015014056326891
60 120 0.2 0.25 18 19 276.3673154746683 0.009240585683926383
60 120 0.2 0.25 19 20 255.7773084707038 0.008430120856417034
60 120 0.2 0.25 20 21 237.3308411048299 0.007715182390143127
60 120 0.2 0.25 21 22 220.7352239647518 0.01034424148949142
60 120 0.2 0.25 22 23 205.7471366938167 0.008774857441466111
60 120 0.2 0.25 23 24 192.1633451010803 0.007464989761700735
60 120 0.2 0.25 24 25 179.8122817049259 0.006475431215193339
60 120 0.2 0.25 25 26 168.5467055390865 0.005614229462025833
60 120 0.2 0.25 26 27 158.2411091212753 0.004907328084073015
60 120 0.2 0.25 27 28 148.788200572034 0.004372008303789698
60 120 0.2 0.25 28 29 140.0960145900719 0.004057081773993332
60 120 0.2 0.25 29 30 132.0851569285993 0.003765235472116046
60 120 0.2 0.25 30 31 124.6857097161113 0.003501212967933043
60 120 0.2 0.25 31 32 117.8366221383561 0.003258058153463139
60 120 0.2 0.25 32 33 111.4845192709694 0.003032907524641359
60 120 0.2 0.25 33 34 105.5823298239578 0.002827540108896187
60 120 0.2 0.25 34 35 100.0888654719652 0.002638079932864912
60 120 0.2 0.25 35 36 94.96741949296361 0.002462082343129168
60 120 0.2 0.25 36 37 90.18542457456627 0.00230054578841532
60 120 0.2 0.25 37 38 85.71393741101971 0.002150969676435466
60 120 0.2 0.25 38 39 81.52686960398532 0.002012333144989498
60 120 0.2 0.25 39 40 77.60084216580556 0.001884160389280964
60 120 0.2 0.25 40 42 144.3661643269784 0.006758661933872645
60 120 0.2 0.25 42 44 131.3122309951358 0.005435912378487728
60 120 0.2 0.25 44 46 119.718154978669 0.004283554381331101
60 120 0.2 0.25 46 48 109.3808781376767 0.003315634060413686
60 120 0.2 0.25 48 50 100.1326314181325 0.002600999546288563
60 120 0.2 0.25 50 52 91.83191151725707 0.002040537036009482
60 120 0.2 0.25 52 54 84.35915469711334 0.001645018060955294
60 120 0.2 0.25 54 56 77.61466843165115 0.001467169875112972
60 120 0.2 0.25 56 58 71.51318917810659 0.001311271022885308
60 120 0.2 0.25 58 60 65.98053640552732 0.00117441361526005
60 120 0.2 0.25 60 65 143.9289697227802 0.002439064235659316
60 120 0.2 0.25 65 70 118.8956074207533 0.004078149272260134
60 120 0.2 0.25 70 80 181.4981628177324 0.002626675773228726
60 120 0.2 0.25 80 90 128.1562616924266 0.0016642852602331
60 120 0.2 0.25 90 100 92.21924639194586 0.001093760782424624
60 120 0.25 0.3 0 0.5 -0.8239243295066208 1.8371847066323e-05
60 120 0.25 0.3 0.5 1 -1153.98272597597 0.0364804922382973
60 120 0.25 0.3 1 1.5 -65.88824491163807 0.0001648942818945898
60 120 0.25 0.3 1.5 2 672.2464344821043 0.01354036008581261
60 120 0.25 0.3 2 2.5 836.9040771394942 0.004372305330775816
60 120 0.25 0.3 2.5 3 844.9134571822179 0.04086171928179283
60 120 0.25 0.3 3 3.5 804.336094881935 0.03707708347042171
60 120 0.25 0.3 3.5 4 749.7491289129149 0.03344782807948832
60 120 0.25 0.3 4 4.5 693.5752454307814 0.03022559828423255
60 120 0.25 0.3 4.5 5 640.2839907899893 0.02736841002490564
60 120 0.25 0.3 5 5.5 591.3438650780654 0.0248414454348449
60 120 0.25 0.3 5.5 6 547.0479437469818 0.02261474882527637
60 120 0.25 0.3 6 6.5 507.1670958112725 0.02068892070548145
60 120 0.25 0.3 6.5 7 471.2962310976655 0.01897135977912967
60 120 0.25 0.3 7 7.5 439.0155292157734 0.01747615047537465
60 120 0.25 0.3 7.5 8 409.9163764979427 0.01613917277478549
60 120 0.25 0.3 8 8.5 383.6157402175121 0.01493986547814075
60 120 0.25 0.3 8.5 9 359.7759132453593 0.01388744576507861
60 120 0.25 0.3 9 9.5 338.1022581374944 0.01293313465390611
60 120 0.25 0.3 9.5 10 318.3457263389678 0.01206791479006597
60 120 0.25 0.3 10 10.5 300.2872278939523 0.01427654896212971
60 120 0.25 0.3 10.5 11 283.7348973852093 0.01228110066494992
60 120 0.25 0.3 11 11.5 268.5240600784174 0.01081842234106034
60 120 0.25 0.3 11.5 12 254.510147513902 0.009456656796999141
60 120 0.25 0.3 12 12.5 241.568166511685 0.008810577197891689
60 120 0.25 0.3 12.5 13 229.589516143427 0.008305647326153576
60 120 0.25 0.3 13 13.5 218.480088569551 0.007844330079080919
60 120 0.25 0.3 13.5 14 208.1559145957784 0.007425201049414909
60 120 0.25 0.3 14 14.5 198.5434336994892 0.007035040353940758
60 120 0.25 0.3 14.5 15 189.5767552706214 0.00666792890058332
60 120 0.25 0.3 15 16 354.5519171847232 0.01234800700160577
60 120 0.25 0.3 16 17 325.0998861295275 0.01116698920520776
60 120 0.25 0.3 17 18 299.106645113413 0.01013346354517353
60 120 0.25 0.3 18 19 276.0426811741272 0.009226509887980683
60 120 0.25 0.3 19 20 255.4747430093985 0.008426040175436356
60 120 0.25 0.3 20 21 237.0477487307115 0.007715009831855468
60 120 0.25 0.3 21 22 220.4693437508082 0.01031135399804839
60 120 0.25 0.3 22 23 205.4976319256826 0.008710320269898375
60 120 0.25 0.3 23 24 191.9297782963319 0.007495648872691163
60 120 0.25 0.3 24 25 179.5924505811797 0.006489576010523024
60 120 0.25 0.3 25 26 168.3387799810751 0.005630111023350537
60 120 0.25 0.3 26 27 158.044040221267 0.004869726987578815
60 120 0.25 0.3 27 28 148.60163591362 0.004371191375241779
60 120 0.25 0.3 28 29 139.9198458714878 0.00405420258678646
60 120 0.25 0.3 29 30 131.918329240154 0.00376329742755388
60 120 0.25 0.3 30 31 124.5274358410943 0.003497400034461862
60 120 0.25 0.3 31 32 117.6861683438459 0.003254120886097667
60 120 0.25 0.3 32 33 111.3412467943634 0.003029857909979228
60 120 0.25 0.3 33 34 105.4459160638542 0.002823898024161053
60 120 0.25 0.3 34 35 99.95887697752151 0.002634284487825767
60 120 0.25 0.3 35 36 94.84352790074875 0.002459447734722175
60 120 0.25 0.3 36 37 90.0673141819869 0.002297688863279745
60 120 0.25 0.3 37 38 85.60103459313751 0.002148564099996975
60 120 0.25 0.3 38 39 81.41878762217532 0.00201038236224349
60 120 0.25 0.3 39 40 77.49762460711649 0.001882298291292273
60 120 0.25 0.3 40 42 144.1731829836579 0.006775055069908831
60 120 0.25 0.3 42 44 131.1349529733673 0.005380954868826393
60 120 0.25 0.3 44 46 119.5552191615694 0.004213066631294282
60 120 0.25 0.3 46 48 109.2320589250392 0.003351460794760897
60 120 0.25 0.3 48 50 99.99598999471034 0.002657078858462114
60 120 0.25 0.3 50 52 91.70526677622246 0.001968971398838448
60 120 0.25 0.3 52 54 84.24261451023038 0.001643546792692518
60 120 0.25 0.3 54 56 77.50769819987649 0.001466056069119759
60 120 0.25 0.3 56 58 71.41414916358978 0.001310208220886011
60 120 0.25 0.3 58 60 65.88865845669415 0.001173306554733244
60 120 0.25 0.3 60 65 143.7283130279 0.002437120567464035
60 120 0.25 0.3 65 70 118.7297462613265 0.00404500927935203
60 120 0.25 0.3 70 80 181.2446208638039 0.002624845243133223
60 120 0.25 0.3 80 90 127.977139629912 0.00166332950105641
60 120 0.25 0.3 90 100 92.09022325583756 0.001093239824228931
60 120 0.3 0.35 0 0.5 -0.8223002741010493 1.879934296800112e-05
60 120 0.3 0.35 0.5 1 -1149.940636101691 0.008045100542858563
60 120 0.3 0.35 1 1.5 -63.10464070859287 0.002924571324619762
60 120 0.3 0.35 1.5 2 672.9296602784676 0.02750555469799565
60 120 0.3 0.35 2 2.5 836.8206494051407 0.01528443098209209
60 120 0.3 0.35 2.5 3 844.5392096864807 0.04129194073755116
60 120 0.3 0.35 3 3.5 803.8148938348028 0.03748304273312897
60 120 0.3 0.35 3.5 4 749.1813122182406 0.03375328374420405
60 120 0.3 0.35 4 4.5 692.9966722043457 0.03041805918599039
60 120 0.3 0.35 4.5 5 639.6935302648727 0.02747580938785177
60 120 0.3 0.35 5 5.5 590.7746038406547 0.02496768800369864
60 120 0.3 0.35 5.5 6 546.5015569796026 0.02275447737781633
60 120 0.3 0.35 6 6.5 506.6351071483326 0.02080618141206969
60 120 0.3 0.35 6.5 7 470.7837723962917 0.01908820162941538
60 120 0.3 0.35 7 7.5 438.5302079752683 0.01756225399691402
60 120 0.3 0.35 7.5 8 409.4534643042146 0.01622136587235445
60 120 0.3 0.35 8 8.5 383.1725793810671 0.01502235149666831
60 120 0.3 0.35 8.5 9 359.3504119481512 0.01394243113986704
60 120 0.3 0.35 9 9.5 337.6963804156665 0.01298267739377934
60 120 0.3 0.35 9.5 10 317.9588983048347 0.01210771007220046
60 120 0.3 0.35 10 10.5 299.9177807353464 0.01418629934204318
60 120 0.3 0.35 10.5 11 283.3823161705648 0.01236751921987889
60 120 0.3 0.35 11 11.5 268.186108853796 0.01079379579789475
60 120 0.3 0.35 11.5 12 254.1851973629925 0.009474547919154475
60 120 0.3 0.35 12 12.5 241.25576200071 0.0088182134199144
60 120 0.3 0.35 12.5 13 229.2903562108954 0.008318613901650451
60 120 0.3 0.35 13 13.5 218.1935969854446 0.007855772594808741
60 120 0.3 0.35 13.5 14 207.8816488946033 0.007428847941667982
60 120 0.3 0.35 14 14.5 198.2797783845781 0.007034312526627673
60 120 0.3 0.35 14.5 15 189.3226739857497 0.006667872976919398
60 120 0.3 0.35 15 16 354.0707520866489 0.01233612258442918
60 120 0.3 0.35 16 17 324.6525286525292 0.0111557288018389
60 120 0.3 0.35 17 18 298.6913959616819 0.01012369261849244
60 120 0.3 0.35 18 19 275.6560642224794 0.009215452593480222
60 120 0.3 0.35 19 20 255.1127625568016 0.008409131811305315
60 120 0.3 0.35 20 21 236.7076859706379 0.007693962517748787
60 120 0.3 0.35 21 22 220.150241847079 0.01016852789464906
60 120 0.3 0.35 22 23 205.1991986560705 0.008749742489897017
60 120 0.3 0.35 23 24 191.6491718419164 0.007536228000617484
60 120 0.3 0.35 24 25 179.3274276666385 0.006482217404425228
60 120 0.3 0.35 25 26 168.0880329891327 0.005595738274109863
60 120 0.3 0.35 26 27 157.8068480977388 0.004834117605469146
60 120 0.3 0.35 27 28 148.3774397074586 0.004363755084256127
60 120 0.3 0.35 28 29 139.7074735693837 0.004048183248727355
60 120 0.3 0.35 29 30 131.7168955580622 0.003759280876920457
60 120 0.3 0.35 30 31 124.3358981416002 0.003493767285078775
60 120 0.3 0.35 31 32 117.5039445759076 0.003250849934914868
60 120 0.3 0.35 32 33 111.1678830969832 0.003027407548714223
60 120 0.3 0.35 33 34 105.2810129512535 0.002821631378850498
60 120 0.3 0.35 34 35 99.8019247772839 0.002632451487471599
60 120 0.3 0.35 35 36 94.6939299223707 0.002457997258048294
60 120 0.3 0.35 36 37 89.92444442050741 0.002296357779741243
60 120 0.3 0.35 37 38 85.46466976241459 0.002147095851057657
60 120 0.3 0.35 38 39 81.28895133495681 0.002008922641238087
60 120 0.3 0.35 39 40 77.37366668141767 0.001880774354816594
60 120 0.3 0.35 40 42 143.9406955717248 0.006771795394968194
60 120 0.3 0.35 42 44 130.9216155649673 0.005289399741400302
60 120 0.3 0.35 44 46 119.3606422889264 0.004252528743847961
60 120 0.3 0.35 46 48 109.0534211763513 0.003385306796658938
60 120 0.3 0.35 48 50 99.83103941375894 0.002575051858670463
60 120 0.3 0.35 50 52 91.55401386572973 0.001965158036014714
60 120 0.3 0.35 52 54 84.10376536774524 0.001641714201852551
60 120 0.3 0.35 54 56 77.37944011345881 0.001464374595087747
60 120 0.3 0.35 56 58 71.2956752112302 0.001308990249398789
60 120 0.3 0.35 58 60 65.77918660941172 0.001172352068962823
60 120 0.3 0.35 60 65 143.4889816891496 0.002434597103615488
60 120 0.3 0.35 65 70 118.5316494522524 0.004009890409307104
60 120 0.3 0.35 70 80 180.941352394131 0.002622608425753015
60 120 0.3 0.35 80 90 127.7620323541468 0.001662048778797498
60 120 0.3 0.35 90 100 91.93516244854499 0.001092484084281864
60 120 0.35 0.4 0 0.5 -0.8202965335292817 1.879904740054172e-05
60 120 0.35 0.4 0.5 1 -1144.714777705851 0.01585490450588622
60 120 0.35 0.4 1 1.5 -59.3190153084995 0.002491250410130874
60 120 0.35 0.4 1.5 2 674.0894520898883 0.01043306149415457
60 120 0.35 0.4 2 2.5 836.9693228487557 0.01143160748949867
60 120 0.35 0.4 2.5 3 844.2776304142616 0.04150043313973129
60 120 0.35 0.4 3 3.5 803.3322398949618 0.03757466667514109
60 120 0.35 0.4 3.5 4 748.6250930661125 0.03384795656575079
60 120 0.35 0.4 4 4.5 692.3917229351985 0.03051021207954818
60 120 0.35 0.4 4.5 5 639.0781935426418 0.02757935960823943
60 120 0.35 0.4 5 5.5 590.1730574432535 0.02497851585928856
60 120 0.35 0.4 5.5 6 545.910120682965 0.02273673971262724
60 120 0.35 0.4 6 6.5 506.0541371828537 0.02077666437901371
60 120 0.35 0.4 6.5 7 470.2269828438854 0.01907374181087107
60 120 0.35 0.4 7 7.5 437.9955927119783 0.01756332734026955
60 120 0.35 0.4 7.5 8 408.9398527982546 0.01621432215421237
60 120 0.35 0.4 8 8.5 382.6777572269833 0.01501356807705179
60 120 0.35 0.4 8.5 9 358.8736152945112 0.01393480666013147
60 120 0.35 0.4 9 9.5 337.2398709617998 0.01297146751846867
60 120 0.35 0.4 9.5 10 317.5219541217857 0.01210542169559403
60 120 0.35 0.4 10 10.5 299.4995801513624 0.01418727326739599
60 120 0.35 0.4 10.5 11 282.9804799207268 0.01240714590051084
60 120 0.35 0.4 11 11.5 267.7987163901778 0.01075207731196315
60 120 0.35 0.4 11.5 12 253.8125818574496 0.009405206253546794
60 120 0.35 0.4 12 12.5 240.8982041406712 0.008803478494144201
60 120 0.35 0.4 12.5 13 228.9474582212889 0.00830179042736745
60 120 0.35 0.4 13 13.5 217.8642325961196 0.007841371786867057
60 120 0.35 0.4 13.5 14 207.5643363071806 0.007416075377193465
60 120 0.35 0.4 14 14.5 197.9738335278606 0.007023135742457498
60 120 0.35 0.4 14.5 15 189.0275382926353 0.006660151473084852
60 120 0.35 0.4 15 16 353.510459420743 0.01232543903944361
60 120 0.35 0.4 16 17 324.1314512240629 0.01114255819481969
60 120 0.35 0.4 17 18 298.2068233550513 0.01010842954661939
60 120 0.35 0.4 18 19 275.2026352291713 0.009200166180619362
60 120 0.35 0.4 19 20 254.6867976746493 0.008399509541533234
60 120 0.35 0.4 20 21 236.307706481604 0.007687261010090651
60 120 0.35 0.4 21 22 219.7760802309343 0.01029705468369002
60 120 0.35 0.4 22 23 204.847411593868 0.008749392868509176
60 120 0.35 0.4 23 24 191.3174912129001 0.007511322474044846
60 120 0.35 0.4 24 25 179.0141750505618 0.006458912746552414
60 120 0.35 0.4 25 26 167.7921897406749 0.005553105681372017
60 120 0.35 0.4 26 27 157.5276281175777 0.004821218417532691
60 120 0.35 0.4 27 28 148.1136126281754 0.004358627133740356
60 120 0.35 0.4 28 29 139.4576626980225 0.004041903569770966
60 120 0.35 0.4 29 30 131.4797255202785 0.003753285102561676
60 120 0.35 0.4 30 31 124.1107230677198 0.003488450091296613
60 120 0.35 0.4 31 32 117.2901397876582 0.003246225793986923
60 120 0.35 0.4 32 33 110.964779498136 0.003023419408236805
60 120 0.35 0.4 33 34 105.0877142389925 0.002818191742363751
60 120 0.35 0.4 34 35 99.61770104503141 0.002628973938101353
60 120 0.35 0.4 35 36 94.51839549465338 0.002454171876408395
60 120 0.35 0.4 36 37 89.75756080189306 0.002292937985842514
60 120 0.35 0.4 37 38 85.3059879319964 0.002144047246972036
60 120 0.35 0.4 38 39 81.13728676424012 0.002006022942723007
60 120 0.35 0.4 39 40 77.22843634145075 0.001878556619701044
60 120 0.35 0.4 40 42 143.6693273789627 0.006643032851087582
60 120 0.35 0.4 42 44 130.6748617869479 0.005364111239856584
60 120 0.35 0.4 44 46 119.1345006563968 0.004265549698004634
60 120 0.35 0.4 46 48 108.8453660730542 0.003320326645408045
60 120 0.35 0.4 48 50 99.64032598160539 0.002559129505968372
60 120 0.35 0.4 50 52 91.37888660669159 0.001977372270118849
60 120 0.35 0.4 52 54 83.94242260252992 0.001639973533400507
60 120 0.35 0.4 54 56 77.23071915745487 0.00146295263344598
60 120 0.35 0.4 56 58 71.15833826265882 0.001307525745900762
60 120 0.35 0.4 58 60 65.65219731692768 0.00117092996556778
60 120 0.35 0.4 60 65 143.2116014049447 0.002432272382208112
60 120 0.35 0.4 65 70 118.3009895172781 0.004123431191530358
60 120 0.35 0.4 70 80 180.5878732794215 0.002620117708431735
60 120 0.35 0.4 80 90 127.5111342141802 0.001660652582373245
60 120 0.35 0.4 90 100 91.7541092215414 0.001091763962151049
60 120 0.4 0.45 0 0.5 -0.8179323639763602 1.831905749050122e-05
60 120 0.4 0.45 0.5 1 -1138.936032653412 0.01599986254132091
60 120 0.4 0.45 1 1.5 -55.28050432702603 0.0008362180849985634
60 120 0.4 0.45 1.5 2 675.1604799626454 0.004748784624553082
60 120 0.4 0.45 2 2.5 836.9533578085143 0.007668524950986466
60 120 0.4 0.45 2.5 3 843.8145897059514 0.04115318615708929
60 120 0.4 0.45 3 3.5 802.6672048273514 0.0373815275496554
60 120 0.4 0.45 3.5 4 747.8801167144109 0.03369668165692019
60 120 0.4 0.45 4 4.5 691.6018637924544 0.03036871043980227
60 120 0.4 0.45 4.5 5 638.3001801931682 0.02743912198741327
60 120 0.4 0.45 5 5.5 589.4138612173581 0.02491222609012311
60 120 0.4 0.45 5.5 6 545.1697678542804 0.02268747715254449
60 120 0.4 0.45 6 6.5 505.3429985373496 0.02073468330121386
60 120 0.4 0.45 6.5 7 469.548566884605 0.01900686461112855
60 120 0.4 0.45 7 7.5 437.3476337638604 0.01749149711395148
60 120 0.4 0.45 7.5 8 408.3193966827345 0.01615457751881877
60 120 0.4 0.45 8 8.5 382.0819321149328 0.01496778847354108
60 120 0.4 0.45 8.5 9 358.3055712779 0.01390332757836177
60 120 0.4 0.45 9 9.5 336.6982015180643 0.01294563779379132
60 120 0.4 0.45 9.5 10 317.0053560408074 0.01207792779592864
60 120 0.4 0.45 10 10.5 299.0044492380069 0.0142231962859114
60 120 0.4 0.45 10.5 11 282.5047984627035 0.01231746569015968
60 120 0.4 0.45 11 11.5 267.3424923151738 0.0107467060787485
60 120 0.4 0.45 11.5 12 253.3753130887865 0.009337527875885598
60 120 0.4 0.45 12 12.5 240.479914971946 0.008796102814159212
60 120 0.4 0.45 12.5 13 228.5463292610466 0.008296260528254606
60 120 0.4 0.45 13 13.5 217.4791309980814 0.00783601483090024
60 120 0.4 0.45 13.5 14 207.1940465038196 0.007409998382570393
60 120 0.4 0.45 14 14.5 197.6172562605244 0.007015091552489139
60 120 0.4 0.45 14.5 15 188.6837156368914 0.006649045629330885
60 120 0.4 0.45 15 16 352.8607633553642 0.01230437843656773
60 120 0.4 0.45 16 17 323.5300116013966 0.01112708390593298
60 120 0.4 0.45 17 18 297.6467297621676 0.01010074840354491
60 120 0.4 0.45 18 19 274.6786180434232 0.009194970392684354
60 120 0.4 0.45 19 20 254.1962792100182 0.008393170166300479
60 120 0.4 0.45 20 21 235.8497756217258 0.007679501472779293
60 120 0.4 0.45 21 22 219.3468706996799 0.01020415907078132
60 120 0.4 0.45 22 23 204.4440677230284 0.008774081860934757
60 120 0.4 0.45 23 24 190.9373038962662 0.007486777719037718
60 120 0.4 0.45 24 25 178.6557505712468 0.006386398973944551
60 120 0.4 0.45 25 26 167.454541857481 0.005529104062645729
60 120 0.4 0.45 26 27 157.2092492118811 0.004857521706185253
60 120 0.4 0.45 27 28 147.8124313753181 0.004352454162301456
60 120 0.4 0.45 28 29 139.1722673000157 0.004037046220958018
60 120 0.4 0.45 29 30 131.2095921306449 0.003748138822714964
60 120 0.4 0.45 30 31 123.854849533408 0.003483959092832833
60 120 0.4 0.45 31 32 117.0471536134228 0.003241042673266747
60 120 0.4 0.45 32 33 110.7335585258434 0.003017998747296247
60 120 0.4 0.45 33 34 104.8677659451962 0.002813125165914698
60 120 0.4 0.45 34 35 99.40884785081407 0.002624275356211569
60 120 0.4 0.45 35 36 94.32004890244808 0.002450007493408179
60 120 0.4 0.45 36 37 89.56841689413663 0.002289325692032662
60 120 0.4 0.45 37 38 85.12492566848546 0.002140261344067085
60 120 0.4 0.45 38 39 80.96430892643083 0.002002524121891724
60 120 0.4 0.45 39 40 77.06358588545643 0.001875064167165874
60 120 0.4 0.45 40 42 143.3624911519359 0.006703840093450708
60 120 0.4 0.45 42 44 130.394346359354 0.005349260526060107
60 120 0.4 0.45 44 46 118.8772295562694 0.004216126974299073
60 120 0.4 0.45 46 48 108.6096444295213 0.003288810128466935
60 120 0.4 0.45 48 50 99.42399485083975 0.002564161646546381
60 120 0.4 0.45 50 52 91.17986571164222 0.001979626734311069
60 120 0.4 0.45 52 54 83.75898059050172 0.001637778497126874
60 120 0.4 0.45 54 56 77.06128411710688 0.001460857330101817
60 120 0.4 0.45 56 58 71.0019453764598 0.001305758247838185
60 120 0.4 0.45 58 60 65.50794747577081 0.001169352608286545
60 120 0.4 0.45 60 65 142.8952798575635 0.002429354995229005
60 120 0.4 0.45 65 70 118.0382775515672 0.004072623317000534
60 120 0.4 0.45 70 80 180.1838886653113 0.002617374195409639
60 120 0.4 0.45 80 90 127.2246628985111 0.001658977094137981
60 120 0.4 0.45 90 100 91.54766111233582 0.001090773864390826
60 120 0.45 0.5 0 0.5 -0.8152169354541056 1.820622071557754e-05
60 120 0.45 0.5 0.5 1 -1132.774798748142 0.02105161208214668
60 120 0.45 0.5 1 1.5 -51.10082251702378 0.0001772274030287235
60 120 0.45 0.5 1.5 2 676.1209900297621 0.00476070208424062
60 120 0.45 0.5 2 2.5 836.7573441073055 0.002422070636725948
60 120 0.45 0.5 2.5 3 843.1233102023029 0.04167403018868754
60 120 0.45 0.5 3 3.5 801.7994053750698 0.03764846647459308
60 120 0.45 0.5 3.5 4 746.9286794417209 0.03388648221573476
60 120 0.45 0.5 4 4.5 690.6336202149013 0.03055090302268582
60 120 0.45 0.5 4.5 5 637.3512434433096 0.02760391317201538
60 120 0.45 0.5 5 5.5 588.4918219599938 0.02502118944880749
60 120 0.45 0.5 5.5 6 544.2769706693033 0.02276651067370494
60 120 0.45 0.5 6 6.5 504.4933251534933 0.02081244701406604
60 120 0.45 0.5 6.5 7 468.7413088899722 0.01910124769699451
60 120 0.45 0.5 7 7.5 436.5793796685385 0.01757745579294578
60 120 0.45 0.5 7.5 8 407.5847452555233 0.01622027084857791
60 120 0.45 0.5 8 8.5 381.3834464549162 0.0150091873878182
60 120 0.45 0.5 8.5 9 357.6424744145962 0.01392839937255985
60 120 0.45 0.5 9 9.5 336.0678879301724 0.01296138116208567
60 120 0.45 0.5 9.5 10 316.403827684563 0.0120950216233382
60 120 0.45 0.5 10 10.5 298.4296175837899 0.01427673765965665
60 120 0.45 0.5 10.5 11 281.9549126907852 0.01225795382464412
60 120 0.45 0.5 11 11.5 266.8169686004406 0.01060445114637787
60 120 0.45 0.5 11.5 12 252.8739675265416 0.009365943067422222
60 120 0.45 0.5 12 12.5 240.0004790419551 0.008799572666447375
60 120 0.45 0.5 12.5 13 228.0872225325654 0.008298688952436351
60 120 0.45 0.5 13 13.5 217.038239109689 0.007836119796792218
60 120 0.45 0.5 13.5 14 206.7700057015613 0.007410416881185711
60 120 0.45 0.5 14 14.5 197.2093776526783 0.007017097845988474
60 120 0.45 0.5 14.5 15 188.2918001377055 0.006652088564493397
60 120 0.45 0.5 15 16 352.1234711083526 0.01230793432091559
60 120 0.45 0.5 16 17 322.8476196635167 0.01112354185704589
60 120 0.45 0.5 17 18 297.0114788666451 0.01008992424135613
60 120 0.45 0.5 18 19 274.0858718767902 0.009181215322485059
60 120 0.45 0.5 19 20 253.6440219383419 0.008380560954179828
60 120 0.45 0.5 20 21 235.3343295949666 0.007669161466679952
60 120 0.45 0.5 21 22 218.8641631804088 0.01031817117879541
60 120 0.45 0.5 22 23 203.9901593220668 0.008703001628390439
60 120 0.45 0.5 23 24 190.5105869543356 0.00739863374315064
60 120 0.45 0.5 24 25 178.2548974755771 0.006402395262881555
60 120 0.45 0.5 25 26 167.0770994933079 0.005593752561765086
60 120 0.45 0.5 26 27 156.8524444211069 0.004788908313145157
60 120 0.45 0.5 27 28 147.4753437155498 0.004344208856934983
60 120 0.45 0.5 28 29 138.8541123242486 0.004028509427911331
60 120 0.45 0.5 29 30 130.9083246762701 0.003740043885784416
60 120 0.45 0.5 30 31 123.5686598039114 0.003476877289855906
60 120 0.45 0.5 31 32 116.7754879762235 0.003235670114605682
60 120 0.45 0.5 32 33 110.4760278232423 0.003013903473060964
60 120 0.45 0.5 33 34 104.6237237151796 0.002809005419379673
60 120 0.45 0.5 34 35 99.17677260901908 0.002620485890503232
60 120 0.45 0.5 35 36 94.09850639683383 0.002446660015607449
60 120 0.45 0.5 36 37 89.3568808041194 0.002285840194645061
60 120 0.45 0.5 37 38 84.92345078839605 0.002137351774393892
60 120 0.45 0.5 38 39 80.77240470123591 0.002000136435199806
60 120 0.45 0.5 39 40 76.88062363733296 0.001872837975753328
60 120 0.45 0.5 40 42 143.0203438109426 0.006678806180957508
60 120 0.45 0.5 42 44 130.0810005734438 0.00531338673235382
60 120 0.45 0.5 44 46 118.5901577348511 0.004186974201431326
60 120 0.45 0.5 46 48 108.3463802564297 0.003280529464532833
60 120 0.45 0.5 48 50 99.18217371746522 0.002587379040718929
60 120 0.45 0.5 50 52 90.95696379087123 0.001974140601546992
60 120 0.45 0.5 52 54 83.55316307231946 0.001635424762540083
60 120 0.45 0.5 54 56 76.87154874318445 0.001458796595855461
60 120 0.45 0.5 56 58 70.82670950756633 0.001303836613487874
60 120 0.45 0.5 58 60 65.34552051180205 0.001167887153584957
60 120 0.45 0.5 60 65 142.5396981520799 0.002425783607833409
60 120 0.45 0.5 65 70 117.7430271708238 0.004132377436832257
60 120 0.45 0.5 70 80 179.7303230845931 0.002613935542086665
60 120 0.45 0.5 80 90 126.902957242325 0.001657201970616029
60 120 0.45 0.5 90 100 91.31622265645436 0.001089815122242044
60 120 0.5 0.55 0 0.5 -0.8122943368543691 1.850503112343915e-05
60 120 0.5 0.55 0.5 1 -1126.076599700302 0.0339758929474101
60 120 0.5 0.55 1 1.5 -46.57654641528966 0.0003666333479799277
60 120 0.5 0.55 1.5 2 677.1868235280898 0.01192829749606972
60 120 0.5 0.55 2 2.5 836.5688452761923 0.006139468790479441
60 120 0.5 0.55 2.5 3 842.3773389817828 0.04128798252838806
60 120 0.5 0.55 3 3.5 800.8338656665502 0.03749230079995414
60 120 0.5 0.55 3.5 4 745.8653106842123 0.03375958136416557
60 120 0.5 0.55 4 4.5 689.5606696617798 0.03039314813997862
60 120 0.5 0.55 4.5 5 636.2988180674822 0.02746439898021436
60 120 0.5 0.55 5 5.5 587.463506631024 0.02492262327632488
60 120 0.5 0.55 5.5 6 543.2894848682938 0.02270019008233248
60 120 0.5 0.55 6 6.5 503.5527635059614 0.02073900559412323
60 120 0.5 0.55 6.5 7 467.844831411537 0.01901556476616406
60 120 0.5 0.55 7 7.5 435.7221030339111 0.01749854400060258
60 120 0.5 0.55 7.5 8 406.7684583326067 0.01616129545942613
60 120 0.5 0.55 8 8.5 380.6084897279605 0.01497555730503564
60 120 0.5 0.55 8.5 9 356.9064567708773 0.01390879862822203
60 120 0.5 0.55 9 9.5 335.3676535104623 0.01294514172707295
60 120 0.5 0.55 9.5 10 315.7357117667817 0.01207318257399947
60 120 0.5 0.55 10 10.5 297.790781234214 0.01405651634036076
60 120 0.5 0.55 10.5 11 281.3453955205622 0.01219349762180855
60 120 0.5 0.55 11 11.5 266.2361339494606 0.01060168353103563
60 120 0.5 0.55 11.5 12 252.3198144670351 0.009366417767807889
60 120 0.5 0.55 12 12.5 239.4703954727199 0.008781428399942115
60 120 0.5 0.55 12.5 13 227.5786875028014 0.008281988499078352
60 120 0.5 0.55 13 13.5 216.5499198238859 0.007822696006996921
60 120 0.5 0.55 13.5 14 206.3011902064962 0.007397780367398354
60 120 0.5 0.55 14 14.5 196.759455590522 0.007002408925529835
60 120 0.5 0.55 14.5 15 187.8605886731097 0.00663710037014198
60 120 0.5 0.55 15 16 351.3108689232355 0.01227957699990156
60 120 0.5 0.55 16 17 322.0934693246707 0.01110266497431667
60 120 0.5 0.55 17 18 296.3090186004972 0.01007274962012161
60 120 0.5 0.55 18 19 273.4320881989119 0.009167337622841387
60 120 0.5 0.55 19 20 253.0357315269674 0.008364240484269203
60 120 0.5 0.55 20 21 234.7656128947929 0.007652770365126571
60 120 0.5 0.55 21 22 218.3301386015148 0.01013746602350807
60 120 0.5 0.55 22 23 203.4894473552352 0.008636476737194698
60 120 0.5 0.55 23 24 190.0408384896906 0.007451935306818314
60 120 0.5 0.55 24 25 177.8125581120825 0.006403125536422749
60 120 0.5 0.55 25 26 166.6597172517396 0.005470894633617718
60 120 0.5 0.55 26 27 156.4593591675501 0.004788568493296452
60 120 0.5 0.55 27 28 147.1045479439518 0.004338842288916567
60 120 0.5 0.55 28 29 138.5026833842411 0.004024810878320295
60 120 0.5 0.55 29 30 130.5748052447459 0.003737338971149029
60 120 0.5 0.55 30 31 123.2529427364841 0.00347346288911865
60 120 0.5 0.55 31 32 116.4765344644607 0.003231228168644407
60 120 0.5 0.55 32 33 110.1926361062936 0.003008730383584179
60 120 0.5 0.55 33 34 104.3539052299362 0.002803900214701116
60 120 0.5 0.55 34 35 98.91959258564638 0.002616083753338216
60 120 0.5 0.55 35 36 93.85365057519027 0.002442411822443091
60 120 0.5 0.55 36 37 89.12394126224751 0.00228166966094534
60 120 0.5 0.55 37 38 84.70163968309591 0.002133406839703866
60 120 0.5 0.55 38 39 80.56083681356816 0.001996245636902927
60 120 0.5 0.55 39 40 76.67850752421143 0.001868973633392557
60 120 0.5 0.55 40 42 142.6425340970356 0.006683154108145573
60 120 0.5 0.55 42 44 129.7350683334977 0.005258732057029647
60 120 0.5 0.55 44 46 118.2732591823274 0.004153574710372254
60 120 0.5 0.55 46 48 108.0556525876545 0.003337336495974341
60 120 0.5 0.55 48 50 98.91423855865717 0.002551286037274281
60 120 0.5 0.55 50 52 90.71001561786041 0.001928534209199029
60 120 0.5 0.55 52 54 83.32568015042715 0.001632644608250189
60 120 0.5 0.55 54 56 76.66132360523218 0.001456421858762269
60 120 0.5 0.55 56 58 70.63220277067713 0.001301777165409135
60 120 0.5 0.55 58 60 65.16558114561727 0.001166185057314806
60 120 0.5 0.55 60 65 142.1447834932225 0.002421879428794682
60 120 0.5 0.55 65 70 117.4155884248228 0.003987058141547095
60 120 0.5 0.55 70 80 179.227620693138 0.002610420414697501
60 120 0.5 0.55 80 90 126.5469372742911 0.001655183570818508
60 120 0.5 0.55 90 100 91.06014374895805 0.001088660608061787
60 120 0.55 0.6 0 0.5 -0.8091907942425027 1.841191800477926e-05
60 120 0.55 0.6 0.5 1 -1118.64107830966 0.01622968580591078
60 120 0.55 0.6 1 1.5 -41.48356429962703 0.001021897630032242
60 120 0.55 0.6 1.5 2 678.4943001545905 0.003472546714419877
60 120 0.55 0.6 2 2.5 836.4940374061176 0.00380060439817953
60 120 0.55 0.6 2.5 3 841.7098941895152 0.04066033810227054
60 120 0.55 0.6 3 3.5 799.8927453604011 0.03691147338372502
60 120 0.55 0.6 3.5 4 744.794731464896 0.03330510759428762
60 120 0.55 0.6 4 4.5 688.4618407130783 0.03005639963896556
60 120 0.55 0.6 4.5 5 635.2035983547836 0.02716880834793756
60 120 0.55 0.6 5 5.5 586.3889236411839 0.02463850118454047
60 120 0.55 0.6 5.5 6 542.257820531019 0.02243695647985078
60 120 0.55 0.6 6 6.5 502.5655060881377 0.02052816281019432
60 120 0.55 0.6 6.5 7 466.8984050756832 0.01884164056036752
60 120 0.55 0.6 7 7.5 434.8165565024732 0.0173513710806219
60 120 0.55 0.6 7.5 8 405.9058630625029 0.01602252362033596
60 120 0.55 0.6 8 8.5 379.7881093809224 0.01483467147147621
60 120 0.55 0.6 8.5 9 356.125164930659 0.01377538968432646
60 120 0.55 0.6 9 9.5 334.6208987745342 0.01283035547567124
60 120 0.55 0.6 9.5 10 315.0210406095307 0.01198008279504847
60 120 0.55 0.6 10 10.5 297.1083997723338 0.01399167166943016
60 120 0.55 0.6 10.5 11 280.695116048467 0.01210141164631295
60 120 0.55 0.6 11 11.5 265.6160672087089 0.01068988645874924
60 120 0.55 0.6 11.5 12 251.7260579735264 0.009338573091611124
60 120 0.55 0.6 12 12.5 238.9008376839035 0.008739539639122995
60 120 0.55 0.6 12.5 13 227.032067040011 0.008243300518074648
60 120 0.55 0.6 13 13.5 216.0252115938951 0.007786517479928534
60 120 0.55 0.6 13.5 14 205.7977429907146 0.007366662935112345
60 120 0.55 0.6 14 14.5 196.2770037053105 0.006978593503845332
60 120 0.55 0.6 14.5 15 187.3971126964592 0.006617132636705492
60 120 0.55 0.6 15 16 350.4361698136152 0.01224859931960509
60 120 0.55 0.6 16 17 321.2795864454708 0.01108098934707868
60 120 0.55 0.6 17 18 295.5514906433612 0.01005597828793725
60 120 0.55 0.6 18 19 272.7278003475768 0.009157597268938389
60 120 0.55 0.6 19 20 252.3771265693755 0.008361329215262003
60 120 0.55 0.6 20 21 234.1477663524006 0.007653296665097287
60 120 0.55 0.6 21 22 217.7516174439042 0.01018205229240721
60 120 0.55 0.6 22 23 202.9462518999049 0.00868290297617591
60 120 0.55 0.6 23 24 189.5291548502036 0.007351450811626137
60 120 0.55 0.6 24 25 177.3306401245221 0.006334210893470527
60 120 0.55 0.6 25 26 166.2061907608839 0.005511433970269763
60 120 0.55 0.6 26 27 156.0311287143691 0.004829167540066237
60 120 0.55 0.6 27 28 146.6985310376999 0.004331978143227389
60 120 0.55 0.6 28 29 138.1180401918017 0.004016732564281256
60 120 0.55 0.6 29 30 130.2111488224666 0.003729178128935473
60 120 0.55 0.6 30 31 122.908566835105 0.003465464284403197
60 120 0.55 0.6 31 32 116.1496731999424 0.003224626505343053
60 120 0.55 0.6 32 33 109.8814124782166 0.003002738166841823
60 120 0.55 0.6 33 34 104.0577362199222 0.002798832065366241
60 120 0.55 0.6 34 35 98.63784622232366 0.002610586310709095
60 120 0.55 0.6 35 36 93.58555075528437 0.002437003865210841
60 120 0.55 0.6 36 37 88.8685805017513 0.002276903282862008
60 120 0.55 0.6 37 38 84.45816941507813 0.002129056997375756
60 120 0.55 0.6 38 39 80.328549181592 0.001992252426802565
60 120 0.55 0.6 39 40 76.45661367633319 0.001865298059811948
60 120 0.55 0.6 40 42 142.2273943014339 0.006576579242221214
60 120 0.55 0.6 42 44 129.3558018150643 0.005255628048757899
60 120 0.55 0.6 44 46 117.9258895007948 0.004212541196523034
60 120 0.55 0.6 46 48 107.7360153336043 0.003241046505721101
60 120 0.55 0.6 48 50 98.62028308706364 0.002533599974682943
60 120 0.55 0.6 50 52 90.43932673663745 0.001945190783359863
60 120 0.55 0.6 52 54 83.07587579136732 0.001629613928528784
60 120 0.55 0.6 54 56 76.43076161302557 0.001453657322429081
60 120 0.55 0.6 56 58 70.41898737254606 0.001299709258859139
60 120 0.55 0.6 58 60 64.9679462107708 0.001164050748926115
60 120 0.55 0.6 60 65 141.7123108624602 0.0024178739147942
60 120 0.55 0.6 65 70 117.0560498531066 0.004210940680181352
60 120 0.55 0.6 70 80 178.6771112683539 0.002606885407089976
60 120 0.55 0.6 80 90 126.1570944831541 0.001653071225021563
60 120 0.55 0.6 90 100 90.77921515158415 0.001087379413448275
60 120 0.6 0.65 0 0.5 -0.8058635712477018 1.805998939541364e-05
60 120 0.6 0.65 0.5 1 -1110.711575342261 0.02191455180309276
60 120 0.6 0.65 1 1.5 -36.06296480933583 0.001345549767904686
60 120 0.6 0.65 1.5 2 679.8496777415414 0.006368591300542903
60 120 0.6 0.65 2 2.5 836.3716006517187 0.003994387725583692
60 120 0.6 0.65 2.5 3 840.9961752119223 0.04132570964338811
60 120 0.6 0.65 3 3.5 798.8931866942919 0.03744396455226706
60 120 0.6 0.65 3.5 4 743.6810760460939 0.03371702914625985
60 120 0.6 0.65 4 4.5 687.3110616407018 0.03039761110198924
60 120 0.6 0.65 4.5 5 634.0440706220651 0.02748502504255157
60 120 0.6 0.65 5 5.5 585.2547960769618 0.02493928752983265
60 120 0.6 0.65 5.5 6 541.1648801074718 0.02269898664997072
60 120 0.6 0.65 6 6.5 501.5157814617503 0.02073130891221808
60 120 0.6 0.65 6.5 7 465.8910148686612 0.01900925491958105
60 120 0.6 0.65 7 7.5 433.854269000399 0.01748997057239876
60 120 0.6 0.65 7.5 8 404.9909951522496 0.01615547691744723
60 120 0.6 0.65 8 8.5 378.9175871579513 0.01496178618646127
60 120 0.6 0.65 8.5 9 355.2936201270979 0.0138894593179657
60 120 0.6 0.65 9 9.5 333.8254101319152 0.01292497881428289
60 120 0.6 0.65 9.5 10 314.2614180475203 0.01205126506675924
60 120 0.6 0.65 10 10.5 296.3845496447573 0.01394470424429528
60 120 0.6 0.65 10.5 11 280.0045457982515 0.01219175553700325
60 120 0.6 0.65 11 11.5 264.9549259019139 0.01067052474002139
60 120 0.6 0.65 11.5 12 251.0924516674587 0.009353222806453232
60 120 0.6 0.65 12 12.5 238.2927753716897 0.008764927458258853
60 120 0.6 0.65 12.5 13 226.4481683090249 0.008266526408135633
60 120 0.6 0.65 13 13.5 215.4655413415766 0.007806549642140226
60 120 0.6 0.65 13.5 14 205.2618900937666 0.007380958955621963
60 120 0.6 0.65 14 14.5 195.7625465793055 0.006986093180472608
60 120 0.6 0.65 14.5 15 186.9024512805808 0.006619854131287184
60 120 0.6 0.65 15 16 349.4988880688562 0.01224655373312089
60 120 0.6 0.65 16 17 320.4085453221313 0.0110683881474074
60 120 0.6 0.65 17 18 294.7428853726465 0.01003944693445646
60 120 0.6 0.65 18 19 271.9728559340201 0.009133338714036654
60 120 0.6 0.65 19 20 251.6705119678215 0.00833396608945236
60 120 0.6 0.65 20 21 233.4867065249753 0.007624207502971103
60 120 0.6 0.65 21 22 217.1302647946244 0.01011969055016948
60 120 0.6 0.65 22 23 202.3611813947446 0.008552171838658751
60 120 0.6 0.65 23 24 188.9787891069693 0.007350416799738468
60 120 0.6 0.65 24 25 176.8125852260299 0.006354211971853374
60 120 0.6 0.65 25 26 165.7166132374204 0.005538195877250018
60 120 0.6 0.65 26 27 155.5670785261686 0.004748691509121272
60 120 0.6 0.65 27 28 146.2595191164139 0.004320153544455252
60 120 0.6 0.65 28 29 137.7028514982067 0.004007388699932335
60 120 0.6 0.65 29 30 129.8176768213201 0.003721473286958599
60 120 0.6 0.65 30 31 122.5348617241561 0.003458796795086982
60 120 0.6 0.65 31 32 115.794299704382 0.003217701373131376
60 120 0.6 0.65 32 33 109.5433566919057 0.002996754063445906
60 120 0.6 0.65 33 34 103.7360613240071 0.002792988976608513
60 120 0.6 0.65 34 35 98.33174202157991 0.002605428830790402
60 120 0.6 0.65 35 36 93.29412075975533 0.00243235590750146
60 120 0.6 0.65 36 37 88.59078196891595 0.00227289312533685
60 120 0.6 0.65 37 38 84.19289455757576 0.00212487685102758
60 120 0.6 0.65 38 39 80.07502323478879 0.001988221234384469
60 120 0.6 0.65 39 40 76.21438096300393 0.001861759200764368
60 120 0.6 0.65 40 42 141.7752917629524 0.006588156034240455
60 120 0.6 0.65 42 44 128.9424124116445 0.005267044346084049
60 120 0.6 0.65 44 46 117.5466121056342 0.004120322419950639
60 120 0.6 0.65 46 48 107.388004710576 0.003264881831412936
60 120 0.6 0.65 48 50 98.30021975867305 0.002522204254745475
60 120 0.6 0.65 50 52 90.1446653534302 0.001908264828259121
60 120 0.6 0.65 52 54 82.8044293650396 0.001626520815136701
60 120 0.6 0.65 54 56 76.17989526568414 0.001451109500379744
60 120 0.6 0.65 56 58 70.18689858899603 0.00129709100544062
60 120 0.6 0.65 58 60 64.75362374606273 0.001161813815826918
60 120 0.6 0.65 60 65 141.2426898914566 0.002413683419860035
60 120 0.6 0.65 65 70 116.6663629834864 0.004030784829396339
60 120 0.6 0.65 70 80 178.0797255400641 0.002602497235699275
60 120 0.6 0.65 80 90 125.7336392089748 0.001650657178799975
60 120 0.6 0.65 90 100 90.4733479650461 0.001086026279878638
60 120 0.65 0.7 0 0.5 -0.8024186177543555 1.812594763028752e-05
60 120 0.65 0.7 0.5 1 -1102.23634288168 0.03620419179924284
60 120 0.65 0.7 1 1.5 -30.33178281594164 0.0003512305729707066
60 120 0.65 0.7 1.5 2 681.2142315987008 0.006683719000989186
60 120 0.65 0.7 2 2.5 836.1597391360043 0.001089974799924676
60 120 0.65 0.7 2.5 3 840.1542545163951 0.04147216223827854
60 120 0.65 0.7 3 3.5 797.7611548700157 0.03750676839297284
60 120 0.65 0.7 3.5 4 742.4476483786294 0.03373246153830678
60 120 0.65 0.7 4 4.5 686.0463828702727 0.03034927188650727
60 120 0.65 0.7 4.5 5 632.7814542207129 0.02739546888062705
60 120 0.65 0.7 5 5.5 584.0264912004752 0.02482865051354111
60 120 0.65 0.7 5.5 6 539.9800482620086 0.02260226766577489
60 120 0.65 0.7 6 6.5 500.3723452679549 0.02065390690773938
60 120 0.65 0.7 6.5 7 464.7938020688762 0.01893851054495599
60 120 0.65 0.7 7 7.5 432.8102015925111 0.01741748762714224
60 120 0.65 0.7 7.5 8 403.9972947473019 0.01606768699917893
60 120 0.65 0.7 8 8.5 377.9690234327411 0.01486780732005855
60 120 0.65 0.7 8.5 9 354.3874083864284 0.01380065477474091
60 120 0.65 0.7 9 9.5 332.960331004534 0.01284569767648236
60 120 0.65 0.7 9.5 10 313.4375105140948 0.01198723336847252
60 120 0.65 0.7 10 10.5 295.6001136975427 0.01399957978532029
60 120 0.65 0.7 10.5 11 279.2554085322711 0.01223794880326068
60 120 0.65 0.7 11 11.5 264.2375437626855 0.01062388184999463
60 120 0.65 0.7 11.5 12 250.4042558051489 0.009320148855124444
60 120 0.65 0.7 12 12.5 237.6328112366498 0.008713286140277887
60 120 0.65 0.7 12.5 13 225.8172029378431 0.008215659403361997
60 120 0.65 0.7 13 13.5 214.8618091615941 0.007759174504030852
60 120 0.65 0.7 13.5 14 204.6822366094578 0.007338429495575838
60 120 0.65 0.7 14 14.5 195.204952194097 0.006948854323752585
60 120 0.65 0.7 14.5 15 186.3652501020189 0.006589432086087754
60 120 0.65 0.7 15 16 348.4845212637215 0.01219554417667723
60 120 0.65 0.7 16 17 319.4688493770649 0.01102479465254191
60 120 0.65 0.7 17 18 293.8681592212435 0.0100034196553338
60 120 0.65 0.7 18 19 271.157111948431 0.009104821534776875
60 120 0.65 0.7 19 20 250.9091935738159 0.008312387518174091
60 120 0.65 0.7 20 21 232.7723837629851 0.007606025800043881
60 120 0.65 0.7 21 22 216.4598198957807 0.01006604598086369
60 120 0.65 0.7 22 23 201.7320832586071 0.00854371449307223
60 120 0.65 0.7 23 24 188.3872194418294 0.00736222131172326
60 120 0.65 0.7 24 25 176.2539809067916 0.006365678519443918
60 120 0.65 0.7 25 26 165.1881939130348 0.005438363886014486
60 120 0.65 0.7 26 27 155.067843854503 0.004726512392920768
60 120 0.65 0.7 27 28 145.7874292799659 0.004310083090217631
60 120 0.65 0.7 28 29 137.2558191850198 0.003997413793086935
60 120 0.65 0.7 29 30 129.3935907297738 0.003711295331243036
60 120 0.65 0.7 30 31 122.1318698849112 0.003449542942107087
60 120 0.65 0.7 31 32 115.4109639484376 0.003209968812257102
60 120 0.65 0.7 32 33 109.1790003447019 0.002989548609946269
60 120 0.65 0.7 33 34 103.3897634402397 0.002786569206463696
60 120 0.65 0.7 34 35 98.00213419933817 0.002599958012240222
60 120 0.65 0.7 35 36 92.97976476861392 0.002427274783798339
60 120 0.65 0.7 36 37 88.2906517421888 0.002268289798990963
60 120 0.65 0.7 37 38 83.90646481739303 0.002121087798869326
60 120 0.65 0.7 38 39 79.80166956486909 0.001984721044294702
60 120 0.65 0.7 39 40 75.95346136351056 0.001858034558892996
60 120 0.65 0.7 40 42 141.2874102393558 0.006564197169495856
60 120 0.65 0.7 42 44 128.4957146294694 0.005219542307912661
60 120 0.65 0.7 44 46 117.1372223234213 0.004138246468826878
60 120 0.65 0.7 46 48 107.011947191838 0.003198278418153677
60 120 0.65 0.7 48 50 97.95485123365665 0.00249621164277869
60 120 0.65 0.7 50 52 89.82696790787323 0.001948806916502122
60 120 0.65 0.7 52 54 82.5110746368271 0.001623051418349064
60 120 0.65 0.7 54 56 75.90920233911032 0.001447759073840871
60 120 0.65 0.7 56 58 69.9373274460352 0.001294254234068148
60 120 0.65 0.7 58 60 64.52256656163381 0.001159484062029037
60 120 0.65 0.7 60 65 140.7369249171794 0.002409050964246262
60 120 0.65 0.7 65 70 116.2465552439676 0.004255681953665658
60 120 0.65 0.7 70 80 177.4359772057927 0.002597827890326698
60 120 0.65 0.7 80 90 125.2763744020963 0.00164828998522637
60 120 0.65 0.7 90 100 90.14261255496505 0.001084656658179028
60 120 0.7 0.75 0 0.5 -0.7987862489016684 1.828186109698038e-05
60 120 0.7 0.75 0.5 1 -1092.961869000992 0.03201123280086904
60 120 0.7 0.75 1 1.5 -24.07436406751827 3.100682857848369e-05
60 120 0.7 0.75 1.5 2 682.7081156194062 0.006656094445474992
60 120 0.7 0.75 2 2.5 835.9448721100586 0.0008087215452405871
60 120 0.7 0.75 2.5 3 839.2273231896223 0.04081219753777532
60 120 0.7 0.75 3 3.5 796.5228516497774 0.0369982737186092
60 120 0.7 0.75 3.5 4 741.0991527572527 0.03334740343848352
60 120 0.7 0.75 4 4.5 684.6588654659494 0.03007149805489462
60 120 0.7 0.75 4.5 5 631.4063684512814 0.0271684473653977
60 120 0.7 0.75 5 5.5 582.6940990072003 0.02463919902197631
60 120 0.7 0.75 5.5 6 538.6916550237113 0.02242714719750438
60 120 0.7 0.75 6 6.5 499.1318023526041 0.02049972031136349
60 120 0.7 0.75 6.5 7 463.6083026862069 0.01880812011376065
60 120 0.7 0.75 7 7.5 431.6796102659479 0.01731867658276087
60 120 0.7 0.75 7.5 8 402.917749709432 0.01599681712718848
60 120 0.7 0.75 8 8.5 376.9368277662903 0.01481630299593917
60 120 0.7 0.75 8.5 9 353.4000787896843 0.01375493920340887
60 120 0.7 0.75 9 9.5 332.019928071175 0.01280017160593161
60 120 0.7 0.75 9.5 10 312.5432200822397 0.01193849629243005
60 120 0.7 0.75 10 10.5 294.746075777417 0.01403543348277481
60 120 0.7 0.75 10.5 11 278.4372819713719 0.01216421587366767
60 120 0.7 0.75 11 11.5 263.4534014901514 0.01059313392374861
60 120 0.7 0.75 11.5 12 249.6539107748036 0.009233344522300513
60 120 0.7 0.75 12 12.5 236.9166585479536 0.008697139865546433
60 120 0.7 0.75 12.5 13 225.1318011673301 0.008203126099715519
60 120 0.7 0.75 13 13.5 214.2039376622244 0.007747296177427643
60 120 0.7 0.75 13.5 14 204.0499471197609 0.007325615129758489
60 120 0.7 0.75 14 14.5 194.5972871762247 0.006934272243000805
60 120 0.7 0.75 14.5 15 185.7816085569964 0.006572727870604922
60 120 0.7 0.75 15 16 347.3833840682006 0.01216172979474095
60 120 0.7 0.75 16 17 318.4467193303596 0.01099708064685956
60 120 0.7 0.75 17 18 292.9185381617379 0.009980569447407106
60 120 0.7 0.75 18 19 270.2731027196562 0.009084245223959897
60 120 0.7 0.75 19 20 250.0818509498816 0.008292112399487905
60 120 0.7 0.75 20 21 231.9983149960293 0.007587847098108114
60 120 0.7 0.75 21 22 215.7351288599224 0.009946600933915306
60 120 0.7 0.75 22 23 201.0521816455255 0.008581970166147812
60 120 0.7 0.75 23 24 187.7471556542223 0.00736783334778579
60 120 0.7 0.75 24 25 175.6503650062173 0.006275720672562102
60 120 0.7 0.75 25 26 164.618985829044 0.005414458003116351
60 120 0.7 0.75 26 27 154.5306888142992 0.004692371926353189
60 120 0.7 0.75 27 28 145.2799109575469 0.004301142391256008
60 120 0.7 0.75 28 29 136.7749169405591 0.003990010178313241
60 120 0.7 0.75 29 30 128.9370661489016 0.003704722307020347
60 120 0.7 0.75 30 31 121.6985046201465 0.003443052343357067
60 120 0.7 0.75 31 32 114.9999620908488 0.003203601272119272
60 120 0.7 0.75 32 33 108.7887490655405 0.002983140909066151
60 120 0.7 0.75 33 34 103.0183998748864 0.002780556975409354
60 120 0.7 0.75 34 35 97.64824923093731 0.002593629213720305
60 120 0.7 0.75 35 36 92.64255139272166 0.002421577623351823
60 120 0.7 0.75 36 37 87.96930184984771 0.002262264328905417
60 120 0.7 0.75 37 38 83.60003463950544 0.002115317850837073
60 120 0.7 0.75 38 39 79.50930493227582 0.001978950305428384
60 120 0.7 0.75 39 40 75.67417128041835 0.001853226347137138
60 120 0.7 0.75 40 42 140.765499928908 0.00652633234960831
60 120 0.7 0.75 42 44 128.018095531172 0.005197582422283631
60 120 0.7 0.75 44 46 116.6990376836659 0.004031046014901563
60 120 0.7 0.75 46 48 106.6103694167508 0.003228282048311826
60 120 0.7 0.75 48 50 97.5855895204822 0.002513834310477137
60 120 0.7 0.75 50 52 89.48645411281768 0.001877231821325154
60 120 0.7 0.75 52 54 82.1976333692953 0.001619370690363553
60 120 0.7 0.75 54 56 75.62012446604753 0.001444769939894286
60 120 0.7 0.75 56 58 69.66988294195349 0.001291826159516063
60 120 0.7 0.75 58 60 64.2753867349366 0.001156959509856392
60 120 0.7 0.75 60 65 140.1955025035725 0.002403664342523371
60 120 0.7 0.75 65 70 115.797540015042 0.004096919408070221
60 120 0.7 0.75 70 80 176.7455821190844 0.002593245944780165
60 120 0.7 0.75 80 90 124.7849707233988 0.001645515629419947
60 120 0.7 0.75 90 100 89.78728444595035 0.001083137985929739
60 120 0.75 0.8 0 0.5 -0.7947649642847154 1.802608103551595e-05
60 120 0.75 0.8 0.5 1 -1082.883562562027 0.03936956492998434
60 120 0.75 0.8 1 1.5 -17.17791363593216 0.0003555843251490387
60 120 0.75 0.8 1.5 2 684.3925363554657 0.01627673648999917
60 120 0.75 0.8 2 2.5 835.7595090737839 0.007513500358527381
60 120 0.75 0.8 2.5 3 838.2543106526917 0.0409300450463661
60 120 0.75 0.8 3 3.5 795.2179926631763 0.03704117020572539
60 120 0.75 0.8 3.5 4 739.6580612289262 0.03333459068358025
60 120 0.75 0.8 4 4.5 683.1695462979243 0.03003528716021719
60 120 0.75 0.8 4.5 5 629.9363195530907 0.0271512189749501
60 120 0.75 0.8 5 5.5 581.2637506274923 0.02463623574942631
60 120 0.75 0.8 5.5 6 537.3066949202857 0.02242641141765489
60 120 0.75 0.8 6 6.5 497.8012953454968 0.02048941877484367
60 120 0.75 0.8 6.5 7 462.3400192669057 0.0187856178021093
60 120 0.75 0.8 7 7.5 430.4699852304651 0.01728839776484392
60 120 0.75 0.8 7.5 8 401.7604796152812 0.01595903024860945
60 120 0.75 0.8 8 8.5 375.8285794562414 0.0147770401384264
60 120 0.75 0.8 8.5 9 352.3445209296166 0.0137258001761893
60 120 0.75 0.8 9 9.5 331.0156636306664 0.01277679547740718
60 120 0.75 0.8 9.5 10 311.5832081948867 0.01192117514023039
60 120 0.75 0.8 10 10.5 293.8261454381371 0.01397001117999253
60 120 0.75 0.8 10.5 11 277.5562913571857 0.01204119837592543
60 120 0.75 0.8 11 11.5 262.6114639480528 0.0104147206362768
60 120 0.75 0.8 11.5 12 248.8498687947983 0.009232000601400614
60 120 0.75 0.8 12 12.5 236.146235394041 0.008672625582676119
60 120 0.75 0.8 12.5 13 224.392523878078 0.008177898080788282
60 120 0.75 0.8 13 13.5 213.4944389754803 0.007723626125766714
60 120 0.75 0.8 13.5 14 203.3692539365081 0.007307244225216891
60 120 0.75 0.8 14 14.5 193.9437438270442 0.006919975486937346
60 120 0.75 0.8 14.5 15 185.1529021842993 0.006559102331834765
60 120 0.75 0.8 15 16 346.1961458829596 0.01213788770132851
60 120 0.75 0.8 16 17 317.347527834185 0.01097221535445669
60 120 0.75 0.8 17 18 291.897541175635 0.009953610939930968
60 120 0.75 0.8 18 19 269.3200674253166 0.009060411317136641
60 120 0.75 0.8 19 20 249.1920555735069 0.008270903350791059
60 120 0.75 0.8 20 21 231.1669001101587 0.007569986205254509
60 120 0.75 0.8 21 22 214.9568722379949 0.0100409068288343
60 120 0.75 0.8 22 23 200.3211742343281 0.008550209133517228
60 120 0.75 0.8 23 24 187.0589819076079 0.007264335064775196
60 120 0.75 0.8 24 25 175.0026196643948 0.006212965675644
60 120 0.75 0.8 25 26 164.0092205250079 0.00539662617879344
60 120 0.75 0.8 26 27 153.9555290947639 0.004734733077185638
60 120 0.75 0.8 27 28 144.7356934349502 0.004289448822248687
60 120 0.75 0.8 28 29 136.2594132580984 0.003977952919768768
60 120 0.75 0.8 29 30 128.4489680443353 0.003693835799737144
60 120 0.75 0.8 30 31 121.2362260154008 0.003433409718880398
60 120 0.75 0.8 31 32 114.561282134712 0.003194498138157087
60 120 0.75 0.8 32 33 108.3715686975361 0.00297502903291047
60 120 0.75 0.8 33 34 102.6216209910983 0.002772838186587023
60 120 0.75 0.8 34 35 97.27081029971033 0.002586715950357643
60 120 0.75 0.8 35 36 92.28315556065569 0.002415397176690703
60 120 0.75 0.8 36 37 87.62681719479396 0.00225655920556278
60 120 0.75 0.8 37 38 83.2735311798741 0.002110159741661732
60 120 0.75 0.8 38 39 79.19787393076109 0.001974641850424064
60 120 0.75 0.8 39 40 75.37707043177414 0.001848974357756106
60 120 0.75 0.8 40 42 140.2099987633912 0.006490759102689481
60 120 0.75 0.8 42 44 127.5098796187451 0.005074231254994288
60 120 0.75 0.8 44 46 116.2344735240651 0.004107911351582061
60 120 0.75 0.8 46 48 106.1835675331882 0.003193155387350544
60 120 0.75 0.8 48 50 97.19296618050292 0.002451214428063508
60 120 0.75 0.8 50 52 89.12544565992347 0.001906104199363767
60 120 0.75 0.8 52 54 81.86462321693476 0.001615832506402626
60 120 0.75 0.8 54 56 75.31261758977375 0.001441498600811997
60 120 0.75 0.8 56 58 69.38592688221395 0.001288522366110101
60 120 0.75 0.8 58 60 64.01239879175209 0.001154299713405749
60 120 0.75 0.8 60 65 139.6186653377059 0.002398553547038773
60 120 0.75 0.8 65 70 115.3182327564391 0.004058936379266243
60 120 0.75 0.8 70 80 176.008040502692 0.002588034364265468
60 120 0.75 0.8 80 90 124.2601280394362 0.001642552797463281
60 120 0.75 0.8 90 100 89.40789225711578 0.001081512104775584
60 120 0.8 0.85 0 0.5 -0.7904762696126841 1.776575463641183e-05
60 120 0.8 0.85 0.5 1 -1071.906546596814 0.03164720646736896
60 120 0.8 0.85 1 1.5 -9.489296450959259 0.000449648546140935
60 120 0.8 0.85 1.5 2 686.4307517417041 0.01414944978591848
60 120 0.8 0.85 2 2.5 835.732048972772 0.007275048325254829
60 120 0.8 0.85 2.5 3 837.3240633574271 0.04089548255626596
60 120 0.8 0.85 3 3.5 793.9138870497981 0.03701331181423484
60 120 0.8 0.85 3.5 4 738.1829695214133 0.03331321384553121
60 120 0.8 0.85 4 4.5 681.6380798279008 0.02998929864111233
60 120 0.8 0.85 4.5 5 628.4144369097349 0.02707143074951546
60 120 0.8 0.85 5 5.5 579.7718838055137 0.02455086588986433
60 120 0.8 0.85 5.5 6 535.857082005372 0.02235794168427674
60 120 0.8 0.85 6 6.5 496.412840981764 0.02044814173297027
60 120 0.8 0.85 6.5 7 461.0134320981252 0.01876167260746797
60 120 0.8 0.85 7 7.5 429.1977431788241 0.0172678275579301
60 120 0.8 0.85 7.5 8 400.5407612847978 0.01594120127322185
60 120 0.8 0.85 8 8.5 374.6667229210103 0.01475418873269518
60 120 0.8 0.85 8.5 9 351.2387732586953 0.01369900568158755
60 120 0.8 0.85 9 9.5 329.9583949150601 0.01275068277089986
60 120 0.8 0.85 9.5 10 310.5706235820199 0.01189290633539031
60 120 0.8 0.85 10 10.5 292.8573376697952 0.01381843921461723
60 120 0.8 0.85 10.5 11 276.6301191075288 0.01200212645483134
60 120 0.8 0.85 11 11.5 261.7252141471876 0.01047057563300768
60 120 0.8 0.85 11.5 12 248.0004262181302 0.009196346749206441
60 120 0.8 0.85 12 12.5 235.3319736409783 0.008662274997533359
60 120 0.8 0.85 12.5 13 223.6116112635869 0.008168981535931152
60 120 0.8 0.85 13 13.5 212.7450408687194 0.007713033589453744
60 120 0.8 0.85 13.5 14 202.6489575360496 0.00729250188601327
60 120 0.8 0.85 14 14.5 193.2505202401401 0.006904679223396215
60 120 0.8 0.85 14.5 15 184.4866010848433 0.006545785286391492
60 120 0.8 0.85 15 16 344.9391376834715 0.01211153927033592
60 120 0.8 0.85 16 17 316.1818883404683 0.01095364441067659
60 120 0.8 0.85 17 18 290.8122246529356 0.009936935790847201
60 120 0.8 0.85 18 19 268.3080253335949 0.009042633740875772
60 120 0.8 0.85 19 20 248.2480956632386 0.008252637077220015
60 120 0.8 0.85 20 21 230.2849009539469 0.007550534790851771
60 120 0.8 0.85 21 22 214.1297195248806 0.01000557617990694
60 120 0.8 0.85 22 23 199.5435547860843 0.008449013178648102
60 120 0.8 0.85 23 24 186.3283456912884 0.007195117324584999
60 120 0.8 0.85 24 25 174.3158730485815 0.00623513739932946
60 120 0.8 0.85 25 26 163.3618881002317 0.005428260846059629
60 120 0.8 0.85 26 27 153.3437269538498 0.004677369416214106
60 120 0.8 0.85 27 28 144.1572849757436 0.004278365931241979
60 120 0.8 0.85 28 29 135.7126803170452 0.003967315292356943
60 120 0.8 0.85 29 30 127.9315311107969 0.003682819339474008
60 120 0.8 0.85 30 31 120.7455714037207 0.003423569714144037
60 120 0.8 0.85 31 32 114.0955162429237 0.00318542229659613
60 120 0.8 0.85 32 33 107.9295391300419 0.002966464388222789
60 120 0.8 0.85 33 34 102.2012596721946 0.002765307783604953
60 120 0.8 0.85 34 35 96.87068159314518 0.002580070848267724
60 120 0.8 0.85 35 36 91.90230932441007 0.002408192137096421
60 120 0.8 0.85 36 37 87.26434416587088 0.00225034472643415
60 120 0.8 0.85 37 38 82.92811311139762 0.002104321563095368
60 120 0.8 0.85 38 39 78.86813591076235 0.001968889788983574
60 120 0.8 0.85 39 40 75.06191333896898 0.001843136019800795
60 120 0.8 0.85 40 42 139.6215179215644 0.00636058888755997
60 120 0.8 0.85 42 44 126.9728132103795 0.005145539861374004
60 120 0.8 0.85 44 46 115.7419657432731 0.004036601316201427
60 120 0.8 0.85 46 48 105.7316588647736 0.003163172584208951
60 120 0.8 0.85 48 50 96.77779566915116 0.002486854135611338
60 120 0.8 0.85 50 52 88.74287437287214 0.001846906868678388
60 120 0.8 0.85 52 54 81.51200558057016 0.001611443604488727
60 120 0.8 0.85 54 56 74.98717533753866 0.001437724586097033
60 120 0.8 0.85 56 58 69.08453646715324 0.001285687762987209
60 120 0.8 0.85 58 60 63.73323860633233 0.001151593500232195
60 120 0.8 0.85 60 65 139.0073213515963 0.002393247765240858
60 120 0.8 0.85 65 70 114.8086233553348 0.004243922355470886
60 120 0.8 0.85 70 80 175.2238746307195 0.002582701098901907
60 120 0.8 0.85 80 90 123.7024703422473 0.001639656629336628
60 120 0.8 0.85 90 100 89.00492650640038 0.001079755858484077
60 120 0.85 0.9 0 0.5 -0.7860422970280653 1.797840451811528e-05
60 120 0.85 0.9 0.5 1 -1060.273391665492 0.008325510954591664
60 120 0.85 0.9 1 1.5 -1.223497595639122 4.835576393569241e-05
60 120 0.85 0.9 1.5 2 688.7291661845496 0.00889667044395992
60 120 0.85 0.9 2 2.5 835.834339613739 0.007607925843103658
60 120 0.85 0.9 2.5 3 836.4591106265942 0.04092917467596635
60 120 0.85 0.9 3 3.5 792.6186124456126 0.03705306229653615
60 120 0.85 0.9 3.5 4 736.6850399830356 0.03334943397817369
60 120 0.85 0.9 4 4.5 680.0786294831643 0.03003496158521557
60 120 0.85 0.9 4.5 5 626.8554952865534 0.02713263719078896
60 120 0.85 0.9 5 5.5 578.2307579536998 0.02457950862003599
60 120 0.85 0.9 5.5 6 534.3655715565785 0.02235255732728092
60 120 0.85 0.9 6 6.5 494.9832445414519 0.02040803731551932
60 120 0.85 0.9 6.5 7 459.6376754847881 0.01871520139411587
60 120 0.85 0.9 7 7.5 427.8776396335644 0.01722295942050778
60 120 0.85 0.9 7.5 8 399.2816211921518 0.01590584178558174
60 120 0.85 0.9 8 8.5 373.4665597212276 0.01473283750993915
60 120 0.85 0.9 8.5 9 350.0909602062153 0.01367623884260638
60 120 0.85 0.9 9 9.5 328.8603073210539 0.01272882638943429
60 120 0.85 0.9 9.5 10 309.5205720252918 0.01187451799944483
60 120 0.85 0.9 10 10.5 291.8528235138359 0.0137975921962834
60 120 0.85 0.9 10.5 11 275.6687840473538 0.011907050700529
60 120 0.85 0.9 11 11.5 260.8053168537098 0.01041346849825686
60 120 0.85 0.9 11.5 12 247.1192758832128 0.00916946011719233
60 120 0.85 0.9 12 12.5 234.4868807972622 0.008634344310024744
60 120 0.85 0.9 12.5 13 222.8003908787486 0.008142615690985622
60 120 0.85 0.9 13 13.5 211.96506618698 0.007691683893312984
60 120 0.85 0.9 13.5 14 201.8988250708046 0.007273333592792142
60 120 0.85 0.9 14 14.5 192.529882318502 0.006886415076337471
60 120 0.85 0.9 14.5 15 183.7934483552843 0.006527056606870474
60 120 0.85 0.9 15 16 343.6304684864514 0.01207596878316508
60 120 0.85 0.9 16 17 314.965515500294 0.01091424463515978
60 120 0.85 0.9 17 18 289.6780816918823 0.009902071480496488
60 120 0.85 0.9 18 19 267.2512312736845 0.009013518400081466
60 120 0.85 0.9 19 20 247.2619664358478 0.008227151079722717
60 120 0.85 0.9 20 21 229.3610606195324 0.007527047651421981
60 120 0.85 0.9 21 22 213.2620601456966 0.009811389055670361
60 120 0.85 0.9 22 23 198.7295635916907 0.008380705453191695
60 120 0.85 0.9 23 24 185.5637685207795 0.00722953054199138
60 120 0.85 0.9 24 25 173.5953151410284 0.00621008096135256
60 120 0.85 0.9 25 26 162.6817553442461 0.005342350834723675
60 120 0.85 0.9 26 27 152.7016667961691 0.004649677625309323
60 120 0.85 0.9 27 28 143.5504898531692 0.00426467701069555
60 120 0.85 0.9 28 29 135.1383672409865 0.003955478292795078
60 120 0.85 0.9 29 30 127.3875243802136 0.003673038098142456
60 120 0.85 0.9 30 31 120.2298623904941 0.003413885207109502
60 120 0.85 0.9 31 32 113.6058591221716 0.003176453070295793
60 120 0.85 0.9 32 33 107.4637569476556 0.002957383949578229
60 120 0.85 0.9 33 34 101.7586324525533 0.002756758418669847
60 120 0.85 0.9 34 35 96.4500434015778 0.002571745783356505
60 120 0.85 0.9 35 36 91.50193927991896 0.00240100293252965
60 120 0.85 0.9 36 37 86.88245903646154 0.002243841619659293
60 120 0.85 0.9 37 38 82.56353776999491 0.002098249102502336
60 120 0.85 0.9 38 39 78.52020545082677 0.001963072031827551
60 120 0.85 0.9 39 40 74.72996593639209 0.001838038792712382
60 120 0.85 0.9 40 42 139.0015902293473 0.006426388118029536
60 120 0.85 0.9 42 44 126.4052489950725 0.005063763488152517
60 120 0.85 0.9 44 46 115.2220023430817 0.004044708223077009
60 120 0.85 0.9 46 48 105.2542298011848 0.003168996399494972
60 120 0.85 0.9 48 50 96.33849182782585 0.002396975949906732
60 120 0.85 0.9 50 52 88.33873298291903 0.00187905406386335
60 120 0.85 0.9 52 54 81.13916540038308 0.001607798001728611
60 120 0.85 0.9 54 56 74.64216069611177 0.001434365559404682
60 120 0.85 0.9 56 58 68.76570711213519 0.001282234290172823
60 120 0.85 0.9 58 60 63.43837750089567 0.001148596730260465
60 120 0.85 0.9 60 65 138.35966851919 0.002387511866885461
60 120 0.85 0.9 65 70 114.2699423774555 0.004197728369589981
60 120 0.85 0.9 70 80 174.3946360767194 0.002576799903579285
60 120 0.85 0.9 80 90 123.1127969246134 0.001636259925660966
60 120 0.85 0.9 90 100 88.57895171333557 0.001077916068254581
60 120 0.9 0.95 0 0.5 -0.7813936728028981 1.828282870597331e-05
60 120 0.9 0.95 0.5 1 -1048.567441943368 0.009392116257686212
60 120 0.9 0.95 1 1.5 6.996570522377 0.0001318935513401343
60 120 0.9 0.95 1.5 2 690.9263096153136 0.003357008040893561
60 120 0.9 0.95 2 2.5 835.8227920503139 0.004922654610936661
60 120 0.9 0.95 2.5 3 835.5051770325096 0.04091606016743299
60 120 0.9 0.95 3 3.5 791.2336844289263 0.03696872282193908
60 120 0.9 0.95 3.5 4 735.1023569227575 0.0332609074487209
60 120 0.9 0.95 4 4.5 678.4444030329161 0.02993875105437382
60 120 0.9 0.95 4.5 5 625.2099841756778 0.02703287823590017
60 120 0.9 0.95 5 5.5 576.6180436637504 0.02450101796944182
60 120 0.9 0.95 5.5 6 532.8146106692067 0.02231621110513515
60 120 0.9 0.95 6 6.5 493.4881727008313 0.02038575015041033
60 120 0.9 0.95 6.5 7 458.2028982603391 0.01868154366349017
60 120 0.9 0.95 7 7.5 426.5070986032354 0.01718187027512386
60 120 0.9 0.95 7.5 8 397.9752123815707 0.01584998063395915
60 120 0.9 0.95 8 8.5 372.2202065730968 0.01467094622296372
60 120 0.9 0.95 8.5 9 348.9014936416625 0.01362363386806464
60 120 0.9 0.95 9 9.5 327.7243312303611 0.01267820453261947
60 120 0.9 0.95 9.5 10 308.434590746466 0.01182945665829038
60 120 0.9 0.95 10 10.5 290.8151119781641 0.01371384341274506
60 120 0.9 0.95 10.5 11 274.677243177911 0.01189774674207911
60 120 0.9 0.95 11 11.5 259.856325490966 0.01040670256645626
60 120 0.9 0.95 11.5 12 246.2101483279576 0.009143819445768031
60 120 0.9 0.95 12 12.5 233.6148837800106 0.008609996007606924
60 120 0.9 0.95 12.5 13 221.9626361930784 0.008118903639058317
60 120 0.9 0.95 13 13.5 211.1603977003027 0.007666026496821132
60 120 0.9 0.95 13.5 14 201.1262867930584 0.007249303148626041
60 120 0.9 0.95 14 14.5 191.7874595583457 0.00686338164032918
60 120 0.9 0.95 14.5 15 183.0799781910213 0.006505144738497393
60 120 0.9 0.95 15 16 342.2811133741588 0.01203713384802541
60 120 0.9 0.95 16 17 313.7086139188489 0.01088408896259807
60 120 0.9 0.95 17 18 288.508608595487 0.009873100368793075
60 120 0.9 0.95 18 19 266.1615384865095 0.00898585950898223
60 120 0.9 0.95 19 20 246.241483111346 0.008198745734915747
60 120 0.9 0.95 20 21 228.4036482109447 0.007504735911766147
60 120 0.9 0.95 21 22 212.36464250241 0.009840060850194732
60 120 0.9 0.95 22 23 197.8862821841111 0.008367561806920776
60 120 0.9 0.95 23 24 184.7695055226625 0.007165622800329174
60 120 0.9 0.95 24 25 172.8466979070145 0.006192933662333644
60 120 0.9 0.95 25 26 161.9749361660411 0.005321451000668276
60 120 0.9 0.95 26 27 152.0334128110762 0.004600990678738981
60 120 0.9 0.95 27 28 142.9185877495266 0.004250599148576839
60 120 0.9 0.95 28 29 134.5402661991031 0.003942998368756889
60 120 0.9 0.95 29 30 126.8201315999309 0.003660123827486927
60 120 0.9 0.95 30 31 119.6907353622641 0.003402453496349267
60 120 0.9 0.95 31 32 113.0936368274798 0.003165743341455141
60 120 0.9 0.95 32 33 106.977451987405 0.002948419267937652
60 120 0.9 0.95 33 34 101.2961108661759 0.002748384271342275
60 120 0.9 0.95 34 35 96.00929538947031 0.002563762653068125
60 120 0.9 0.95 35 36 91.08157041796933 0.002394092761676347
60 120 0.9 0.95 36 37 86.48154309240925 0.002236375926258916
60 120 0.9 0.95 37 38 82.1812305643559 0.002091775218488579
60 120 0.9 0.95 38 39 78.15537028462933 0.001956812795839369
60 120 0.9 0.95 39 40 74.38132071479221 0.001832651442853717
60 120 0.9 0.95 40 42 138.3492956855785 0.006329455456466349
60 120 0.9 0.95 42 44 125.8082673310348 0.005088865058851866
60 120 0.9 0.95 44 46 114.673920120171 0.003962741836943451
60 120 0.9 0.95 46 48 104.7506075458254 0.003077863316917728
60 120 0.9 0.95 48 50 95.87566245080325 0.002454569597503564
60 120 0.9 0.95 50 52 87.91182830532675 0.001865604570369328
60 120 0.9 0.95 52 54 80.74486596172221 0.001602961823678584
60 120 0.9 0.95 54 56 74.27847138800973 0.00143019655648402
60 120 0.9 0.95 56 58 68.42950536405735 0.001278819119818309
60 120 0.9 0.95 58 60 63.12696726915338 0.001145567465812292
60 120 0.9 0.95 60 65 137.6767496104144 0.002381054609941202
60 120 0.9 0.95 65 70 113.7023325451619 0.004206095809806243
60 120 0.9 0.95 70 80 173.5218343798756 0.00257114890075627
60 120 0.9 0.95 80 90 122.4920343040496 0.00163307503387955
60 120 0.9 0.95 90 100 88.13000142008777 0.001076040781427423
60 120 0.95 1 0 0.5 -0.7764151428422147 1.791085232794032e-05
60 120 0.95 1 0.5 1 -1036.621972610563 0.0289220240265422
60 120 0.95 1 1 1.5 15.26859629360316 0.0003569298872037052
60 120 0.95 1 1.5 2 693.0651736476166 0.005763957252042928
60 120 0.95 1 2 2.5 835.7008626053708 0.0024440621850772
60 120 0.95 1 2.5 3 834.4614672491095 0.04103842012159475
60 120 0.95 1 3 3.5 789.7478696814167 0.03711485471046672
60 120 0.95 1 3.5 4 733.4505560413561 0.03336338327721933
60 120 0.95 1 4 4.5 676.7280718589535 0.03001864412817667
60 120 0.95 1 4.5 5 623.4881125357282 0.02708146721352023
60 120 0.95 1 5 5.5 574.9405996633504 0.02454413429563829
60 120 0.95 1 5.5 6 531.1912583704614 0.02231140009291721
60 120 0.95 1 6 6.5 491.9254338900728 0.02037719469109334
60 120 0.95 1 6.5 7 456.7064726498975 0.01868658479935448
60 120 0.95 1 7 7.5 425.0795617440746 0.01719389501636215
60 120 0.95 1 7.5 8 396.6145507649445 0.01587039578970462
60 120 0.95 1 8 8.5 370.9222709897189 0.01468021198184033
60 120 0.95 1 8.5 9 347.6626930457469 0.01361948072218411
60 120 0.95 1 9 9.5 326.540906273265 0.0126698404075114
60 120 0.95 1 9.5 10 307.3053384111336 0.01181091308103532
60 120 0.95 1 10 10.5 289.7377607174089 0.01365505735714123
60 120 0.95 1 10.5 11 273.6480685766336 0.01189698075387469
60 120 0.95 1 11 11.5 258.8720134392086 0.01036327997195485
60 120 0.95 1 11.5 12 245.2670677380706 0.009161610752357774
60 120 0.95 1 12 12.5 232.7096610479773 0.008588746615430409
60 120 0.95 1 12.5 13 221.0942457335401 0.008098209881580942
60 120 0.95 1 13 13.5 210.3275020500319 0.007647277392578644
60 120 0.95 1 13.5 14 200.3271883951365 0.00723007508204887
60 120 0.95 1 14 14.5 191.0199842612202 0.006845707483904562
60 120 0.95 1 14.5 15 182.3409919680122 0.00648979052039067
60 120 0.95 1 15 16 340.8808148650704 0.01200481054269176
60 120 0.95 1 16 17 312.4086033046423 0.01084878246359722
60 120 0.95 1 17 18 287.2994669210704 0.009839318272099717
60 120 0.95 1 18 19 265.0312573566919 0.008953556912842942
60 120 0.95 1 19 20 245.1837013415026 0.00817293855456569
60 120 0.95 1 20 21 227.4127197616184 0.00747601625249672
60 120 0.95 1 21 22 211.4343230912985 0.009782906112604906
60 120 0.95 1 22 23 197.0115407192071 0.008326094170939768
60 120 0.95 1 23 24 183.9455472743831 0.007170361764451627
60 120 0.95 1 24 25 172.0685919635039 0.00610605810470588
60 120 0.95 1 25 26 161.2401993721829 0.005261127295653978
60 120 0.95 1 26 27 151.3395016463311 0.004616587825239549
60 120 0.95 1 27 28 142.2616423792796 0.004234419694654434
60 120 0.95 1 28 29 133.916939420884 0.003928421781949964
60 120 0.95 1 29 30 126.2284511954788 0.003648360283264651
60 120 0.95 1 30 31 119.1293118717153 0.003390990432635022
60 120 0.95 1 31 32 112.5605621903078 0.003155839635880398
60 120 0.95 1 32 33 106.4700577371921 0.002938527680001357
60 120 0.95 1 33 34 100.8127044559438 0.002738761921378341
60 120 0.95 1 34 35 95.54862002400699 0.002555917291374499
60 120 0.95 1 35 36 90.64248762320936 0.002386354382181821
60 120 0.95 1 36 37 86.06271969108046 0.002229616860446981
60 120 0.95 1 37 38 81.78120241924995 0.002085159083208055
60 120 0.95 1 38 39 77.77307936681177 0.001951110555836522
60 120 0.95 1 39 40 74.01610733763015 0.001826873398471207
60 120 0.95 1 40 42 137.6660481191555 0.006336406605555567
60 120 0.95 1 42 44 125.1814343305266 0.004947532241004637
60 120 0.95 1 44 46 114.0988970101754 0.003943868782926074
60 120 0.95 1 46 48 104.2224276263436 0.003120247692550038
60 120 0.95 1 48 50 95.38881660177935 0.002396401255893466
60 120 0.95 1 50 52 87.46289734627868 0.001795328766320381
60 120 0.95 1 52 54 80.33109103324095 0.001598283384993238
60 120 0.95 1 54 56 73.89624483245947 0.001426271909963361
60 120 0.95 1 56 58 68.07590211855496 0.001275103416958245
60 120 0.95 1 58 60 62.79963183569966 0.001142649960243602
60 120 0.95 1 60 65 136.9597103533461 0.002374561176139878
60 120 0.95 1 65 70 113.1066515306637 0.004207763270343889
60 120 0.95 1 70 80 172.6065990396039 0.002565546226634297
60 120 0.95 1 80 90 121.8407145535596 0.001629659144100515
60 120 0.95 1 90 100 87.65793329437959 0.001074068352664881
60 120 1 1.1 0 0.5 -1.536632081634144 3.487357904830013e-05
60 120 1 1.1 0.5 1 -2034.62750603185 0.02791380392864085
60 120 1 1.1 1 1.5 57.10250981129131 0.002480609589966321
60 120 1 1.1 1.5 2 1392.953137409751 0.001736017954726776
60 120 1 1.1 2 2.5 1671.070278278379 0.03777123856866638
60 120 1 1.1 2.5 3 1665.583504181411 0.08163703985906068
60 120 1 1.1 3 3.5 1574.814457366084 0.0737112292904385
60 120 1 1.1 3.5 4 1461.668883599135 0.06620100525810813
60 120 1 1.1 4 4.5 1348.01353279374 0.05959695162846401
60 120 1 1.1 4.5 5 1241.551382485101 0.05377023979713158
60 120 1 1.1 5 5.5 1144.579952656548 0.04875103358176602
60 120 1 1.1 5.5 6 1057.239258352913 0.04433306519217695
60 120 1 1.1 6 6.5 978.8963721126411 0.04049611254004049
60 120 1 1.1 6.5 7 908.6667364918675 0.03712109021171273
60 120 1 1.1 7 7.5 845.6247080829054 0.03413911214533982
60 120 1 1.1 7.5 8 788.898759446893 0.03150683198271054
60 120 1 1.1 8 8.5 737.7082257085754 0.02960482624496308
60 120 1 1.1 8.5 9 691.3729201287449 0.0270598985430297
60 120 1 1.1 9 9.5 649.310333381078 0.0251947024941046
60 120 1 1.1 9.5 10 611.0139290532973 0.02405211781422167
60 120 1 1.1 10 10.5 576.0411675340041 0.02740372574453431
60 120 1 1.1 10.5 11 544.0102520683154 0.0237105299789846
60 120 1 1.1 11 11.5 514.595558112709 0.02072955865764925
60 120 1 1.1 11.5 12 487.5174015272436 0.01918145503924507
60 120 1 1.1 12 12.5 462.5316157959542 0.0190418008527331
60 120 1 1.1 12.5 13 439.4225680048842 0.01868036009761909
60 120 1 1.1 13 13.5 418.0021031242246 0.01790397739523542
60 120 1 1.1 13.5 14 398.1051297708519 0.01695328494605519
60 120 1 1.1 14 14.5 379.5869796729403 0.01584781510155153
60 120 1 1.1 14.5 15 362.3213229708377 0.01528535129534703
60 120 1 1.1 15 16 677.3045001415642 0.02837154589678903
60 120 1 1.1 16 17 620.6800379609463 0.02567788488238421
60 120 1 1.1 17 18 570.7440472202059 0.02395515600358067
60 120 1 1.1 18 19 526.462171126482 0.02131238374681743
60 120 1 1.1 19 20 487.0001595975277 0.01902876383235252
60 120 1 1.1 20 21 451.6714076680123 0.01827015598598791
60 120 1 1.1 21 22 419.9074997112519 0.01948837293338102
60 120 1 1.1 22 23 391.236765253467 0.016492412700984
60 120 1 1.1 23 24 365.2660945812543 0.01404706761894658
60 120 1 1.1 24 25 341.6635242873567 0.01372950785309968
60 120 1 1.1 25 26 320.1448153787142 0.01276844156791412
60 120 1 1.1 26 27 300.4688591705827 0.01146433043305706
60 120 1 1.1 27 28 282.4300021928167 0.01053670951051799
60 120 1 1.1 28 29 265.8507727162555 0.01024928741179565
60 120 1 1.1 29 30 250.5763517581049 0.009525010882470042
60 120 1 1.1 30 31 236.4728166548836 0.008622404981025511
60 120 1 1.1 31 32 223.4234441804134 0.008255932575480074
60 120 1 1.1 32 33 211.3252109355328 0.008013350529125773
60 120 1 1.1 33 34 200.0880051836357 0.007516272647393407
60 120 1 1.1 34 35 189.6326100935063 0.006773485090235454
60 120 1 1.1 35 36 179.8886564195143 0.006341909068254381
60 120 1 1.1 36 37 170.7936334652084 0.00614927597246151
60 120 1 1.1 37 38 162.2915194209553 0.006086853433373562
60 120 1 1.1 38 39 154.3324061196672 0.00572488862286491
60 120 1 1.1 39 40 146.8716470754028 0.005221336780863339
60 120 1 1.1 40 42 273.1598645804435 0.01231391526738435
60 120 1 1.1 42 44 248.3745521402726 0.009901593431834499
60 120 1 1.1 44 46 226.3730553578837 0.008057710808657248
60 120 1 1.1 46 48 206.7662436771276 0.006954711089974808
60 120 1 1.1 48 50 189.2324420377414 0.006485697463432416
60 120 1 1.1 50 52 173.5021453792286 0.006106350425170604
60 120 1 1.1 52 54 159.3478317194261 0.005417387571242216
60 120 1 1.1 54 56 146.5778110566557 0.00508664078714105
60 120 1 1.1 56 58 135.0283980204867 0.004781475474942454
60 120 1 1.1 58 60 124.5592132370749 0.004327866495543731
60 120 1 1.1 60 65 271.6394070520329 0.01006940502446696
60 120 1 1.1 65 70 224.3178212780906 0.008598377139151125
60 120 1 1.1 70 80 342.2988592664835 0.01413727321164515
60 120 1 1.1 80 90 241.6042926639649 0.01037404876524306
60 120 1 1.1 90 100 173.8079517395414 0.007530000694004002
60 120 1.1 1.2 0 0.5 -1.513273650504179 6.600318926541782e-05
60 120 1.1 1.2 0.5 1 -1979.654516836681 0.06399851443597981
60 120 1.1 1.2 1 1.5 94.49854930950787 0.001518900604935425
60 120 1.1 1.2 1.5 2 1401.901987320218 0.04918228332803665
60 120 1.1 1.2 2 2.5 1669.838180113746 0.0615012383514113
60 120 1.1 1.2 2.5 3 1660.081931579497 0.08151569177130114
60 120 1.1 1.2 3 3.5 1567.544088562688 0.07364212378729462
60 120 1.1 1.2 3.5 4 1453.657288996196 0.06617362680117367
60 120 1.1 1.2 4 4.5 1339.810740789092 0.05985632544525288
60 120 1.1 1.2 4.5 5 1233.444955940156 0.05450882903232923
60 120 1.1 1.2 5 5.5 1136.680136470978 0.05304071356181339
60 120 1.1 1.2 5.5 6 1049.609316614471 0.04428801392919013
60 120 1.1 1.2 6 6.5 971.583437087801 0.04034748722631321
60 120 1.1 1.2 6.5 7 901.6824558560483 0.03866566037640951
60 120 1.1 1.2 7 7.5 838.9545740268878 0.03595465494936434
60 120 1.1 1.2 7.5 8 782.5265632181795 0.03138031016885634
60 120 1.1 1.2 8 8.5 731.6290693896743 0.02918694174877601
60 120 1.1 1.2 8.5 9 685.5812652810173 0.02792553182689517
60 120 1.1 1.2 9 9.5 643.7893317205451 0.02632536888734194
60 120 1.1 1.2 9.5 10 605.740544506942 0.02430588257630006
60 120 1.1 1.2 10 10.5 570.9985441609929 0.02691312473859853
60 120 1.1 1.2 10.5 11 539.1894379632295 0.02321695623788855
60 120 1.1 1.2 11 11.5 509.9879913345472 0.0203872276488255
60 120 1.1 1.2 11.5 12 483.1105155521704 0.01867814074211083
60 120 1.1 1.2 12 12.5 458.3113419934301 0.01830467896058963
60 120 1.1 1.2 12.5 13 435.3764127160357 0.0177585391966204
60 120 1.1 1.2 13 13.5 414.1187078910266 0.01631935466525647
60 120 1.1 1.2 13.5 14 394.3764783932392 0.01492430833656044
60 120 1.1 1.2 14 14.5 376.0065543099268 0.01431466235982271
60 120 1.1 1.2 14.5 15 358.8815023448971 0.01416900667163645
60 120 1.1 1.2 15 16 670.8142045360038 0.02739617774057024
60 120 1.1 1.2 16 17 614.6566490716696 0.02361040591210894
60 120 1.1 1.2 17 18 565.1424716588028 0.02143520226229612
60 120 1.1 1.2 18 19 521.245042279965 0.02091660868143208
60 120 1.1 1.2 19 20 482.1276342052665 0.01860426770059576
60 120 1.1 1.2 20 21 447.1096330153194 0.01678761727049505
60 120 1.1 1.2 21 22 415.6298211742827 0.01913693685901308
60 120 1.1 1.2 22 23 387.2200640099536 0.01632607804504005
60 120 1.1 1.2 23 24 361.4876604782334 0.01395100269024852
60 120 1.1 1.2 24 25 338.1024754803035 0.0124039619278733
60 120 1.1 1.2 25 26 316.7842171541899 0.01142343307628835
60 120 1.1 1.2 26 27 297.2943789726539 0.01032925007137919
60 120 1.1 1.2 27 28 279.4282077225228 0.009648533470056009
60 120 1.1 1.2 28 29 263.0088162049708 0.009343934291962341
60 120 1.1 1.2 29 30 247.8824954383292 0.008927332578053893
60 120 1.1 1.2 30 31 233.9164334443425 0.008078387794796527
60 120 1.1 1.2 31 32 220.9952673836185 0.007412664436913019
60 120 1.1 1.2 32 33 209.0173980773774 0.007019416613729845
60 120 1.1 1.2 33 34 197.8932129021762 0.006881357649319852
60 120 1.1 1.2 34 35 187.5434088238291 0.006577032690046281
60 120 1.1 1.2 35 36 177.8981425984065 0.006168838032778012
60 120 1.1 1.2 36 37 168.8952543597424 0.005444070574782245
60 120 1.1 1.2 37 38 160.4801270608092 0.005111106401187726
60 120 1.1 1.2 38 39 152.6034670394502 0.005056542119945107
60 120 1.1 1.2 39 40 145.2208438943201 0.005010625892367671
60 120 1.1 1.2 40 42 270.0743388180861 0.01230162333519047
60 120 1.1 1.2 42 44 245.5494188401259 0.009635709329018027
60 120 1.1 1.2 44 46 223.7822821582806 0.00768407258311754
60 120 1.1 1.2 46 48 204.3865480718392 0.006891061551812072
60 120 1.1 1.2 48 50 187.0430490213746 0.006524918792166545
60 120 1.1 1.2 50 52 171.4839728137811 0.006102310421198354
60 120 1.1 1.2 52 54 157.485053750752 0.0054505404215206
60 120 1.1 1.2 54 56 144.8563796998472 0.005163189612403585
60 120 1.1 1.2 56 58 133.4354768093152 0.004923227494572302
60 120 1.1 1.2 58 60 123.0835935934449 0.00455187415718683
60 120 1.1 1.2 60 65 268.3985277339303 0.009792931403808325
60 120 1.1 1.2 65 70 221.6181334237794 0.008729028397681304
60 120 1.1 1.2 70 80 338.1340118070455 0.01316879560982898
60 120 1.1 1.2 80 90 238.6292491849537 0.0100072991966158
60 120 1.1 1.2 90 100 171.6456288868467 0.007670913859101347
60 120 1.2 1.3 0 0.5 -1.488379478731455 3.41444091600529e-05
60 120 1.2 1.3 0.5 1 -1922.782981900334 0.02500890053011062
60 120 1.2 1.3 1 1.5 132.001140019852 0.001092276482694388
60 120 1.2 1.3 1.5 2 1409.851577814866 0.004670738409686237
60 120 1.2 1.3 2 2.5 1667.202479938834 0.01541194789774636
60 120 1.2 1.3 2.5 3 1653.134566695407 0.08122881588928976
60 120 1.2 1.3 3 3.5 1558.775696202368 0.07323264139108687
60 120 1.2 1.3 3.5 4 1444.218231619295 0.06570513881001716
60 120 1.2 1.3 4 4.5 1330.299727258479 0.05906992950644963
60 120 1.2 1.3 4.5 5 1224.097682043811 0.0532655411595897
60 120 1.2 1.3 5 5.5 1127.634118859043 0.04824387509165717
60 120 1.2 1.3 5.5 6 1040.956288232369 0.04388944880315648
60 120 1.2 1.3 6 6.5 963.3321240450854 0.04008969047526989
60 120 1.2 1.3 6.5 7 893.8172324486 0.03673764742620733
60 120 1.2 1.3 7 7.5 831.4703578066999 0.03377650071047356
60 120 1.2 1.3 7.5 8 775.4182230254783 0.03116148315780265
60 120 1.2 1.3 8 8.5 724.8750428409185 0.02882895188008661
60 120 1.2 1.3 8.5 9 679.1526592507054 0.02674824105827156
60 120 1.2 1.3 9 9.5 637.6622217848469 0.02489548477785775
60 120 1.2 1.3 9.5 10 599.9013345764448 0.0232179537704269
60 120 1.2 1.3 10 10.5 565.4335803196683 0.02664243488231932
60 120 1.2 1.3 10.5 11 533.8803765745702 0.0232276177911217
60 120 1.2 1.3 11 11.5 504.9154858262532 0.02025292103849097
60 120 1.2 1.3 11.5 12 478.2580030407446 0.01791659675348001
60 120 1.2 1.3 12 12.5 453.6658730920298 0.0168610713269004
60 120 1.2 1.3 12.5 13 430.9277269322886 0.01590442644805989
60 120 1.2 1.3 13 13.5 409.856915907017 0.01502185971406789
60 120 1.2 1.3 13.5 14 390.2899472665318 0.01419518660298991
60 120 1.2 1.3 14 14.5 372.0835799825123 0.01343613252117848
60 120 1.2 1.3 14.5 15 355.1119485079521 0.01273450520409369
60 120 1.2 1.3 15 16 663.7032148441731 0.02355955299242396
60 120 1.2 1.3 16 17 608.0721599541785 0.02129079410713075
60 120 1.2 1.3 17 18 559.0290179116653 0.01931465894494977
60 120 1.2 1.3 18 19 515.5531458332542 0.01757779492197642
60 120 1.2 1.3 19 20 476.8185038594855 0.01603310452890128
60 120 1.2 1.3 20 21 442.1491329223821 0.01467304888694798
60 120 1.2 1.3 21 22 410.9858716955636 0.01905276660085065
60 120 1.2 1.3 22 23 382.8631670487958 0.0161258493322407
60 120 1.2 1.3 23 24 357.3934058541179 0.01370786720190154
60 120 1.2 1.3 24 25 334.2498553126562 0.01180107103010641
60 120 1.2 1.3 25 26 313.1545252599883 0.01033651444089401
60 120 1.2 1.3 26 27 293.8694018442486 0.01007617505786129
60 120 1.2 1.3 27 28 276.1910051535068 0.009213825818903842
60 120 1.2 1.3 28 29 259.944878191327 0.008160490883142302
60 120 1.2 1.3 29 30 244.980762147558 0.008195938128523039
60 120 1.2 1.3 30 31 231.1660110913145 0.008102724013383522
60 120 1.2 1.3 31 32 218.3850437062345 0.007685008470275534
60 120 1.2 1.3 32 33 206.5372266423902 0.007036196666803107
60 120 1.2 1.3 33 34 195.5345321884761 0.006641657377230104
60 120 1.2 1.3 34 35 185.2988195974031 0.006517517281139362
60 120 1.2 1.3 35 36 175.7607449169899 0.006313724801742637
60 120 1.2 1.3 36 37 166.858900380935 0.006003974471667561
60 120 1.2 1.3 37 38 158.5384007866419 0.00575926550087047
60 120 1.2 1.3 38 39 150.7502571089616 0.005577659173354732
60 120 1.2 1.3 39 40 143.4506736136339 0.005344341354657445
60 120 1.2 1.3 40 42 266.7653735909677 0.01200522239946622
60 120 1.2 1.3 42 44 242.5221164205043 0.009533895443468055
60 120 1.2 1.3 44 46 221.0064489720461 0.008321949964170017
60 120 1.2 1.3 46 48 201.8365290100202 0.007517391132495277
60 120 1.2 1.3 48 50 184.6960406537535 0.006709780744671434
60 120 1.2 1.3 50 52 169.3210548926112 0.006367674826265102
60 120 1.2 1.3 52 54 155.4887236442119 0.005846077622976509
60 120 1.2 1.3 54 56 143.0107887514347 0.005174175676671666
60 120 1.2 1.3 56 58 131.7271238897367 0.004849623128563962
60 120 1.2 1.3 58 60 121.5006392585242 0.004488782439239003
60 120 1.2 1.3 60 65 264.9212679801392 0.009752106317762355
60 120 1.2 1.3 65 70 218.7172099133661 0.008922330256154964
60 120 1.2 1.3 70 80 333.650191914187 0.01309167203601191
60 120 1.2 1.3 80 90 235.4142702608553 0.009711115743954224
60 120 1.2 1.3 90 100 169.3002756858067 0.007557560390267781
60 120 1.3 1.4 0 0.5 -1.463059483243031 3.404073185642176e-05
60 120 1.3 1.4 0.5 1 -1862.073500415929 0.02309237492431748
60 120 1.3 1.4 1 1.5 172.0560478589331 0.00661006628175187
60 120 1.3 1.4 1.5 2 1418.423673091996 0.004498848139746769
60 120 1.3 1.4 2 2.5 1664.558079862894 0.05408159761941533
60 120 1.3 1.4 2.5 3 1645.933660123348 0.08124447370619237
60 120 1.3 1.4 3 3.5 1549.608218754 0.07323228124482739
60 120 1.3 1.4 3.5 4 1434.351461813824 0.0656521468322353
60 120 1.3 1.4 4 4.5 1320.264082432451 0.058999760138704
60 120 1.3 1.4 4.5 5 1214.209039117725 0.05316931870288499
60 120 1.3 1.4 5 5.5 1118.070982014784 0.04814074256455569
60 120 1.3 1.4 5.5 6 1031.764806678462 0.04371278865164641
60 120 1.3 1.4 6 6.5 954.5359213099658 0.03992296302010345
60 120 1.3 1.4 6.5 7 885.4397197635723 0.03653195662468534
60 120 1.3 1.4 7 7.5 823.506705208586 0.03359892891717209
60 120 1.3 1.4 7.5 8 767.8430466293922 0.03098549624962743
60 120 1.3 1.4 8 8.5 717.6651345950913 0.02864929970940011
60 120 1.3 1.4 8.5 9 672.2944958990723 0.02660790796733181
60 120 1.3 1.4 9 9.5 631.1390799422783 0.02474538531907911
60 120 1.3 1.4 9.5 10 593.689298294841 0.02305460788659275
60 120 1.3 1.4 10 10.5 559.5101121658556 0.0264877219342452
60 120 1.3 1.4 10.5 11 528.2261956104436 0.0228584070598572
60 120 1.3 1.4 11 11.5 499.5152712847168 0.01989094807305491
60 120 1.3 1.4 11.5 12 473.0975398040619 0.01778184659065118
60 120 1.3 1.4 12 12.5 448.7295669577217 0.01674376199582639
60 120 1.3 1.4 12.5 13 426.2004482148386 0.01577656257813942
60 120 1.3 1.4 13 13.5 405.3246156798538 0.01489836877851758
60 120 1.3 1.4 13.5 14 385.9415378688775 0.01408800894324713
60 120 1.3 1.4 14 14.5 367.9091675728517 0.01333343724343194
60 120 1.3 1.4 14.5 15 351.1018375923176 0.01262918877188213
60 120 1.3 1.4 15 16 656.1395397464172 0.02337033389051157
60 120 1.3 1.4 16 17 601.0603081359684 0.02110914663921903
60 120 1.3 1.4 17 18 552.5121648103182 0.01914752359652994
60 120 1.3 1.4 18 19 509.4853215309793 0.01741780791292058
60 120 1.3 1.4 19 20 471.1571747916883 0.01589421443867423
60 120 1.3 1.4 20 21 436.8538457591476 0.01454186886314801
60 120 1.3 1.4 21 22 406.023767211313 0.01855506147887809
60 120 1.3 1.4 22 23 378.2082157052104 0.01588926397971591
60 120 1.3 1.4 23 24 353.0195180810283 0.01354158271317374
60 120 1.3 1.4 24 25 330.1326444581785 0.0116847576535406
60 120 1.3 1.4 25 26 309.2724817232071 0.01025648605298102
60 120 1.3 1.4 26 27 290.2052098556756 0.009986722395638026
60 120 1.3 1.4 27 28 272.7292766719667 0.009581290340804571
60 120 1.3 1.4 28 29 256.6706176297239 0.008983588072226212
60 120 1.3 1.4 29 30 241.8789808409469 0.00849032853159315
60 120 1.3 1.4 30 31 228.2242477912236 0.007990137299799471
60 120 1.3 1.4 31 32 215.5928545960847 0.007534748882250142
60 120 1.3 1.4 32 33 203.8849271751522 0.00706232051970801
60 120 1.3 1.4 33 34 193.0130126705542 0.006692058004659884
60 120 1.3 1.4 34 35 182.8993899568779 0.006408558487976279
60 120 1.3 1.4 35 36 173.4753963431385 0.006134922463957082
60 120 1.3 1.4 36 37 164.6803558243624 0.005694278380161677
60 120 1.3 1.4 37 38 156.4601929886799 0.005198549085122295
60 120 1.3 1.4 38 39 148.7669472127257 0.004997750903214637
60 120 1.3 1.4 39 40 141.5568338692729 0.004868889260649212
60 120 1.3 1.4 40 42 263.2262852565227 0.01188842668904044
60 120 1.3 1.4 42 44 239.2834888396128 0.009321735480682491
60 120 1.3 1.4 44 46 218.0372248231909 0.007791362496419652
60 120 1.3 1.4 46 48 199.1096220570449 0.007264647576704419
60 120 1.3 1.4 48 50 182.1870855945124 0.006590664644363642
60 120 1.3 1.4 50 52 167.0087148489253 0.006274036925930204
60 120 1.3 1.4 52 54 153.3544296894308 0.005620800194407138
60 120 1.3 1.4 54 56 141.0385817395794 0.005161088278185844
60 120 1.3 1.4 56 58 129.9025620234425 0.005102454001388423
60 120 1.3 1.4 58 60 119.8099153606899 0.004614973302949466
60 120 1.3 1.4 60 65 261.2069177561202 0.009982025136821449
60 120 1.3 1.4 65 70 215.6185658859908 0.008793021751131391
60 120 1.3 1.4 70 80 328.8535481244138 0.01310055129573584
60 120 1.3 1.4 80 90 231.9650879088628 0.01007516488030546
60 120 1.3 1.4 90 100 166.7721680438119 0.007857362902058185
60 120 1.4 1.5 0 0.5 -1.436957123424509 5.738331006854835e-05
60 120 1.4 1.5 0.5 1 -1795.831029875525 0.01921380541125473
60 120 1.4 1.5 1 1.5 216.6581257616792 0.001165649695309412
60 120 1.4 1.5 1.5 2 1428.921722497038 0.04831267727104205
60 120 1.4 1.5 2 2.5 1662.826277826282 0.01714587774063148
60 120 1.4 1.5 2.5 3 1639.034371868581 0.08031855981857916
60 120 1.4 1.5 3 3.5 1540.547782515516 0.07227170846954323
60 120 1.4 1.5 3.5 4 1424.389435877167 0.06483002792037951
60 120 1.4 1.5 4 4.5 1310.073544482302 0.05823473630971421
60 120 1.4 1.5 4.5 5 1204.13565627464 0.0525443479941714
60 120 1.4 1.5 5 5.5 1108.24687102662 0.04755818461808303
60 120 1.4 1.5 5.5 6 1022.286553583557 0.04322695343239502
60 120 1.4 1.5 6 6.5 945.4554795117477 0.0394619066253199
60 120 1.4 1.5 6.5 7 876.7578670840742 0.03615142493447365
60 120 1.4 1.5 7 7.5 815.2156079258773 0.03323684427152784
60 120 1.4 1.5 7.5 8 759.9389709969703 0.03066705687297144
60 120 1.4 1.5 8 8.5 710.1347636469623 0.02838065426635694
60 120 1.4 1.5 8.5 9 665.1162285112913 0.02631875703320929
60 120 1.4 1.5 9 9.5 624.2923320557354 0.02448279443433421
60 120 1.4 1.5 9.5 10 587.1570851879601 0.02283086872773765
60 120 1.4 1.5 10 10.5 553.2749353898992 0.02607563101742016
60 120 1.4 1.5 10.5 11 522.2715469979948 0.02260306130460776
60 120 1.4 1.5 11 11.5 493.8239369381164 0.01969357776704328
60 120 1.4 1.5 11.5 12 467.6527901328448 0.01760555249114759
60 120 1.4 1.5 12 12.5 443.5164555987331 0.01658002307823381
60 120 1.4 1.5 12.5 13 421.2057199042379 0.01563560448130374
60 120 1.4 1.5 13 13.5 400.5370780854389 0.01475893895383251
60 120 1.4 1.5 13.5 14 381.348931698758 0.01394990538176444
60 120 1.4 1.5 14 14.5 363.499462206319 0.01320894361111868
60 120 1.4 1.5 14.5 15 346.8640525511434 0.01251410373896533
60 120 1.4 1.5 15 16 648.1410852785012 0.02314538088444351
60 120 1.4 1.5 16 17 593.6458996225668 0.02092649059693485
60 120 1.4 1.5 17 18 545.6224245337064 0.0189784883050379
60 120 1.4 1.5 18 19 503.0638727668805 0.01726824360343926
60 120 1.4 1.5 19 20 465.1592989855163 0.01575660554783553
60 120 1.4 1.5 20 21 431.2434242054287 0.01441304004293897
60 120 1.4 1.5 21 22 400.7661559440108 0.01840982411363257
60 120 1.4 1.5 22 23 373.2704840032574 0.01562856866229367
60 120 1.4 1.5 23 24 348.3752258018706 0.0132449750421415
60 120 1.4 1.5 24 25 325.7595893244542 0.01144011860554883
60 120 1.4 1.5 25 26 305.1497979919051 0.009920556297061012
60 120 1.4 1.5 26 27 286.3127451749151 0.008813202792055108
60 120 1.4 1.5 27 28 269.0492567564514 0.008161466910905801
60 120 1.4 1.5 28 29 253.187540120911 0.007571309213176391
60 120 1.4 1.5 29 30 238.5795088401567 0.007030948384311841
60 120 1.4 1.5 30 31 225.0960877327536 0.006758738735129555
60 120 1.4 1.5 31 32 212.6242914511116 0.006765950599117332
60 120 1.4 1.5 32 33 201.0647115841127 0.006316630615629037
60 120 1.4 1.5 33 34 190.3310613640546 0.005833240784681948
60 120 1.4 1.5 34 35 180.3471016635647 0.005657998203332681
60 120 1.4 1.5 35 36 171.045073985852 0.00571397004725327
60 120 1.4 1.5 36 37 162.364519714482 0.005516223657281216
60 120 1.4 1.5 37 38 154.2517156524281 0.005115523058123017
60 120 1.4 1.5 38 39 146.6591813806158 0.004918234391254828
60 120 1.4 1.5 39 40 139.544077709118 0.004807901970735884
60 120 1.4 1.5 40 42 259.4637371228557 0.01152613565699312
60 120 1.4 1.5 42 44 235.8408651483246 0.009081429168759314
60 120 1.4 1.5 44 46 214.8807526868019 0.007761055970007646
60 120 1.4 1.5 46 48 196.2092690887529 0.006852059485538575
60 120 1.4 1.5 48 50 179.5181867842348 0.006157961322827532
60 120 1.4 1.5 50 52 164.5493078744592 0.006008589964892508
60 120 1.4 1.5 52 54 151.0846552058372 0.005532700650263678
60 120 1.4 1.5 54 56 138.9404347929954 0.004983156772254915
60 120 1.4 1.5 56 58 127.9603716882063 0.004698938763667115
60 120 1.4 1.5 58 60 118.0103415799893 0.004450310317977824
60 120 1.4 1.5 60 65 257.2530456584007 0.01006160354836538
60 120 1.4 1.5 65 70 212.3186468505192 0.008836491490171738
60 120 1.4 1.5 70 80 323.738461791202 0.01435193374959454
60 120 1.4 1.5 80 90 228.2730023771482 0.01069427965308023
60 120 1.4 1.5 90 100 164.0551691951682 0.008084486107122757
60 120 1.5 1.6 0 0.5 -1.409580723551554 3.351508726856522e-05
60 120 1.5 1.6 0.5 1 -1725.458042353957 0.06494828510972184
60 120 1.5 1.6 1 1.5 264.8725241578952 0.001292395032862714
60 120 1.5 1.6 1.5 2 1440.789746384987 0.01115429231253984
60 120 1.5 1.6 2 2.5 1661.546049732925 0.005567221260434962
60 120 1.5 1.6 2.5 3 1632.327420834142 0.07995885278046444
60 120 1.5 1.6 3 3.5 1531.424467888084 0.07188983530159021
60 120 1.5 1.6 3.5 4 1414.287437520924 0.06449435281319893
60 120 1.5 1.6 4 4.5 1299.691150484726 0.05790284705199156
60 120 1.5 1.6 4.5 5 1193.807292970319 0.05216574674091135
60 120 1.5 1.6 5 5.5 1098.17838635971 0.04716901607071122
60 120 1.5 1.6 5.5 6 1012.570334065563 0.04285297310116221
60 120 1.5 1.6 6 6.5 936.1250882910948 0.03910880832461316
60 120 1.5 1.6 6.5 7 867.8298505838945 0.03584034083769438
60 120 1.5 1.6 7 7.5 806.6922954200935 0.0329445518192415
60 120 1.5 1.6 7.5 8 751.8047936299622 0.03038761858056205
60 120 1.5 1.6 8 8.5 702.3712181246983 0.02811175983231351
60 120 1.5 1.6 8.5 9 657.707576949073 0.0260750030250847
60 120 1.5 1.6 9 9.5 617.2230067858185 0.02424883292019331
60 120 1.5 1.6 9.5 10 580.4067517196848 0.02261116726231194
60 120 1.5 1.6 10 10.5 546.8237969012941 0.02573952044872385
60 120 1.5 1.6 10.5 11 516.1021992540544 0.02221699456413262
60 120 1.5 1.6 11 11.5 487.9212175817277 0.01942405449784701
60 120 1.5 1.6 11.5 12 462.0020258058919 0.01744679627216783
60 120 1.5 1.6 12 12.5 438.1034860025042 0.01641711629650899
60 120 1.5 1.6 12.5 13 416.0155011891238 0.01547559211178395
60 120 1.5 1.6 13 13.5 395.5557415515239 0.01461553868915644
60 120 1.5 1.6 13.5 14 376.5648492090079 0.01381543524888684
60 120 1.5 1.6 14 14.5 358.9028948279399 0.01307129068464974
60 120 1.5 1.6 14.5 15 342.4456351802693 0.01239100364745127
60 120 1.5 1.6 15 16 639.8009423791297 0.02292723591790491
60 120 1.5 1.6 16 17 585.906083036069 0.02071742886460015
60 120 1.5 1.6 17 18 538.4230204590104 0.018799303108608
60 120 1.5 1.6 18 19 496.3552512844845 0.01709833175510767
60 120 1.5 1.6 19 20 458.8943891344916 0.01560913997525404
60 120 1.5 1.6 20 21 425.3795586127232 0.01427775609425908
60 120 1.5 1.6 21 22 395.2668381379913 0.01798349304812064
60 120 1.5 1.6 22 23 368.1059679017337 0.01528331963163509
60 120 1.5 1.6 23 24 343.5176069645332 0.01312898686654762
60 120 1.5 1.6 24 25 321.1818949233612 0.01129798939911097
60 120 1.5 1.6 25 26 300.8293378428605 0.009637948904980931
60 120 1.5 1.6 26 27 282.2308679726314 0.008730233057690384
60 120 1.5 1.6 27 28 265.18844778956 0.008092539841470625
60 120 1.5 1.6 28 29 249.5319150207237 0.007501341784973192
60 120 1.5 1.6 29 30 235.1143844792092 0.006966535212313829
60 120 1.5 1.6 30 31 221.8078539459248 0.006478472515169642
60 120 1.5 1.6 31 32 209.5009053548106 0.006025306127014574
60 120 1.5 1.6 32 33 198.0960700558117 0.005612611683886826
60 120 1.5 1.6 33 34 187.5073960301735 0.005234367940630591
60 120 1.5 1.6 34 35 177.6590768186122 0.004880677713003934
60 120 1.5 1.6 35 36 168.4839306203363 0.004557557734642614
60 120 1.5 1.6 36 37 159.9225078865231 0.00426213483825677
60 120 1.5 1.6 37 38 151.9221242735121 0.003982783702440429
60 120 1.5 1.6 38 39 144.4355257891707 0.003924741604123483
60 120 1.5 1.6 39 40 137.4202229125022 0.003933191550743231
60 120 1.5 1.6 40 42 255.4931686548412 0.01134701691080409
60 120 1.5 1.6 42 44 232.2056283817315 0.008918007307784137
60 120 1.5 1.6 44 46 211.545733001691 0.006959061821817158
60 120 1.5 1.6 46 48 193.1450788850686 0.006584204762788204
60 120 1.5 1.6 48 50 176.6973003191347 0.006199920582332652
60 120 1.5 1.6 50 52 161.9477272600667 0.005837924845877751
60 120 1.5 1.6 52 54 148.6819778044652 0.005584881300933375
60 120 1.5 1.6 54 56 136.7185500008 0.005458937782719886
60 120 1.5 1.6 56 58 125.9027848609869 0.005123654824515711
60 120 1.5 1.6 58 60 116.1022057183477 0.004718450020590126
60 120 1.5 1.6 60 65 253.0554256506159 0.01107960859701507
60 120 1.5 1.6 65 70 208.8073431104698 0.00914258437535409
60 120 1.5 1.6 70 80 318.2820023604237 0.01451344729139237
60 120 1.5 1.6 80 90 224.3249694472659 0.01084374028650359
60 120 1.5 1.6 90 100 161.1432924729219 0.002089773353930013
60 120 1.6 1.7 0 0.5 -1.380365542560408 3.502101011521042e-05
60 120 1.6 1.7 0.5 1 -1653.092729133323 0.05184117532098753
60 120 1.6 1.7 1 1.5 314.4393845260859 0.003520953641157121
60 120 1.6 1.7 1.5 2 1452.997576728062 0.01692951598624859
60 120 1.6 1.7 2 2.5 1660.172081492663 0.01960018551790199
60 120 1.6 1.7 2.5 3 1625.219833543011 0.01163229022677115
60 120 1.6 1.7 3 3.5 1521.837832428336 0.07300801571273041
60 120 1.6 1.7 3.5 4 1403.703026685871 0.06526466232389794
60 120 1.6 1.7 4 4.5 1288.821994641085 0.05848717620438038
60 120 1.6 1.7 4.5 5 1183.036264753954 0.05261061991291172
60 120 1.6 1.7 5 5.5 1087.6841292903 0.04752177178556849
60 120 1.6 1.7 5.5 6 1002.446560781606 0.04311796309934834
60 120 1.6 1.7 6 6.5 926.4190223252425 0.03933135620741268
60 120 1.6 1.7 6.5 7 858.5517119785408 0.03595490348425301
60 120 1.6 1.7 7 7.5 797.8336238665942 0.03304100458285575
60 120 1.6 1.7 7.5 8 743.357046357287 0.03042152371006068
60 120 1.6 1.7 8 8.5 694.3215900729683 0.02810273764828253
60 120 1.6 1.7 8.5 9 650.0322026907819 0.02607182023018595
60 120 1.6 1.7 9 9.5 609.897452470342 0.02421965318433195
60 120 1.6 1.7 9.5 10 573.4139977329044 0.02256576738352578
60 120 1.6 1.7 10 10.5 540.1465963642468 0.02542198046978683
60 120 1.6 1.7 10.5 11 509.7206882715158 0.02206305476403259
60 120 1.6 1.7 11 11.5 481.8156333658875 0.01923189513530588
60 120 1.6 1.7 11.5 12 456.1549112109517 0.0173681782789572
60 120 1.6 1.7 12 12.5 432.4999393901339 0.016343151284957
60 120 1.6 1.7 12.5 13 410.642476858748 0.01538911325457093
60 120 1.6 1.7 13 13.5 390.4007733998053 0.01452547960599304
60 120 1.6 1.7 13.5 14 371.6158688019623 0.01372736231030558
60 120 1.6 1.7 14 14.5 354.1471590779394 0.01298870262070295
60 120 1.6 1.7 14.5 15 337.8716784243284 0.01230251021627282
60 120 1.6 1.7 15 16 631.1595085808387 0.02275064479113098
60 120 1.6 1.7 16 17 577.8862309158179 0.02054429640907074
60 120 1.6 1.7 17 18 530.9619741950463 0.01862614535639295
60 120 1.6 1.7 18 19 489.3966857683155 0.01693369286272173
60 120 1.6 1.7 19 20 452.3917292125983 0.01544946222753651
60 120 1.6 1.7 20 21 419.2930843510426 0.01413431883230487
60 120 1.6 1.7 21 22 389.5599485419837 0.01775568138288008
60 120 1.6 1.7 22 23 362.74433877592 0.01508023109443002
60 120 1.6 1.7 23 24 338.4720769600132 0.01286846751338544
60 120 1.6 1.7 24 25 316.4278300386471 0.01103532094833781
60 120 1.6 1.7 25 26 296.344163096423 0.009519373673356313
60 120 1.6 1.7 26 27 277.9930565460903 0.008636338362407514
60 120 1.6 1.7 27 28 261.1787819913555 0.008004306630084557
60 120 1.6 1.7 28 29 245.7336779703371 0.007424779427196881
60 120 1.6 1.7 29 30 231.5125020919189 0.006893242824077106
60 120 1.6 1.7 30 31 218.3888346528684 0.006410023169252099
60 120 1.6 1.7 31 32 206.252273200185 0.005966122986080791
60 120 1.6 1.7 32 33 195.0060438308754 0.005555558792138982
60 120 1.6 1.7 33 34 184.5656287225916 0.00518040125749053
60 120 1.6 1.7 34 35 174.8564999055647 0.004998423503366212
60 120 1.6 1.7 35 36 165.8123905429923 0.004972506862969794
60 120 1.6 1.7 36 37 157.3740536041147 0.004886832883926218
60 120 1.6 1.7 37 38 149.4891638312558 0.004726166773906471
60 120 1.6 1.7 38 39 142.1110808162759 0.004565320676874762
60 120 1.6 1.7 39 40 135.198115307648 0.004387761078277208
60 120 1.6 1.7 40 42 251.333660943853 0.01094052663665934
60 120 1.6 1.7 42 44 228.3931912734299 0.008687758116224131
60 120 1.6 1.7 44 46 208.0439067424219 0.007369697137534104
60 120 1.6 1.7 46 48 189.9218742046781 0.00664456529230506
60 120 1.6 1.7 48 50 173.7263214679787 0.006553723438258885
60 120 1.6 1.7 50 52 159.204290080109 0.005898685529217573
60 120 1.6 1.7 52 54 146.145033302942 0.005371033236940548
60 120 1.6 1.7 54 56 134.3695111888328 0.005154796766220215
60 120 1.6 1.7 56 58 123.7249914774174 0.004821122492728591
60 120 1.6 1.7 58 60 114.0809233530239 0.004528283008397693
60 120 1.6 1.7 60 65 248.6014483602102 0.009904873008451887
60 120 1.6 1.7 65 70 205.0776041502651 0.00897873562314544
60 120 1.6 1.7 70 80 312.4767381442533 0.01441782753943244
60 120 1.6 1.7 80 90 220.1147563342608 0.003139486464363017
60 120 1.6 1.7 90 100 158.0245008929479 0.002076257494906031
60 120 1.7 1.8 0 0.5 -1.350480779444863 3.22840367978916e-05
60 120 1.7 1.8 0.5 1 -1579.324535489914 0.03922188563569762
60 120 1.7 1.8 1 1.5 364.412498659299 0.009308466371180657
60 120 1.7 1.8 1.5 2 1464.753568498325 0.06490045364103025
60 120 1.7 1.8 2 2.5 1658.239494302255 0.07182880201321495
60 120 1.7 1.8 2.5 3 1617.610583492855 0.07958964191334417
60 120 1.7 1.8 3 3.5 1511.756360068131 0.07128367047198481
60 120 1.7 1.8 3.5 4 1392.625747204544 0.06375373802438844
60 120 1.7 1.8 4 4.5 1277.477369581488 0.05710782454661967
60 120 1.7 1.8 4.5 5 1171.794975345485 0.05140346626262726
60 120 1.7 1.8 5 5.5 1076.751608378393 0.04643744737518318
60 120 1.7 1.8 5.5 6 991.9132695381597 0.04220071489248767
60 120 1.7 1.8 6 6.5 916.324061030665 0.03846171165207579
60 120 1.7 1.8 6.5 7 848.9102921844134 0.03523306111026159
60 120 1.7 1.8 7 7.5 788.6436859917162 0.0329788598749019
60 120 1.7 1.8 7.5 8 734.6002982517945 0.03145711668150852
60 120 1.7 1.8 8 8.5 685.9746277383107 0.02838331104578629
60 120 1.7 1.8 8.5 9 642.077973790657 0.02645100453025861
60 120 1.7 1.8 9 9.5 602.3174275438602 0.02569677283975125
60 120 1.7 1.8 9.5 10 566.1829311827942 0.02461724278384736
60 120 1.7 1.8 10 10.5 533.2407427060061 0.02514459524365975
60 120 1.7 1.8 10.5 11 503.1203603357043 0.02169739743368382
60 120 1.7 1.8 11 11.5 475.5040975092984 0.01915904664679147
60 120 1.7 1.8 11.5 12 450.1159743551874 0.01870897096051749
60 120 1.7 1.8 12 12.5 426.7161972373447 0.01779806124505967
60 120 1.7 1.8 12.5 13 405.0976587985157 0.01652264559169225
60 120 1.7 1.8 13 13.5 385.08022279525 0.01535432601889397
60 120 1.7 1.8 13.5 14 366.5060388715306 0.01430982515637425
60 120 1.7 1.8 14 14.5 349.2370213978485 0.01398484528039035
60 120 1.7 1.8 14.5 15 333.1501783956362 0.01325567692919094
60 120 1.7 1.8 15 16 622.2416708730269 0.0242101470490752
60 120 1.7 1.8 16 17 569.6036939111052 0.02143857308408315
60 120 1.7 1.8 17 18 523.2512554396272 0.01931441335261752
60 120 1.7 1.8 18 19 482.2045459022961 0.01759275021953499
60 120 1.7 1.8 19 20 445.6684402558533 0.01656633551232289
60 120 1.7 1.8 20 21 412.9939418192156 0.02064684944980399
60 120 1.7 1.8 21 22 383.6476737132629 0.01738756404682817
60 120 1.7 1.8 22 23 357.186797924491 0.01475269653099076
60 120 1.7 1.8 23 24 333.2400039816893 0.01268502195000565
60 120 1.7 1.8 24 25 311.4941141384946 0.01084296219619318
60 120 1.7 1.8 25 26 291.6852240014407 0.009555341790928651
60 120 1.7 1.8 26 27 273.5884235114796 0.009136183014845756
60 120 1.7 1.8 27 28 257.0097908246995 0.008594144852736463
60 120 1.7 1.8 28 29 241.7828794698222 0.008121867666176286
60 120 1.7 1.8 29 30 227.7641999136448 0.007457212171857464
60 120 1.7 1.8 30 31 214.8288395919271 0.006874332150943019
60 120 1.7 1.8 31 32 202.8679816297961 0.006404160893794142
60 120 1.7 1.8 32 33 191.7864777223764 0.006197804496622439
60 120 1.7 1.8 33 34 181.5000574476706 0.005985863422807824
60 120 1.7 1.8 34 35 171.9345026114314 0.0055748000565643
60 120 1.7 1.8 35 36 163.0245468538563 0.004978869948502052
60 120 1.7 1.8 36 37 154.7126307982321 0.004660520672473467
60 120 1.7 1.8 37 38 146.9469277156076 0.004528847935404201
60 120 1.7 1.8 38 39 139.6812280399261 0.004416595590811312
60 120 1.7 1.8 39 40 132.8741293798971 0.004158701127465747
60 120 1.7 1.8 40 42 246.9801820693791 0.01067149284756397
60 120 1.7 1.8 42 44 224.397843565426 0.008460000524166844
60 120 1.7 1.8 44 46 204.3705067401335 0.006611062583374405
60 120 1.7 1.8 46 48 186.5386040342082 0.005899199995667459
60 120 1.7 1.8 48 50 170.60483555544 0.005457947672084629
60 120 1.7 1.8 50 52 156.3208227728184 0.005185020848642807
60 120 1.7 1.8 52 54 143.4775154358695 0.005033756240379716
60 120 1.7 1.8 54 56 131.8979507125339 0.004582691739358324
60 120 1.7 1.8 56 58 121.432139887057 0.004292276533533368
60 120 1.7 1.8 58 60 111.9516362463927 0.004267604061880093
60 120 1.7 1.8 60 65 243.9052276824588 0.009835729733509879
60 120 1.7 1.8 65 70 201.136042795361 0.009278316160560962
60 120 1.7 1.8 70 80 306.320156907004 0.004885040778162875
60 120 1.7 1.8 80 90 215.6208763705907 0.003116541324232003
60 120 1.7 1.8 90 100 154.6750709208655 0.002061208400817804
60 120 1.8 1.9 0 0.5 -1.319524765714008 3.234075418379057e-05
60 120 1.8 1.9 0.5 1 -1504.692131970237 0.06180001894676934
60 120 1.8 1.9 1 1.5 413.601116471031 0.002057221899747219
60 120 1.8 1.9 1.5 2 1475.096579725558 0.005522988127722783
60 120 1.8 1.9 2 2.5 1654.737245837303 0.001461250438978823
60 120 1.8 1.9 2.5 3 1608.464387413007 0.07958108724687918
60 120 1.8 1.9 3 3.5 1500.289356941881 0.07133928572829973
60 120 1.8 1.9 3.5 4 1380.303466372914 0.06377906113152676
60 120 1.8 1.9 4 4.5 1265.021428759274 0.05714763122819022
60 120 1.8 1.9 4.5 5 1159.557297780427 0.05138717912677748
60 120 1.8 1.9 5 5.5 1064.895824970104 0.046434765237791
60 120 1.8 1.9 5.5 6 980.5300450227049 0.04213387325035001
60 120 1.8 1.9 6 6.5 905.4452726534763 0.03839980358350203
60 120 1.8 1.9 6.5 7 838.5375665580283 0.03514182062110649
60 120 1.8 1.9 7 7.5 778.7655535850798 0.03728257712066352
60 120 1.8 1.9 7.5 8 725.2006702431422 0.03498000985541694
60 120 1.8 1.9 8 8.5 677.0336335411549 0.0326758433058103
60 120 1.8 1.9 8.5 9 633.5673884403307 0.02953636000006554
60 120 1.8 1.9 9 9.5 594.2088931234633 0.0267580124699407
60 120 1.8 1.9 9.5 10 558.4541539148798 0.02506045734480722
60 120 1.8 1.9 10 10.5 525.8702537316241 0.0246731829303144
60 120 1.8 1.9 10.5 11 496.0862737987796 0.02190569961311439
60 120 1.8 1.9 11 11.5 468.7834551927414 0.02034382995054784
60 120 1.8 1.9 11.5 12 443.6885790416665 0.01900139438595261
60 120 1.8 1.9 12 12.5 420.5646805910705 0.01771864139828949
60 120 1.8 1.9 12.5 13 399.2057777731168 0.01661927152707676
60 120 1.8 1.9 13 13.5 379.4327409201176 0.01575063843114322
60 120 1.8 1.9 13.5 14 361.0884343568508 0.01505832745380076
60 120 1.8 1.9 14 14.5 344.0348921331028 0.01420451368261411
60 120 1.8 1.9 14.5 15 328.1509156463978 0.01309742637590716
60 120 1.8 1.9 15 16 612.8069910051963 0.02335483529077464
60 120 1.8 1.9 16 17 560.857124964726 0.02135852210676603
60 120 1.8 1.9 17 18 515.120646424187 0.01950205349521639
60 120 1.8 1.9 18 19 474.625726311976 0.0169498204327283
60 120 1.8 1.9 19 20 438.5885591319676 0.01518812020884752
60 120 1.8 1.9 20 21 406.3676381915271 0.02029499870707241
60 120 1.8 1.9 21 22 377.4339806523644 0.01710468935402787
60 120 1.8 1.9 22 23 351.3491140079817 0.01444806732729376
60 120 1.8 1.9 23 24 327.7469393541173 0.01238956638792388
60 120 1.8 1.9 24 25 306.3183085106095 0.01060922541063292
60 120 1.8 1.9 25 26 286.8012643763206 0.009313463115688592
60 120 1.8 1.9 26 27 268.9724067298158 0.008466354704637524
60 120 1.8 1.9 27 28 252.6416823684947 0.007841045461276508
60 120 1.8 1.9 28 29 237.6454398874974 0.007274882425946316
60 120 1.8 1.9 29 30 223.8411210398886 0.006893239283840558
60 120 1.8 1.9 30 31 211.1049205808457 0.006347962384239736
60 120 1.8 1.9 31 32 199.329437955108 0.005845921853364189
60 120 1.8 1.9 32 33 188.4206501735111 0.005444310379317585
60 120 1.8 1.9 33 34 178.2959217276229 0.005315747273698435
60 120 1.8 1.9 34 35 168.8819685783741 0.005054766118519183
60 120 1.8 1.9 35 36 160.1143822777907 0.004809233786488676
60 120 1.8 1.9 36 37 151.9357911010823 0.004555915541061495
60 120 1.8 1.9 37 38 144.2953634797972 0.004333144921503163
60 120 1.8 1.9 38 39 137.1475164296586 0.004134759451716263
60 120 1.8 1.9 39 40 130.4514829862713 0.003999701491721908
60 120 1.8 1.9 40 42 242.4433854529542 0.01051061185512481
60 120 1.8 1.9 42 44 220.2340738753535 0.008184862331887643
60 120 1.8 1.9 44 46 200.5412212564962 0.00649782416189737
60 120 1.8 1.9 46 48 183.0107395037251 0.006456167485254127
60 120 1.8 1.9 48 50 167.3482986790152 0.005999038345265717
60 120 1.8 1.9 50 52 153.3096114941323 0.005623934928422614
60 120 1.8 1.9 52 54 140.6888811887091 0.005483210619161127
60 120 1.8 1.9 54 56 129.31216335035 0.005361738104255664
60 120 1.8 1.9 56 58 119.0308101781723 0.005033351935153973
60 120 1.8 1.9 58 60 109.7183915377283 0.004829208981917077
60 120 1.8 1.9 60 65 238.9671857307615 0.01130177278287192
60 120 1.8 1.9 65 70 196.975550303732 0.00936871012348206
60 120 1.8 1.9 70 80 299.782566500552 0.00484388212447584
60 120 1.8 1.9 80 90 210.8160144134524 0.003090828484914709
60 120 1.8 1.9 90 100 151.0707846823023 0.002044254015061142
60 120 1.9 2 0 0.5 -1.28813142099523 3.124858628211769e-05
60 120 1.9 2 0.5 1 -1430.956968735477 0.02119433573761853
60 120 1.9 2 1 1.5 459.4551839356886 0.0110159396243148
60 120 1.9 2 1.5 2 1482.139726156779 0.005411059773678062
60 120 1.9 2 2 2.5 1648.40222469012 0.0774238324338512
60 120 1.9 2 2.5 3 1596.907963720966 0.07888120905408869
60 120 1.9 2 3 3.5 1486.694349987518 0.07059207684255853
60 120 1.9 2 3.5 4 1366.116424502629 0.06305938272998901
60 120 1.9 2 4 4.5 1250.906068247334 0.05647230079171095
60 120 1.9 2 4.5 5 1145.842435854554 0.0508138698919538
60 120 1.9 2 5 5.5 1051.739052555956 0.04592460773210405
60 120 1.9 2 5.5 6 967.9802012343011 0.04165610318102608
60 120 1.9 2 6 6.5 893.5162609308931 0.03798362261807142
60 120 1.9 2 6.5 7 827.2182663504153 0.03473978246722709
60 120 1.9 2 7 7.5 768.0309435371192 0.03190813311471175
60 120 1.9 2 7.5 8 715.0172899317539 0.02940455165855838
60 120 1.9 2 8 8.5 667.3663648398389 0.02717788757638573
60 120 1.9 2 8.5 9 624.3863407868799 0.02519418754354774
60 120 1.9 2 9 9.5 585.4841646458073 0.02341923676203805
60 120 1.9 2 9.5 10 550.1542796347238 0.02181907720262188
60 120 1.9 2 10 10.5 517.9659455962192 0.02431111931150554
60 120 1.9 2 10.5 11 488.5520004196479 0.02105497055578098
60 120 1.9 2 11 11.5 461.5964204818118 0.0182732488634656
60 120 1.9 2 11.5 12 436.8263505792284 0.01680189445318092
60 120 1.9 2 12 12.5 414.0058145477877 0.01580889314362821
60 120 1.9 2 12.5 13 392.9307912291208 0.0149059687627755
60 120 1.9 2 13 13.5 373.4235898034415 0.01406679204899319
60 120 1.9 2 13.5 14 355.3292056700378 0.01329175244569569
60 120 1.9 2 14 14.5 338.5112396553502 0.01258042098152146
60 120 1.9 2 14.5 15 322.8496397920221 0.01192143192810136
60 120 1.9 2 15 16 602.8208661130737 0.02204002572887021
60 120 1.9 2 16 17 551.6143147690022 0.01991751067043879
60 120 1.9 2 17 18 506.5431154649165 0.01805691684609201
60 120 1.9 2 18 19 466.6470723522142 0.0164280722614194
60 120 1.9 2 19 20 431.1479150503482 0.01498714576689508
60 120 1.9 2 20 21 399.4131545092488 0.01986761030582329
60 120 1.9 2 21 22 370.9219290405234 0.0168137901805494
60 120 1.9 2 22 23 345.2394400175804 0.01425088805814312
60 120 1.9 2 23 24 322.0031564299409 0.01214655819273958
60 120 1.9 2 24 25 300.9092125540512 0.01039476650805682
60 120 1.9 2 25 26 281.7000299626576 0.009247499632351719
60 120 1.9 2 26 27 264.1554405821024 0.008933921739583184
60 120 1.9 2 27 28 248.087293055224 0.008548915067933649
60 120 1.9 2 28 29 233.3330753946428 0.008036532601238378
60 120 1.9 2 29 30 219.7529686897769 0.007727111492840777
60 120 1.9 2 30 31 207.22548573895 0.00759078901586463
60 120 1.9 2 31 32 195.6442810142773 0.007416394340538091
60 120 1.9 2 32 33 184.9162262674911 0.006983885841663096
60 120 1.9 2 33 34 174.9600926049621 0.006581878358815629
60 120 1.9 2 34 35 165.7041578351864 0.006293871973156229
60 120 1.9 2 35 36 157.0845802153143 0.006162277171313235
60 120 1.9 2 36 37 149.0447708920975 0.006031461142697481
60 120 1.9 2 37 38 141.5344657301105 0.005798206337175316
60 120 1.9 2 38 39 134.5089107477679 0.005498591562343336
60 120 1.9 2 39 40 127.9278892022812 0.005130732852521191
60 120 1.9 2 40 42 237.7157226200138 0.01018687095961468
60 120 1.9 2 42 44 215.894575343119 0.009495156971325969
60 120 1.9 2 44 46 196.54788317541 0.008574600698153745
60 120 1.9 2 46 48 179.3276367118498 0.007986927468209615
60 120 1.9 2 48 50 163.9451238290404 0.007459637787974316
60 120 1.9 2 50 52 150.1592480921131 0.006810169185484938
60 120 1.9 2 52 54 137.7677874421586 0.00636058873990919
60 120 1.9 2 54 56 126.5993152371953 0.006097159780154016
60 120 1.9 2 56 58 116.5078806315842 0.005658772987104044
60 120 1.9 2 58 60 107.3690561062162 0.005281178097874317
60 120 1.9 2 60 65 233.7612589500471 0.004417057006151026
60 120 1.9 2 65 70 192.5743781654085 0.009571819135885562
60 120 1.9 2 70 80 292.8318706625537 0.004800135430343744
60 120 1.9 2 80 90 205.6698192792453 0.003062837175832556
60 120 1.9 2 90 100 147.1834218276136 0.002025204697844174
60 120 2 2.1 0 0.5 -1.256374226948282 4.192140605496775e-05
60 120 2 2.1 0.5 1 -1352.229036034169 0.02260140393991605
60 120 2 2.1 1 1.5 509.8099834806798 0.01572197913964146
60 120 2 2.1 1.5 2 1491.065505067903 0.008894624353843028
60 120 2 2.1 2 2.5 1642.900659695478 0.02345756486306527
60 120 2 2.1 2.5 3 1585.679031633707 0.02741662516586985
60 120 2 2.1 3 3.5 1473.204713800225 0.07098002145949067
60 120 2 2.1 3.5 4 1351.876876269936 0.06328147209228518
60 120 2 2.1 4 4.5 1236.655490135363 0.05655074737160248
60 120 2 2.1 4.5 5 1131.929294791785 0.05080420360332027
60 120 2 2.1 5 5.5 1038.325530005757 0.04581528776088817
60 120 2 2.1 5.5 6 955.1525614555712 0.04155673937452775
60 120 2 2.1 6 6.5 881.2949444932555 0.03782300676527939
60 120 2 2.1 6.5 7 815.5976060954068 0.03462078929544532
60 120 2 2.1 7 7.5 756.9923809658798 0.03175832483339036
60 120 2 2.1 7.5 8 704.5351723455591 0.02925876724907539
60 120 2 2.1 8 8.5 657.4102345144418 0.02704021850149729
60 120 2 2.1 8.5 9 614.9225022713212 0.02503643926650057
60 120 2 2.1 9 9.5 576.4810932902025 0.02327867082942703
60 120 2 2.1 9.5 10 541.5831981628354 0.0216808913278328
60 120 2 2.1 10 10.5 509.8000763199284 0.02396528236948825
60 120 2 2.1 10.5 11 480.7640859711238 0.02074509206426001
60 120 2 2.1 11 11.5 454.1603842968908 0.01800971006332475
60 120 2 2.1 11.5 12 429.7193201819284 0.01665430197749629
60 120 2 2.1 12 12.5 407.2082480389336 0.01566151559455875
60 120 2 2.1 12.5 13 386.424318848094 0.01476367180373472
60 120 2 2.1 13 13.5 367.1905709233159 0.01392893755883051
60 120 2 2.1 13.5 14 349.3525630932822 0.0131570888760848
60 120 2 2.1 14 14.5 332.7758506460617 0.01244572012325307
60 120 2 2.1 14.5 15 317.3413588581658 0.01179457000694129
60 120 2 2.1 15 16 592.4353910651714 0.02180324282778656
60 120 2 2.1 16 17 541.9951514278747 0.01968769696327399
60 120 2 2.1 17 18 497.6093720902361 0.01785477956258319
60 120 2 2.1 18 19 458.3294643160643 0.0162303983476022
60 120 2 2.1 19 20 423.388845815973 0.01481317376328661
60 120 2 2.1 20 21 392.1592802529029 0.01957396450285387
60 120 2 2.1 21 22 364.1248575541019 0.01639039928625152
60 120 2 2.1 22 23 338.8592907773375 0.01393304646967408
60 120 2 2.1 23 24 316.0050204145833 0.01190523985968639
60 120 2 2.1 24 25 295.2610261939195 0.01021668071126669
60 120 2 2.1 25 26 276.3726097736572 0.009381530704899887
60 120 2 2.1 26 27 259.1233974165452 0.009177373286377133
60 120 2 2.1 27 28 243.3275370352222 0.009151375708000842
60 120 2 2.1 28 29 228.8250154946219 0.008779712727289279
60 120 2 2.1 29 30 215.4780021676457 0.008194925694937183
60 120 2 2.1 30 31 203.1668681180305 0.007667652532973079
60 120 2 2.1 31 32 191.7874490408787 0.007560430162612874
60 120 2 2.1 32 33 181.247752317398 0.007350415196526683
60 120 2 2.1 33 34 171.4675610725286 0.007189113383446966
60 120 2 2.1 34 35 162.3756860784584 0.006806221299996196
60 120 2 2.1 35 36 153.9096644900798 0.00646320364913322
60 120 2 2.1 36 37 146.014158725518 0.006298754776651094
60 120 2 2.1 37 38 138.639554934459 0.006200122197668634
60 120 2 2.1 38 39 131.7416797974525 0.006067556398136276
60 120 2 2.1 39 40 125.2807802719047 0.005732339343822446
60 120 2 2.1 40 42 232.7543271568191 0.01079116025229609
60 120 2 2.1 42 44 211.3365075003183 0.01019661682070705
60 120 2 2.1 44 46 192.3513563792192 0.009542215783113761
60 120 2 2.1 46 48 175.455823814726 0.004707919710710939
60 120 2 2.1 48 50 160.3657963634025 0.00369170738252933
60 120 2 2.1 50 52 146.84395096653 0.003285244404025889
60 120 2 2.1 52 54 134.6915209715468 0.0029277987422347
60 120 2 2.1 54 56 123.7403493215055 0.002615593758321211
60 120 2 2.1 56 58 113.8470690810835 0.002341509781558671
60 120 2 2.1 58 60 104.8888520514692 0.002099863588270523
60 120 2 2.1 60 65 228.2530831039021 0.004373080682910313
60 120 2 2.1 65 70 187.9041944033864 0.00338723034690247
60 120 2 2.1 70 80 285.4198546798276 0.004751963824674021
60 120 2 2.1 80 90 200.1432618936043 0.003031328878137174
60 120 2 2.1 90 100 142.9801618485921 0.002002898008754528
60 120 2.1 2.2 0 0.5 -1.223867367906374 4.440243195991123e-05
60 120 2.1 2.2 0.5 1 -1270.896347092266 0.02119016488177294
60 120 2.1 2.2 1 1.5 562.4536539614883 0.005478149309283253
60 120 2.1 2.2 1.5 2 1501.071489443284 0.0595423951963312
60 120 2.1 2.2 2 2.5 1637.817397267136 0.01744749965109804
60 120 2.1 2.2 2.5 3 1574.516309391578 0.07841221626040351
60 120 2.1 2.2 3 3.5 1459.576157818815 0.06996148323742091
60 120 2.1 2.2 3.5 4 1337.427569061053 0.06236496589690432
60 120 2.1 2.2 4 4.5 1222.15298933809 0.05577291517101912
60 120 2.1 2.2 4.5 5 1117.750979268137 0.05013466718196469
60 120 2.1 2.2 5 5.5 1024.659790398122 0.04522715978373526
60 120 2.1 2.2 5.5 6 942.0665924387871 0.04101096400768256
60 120 2.1 2.2 6 6.5 868.8169291823889 0.03735568914180476
60 120 2.1 2.2 6.5 7 803.7257634301145 0.0341417530084982
60 120 2.1 2.2 7 7.5 745.7037931029159 0.03136181974991814
60 120 2.1 2.2 7.5 8 693.8018371151112 0.02886982768745838
60 120 2.1 2.2 8 8.5 647.2054074202935 0.02667284543167625
60 120 2.1 2.2 8.5 9 605.2162551953858 0.02474404995916757
60 120 2.1 2.2 9 9.5 567.2428814866681 0.02297659490636761
60 120 2.1 2.2 9.5 10 532.7826453811231 0.02140556965298401
60 120 2.1 2.2 10 10.5 501.4083030918539 0.02346596547357649
60 120 2.1 2.2 10.5 11 472.7558582429555 0.0203817829582249
60 120 2.1 2.2 11 11.5 446.5121191620374 0.01770609585321381
60 120 2.1 2.2 11.5 12 422.4081493414231 0.01647370003121296
60 120 2.1 2.2 12 12.5 400.2121780722042 0.01550210041398259
60 120 2.1 2.2 12.5 13 379.7238198269533 0.01459768488308555
60 120 2.1 2.2 13 13.5 360.7681055521784 0.01377427269710552
60 120 2.1 2.2 13.5 14 343.1917086753579 0.01302428899140295
60 120 2.1 2.2 14 14.5 326.8607275778047 0.01231984544284614
60 120 2.1 2.2 14.5 15 311.6574956880422 0.01166418940096037
60 120 2.1 2.2 15 16 581.7086503624129 0.02157608788252219
60 120 2.1 2.2 16 17 532.0482960929448 0.01947964833209426
60 120 2.1 2.2 17 18 488.3633873077359 0.01766264558335706
60 120 2.1 2.2 18 19 449.7132272761604 0.01606228422332379
60 120 2.1 2.2 19 20 415.3399671736454 0.01465369207215872
60 120 2.1 2.2 20 21 384.6249183471945 0.01903894967870201
60 120 2.1 2.2 21 22 357.0596008732386 0.01609906441797193
60 120 2.1 2.2 22 23 332.2216410122732 0.01364527202866839
60 120 2.1 2.2 23 24 309.7584353996523 0.01157624486125997
60 120 2.1 2.2 24 25 289.3736142057233 0.0102237483632166
60 120 2.1 2.2 25 26 270.8152047626667 0.00985700798344169
60 120 2.1 2.2 26 27 253.8694332070713 0.009087394818863004
60 120 2.1 2.2 27 28 238.354491050885 0.00887659616788028
60 120 2.1 2.2 28 29 224.1125274191583 0.008822821138494419
60 120 2.1 2.2 29 30 211.0072765061722 0.008589207683087352
60 120 2.1 2.2 30 31 198.9205208963636 0.008111706995038048
60 120 2.1 2.2 31 32 187.7496300690277 0.007887402335740035
60 120 2.1 2.2 32 33 177.4042831563795 0.007626922146499737
60 120 2.1 2.2 33 34 167.8056560489049 0.007415525769204123
60 120 2.1 2.2 34 35 158.8839160528122 0.00720453972002133
60 120 2.1 2.2 35 36 150.5773786855434 0.0068724736719048
60 120 2.1 2.2 36 37 142.8313474992702 0.006598849405690999
60 120 2.1 2.2 37 38 135.5971912705043 0.006399603107695384
60 120 2.1 2.2 38 39 128.8314340378541 0.006283999628891479
60 120 2.1 2.2 39 40 122.4952950908758 0.006117356537700402
60 120 2.1 2.2 40 42 227.5295962832336 0.009621936264863962
60 120 2.1 2.2 42 44 206.5324342792171 0.007585983952026254
60 120 2.1 2.2 44 46 187.9238037181974 0.005935672509366441
60 120 2.1 2.2 46 48 171.3661945260559 0.004546857059864351
60 120 2.1 2.2 48 50 156.5809500205469 0.003651730805131592
60 120 2.1 2.2 50 52 143.335387417485 0.003248990022967746
60 120 2.1 2.2 52 54 131.4334402720749 0.002895733264409728
60 120 2.1 2.2 54 56 120.7095659453546 0.002587861417410409
60 120 2.1 2.2 56 58 111.023247436822 0.002315657715485031
60 120 2.1 2.2 58 60 102.2542476036843 0.002077949806732704
60 120 2.1 2.2 60 65 222.3935298744384 0.004326410108461687
60 120 2.1 2.2 65 70 182.9216369253508 0.003350417808434258
60 120 2.1 2.2 70 80 277.4786100228052 0.004699051824161415
60 120 2.1 2.2 80 90 194.1854383361476 0.002995246262088358
60 120 2.1 2.2 90 100 138.4216053822207 0.001976928381907328
60 120 2.2 2.3 0 0.5 -1.190467811134656 3.008345458721529e-05
60 120 2.2 2.3 0.5 1 -1187.739549273712 0.02056439748025696
60 120 2.2 2.3 1 1.5 615.5044432987509 0.03070868805571081
60 120 2.2 2.3 1.5 2 1510.464088836186 0.03556914261412203
60 120 2.2 2.3 2 2.5 1632.031625545258 0.06110285232193746
60 120 2.2 2.3 2.5 3 1562.663991824083 0.077976901302236
60 120 2.2 2.3 3 3.5 1445.279428681609 0.06955452275974494
60 120 2.2 2.3 3.5 4 1322.306085080576 0.06193800889309387
60 120 2.2 2.3 4 4.5 1206.991449120879 0.05537378339431598
60 120 2.2 2.3 4.5 5 1102.938201349082 0.04972006829007114
60 120 2.2 2.3 5 5.5 1010.382695388595 0.04484208928522548
60 120 2.2 2.3 5.5 6 928.4150247283575 0.04066614399528135
60 120 2.2 2.3 6 6.5 855.8118560643256 0.03702105343757012
60 120 2.2 2.3 6.5 7 791.359125682209 0.03385372264483522
60 120 2.2 2.3 7 7.5 733.958226892838 0.03106013810213426
60 120 2.2 2.3 7.5 8 682.6474067288925 0.02860482132803099
60 120 2.2 2.3 8 8.5 636.605711200716 0.02642603908657293
60 120 2.2 2.3 8.5 9 595.1377127060692 0.02448919975222452
60 120 2.2 2.3 9 9.5 557.6522769575379 0.02275412218295969
60 120 2.2 2.3 9.5 10 523.6480900211537 0.02119153637852378
60 120 2.2 2.3 10 10.5 492.6997215845633 0.0231015681166582
60 120 2.2 2.3 10.5 11 464.4451399891259 0.01997055735142794
60 120 2.2 2.3 11 11.5 438.5744514754115 0.01734558050748092
60 120 2.2 2.3 11.5 12 414.8207991156178 0.01629979741989018
60 120 2.2 2.3 12 12.5 392.9529742239906 0.01532902592333585
60 120 2.2 2.3 12.5 13 372.7715436456195 0.01444342330466952
60 120 2.2 2.3 13 13.5 354.1034013361901 0.01363170578599693
60 120 2.2 2.3 13.5 14 336.7975554593028 0.01288493473515473
60 120 2.2 2.3 14 14.5 320.7215656218181 0.01218954347854151
60 120 2.2 2.3 14.5 15 305.758727259967 0.01169550978846701
60 120 2.2 2.3 15 16 570.5791955166891 0.02202187238822262
60 120 2.2 2.3 16 17 521.7279136147278 0.01979731129870288
60 120 2.2 2.3 17 18 478.7664981096054 0.01888578933937879
60 120 2.2 2.3 18 19 440.7664628177583 0.01753178822065138
60 120 2.2 2.3 19 20 406.9797714606937 0.0156620408529875
60 120 2.2 2.3 20 21 376.7972529121727 0.01868318365239929
60 120 2.2 2.3 21 22 349.7156767415197 0.01575943778630062
60 120 2.2 2.3 22 23 325.3183748442771 0.01339077914673226
60 120 2.2 2.3 23 24 303.2576035705242 0.01229119871481998
60 120 2.2 2.3 24 25 283.2416383172942 0.0116330058245353
60 120 2.2 2.3 25 26 265.0231636124335 0.01131722744810304
60 120 2.2 2.3 26 27 248.3913049597286 0.0108025738068136
60 120 2.2 2.3 27 28 233.1656531482998 0.01017231166028409
60 120 2.2 2.3 28 29 219.1913963860023 0.009796137025688267
60 120 2.2 2.3 29 30 206.3346129139373 0.009528942825369313
60 120 2.2 2.3 30 31 194.4791028643763 0.009158240436818232
60 120 2.2 2.3 31 32 183.5234183626447 0.008769183340774589
60 120 2.2 2.3 32 33 173.3791283272523 0.008487003372692925
60 120 2.2 2.3 33 34 163.9683710327292 0.004858286457277927
60 120 2.2 2.3 34 35 155.2222500047324 0.004531904933656961
60 120 2.2 2.3 35 36 147.0802547299279 0.00423365521589858
60 120 2.2 2.3 36 37 139.4886474109144 0.003958612063030387
60 120 2.2 2.3 37 38 132.3996823421551 0.003701898999025843
60 120 2.2 2.3 38 39 125.770621939386 0.003465722262689042
60 120 2.2 2.3 39 40 119.5632402922832 0.003248102186830693
60 120 2.2 2.3 40 42 222.0228199559637 0.009367241017685046
60 120 2.2 2.3 42 44 201.4591221400721 0.00729597492687617
60 120 2.2 2.3 44 46 183.2399662415346 0.005679700346547634
60 120 2.2 2.3 46 48 167.0338257512313 0.004402698625398216
60 120 2.2 2.3 48 50 152.5657424658674 0.003610241590621399
60 120 2.2 2.3 50 52 139.6068962435006 0.003211958215246113
60 120 2.2 2.3 52 54 127.9655569757615 0.002863394009580134
60 120 2.2 2.3 54 56 117.4794422152147 0.002557488081180281
60 120 2.2 2.3 56 58 108.0101854703472 0.002289410922941215
60 120 2.2 2.3 58 60 99.43959583761881 0.002053028102409371
60 120 2.2 2.3 60 65 216.1205207368481 0.004274390189124233
60 120 2.2 2.3 65 70 177.573749226526 0.003310080401803361
60 120 2.2 2.3 70 80 268.9225616220286 0.004639435470039643
60 120 2.2 2.3 80 90 187.7348381326596 0.002953677579881742
60 120 2.2 2.3 90 100 133.4623739425239 0.001946592988133489
60 120 2.3 2.4 0 0.5 -1.157168090869146 2.980808274721802e-05
60 120 2.3 2.4 0.5 1 -1102.312226143157 0.02093151916187708
60 120 2.3 2.4 1 1.5 669.6753301501193 0.004416625209614722
60 120 2.3 2.4 1.5 2 1519.482047949745 0.02758064734894106
60 120 2.3 2.4 2 2.5 1625.357869657196 0.02280639742980384
60 120 2.3 2.4 2.5 3 1549.833917659869 0.02986760765338659
60 120 2.3 2.4 3 3.5 1430.064428173815 0.06950183069056948
60 120 2.3 2.4 3.5 4 1306.346184311476 0.06173916978286798
60 120 2.3 2.4 4 4.5 1191.064707779039 0.05513198745188674
60 120 2.3 2.4 4.5 5 1087.417554338498 0.0494463387203723
60 120 2.3 2.4 5 5.5 995.4401672996138 0.04464154805521048
60 120 2.3 2.4 5.5 6 914.1243908134184 0.04041714000345564
60 120 2.3 2.4 6 6.5 842.197704692722 0.03682137630926263
60 120 2.3 2.4 6.5 7 778.4152984827214 0.03362357104811053
60 120 2.3 2.4 7 7.5 721.6615198279604 0.03084140169528382
60 120 2.3 2.4 7.5 8 670.9694280084383 0.02839624335661028
60 120 2.3 2.4 8 8.5 625.5121507476549 0.02621694578544975
60 120 2.3 2.4 8.5 9 584.5918594898008 0.02430744633534232
60 120 2.3 2.4 9 9.5 547.6191337983475 0.02257847351700093
60 120 2.3 2.4 9.5 10 514.0955904546622 0.02102320692313242
60 120 2.3 2.4 10 10.5 483.5977829836241 0.02274434819821636
60 120 2.3 2.4 10.5 11 455.763499171223 0.01967556180392194
60 120 2.3 2.4 11 11.5 430.2840423535727 0.01788139518345133
60 120 2.3 2.4 11.5 12 406.8956777625009 0.01716270729968983
60 120 2.3 2.4 12 12.5 385.3700400035947 0.01675031067475174
60 120 2.3 2.4 12.5 13 365.5094608956221 0.01605315309268462
60 120 2.3 2.4 13 13.5 347.1424574424369 0.01509389891560886
60 120 2.3 2.4 13.5 14 330.1194997470953 0.0143148774015458
60 120 2.3 2.4 14 14.5 314.3096399646334 0.01369144250179488
60 120 2.3 2.4 14.5 15 299.5973717164787 0.01330625729877966
60 120 2.3 2.4 15 16 558.9512958142816 0.02558378541391448
60 120 2.3 2.4 16 17 510.9417941403131 0.02352669266895191
60 120 2.3 2.4 17 18 468.7337054110334 0.02156301104821523
60 120 2.3 2.4 18 19 431.4130425598343 0.02098329814560884
60 120 2.3 2.4 19 20 398.2392855212068 0.01966554370062568
60 120 2.3 2.4 20 21 368.609954552321 0.01834718902983923
60 120 2.3 2.4 21 22 342.0308631115199 0.01537185517031503
60 120 2.3 2.4 22 23 318.0919574110654 0.01302180548725573
60 120 2.3 2.4 23 24 296.4507478773178 0.01109478928049157
60 120 2.3 2.4 24 25 276.8191801244231 0.009531305446728311
60 120 2.3 2.4 25 26 258.9535609621637 0.008645000154388072
60 120 2.3 2.4 26 27 242.6467423743839 0.00799707515923842
60 120 2.3 2.4 27 28 227.7214420475538 0.00741007112327452
60 120 2.3 2.4 28 29 214.0253364686806 0.006871679258580343
60 120 2.3 2.4 29 30 201.4266874826379 0.006382477026960487
60 120 2.3 2.4 30 31 189.8110819039004 0.005934319830714685
60 120 2.3 2.4 31 32 179.0787427855177 0.005522817290597004
60 120 2.3 2.4 32 33 169.1426888237474 0.005145853065698702
60 120 2.3 2.4 33 34 159.9265991544474 0.004799186889727025
60 120 2.3 2.4 34 35 151.3630442981095 0.004478968052097798
60 120 2.3 2.4 35 36 143.3923028784615 0.004183832633430029
60 120 2.3 2.4 36 37 135.9614047631019 0.003910426089163366
60 120 2.3 2.4 37 38 129.0233264335759 0.003658175668078911
60 120 2.3 2.4 38 39 122.536182333031 0.003425603079605821
60 120 2.3 2.4 39 40 116.4625802984258 0.003208456604909316
60 120 2.3 2.4 40 42 216.1939499620497 0.00903433377482088
60 120 2.3 2.4 42 44 196.0831240352324 0.007101341476612788
60 120 2.3 2.4 44 46 178.2693713261662 0.005506303979501581
60 120 2.3 2.4 46 48 162.4277383470039 0.004185738489297819
60 120 2.3 2.4 48 50 148.2897169719566 0.003566534995201209
60 120 2.3 2.4 50 52 135.6307143192701 0.003172125294554462
60 120 2.3 2.4 52 54 124.2620236357508 0.002827512962042533
60 120 2.3 2.4 54 56 114.024335674864 0.002525395340200021
60 120 2.3 2.4 56 58 104.7822944012809 0.002260255288177859
60 120 2.3 2.4 58 60 96.41988586957186 0.002027073203592522
60 120 2.3 2.4 60 65 209.3741502756494 0.004219132914158763
60 120 2.3 2.4 65 70 171.8041046624303 0.003264985038953228
60 120 2.3 2.4 70 80 259.657597840303 0.004571955313792841
60 120 2.3 2.4 80 90 180.7217047417046 0.002905621665576064
60 120 2.3 2.4 90 100 128.0538571098303 0.00191083648897461
60 120 2.4 2.5 0 0.5 -1.123432493856761 3.500195307770682e-05
60 120 2.4 2.5 0.5 1 -1014.571788036002 0.01976953037592466
60 120 2.4 2.5 1 1.5 724.8942252100229 0.03253637632838036
60 120 2.4 2.5 1.5 2 1528.18511541433 0.00851341139377837
60 120 2.4 2.5 2 2.5 1617.88569712839 0.02127825002912687
60 120 2.4 2.5 2.5 3 1536.024775175995 0.03267774286928216
60 120 2.4 2.5 3 3.5 1413.791339881418 0.06874538350302828
60 120 2.4 2.5 3.5 4 1289.353716094174 0.06110590377898006
60 120 2.4 2.5 4 4.5 1174.159495782735 0.0545547676113074
60 120 2.4 2.5 4.5 5 1070.990587726858 0.04896338673393075
60 120 2.4 2.5 5 5.5 979.6670121734657 0.04410735639919494
60 120 2.4 2.5 5.5 6 899.0718757722938 0.03994695357721412
60 120 2.4 2.5 6 6.5 827.8803010618549 0.03631649460339759
60 120 2.4 2.5 6.5 7 764.8171036436527 0.0331724279633363
60 120 2.4 2.5 7 7.5 708.7495645897721 0.03045600155974171
60 120 2.4 2.5 7.5 8 658.7060199784563 0.02802973502764416
60 120 2.4 2.5 8 8.5 613.8598323800657 0.02590258863790496
60 120 2.4 2.5 8.5 9 573.5140873707677 0.02400838798632776
60 120 2.4 2.5 9 9.5 537.0803553130573 0.02277538082660158
60 120 2.4 2.5 9.5 10 504.0601752623074 0.02168724087658802
60 120 2.4 2.5 10 10.5 474.0316766440278 0.02224845555122101
60 120 2.4 2.5 10.5 11 446.6364590193756 0.02046895675158567
60 120 2.4 2.5 11 11.5 421.5682801737535 0.01960076026875868
60 120 2.4 2.5 11.5 12 398.5643784071059 0.01850023443290638
60 120 2.4 2.5 12 12.5 377.3993765976361 0.01806595879679662
60 120 2.4 2.5 12.5 13 357.8773278831599 0.0178566845938235
60 120 2.4 2.5 13 13.5 339.8278556346488 0.01332895612574703
60 120 2.4 2.5 13.5 14 323.1025644143892 0.01259262537524819
60 120 2.4 2.5 14 14.5 307.5718773057632 0.01191279972726988
60 120 2.4 2.5 14.5 15 293.1220280748403 0.01128297092196817
60 120 2.4 2.5 15 16 546.7286851069601 0.02085364097035836
60 120 2.4 2.5 16 17 499.6033038594062 0.01882974280499639
60 120 2.4 2.5 17 18 458.1858992834066 0.01706689079719581
60 120 2.4 2.5 18 19 421.5736422562777 0.01552254043184575
60 120 2.4 2.5 19 20 389.0388828096952 0.01415645173420899
60 120 2.4 2.5 20 21 359.9889321349975 0.0178273516598324
60 120 2.4 2.5 21 22 333.9364425681794 0.01504093150788322
60 120 2.4 2.5 22 23 310.4771227585238 0.01274722689862529
60 120 2.4 2.5 23 24 289.27395732409 0.01085318003686098
60 120 2.4 2.5 24 25 270.0439447826021 0.009287037725755454
60 120 2.4 2.5 25 26 252.5476495702296 0.008545479610774009
60 120 2.4 2.5 26 27 236.5812582972674 0.007904159134625388
60 120 2.4 2.5 27 28 221.9702838388192 0.007321101263386254
60 120 2.4 2.5 28 29 208.564800720701 0.006790341181442727
60 120 2.4 2.5 29 30 196.2356791372012 0.006306364195722836
60 120 2.4 2.5 30 31 184.870835395718 0.005861849265926367
60 120 2.4 2.5 31 32 174.3723364652608 0.005455555296691728
60 120 2.4 2.5 32 33 164.6545139410494 0.005081863078686411
60 120 2.4 2.5 33 34 155.642082040943 0.004737378742049714
60 120 2.4 2.5 34 35 147.2689177049076 0.004421256385484185
60 120 2.4 2.5 35 36 139.4767537459207 0.004130075710264691
60 120 2.4 2.5 36 37 132.2137892130199 0.003860918574218886
60 120 2.4 2.5 37 38 125.4338544974554 0.003611850332291056
60 120 2.4 2.5 38 39 119.0957787893119 0.003381952242420994
60 120 2.4 2.5 39 40 113.1626586014565 0.003168122469517698
60 120 2.4 2.5 40 42 209.9840435315901 0.008745969091364714
60 120 2.4 2.5 42 44 190.3471495419595 0.006802527397297808
60 120 2.4 2.5 44 46 172.9596600309972 0.005278905782319043
60 120 2.4 2.5 46 48 157.5024270469104 0.004023237780984346
60 120 2.4 2.5 48 50 143.7116937435057 0.003518777463142442
60 120 2.4 2.5 50 52 131.3677749358061 0.003129781048443192
60 120 2.4 2.5 52 54 120.2860215802974 0.00278883483321124
60 120 2.4 2.5 54 56 110.3103424485384 0.002490682588955906
60 120 2.4 2.5 56 58 101.3081538349544 0.00222853964126557
60 120 2.4 2.5 58 60 93.16593211209984 0.001998031363555697
60 120 2.4 2.5 60 65 202.0904394611049 0.004733901836800669
60 120 2.4 2.5 65 70 165.5576463217637 0.003214165280979842
60 120 2.4 2.5 70 80 249.5915650852049 0.004495518365871476
60 120 2.4 2.5 80 90 173.0772672509269 0.002849755671519461
60 120 2.4 2.5 90 100 122.1494543290514 0.001868795344961427
60 120 2.5 2.75 0 0.5 -2.656008317135204 7.042322894790232e-05
60 120 2.5 2.75 0.5 1 -2133.332789790663 0.09709410112600381
60 120 2.5 2.75 1 1.5 2058.720280103456 0.07698886752768885
60 120 2.5 2.75 1.5 2 3851.99635647011 0.1165482438009349
60 120 2.5 2.75 2 2.5 4002.920784196122 0.0746454685054232
60 120 2.5 2.75 2.5 3 3770.055049277254 0.05030481059475278
60 120 2.5 2.75 3 3.5 3453.96387229861 0.1707470835704044
60 120 2.5 2.75 3.5 4 3140.10186764943 0.1515923572269458
60 120 2.5 2.75 4 4.5 2852.982867454807 0.1350986510369694
60 120 2.5 2.75 4.5 5 2597.617023726739 0.1209211790428526
60 120 2.5 2.75 5 5.5 2372.641964261582 0.1088814563622691
60 120 2.5 2.75 5.5 6 2174.779422695605 0.09856480096641462
60 120 2.5 2.75 6 6.5 2000.453858916869 0.08965903608691406
60 120 2.5 2.75 6.5 7 1846.356235587157 0.08184346367511353
60 120 2.5 2.75 7 7.5 1709.593963229971 0.07501587469550941
60 120 2.5 2.75 7.5 8 1587.697742153972 0.06906060301162142
60 120 2.5 2.75 8 8.5 1478.596121043801 0.06371999331895495
60 120 2.5 2.75 8.5 9 1380.545594111766 0.05898944841555931
60 120 2.5 2.75 9 9.5 1292.08140053218 0.05477610630168783
60 120 2.5 2.75 9.5 10 1211.971266458581 0.05098628456471488
60 120 2.5 2.75 10 10.5 1139.172329061603 0.05349651709047976
60 120 2.5 2.75 10.5 11 1072.803923323843 0.04627394270028162
60 120 2.5 2.75 11 11.5 1012.112427684674 0.04168901623040711
60 120 2.5 2.75 11.5 12 956.4500288617542 0.03912409544318507
60 120 2.5 2.75 12 12.5 905.2629412573245 0.03678370210911908
60 120 2.5 2.75 12.5 13 858.0717528451343 0.03464998587764967
60 120 2.5 2.75 13 13.5 814.4620794948524 0.03267731391372308
60 120 2.5 2.75 13.5 14 774.0698358540193 0.03086806505336881
60 120 2.5 2.75 14 14.5 736.580079790545 0.02920110817933619
60 120 2.5 2.75 14.5 15 701.7133186234589 0.0276528831846008
60 120 2.5 2.75 15 16 1308.124898921847 0.05109624136662205
60 120 2.5 2.75 16 17 1194.533923772213 0.04612164977424982
60 120 2.5 2.75 17 18 1094.76601675067 0.04178435745598108
60 120 2.5 2.75 18 19 1006.62701390814 0.03798573226583812
60 120 2.5 2.75 19 20 928.348166774574 0.03462380527719233
60 120 2.5 2.75 20 21 858.4893107622935 0.04286460441664985
60 120 2.5 2.75 21 22 795.8675437630496 0.03602520499134698
60 120 2.5 2.75 22 23 739.5061049876959 0.0303826265457019
60 120 2.5 2.75 23 24 688.5888321655297 0.0260041563329878
60 120 2.5 2.75 24 25 642.4283530096374 0.0226120793828386
60 120 2.5 2.75 25 26 600.4468804425122 0.02088233142922036
60 120 2.5 2.75 26 27 562.1519484838216 0.01931059402852497
60 120 2.5 2.75 27 28 527.1221331158991 0.01788616543694843
60 120 2.5 2.75 28 29 494.9952645418763 0.01658549647652308
60 120 2.5 2.75 29 30 465.4588627802784 0.01539939623961573
60 120 2.5 2.75 30 31 438.2428465581015 0.01431363725413348
60 120 2.5 2.75 31 32 413.1109504526456 0.01331784943033654
60 120 2.5 2.75 32 33 389.8557612231888 0.01240440164190204
60 120 2.5 2.75 33 34 368.2970309031741 0.01156562672093742
60 120 2.5 2.75 34 35 348.2753734668906 0.01079568154648314
60 120 2.5 2.75 35 36 329.6500350198281 0.01008035849179123
60 120 2.5 2.75 36 37 312.295250728451 0.009422345934808618
60 120 2.5 2.75 37 38 296.1005145103069 0.008816263903213439
60 120 2.5 2.75 38 39 280.9663952690933 0.008248702040646094
60 120 2.5 2.75 39 40 266.8045763634013 0.007726069014495351
60 120 2.5 2.75 40 42 494.6244911192734 0.02023539800046592
60 120 2.5 2.75 42 44 447.8069032117038 0.01585500607581025
60 120 2.5 2.75 44 46 406.3822419348579 0.01202982875503267
60 120 2.5 2.75 46 48 369.5853118822398 0.009654585817372663
60 120 2.5 2.75 48 50 336.7822870390451 0.008562690476196622
60 120 2.5 2.75 50 52 307.4436775523383 0.007609932983427825
60 120 2.5 2.75 52 54 281.1262347877531 0.006779911334433564
60 120 2.5 2.75 54 56 257.4561769137187 0.00604876927479836
60 120 2.5 2.75 56 58 236.1138462058019 0.005408751269499135
60 120 2.5 2.75 58 60 216.8269685419663 0.004845365833034521
60 120 2.5 2.75 60 65 469.1515175789634 0.01662249370269819
60 120 2.5 2.75 65 70 382.8913551418019 0.007766302707921113
60 120 2.5 2.75 70 80 573.9109102160976 0.01082012239362484
60 120 2.5 2.75 80 90 394.609624052374 0.006816825283976868
60 120 2.5 2.75 90 100 275.9721897206156 0.004437790703661904
60 120 2.75 3 0 0.5 -2.424299561607178 6.711884288357339e-05
60 120 2.75 3 0.5 1 -1517.595547546011 0.0468516125934002
60 120 2.75 3 1 1.5 2412.181900458487 0.07135501498123631
60 120 2.75 3 1.5 2 3871.228339099851 0.03626190765726278
60 120 2.75 3 2 2.5 3911.210727964064 0.05486896928641727
60 120 2.75 3 2.5 3 3637.841737468551 0.008138182775837777
60 120 2.75 3 3 3.5 3308.353407978066 0.009893653440030903
60 120 2.75 3 3.5 4 2992.712475815868 0.1492581676970985
60 120 2.75 3 4 4.5 2708.99183611236 0.132703639414558
60 120 2.75 3 4.5 5 2459.333375055789 0.1187416768921139
60 120 2.75 3 5 5.5 2240.967965321593 0.1068631354060017
60 120 2.75 3 5.5 6 2049.928873148526 0.09659438132121068
60 120 2.75 3 6 6.5 1882.300453239046 0.08773022311424938
60 120 2.75 3 6.5 7 1734.603150880324 0.08004169958826424
60 120 2.75 3 7 7.5 1603.868479004755 0.07336272576685587
60 120 2.75 3 7.5 8 1487.613934016039 0.06745768318251066
60 120 2.75 3 8 8.5 1383.761563733145 0.06222543187686824
60 120 2.75 3 8.5 9 1290.588096851738 0.05758895654616936
60 120 2.75 3 9 9.5 1206.652362331804 0.05345375961269383
60 120 2.75 3 9.5 10 1130.746875170888 0.04973344314180395
60 120 2.75 3 10 10.5 1061.85540282516 0.05051419393021206
60 120 2.75 3 10.5 11 999.1173334861551 0.04362145002994566
60 120 2.75 3 11 11.5 941.803705760743 0.04058116930912092
60 120 2.75 3 11.5 12 889.2913457457506 0.03808271451657674
60 120 2.75 3 12 12.5 841.0436119228435 0.03579519742686443
60 120 2.75 3 12.5 13 796.5998195174374 0.03369773613110283
60 120 2.75 3 13 13.5 755.5591645624918 0.03176714360949973
60 120 2.75 3 13.5 14 717.5744383997759 0.02999815321754795
60 120 2.75 3 14 14.5 682.3433529633406 0.02836129442403035
60 120 2.75 3 14.5 15 649.5995382404412 0.02684485968745776
60 120 2.75 3 15 16 1209.770127691626 0.0495786674205192
60 120 2.75 3 16 17 1103.278272936433 0.04471425074393665
60 120 2.75 3 17 18 1009.846545284638 0.0404793311550975
60 120 2.75 3 18 19 927.3876608455424 0.03677450722250342
60 120 2.75 3 19 20 854.2202120367891 0.0335023138663928
60 120 2.75 3 20 21 788.9813585368133 0.03061884545172688
60 120 2.75 3 21 22 730.5525626309284 0.03351082490814861
60 120 2.75 3 22 23 678.0074505623221 0.02840231292032058
60 120 2.75 3 23 24 630.574400397708 0.02402145864505201
60 120 2.75 3 24 25 587.6069322319981 0.02182234474628331
60 120 2.75 3 25 26 548.5599668665689 0.02014677111992569
60 120 2.75 3 26 27 512.9680424791248 0.01862611424428451
60 120 2.75 3 27 28 480.4340192538921 0.01724521301724735
60 120 2.75 3 28 29 450.6175232658347 0.01598593816476068
60 120 2.75 3 29 30 423.2262166484083 0.01483341335216437
60 120 2.75 3 30 31 398.0041126661195 0.01378443997293743
60 120 2.75 3 31 32 374.7295924940362 0.01281808770102089
60 120 2.75 3 32 33 353.2081979918399 0.01193125015271335
60 120 2.75 3 33 34 333.2715019412648 0.01111816127757947
60 120 2.75 3 34 35 314.7692640555514 0.01037072886350643
60 120 2.75 3 35 36 297.5696646540192 0.00967826519774917
60 120 2.75 3 36 37 281.5547456189571 0.009044041914648915
60 120 2.75 3 37 38 266.6210468394416 0.008456597818053524
60 120 2.75 3 38 39 252.6760556760278 0.007909360540651278
60 120 2.75 3 39 40 239.6367292628619 0.007403696311996555
60 120 2.75 3 40 42 443.4140152573045 0.01764227067900492
60 120 2.75 3 42 44 400.403959909314 0.01345807973615365
60 120 2.75 3 44 46 362.4087241622346 0.01041058415916041
60 120 2.75 3 46 48 328.712218484763 0.009204921463549454
60 120 2.75 3 48 50 298.722848609949 0.008151895304933987
60 120 2.75 3 50 52 271.9459073571215 0.007233236373679119
60 120 2.75 3 52 54 247.9685215033347 0.006428415018206124
60 120 2.75 3 54 56 226.4414687718787 0.005728056912147395
60 120 2.75 3 56 58 207.0671494879338 0.005112866349008982
60 120 2.75 3 58 60 189.5915521777119 0.004571694382292435
60 120 2.75 3 60 65 408.0998711640767 0.009461774502710796
60 120 2.75 3 65 70 330.4729150302273 0.007259835404965997
60 120 2.75 3 70 80 489.4756293680986 0.0100219484689319
60 120 2.75 3 80 90 330.7348832131892 0.006225392773387739
60 120 2.75 3 90 100 227.0244938462943 0.003987316820740716
60 120 3 3.25 0 0.5 -2.167782751281074 6.273942904888585e-05
60 120 3 3.25 0.5 1 -860.8022362197179 0.01619361697225941
60 120 3 3.25 1 1.5 2728.611745810659 0.06569980854874302
60 120 3 3.25 1.5 2 3819.065848097359 0.1148405009303133
60 120 3 3.25 2 2.5 3744.983049500258 0.07876768788901245
60 120 3 3.25 2.5 3 3435.231234484454 0.03244805845724841
60 120 3 3.25 3 3.5 3098.060709803443 0.02863190234347712
60 120 3 3.25 3.5 4 2786.32771521137 0.02807893173030607
60 120 3 3.25 4 4.5 2511.241179844028 0.03168067847764178
60 120 3 3.25 4.5 5 2271.933523964236 0.0270304942328039
60 120 3 3.25 5 5.5 2064.281639003921 0.01505856940821104
60 120 3 3.25 5.5 6 1883.681285489033 0.006225669410014234
60 120 3 3.25 6 6.5 1725.940122249307 0.08577800390048651
60 120 3 3.25 6.5 7 1587.471786706765 0.07816505566484011
60 120 3 3.25 7 7.5 1465.287290002067 0.07149797767056043
60 120 3 3.25 7.5 8 1356.915425887421 0.06567854572358556
60 120 3 3.25 8 8.5 1260.32660357243 0.0605570554150745
60 120 3 3.25 8.5 9 1173.843586915774 0.05597494520475266
60 120 3 3.25 9 9.5 1096.072534596764 0.05188541631991939
60 120 3 3.25 9.5 10 1025.851537239604 0.04824269051005103
60 120 3 3.25 10 10.5 962.210098236851 0.04639850481294161
60 120 3 3.25 10.5 11 904.3315617878387 0.04198138070910318
60 120 3 3.25 11 11.5 851.5217225978041 0.0392998566329652
60 120 3 3.25 11.5 12 803.1881133194348 0.0368554188453345
60 120 3 3.25 12 12.5 758.8255033357809 0.03461764307996873
60 120 3 3.25 12.5 13 718.0002356758069 0.03256175868284572
60 120 3 3.25 13 13.5 680.3361992275037 0.03068302421297631
60 120 3 3.25 13.5 14 645.5079970580285 0.02896047690308023
60 120 3 3.25 14 14.5 613.2301210083316 0.02737588994989437
60 120 3 3.25 14.5 15 583.2542898407232 0.0259008700816139
60 120 3 3.25 15 16 1084.7200079997 0.04780305585791211
60 120 3 3.25 16 17 987.4434372479902 0.04308612591728433
60 120 3 3.25 17 18 902.2107774612577 0.03897758614266422
60 120 3 3.25 18 19 827.0820453168137 0.03539238064183792
60 120 3 3.25 19 20 760.5013896860273 0.0322310417841436
60 120 3 3.25 20 21 701.2048274128488 0.02941897853929731
60 120 3 3.25 21 22 648.1574893736524 0.03037824125999578
60 120 3 3.25 22 23 600.5036600389576 0.02573704867450033
60 120 3 3.25 23 24 557.5319523399199 0.02271078282149119
60 120 3 3.25 24 25 518.6475218061884 0.02091432752081346
60 120 3 3.25 25 26 483.3467503620151 0.01929443858819013
60 120 3 3.25 26 27 451.2016542155193 0.0178220234366222
60 120 3 3.25 27 28 421.848408504864 0.01648498441380752
60 120 3 3.25 28 29 394.9749077519294 0.01526969901664188
60 120 3 3.25 29 30 370.3122309623129 0.01415831419450342
60 120 3 3.25 30 31 347.6252809220088 0.013141934888381
60 120 3 3.25 31 32 326.711519091592 0.01221077741661247
60 120 3 3.25 32 33 307.3939126112708 0.01135601227542793
60 120 3 3.25 33 34 289.5176087135681 0.01056858657790372
60 120 3 3.25 34 35 272.9451513148432 0.009845538517936347
60 120 3 3.25 35 36 257.5558664889983 0.009178829024449442
60 120 3 3.25 36 37 243.2423282502324 0.008563069847070892
60 120 3 3.25 37 38 229.910058473291 0.007993860224360105
60 120 3 3.25 38 39 217.474679815619 0.007469334869909972
60 120 3 3.25 39 40 205.860030433411 0.006984307175372351
60 120 3 3.25 40 42 379.8270461094129 0.01414522357066517
60 120 3 3.25 42 44 341.6481751379033 0.01110106209631567
60 120 3 3.25 44 46 308.0037579913091 0.009760805287100993
60 120 3 3.25 46 48 278.2393319569844 0.008602172361975136
60 120 3 3.25 48 50 251.8173462871735 0.007594323007680259
60 120 3 3.25 50 52 228.2899210598294 0.006718244484716251
60 120 3 3.25 52 54 207.279277292685 0.005954462718534614
60 120 3 3.25 54 56 188.4682528205146 0.00528758077749103
60 120 3 3.25 56 58 171.5886579747685 0.004704745507638108
60 120 3 3.25 58 60 156.4084217498244 0.004191244393183524
60 120 3 3.25 60 65 334.0492933424706 0.008620770514824017
60 120 3 3.25 65 70 267.3398772897873 0.006551079267808291
60 120 3 3.25 70 80 388.9300502340295 0.008907273350985179
60 120 3 3.25 80 90 255.9820124457022 0.005404538416257765
60 120 3 3.25 90 100 170.8409083771142 0.003373621736130872
60 120 3.25 3.5 0 0.5 -1.865991420834996 5.798644117493978e-05
60 120 3.25 3.5 0.5 1 -200.2276774499653 0.003402633576655489
60 120 3.25 3.5 1 1.5 2934.912578825554 0.05541976738186349
60 120 3.25 3.5 1.5 2 3632.542971884573 0.008107843482775934
60 120 3.25 3.5 2 2.5 3451.396022737364 0.001163854166861711
60 120 3.25 3.5 2.5 3 3117.605685468375 0.01593491747962617
60 120 3.25 3.5 3 3.5 2785.005133013867 0.01256413493001673
60 120 3.25 3.5 3.5 4 2488.074742033692 0.009762393754954246
60 120 3.25 3.5 4 4.5 2231.038444972259 0.009469603143315908
60 120 3.25 3.5 4.5 5 2010.176301029776 0.008371407353024551
60 120 3.25 3.5 5 5.5 1820.180774811281 0.00532971045299746
60 120 3.25 3.5 5.5 6 1656.017049607574 0.004163186814594155
60 120 3.25 3.5 6 6.5 1513.365426413759 0.006438837354835414
60 120 3.25 3.5 6.5 7 1388.662383108572 0.007260971113282721
60 120 3.25 3.5 7 7.5 1279.006311709608 0.007354631035241255
60 120 3.25 3.5 7.5 8 1182.042536249973 0.00755039244972977
60 120 3.25 3.5 8 8.5 1095.845135336678 0.006314274918622687
60 120 3.25 3.5 8.5 9 1018.838751947202 0.004818267537757492
60 120 3.25 3.5 9 9.5 949.7314140235389 0.004263333249468815
60 120 3.25 3.5 9.5 10 887.4519219575609 0.004483508797193281
60 120 3.25 3.5 10 10.5 831.1043890130054 0.04132404037079596
60 120 3.25 3.5 10.5 11 779.9368057960596 0.0354149067287608
60 120 3.25 3.5 11 11.5 733.3165562922682 0.03081490897670847
60 120 3.25 3.5 11.5 12 690.7059214355581 0.02680020068976319
60 120 3.25 3.5 12 12.5 651.6470862181199 0.02332993993422861
60 120 3.25 3.5 12.5 13 615.7467020680358 0.02060864166344345
60 120 3.25 3.5 13 13.5 582.6637775294728 0.0180768813135046
60 120 3.25 3.5 13.5 14 552.1041801371271 0.01609283496486569
60 120 3.25 3.5 14 14.5 523.8112761836431 0.01415820519707722
60 120 3.25 3.5 14.5 15 497.5630654079202 0.02485625219162557
60 120 3.25 3.5 15 16 923.6028655374324 0.0458325247132052
60 120 3.25 3.5 16 17 838.6605417337566 0.041248430011251
60 120 3.25 3.5 17 18 764.3625992918612 0.03726730984931237
60 120 3.25 3.5 18 19 698.982763875325 0.03377656269026375
60 120 3.25 3.5 19 20 641.1333100056922 0.03072149992067352
60 120 3.25 3.5 20 21 589.6913963724387 0.02799896637850452
60 120 3.25 3.5 21 22 543.7396867832734 0.02614896613420115
60 120 3.25 3.5 22 23 502.5221044409566 0.02344172098850095
60 120 3.25 3.5 23 24 465.4085766173912 0.02150647701915887
60 120 3.25 3.5 24 25 431.8732172586173 0.01977014523220078
60 120 3.25 3.5 25 26 401.4739803613873 0.01820576457879497
60 120 3.25 3.5 26 27 373.8330444982359 0.01679323236669461
60 120 3.25 3.5 27 28 348.6296162514742 0.01550242019283132
60 120 3.25 3.5 28 29 325.5894320644076 0.01433492312906992
60 120 3.25 3.5 29 30 304.4767711926261 0.01327296636202391
60 120 3.25 3.5 30 31 285.0855318567684 0.01229263258449009
60 120 3.25 3.5 31 32 267.2371857475844 0.01139953750521272
60 120 3.25 3.5 32 33 250.7759388837754 0.01058914913889453
60 120 3.25 3.5 33 34 235.5666625633772 0.009833919005728831
60 120 3.25 3.5 34 35 221.489715142354 0.009142965977389395
60 120 3.25 3.5 35 36 208.4389519338171 0.008509666028288621
60 120 3.25 3.5 36 37 196.3201152810191 0.007927306472538476
60 120 3.25 3.5 37 38 185.0504468269251 0.007383391807536555
60 120 3.25 3.5 38 39 174.5564125734176 0.006884478982016162
60 120 3.25 3.5 39 40 164.772221727982 0.00642614384238982
60 120 3.25 3.5 40 42 302.7401218874618 0.01159967952764873
60 120 3.25 3.5 42 44 270.7480391331343 0.01012994678950463
60 120 3.25 3.5 44 46 242.6596293351595 0.0088680843398663
60 120 3.25 3.5 46 48 217.9073111575422 0.007778342237202196
60 120 3.25 3.5 48 50 196.0209425983342 0.006837208433779551
60 120 3.25 3.5 50 52 176.6117632037222 0.006014917437084932
60 120 3.25 3.5 52 54 159.3519550455788 0.005305808812124724
60 120 3.25 3.5 54 56 143.9656600083092 0.004684361769534462
60 120 3.25 3.5 56 58 130.2200153919201 0.004145613743446575
60 120 3.25 3.5 58 60 117.9154763741813 0.003672029311715619
60 120 3.25 3.5 60 65 248.9285110498191 0.007479265202277929
60 120 3.25 3.5 65 70 195.7480347331393 0.005596198997523061
60 120 3.25 3.5 70 80 277.255541549655 0.007428395087345052
60 120 3.25 3.5 80 90 175.4068209109801 0.004345203243786955
60 120 3.25 3.5 90 100 112.1850594636067 0.002606475964469723
60 120 3.5 4 0 0.5 -2.584480078347546 9.44410364622783e-05
60 120 3.5 4 0.5 1 1140.25112019706 0.01982250643209227
60 120 3.5 4 1 1.5 5490.60982057165 0.07951728998341423
60 120 3.5 4 1.5 2 5810.405298893662 0.0128473375680187
60 120 3.5 4 2 2.5 5260.693914731314 0.01225304800846061
60 120 3.5 4 2.5 3 4634.365922728267 0.008050331174672465
60 120 3.5 4 3 3.5 4073.833111944007 0.01535151883535946
60 120 3.5 4 3.5 4 3597.362545071285 0.003815326646417816
60 120 3.5 4 4 4.5 3196.583082571991 0.01419840537437267
60 120 3.5 4 4.5 5 2858.753626789753 0.007311614669106348
60 120 3.5 4 5 5.5 2572.16196631501 0.0005798867946396058
60 120 3.5 4 5.5 6 2327.167691702477 0.0007598720071655407
60 120 3.5 4 6 6.5 2116.095593519485 0.001293417382385087
60 120 3.5 4 6.5 7 1932.886901637236 0.002252457011991282
60 120 3.5 4 7 7.5 1772.748686195946 0.001078841357184501
60 120 3.5 4 7.5 8 1631.872215049656 0.0009977481638543395
60 120 3.5 4 8 8.5 1507.210644144847 0.001083424190710502
60 120 3.5 4 8.5 9 1396.30108292321 0.000173719368831371
60 120 3.5 4 9 9.5 1297.134980247111 0.00158407715366593
60 120 3.5 4 9.5 10 1208.063997834346 0.001270864212756351
60 120 3.5 4 10 10.5 1127.725327987486 9.207056723425922e-05
60 120 3.5 4 10.5 11 1054.984853056235 0.05068027833999622
60 120 3.5 4 11 11.5 988.8909102683988 0.04407194231544054
60 120 3.5 4 11.5 12 928.6359498530458 0.03839065277099962
60 120 3.5 4 12 12.5 873.534925812078 0.0333517503239591
60 120 3.5 4 12.5 13 823.0041568168791 0.02931883734606799
60 120 3.5 4 13 13.5 776.5420078129039 0.02557784874716162
60 120 3.5 4 13.5 14 733.7169564378108 0.02268418964479224
60 120 3.5 4 14 14.5 694.1514677390343 0.02006857534217943
60 120 3.5 4 14.5 15 657.5172516255651 0.01786301122479017
60 120 3.5 4 15 16 1215.458395686353 0.001766713194683689
60 120 3.5 4 16 17 1097.565073902374 0.0002159233165457408
60 120 3.5 4 17 18 994.8236624684282 0.0002394984101101727
60 120 3.5 4 18 19 904.7322557068281 0.0003718798402587709
60 120 3.5 4 19 20 825.2932847914375 0.000166383949590454
60 120 3.5 4 20 21 754.8952346437187 4.963514618339104e-05
60 120 3.5 4 21 22 692.2255838609932 0.000297083400369047
60 120 3.5 4 22 23 636.202174294631 0.02899624296651382
60 120 3.5 4 23 24 585.9285834481548 0.0239392809862693
60 120 3.5 4 24 25 540.6580037199415 0.02010430461029955
60 120 3.5 4 25 26 499.7594315387429 0.0167745904396952
60 120 3.5 4 26 27 462.7008784889751 0.01392870009135549
60 120 3.5 4 27 28 429.0302526246744 0.01175981106212021
60 120 3.5 4 28 29 398.3583763701669 0.009813075427587137
60 120 3.5 4 29 30 370.3512304204461 0.008187169313487175
60 120 3.5 4 30 31 344.7210812899811 0.006786013753071529
60 120 3.5 4 31 32 321.2182503209976 0.005615073329920506
60 120 3.5 4 32 33 299.6246145042783 0.004644941443984862
60 120 3.5 4 33 34 279.7490338447911 0.003821881955332174
60 120 3.5 4 34 35 261.4236082799198 0.0030537980326244
60 120 3.5 4 35 36 244.5013420089476 0.002436414981502821
60 120 3.5 4 36 37 228.8518531234411 0.001900514068950088
60 120 3.5 4 37 38 214.3591622878988 0.001468845612606628
60 120 3.5 4 38 39 200.9200604079799 0.001030221719418023
60 120 3.5 4 39 40 188.443154013453 0.0007229594451985122
60 120 3.5 4 40 42 342.9014796500149 0.002240870717344023
60 120 3.5 4 42 44 302.6386557644296 0.001184261213836635
60 120 3.5 4 44 46 267.6127796448619 0.003909750171658288
60 120 3.5 4 46 48 237.0405294268465 0.005591661055348141
60 120 3.5 4 48 50 210.2736579245126 0.01035562368517162
60 120 3.5 4 50 52 186.7762971761381 0.009001358382505487
60 120 3.5 4 52 54 166.0998260195599 0.007830962177820311
60 120 3.5 4 54 56 147.8676024939183 0.006827581720671105
60 120 3.5 4 56 58 131.7592040990714 0.005944136347551421
60 120 3.5 4 58 60 117.5033273913464 0.005195923007221381
60 120 3.5 4 60 65 241.5419674167539 0.01031900220118587
60 120 3.5 4 65 70 182.4299528142599 0.00742275448124019
60 120 3.5 4 70 80 243.119323150649 0.009288415038270159
60 120 3.5 4 80 90 140.575419346814 0.004973153791070217
60 120 3.5 4 90 100 81.66761266390736 0.002713914300073839
60 120 4 5 0 0.5 -0.7796553030650323 3.073769299632989e-05
60 120 4 5 0.5 1 1505.717386127658 0.07332867414720567
60 120 4 5 1 1.5 3022.500573216455 0.03904820716525137
60 120 4 5 1.5 2 2661.009957107812 0.03839607333293316
60 120 4 5 2 2.5 2241.830437558272 0.03285708084877115
60 120 4 5 2.5 3 1894.649244894673 0.02747388975581089
60 120 4 5 3 3.5 1618.277768037675 0.0697469544275009
60 120 4 5 3.5 4 1398.369370839693 0.04911112831973696
60 120 4 5 4 4.5 1220.890952156666 0.03348461998234598
60 120 4 5 4.5 5 1075.636012044514 0.02196707233019879
60 120 4 5 5 5.5 955.1476901917432 0.01620987475541824
60 120 4 5 5.5 6 853.9818578575048 0.01393299886274235
60 120 4 5 6 6.5 768.1104338344284 0.01142310531304247
60 120 4 5 6.5 7 694.5124737911979 0.01091778155807788
60 120 4 5 7 7.5 630.89076070638 0.01069404529584972
60 120 4 5 7.5 8 575.4710317542423 0.01003344820003349
60 120 4 5 8 8.5 526.8633915785479 0.01225051976484792
60 120 4 5 8.5 9 483.9658779408284 0.01394373547014993
60 120 4 5 9 9.5 445.8975136433095 0.01532105151972019
60 120 4 5 9.5 10 411.945200606015 0.01654187386566264
60 120 4 5 10 10.5 381.5245135474461 0.0174057090512747
60 120 4 5 10.5 11 354.2350549945714 0.005549942098241445
60 120 4 5 11 11.5 329.5077957386212 0.01645451828767364
60 120 4 5 11.5 12 307.0963890814141 0.01413160315541973
60 120 4 5 12 12.5 286.7179938493315 0.01221521253222591
60 120 4 5 12.5 13 268.1322114038809 0.01059003830931715
60 120 4 5 13 13.5 251.134034404004 0.00918674695236632
60 120 4 5 13.5 14 235.5478040179277 0.007989918095290705
60 120 4 5 14 14.5 221.22203036455 0.006975334080010498
60 120 4 5 14.5 15 208.0252047896931 0.006099021906663893
60 120 4 5 15 16 380.4174526068728 0.005765441276537331
60 120 4 5 16 17 338.5720786313737 0.005248021733336827
60 120 4 5 17 18 302.4598436514021 0.004593382304221905
60 120 4 5 18 19 271.1011552317379 0.004065973497404229
60 120 4 5 19 20 243.7185876737484 0.003406987104312975
60 120 4 5 20 21 219.6876980625252 0.00303541982506772
60 120 4 5 21 22 198.5030751750602 0.00881857979223355
60 120 4 5 22 23 179.7516541318039 0.006821749148201661
60 120 4 5 23 24 163.0920272645283 0.005183463653736453
60 120 4 5 24 25 148.2408351199315 0.00388897404184263
60 120 4 5 25 26 134.9607307370308 0.002870247732516873
60 120 4 5 26 27 123.0517377608507 0.002023084030227551
60 120 4 5 27 28 112.3446833139326 0.00136079192928662
60 120 4 5 28 29 102.6950674957381 0.0008090007582808312
60 120 4 5 29 30 93.9794912964456 0.000352883971103779
60 120 4 5 30 31 86.09190875115691 5.763215644094544e-05
60 120 4 5 31 32 78.94012422972609 0.000271764363873217
60 120 4 5 32 33 72.44438686605706 0.0005032514173848313
60 120 4 5 33 34 66.53530722348326 0.0006794477217653139
60 120 4 5 34 35 61.15190049038851 0.0008040780295388572
60 120 4 5 35 36 56.2405580686435 0.0009287686265437856
60 120 4 5 36 37 51.75446586936097 0.00100917433503156
60 120 4 5 37 38 47.65208583920353 0.001066777838111932
60 120 4 5 38 39 43.89653523080754 0.001106629881498122
60 120 4 5 39 40 40.45508236710969 0.001138054191379467
60 120 4 5 40 42 71.69965029894075 0.0006393732650877837
60 120 4 5 42 44 61.0308437594214 0.000624905778146001
60 120 4 5 44 46 52.00895076360056 0.0005237868625798114
60 120 4 5 46 48 44.36091737200015 0.0003353838059965142
60 120 4 5 48 50 37.86441765688989 0.0002414571997704229
60 120 4 5 50 52 32.33654379121776 0.000156147065290213
60 120 4 5 52 54 27.62615938861567 8.511770553809583e-05
60 120 4 5 54 56 23.60753169176769 0.001114178877571703
60 120 4 5 56 58 20.17584696717936 7.619644387446556e-05
60 120 4 5 58 60 17.24321684183251 4.090796294420329e-05
60 120 4 5 60 65 32.91573756598427 2.993182315691456e-05
60 120 4 5 65 70 22.18954857170625 0.0001556355533196552
60 120 4 5 70 80 24.92136084317456 0.0002444001624013481
60 120 4 5 80 90 11.1035952637234 9.554333716899066e-05
60 120 4 5 90 100 4.842664144803932 1.233072109041444e-05
10 120 -5 5 0 100 1014959.459604392 35.09397754351775
