#q2lo q2hi ylo yhi qTlo qThi PDF0  uncertainty
10 60 -5 -4 0 0.5 -506451.2629578728 9.046457700838801
10 60 -5 -4 0.5 1 76848.437431125 0.3405434612359386
10 60 -5 -4 1 1.5 84583.51865037967 3.039296095754253
10 60 -5 -4 1.5 2 67977.76864337138 2.133233186628786
10 60 -5 -4 2 2.5 54224.4859931881 2.323079035959381
10 60 -5 -4 2.5 3 43985.76044660898 1.18195249762357
10 60 -5 -4 3 3.5 36323.19539241309 0.9080324630776886
10 60 -5 -4 3.5 4 30465.02245725003 0.7192198130433098
10 60 -5 -4 4 4.5 25885.14526112339 0.5878808308516454
10 60 -5 -4 4.5 5 22231.47915780233 0.8698775739612756
10 60 -5 -4 5 5.5 19264.97176155894 0.4102823922876269
10 60 -5 -4 5.5 6 16819.75865311961 0.3439954799323459
10 60 -5 -4 6 6.5 14778.08136937328 0.2896274214945151
10 60 -5 -4 6.5 7 13054.45411183996 0.2444196368196572
10 60 -5 -4 7 7.5 11585.56927067295 0.2056788827376295
10 60 -5 -4 7.5 8 10323.60022821405 0.1732634604795749
10 60 -5 -4 8 8.5 9231.815964481166 0.1465084273604589
10 60 -5 -4 8.5 9 8281.541022671425 0.1241471196553903
10 60 -5 -4 9 9.5 7450.050343607249 0.1056371801905698
10 60 -5 -4 9.5 10 6719.128360406487 0.08979715535133437
10 60 -5 -4 10 10.5 6073.964261863045 0.0768898314827311
10 60 -5 -4 10.5 11 5502.410818330403 0.06659156547721068
10 60 -5 -4 11 11.5 4994.410963220927 0.05797613415961678
10 60 -5 -4 11.5 12 4541.551135630181 0.1933298209387431
10 60 -5 -4 12 12.5 4136.752692234688 0.1437078767539788
10 60 -5 -4 12.5 13 3774.019973979547 0.1041057503471166
10 60 -5 -4 13 13.5 3448.237528022477 0.07282903435088883
10 60 -5 -4 13.5 14 3155.017009649692 0.04775677580664706
10 60 -5 -4 14 14.5 2890.582216479889 0.02792327938550443
10 60 -5 -4 14.5 15 2651.666293609655 0.02457913257831024
10 60 -5 -4 15 16 4674.825648202028 0.04150725675663125
10 60 -5 -4 16 17 3960.947554467017 0.1514297495082246
10 60 -5 -4 17 18 3369.930751630412 0.0276432483433382
10 60 -5 -4 18 19 2877.976760166238 0.02278354939471683
10 60 -5 -4 19 20 2466.45389007922 0.01892631460577832
10 60 -5 -4 20 21 2120.642769591403 0.0158715609736646
10 60 -5 -4 21 22 1828.823123745865 0.01334761622638325
10 60 -5 -4 22 23 1581.60226746757 0.0115117638601987
10 60 -5 -4 23 24 1371.400900052961 0.01217309250228027
10 60 -5 -4 24 25 1192.066766513982 0.01275113597534983
10 60 -5 -4 25 26 1038.579391819297 0.01341762280662806
10 60 -5 -4 26 27 906.8213164352653 0.01405088020771927
10 60 -5 -4 27 28 793.3990750842029 0.01417483835973599
10 60 -5 -4 28 29 695.5028363133089 0.01416594063880439
10 60 -5 -4 29 30 610.7974851701362 0.0138383022230073
10 60 -5 -4 30 31 537.3337268182877 0.01362263412397624
10 60 -5 -4 31 32 473.4780629481253 0.01341030712040947
10 60 -5 -4 32 33 417.8575894715619 0.01318284373178358
10 60 -5 -4 33 34 369.3140893611989 0.01296805092948716
10 60 -5 -4 34 35 326.8675294472278 0.01265475114331593
10 60 -5 -4 35 36 289.6858119590714 0.01214754933079121
10 60 -5 -4 36 37 257.0603521386026 0.01168102786709824
10 60 -5 -4 37 38 228.3865111106673 0.01110476177117903
10 60 -5 -4 38 39 203.1470357988591 0.001240790896218869
10 60 -5 -4 39 40 180.8979474610758 0.001099916467069306
10 60 -5 -4 40 42 305.1531998184954 0.001847023893333244
10 60 -5 -4 42 44 243.4428967692714 0.001467418328104486
10 60 -5 -4 44 46 194.9327878572115 0.001168583569295834
10 60 -5 -4 46 48 156.6254272086738 0.0009383912633325053
10 60 -5 -4 48 50 126.246851656376 0.0054498792502784
10 60 -5 -4 50 52 102.0619134447928 0.002283393828420799
10 60 -5 -4 52 54 82.73692535469254 0.0005785569609457752
10 60 -5 -4 54 56 67.24262890025766 0.003248747892541815
10 60 -5 -4 56 58 54.77967341186655 0.0003268982460227221
10 60 -5 -4 58 60 44.72495167068163 0.0002671837001031463
10 60 -5 -4 60 65 79.49674437112189 0.0004777348595723652
10 60 -5 -4 65 70 48.63285245019014 0.0002943556290944116
10 60 -5 -4 70 80 48.65349442267917 0.0009198829005399034
10 60 -5 -4 80 90 18.906115689053 0.0005146272364875415
10 60 -5 -4 90 100 7.403901283689298 0.0002337759378336912
10 60 -4 -3.5 0 0.5 -336761.6171817407 5.310981783899479
10 60 -4 -3.5 0.5 1 33158.28522813906 0.2254853618214838
10 60 -4 -3.5 1 1.5 45703.47243400469 1.977478027838515
10 60 -4 -3.5 1.5 2 38267.57967390458 1.25189465333824
10 60 -4 -3.5 2 2.5 31136.10514248777 0.8819280164643715
10 60 -4 -3.5 2.5 3 25578.63693468678 0.7012316935361014
10 60 -4 -3.5 3 3.5 21320.34818376378 0.5876529414417746
10 60 -4 -3.5 3.5 4 18016.3022678043 0.4853513641428435
10 60 -4 -3.5 4 4.5 15406.40355024238 0.3942365655057074
10 60 -4 -3.5 4.5 5 13308.17690926122 0.3165173224879254
10 60 -4 -3.5 5 5.5 11594.26046257667 0.2543637190301524
10 60 -4 -3.5 5.5 6 10174.57776958292 0.2076788769245468
10 60 -4 -3.5 6 6.5 8984.31191335137 0.1717321871492459
10 60 -4 -3.5 6.5 7 7975.902671956377 0.1437416382186711
10 60 -4 -3.5 7 7.5 7113.825854146872 0.1206082590324513
10 60 -4 -3.5 7.5 8 6371.060785454515 0.1015261077591276
10 60 -4 -3.5 8 8.5 5726.741398895991 0.08569120901211136
10 60 -4 -3.5 8.5 9 5164.482963607498 0.07242585949734348
10 60 -4 -3.5 9 9.5 4671.269146150064 0.06149053192348219
10 60 -4 -3.5 9.5 10 4236.611331371498 0.05248597419449652
10 60 -4 -3.5 10 10.5 3851.968532265286 0.04512077451408913
10 60 -4 -3.5 10.5 11 3510.321356581251 0.0391578118515099
10 60 -4 -3.5 11 11.5 3205.8385192823 0.1566403077035829
10 60 -4 -3.5 11.5 12 2933.639015765916 0.1212048802240133
10 60 -4 -3.5 12 12.5 2689.612813834708 0.09281099873169296
10 60 -4 -3.5 12.5 13 2470.272328773352 0.07025481816890533
10 60 -4 -3.5 13 13.5 2272.63880842373 0.0521074846301417
10 60 -4 -3.5 13.5 14 2094.158554216 0.03760057101590064
10 60 -4 -3.5 14 14.5 1932.63149940543 0.02600031263750679
10 60 -4 -3.5 14.5 15 1786.153319419677 0.01691785601155971
10 60 -4 -3.5 15 16 3184.997076799333 0.05413996007655442
10 60 -4 -3.5 16 17 2742.077867588579 0.02063911026425558
10 60 -4 -3.5 17 18 2372.119343930556 0.05981025608343771
10 60 -4 -3.5 18 19 2061.216550579816 0.08329491598624372
10 60 -4 -3.5 19 20 1798.473647555744 0.01194306115417021
10 60 -4 -3.5 20 21 1575.272526433208 0.01018115871420378
10 60 -4 -3.5 21 22 1384.737125431237 0.008652120819760967
10 60 -4 -3.5 22 23 1221.348307601114 0.007475890892465031
10 60 -4 -3.5 23 24 1080.641197448518 0.006414715797518511
10 60 -4 -3.5 24 25 958.9795764518061 0.005609407348856621
10 60 -4 -3.5 25 26 853.3891183041306 0.004872088321690171
10 60 -4 -3.5 26 27 761.4212784923053 0.004280382443084818
10 60 -4 -3.5 27 28 681.0488937719917 0.003770265267576178
10 60 -4 -3.5 28 29 610.5864589186664 0.004617678208660436
10 60 -4 -3.5 29 30 548.6261827030118 0.005756000207611578
10 60 -4 -3.5 30 31 493.9865050083934 0.006355660979409095
10 60 -4 -3.5 31 32 445.6719574698009 0.006967035263642174
10 60 -4 -3.5 32 33 402.840528493439 0.007622627282842132
10 60 -4 -3.5 33 34 364.7770238868253 0.007890502412919886
10 60 -4 -3.5 34 35 330.8718419759941 0.00798118085083388
10 60 -4 -3.5 35 36 300.603624386355 0.008191005362391479
10 60 -4 -3.5 36 37 273.525027625359 0.008375199254146537
10 60 -4 -3.5 37 38 249.251034678868 0.008458294959126533
10 60 -4 -3.5 38 39 227.4492213873404 0.008571367924929518
10 60 -4 -3.5 39 40 207.8317258360544 0.008694281689088257
10 60 -4 -3.5 40 42 364.3309947487084 0.01754451996146145
10 60 -4 -3.5 42 44 306.4066374874501 0.001500509233778757
10 60 -4 -3.5 44 46 258.821746216021 0.001260843574868886
10 60 -4 -3.5 46 48 219.5067818174031 0.00106444365093239
10 60 -4 -3.5 48 50 186.8530559150632 0.0009035623523345748
10 60 -4 -3.5 50 52 159.5996451590161 0.0007703440827242503
10 60 -4 -3.5 52 54 136.7507869896387 0.0006594810051581135
10 60 -4 -3.5 54 56 117.5144758614621 0.0005666481323061134
10 60 -4 -3.5 56 58 101.2565972771702 0.0004883648661433426
10 60 -4 -3.5 58 60 87.46635352834033 0.0004223088454011759
10 60 -4 -3.5 60 65 170.9963476693597 0.0008281378949561713
10 60 -4 -3.5 65 70 120.7588123267594 0.0005886272583666141
10 60 -4 -3.5 70 80 148.3028020042022 0.0007322401878298024
10 60 -4 -3.5 80 90 77.9974862985954 0.000393641218622065
10 60 -4 -3.5 90 100 42.01442290454727 0.0002174062329061144
10 60 -3.5 -3.25 0 0.5 -189212.0639391894 4.402847425983055
10 60 -3.5 -3.25 0.5 1 14842.52120222913 0.01853647955249471
10 60 -3.5 -3.25 1 1.5 23297.92994184528 0.9173220434277027
10 60 -3.5 -3.25 1.5 2 19878.85423298529 0.9357648003133363
10 60 -3.5 -3.25 2 2.5 16310.97934579499 0.733769630702227
10 60 -3.5 -3.25 2.5 3 13466.39788267508 0.5936384586857457
10 60 -3.5 -3.25 3 3.5 11262.07248172414 0.4982700791897514
10 60 -3.5 -3.25 3.5 4 9539.777899442099 0.4286027566195116
10 60 -3.5 -3.25 4 4.5 8172.775477171273 0.3759870931116893
10 60 -3.5 -3.25 4.5 5 7069.89400721555 0.3380498993383299
10 60 -3.5 -3.25 5 5.5 6166.580699074118 0.1373808454927712
10 60 -3.5 -3.25 5.5 6 5416.75821717695 0.1134296610880483
10 60 -3.5 -3.25 6 6.5 4787.045149236415 0.09374561688491667
10 60 -3.5 -3.25 6.5 7 4252.825339047899 0.077372957278385
10 60 -3.5 -3.25 7 7.5 3795.631135701393 0.06430693338961646
10 60 -3.5 -3.25 7.5 8 3401.371404158279 0.05393866975100536
10 60 -3.5 -3.25 8 8.5 3059.123977348777 0.04528271385697735
10 60 -3.5 -3.25 8.5 9 2760.298905300936 0.0382323653725507
10 60 -3.5 -3.25 9 9.5 2498.048719892183 0.03258964592396296
10 60 -3.5 -3.25 9.5 10 2266.849724754149 0.0280859632348438
10 60 -3.5 -3.25 10 10.5 2062.195405633334 0.02412235384963424
10 60 -3.5 -3.25 10.5 11 1880.372977938928 0.02085420768685253
10 60 -3.5 -3.25 11 11.5 1718.297025820049 0.08266494018266712
10 60 -3.5 -3.25 11.5 12 1573.382506106279 0.0638400021034613
10 60 -3.5 -3.25 12 12.5 1443.448111349713 0.0487426494180454
10 60 -3.5 -3.25 12.5 13 1326.642191110375 0.03670796392884768
10 60 -3.5 -3.25 13 13.5 1221.383370895852 0.02710019271921738
10 60 -3.5 -3.25 13.5 14 1126.314324230329 0.01945953924428068
10 60 -3.5 -3.25 14 14.5 1040.264672897391 0.01337674895967211
10 60 -3.5 -3.25 14.5 15 962.221203153697 0.008579333323268656
10 60 -3.5 -3.25 15 16 1718.044929787536 0.0260989303073984
10 60 -3.5 -3.25 16 17 1481.948790892994 0.01109316045790365
10 60 -3.5 -3.25 17 18 1284.662950549863 0.03285688520213625
10 60 -3.5 -3.25 18 19 1118.788419612644 0.04462918224294299
10 60 -3.5 -3.25 19 20 978.525332950004 0.006327892794274703
10 60 -3.5 -3.25 20 21 859.2874822062389 0.005374373483391537
10 60 -3.5 -3.25 21 22 757.4189122102767 0.004573556860009376
10 60 -3.5 -3.25 22 23 669.9831420487308 0.003949072533941944
10 60 -3.5 -3.25 23 24 594.6069374547673 0.00341065661484663
10 60 -3.5 -3.25 24 25 529.3584229208051 0.002974399968593389
10 60 -3.5 -3.25 25 26 472.6570038530645 0.002596276091026084
10 60 -3.5 -3.25 26 27 423.2018476688271 0.002282060178970369
10 60 -3.5 -3.25 27 28 379.9166000686184 0.002015086265885202
10 60 -3.5 -3.25 28 29 341.9066244220936 0.00178310140273652
10 60 -3.5 -3.25 29 30 308.4244987049924 0.001588023637737024
10 60 -3.5 -3.25 30 31 278.8431609821703 0.001412188961523952
10 60 -3.5 -3.25 31 32 252.6342780978042 0.001270402708087204
10 60 -3.5 -3.25 32 33 229.3509070170942 0.001134852472262082
10 60 -3.5 -3.25 33 34 208.6134488260419 0.001025689727185863
10 60 -3.5 -3.25 34 35 190.0983704995918 0.0009243299988099807
10 60 -3.5 -3.25 35 36 173.5289658603668 0.0008369766768225873
10 60 -3.5 -3.25 36 37 158.6676995537103 0.0007595142333798321
10 60 -3.5 -3.25 37 38 145.3100602906823 0.000690401195100776
10 60 -3.5 -3.25 38 39 133.279431133822 0.0006292491525243804
10 60 -3.5 -3.25 39 40 122.422813889576 0.0005744960731988158
10 60 -3.5 -3.25 40 42 216.3245016381899 0.001007461891447292
10 60 -3.5 -3.25 42 44 183.972377828309 0.0008488040618601644
10 60 -3.5 -3.25 44 46 157.215399247353 0.000720055832800881
10 60 -3.5 -3.25 46 48 134.9498056030883 0.0006142518294893762
10 60 -3.5 -3.25 48 50 116.3161499158079 0.0005269655411836993
10 60 -3.5 -3.25 50 52 100.6395810073225 0.0004541140263256693
10 60 -3.5 -3.25 52 54 87.38602528784084 0.0003933384845140608
10 60 -3.5 -3.25 54 56 76.12962285876213 0.0003419388630447884
10 60 -3.5 -3.25 56 58 66.52854633199095 0.0002984702401249706
10 60 -3.5 -3.25 58 60 58.30655188066632 0.000261367032415194
10 60 -3.5 -3.25 60 65 116.928611950339 0.0005243140121535816
10 60 -3.5 -3.25 65 70 85.90355744042962 0.0003862357684454309
10 60 -3.5 -3.25 70 80 112.0735997927881 0.000636311656208477
10 60 -3.5 -3.25 80 90 64.64217892314559 0.000539883059730073
10 60 -3.5 -3.25 90 100 38.51520741155005 0.0004346935268912944
10 60 -3.25 -3 0 0.5 -203246.413010227 3.187338497693418
10 60 -3.25 -3 0.5 1 13624.09224931098 0.6596966826309654
10 60 -3.25 -3 1 1.5 23547.0034185556 0.9954028243628272
10 60 -3.25 -3 1.5 2 20339.06498310344 0.6948689645178092
10 60 -3.25 -3 2 2.5 16777.62945663742 0.5499682648296584
10 60 -3.25 -3 2.5 3 13894.4101074064 0.4401841676681215
10 60 -3.25 -3 3 3.5 11643.61100517394 0.3645785747285117
10 60 -3.25 -3 3.5 4 9877.069516691574 0.3078431545181957
10 60 -3.25 -3 4 4.5 8470.609648417931 0.2661856109771179
10 60 -3.25 -3 4.5 5 7333.315000796899 0.2353456514756544
10 60 -3.25 -3 5 5.5 6400.189208080797 0.2109553182826858
10 60 -3.25 -3 5.5 6 5624.565576666796 0.1920052404466333
10 60 -3.25 -3 6 6.5 4972.477388238437 0.176730684870563
10 60 -3.25 -3 6.5 7 4418.795718365433 0.1642075374338674
10 60 -3.25 -3 7 7.5 3944.617002068231 0.1540359122768677
10 60 -3.25 -3 7.5 8 3535.484429003113 0.1456453495861751
10 60 -3.25 -3 8 8.5 3180.170276886333 0.1386275757181465
10 60 -3.25 -3 8.5 9 2869.831645573497 0.133528413395652
10 60 -3.25 -3 9 9.5 2597.404887947023 0.1287084093992235
10 60 -3.25 -3 9.5 10 2357.188634352299 0.02908003357879352
10 60 -3.25 -3 10 10.5 2144.52169400898 0.0249037959688394
10 60 -3.25 -3 10.5 11 1955.562868002801 0.0215553709329015
10 60 -3.25 -3 11 11.5 1787.115857473311 0.08590003212816555
10 60 -3.25 -3 11.5 12 1636.500981573941 0.06616989605367962
10 60 -3.25 -3 12 12.5 1501.455671181517 0.0504008625359802
10 60 -3.25 -3 12.5 13 1380.057821445612 0.03782268699819724
10 60 -3.25 -3 13 13.5 1270.665061495172 0.02781718642313535
10 60 -3.25 -3 13.5 14 1171.867170993016 0.01983359701148402
10 60 -3.25 -3 14 14.5 1082.448083696463 0.01352666109414713
10 60 -3.25 -3 14.5 15 1001.354121328246 0.008558757332593814
10 60 -3.25 -3 15 16 1788.26322554921 0.02436291680510294
10 60 -3.25 -3 16 17 1542.992075659432 0.01382189595437922
10 60 -3.25 -3 17 18 1338.069486972865 0.03608026122697083
10 60 -3.25 -3 18 19 1165.797408056206 0.04791428103817452
10 60 -3.25 -3 19 20 1020.14123392205 0.006462865948037688
10 60 -3.25 -3 20 21 896.3298457800439 0.005525524888753353
10 60 -3.25 -3 21 22 790.5599812217565 0.00470329074471465
10 60 -3.25 -3 22 23 699.7781447593873 0.004052730752277967
10 60 -3.25 -3 23 24 621.5159241926855 0.00350654080421009
10 60 -3.25 -3 24 25 553.7656649029597 0.003046562110739615
10 60 -3.25 -3 25 26 494.8846126619536 0.002669566275699253
10 60 -3.25 -3 26 27 443.521329818149 0.002341275754133676
10 60 -3.25 -3 27 28 398.558039367783 0.002069742307696743
10 60 -3.25 -3 28 29 359.0656188081282 0.001837407675566283
10 60 -3.25 -3 29 30 324.2684556222853 0.001627453036178395
10 60 -3.25 -3 30 31 293.5158075809908 0.001460259842417599
10 60 -3.25 -3 31 32 266.2594710054574 0.001301700703606912
10 60 -3.25 -3 32 33 242.0359177270727 0.00117409065117613
10 60 -3.25 -3 33 34 220.4516081100146 0.001055876492330299
10 60 -3.25 -3 34 35 201.1711036497329 0.000954372658156899
10 60 -3.25 -3 35 36 183.9075631960709 0.0008654629631905664
10 60 -3.25 -3 36 37 168.4149286784179 0.0007851656539799023
10 60 -3.25 -3 37 38 154.481332174176 0.0007151861680085858
10 60 -3.25 -3 38 39 141.9237689339071 0.0006522348674877776
10 60 -3.25 -3 39 40 130.5837869913641 0.0005964763367956039
10 60 -3.25 -3 40 42 231.3475658219112 0.001047552650106809
10 60 -3.25 -3 42 44 197.4774184669994 0.0008852378051358301
10 60 -3.25 -3 44 46 169.4159476711278 0.0007532142939510322
10 60 -3.25 -3 46 48 146.0201276733243 0.0006447817612240669
10 60 -3.25 -3 48 50 126.3999898713193 0.0005549402298754558
10 60 -3.25 -3 50 52 109.8566205737563 0.0004799882298129887
10 60 -3.25 -3 52 54 95.83668826090783 0.0004171997901067925
10 60 -3.25 -3 54 56 83.89891922688659 0.0003641154282121306
10 60 -3.25 -3 56 58 73.68896879431655 0.0003191242534370531
10 60 -3.25 -3 58 60 64.92042873213543 0.0002806875454552937
10 60 -3.25 -3 60 65 131.4088183290512 0.0005675816264556488
10 60 -3.25 -3 65 70 97.95822861503623 0.0004232820773353296
10 60 -3.25 -3 70 80 130.7460277466188 0.0005677321691166526
10 60 -3.25 -3 80 90 78.11509610699564 0.0003431338385979643
10 60 -3.25 -3 90 100 48.40217278790237 0.0002567068311591925
10 60 -3 -2.75 0 0.5 -217226.4487009878 10.09971331866109
10 60 -3 -2.75 0.5 1 12389.35203237218 0.3278612586673262
10 60 -3 -2.75 1 1.5 23775.86797011346 1.010269470807543
10 60 -3 -2.75 1.5 2 20782.61425269159 0.8048691533622332
10 60 -3 -2.75 2 2.5 17230.84768831225 0.5745522512734169
10 60 -3 -2.75 2.5 3 14311.46040839932 0.4485971305202838
10 60 -3 -2.75 3 3.5 12016.00077485471 0.3834490824756358
10 60 -3 -2.75 3.5 4 10206.57558645186 0.3299119941311801
10 60 -3 -2.75 4 4.5 8761.693023890919 0.2874063562867377
10 60 -3 -2.75 4.5 5 7590.774624741049 0.2498454106944337
10 60 -3 -2.75 5 5.5 6628.458123371868 0.2186790300866051
10 60 -3 -2.75 5.5 6 5827.520947197857 0.1927168446500218
10 60 -3 -2.75 6 6.5 5153.44606859118 0.1711169552017964
10 60 -3 -2.75 6.5 7 4580.615834622511 0.1532905426711295
10 60 -3 -2.75 7 7.5 4089.705811085424 0.1386529976189195
10 60 -3 -2.75 7.5 8 3665.908744320678 0.1264369286868714
10 60 -3 -2.75 8 8.5 3297.701091245443 0.1163583249531257
10 60 -3 -2.75 8.5 9 2975.990361752738 0.1075783704282003
10 60 -3 -2.75 9 9.5 2693.508960670847 0.100385572021878
10 60 -3 -2.75 9.5 10 2444.375821848457 0.09376917939243867
10 60 -3 -2.75 10 10.5 2223.784726715296 0.08810750239445042
10 60 -3 -2.75 10.5 11 2027.767216633011 0.08360460740595954
10 60 -3 -2.75 11 11.5 1853.018528957887 0.08941217963706549
10 60 -3 -2.75 11.5 12 1696.765645574144 0.07616433355792651
10 60 -3 -2.75 12 12.5 1556.666416215394 0.07336608141122269
10 60 -3 -2.75 12.5 13 1430.729491265344 0.07096768146561772
10 60 -3 -2.75 13 13.5 1317.252219123645 0.02862113718492765
10 60 -3 -2.75 13.5 14 1214.772362582541 0.02032092427180032
10 60 -3 -2.75 14 14.5 1122.02818045408 0.01375419906980824
10 60 -3 -2.75 14.5 15 1037.926335747978 0.008562268625837532
10 60 -3 -2.75 15 16 1853.484435742072 0.02296152476833413
10 60 -3 -2.75 16 17 1599.197358732516 0.0165926915738055
10 60 -3 -2.75 17 18 1386.792736625703 0.03937093284184812
10 60 -3 -2.75 18 19 1208.274456060906 0.05140612937884725
10 60 -3 -2.75 19 20 1057.37404048561 0.006632212759086542
10 60 -3 -2.75 20 21 929.1350902071777 0.005604536803048177
10 60 -3 -2.75 21 22 819.607317552909 0.00484206398527931
10 60 -3 -2.75 22 23 725.6196684762782 0.004128816193883722
10 60 -3 -2.75 23 24 644.6093806458903 0.003576976038289104
10 60 -3 -2.75 24 25 574.4922548446517 0.003115885215379421
10 60 -3 -2.75 25 26 513.5635080254624 0.002724954793393408
10 60 -3 -2.75 26 27 460.4209021637684 0.002393979115424827
10 60 -3 -2.75 27 28 413.9049912082072 0.002109624242621067
10 60 -3 -2.75 28 29 373.0523071430282 0.001868353087559171
10 60 -3 -2.75 29 30 337.0585506967926 0.001672654350784342
10 60 -3 -2.75 30 31 305.2494350718518 0.00147833713754153
10 60 -3 -2.75 31 32 277.056988461945 0.001336445048423229
10 60 -3 -2.75 32 33 252.0010175717456 0.001195216163779378
10 60 -3 -2.75 33 34 229.6739932959701 0.001078011343423668
10 60 -3 -2.75 34 35 209.7286422402416 0.0009757602063871218
10 60 -3 -2.75 35 36 191.8680458025096 0.0008824249078429602
10 60 -3 -2.75 36 37 175.8375569473231 0.0008029444748274273
10 60 -3 -2.75 37 38 161.4179978873842 0.0007307326197008024
10 60 -3 -2.75 38 39 148.4201084206953 0.0006667681539909154
10 60 -3 -2.75 39 40 136.680007656873 0.0006102400756731186
10 60 -3 -2.75 40 42 242.4778309747541 0.001072840671838549
10 60 -3 -2.75 42 44 207.3848693485374 0.0009072328930699314
10 60 -3 -2.75 44 46 178.2906807256798 0.0007728143474423632
10 60 -3 -2.75 46 48 154.0151268498225 0.0006625688016015374
10 60 -3 -2.75 48 50 133.6392688608144 0.0005713053243709965
10 60 -3 -2.75 50 52 116.4417553278614 0.0004950558440555142
10 60 -3 -2.75 52 54 101.8515879670355 0.0004311625533688357
10 60 -3 -2.75 54 56 89.41351746382014 0.0003772233679342207
10 60 -3 -2.75 56 58 78.76196701924884 0.0003313443351089518
10 60 -3 -2.75 58 60 69.60142080235013 0.0002921786906853185
10 60 -3 -2.75 60 65 141.6587357180563 0.0005934480321627689
10 60 -3 -2.75 65 70 106.5204992320389 0.0004457463150657759
10 60 -3 -2.75 70 80 144.1557524701053 0.0006047786563669888
10 60 -3 -2.75 80 90 88.01014453459551 0.0003723540770153022
10 60 -3 -2.75 90 100 55.8745409535497 0.0002393200415866659
10 60 -2.75 -2.5 0 0.5 -230961.6903422611 3.055338570120512
10 60 -2.75 -2.5 0.5 1 11164.01725922183 0.09410837136965711
10 60 -2.75 -2.5 1 1.5 23991.68156804825 1.072680788998696
10 60 -2.75 -2.5 1.5 2 21211.81214501897 0.7795454558217898
10 60 -2.75 -2.5 2 2.5 17671.21824108941 0.6082898499771545
10 60 -2.75 -2.5 2.5 3 14717.41623218098 0.5676811531466228
10 60 -2.75 -2.5 3 3.5 12378.88227878581 0.5009797516286199
10 60 -2.75 -2.5 3.5 4 10527.91434141031 0.4379121437559661
10 60 -2.75 -2.5 4 4.5 9045.708587705974 0.3808971127364202
10 60 -2.75 -2.5 4.5 5 7842.0822233793 0.3319150715260548
10 60 -2.75 -2.5 5 5.5 6851.328284469697 0.289874583359051
10 60 -2.75 -2.5 5.5 6 6025.70013882895 0.2544745777313437
10 60 -2.75 -2.5 6 6.5 5330.155546157425 0.2237668689122074
10 60 -2.75 -2.5 6.5 7 4738.606999610836 0.1980964384374602
10 60 -2.75 -2.5 7 7.5 4231.327046668037 0.1760714804104282
10 60 -2.75 -2.5 7.5 8 3793.166924319302 0.1570073813013551
10 60 -2.75 -2.5 8 8.5 3412.319175893345 0.1403576536795299
10 60 -2.75 -2.5 8.5 9 3079.453454429782 0.1261681756445796
10 60 -2.75 -2.5 9 9.5 2787.099136123455 0.1135483640046004
10 60 -2.75 -2.5 9.5 10 2529.208265053074 0.1029646666029294
10 60 -2.75 -2.5 10 10.5 2300.828511275146 0.09401839560860026
10 60 -2.75 -2.5 10.5 11 2097.867782002554 0.08604310073087618
10 60 -2.75 -2.5 11 11.5 1916.917250263868 0.09307426568557275
10 60 -2.75 -2.5 11.5 12 1755.113785514431 0.07328975121754411
10 60 -2.75 -2.5 12 12.5 1610.03638719653 0.06800698869051303
10 60 -2.75 -2.5 12.5 13 1479.626496677041 0.06333704997746281
10 60 -2.75 -2.5 13 13.5 1362.123584457081 0.05931589743386212
10 60 -2.75 -2.5 13.5 14 1256.014148695952 0.05575488889326152
10 60 -2.75 -2.5 14 14.5 1159.991828133408 0.05253199783851414
10 60 -2.75 -2.5 14.5 15 1072.924705242279 0.04975705364267924
10 60 -2.75 -2.5 15 16 1915.670206573564 0.09308639967071031
10 60 -2.75 -2.5 16 17 1652.497794724176 0.01892274233591706
10 60 -2.75 -2.5 17 18 1432.723287441338 0.04237883210976179
10 60 -2.75 -2.5 18 19 1248.057780776391 0.05471790871865778
10 60 -2.75 -2.5 19 20 1092.002991131617 0.006825318528854041
10 60 -2.75 -2.5 20 21 959.4202188738242 0.005724453057041501
10 60 -2.75 -2.5 21 22 846.2141115076154 0.004899144894011442
10 60 -2.75 -2.5 22 23 749.0970114114201 0.0042256616108034
10 60 -2.75 -2.5 23 24 665.4124039334641 0.003644945098812968
10 60 -2.75 -2.5 24 25 593.0001467104503 0.003165975440197144
10 60 -2.75 -2.5 25 26 530.0934016145023 0.002769808749349068
10 60 -2.75 -2.5 26 27 475.2393853027959 0.002434006158864577
10 60 -2.75 -2.5 27 28 427.2369532682167 0.002146189565337409
10 60 -2.75 -2.5 28 29 385.0884305683046 0.001900448327205595
10 60 -2.75 -2.5 29 30 347.961086006234 0.001688684265388929
10 60 -2.75 -2.5 30 31 315.1566802190139 0.001510860294558825
10 60 -2.75 -2.5 31 32 286.0875100352174 0.00135007754391836
10 60 -2.75 -2.5 32 33 260.2568208970238 0.001213960636846423
10 60 -2.75 -2.5 33 34 237.2429929391209 0.001094150315083198
10 60 -2.75 -2.5 34 35 216.6869681818195 0.000988433876699446
10 60 -2.75 -2.5 35 36 198.2818179446199 0.0008956566023812229
10 60 -2.75 -2.5 36 37 181.7642822219347 0.0008138895391596179
10 60 -2.75 -2.5 37 38 166.9079614069763 0.0007404762495468731
10 60 -2.75 -2.5 38 39 153.5173911661897 0.0006761829901336114
10 60 -2.75 -2.5 39 40 141.4233063349533 0.0006186481359691243
10 60 -2.75 -2.5 40 42 251.0348941803304 0.001086957325924232
10 60 -2.75 -2.5 42 44 214.8863693643079 0.0009202963043435375
10 60 -2.75 -2.5 44 46 184.9160920672906 0.0007843914394243257
10 60 -2.75 -2.5 46 48 159.90698015988 0.0006725145507573416
10 60 -2.75 -2.5 48 50 138.9116989169869 0.0005800874914996257
10 60 -2.75 -2.5 50 52 121.1869833486937 0.0005031633366172628
10 60 -2.75 -2.5 52 54 106.1448715750099 0.0004385467085228356
10 60 -2.75 -2.5 54 56 93.3165528877598 0.0003839309187867457
10 60 -2.75 -2.5 56 58 82.32582785795353 0.0003376189932851048
10 60 -2.75 -2.5 58 60 72.86871265780489 0.0002980340466507414
10 60 -2.75 -2.5 60 65 148.7505347794527 0.0006065058587694239
10 60 -2.75 -2.5 65 70 112.3924121869966 0.0004573938718692716
10 60 -2.75 -2.5 70 80 153.3071068441982 0.0006245089595324771
10 60 -2.75 -2.5 80 90 94.78936114910331 0.0003885856209819849
10 60 -2.75 -2.5 90 100 61.06066078267936 0.0002528469708380499
10 60 -2.5 -2.4 0 0.5 -96129.9777488566 1.285699351719813
10 60 -2.5 -2.4 0.5 1 4132.918339177598 0.1776343691317379
10 60 -2.5 -2.4 1 1.5 9656.233808623334 0.3220563088380004
10 60 -2.5 -2.4 1.5 2 8602.133612231088 0.2546616026338597
10 60 -2.5 -2.4 2 2.5 7188.796150059865 0.2025262503702834
10 60 -2.5 -2.4 2.5 3 5997.831850889973 0.1748544617339576
10 60 -2.5 -2.4 3 3.5 5050.653202125879 0.1484413056823541
10 60 -2.5 -2.4 3.5 4 4298.926919010328 0.1216830253470107
10 60 -2.5 -2.4 4 4.5 3695.865435027169 0.09880306486729751
10 60 -2.5 -2.4 4.5 5 3205.495054563813 0.08096125200108872
10 60 -2.5 -2.4 5 5.5 2801.437958823684 0.06564953662382322
10 60 -2.5 -2.4 5.5 6 2464.452917423141 0.05327169844804303
10 60 -2.5 -2.4 6 6.5 2180.37890238612 0.04338433976681699
10 60 -2.5 -2.4 6.5 7 1938.650975436806 0.0355846111901883
10 60 -2.5 -2.4 7 7.5 1731.268819080342 0.02952983968179979
10 60 -2.5 -2.4 7.5 8 1552.080586780491 0.02482884893925075
10 60 -2.5 -2.4 8 8.5 1396.286354242454 0.02092870820433745
10 60 -2.5 -2.4 8.5 9 1260.08894578171 0.01759929975287378
10 60 -2.5 -2.4 9 9.5 1140.445429990982 0.01485011594377283
10 60 -2.5 -2.4 9.5 10 1034.890243985514 0.01262560377472255
10 60 -2.5 -2.4 10 10.5 941.4034022594819 0.01085193903304571
10 60 -2.5 -2.4 10.5 11 858.3149659409527 0.009383803395735413
10 60 -2.5 -2.4 11 11.5 784.2329800301733 0.03829020881812539
10 60 -2.5 -2.4 11.5 12 717.987594645341 0.02938501532230475
10 60 -2.5 -2.4 12 12.5 658.589194239979 0.02227521633653851
10 60 -2.5 -2.4 12.5 13 605.1959608154824 0.01661043183139554
10 60 -2.5 -2.4 13 13.5 557.0877964490934 0.01211753497705104
10 60 -2.5 -2.4 13.5 14 513.645492839977 0.008557430784662756
10 60 -2.5 -2.4 14 14.5 474.3343535187904 0.005741431420517529
10 60 -2.5 -2.4 14.5 15 438.6909245830847 0.003521953043730264
10 60 -2.5 -2.4 15 16 783.157807531075 0.008688218195516129
10 60 -2.5 -2.4 16 17 675.4394789906737 0.008130539058925024
10 60 -2.5 -2.4 17 18 585.4979925681852 0.01775343806480123
10 60 -2.5 -2.4 18 19 509.9377040764979 0.02276786395310637
10 60 -2.5 -2.4 19 20 446.0957913722143 0.003886355733470737
10 60 -2.5 -2.4 20 21 391.8664259595389 0.003604612573553823
10 60 -2.5 -2.4 21 22 345.5712846780271 0.003332752792516658
10 60 -2.5 -2.4 22 23 305.8633371210461 0.003045356958295997
10 60 -2.5 -2.4 23 24 271.6542982872998 0.002828804185071476
10 60 -2.5 -2.4 24 25 242.059224142143 0.002692175344122916
10 60 -2.5 -2.4 25 26 216.3542386739457 0.002561740295305981
10 60 -2.5 -2.4 26 27 193.9440991632452 0.002444500883740375
10 60 -2.5 -2.4 27 28 174.3368439907838 0.002343830978418282
10 60 -2.5 -2.4 28 29 157.1238829920145 0.002204715336773688
10 60 -2.5 -2.4 29 30 141.9643267737113 0.002067232716910894
10 60 -2.5 -2.4 30 31 128.5724385803532 0.002024856519540208
10 60 -2.5 -2.4 31 32 116.7075291229339 0.002001208622132822
10 60 -2.5 -2.4 32 33 106.1661509468057 0.001929885351671601
10 60 -2.5 -2.4 33 34 96.7757913446539 0.001838375262678937
10 60 -2.5 -2.4 34 35 88.38958825808982 0.001753691288740811
10 60 -2.5 -2.4 35 36 80.88203816224441 0.001697144023182773
10 60 -2.5 -2.4 36 37 74.14548071603527 0.001648946561630282
10 60 -2.5 -2.4 37 38 68.08728113267543 0.001608512446523491
10 60 -2.5 -2.4 38 39 62.62748812705829 0.001580706856195491
10 60 -2.5 -2.4 39 40 57.69689855469166 0.001545136559649052
10 60 -2.5 -2.4 40 42 102.4263815448058 0.002898618121591312
10 60 -2.5 -2.4 42 44 87.69363477630752 0.00272181589124898
10 60 -2.5 -2.4 44 46 75.48110668701337 0.00264957713913816
10 60 -2.5 -2.4 46 48 65.291463575563 0.002432630969664729
10 60 -2.5 -2.4 48 50 56.73826845655207 0.002298055359034379
10 60 -2.5 -2.4 50 52 49.51815002086707 0.002233694890968252
10 60 -2.5 -2.4 52 54 43.39100140334563 0.002104210193159872
10 60 -2.5 -2.4 54 56 38.1656705408797 0.0001545444149684272
10 60 -2.5 -2.4 56 58 33.68878630821273 0.0001359119171979728
10 60 -2.5 -2.4 58 60 29.83639649284411 0.0001200056743719813
10 60 -2.5 -2.4 60 65 60.97474639572354 0.000244387606741725
10 60 -2.5 -2.4 65 70 46.15751802244778 0.0001844963056356619
10 60 -2.5 -2.4 70 80 63.16279948014215 0.000252474831420102
10 60 -2.5 -2.4 80 90 39.26207834321453 0.0001577765068105919
10 60 -2.5 -2.4 90 100 25.4519272486446 0.0001032052671980921
10 60 -2.4 -2.3 0 0.5 -98220.53692458295 1.460951793342247
10 60 -2.4 -2.3 0.5 1 3949.533311999988 0.1017244055406081
10 60 -2.4 -2.3 1 1.5 9690.912432963023 0.1334668071394844
10 60 -2.4 -2.3 1.5 2 8668.598505954884 0.4008220340438129
10 60 -2.4 -2.3 2 2.5 7256.578747307777 0.300831287751862
10 60 -2.4 -2.3 2.5 3 6060.145730047774 0.2196045146047254
10 60 -2.4 -2.3 3 3.5 5106.264211579735 0.1603462293660414
10 60 -2.4 -2.3 3.5 4 4348.116090421387 0.1223843976522403
10 60 -2.4 -2.3 4 4.5 3739.308603180868 0.09754207149944705
10 60 -2.4 -2.3 4.5 5 3243.914784800325 0.07819394731131979
10 60 -2.4 -2.3 5 5.5 2835.49905154224 0.0626201292307087
10 60 -2.4 -2.3 5.5 6 2494.736573479848 0.05126769934531694
10 60 -2.4 -2.3 6 6.5 2207.382399099652 0.04303941278976708
10 60 -2.4 -2.3 6.5 7 1962.798193615546 0.03640933082897391
10 60 -2.4 -2.3 7 7.5 1752.919545892638 0.03059572939241662
10 60 -2.4 -2.3 7.5 8 1571.541903906904 0.0253841366220513
10 60 -2.4 -2.3 8 8.5 1413.820120087117 0.02104324860147244
10 60 -2.4 -2.3 8.5 9 1275.919831359622 0.01762184486551632
10 60 -2.4 -2.3 9 9.5 1154.767929038147 0.01494958661805867
10 60 -2.4 -2.3 9.5 10 1047.8724241605 0.01279555306018665
10 60 -2.4 -2.3 10 10.5 953.1924049893021 0.01101574144377082
10 60 -2.4 -2.3 10.5 11 869.0395436832208 0.009547926062964507
10 60 -2.4 -2.3 11 11.5 794.0053313898018 0.03891474177453347
10 60 -2.4 -2.3 11.5 12 726.9065485850591 0.02983621230282552
10 60 -2.4 -2.3 12 12.5 666.7422464269208 0.0226131015485862
10 60 -2.4 -2.3 12.5 13 612.6603301247031 0.01686472079416035
10 60 -2.4 -2.3 13 13.5 563.9316666660824 0.01229035903520526
10 60 -2.4 -2.3 13.5 14 519.9294418548275 0.008667541297540993
10 60 -2.4 -2.3 14 14.5 480.1123351456817 0.005804669153747
10 60 -2.4 -2.3 14.5 15 444.0110208883248 0.003665536229220834
10 60 -2.4 -2.3 15 16 792.5910752347214 0.008662567952683276
10 60 -2.4 -2.3 16 17 683.498674596525 0.008385144802218747
10 60 -2.4 -2.3 17 18 592.4162855952926 0.01813224375553091
10 60 -2.4 -2.3 18 19 515.9034709643958 0.02323484935482156
10 60 -2.4 -2.3 19 20 451.262728481499 0.003800354135421458
10 60 -2.4 -2.3 20 21 396.360595192167 0.003476674803778224
10 60 -2.4 -2.3 21 22 349.496243190096 0.003176902724362662
10 60 -2.4 -2.3 22 23 309.3044652662965 0.002897785114157614
10 60 -2.4 -2.3 23 24 274.6822776928651 0.002688241780845146
10 60 -2.4 -2.3 24 25 244.7328440912555 0.002503149309660557
10 60 -2.4 -2.3 25 26 218.7228106002183 0.002271246943081451
10 60 -2.4 -2.3 26 27 196.049365579331 0.002105783980368869
10 60 -2.4 -2.3 27 28 176.2141379447621 0.002045235566441761
10 60 -2.4 -2.3 28 29 158.8029846697198 0.001967639181629011
10 60 -2.4 -2.3 29 30 143.4704068444289 0.001848356182449606
10 60 -2.4 -2.3 30 31 129.9269625269008 0.001732013170425262
10 60 -2.4 -2.3 31 32 117.9290444654953 0.001630781883463328
10 60 -2.4 -2.3 32 33 107.270755149143 0.001563771016677151
10 60 -2.4 -2.3 33 34 97.77735924896339 0.001522713694143363
10 60 -2.4 -2.3 34 35 89.30002963165738 0.001480358568883844
10 60 -2.4 -2.3 35 36 81.71158737960754 0.001443506606079836
10 60 -2.4 -2.3 36 37 74.90301096544829 0.001404204535532472
10 60 -2.4 -2.3 37 38 68.78053808276303 0.001328560556316916
10 60 -2.4 -2.3 38 39 63.26331431131429 0.001251949791580387
10 60 -2.4 -2.3 39 40 58.28136497571505 0.001214438827453534
10 60 -2.4 -2.3 40 42 103.4619040827473 0.002389850258154524
10 60 -2.4 -2.3 42 44 88.57940187266463 0.002244879320258519
10 60 -2.4 -2.3 44 46 76.24446678546907 0.002085639375465576
10 60 -2.4 -2.3 46 48 65.95429565528818 0.002002490749731578
10 60 -2.4 -2.3 48 50 57.3176606248508 0.001925040335265749
10 60 -2.4 -2.3 50 52 50.02771733851989 0.001763997810471096
10 60 -2.4 -2.3 52 54 43.84204074414446 0.001681138914783276
10 60 -2.4 -2.3 54 56 38.56732209910955 0.001641715840221991
10 60 -2.4 -2.3 56 58 34.04836400491498 0.001542829361817155
10 60 -2.4 -2.3 58 60 30.1599617634033 0.00144208748703889
10 60 -2.4 -2.3 60 65 61.6573250871883 0.0002448109112904717
10 60 -2.4 -2.3 65 70 46.70277618227323 0.0001848530569006357
10 60 -2.4 -2.3 70 80 63.98025898747045 0.0002531574716044815
10 60 -2.4 -2.3 80 90 39.8480851435435 0.0001584029841410484
10 60 -2.4 -2.3 90 100 25.89454727715567 0.0001038246731575043
10 60 -2.3 -2.2 0 0.5 -100275.6068674772 1.852333631308284
10 60 -2.3 -2.2 0.5 1 3768.906300374265 0.1295728542527286
10 60 -2.3 -2.2 1 1.5 9724.839239131285 0.336735703263912
10 60 -2.3 -2.2 1.5 2 8733.882491245033 0.2779454956598784
10 60 -2.3 -2.2 2 2.5 7323.227508261451 0.2113049080226119
10 60 -2.3 -2.2 2.5 3 6121.462468749122 0.1716783147112437
10 60 -2.3 -2.2 3 3.5 5161.013789478299 0.1467014997706428
10 60 -2.3 -2.2 3.5 4 4396.561348910625 0.1235159540592576
10 60 -2.3 -2.2 4 4.5 3782.104243978624 0.1010557994713963
10 60 -2.3 -2.2 4.5 5 3281.763959158131 0.08197631815392015
10 60 -2.3 -2.2 5 5.5 2869.052252046963 0.0674885305902535
10 60 -2.3 -2.2 5.5 6 2524.561720951542 0.05626066125478246
10 60 -2.3 -2.2 6 6.5 2233.968056101147 0.04634670295945398
10 60 -2.3 -2.2 6.5 7 1986.560843457839 0.03762272963376745
10 60 -2.3 -2.2 7 7.5 1774.216199313862 0.03042311679269005
10 60 -2.3 -2.2 7.5 8 1590.676843352721 0.02486585294104771
10 60 -2.3 -2.2 8 8.5 1431.05480155203 0.02075926717520815
10 60 -2.3 -2.2 8.5 9 1291.478257840067 0.01774018337550842
10 60 -2.3 -2.2 9 9.5 1168.84313993849 0.0153082553817967
10 60 -2.3 -2.2 9.5 10 1060.631921680079 0.01310055737440052
10 60 -2.3 -2.2 10 10.5 964.7806447104331 0.01120828686805453
10 60 -2.3 -2.2 10.5 11 879.5824133289562 0.009645344535897493
10 60 -2.3 -2.2 11 11.5 803.6135168555984 0.03952532516052543
10 60 -2.3 -2.2 11.5 12 735.6770161671604 0.03031397539314185
10 60 -2.3 -2.2 12 12.5 674.7602168790092 0.02296471048384774
10 60 -2.3 -2.2 12.5 13 620.0012572242155 0.01711049435130008
10 60 -2.3 -2.2 13 13.5 570.6625362146652 0.01246731036599158
10 60 -2.3 -2.2 13.5 14 526.1096888825164 0.008785638295876197
10 60 -2.3 -2.2 14 14.5 485.7948416530136 0.00587498693607813
10 60 -2.3 -2.2 14.5 15 449.2429187659944 0.004022955433867992
10 60 -2.3 -2.2 15 16 801.8667051736867 0.008665715224310588
10 60 -2.3 -2.2 16 17 691.4212081051296 0.008637005911282358
10 60 -2.3 -2.2 17 18 599.2154061329366 0.01851313162353563
10 60 -2.3 -2.2 18 19 521.7648876430233 0.02366508989518934
10 60 -2.3 -2.2 19 20 456.3371862793591 0.004099874716018803
10 60 -2.3 -2.2 20 21 400.7711606260943 0.003515017543065824
10 60 -2.3 -2.2 21 22 353.3448078631925 0.003090574090151677
10 60 -2.3 -2.2 22 23 312.6755126551105 0.002898222534952311
10 60 -2.3 -2.2 23 24 277.6455919791148 0.002603326830637798
10 60 -2.3 -2.2 24 25 247.3467183252478 0.002330901743846425
10 60 -2.3 -2.2 25 26 221.0361513673445 0.002221173003675858
10 60 -2.3 -2.2 26 27 198.1029227349945 0.002073122107560721
10 60 -2.3 -2.2 27 28 178.0422781934753 0.001831773587440466
10 60 -2.3 -2.2 28 29 160.4352518339264 0.001666323998335884
10 60 -2.3 -2.2 29 30 144.9321356991634 0.001631984024385247
10 60 -2.3 -2.2 30 31 131.2395947800136 0.001562723790385689
10 60 -2.3 -2.2 31 32 119.110805621129 0.001451800958093941
10 60 -2.3 -2.2 32 33 108.3372826805579 0.001394382823249884
10 60 -2.3 -2.2 33 34 98.74213931351295 0.001337817279448927
10 60 -2.3 -2.2 34 35 90.17476868373952 0.001227667097779772
10 60 -2.3 -2.2 35 36 82.50657171401517 0.001152225587276234
10 60 -2.3 -2.2 36 37 75.6272361386263 0.001142066921062224
10 60 -2.3 -2.2 37 38 69.44181057819341 0.001129090857588722
10 60 -2.3 -2.2 38 39 63.86836563527953 0.001080159262933478
10 60 -2.3 -2.2 39 40 58.83605532743515 0.001027024497140872
10 60 -2.3 -2.2 40 42 104.440297377965 0.001938078256117137
10 60 -2.3 -2.2 42 44 89.411242393129 0.001809643282030038
10 60 -2.3 -2.2 44 46 76.95702825661142 0.001725368138394856
10 60 -2.3 -2.2 46 48 66.56890205903552 0.001613305556247724
10 60 -2.3 -2.2 48 50 57.85136590829466 0.001534416836335595
10 60 -2.3 -2.2 50 52 50.49421282455895 0.00144951217436784
10 60 -2.3 -2.2 52 54 44.25221338660992 0.001383094448001998
10 60 -2.3 -2.2 54 56 38.92998222441953 0.001292893952680174
10 60 -2.3 -2.2 56 58 34.3708736192403 0.001242145239615411
10 60 -2.3 -2.2 58 60 30.44830072935411 0.00119385606226885
10 60 -2.3 -2.2 60 65 62.25868982755319 0.002738894702233097
10 60 -2.3 -2.2 65 70 47.17580165375362 0.0001850089444346281
10 60 -2.3 -2.2 70 80 64.67621553405992 0.0002534359637991201
10 60 -2.3 -2.2 80 90 40.33715402554949 0.0001586932706416633
10 60 -2.3 -2.2 90 100 26.25931346022749 0.0001041568917194979
10 60 -2.2 -2.1 0 0.5 -102286.3801607759 2.106847339004162
10 60 -2.2 -2.1 0.5 1 3591.404941361861 0.1550856588933129
10 60 -2.2 -2.1 1 1.5 9757.76194232036 0.1280008414469194
10 60 -2.2 -2.1 1.5 2 8797.641394520948 0.3744864224481717
10 60 -2.2 -2.1 2 2.5 7388.400779572441 0.2846203640365275
10 60 -2.2 -2.1 2.5 3 6181.4708014588 0.219604800052366
10 60 -2.2 -2.1 3 3.5 5214.630492388382 0.1675430801196853
10 60 -2.2 -2.1 3.5 4 4444.034462770239 0.129100310658032
10 60 -2.2 -2.1 4 4.5 3824.06519387776 0.10199090080323
10 60 -2.2 -2.1 4.5 5 3318.895324488645 0.08298770628562124
10 60 -2.2 -2.1 5 5.5 2901.985533400462 0.06751462675310904
10 60 -2.2 -2.1 5.5 6 2553.84915980728 0.05431250807123433
10 60 -2.2 -2.1 6 6.5 2260.082302027404 0.04361967327986349
10 60 -2.2 -2.1 6.5 7 2009.907382001676 0.03566349920970424
10 60 -2.2 -2.1 7 7.5 1795.140289968427 0.0299129625657315
10 60 -2.2 -2.1 7.5 8 1609.474775758854 0.02542807959616766
10 60 -2.2 -2.1 8 8.5 1447.980149119878 0.02172130363805991
10 60 -2.2 -2.1 8.5 9 1306.751406925756 0.01853640303397697
10 60 -2.2 -2.1 9 9.5 1182.654934454662 0.01568715000121301
10 60 -2.2 -2.1 9.5 10 1073.147750845656 0.01321025683182597
10 60 -2.2 -2.1 10 10.5 976.1450732097724 0.0111856078827941
10 60 -2.2 -2.1 10.5 11 889.9210745683746 0.009639186463573424
10 60 -2.2 -2.1 11 11.5 813.0355667525804 0.04009769841240995
10 60 -2.2 -2.1 11.5 12 744.2781516192127 0.03074871277601687
10 60 -2.2 -2.1 12 12.5 682.6245719954917 0.02329652596392862
10 60 -2.2 -2.1 12.5 13 627.2028281791933 0.0173643431940036
10 60 -2.2 -2.1 13 13.5 577.2666746671758 0.01264887363390699
10 60 -2.2 -2.1 13.5 14 532.1743941155721 0.008909491404665459
10 60 -2.2 -2.1 14 14.5 491.3716551928534 0.005957700279395794
10 60 -2.2 -2.1 14.5 15 454.3777202417241 0.004560215585286187
10 60 -2.2 -2.1 15 16 810.9699284342171 0.008697136312548537
10 60 -2.2 -2.1 16 17 699.1957402944194 0.008880909589379371
10 60 -2.2 -2.1 17 18 605.8866376729934 0.0188691998671402
10 60 -2.2 -2.1 18 19 527.514855553216 0.02409090560627192
10 60 -2.2 -2.1 19 20 461.3141246916288 0.004316331010329577
10 60 -2.2 -2.1 20 21 405.0964449694893 0.003862389219648321
10 60 -2.2 -2.1 21 22 357.1175671328762 0.00336646613720859
10 60 -2.2 -2.1 22 23 315.9778158829488 0.00288204193321917
10 60 -2.2 -2.1 23 24 280.5463517958053 0.002605136626698368
10 60 -2.2 -2.1 24 25 249.9033294980319 0.002378637243396042
10 60 -2.2 -2.1 25 26 223.2965276042384 0.00212636897322227
10 60 -2.2 -2.1 26 27 200.1076578465382 0.001947893136275525
10 60 -2.2 -2.1 27 28 179.825668638621 0.001802424075094677
10 60 -2.2 -2.1 28 29 162.0260885957109 0.001668055773961896
10 60 -2.2 -2.1 29 30 146.3547932544977 0.001549731877730665
10 60 -2.2 -2.1 30 31 132.5150612275329 0.001400619805821179
10 60 -2.2 -2.1 31 32 120.2572402636519 0.00126471328843536
10 60 -2.2 -2.1 32 33 109.3703492672663 0.001233525395932134
10 60 -2.2 -2.1 33 34 99.67526205560709 0.001202270490978208
10 60 -2.2 -2.1 34 35 91.01951067495875 0.001117552550581991
10 60 -2.2 -2.1 35 36 83.27290804267234 0.001034924824878658
10 60 -2.2 -2.1 36 37 76.3238687700287 0.0009792371732260108
10 60 -2.2 -2.1 37 38 70.07638108888312 0.0009275140408107063
10 60 -2.2 -2.1 38 39 64.44762170662456 0.000884612391587325
10 60 -2.2 -2.1 39 40 59.36590009653233 0.0008591374019530917
10 60 -2.2 -2.1 40 42 105.3717527361512 0.001644785526309533
10 60 -2.2 -2.1 42 44 90.19922003027753 0.001505253452052102
10 60 -2.2 -2.1 44 46 77.62822575961084 0.001427896657702377
10 60 -2.2 -2.1 46 48 67.14443890898831 0.00129423445513055
10 60 -2.2 -2.1 48 50 58.34814505623645 0.001217624491658853
10 60 -2.2 -2.1 50 52 50.92573514519661 0.001194112215635812
10 60 -2.2 -2.1 52 54 44.62920740057663 0.001128092463488883
10 60 -2.2 -2.1 54 56 39.26119422058172 0.001043962030486512
10 60 -2.2 -2.1 56 58 34.6634161901347 0.001011251256954893
10 60 -2.2 -2.1 58 60 30.70800186733586 0.0009745727291914363
10 60 -2.2 -2.1 60 65 62.79395754774774 0.002192823835486024
10 60 -2.2 -2.1 65 70 47.58983615237631 0.001986908316538916
10 60 -2.2 -2.1 70 80 65.27209811468992 0.000253378356489975
10 60 -2.2 -2.1 80 90 40.74566309527933 0.0001587211767954955
10 60 -2.2 -2.1 90 100 26.55860292855579 0.0001042407246814037
10 60 -2.1 -2 0 0.5 -104246.6223027222 2.332809349361924
10 60 -2.1 -2 0.5 1 3417.643603868427 0.008547780915250769
10 60 -2.1 -2 1 1.5 9789.566444102244 0.4242151665930578
10 60 -2.1 -2 1.5 2 8859.688126196414 0.3238941186373268
10 60 -2.1 -2 2 2.5 7451.902491304436 0.2465193742609699
10 60 -2.1 -2 2.5 3 6239.978079886168 0.1905459478111879
10 60 -2.1 -2 3 3.5 5266.934613741452 0.1529197753070548
10 60 -2.1 -2 3.5 4 4490.366344744335 0.1251053869445968
10 60 -2.1 -2 4 4.5 3865.034727785825 0.1019838601464471
10 60 -2.1 -2 4.5 5 3355.165365583976 0.08234182595788297
10 60 -2.1 -2 5 5.5 2934.168099656658 0.06643354132256718
10 60 -2.1 -2 5.5 6 2582.479696111573 0.05437701727578315
10 60 -2.1 -2 6 6.5 2285.622525282005 0.04542949114875228
10 60 -2.1 -2 6.5 7 2032.751186413912 0.03829028060658857
10 60 -2.1 -2 7 7.5 1815.623603540494 0.03202543150041492
10 60 -2.1 -2 7.5 8 1627.883503236434 0.02662207104208392
10 60 -2.1 -2 8 8.5 1464.561383303182 0.02218239375292796
10 60 -2.1 -2 8.5 9 1321.717147450311 0.01848121543162051
10 60 -2.1 -2 9 9.5 1196.189390107576 0.01547180935358483
10 60 -2.1 -2 9.5 10 1085.411186007389 0.01308253283082195
10 60 -2.1 -2 10 10.5 987.2770462987961 0.01122216794669839
10 60 -2.1 -2 10.5 11 900.0442245152331 0.009765226527861159
10 60 -2.1 -2 11 11.5 822.2578838818511 0.04062289043429246
10 60 -2.1 -2 11.5 12 752.6945662339491 0.03113743619235265
10 60 -2.1 -2 12 12.5 690.3185700081759 0.02358195639931182
10 60 -2.1 -2 12.5 13 634.2479611739484 0.01757714591963122
10 60 -2.1 -2 13 13.5 583.7277142283717 0.01281027285449454
10 60 -2.1 -2 13.5 14 538.1083802028687 0.009027659437947477
10 60 -2.1 -2 14 14.5 496.8290430875397 0.006041905673214387
10 60 -2.1 -2 14.5 15 459.4033163471423 0.005132491928748095
10 60 -2.1 -2 15 16 819.8815658250277 0.008965057004957089
10 60 -2.1 -2 16 17 706.8080088021718 0.009033808426579526
10 60 -2.1 -2 17 18 612.4184639686838 0.01923629884208822
10 60 -2.1 -2 18 19 533.1445710850276 0.02447330758911903
10 60 -2.1 -2 19 20 466.1863989326462 0.004747330463146682
10 60 -2.1 -2 20 21 409.3297405089351 0.004072835253168705
10 60 -2.1 -2 21 22 360.809838156399 0.003645955772981324
10 60 -2.1 -2 22 23 319.2095838455803 0.003183360337573049
10 60 -2.1 -2 23 24 283.3841955291097 0.002791065129429171
10 60 -2.1 -2 24 25 252.4030964351447 0.002449415492662865
10 60 -2.1 -2 25 26 225.5053669777694 0.002128396155427481
10 60 -2.1 -2 26 27 202.065346672067 0.001962804490148073
10 60 -2.1 -2 27 28 181.5657112951189 0.001817640156900779
10 60 -2.1 -2 28 29 163.576887322186 0.001606114550867233
10 60 -2.1 -2 29 30 147.7406291311615 0.001474257221246944
10 60 -2.1 -2 30 31 133.7566359875229 0.00140560523581712
10 60 -2.1 -2 31 32 121.3721218461541 0.001290352072842893
10 60 -2.1 -2 32 33 110.3736166687157 0.001145463545810799
10 60 -2.1 -2 33 34 100.5801329451276 0.001023918684140313
10 60 -2.1 -2 34 35 91.83755017378682 0.0009705115007676568
10 60 -2.1 -2 35 36 84.01409863389981 0.0009636391592522386
10 60 -2.1 -2 36 37 76.99675584985816 0.0009200797839667985
10 60 -2.1 -2 37 38 70.6884015006591 0.0008425908382747593
10 60 -2.1 -2 38 39 65.00530040332805 0.0007736811809451183
10 60 -2.1 -2 39 40 59.87499663383677 0.0007385914237048041
10 60 -2.1 -2 40 42 106.263893295199 0.00140444828232944
10 60 -2.1 -2 42 44 90.95060454226558 0.001243183437111384
10 60 -2.1 -2 44 46 78.26546093540779 0.001154006174928668
10 60 -2.1 -2 46 48 67.68841170015885 0.001131697040250401
10 60 -2.1 -2 48 50 58.81511352619989 0.001037360353656425
10 60 -2.1 -2 50 52 51.3288186892832 0.000927337363684444
10 60 -2.1 -2 52 54 44.97923387870988 0.0009034271232692959
10 60 -2.1 -2 54 56 39.56683379567094 0.0008819437920948303
10 60 -2.1 -2 56 58 34.93161385373853 0.0008183074653587141
10 60 -2.1 -2 58 60 30.94451894666513 0.0007627904052611711
10 60 -2.1 -2 60 65 63.27599107824784 0.001791277884770182
10 60 -2.1 -2 65 70 47.95618564285837 0.001574928387682917
10 60 -2.1 -2 70 80 65.78661888560617 0.002718220607434318
10 60 -2.1 -2 80 90 41.08797256979462 0.0001585285560921079
10 60 -2.1 -2 90 100 26.80366183756236 0.0001041444232257049
10 60 -2 -1.9 0 0.5 -106150.9108312583 2.565032822429202
10 60 -2 -1.9 0.5 1 3248.370804775458 0.002910913252890168
10 60 -2 -1.9 1 1.5 9820.228155744233 0.4445472340976266
10 60 -2 -1.9 1.5 2 8919.832697556845 0.3530449537902314
10 60 -2 -1.9 2 2.5 7513.541814823097 0.2607104525714021
10 60 -2 -1.9 2.5 3 6296.811063560308 0.2052884730956066
10 60 -2 -1.9 3 3.5 5317.764330514815 0.1644729179897695
10 60 -2 -1.9 3.5 4 4535.408319918639 0.130020227694331
10 60 -2 -1.9 4 4.5 3904.876932692368 0.1037579811145406
10 60 -2 -1.9 4.5 5 3390.450756219002 0.0843898089456161
10 60 -2 -1.9 5 5.5 2965.48746657836 0.06972324118623874
10 60 -2 -1.9 5.5 6 2610.352524556249 0.05771712037494581
10 60 -2 -1.9 6 6.5 2310.496381114806 0.04736861806031811
10 60 -2 -1.9 6.5 7 2055.007506957398 0.03851560495650119
10 60 -2 -1.9 7 7.5 1835.587113743035 0.03146468615750564
10 60 -2 -1.9 7.5 8 1645.832934118428 0.0259470475341459
10 60 -2 -1.9 8 8.5 1480.73559371279 0.0217121443022279
10 60 -2 -1.9 8.5 9 1336.322833584716 0.01831897550096073
10 60 -2 -1.9 9 9.5 1209.40431005959 0.01548742513182333
10 60 -2 -1.9 9.5 10 1097.389676617396 0.01383815770691399
10 60 -2 -1.9 10 10.5 998.1538045072626 0.0123994605688722
10 60 -2 -1.9 10.5 11 909.9369885005021 0.01105315143388452
10 60 -2 -1.9 11 11.5 831.2703817269231 0.04119113608339831
10 60 -2 -1.9 11.5 12 760.9184224697153 0.03155361080439434
10 60 -2 -1.9 12 12.5 697.8347494539973 0.02388627160132728
10 60 -2 -1.9 12.5 13 641.1280175982059 0.0177912410214276
10 60 -2 -1.9 13 13.5 590.0350798675335 0.01294400742347079
10 60 -2 -1.9 13.5 14 543.8994990882376 0.009110585039934449
10 60 -2 -1.9 14 14.5 502.1541024299509 0.006085887808012558
10 60 -2 -1.9 14.5 15 464.3068812340352 0.005376940635187566
10 60 -2 -1.9 15 16 828.5777814367873 0.009691849197452029
10 60 -2 -1.9 16 17 714.2388540257498 0.00919576163801139
10 60 -2 -1.9 17 18 618.7970352715522 0.01947706186854248
10 60 -2 -1.9 18 19 538.6424976350203 0.02487268236734508
10 60 -2 -1.9 19 20 470.9447480908156 0.005195507749817807
10 60 -2 -1.9 20 21 413.4641490284221 0.004504594748595991
10 60 -2 -1.9 21 22 364.4152538760109 0.003910153109870862
10 60 -2 -1.9 22 23 322.3648916464847 0.00340045979766046
10 60 -2 -1.9 23 24 286.1550272452357 0.002987477925728399
10 60 -2 -1.9 24 25 254.8440525314487 0.002696955047980509
10 60 -2 -1.9 25 26 227.6619309612953 0.002366100627000378
10 60 -2 -1.9 26 27 203.9757996048919 0.002034791653613865
10 60 -2 -1.9 27 28 183.2627858498907 0.001826935786397144
10 60 -2 -1.9 28 29 165.0884898956726 0.001649176056531587
10 60 -2 -1.9 29 30 149.0904775235782 0.00148776531628414
10 60 -2 -1.9 30 31 134.9650216067394 0.001329595839109743
10 60 -2 -1.9 31 32 122.4565629585871 0.001227680691286537
10 60 -2 -1.9 32 33 111.3491118566749 0.001169375368633041
10 60 -2 -1.9 33 34 101.4594382642468 0.001087584576794143
10 60 -2 -1.9 34 35 92.63162484461994 0.0009681539877703926
10 60 -2 -1.9 35 36 84.73255114821337 0.0008563561161736288
10 60 -2 -1.9 36 37 77.64811710330973 0.0007950930890672225
10 60 -2 -1.9 37 38 71.28014369454228 0.0007699079844627477
10 60 -2 -1.9 38 39 65.54389190902317 0.0007387209343221457
10 60 -2 -1.9 39 40 60.36605127468164 0.0006803221463087539
10 60 -2 -1.9 40 42 107.1226369961819 0.001203230700028257
10 60 -2 -1.9 42 44 91.67161490244004 0.001152822624106875
10 60 -2 -1.9 44 46 78.87438745226004 0.001006111505574836
10 60 -2 -1.9 46 48 68.20570476788386 0.0008990790719565211
10 60 -2 -1.9 48 50 59.25729122262246 0.0008762552598113871
10 60 -2 -1.9 50 52 51.70886430446779 0.0008247405195334068
10 60 -2 -1.9 52 54 45.30742120063219 0.0007527402100393488
10 60 -2 -1.9 54 56 39.85163169332721 0.0006872917089992825
10 60 -2 -1.9 56 58 35.1800676924211 0.0006506044312928339
10 60 -2 -1.9 58 60 31.16234827925701 0.0006303114880097382
10 60 -2 -1.9 60 65 63.7150690301427 0.001441512101614251
10 60 -2 -1.9 65 70 48.28435665388698 0.001271878640451973
10 60 -2 -1.9 70 80 66.23572079748395 0.00214960988483881
10 60 -2 -1.9 80 90 41.37666180759041 0.001781388031830033
10 60 -2 -1.9 90 100 27.00443188676497 0.0001039228734498465
10 60 -1.9 -1.8 0 0.5 -107993.5829382712 2.794982442806941
10 60 -1.9 -1.8 0.5 1 3084.221136511669 0.01816898285369462
10 60 -1.9 -1.8 1 1.5 9849.806565289153 0.1376295690843108
10 60 -1.9 -1.8 1.5 2 8978.000550635297 0.3388936249320977
10 60 -1.9 -1.8 2 2.5 7573.166974531532 0.2698099546541926
10 60 -1.9 -1.8 2.5 3 6351.800324890141 0.2171364546056793
10 60 -1.9 -1.8 3 3.5 5366.966044728839 0.1676683049245185
10 60 -1.9 -1.8 3.5 4 4579.02507606232 0.1320475919301316
10 60 -1.9 -1.8 4 4.5 3943.471640316805 0.1073062495834165
10 60 -1.9 -1.8 4.5 5 3424.639499524631 0.08727296241931981
10 60 -1.9 -1.8 5 5.5 2995.842289763374 0.07061290316005397
10 60 -1.9 -1.8 5.5 6 2637.375625130944 0.05672788808897167
10 60 -1.9 -1.8 6 6.5 2334.620046978646 0.04591821643316507
10 60 -1.9 -1.8 6.5 7 2076.599285792543 0.0375892983383892
10 60 -1.9 -1.8 7 7.5 1854.960753126603 0.03137335146152509
10 60 -1.9 -1.8 7.5 8 1663.258073518355 0.0263466623300701
10 60 -1.9 -1.8 8 8.5 1496.443669347399 0.02210636697714108
10 60 -1.9 -1.8 8.5 9 1350.512491731746 0.01945557244744123
10 60 -1.9 -1.8 9 9.5 1222.247763371548 0.01749500637924939
10 60 -1.9 -1.8 9.5 10 1109.036248582672 0.01571656573037217
10 60 -1.9 -1.8 10 10.5 1008.733819222103 0.01407271356265483
10 60 -1.9 -1.8 10.5 11 919.5647095397277 0.01264690032508042
10 60 -1.9 -1.8 11 11.5 840.045749644693 0.04179388255715821
10 60 -1.9 -1.8 11.5 12 768.9288954867432 0.03201352748658337
10 60 -1.9 -1.8 12 12.5 705.1575553425464 0.02422826622807861
10 60 -1.9 -1.8 12.5 13 647.8317714041935 0.01802128016913684
10 60 -1.9 -1.8 13 13.5 596.1808954516898 0.01311365665321773
10 60 -1.9 -1.8 13.5 14 549.5416108077283 0.009218995640480898
10 60 -1.9 -1.8 14 14.5 507.3408754874791 0.006164872059059689
10 60 -1.9 -1.8 14.5 15 469.0816600546999 0.005617101591212759
10 60 -1.9 -1.8 15 16 837.0423523158287 0.01008211367627609
10 60 -1.9 -1.8 16 17 721.4690291345983 0.009493395264030369
10 60 -1.9 -1.8 17 18 625.003553313285 0.01980965121470035
10 60 -1.9 -1.8 18 19 543.9943819795848 0.0251913742816896
10 60 -1.9 -1.8 19 20 475.5781072939667 0.005834834151869472
10 60 -1.9 -1.8 20 21 417.4904257892979 0.004937156066205262
10 60 -1.9 -1.8 21 22 367.9267745436667 0.004218307074495442
10 60 -1.9 -1.8 22 23 325.4382419037777 0.00377947919463395
10 60 -1.9 -1.8 23 24 288.8535941131894 0.003239303290683893
10 60 -1.9 -1.8 24 25 257.2209946023606 0.002836361465597292
10 60 -1.9 -1.8 25 26 229.7620193664798 0.002555677226297348
10 60 -1.9 -1.8 26 27 205.8365456828627 0.002251354452852183
10 60 -1.9 -1.8 27 28 184.9157517820761 0.001972632889703618
10 60 -1.9 -1.8 28 29 166.5605536683836 0.001744326571895272
10 60 -1.9 -1.8 29 30 150.4046026054447 0.00156762635214136
10 60 -1.9 -1.8 30 31 136.1408878656542 0.001388217419560078
10 60 -1.9 -1.8 31 32 123.5110995840719 0.001235598618677614
10 60 -1.9 -1.8 32 33 112.2969565992938 0.001122576185522917
10 60 -1.9 -1.8 33 34 102.313285512357 0.001050184682895861
10 60 -1.9 -1.8 34 35 93.40242315898831 0.0009794910582314742
10 60 -1.9 -1.8 35 36 85.42972421637717 0.0008903979167484977
10 60 -1.9 -1.8 36 37 78.2798197020102 0.0008073530620009706
10 60 -1.9 -1.8 37 38 71.8534871030743 0.0007353927621522871
10 60 -1.9 -1.8 38 39 66.06517254831606 0.0006861344564867977
10 60 -1.9 -1.8 39 40 60.84080704509074 0.0006377792810638994
10 60 -1.9 -1.8 40 42 107.9514776233739 0.001152025641800947
10 60 -1.9 -1.8 42 44 92.36558262525264 0.001029113122385183
10 60 -1.9 -1.8 44 46 79.45890602088225 0.0009223504323472298
10 60 -1.9 -1.8 46 48 68.7007193572699 0.0008383261552751264
10 60 -1.9 -1.8 48 50 59.67858049969842 0.0007289791214972752
10 60 -1.9 -1.8 50 52 52.0693128383492 0.0006698451185798149
10 60 -1.9 -1.8 52 54 45.61746513433545 0.0006283755687235271
10 60 -1.9 -1.8 54 56 40.11960980903135 0.0006015239010537243
10 60 -1.9 -1.8 56 58 35.41265042145661 0.0005651468709828578
10 60 -1.9 -1.8 58 60 31.36502738694696 0.0005048760405230723
10 60 -1.9 -1.8 60 65 64.11948253329726 0.001141396618265844
10 60 -1.9 -1.8 65 70 48.58188492177757 0.001022579700787674
10 60 -1.9 -1.8 70 80 66.63284291454374 0.001714443494336138
10 60 -1.9 -1.8 80 90 41.62248822759818 0.001393628063773633
10 60 -1.9 -1.8 90 100 27.1694364765101 0.0011902533840491
10 60 -1.8 -1.7 0 0.5 -109769.3277112973 2.971101746399654
10 60 -1.8 -1.7 0.5 1 2925.704450076942 0.003192845006196876
10 60 -1.8 -1.7 1 1.5 9878.256246876199 0.4474567123670568
10 60 -1.8 -1.7 1.5 2 9034.049364297791 0.3733442571174237
10 60 -1.8 -1.7 2 2.5 7630.646120643477 0.28103010423456
10 60 -1.8 -1.7 2.5 3 6404.817486406965 0.2047923622039889
10 60 -1.8 -1.7 3 3.5 5414.409285350746 0.1606134980866045
10 60 -1.8 -1.7 3.5 4 4621.087042686818 0.1325601953758451
10 60 -1.8 -1.7 4 4.5 3980.702236473281 0.1073770899552073
10 60 -1.8 -1.7 4.5 5 3457.629868461804 0.08540786640332954
10 60 -1.8 -1.7 5 5.5 3025.14020471818 0.06873746151904925
10 60 -1.8 -1.7 5.5 6 2663.465597122891 0.0561328334870268
10 60 -1.8 -1.7 6 6.5 2357.915829890862 0.04639526831306284
10 60 -1.8 -1.7 6.5 7 2097.454657427072 0.0386852984579491
10 60 -1.8 -1.7 7 7.5 1873.679533483403 0.03225016160104133
10 60 -1.8 -1.7 7.5 8 1680.099441095127 0.02691037402928487
10 60 -1.8 -1.7 8 8.5 1511.630029585726 0.02391683683822521
10 60 -1.8 -1.7 8.5 9 1364.235114563777 0.021531669702199
10 60 -1.8 -1.7 9 9.5 1234.671969201114 0.01924582437322897
10 60 -1.8 -1.7 9.5 10 1120.306566783328 0.01732343749495158
10 60 -1.8 -1.7 10 10.5 1018.976219137093 0.01568128434007576
10 60 -1.8 -1.7 10.5 11 928.8887804299047 0.01414956410474133
10 60 -1.8 -1.7 11 11.5 848.5475650785014 0.04234160420060107
10 60 -1.8 -1.7 11.5 12 776.6931986521138 0.03244950999112461
10 60 -1.8 -1.7 12 12.5 712.2588528714701 0.02456657835568876
10 60 -1.8 -1.7 12.5 13 654.3357546694256 0.01827602632693015
10 60 -1.8 -1.7 13 13.5 602.1458739808868 0.01328831871865077
10 60 -1.8 -1.7 13.5 14 555.0196367259888 0.00933961431201169
10 60 -1.8 -1.7 14 14.5 512.3782725057589 0.007052336224660394
10 60 -1.8 -1.7 14.5 15 473.7196023282929 0.00638533284075038
10 60 -1.8 -1.7 15 16 845.26374028615 0.01118389035832479
10 60 -1.8 -1.7 16 17 728.4891368630653 0.009711017632753283
10 60 -1.8 -1.7 17 18 631.0263218111986 0.02020232536790445
10 60 -1.8 -1.7 18 19 549.185664571312 0.02563947595479021
10 60 -1.8 -1.7 19 20 480.0728321271362 0.00611972021067686
10 60 -1.8 -1.7 20 21 421.3978341330194 0.005466883932285782
10 60 -1.8 -1.7 21 22 371.3356850731527 0.004730587781921258
10 60 -1.8 -1.7 22 23 328.4221002509341 0.004098682062817716
10 60 -1.8 -1.7 23 24 291.4739075414979 0.003532279523881243
10 60 -1.8 -1.7 24 25 259.529202671083 0.003099457705843633
10 60 -1.8 -1.7 25 26 231.8013033668461 0.002693923544370591
10 60 -1.8 -1.7 26 27 207.6434728802033 0.002410148459802031
10 60 -1.8 -1.7 27 28 186.5211452803707 0.002166672637088141
10 60 -1.8 -1.7 28 29 167.9904576528316 0.001880582065126646
10 60 -1.8 -1.7 29 30 151.681265407494 0.001665002329815479
10 60 -1.8 -1.7 30 31 137.2833376568892 0.001537309432706024
10 60 -1.8 -1.7 31 32 124.5355413598 0.001376470749448799
10 60 -1.8 -1.7 32 33 113.2173769990851 0.001169440107162245
10 60 -1.8 -1.7 33 34 103.1419375016201 0.001013275130702596
10 60 -1.8 -1.7 34 35 94.15005539897183 0.0009582376480921084
10 60 -1.8 -1.7 35 36 86.10562487330044 0.0009170173287316175
10 60 -1.8 -1.7 36 37 78.89198632414282 0.0008372256258297739
10 60 -1.8 -1.7 37 38 72.4088957765638 0.0007532487239672037
10 60 -1.8 -1.7 38 39 66.5698965416225 0.0006886921920283839
10 60 -1.8 -1.7 39 40 61.30020814613425 0.0006546111922247633
10 60 -1.8 -1.7 40 42 108.7524372784757 0.001175974325562379
10 60 -1.8 -1.7 42 44 93.03474009812101 0.0009381854856513883
10 60 -1.8 -1.7 44 46 80.02122507581045 0.0008569779289615553
10 60 -1.8 -1.7 46 48 69.1758143119016 0.000766523531723351
10 60 -1.8 -1.7 48 50 60.08199783723266 0.0006638009854214033
10 60 -1.8 -1.7 50 52 52.41345214548272 0.0006318456108047599
10 60 -1.8 -1.7 52 54 45.9122546107048 0.0005437978029689816
10 60 -1.8 -1.7 54 56 40.37324224736376 0.0004766014102486338
10 60 -1.8 -1.7 56 58 35.63191051088596 0.0004575671758999533
10 60 -1.8 -1.7 58 60 31.55540654904254 0.0004425580264495466
10 60 -1.8 -1.7 60 65 64.49610274651397 0.0009561971717602091
10 60 -1.8 -1.7 65 70 48.85485344277546 0.0008075978346226975
10 60 -1.8 -1.7 70 80 66.98863881204043 0.001352505858562836
10 60 -1.8 -1.7 80 90 41.83454531260789 0.001114329322994934
10 60 -1.8 -1.7 90 100 27.30582916725871 0.0009295830497144664
10 60 -1.7 -1.6 0 0.5 -111473.6286699017 3.17584064026596
10 60 -1.7 -1.6 0.5 1 2773.349679590362 0.01121511506835304
10 60 -1.7 -1.6 1 1.5 9905.517552768768 0.1521402165471955
10 60 -1.7 -1.6 1.5 2 9087.848813504905 0.3452068176793546
10 60 -1.7 -1.6 2 2.5 7685.838908968046 0.2554731989821448
10 60 -1.7 -1.6 2.5 3 6455.733648785692 0.2104464066023866
10 60 -1.7 -1.6 3 3.5 5459.973995184815 0.1713456909701563
10 60 -1.7 -1.6 3.5 4 4661.489380598816 0.1336342512458941
10 60 -1.7 -1.6 4 4.5 4016.46611405463 0.1048859925112993
10 60 -1.7 -1.6 4.5 5 3489.322896776416 0.08520173214947135
10 60 -1.7 -1.6 5 5.5 3053.293421239092 0.07071282291417447
10 60 -1.7 -1.6 5.5 6 2688.541617328341 0.05827409514267856
10 60 -1.7 -1.6 6 6.5 2380.310574943424 0.04779164343108278
10 60 -1.7 -1.6 6.5 7 2117.508487510074 0.03949037376742126
10 60 -1.7 -1.6 7 7.5 1891.682976748643 0.03266424159028247
10 60 -1.7 -1.6 7.5 8 1696.301493962775 0.02889199385481334
10 60 -1.7 -1.6 8 8.5 1526.24287738497 0.02595967118713816
10 60 -1.7 -1.6 8.5 9 1377.442416414819 0.02327733232482387
10 60 -1.7 -1.6 9 9.5 1246.633642297248 0.02099611642074706
10 60 -1.7 -1.6 9.5 10 1131.160746025844 0.01898980097757885
10 60 -1.7 -1.6 10 10.5 1028.843098111591 0.01709108098657453
10 60 -1.7 -1.6 10.5 11 937.8737452530747 0.01551081059540138
10 60 -1.7 -1.6 11 11.5 856.7428035945462 0.01411969549496916
10 60 -1.7 -1.6 11.5 12 784.1796366300431 0.03284333465774125
10 60 -1.7 -1.6 12 12.5 719.1084455787029 0.02485938540110055
10 60 -1.7 -1.6 12.5 13 660.6121933428615 0.01851380006030467
10 60 -1.7 -1.6 13 13.5 607.9051844620943 0.01347059502381853
10 60 -1.7 -1.6 13.5 14 560.3113505341274 0.009474357729459371
10 60 -1.7 -1.6 14 14.5 517.2464816682533 0.007982565064821756
10 60 -1.7 -1.6 14.5 15 478.2036876523111 0.007271494064127637
10 60 -1.7 -1.6 15 16 853.216498661845 0.01256675716740574
10 60 -1.7 -1.6 16 17 735.2830006749521 0.01050908925083149
10 60 -1.7 -1.6 17 18 636.8562967215533 0.02049215339070543
10 60 -1.7 -1.6 18 19 554.2100980940525 0.02596759988932718
10 60 -1.7 -1.6 19 20 484.4206696729596 0.006352819921971786
10 60 -1.7 -1.6 20 21 425.1757614553077 0.005553988425788248
10 60 -1.7 -1.6 21 22 374.6315934936693 0.004974001742766632
10 60 -1.7 -1.6 22 23 331.3078789172106 0.004349737979794099
10 60 -1.7 -1.6 23 24 294.0090579269119 0.0038562371299804
10 60 -1.7 -1.6 24 25 261.7631125984242 0.003465195763965312
10 60 -1.7 -1.6 25 26 233.775259278811 0.002944143290449119
10 60 -1.7 -1.6 26 27 209.3925463121558 0.002547162091047994
10 60 -1.7 -1.6 27 28 188.0752153093624 0.002316442245785311
10 60 -1.7 -1.6 28 29 169.3748175659888 0.002085226574962462
10 60 -1.7 -1.6 29 30 152.9173212196974 0.001816479366766544
10 60 -1.7 -1.6 30 31 138.3894823479963 0.001579861673661753
10 60 -1.7 -1.6 31 32 125.5277211319077 0.001438171418499223
10 60 -1.7 -1.6 32 33 114.1092370673321 0.001340988072115579
10 60 -1.7 -1.6 33 34 103.9450582547683 0.001205685357589914
10 60 -1.7 -1.6 34 35 94.87441223870728 0.001045461960870853
10 60 -1.7 -1.6 35 36 86.76005081800675 0.0009154660015582294
10 60 -1.7 -1.6 36 37 79.4843133443926 0.0008320886762760438
10 60 -1.7 -1.6 37 38 72.94598756064586 0.0007802315753764333
10 60 -1.7 -1.6 38 39 67.0577258083167 0.0007189885214273772
10 60 -1.7 -1.6 39 40 61.74398727647792 0.0006504143306500509
10 60 -1.7 -1.6 40 42 109.5257864106852 0.00115798683974333
10 60 -1.7 -1.6 42 44 93.68048761399706 0.0009993146793334517
10 60 -1.7 -1.6 44 46 80.56304537969555 0.0008537453097261505
10 60 -1.7 -1.6 46 48 69.63260869856538 0.0007013486107894096
10 60 -1.7 -1.6 48 50 60.46903795477159 0.000635827905604458
10 60 -1.7 -1.6 50 52 52.74286740228242 0.0005586371015127156
10 60 -1.7 -1.6 52 54 46.19387767041042 0.0004959341184829213
10 60 -1.7 -1.6 54 56 40.6149578861403 0.0004681674342847941
10 60 -1.7 -1.6 56 58 35.84006268064083 0.0004051814039272017
10 60 -1.7 -1.6 58 60 31.73530810527252 0.0003413072782656457
10 60 -1.7 -1.6 60 65 64.84975443812716 0.0008138617469057863
10 60 -1.7 -1.6 65 70 49.10820205842999 0.0006689032817064344
10 60 -1.7 -1.6 70 80 67.31169890200533 0.001092880531487594
10 60 -1.7 -1.6 80 90 42.01981149529162 0.0008647421909913078
10 60 -1.7 -1.6 90 100 27.41974732499881 0.0007278565982495877
10 60 -1.6 -1.5 0 0.5 -113101.8256935347 3.317590424310765
10 60 -1.6 -1.5 0.5 1 2627.531966829325 0.00198717340526855
10 60 -1.6 -1.5 1 1.5 9931.548598620964 0.4347870015899389
10 60 -1.6 -1.5 1.5 2 9139.27050089697 0.3545516441499785
10 60 -1.6 -1.5 2 2.5 7738.593640215938 0.2854859055169072
10 60 -1.6 -1.5 2.5 3 6504.412819399475 0.2155303097897558
10 60 -1.6 -1.5 3 3.5 5503.54262828889 0.1639336379266751
10 60 -1.6 -1.5 3.5 4 4700.127100487927 0.1318049300643906
10 60 -1.6 -1.5 4 4.5 4050.668605483666 0.1094830140818885
10 60 -1.6 -1.5 4.5 5 3519.636028240859 0.08981482889385006
10 60 -1.6 -1.5 5 5.5 3080.22367137851 0.07231141093370752
10 60 -1.6 -1.5 5.5 6 2712.529652653175 0.05835182740156597
10 60 -1.6 -1.5 6 6.5 2401.737250441211 0.04775547672852554
10 60 -1.6 -1.5 6.5 7 2136.69942409291 0.03956241929290627
10 60 -1.6 -1.5 7 7.5 1908.915705695161 0.03442215088443845
10 60 -1.6 -1.5 7.5 8 1711.811291147602 0.03076809560934635
10 60 -1.6 -1.5 8 8.5 1540.233856117857 0.02768476728829228
10 60 -1.6 -1.5 8.5 9 1390.09090195306 0.02499921275898487
10 60 -1.6 -1.5 9 9.5 1258.091658491287 0.02250059695143136
10 60 -1.6 -1.5 9.5 10 1141.560476567674 0.02045152713299103
10 60 -1.6 -1.5 10 10.5 1038.299303063803 0.01857500070900642
10 60 -1.6 -1.5 10.5 11 946.4864053090149 0.01672306911677879
10 60 -1.6 -1.5 11 11.5 864.6004648363156 0.01522940627455682
10 60 -1.6 -1.5 11.5 12 791.3603655973699 0.03324121672892488
10 60 -1.6 -1.5 12 12.5 725.6805080810235 0.02515879112013408
10 60 -1.6 -1.5 12.5 13 666.6359507350587 0.01873482677922311
10 60 -1.6 -1.5 13 13.5 613.4342400157861 0.01362915284119026
10 60 -1.6 -1.5 13.5 14 565.3933502526958 0.009593714461630043
10 60 -1.6 -1.5 14 14.5 521.92372437751 0.008782151412333405
10 60 -1.6 -1.5 14.5 15 482.5138692772259 0.008079251602111981
10 60 -1.6 -1.5 15 16 860.8665534714918 0.0140334912051685
10 60 -1.6 -1.5 16 17 741.8247683800345 0.01185117620696019
10 60 -1.6 -1.5 17 18 642.4738664002491 0.0206977274814335
10 60 -1.6 -1.5 18 19 559.0538013581153 0.02628150305281451
10 60 -1.6 -1.5 19 20 488.6138825803076 0.007181832491937712
10 60 -1.6 -1.5 20 21 428.8191401903391 0.006034141734971854
10 60 -1.6 -1.5 21 22 377.8088862602638 0.00513469854450932
10 60 -1.6 -1.5 22 23 334.0890419037621 0.004572545750420431
10 60 -1.6 -1.5 23 24 296.4518117361309 0.003989920165054173
10 60 -1.6 -1.5 24 25 263.9156837907805 0.003502166158000364
10 60 -1.6 -1.5 25 26 235.6781754652613 0.003232208882394616
10 60 -1.6 -1.5 26 27 211.0792803772026 0.002890167321623949
10 60 -1.6 -1.5 27 28 189.5739611598877 0.002451713181045534
10 60 -1.6 -1.5 28 29 170.70993518366 0.002165338905911085
10 60 -1.6 -1.5 29 30 154.1097104885475 0.002003974281848286
10 60 -1.6 -1.5 30 31 139.4567914858106 0.001786744559296949
10 60 -1.6 -1.5 31 32 126.485007447651 0.001567382717752253
10 60 -1.6 -1.5 32 33 114.9695875001902 0.00141130810850143
10 60 -1.6 -1.5 33 34 104.7198460392712 0.001280416110986948
10 60 -1.6 -1.5 34 35 95.57348966639091 0.001146742368462128
10 60 -1.6 -1.5 35 36 87.39189842731824 0.001034810236490102
10 60 -1.6 -1.5 36 37 80.05628204761634 0.000944027841200068
10 60 -1.6 -1.5 37 38 73.46448863494027 0.00084298248643222
10 60 -1.6 -1.5 38 39 67.52846358653292 0.0007336369374399965
10 60 -1.6 -1.5 39 40 62.17203370877318 0.0006464077390546663
10 60 -1.6 -1.5 40 42 110.2712185227126 0.001182304956145686
10 60 -1.6 -1.5 42 44 94.30232461010502 0.001022554718147717
10 60 -1.6 -1.5 44 46 81.08453612484669 0.0008557978784295983
10 60 -1.6 -1.5 46 48 70.07207113578316 0.0007358930071177383
10 60 -1.6 -1.5 48 50 60.84089338770864 0.0006425116872321723
10 60 -1.6 -1.5 50 52 53.05877363266553 0.0005214271257258929
10 60 -1.6 -1.5 52 54 46.46337799145926 0.0004603693662090791
10 60 -1.6 -1.5 54 56 40.84577685595594 0.0004195677025720101
10 60 -1.6 -1.5 56 58 36.03850738555739 0.0003778614273102221
10 60 -1.6 -1.5 58 60 31.90648908872635 0.0003460602649703048
10 60 -1.6 -1.5 60 65 65.18401366682158 0.0006773504559021148
10 60 -1.6 -1.5 65 70 49.34539339395775 0.0005669402919465938
10 60 -1.6 -1.5 70 80 67.60845211809773 0.0008964910058608666
10 60 -1.6 -1.5 80 90 42.18400402405671 0.0007075155469777883
10 60 -1.6 -1.5 90 100 27.51610601347302 0.0005576672638092361
10 60 -1.5 -1.4 0 0.5 -114650.2307920226 3.523635705481865
10 60 -1.5 -1.4 0.5 1 2488.748992232545 0.0005419405670181732
10 60 -1.5 -1.4 1 1.5 9956.266193057421 0.1532323165338312
10 60 -1.5 -1.4 1.5 2 9188.180076957569 0.3757660582086828
10 60 -1.5 -1.4 2 2.5 7788.787290428743 0.2667208810225929
10 60 -1.5 -1.4 2.5 3 6550.729617030917 0.2102272830043148
10 60 -1.5 -1.4 3 3.5 5544.997996557686 0.1727884345100392
10 60 -1.5 -1.4 3.5 4 4736.893883786706 0.1402982792933472
10 60 -1.5 -1.4 4 4.5 4083.217501695714 0.1107881450034256
10 60 -1.5 -1.4 4.5 5 3548.487527171403 0.08760159379153265
10 60 -1.5 -1.4 5 5.5 3105.856282076754 0.07096750942946528
10 60 -1.5 -1.4 5.5 6 2735.362929093053 0.05872202653381464
10 60 -1.5 -1.4 6 6.5 2422.134754727351 0.04862563358301486
10 60 -1.5 -1.4 6.5 7 2154.971160552574 0.04055025646948707
10 60 -1.5 -1.4 7 7.5 1925.32397169271 0.03632840688419492
10 60 -1.5 -1.4 7.5 8 1726.581970132715 0.03278233473110959
10 60 -1.5 -1.4 8 8.5 1553.560369651253 0.02935763736854824
10 60 -1.5 -1.4 8.5 9 1402.140664020219 0.02645734313477988
10 60 -1.5 -1.4 9 9.5 1269.009093558322 0.02401460661462806
10 60 -1.5 -1.4 9.5 10 1151.470298507558 0.02167238389301929
10 60 -1.5 -1.4 10 10.5 1047.31118214962 0.01968492123160104
10 60 -1.5 -1.4 10.5 11 954.6966921657358 0.01791818346839591
10 60 -1.5 -1.4 11 11.5 872.0930457103202 0.01632083448362209
10 60 -1.5 -1.4 11.5 12 798.2088991938341 0.03361668353591085
10 60 -1.5 -1.4 12 12.5 731.9500591283019 0.02543484268107932
10 60 -1.5 -1.4 12.5 13 672.3840837509349 0.018952829401087
10 60 -1.5 -1.4 13 13.5 618.7117424074405 0.01379780025411037
10 60 -1.5 -1.4 13.5 14 570.2452440345979 0.01035839284566009
10 60 -1.5 -1.4 14 14.5 526.3903531725329 0.009404643951370417
10 60 -1.5 -1.4 14.5 15 486.6313751397432 0.008687303478893682
10 60 -1.5 -1.4 15 16 868.1793948380378 0.01538298965181184
10 60 -1.5 -1.4 16 17 748.0837381063193 0.0129343246234157
10 60 -1.5 -1.4 17 18 647.8543147051727 0.0208126364805139
10 60 -1.5 -1.4 18 19 563.6970182464221 0.02651989928972398
10 60 -1.5 -1.4 19 20 492.6360622104478 0.007725612756814826
10 60 -1.5 -1.4 20 21 432.3169037133027 0.006807611092085608
10 60 -1.5 -1.4 21 22 380.8609497426942 0.005774725606102038
10 60 -1.5 -1.4 22 23 336.7607576952057 0.004949143026124148
10 60 -1.5 -1.4 23 24 298.7982346081017 0.00433262683054636
10 60 -1.5 -1.4 24 25 265.9828234931394 0.003719407651431084
10 60 -1.5 -1.4 25 26 237.5047581562519 0.003262269154845399
10 60 -1.5 -1.4 26 27 212.6982430584865 0.002943433130099038
10 60 -1.5 -1.4 27 28 191.0129983426113 0.002654797138035292
10 60 -1.5 -1.4 28 29 171.9921840350771 0.002401796664571521
10 60 -1.5 -1.4 29 30 155.2547684230257 0.002136918179530767
10 60 -1.5 -1.4 30 31 140.4816354100148 0.001890231883891147
10 60 -1.5 -1.4 31 32 127.4043140636999 0.001695445051723254
10 60 -1.5 -1.4 32 33 115.7959212121917 0.001529683820137961
10 60 -1.5 -1.4 33 34 105.4640584772776 0.001377870577670137
10 60 -1.5 -1.4 34 35 96.24498719027564 0.001237943734736291
10 60 -1.5 -1.4 35 36 87.99887556593873 0.001101409534740583
10 60 -1.5 -1.4 36 37 80.60589801983356 0.0009917833059489567
10 60 -1.5 -1.4 37 38 73.96300625953999 0.0009099994470318507
10 60 -1.5 -1.4 38 39 67.98131123613156 0.0008369426908245714
10 60 -1.5 -1.4 39 40 62.58392296975901 0.0007634026632530322
10 60 -1.5 -1.4 40 42 110.9882119531585 0.001270536829522939
10 60 -1.5 -1.4 42 44 94.89987900528344 0.0009999109572476073
10 60 -1.5 -1.4 44 46 81.58531920444888 0.0008897772996618869
10 60 -1.5 -1.4 46 48 70.49379799811425 0.0007538852663060425
10 60 -1.5 -1.4 48 50 61.19763466332148 0.0006315199617930034
10 60 -1.5 -1.4 50 52 53.36180440073277 0.0005714447533478051
10 60 -1.5 -1.4 52 54 46.72160685261873 0.0004863469642160112
10 60 -1.5 -1.4 54 56 41.06652569171993 0.0003888870604313865
10 60 -1.5 -1.4 56 58 36.22789295916674 0.0003429365816387531
10 60 -1.5 -1.4 58 60 32.06953302638986 0.0003142526690282921
10 60 -1.5 -1.4 60 65 65.50164302868396 0.0006667005099671997
10 60 -1.5 -1.4 65 70 49.56882193606302 0.0005004819739582445
10 60 -1.5 -1.4 70 80 67.8835532850254 0.0007723916688462396
10 60 -1.5 -1.4 80 90 42.33129739741616 0.000537787615257912
10 60 -1.5 -1.4 90 100 27.5989629049673 0.0004420320261999677
10 60 -1.4 -1.3 0 0.5 -116114.2482445318 3.696069145735237
10 60 -1.4 -1.3 0.5 1 2357.381993200426 0.002715582931614335
10 60 -1.4 -1.3 1 1.5 9979.66939193313 0.4635991232134984
10 60 -1.4 -1.3 1.5 2 9234.4503759657 0.3532961678265565
10 60 -1.4 -1.3 2 2.5 7836.27391381386 0.287612447003994
10 60 -1.4 -1.3 2.5 3 6594.558430895828 0.2269739934044992
10 60 -1.4 -1.3 3 3.5 5584.234324122631 0.1729409567233233
10 60 -1.4 -1.3 3.5 4 4771.692333193973 0.1342164897323528
10 60 -1.4 -1.3 4 4.5 4114.025790662814 0.1085680839933048
10 60 -1.4 -1.3 4.5 5 3575.797845574875 0.08966039763208755
10 60 -1.4 -1.3 5 5.5 3130.11960650602 0.07403539212373289
10 60 -1.4 -1.3 5.5 6 2756.978486247158 0.06015870264718615
10 60 -1.4 -1.3 6 6.5 2441.446638931297 0.04874692465318731
10 60 -1.4 -1.3 6.5 7 2172.270330141635 0.0426260523640849
10 60 -1.4 -1.3 7 7.5 1940.859553453279 0.03824979148362218
10 60 -1.4 -1.3 7.5 8 1740.568128035672 0.03424398124980144
10 60 -1.4 -1.3 8 8.5 1566.182064489931 0.03106246489414843
10 60 -1.4 -1.3 8.5 9 1413.554703290933 0.02804325236343175
10 60 -1.4 -1.3 9 9.5 1279.351112143775 0.02533749812891983
10 60 -1.4 -1.3 9.5 10 1160.859318713515 0.02294150434408948
10 60 -1.4 -1.3 10 10.5 1055.850747172176 0.02079126330158942
10 60 -1.4 -1.3 10.5 11 962.4774572024251 0.01888641747802922
10 60 -1.4 -1.3 11 11.5 879.1946592428958 0.01719241803141358
10 60 -1.4 -1.3 11.5 12 804.7013489970805 0.03397650930378404
10 60 -1.4 -1.3 12 12.5 737.894671744358 0.02571832641660876
10 60 -1.4 -1.3 12.5 13 677.8349734238624 0.01914170014811134
10 60 -1.4 -1.3 13 13.5 623.7173310915872 0.01391942601571827
10 60 -1.4 -1.3 13.5 14 574.8487214107519 0.01103610918119102
10 60 -1.4 -1.3 14 14.5 530.6298417988922 0.01016834548261158
10 60 -1.4 -1.3 14.5 15 490.5404974989755 0.009334428671024853
10 60 -1.4 -1.3 15 16 875.1243639378193 0.01643508491281409
10 60 -1.4 -1.3 16 17 754.0314405460632 0.01403719384836677
10 60 -1.4 -1.3 17 18 652.9707985473265 0.02105462119516233
10 60 -1.4 -1.3 18 19 568.1177774767367 0.02671563294757107
10 60 -1.4 -1.3 19 20 496.4701547220227 0.008725036532894137
10 60 -1.4 -1.3 20 21 435.6531973574801 0.007392235341285414
10 60 -1.4 -1.3 21 22 383.7741400697532 0.006342141696734416
10 60 -1.4 -1.3 22 23 339.3129900889389 0.005482480877844864
10 60 -1.4 -1.3 23 24 301.0411582414767 0.00477068718157625
10 60 -1.4 -1.3 24 25 267.9597092851606 0.004188081506868002
10 60 -1.4 -1.3 25 26 239.2518762407788 0.003613693683917063
10 60 -1.4 -1.3 26 27 214.2463662206571 0.003148822502623716
10 60 -1.4 -1.3 27 28 192.3884273606177 0.002801565577783549
10 60 -1.4 -1.3 28 29 173.2173395985804 0.002462575030421021
10 60 -1.4 -1.3 29 30 156.3488549604811 0.002185039376541908
10 60 -1.4 -1.3 30 31 141.4610240638429 0.002010861360048466
10 60 -1.4 -1.3 31 32 128.2828858038183 0.001822997609735921
10 60 -1.4 -1.3 32 33 116.5856292429843 0.001600636795544119
10 60 -1.4 -1.3 33 34 106.175337305458 0.001434744435286461
10 60 -1.4 -1.3 34 35 96.88690647956255 0.001332702994986334
10 60 -1.4 -1.3 35 36 88.57923012620054 0.001214901407365687
10 60 -1.4 -1.3 36 37 81.13144014068145 0.001085266931013962
10 60 -1.4 -1.3 37 38 74.43965342706491 0.0009716524293992279
10 60 -1.4 -1.3 38 39 68.41428910454523 0.0008720061859861516
10 60 -1.4 -1.3 39 40 62.97786031727446 0.0007953892539518392
10 60 -1.4 -1.3 40 42 111.6746915103588 0.001402426905869447
10 60 -1.4 -1.3 42 44 95.4726045565728 0.001162212325226619
10 60 -1.4 -1.3 44 46 82.06504904963425 0.000915119709830492
10 60 -1.4 -1.3 46 48 70.89746818696408 0.0007702588531941501
10 60 -1.4 -1.3 48 50 61.53885952091613 0.0006669478345955326
10 60 -1.4 -1.3 50 52 53.65140841889436 0.0005589199682844992
10 60 -1.4 -1.3 52 54 46.96839946122093 0.0004817930357674527
10 60 -1.4 -1.3 54 56 41.27758619215183 0.0004306348254274894
10 60 -1.4 -1.3 56 58 36.40886076413779 0.0003806969155064621
10 60 -1.4 -1.3 58 60 32.22505466988511 0.000318166445296697
10 60 -1.4 -1.3 60 65 65.80332526870758 0.0006292983439806221
10 60 -1.4 -1.3 65 70 49.77997803685213 0.0004808634668833633
10 60 -1.4 -1.3 70 80 68.14017358408096 0.0006619571331185625
10 60 -1.4 -1.3 80 90 42.46538590418971 0.00046201335604934
10 60 -1.4 -1.3 90 100 27.67120546825006 0.0003264958107287441
10 60 -1.3 -1.2 0 0.5 -117489.5806458861 3.83429734618403
10 60 -1.3 -1.2 0.5 1 2233.691168410445 0.004899100881630147
10 60 -1.3 -1.2 1 1.5 10001.66221791556 0.1446042797215341
10 60 -1.3 -1.2 1.5 2 9277.991946105329 0.3756169080861582
10 60 -1.3 -1.2 2 2.5 7880.952521034298 0.2786933237466656
10 60 -1.3 -1.2 2.5 3 6635.784158002756 0.2121769611867421
10 60 -1.3 -1.2 3 3.5 5621.139707727078 0.1700870225085964
10 60 -1.3 -1.2 3.5 4 4804.425352109281 0.1404547305210144
10 60 -1.3 -1.2 4 4.5 4143.010170126775 0.1144422652532739
10 60 -1.3 -1.2 4.5 5 3601.491850815256 0.09160187866837077
10 60 -1.3 -1.2 5 5.5 3152.947321853851 0.07327973933342946
10 60 -1.3 -1.2 5.5 6 2777.317361963973 0.05932775111659794
10 60 -1.3 -1.2 6 6.5 2459.617811181788 0.04970589136792114
10 60 -1.3 -1.2 6.5 7 2188.547238895401 0.04445296875974236
10 60 -1.3 -1.2 7 7.5 1955.478353139337 0.03991502390999813
10 60 -1.3 -1.2 7.5 8 1753.730882363889 0.03597835684786332
10 60 -1.3 -1.2 8 8.5 1578.059840281513 0.03240551705266626
10 60 -1.3 -1.2 8.5 9 1424.296113400355 0.02931943953512928
10 60 -1.3 -1.2 9 9.5 1289.085289605653 0.02659895882652563
10 60 -1.3 -1.2 9.5 10 1169.698040634195 0.02407736384566306
10 60 -1.3 -1.2 10 10.5 1063.891404533081 0.02184818960790835
10 60 -1.3 -1.2 10.5 11 969.8049450431632 0.01997571515039454
10 60 -1.3 -1.2 11 11.5 885.8828843205036 0.01815787069961061
10 60 -1.3 -1.2 11.5 12 810.8156266614021 0.03427861033685531
10 60 -1.3 -1.2 12 12.5 743.4935204319277 0.02593606706125229
10 60 -1.3 -1.2 12.5 13 682.9701648049498 0.01932814255007997
10 60 -1.3 -1.2 13 13.5 628.4341758870055 0.0140636943200434
10 60 -1.3 -1.2 13.5 14 579.1873101113703 0.01162841698351258
10 60 -1.3 -1.2 14 14.5 534.6259811062134 0.01076532777847206
10 60 -1.3 -1.2 14.5 15 494.226045041044 0.009945972335799524
10 60 -1.3 -1.2 15 16 881.6741971837515 0.01740808319311782
10 60 -1.3 -1.2 16 17 759.6438201122202 0.01490008940936605
10 60 -1.3 -1.2 17 18 657.8023386045971 0.02118677921350809
10 60 -1.3 -1.2 18 19 572.2945169060966 0.02696655099543932
10 60 -1.3 -1.2 19 20 500.0954662988941 0.009446743373018762
10 60 -1.3 -1.2 20 21 438.8115784800487 0.008095567890507027
10 60 -1.3 -1.2 21 22 386.5349122228608 0.007042009117469661
10 60 -1.3 -1.2 22 23 341.733464350118 0.006059898523631091
10 60 -1.3 -1.2 23 24 303.1694973372479 0.005162130181190605
10 60 -1.3 -1.2 24 25 269.836781333664 0.004584280517121897
10 60 -1.3 -1.2 25 26 240.9119636635949 0.004017629760880936
10 60 -1.3 -1.2 26 27 215.7182947592648 0.003490079695041004
10 60 -1.3 -1.2 27 28 193.6966978148375 0.003073718288959526
10 60 -1.3 -1.2 28 29 174.3829001787826 0.002689518576346472
10 60 -1.3 -1.2 29 30 157.3896538218772 0.002361803908314641
10 60 -1.3 -1.2 30 31 142.3924829911431 0.002102070600983552
10 60 -1.3 -1.2 31 32 129.1183489716126 0.001865609813734181
10 60 -1.3 -1.2 32 33 117.3366339251295 0.001681542317541584
10 60 -1.3 -1.2 33 34 106.8517473548288 0.001543270243473671
10 60 -1.3 -1.2 34 35 97.49719257336699 0.001380108825017601
10 60 -1.3 -1.2 35 36 89.13086926804631 0.001227937282280323
10 60 -1.3 -1.2 36 37 81.63100661332857 0.001120403121134927
10 60 -1.3 -1.2 37 38 74.89288143507548 0.001051571988881506
10 60 -1.3 -1.2 38 39 68.82612209373112 0.0009610978118246294
10 60 -1.3 -1.2 39 40 63.35260244460901 0.0008521772943552719
10 60 -1.3 -1.2 40 42 112.3277474140541 0.001479959298009703
10 60 -1.3 -1.2 42 44 96.01775448802432 0.001250385927974662
10 60 -1.3 -1.2 44 46 82.52234520494183 0.001040126693183652
10 60 -1.3 -1.2 46 48 71.28253633599081 0.000859255089068256
10 60 -1.3 -1.2 48 50 61.86423170175469 0.0006794141718771129
10 60 -1.3 -1.2 50 52 53.92743456983976 0.0005821550517595142
10 60 -1.3 -1.2 52 54 47.20344704808883 0.0005342971833428578
10 60 -1.3 -1.2 54 56 41.47836206975935 0.0004441559933852091
10 60 -1.3 -1.2 56 58 36.58090197407129 0.0003766640534976773
10 60 -1.3 -1.2 58 60 32.37291421516412 0.0003456471878422462
10 60 -1.3 -1.2 60 65 66.08973006451022 0.0006587249162492981
10 60 -1.3 -1.2 65 70 49.97943973986899 0.0004778888101739653
10 60 -1.3 -1.2 70 80 68.38071465028342 0.0006154724436981951
10 60 -1.3 -1.2 80 90 42.58840946080056 0.0003741451202614599
10 60 -1.3 -1.2 90 100 27.73538498988072 0.0002772823374890265
10 60 -1.2 -1.1 0 0.5 -118772.7382163318 4.026774737154483
10 60 -1.2 -1.1 0.5 1 2118.216500721886 0.007338837454881286
10 60 -1.2 -1.1 1 1.5 10022.16544720128 0.4655409246734052
10 60 -1.2 -1.1 1.5 2 9318.635296461323 0.3721542240709823
10 60 -1.2 -1.1 2 2.5 7922.684454494349 0.2885438122784763
10 60 -1.2 -1.1 2.5 3 6674.305622786863 0.223710109197782
10 60 -1.2 -1.1 3 3.5 5655.624325316332 0.1778584218091055
10 60 -1.2 -1.1 3.5 4 4835.007866166802 0.1409616456494405
10 60 -1.2 -1.1 4 4.5 4170.090162184138 0.111432986035652
10 60 -1.2 -1.1 4.5 5 3625.495488113582 0.0898740658690258
10 60 -1.2 -1.1 5 5.5 3174.276652460146 0.07373213077880791
10 60 -1.2 -1.1 5.5 6 2796.322765693248 0.06088205162313898
10 60 -1.2 -1.1 6 6.5 2476.596085041335 0.05165756064207017
10 60 -1.2 -1.1 6.5 7 2203.75685613944 0.04622595122964412
10 60 -1.2 -1.1 7 7.5 1969.13988816464 0.0414593809721282
10 60 -1.2 -1.1 7.5 8 1766.031120761168 0.0373819668041051
10 60 -1.2 -1.1 8 8.5 1589.159476420283 0.03378517406986248
10 60 -1.2 -1.1 8.5 9 1434.334010840463 0.03049502164594742
10 60 -1.2 -1.1 9 9.5 1298.182283699141 0.02753865658928589
10 60 -1.2 -1.1 9.5 10 1177.95917743666 0.0251104159415263
10 60 -1.2 -1.1 10 10.5 1071.407190023469 0.02289291461943321
10 60 -1.2 -1.1 10.5 11 976.6543190718302 0.02076851380559219
10 60 -1.2 -1.1 11 11.5 892.1358518732237 0.01897932740462238
10 60 -1.2 -1.1 11.5 12 816.5336834762089 0.03459854447294219
10 60 -1.2 -1.1 12 12.5 748.7303347681985 0.02617553481047707
10 60 -1.2 -1.1 12.5 13 687.7733320823762 0.01948678945507254
10 60 -1.2 -1.1 13 13.5 632.8462434122443 0.01419441048267345
10 60 -1.2 -1.1 13.5 14 583.2458547073139 0.01221799302379623
10 60 -1.2 -1.1 14 14.5 538.3644274293709 0.01121222204415062
10 60 -1.2 -1.1 14.5 15 497.6743867096913 0.0103197571563669
10 60 -1.2 -1.1 15 16 887.8050787549156 0.0184053287499637
10 60 -1.2 -1.1 16 17 764.8997703117468 0.01565076599320037
10 60 -1.2 -1.1 17 18 662.3288220638739 0.02133806845745312
10 60 -1.2 -1.1 18 19 576.2093987003017 0.02716253668017998
10 60 -1.2 -1.1 19 20 503.4950558880738 0.0100052810798843
10 60 -1.2 -1.1 20 21 441.7751860613457 0.008725501616879683
10 60 -1.2 -1.1 21 22 389.1275130547353 0.007549461899600374
10 60 -1.2 -1.1 22 23 344.0089544131296 0.006618318171831561
10 60 -1.2 -1.1 23 24 305.1724926948507 0.005762760145785251
10 60 -1.2 -1.1 24 25 271.6044316814334 0.004957945971796107
10 60 -1.2 -1.1 25 26 242.4761329772776 0.004288005195775213
10 60 -1.2 -1.1 26 27 217.106225395314 0.00378503456468593
10 60 -1.2 -1.1 27 28 194.9313853551272 0.003363827906724737
10 60 -1.2 -1.1 28 29 175.4838173228363 0.00297719785757522
10 60 -1.2 -1.1 29 30 158.3733901712012 0.002625870813517395
10 60 -1.2 -1.1 30 31 143.2732997982542 0.002309513435193367
10 60 -1.2 -1.1 31 32 129.9085867573012 0.002037125453426825
10 60 -1.2 -1.1 32 33 118.0469745430145 0.001821556543475822
10 60 -1.2 -1.1 33 34 107.4914568114823 0.001624917432508255
10 60 -1.2 -1.1 34 35 98.07439858086187 0.001434768096430616
10 60 -1.2 -1.1 35 36 89.65264368516472 0.001288361636099467
10 60 -1.2 -1.1 36 37 82.10347332934911 0.001179404771633585
10 60 -1.2 -1.1 37 38 75.32136305814815 0.001072824465794042
10 60 -1.2 -1.1 38 39 69.21534199178865 0.0009687028369853579
10 60 -1.2 -1.1 39 40 63.70674501475997 0.0008816779037204014
10 60 -1.2 -1.1 40 42 112.9450040670568 0.001592797034334126
10 60 -1.2 -1.1 42 44 96.53311225080041 0.001313507397796343
10 60 -1.2 -1.1 44 46 82.9548039630927 0.001094380245703519
10 60 -1.2 -1.1 46 48 71.64712658727964 0.0009480006533522101
10 60 -1.2 -1.1 48 50 62.17277682767406 0.0008184647245386145
10 60 -1.2 -1.1 50 52 54.18922535860873 0.0006689215544142257
10 60 -1.2 -1.1 52 54 47.42612165409496 0.0005360597349763907
10 60 -1.2 -1.1 54 56 41.66840176878008 0.0004510193199465107
10 60 -1.2 -1.1 56 58 36.74363065218928 0.00041039637608975
10 60 -1.2 -1.1 58 60 32.51262844160863 0.0003598039274379516
10 60 -1.2 -1.1 60 65 66.36025770457555 0.000693118206413601
10 60 -1.2 -1.1 65 70 50.16759064894789 0.0004819672968920941
10 60 -1.2 -1.1 70 80 68.60624848331935 0.0005948942941387259
10 60 -1.2 -1.1 80 90 42.70223350216673 0.000355877099167401
10 60 -1.2 -1.1 90 100 27.79305054439045 0.0002212780643269241
10 60 -1.1 -1 0 0.5 -119959.4071956291 4.161195006323396
10 60 -1.1 -1 0.5 1 2011.284092580845 0.004194092512534553
10 60 -1.1 -1 1 1.5 10041.18679376725 0.1521421674970043
10 60 -1.1 -1 1.5 2 9356.294138971392 0.3735652877148823
10 60 -1.1 -1 2 2.5 7961.34778628937 0.2781336976477178
10 60 -1.1 -1 2.5 3 6709.993190432747 0.2231987695849966
10 60 -1.1 -1 3 3.5 5687.580850090864 0.1784594333003042
10 60 -1.1 -1 3.5 4 4863.357635098441 0.1409611742465131
10 60 -1.1 -1 4 4.5 4195.193141576328 0.1129233643769112
10 60 -1.1 -1 4.5 5 3647.746575854883 0.09205579787840179
10 60 -1.1 -1 5 5.5 3194.049720355397 0.07492032371692403
10 60 -1.1 -1 5.5 6 2813.938425519203 0.06098475145881821
10 60 -1.1 -1 6 6.5 2492.334639015168 0.05351237437707823
10 60 -1.1 -1 6.5 7 2217.857784049415 0.0478606941696853
10 60 -1.1 -1 7 7.5 1981.805626689332 0.04312823250302245
10 60 -1.1 -1 7.5 8 1777.433985967506 0.03879901988534584
10 60 -1.1 -1 8 8.5 1599.449109586442 0.03478725285458495
10 60 -1.1 -1 8.5 9 1443.640770345965 0.03153139482401457
10 60 -1.1 -1 9 9.5 1306.617443706745 0.02869638748097714
10 60 -1.1 -1 9.5 10 1185.618339241999 0.02594010828670434
10 60 -1.1 -1 10 10.5 1078.374821265606 0.02362844886101811
10 60 -1.1 -1 10.5 11 983.0046842988647 0.02152692764423136
10 60 -1.1 -1 11 11.5 897.9338728916299 0.01956845459903889
10 60 -1.1 -1 11.5 12 821.8365351718376 0.0348723884814035
10 60 -1.1 -1 12 12.5 753.588076949178 0.02641420908764758
10 60 -1.1 -1 12.5 13 692.2296727472972 0.01967073978835288
10 60 -1.1 -1 13 13.5 636.9399461093453 0.01429399505423135
10 60 -1.1 -1 13.5 14 587.0118205718634 0.01271165294133425
10 60 -1.1 -1 14 14.5 541.8336705838307 0.0116157163133721
10 60 -1.1 -1 14.5 15 500.8747380945156 0.010663832215414
10 60 -1.1 -1 15 16 893.4956171608658 0.01917744072329697
10 60 -1.1 -1 16 17 769.7791757433217 0.0164502916705942
10 60 -1.1 -1 17 18 666.5319438149455 0.02149137611991137
10 60 -1.1 -1 18 19 579.8459833150041 0.02735533476402452
10 60 -1.1 -1 19 20 506.6543419661174 0.01055218741470298
10 60 -1.1 -1 20 21 444.5301905276527 0.009233974316714466
10 60 -1.1 -1 21 22 391.5385701244553 0.007974275303411105
10 60 -1.1 -1 22 23 346.126289215616 0.007015400211912493
10 60 -1.1 -1 23 24 307.0379335786747 0.006128349789719323
10 60 -1.1 -1 24 25 273.2529141386054 0.005366467275678133
10 60 -1.1 -1 25 26 243.9366909051114 0.004767604535146575
10 60 -1.1 -1 26 27 218.4031403390326 0.004149336555201444
10 60 -1.1 -1 27 28 196.0855876963514 0.003571956159646561
10 60 -1.1 -1 28 29 176.5135533933864 0.003162604533258673
10 60 -1.1 -1 29 30 159.2942976337008 0.002853190291318697
10 60 -1.1 -1 30 31 144.0986152098903 0.002542274980896764
10 60 -1.1 -1 31 32 130.6496610087637 0.002252645251900276
10 60 -1.1 -1 32 33 118.7136148871118 0.001976253313031862
10 60 -1.1 -1 33 34 108.092254741945 0.001759352286029525
10 60 -1.1 -1 34 35 98.6168028366441 0.001594124096399696
10 60 -1.1 -1 35 36 90.14308689992031 0.001440795101956382
10 60 -1.1 -1 36 37 82.54757679847209 0.001277754816101151
10 60 -1.1 -1 37 38 75.724114605807 0.001121533245253659
10 60 -1.1 -1 38 39 69.58117133355421 0.001013243203658476
10 60 -1.1 -1 39 40 64.03953129584212 0.0009283749272412933
10 60 -1.1 -1 40 42 113.5246601709553 0.001589323166925283
10 60 -1.1 -1 42 44 97.01687635208464 0.001364309984381862
10 60 -1.1 -1 44 46 83.36068184895524 0.001209179466343357
10 60 -1.1 -1 46 48 71.98910249248271 0.0009988670062597294
10 60 -1.1 -1 48 50 62.46211371680464 0.0008496715790684561
10 60 -1.1 -1 50 52 54.43501651121024 0.0007214838555853476
10 60 -1.1 -1 52 54 47.63561273304354 0.0006377480699342186
10 60 -1.1 -1 54 56 41.84730877935038 0.0005407262501577748
10 60 -1.1 -1 56 58 36.89665647395497 0.000423948660184692
10 60 -1.1 -1 58 60 32.64385099188932 0.0003454384287593371
10 60 -1.1 -1 60 65 66.61404193062675 0.0007140841510846485
10 60 -1.1 -1 65 70 50.34415367542875 0.0005381494765330785
10 60 -1.1 -1 70 80 68.81732203558053 0.0006027622878406191
10 60 -1.1 -1 80 90 42.80768517314047 0.0003248440333720737
10 60 -1.1 -1 90 100 27.8452794979583 0.0001935450888304047
10 60 -1 -0.95 0 0.5 -60393.6206845561 0.7573385804280406
10 60 -1 -0.95 0.5 1 968.2746059515492 0.006088264727964088
10 60 -1 -0.95 1 1.5 5027.245929384494 0.2302676225981486
10 60 -1 -0.95 1.5 2 4691.315080027662 0.192800515052113
10 60 -1 -0.95 2 2.5 3994.189954170205 0.1485712209546364
10 60 -1 -0.95 2.5 3 3367.470997896185 0.1089519714514608
10 60 -1 -0.95 3 3.5 2854.958505187629 0.08642921570799444
10 60 -1 -0.95 3.5 4 2441.587137291025 0.07088774148314769
10 60 -1 -0.95 4 4.5 2106.370604365083 0.05791098846475506
10 60 -1 -0.95 4.5 5 1831.653082328621 0.04650280502710302
10 60 -1 -0.95 5 5.5 1603.93794910647 0.03743889361589936
10 60 -1 -0.95 5.5 6 1413.128061052356 0.03066555897180478
10 60 -1 -0.95 6 6.5 1251.669948976853 0.02514405957822419
10 60 -1 -0.95 6.5 7 1113.859312119242 0.02066720350876494
10 60 -1 -0.95 7 7.5 995.3309724028777 0.01712438086292423
10 60 -1 -0.95 7.5 8 892.7036647895424 0.01424562391446216
10 60 -1 -0.95 8 8.5 803.322810612776 0.01186920625752919
10 60 -1 -0.95 8.5 9 725.0748693872459 0.009972817015523106
10 60 -1 -0.95 9 9.5 656.2580078458127 0.008499797174522428
10 60 -1 -0.95 9.5 10 595.4873790580378 0.007281029342493639
10 60 -1 -0.95 10 10.5 541.6238835664502 0.006207714272818521
10 60 -1 -0.95 10.5 11 493.7230692144636 0.005302390158476555
10 60 -1 -0.95 11 11.5 450.9947067029036 0.004573260438064608
10 60 -1 -0.95 11.5 12 412.7726380865714 0.01753938631026131
10 60 -1 -0.95 12 12.5 378.4924918869027 0.01326658250513901
10 60 -1 -0.95 12.5 13 347.673113773867 0.009887311163709001
10 60 -1 -0.95 13 13.5 319.9018552187892 0.007192566686057944
10 60 -1 -0.95 13.5 14 294.8235269390199 0.005058985412574657
10 60 -1 -0.95 14 14.5 272.1309931963892 0.00338249030227189
10 60 -1 -0.95 14.5 15 251.5575137375522 0.002061425287877228
10 60 -1 -0.95 15 16 448.7389281421034 0.004821968913859109
10 60 -1 -0.95 16 17 386.5965871508191 0.005137041064699588
10 60 -1 -0.95 17 18 334.7366705107516 0.01081427099126131
10 60 -1 -0.95 18 19 291.1957807009076 0.01373765961614026
10 60 -1 -0.95 19 20 254.433101308737 0.001492203690844462
10 60 -1 -0.95 20 21 223.2296891755343 0.001261548585489436
10 60 -1 -0.95 21 22 196.6138089163789 0.001071811313806847
10 60 -1 -0.95 22 23 173.8050478869844 0.0009158850175765565
10 60 -1 -0.95 23 24 154.1728810454841 0.0007927360092594427
10 60 -1 -0.95 24 25 137.2046148716078 0.0007089983011212553
10 60 -1 -0.95 25 26 122.4809279295525 0.0006189133731737684
10 60 -1 -0.95 26 27 109.6572646890271 0.0005460464330866444
10 60 -1 -0.95 27 28 98.44887368078426 0.0004874869948849891
10 60 -1 -0.95 28 29 88.61927780221656 0.0004226454387747935
10 60 -1 -0.95 29 30 79.97137792269339 0.0003685930899877121
10 60 -1 -0.95 30 31 72.34000899444085 0.0003254938753656234
10 60 -1 -0.95 31 32 65.58608915310259 0.0002996998142918983
10 60 -1 -0.95 32 33 59.59205265933888 0.0002677826752659485
10 60 -1 -0.95 33 34 54.25828572183408 0.0002390633798086128
10 60 -1 -0.95 34 35 49.50002955110507 0.0002133967981876594
10 60 -1 -0.95 35 36 45.24489817634178 0.0001894410179730244
10 60 -1 -0.95 36 37 41.43087396279092 0.0001689851482780114
10 60 -1 -0.95 37 38 38.00463025534527 0.0001535153696607949
10 60 -1 -0.95 38 39 34.92016173219859 0.0001396932262807127
10 60 -1 -0.95 39 40 32.13767496057606 0.000127531100105216
10 60 -1 -0.95 40 42 56.96774782608014 0.0002233582386423905
10 60 -1 -0.95 42 44 48.6796275360612 0.0001882468660170389
10 60 -1 -0.95 44 46 41.82366015397162 0.0001598034139504989
10 60 -1 -0.95 46 48 36.11530487223646 0.0001364222856565789
10 60 -1 -0.95 48 50 31.33325050745284 0.0001172619899421079
10 60 -1 -0.95 50 52 27.30427135242439 0.0001013464583223822
10 60 -1 -0.95 52 54 23.89170513572393 8.803736282203545e-05
10 60 -1 -0.95 54 56 20.98683779489197 7.686768290326995e-05
10 60 -1 -0.95 56 58 18.50252117504004 6.741301410073675e-05
10 60 -1 -0.95 58 60 16.36846005125651 5.935369810572411e-05
10 60 -1 -0.95 60 65 33.39686786808322 0.000120338255300112
10 60 -1 -0.95 65 70 25.23437135900772 9.034324273571315e-05
10 60 -1 -0.95 70 80 34.48327785957109 0.0001228496828531433
10 60 -1 -0.95 80 90 21.44087536358001 7.630621042054031e-05
10 60 -1 -0.95 90 100 13.94075376182142 4.977398452510329e-05
10 60 -0.95 -0.9 0 0.5 -60652.81476802418 0.836145670597034
10 60 -0.95 -0.9 0.5 1 944.9085122978067 0.003274798280017421
10 60 -0.95 -0.9 1 1.5 5031.409672593663 0.08365519210838102
10 60 -0.95 -0.9 1.5 2 4699.56778704491 0.177427827572501
10 60 -0.95 -0.9 2 2.5 4002.663843495456 0.1480836753426047
10 60 -0.95 -0.9 2.5 3 3375.292843119146 0.1161844157636551
10 60 -0.95 -0.9 3 3.5 2861.960238046312 0.08787668984814445
10 60 -0.95 -0.9 3.5 4 2447.799007818818 0.06955077593784154
10 60 -0.95 -0.9 4 4.5 2111.870518420131 0.05648035496506054
10 60 -0.95 -0.9 4.5 5 1836.530312900676 0.04641579675785579
10 60 -0.95 -0.9 5 5.5 1608.272234416714 0.03785350013754396
10 60 -0.95 -0.9 5.5 6 1416.989551198481 0.03069113132164603
10 60 -0.95 -0.9 6 6.5 1255.120753319055 0.02520957914930477
10 60 -0.95 -0.9 6.5 7 1116.95070262864 0.02081733617501413
10 60 -0.95 -0.9 7 7.5 998.1071543804463 0.01714901218372233
10 60 -0.95 -0.9 7.5 8 895.203743392784 0.01423785285646773
10 60 -0.95 -0.9 8 8.5 805.579355176419 0.01196251199837661
10 60 -0.95 -0.9 8.5 9 727.11561696857 0.01008841028158258
10 60 -0.95 -0.9 9 9.5 658.1075688858914 0.0084906624085761
10 60 -0.95 -0.9 9.5 10 597.1666867404298 0.0072002540836138
10 60 -0.95 -0.9 10 10.5 543.1518798389227 0.00618407915555963
10 60 -0.95 -0.9 10.5 11 495.1160277217028 0.00536517360274047
10 60 -0.95 -0.9 11 11.5 452.2663592908291 0.004655509609051478
10 60 -0.95 -0.9 11.5 12 413.9354977285769 0.01759227046659362
10 60 -0.95 -0.9 12 12.5 379.5576581894717 0.01331998689948932
10 60 -0.95 -0.9 12.5 13 348.6502401968355 0.009911290931484018
10 60 -0.95 -0.9 13 13.5 320.7997206699169 0.007209861914361682
10 60 -0.95 -0.9 13.5 14 295.6498750766203 0.005084068824658061
10 60 -0.95 -0.9 14 14.5 272.8924621352211 0.003399139136490703
10 60 -0.95 -0.9 14.5 15 252.2600506776126 0.002067979015748733
10 60 -0.95 -0.9 15 16 449.988197220267 0.004883150218972787
10 60 -0.95 -0.9 16 17 387.6674217808881 0.005187251386189473
10 60 -0.95 -0.9 17 18 335.659186494937 0.01083297208123213
10 60 -0.95 -0.9 18 19 291.9940440934525 0.01379329549411068
10 60 -0.95 -0.9 19 20 255.1268246206654 0.001496542141296686
10 60 -0.95 -0.9 20 21 223.8349888908363 0.001263223685640469
10 60 -0.95 -0.9 21 22 197.143793483011 0.001072625102864322
10 60 -0.95 -0.9 22 23 174.2708344644591 0.0009286172348481614
10 60 -0.95 -0.9 23 24 154.5835353497629 0.000822255156947449
10 60 -0.95 -0.9 24 25 137.5676653163701 0.0007149662458516559
10 60 -0.95 -0.9 25 26 122.8029306552442 0.000634499458314508
10 60 -0.95 -0.9 26 27 109.9436829628716 0.0005623723049694718
10 60 -0.95 -0.9 27 28 98.70428638371865 0.0005022318078147237
10 60 -0.95 -0.9 28 29 88.84758403363725 0.0004457848347527715
10 60 -0.95 -0.9 29 30 80.17579295782369 0.0003854636450171256
10 60 -0.95 -0.9 30 31 72.52333309073046 0.0003374804413169841
10 60 -0.95 -0.9 31 32 65.75083470547978 0.0003039341648474192
10 60 -0.95 -0.9 32 33 59.74043865216939 0.0002789058178933601
10 60 -0.95 -0.9 33 34 54.39217236692953 0.0002498276528015708
10 60 -0.95 -0.9 34 35 49.62103286871587 0.0002192689693032435
10 60 -0.95 -0.9 35 36 45.35445913613474 0.0001944584190169962
10 60 -0.95 -0.9 36 37 41.53024593014475 0.0001758778538842876
10 60 -0.95 -0.9 37 38 38.09488779193591 0.0001620391397736398
10 60 -0.95 -0.9 38 39 35.00223136674376 0.0001496268113072574
10 60 -0.95 -0.9 39 40 32.2123595680663 0.0001341096916078754
10 60 -0.95 -0.9 40 42 57.09779958316241 0.0002235552855083256
10 60 -0.95 -0.9 42 44 48.78814780069824 0.0001883111013611938
10 60 -0.95 -0.9 44 46 41.91460480525414 0.0001598009872978423
10 60 -0.95 -0.9 46 48 36.191690739103 0.000136470510625486
10 60 -0.95 -0.9 48 50 31.39777723478875 0.0001172863619594011
10 60 -0.95 -0.9 50 52 27.35906365264533 0.0001013693293216988
10 60 -0.95 -0.9 52 54 23.9384133197766 8.804334643386369e-05
10 60 -0.95 -0.9 54 56 21.02675668599907 7.684301552757233e-05
10 60 -0.95 -0.9 56 58 18.53674319032415 6.737697459868741e-05
10 60 -0.95 -0.9 58 60 16.39791932707473 5.933538257352211e-05
10 60 -0.95 -0.9 60 65 33.45379918838487 0.0001202771321615614
10 60 -0.95 -0.9 65 70 25.27387797143824 9.026650276666714e-05
10 60 -0.95 -0.9 70 80 34.53040543131775 0.0001227261780343269
10 60 -0.95 -0.9 80 90 21.46422797067031 7.61894350240766e-05
10 60 -0.95 -0.9 90 100 13.95214447481399 4.96848155435714e-05
10 60 -0.9 -0.85 0 0.5 -60899.33437348462 0.9119561630941462
10 60 -0.9 -0.85 0.5 1 922.7472466201044 0.003882857282292207
10 60 -0.9 -0.85 1 1.5 5035.382899568962 0.08615907581588544
10 60 -0.9 -0.85 1.5 2 4707.415724067414 0.1912064462558192
10 60 -0.9 -0.85 2 2.5 4010.727257550437 0.1378825314268397
10 60 -0.9 -0.85 2.5 3 3382.736073534207 0.1143693317167163
10 60 -0.9 -0.85 3 3.5 2868.624633286033 0.09225687390426174
10 60 -0.9 -0.85 3.5 4 2453.710341718882 0.07154146800439776
10 60 -0.9 -0.85 4 4.5 2117.104586135404 0.05675885266691694
10 60 -0.9 -0.85 4.5 5 1841.171291277479 0.0459374017987102
10 60 -0.9 -0.85 5 5.5 1612.396113807824 0.03762967220040991
10 60 -0.9 -0.85 5.5 6 1420.664325821465 0.03089670306530934
10 60 -0.9 -0.85 6 6.5 1258.405068339594 0.02517714362920742
10 60 -0.9 -0.85 6.5 7 1119.892534943147 0.02071645348655693
10 60 -0.9 -0.85 7 7.5 1000.749526870719 0.01727914592561319
10 60 -0.9 -0.85 7.5 8 897.5833562697376 0.01438391084434443
10 60 -0.9 -0.85 8 8.5 807.7268933785647 0.01196298039849353
10 60 -0.9 -0.85 8.5 9 729.058117498156 0.01004152561813498
10 60 -0.9 -0.85 9 9.5 659.8678258119011 0.008534359822306214
10 60 -0.9 -0.85 9.5 10 598.7651920649733 0.007291426453889471
10 60 -0.9 -0.85 10 10.5 544.6064970327042 0.006228321870025866
10 60 -0.9 -0.85 10.5 11 496.4417500950099 0.005322833310970054
10 60 -0.9 -0.85 11 11.5 453.4767140289792 0.004595410999911564
10 60 -0.9 -0.85 11.5 12 415.0423702271229 0.01765665893185542
10 60 -0.9 -0.85 12 12.5 380.571450998387 0.01335363849307214
10 60 -0.9 -0.85 12.5 13 349.5803804329272 0.009943769733411045
10 60 -0.9 -0.85 13 13.5 321.6543892399253 0.007242911308651401
10 60 -0.9 -0.85 13.5 14 296.4361756156317 0.005099029004497879
10 60 -0.9 -0.85 14 14.5 273.6168850196624 0.003401956446452914
10 60 -0.9 -0.85 14.5 15 252.9284969448387 0.002075708283172162
10 60 -0.9 -0.85 15 16 451.1771717875478 0.004910752923308337
10 60 -0.9 -0.85 16 17 388.6871598862567 0.005161892774367516
10 60 -0.9 -0.85 17 18 336.5372898089756 0.01089720732352362
10 60 -0.9 -0.85 18 19 292.7538115033313 0.01383448331080217
10 60 -0.9 -0.85 19 20 255.7870814622553 0.0015002287460959
10 60 -0.9 -0.85 20 21 224.4111049734447 0.001263738106985102
10 60 -0.9 -0.85 21 22 197.6484928967712 0.001082886511284187
10 60 -0.9 -0.85 22 23 174.7143373427232 0.0009487221068980034
10 60 -0.9 -0.85 23 24 154.9745205437603 0.0008320527132923417
10 60 -0.9 -0.85 24 25 137.9135082851016 0.0007337488917187329
10 60 -0.9 -0.85 25 26 123.1097275987586 0.0006474093618464849
10 60 -0.9 -0.85 26 27 110.2165885439963 0.0005790889236720886
10 60 -0.9 -0.85 27 28 98.94767045135643 0.0005094471442248505
10 60 -0.9 -0.85 28 29 89.06523269081596 0.0004531844664796836
10 60 -0.9 -0.85 29 30 80.37093363238313 0.0004102307704556551
10 60 -0.9 -0.85 30 31 72.69852859114528 0.0003630292689962289
10 60 -0.9 -0.85 31 32 65.9082640387622 0.0003133279584233151
10 60 -0.9 -0.85 32 33 59.88216382325801 0.0002775158835461866
10 60 -0.9 -0.85 33 34 54.52009543586253 0.000251480539759541
10 60 -0.9 -0.85 34 35 49.73676410902174 0.000227363251724455
10 60 -0.9 -0.85 35 36 45.45932893327663 0.0002086498522047009
10 60 -0.9 -0.85 36 37 41.62537583970256 0.000190069158762185
10 60 -0.9 -0.85 37 38 38.18126126850267 0.0001717353858481374
10 60 -0.9 -0.85 38 39 35.08074223983589 0.0001513461904849578
10 60 -0.9 -0.85 39 40 32.28384397609987 0.0001361533824066896
10 60 -0.9 -0.85 40 42 57.22251446145829 0.000235656866948375
10 60 -0.9 -0.85 42 44 48.89225933660753 0.0001909172792835534
10 60 -0.9 -0.85 44 46 42.0018818261852 0.0001654200581313603
10 60 -0.9 -0.85 46 48 36.26504705449997 0.0001365176278724789
10 60 -0.9 -0.85 48 50 31.4596112618442 0.0001172849174650992
10 60 -0.9 -0.85 50 52 27.41152520865326 0.0001013609611604238
10 60 -0.9 -0.85 52 54 23.98311036334602 8.804316011534752e-05
10 60 -0.9 -0.85 54 56 21.06497729992936 7.684131795571147e-05
10 60 -0.9 -0.85 56 58 18.56951465885866 6.820801444007429e-05
10 60 -0.9 -0.85 58 60 16.42604079099907 5.930355506222895e-05
10 60 -0.9 -0.85 60 65 33.50841751995744 0.000120222577642437
10 60 -0.9 -0.85 65 70 25.3117668276155 9.019874971016861e-05
10 60 -0.9 -0.85 70 80 34.57552960847666 0.0001226160108771523
10 60 -0.9 -0.85 80 90 21.48657726669274 7.608431770123047e-05
10 60 -0.9 -0.85 90 100 13.96297399387562 4.960311228963121e-05
10 60 -0.85 -0.8 0 0.5 -61133.00550014765 0.9809421016761917
10 60 -0.85 -0.8 0.5 1 901.8101959757365 0.005192994988874489
10 60 -0.85 -0.8 1 1.5 5039.172614014382 0.2310516099469169
10 60 -0.85 -0.8 1.5 2 4714.865293147107 0.19906940726014
10 60 -0.85 -0.8 2 2.5 4018.37018242504 0.1455837621124374
10 60 -0.85 -0.8 2.5 3 3389.79497654086 0.1086777403043016
10 60 -0.85 -0.8 3 3.5 2874.945097220612 0.08899217456928454
10 60 -0.85 -0.8 3.5 4 2459.317454903959 0.07320372934873376
10 60 -0.85 -0.8 4 4.5 2122.070032203799 0.05816184255127155
10 60 -0.85 -0.8 4.5 5 1845.573427390256 0.04643210737549452
10 60 -0.85 -0.8 5 5.5 1616.307250212071 0.03754265204679541
10 60 -0.85 -0.8 5.5 6 1424.15056868608 0.03077762893667568
10 60 -0.85 -0.8 6 6.5 1261.52021171858 0.02544672738986264
10 60 -0.85 -0.8 6.5 7 1122.683117401513 0.02088775455240466
10 60 -0.85 -0.8 7 7.5 1003.256388168758 0.01712739804850116
10 60 -0.85 -0.8 7.5 8 899.8406715242457 0.01429260170198177
10 60 -0.85 -0.8 8 8.5 809.7643230074132 0.01204117043641872
10 60 -0.85 -0.8 8.5 9 730.9006742335549 0.01014831935367511
10 60 -0.85 -0.8 9 9.5 661.5377361963958 0.00854187757533964
10 60 -0.85 -0.8 9.5 10 600.2820942393141 0.007246237687695611
10 60 -0.85 -0.8 10 10.5 545.9865333400151 0.006212709816168172
10 60 -0.85 -0.8 10.5 11 497.699408376847 0.005385625054429966
10 60 -0.85 -0.8 11 11.5 454.6248589591742 0.004672259477842999
10 60 -0.85 -0.8 11.5 12 416.0923144606062 0.01770050101913512
10 60 -0.85 -0.8 12 12.5 381.5333332453618 0.01340061690467564
10 60 -0.85 -0.8 12.5 13 350.462858943419 0.009984177381511472
10 60 -0.85 -0.8 13 13.5 322.4650303082855 0.007264375260888301
10 60 -0.85 -0.8 13.5 14 297.1818955850986 0.00511012288461643
10 60 -0.85 -0.8 14 14.5 274.3039127379744 0.003413434579044861
10 60 -0.85 -0.8 14.5 15 253.5623176851225 0.002075902964179477
10 60 -0.85 -0.8 15 16 452.3045979941738 0.004910684114463493
10 60 -0.85 -0.8 16 17 389.6545364422466 0.005129903044746698
10 60 -0.85 -0.8 17 18 337.3705807967682 0.01091660963191998
10 60 -0.85 -0.8 18 19 293.4745108462097 0.01390311415138967
10 60 -0.85 -0.8 19 20 256.4133553905822 0.001498509221903532
10 60 -0.85 -0.8 20 21 224.9576492202269 0.001268685418523319
10 60 -0.85 -0.8 21 22 198.127213901475 0.00110518441127283
10 60 -0.85 -0.8 22 23 175.1350827923062 0.0009670014281084605
10 60 -0.85 -0.8 23 24 155.3455304148463 0.000842086878066084
10 60 -0.85 -0.8 24 25 138.2417554175716 0.0007511440977054917
10 60 -0.85 -0.8 25 26 123.4009583252618 0.0006656676353031798
10 60 -0.85 -0.8 26 27 110.4756479970079 0.000582433154249884
10 60 -0.85 -0.8 27 28 99.178802127456 0.0005210676119986601
10 60 -0.85 -0.8 28 29 89.27198395377474 0.0004693593164404319
10 60 -0.85 -0.8 29 30 80.55627068917477 0.0004179316373580377
10 60 -0.85 -0.8 30 31 72.86504935643883 0.0003774314234590292
10 60 -0.85 -0.8 31 32 66.05813807480602 0.0003337003697083674
10 60 -0.85 -0.8 32 33 60.01720660625049 0.000283985333517478
10 60 -0.85 -0.8 33 34 54.64198744992684 0.0002548010540053269
10 60 -0.85 -0.8 34 35 49.84701795736144 0.000239610845405025
10 60 -0.85 -0.8 35 36 45.55920511367352 0.0002195400117983581
10 60 -0.85 -0.8 36 37 41.71596103064687 0.0001965045020924094
10 60 -0.85 -0.8 37 38 38.26353921950438 0.0001745272224269456
10 60 -0.85 -0.8 38 39 35.15560221213239 0.000156836921945569
10 60 -0.85 -0.8 39 40 32.35205260649337 0.0001414756561786135
10 60 -0.85 -0.8 40 42 57.34158591469751 0.0002473398363278534
10 60 -0.85 -0.8 42 44 48.99175384283483 0.0002087923082569887
10 60 -0.85 -0.8 44 46 42.0852334993836 0.0001637701829224625
10 60 -0.85 -0.8 46 48 36.3352553267881 0.0001398534383199035
10 60 -0.85 -0.8 48 50 31.51889367718533 0.0001173458194649868
10 60 -0.85 -0.8 50 52 27.46165497073153 0.0001013451907745377
10 60 -0.85 -0.8 52 54 24.02577448622392 8.803622142039558e-05
10 60 -0.85 -0.8 54 56 21.10142692261822 7.96693473716914e-05
10 60 -0.85 -0.8 56 58 18.60071143219664 6.735075149322256e-05
10 60 -0.85 -0.8 58 60 16.45287116205833 5.929007870975056e-05
10 60 -0.85 -0.8 60 65 33.56055446860668 0.0001201785562443547
10 60 -0.85 -0.8 65 70 25.34797760109892 9.015276593871135e-05
10 60 -0.85 -0.8 70 80 34.6185955889884 0.0001225055061624403
10 60 -0.85 -0.8 80 90 21.50795595047338 7.598750617532346e-05
10 60 -0.85 -0.8 90 100 13.9732868496139 4.951625662030779e-05
10 60 -0.8 -0.75 0 0.5 -61353.61252146449 1.047267181420466
10 60 -0.8 -0.75 0.5 1 882.0588060701865 0.001337670399720992
10 60 -0.8 -0.75 1 1.5 5042.778193472825 0.2411886045611027
10 60 -0.8 -0.75 1.5 2 4721.906548728924 0.1824998913625677
10 60 -0.8 -0.75 2 2.5 4025.592102119394 0.1511858541007314
10 60 -0.8 -0.75 2.5 3 3396.460821617911 0.1142766105635928
10 60 -0.8 -0.75 3 3.5 2880.915813034785 0.08700076798004375
10 60 -0.8 -0.75 3.5 4 2464.615025587855 0.07042554430290693
10 60 -0.8 -0.75 4 4.5 2126.762034758944 0.05835819233789152
10 60 -0.8 -0.75 4.5 5 1849.733310809642 0.04729740944412697
10 60 -0.8 -0.75 5 5.5 1620.003232823061 0.03808185655907437
10 60 -0.8 -0.75 5.5 6 1427.444818358272 0.03075248771961014
10 60 -0.8 -0.75 6 6.5 1264.463617827283 0.0251158186581506
10 60 -0.8 -0.75 6.5 7 1125.320603402669 0.02091696885690908
10 60 -0.8 -0.75 7 7.5 1005.625688888005 0.01746235578718824
10 60 -0.8 -0.75 7.5 8 901.9743391913987 0.01438136711419702
10 60 -0.8 -0.75 8 8.5 811.6898284009584 0.01196311119724669
10 60 -0.8 -0.75 8.5 9 732.6419932415619 0.01008191553478355
10 60 -0.8 -0.75 9 9.5 663.1164841867861 0.008582080062410569
10 60 -0.8 -0.75 9.5 10 601.7158868667702 0.007323302867234815
10 60 -0.8 -0.75 10 10.5 547.2909184491557 0.00626127679356614
10 60 -0.8 -0.75 10.5 11 498.8881302989969 0.00535469451631343
10 60 -0.8 -0.75 11 11.5 455.7099805535357 0.004612271120834066
10 60 -0.8 -0.75 11.5 12 417.0847582982771 0.01775565231486098
10 60 -0.8 -0.75 12 12.5 382.4424341600324 0.01344725140006631
10 60 -0.8 -0.75 12.5 13 351.2967615055971 0.01001395183408249
10 60 -0.8 -0.75 13 13.5 323.2310807656547 0.007286615567295485
10 60 -0.8 -0.75 13.5 14 297.8866136718098 0.005128136249993531
10 60 -0.8 -0.75 14 14.5 274.9530833768399 0.003418180369237689
10 60 -0.8 -0.75 14.5 15 254.1612205749971 0.002078682800942033
10 60 -0.8 -0.75 15 16 453.3697494507399 0.004927936059118565
10 60 -0.8 -0.75 16 17 390.5682316457817 0.005164280782025799
10 60 -0.8 -0.75 17 18 338.1581966210053 0.01090146006634996
10 60 -0.8 -0.75 18 19 294.1558764276825 0.01394561343010992
10 60 -0.8 -0.75 19 20 257.0052607935147 0.001506157721962609
10 60 -0.8 -0.75 20 21 225.4741338012369 0.001280895480789468
10 60 -0.8 -0.75 21 22 198.5794588151545 0.001111159374289628
10 60 -0.8 -0.75 22 23 175.5326454721477 0.0009751809611771023
10 60 -0.8 -0.75 23 24 155.6962781355536 0.0008713829956832342
10 60 -0.8 -0.75 24 25 138.5520083327135 0.0007574329686974579
10 60 -0.8 -0.75 25 26 123.6762500776586 0.0006708001652526718
10 60 -0.8 -0.75 26 27 110.7206866817832 0.0006016615955530824
10 60 -0.8 -0.75 27 28 99.39742608090941 0.0005317784714122809
10 60 -0.8 -0.75 28 29 89.46750455722787 0.0004770336534534181
10 60 -0.8 -0.75 29 30 80.73155056836508 0.0004291141666641352
10 60 -0.8 -0.75 30 31 73.02255393519592 0.0003767006023309705
10 60 -0.8 -0.75 31 32 66.20006105933084 0.0003397688459045867
10 60 -0.8 -0.75 32 33 60.14535082519151 0.000314190580716911
10 60 -0.8 -0.75 33 34 54.75771336759351 0.0002778937110790025
10 60 -0.8 -0.75 34 35 49.95156417331732 0.0002400077529500777
10 60 -0.8 -0.75 35 36 45.65384099696945 0.0002171471632905764
10 60 -0.8 -0.75 36 37 41.80183932960563 0.0001999256973874708
10 60 -0.8 -0.75 37 38 38.34161969040308 0.0001795117079339548
10 60 -0.8 -0.75 38 39 35.22669671278571 0.0001638367789027484
10 60 -0.8 -0.75 39 40 32.4168604039174 0.000149716348168738
10 60 -0.8 -0.75 40 42 57.45470459808101 0.0002625854845135223
10 60 -0.8 -0.75 42 44 49.08628151380667 0.0002118019901828916
10 60 -0.8 -0.75 44 46 42.16461664842742 0.0001741899156044724
10 60 -0.8 -0.75 46 48 36.40212436731863 0.0001437860468769259
10 60 -0.8 -0.75 48 50 31.57545157473458 0.0001217187664863673
10 60 -0.8 -0.75 50 52 27.50957573779788 0.000101334052715174
10 60 -0.8 -0.75 52 54 24.06638926892248 8.800641171546886e-05
10 60 -0.8 -0.75 54 56 21.13603235799776 7.681409967474906e-05
10 60 -0.8 -0.75 56 58 18.63040145537182 6.73498899992353e-05
10 60 -0.8 -0.75 58 60 16.47841690731033 5.928140968691764e-05
10 60 -0.8 -0.75 60 65 33.60998806102018 0.0001201254155560605
10 60 -0.8 -0.75 65 70 25.38247833012394 9.010485560878578e-05
10 60 -0.8 -0.75 70 80 34.65954276748961 0.0001223923387030368
10 60 -0.8 -0.75 80 90 21.52827032473116 7.590212526409346e-05
10 60 -0.8 -0.75 90 100 13.98313075802764 4.943134626067547e-05
10 60 -0.75 -0.7 0 0.5 -61560.94379750077 1.092767460497271
10 60 -0.75 -0.7 0.5 1 863.4501491429736 0.002668111267212225
10 60 -0.75 -0.7 1 1.5 5046.185590212703 0.0788163890629221
10 60 -0.75 -0.7 1.5 2 4728.540075743607 0.1835800407143324
10 60 -0.75 -0.7 2 2.5 4032.383037642377 0.1423134956721697
10 60 -0.75 -0.7 2.5 3 3402.729221145328 0.1169783058489884
10 60 -0.75 -0.7 3 3.5 2886.528173794464 0.09152394684360843
10 60 -0.75 -0.7 3.5 4 2469.595792502478 0.07077450807037167
10 60 -0.75 -0.7 4 4.5 2131.17495303907 0.05650611127657612
10 60 -0.75 -0.7 4.5 5 1853.646027461595 0.04670575105001262
10 60 -0.75 -0.7 5 5.5 1623.480867999031 0.03841656692043216
10 60 -0.75 -0.7 5.5 6 1430.543802800574 0.03136461969666016
10 60 -0.75 -0.7 6 6.5 1267.232480894324 0.02548814834085533
10 60 -0.75 -0.7 6.5 7 1127.801723796611 0.02071939231518627
10 60 -0.75 -0.7 7 7.5 1007.855268456083 0.01715919519801901
10 60 -0.75 -0.7 7.5 8 903.9822385333923 0.01448978450537197
10 60 -0.75 -0.7 8 8.5 813.501392767372 0.01214998564250891
10 60 -0.75 -0.7 8.5 9 734.2808197814077 0.01016442827187802
10 60 -0.75 -0.7 9 9.5 664.6021062418658 0.00856611231097304
10 60 -0.75 -0.7 9.5 10 603.0650333503222 0.007271216467984232
10 60 -0.75 -0.7 10 10.5 548.5182854384142 0.006227925539860735
10 60 -0.75 -0.7 10.5 11 500.0066180849093 0.005400413064535314
10 60 -0.75 -0.7 11 11.5 456.7312487947142 0.00469816453932026
10 60 -0.75 -0.7 11.5 12 418.018716118002 0.01781345130814316
10 60 -0.75 -0.7 12 12.5 383.297741513087 0.01348143310593741
10 60 -0.75 -0.7 12.5 13 352.0812789383758 0.01004020823410201
10 60 -0.75 -0.7 13 13.5 323.9517637356136 0.007307988652314634
10 60 -0.75 -0.7 13.5 14 298.549614351558 0.005135563423777967
10 60 -0.75 -0.7 14 14.5 275.5639598484486 0.003429099789514112
10 60 -0.75 -0.7 14.5 15 254.724805488408 0.002089108955630081
10 60 -0.75 -0.7 15 16 454.3717406866833 0.004932211741049741
10 60 -0.75 -0.7 16 17 391.4275173746784 0.005186201397634704
10 60 -0.75 -0.7 17 18 338.8988480324467 0.01095454659241568
10 60 -0.75 -0.7 18 19 294.7973462757764 0.01394112565958494
10 60 -0.75 -0.7 19 20 257.5625571943249 0.001503036093367882
10 60 -0.75 -0.7 20 21 225.9599596016186 0.001279188690858746
10 60 -0.75 -0.7 21 22 199.0050076641353 0.001132685726986438
10 60 -0.75 -0.7 22 23 175.9067393098074 0.0009981369009324226
10 60 -0.75 -0.7 23 24 156.0262137955558 0.0008744585867646038
10 60 -0.75 -0.7 24 25 138.8440213306712 0.0007789683890848664
10 60 -0.75 -0.7 25 26 123.9354224303516 0.0006856788153299931
10 60 -0.75 -0.7 26 27 110.9513360058964 0.0006075086363637183
10 60 -0.75 -0.7 27 28 99.60325864177435 0.0005506314271173096
10 60 -0.75 -0.7 28 29 89.65157397163638 0.0004828763494515442
10 60 -0.75 -0.7 29 30 80.89659122233203 0.000424426710836201
10 60 -0.75 -0.7 30 31 73.17097254908047 0.0003890118940290677
10 60 -0.75 -0.7 31 32 66.33379458486073 0.0003569581338780381
10 60 -0.75 -0.7 32 33 60.26602664169931 0.0003201951613291953
10 60 -0.75 -0.7 33 34 54.86680507484006 0.0002907328941716969
10 60 -0.75 -0.7 34 35 50.05029285887142 0.0002569750994965148
10 60 -0.75 -0.7 35 36 45.74324956690819 0.0002203031162082425
10 60 -0.75 -0.7 36 37 41.8829500032129 0.0001961612573140314
10 60 -0.75 -0.7 37 38 38.41537573653408 0.0001875643007878125
10 60 -0.75 -0.7 38 39 35.29385706391191 0.0001732083935834794
10 60 -0.75 -0.7 39 40 32.47806846255627 0.0001573506791032742
10 60 -0.75 -0.7 40 42 57.56155834158166 0.0002662838649030164
10 60 -0.75 -0.7 42 44 49.17571265551427 0.0002186205251888396
10 60 -0.75 -0.7 44 46 42.23981533025943 0.0001850937059799662
10 60 -0.75 -0.7 46 48 36.46554132293853 0.0001498389597500704
10 60 -0.75 -0.7 48 50 31.62908911774993 0.0001291412760728861
10 60 -0.75 -0.7 50 52 27.55507864265961 0.0001083355253683749
10 60 -0.75 -0.7 52 54 24.10503739657541 8.799961197425432e-05
10 60 -0.75 -0.7 54 56 21.16895812861079 7.678006919320524e-05
10 60 -0.75 -0.7 56 58 18.65856530206169 6.73280615934857e-05
10 60 -0.75 -0.7 58 60 16.50256449133532 5.944759586284931e-05
10 60 -0.75 -0.7 60 65 33.65669508897547 0.0001200795038371893
10 60 -0.75 -0.7 65 70 25.41510772142727 9.005219998314828e-05
10 60 -0.75 -0.7 70 80 34.69840092181869 0.0001222806836480572
10 60 -0.75 -0.7 80 90 21.54745482563037 7.581305869663879e-05
10 60 -0.75 -0.7 90 100 13.99244616049691 4.935804428463086e-05
10 60 -0.7 -0.65 0 0.5 -61754.81652550145 1.093217135545274
10 60 -0.7 -0.65 0.5 1 845.9857917944461 0.006723926934455449
10 60 -0.7 -0.65 1 1.5 5049.379498519124 0.2456628064783217
10 60 -0.7 -0.65 1.5 2 4734.758098511214 0.2001284856605707
10 60 -0.7 -0.65 2 2.5 4038.74593380029 0.1415896600005908
10 60 -0.7 -0.65 2.5 3 3408.595944484 0.1114416277514465
10 60 -0.7 -0.65 3 3.5 2891.780939866469 0.09171178769520338
10 60 -0.7 -0.65 3.5 4 2474.25561712656 0.07374657799346096
10 60 -0.7 -0.65 4 4.5 2135.304253668894 0.05811249441421751
10 60 -0.7 -0.65 4.5 5 1857.307418712627 0.04609116599885965
10 60 -0.7 -0.65 5 5.5 1626.736775178502 0.03758509594922543
10 60 -0.7 -0.65 5.5 6 1433.445246799525 0.03109125883838715
10 60 -0.7 -0.65 6 6.5 1269.824802403386 0.025741639353555
10 60 -0.7 -0.65 6.5 7 1130.124632641752 0.02124138890280847
10 60 -0.7 -0.65 7 7.5 1009.942875011424 0.01738546100580152
10 60 -0.7 -0.65 7.5 8 905.8617972587812 0.01426160407754651
10 60 -0.7 -0.65 8 8.5 815.197936693809 0.01198932145985054
10 60 -0.7 -0.65 8.5 9 735.8156239122339 0.0101781893685029
10 60 -0.7 -0.65 9 9.5 665.9930896006653 0.008623305137462012
10 60 -0.7 -0.65 9.5 10 604.3280111872649 0.007357527691624455
10 60 -0.7 -0.65 10 10.5 549.6671981667437 0.006295414280430123
10 60 -0.7 -0.65 10.5 11 501.0539274717224 0.005374185812229371
10 60 -0.7 -0.65 11 11.5 457.6875223155814 0.004626477215253999
10 60 -0.7 -0.65 11.5 12 418.8930993693882 0.01786150402733711
10 60 -0.7 -0.65 12 12.5 384.098466115211 0.01351789414246696
10 60 -0.7 -0.65 12.5 13 352.8156403121554 0.01006404603231204
10 60 -0.7 -0.65 13 13.5 324.6263281534476 0.007317217033971701
10 60 -0.7 -0.65 13.5 14 299.1702944562051 0.005151029291937448
10 60 -0.7 -0.65 14 14.5 276.1358401998856 0.00344215840726747
10 60 -0.7 -0.65 14.5 15 255.2523602154935 0.002093257912946456
10 60 -0.7 -0.65 15 16 455.3096858647738 0.004950528740948812
10 60 -0.7 -0.65 16 17 392.2316068102381 0.005218273656964811
10 60 -0.7 -0.65 17 18 339.5918561262625 0.01100031062094331
10 60 -0.7 -0.65 18 19 295.3976434321008 0.01395914335677162
10 60 -0.7 -0.65 19 20 258.0844432700137 0.001522158685702379
10 60 -0.7 -0.65 20 21 226.4150521161554 0.001294815948568839
10 60 -0.7 -0.65 21 22 199.403381769793 0.001142351517728457
10 60 -0.7 -0.65 22 23 176.2569335197978 0.001015114468714273
10 60 -0.7 -0.65 23 24 156.3350977289171 0.0008913945759445596
10 60 -0.7 -0.65 24 25 139.1173831440935 0.0007891330194240709
10 60 -0.7 -0.65 25 26 124.1781294615377 0.0007062823663375184
10 60 -0.7 -0.65 26 27 111.1673459769053 0.0006297909112902289
10 60 -0.7 -0.65 27 28 99.79594888399991 0.0005467176230240511
10 60 -0.7 -0.65 28 29 89.82404744016866 0.0004925086109750509
10 60 -0.7 -0.65 29 30 81.05135821740276 0.0004470117323478462
10 60 -0.7 -0.65 30 31 73.31005838589354 0.0004013835339264915
10 60 -0.7 -0.65 31 32 66.4590094781958 0.0003609537844937449
10 60 -0.7 -0.65 32 33 60.37900109583251 0.0003263312456880385
10 60 -0.7 -0.65 33 34 54.96895917434011 0.0002904965326848696
10 60 -0.7 -0.65 34 35 50.14289319731462 0.0002614740501485358
10 60 -0.7 -0.65 35 36 45.82732624617772 0.000241246329785838
10 60 -0.7 -0.65 36 37 41.95927663113252 0.0002142905461397504
10 60 -0.7 -0.65 37 38 38.48466998660251 0.0001884030457688368
10 60 -0.7 -0.65 38 39 35.35688022124378 0.0001709378401812955
10 60 -0.7 -0.65 39 40 32.53552035068797 0.000158669695935032
10 60 -0.7 -0.65 40 42 57.66200933196803 0.0002730944838802429
10 60 -0.7 -0.65 42 44 49.25988485765329 0.0002292532740000297
10 60 -0.7 -0.65 44 46 42.31060175799111 0.0001883177352297594
10 60 -0.7 -0.65 46 48 36.52532673174446 0.0001660542268240306
10 60 -0.7 -0.65 48 50 31.67965297522089 0.0001281686335126153
10 60 -0.7 -0.65 50 52 27.59801589132661 0.0001036431539063187
10 60 -0.7 -0.65 52 54 24.141703207055 9.770031654099398e-05
10 60 -0.7 -0.65 54 56 21.20019956057113 7.846558060720099e-05
10 60 -0.7 -0.65 56 58 18.68515010152401 6.731516518954095e-05
10 60 -0.7 -0.65 58 60 16.52530785631018 5.926370227271605e-05
10 60 -0.7 -0.65 60 65 33.70073992297002 0.000120063982436136
10 60 -0.7 -0.65 65 70 25.44568339496833 8.999877989523952e-05
10 60 -0.7 -0.65 70 80 34.73509222130713 0.0001221888035232155
10 60 -0.7 -0.65 80 90 21.56555093081835 7.573295701490679e-05
10 60 -0.7 -0.65 90 100 14.00124318349016 4.929504397921392e-05
10 60 -0.65 -0.6 0 0.5 -61935.08442824215 1.041702345668455
10 60 -0.65 -0.6 0.5 1 829.710114445792 0.007394608702043115
10 60 -0.65 -0.6 1 1.5 5052.34280875053 0.235664583923608
10 60 -0.65 -0.6 1.5 2 4740.557537173389 0.1919439569301176
10 60 -0.65 -0.6 2 2.5 4044.675798397082 0.1511642553050478
10 60 -0.65 -0.6 2.5 3 3414.062433484156 0.1112740709290847
10 60 -0.65 -0.6 3 3.5 2896.67218781935 0.08744640261647874
10 60 -0.65 -0.6 3.5 4 2478.594318717717 0.07210513780864858
10 60 -0.65 -0.6 4 4.5 2139.147392049679 0.05929266074326733
10 60 -0.65 -0.6 4.5 5 1860.716182960677 0.04776143179287828
10 60 -0.65 -0.6 5 5.5 1629.767927393733 0.03805812965424593
10 60 -0.65 -0.6 5.5 6 1436.147121552269 0.03067316182364266
10 60 -0.65 -0.6 6 6.5 1272.23914194792 0.02523762229520798
10 60 -0.65 -0.6 6.5 7 1132.288746846516 0.02099758402687257
10 60 -0.65 -0.6 7 7.5 1011.886553136403 0.01753739023536127
10 60 -0.65 -0.6 7.5 8 907.6119029347592 0.01462983196734058
10 60 -0.65 -0.6 8 8.5 816.7781244162557 0.01208667929176954
10 60 -0.65 -0.6 8.5 9 737.2451184107294 0.01013133082972217
10 60 -0.65 -0.6 9 9.5 667.2883928150726 0.008621846771916353
10 60 -0.65 -0.6 9.5 10 605.5038909474141 0.007295727889072623
10 60 -0.65 -0.6 10 10.5 550.7369695575884 0.006247356387234504
10 60 -0.65 -0.6 10.5 11 502.0290531490704 0.005421311465795497
10 60 -0.65 -0.6 11 11.5 458.5778037809168 0.004720634952604996
10 60 -0.65 -0.6 11.5 12 419.7071609280562 0.01790903054040882
10 60 -0.65 -0.6 12 12.5 384.8439121091202 0.01354933460356733
10 60 -0.65 -0.6 12.5 13 353.4993245579759 0.0100823196211195
10 60 -0.65 -0.6 13 13.5 325.2543814561543 0.0073360202876529
10 60 -0.65 -0.6 13.5 14 299.7480676048968 0.005164029063166709
10 60 -0.65 -0.6 14 14.5 276.6680912170246 0.003447017311714262
10 60 -0.65 -0.6 14.5 15 255.7433722722328 0.002102525225637919
10 60 -0.65 -0.6 15 16 456.1825888922801 0.004965437247619775
10 60 -0.65 -0.6 16 17 392.9799828420813 0.005259064496328847
10 60 -0.65 -0.6 17 18 340.2367720235574 0.01101144044253033
10 60 -0.65 -0.6 18 19 295.9558197239886 0.0140084699805243
10 60 -0.65 -0.6 19 20 258.5699087702695 0.001540531937223477
10 60 -0.65 -0.6 20 21 226.8389445349508 0.001345272866444702
10 60 -0.65 -0.6 21 22 199.7743571354704 0.001150030549098346
10 60 -0.65 -0.6 22 23 176.5828022005963 0.001015754783537659
10 60 -0.65 -0.6 23 24 156.6225884485394 0.0009108571967431089
10 60 -0.65 -0.6 24 25 139.3717893124775 0.0008047730502482864
10 60 -0.65 -0.6 25 26 124.4039019607373 0.000718381959146086
10 60 -0.65 -0.6 26 27 111.3683173658407 0.0006303193657828388
10 60 -0.65 -0.6 27 28 99.97543363781743 0.0005668165105703338
10 60 -0.65 -0.6 28 29 89.98469000193194 0.0005091051432657423
10 60 -0.65 -0.6 29 30 81.19542618424674 0.0004594500176580141
10 60 -0.65 -0.6 30 31 73.43951238237744 0.0004149163133604361
10 60 -0.65 -0.6 31 32 66.57554865497038 0.0003662172933189822
10 60 -0.65 -0.6 32 33 60.48416999994291 0.000324675771786076
10 60 -0.65 -0.6 33 34 55.06412834528787 0.0002971540602771938
10 60 -0.65 -0.6 34 35 50.22917843489614 0.0002742503026453846
10 60 -0.65 -0.6 35 36 45.90565667110336 0.0002505326586614842
10 60 -0.65 -0.6 36 37 42.03047340556046 0.0002271087109662062
10 60 -0.65 -0.6 37 38 38.54941501588858 0.0001997762481735776
10 60 -0.65 -0.6 38 39 35.41578309164911 0.0001714043615663741
10 60 -0.65 -0.6 39 40 32.58919917111864 0.0001550152734850485
10 60 -0.65 -0.6 40 42 57.75588217390841 0.0002836165804609436
10 60 -0.65 -0.6 42 44 49.33857267726397 0.0002346569921058972
10 60 -0.65 -0.6 44 46 42.37682810925803 0.0002029995814254448
10 60 -0.65 -0.6 46 48 36.58121093193859 0.0001579120658874444
10 60 -0.65 -0.6 48 50 31.72710636721587 0.0001360149642373187
10 60 -0.65 -0.6 50 52 27.63840810643051 0.000117353468112924
10 60 -0.65 -0.6 52 54 24.17608272917396 9.796034089148975e-05
10 60 -0.65 -0.6 54 56 21.2295621753298 8.45024971880548e-05
10 60 -0.65 -0.6 56 58 18.71023448675748 6.730390319020785e-05
10 60 -0.65 -0.6 58 60 16.54675418622631 5.923499280768851e-05
10 60 -0.65 -0.6 60 65 33.74204380980211 0.0001200438501882672
10 60 -0.65 -0.6 65 70 25.47424688472845 8.995918031118322e-05
10 60 -0.65 -0.6 70 80 34.76946800552584 0.0001221223110903225
10 60 -0.65 -0.6 80 90 21.58251168315815 7.565847593937747e-05
10 60 -0.65 -0.6 90 100 14.00947702080283 4.923213090179956e-05
10 60 -0.6 -0.55 0 0.5 -62101.69847509834 0.9505353131389711
10 60 -0.6 -0.55 0.5 1 814.6751622084593 0.002865183758672174
10 60 -0.6 -0.55 1 1.5 5055.077677429411 0.07467444731537398
10 60 -0.6 -0.55 1.5 2 4745.923648001784 0.1805171188216264
10 60 -0.6 -0.55 2 2.5 4050.173796950844 0.1476102012929914
10 60 -0.6 -0.55 2.5 3 3419.126051816332 0.1182406300704315
10 60 -0.6 -0.55 3 3.5 2901.203244903489 0.09006076976402255
10 60 -0.6 -0.55 3.5 4 2482.61177268038 0.07017844802294348
10 60 -0.6 -0.55 4 4.5 2142.704391888608 0.05697676699537624
10 60 -0.6 -0.55 4.5 5 1863.871237544336 0.04719576308866635
10 60 -0.6 -0.55 5 5.5 1632.573194528991 0.03890407479002533
10 60 -0.6 -0.55 5.5 6 1438.647568888352 0.03157648238925503
10 60 -0.6 -0.55 6 6.5 1274.474523670507 0.02544942593385713
10 60 -0.6 -0.55 6.5 7 1134.292624121866 0.02081125909921866
10 60 -0.6 -0.55 7 7.5 1013.685747037119 0.01730431340467931
10 60 -0.6 -0.55 7.5 8 909.2320719687237 0.01450089003776611
10 60 -0.6 -0.55 8 8.5 818.2408366633591 0.01222942472418254
10 60 -0.6 -0.55 8.5 9 738.568228728117 0.01021996524650604
10 60 -0.6 -0.55 9 9.5 668.4872973850881 0.008584013438735383
10 60 -0.6 -0.55 9.5 10 606.5923641654144 0.007389952154312596
10 60 -0.6 -0.55 10 10.5 551.727165243572 0.006324132460463261
10 60 -0.6 -0.55 10.5 11 502.9314613456907 0.005387272499945084
10 60 -0.6 -0.55 11 11.5 459.4015177962671 0.004632996672057743
10 60 -0.6 -0.55 11.5 12 420.4602538214883 0.01794406178083818
10 60 -0.6 -0.55 12 12.5 385.533621084141 0.01357641417729383
10 60 -0.6 -0.55 12.5 13 354.1320075099265 0.01010702108015948
10 60 -0.6 -0.55 13 13.5 325.8355643450661 0.007357436759946268
10 60 -0.6 -0.55 13.5 14 300.282614016576 0.005174024801760879
10 60 -0.6 -0.55 14 14.5 277.1604163140627 0.003456336890337752
10 60 -0.6 -0.55 14.5 15 256.1974087218815 0.002103358888007278
10 60 -0.6 -0.55 15 16 456.989749331424 0.004950943942333197
10 60 -0.6 -0.55 16 17 393.6722695420552 0.005240423739621747
10 60 -0.6 -0.55 17 18 340.8330287585301 0.01103840960200841
10 60 -0.6 -0.55 18 19 296.4716488213305 0.01406064348236669
10 60 -0.6 -0.55 19 20 259.0184069855549 0.001548225151850602
10 60 -0.6 -0.55 20 21 227.2306583337871 0.001359692884363994
10 60 -0.6 -0.55 21 22 200.1176479071275 0.001188973539200333
10 60 -0.6 -0.55 22 23 176.8842705237299 0.001019966790607896
10 60 -0.6 -0.55 23 24 156.8882772530478 0.0009104152017300748
10 60 -0.6 -0.55 24 25 139.6068677198254 0.0008225543086268772
10 60 -0.6 -0.55 25 26 124.612499149817 0.0007132303676229412
10 60 -0.6 -0.55 26 27 111.5541002822494 0.0006449198077973506
10 60 -0.6 -0.55 27 28 100.1413324870578 0.00058390502123018
10 60 -0.6 -0.55 28 29 90.1331208877824 0.0005236433796795836
10 60 -0.6 -0.55 29 30 81.32846724613306 0.0004676740965692261
10 60 -0.6 -0.55 30 31 73.55906011327446 0.0004131981305874888
10 60 -0.6 -0.55 31 32 66.68329675258295 0.0003727651596676651
10 60 -0.6 -0.55 32 33 60.58149497632866 0.0003390719831557476
10 60 -0.6 -0.55 33 34 55.15215346302562 0.0003093114436154565
10 60 -0.6 -0.55 34 35 50.30890050896003 0.0002803274658589316
10 60 -0.6 -0.55 35 36 45.9779934969918 0.0002522657048018573
10 60 -0.6 -0.55 36 37 42.09625697194693 0.0002255292471247117
10 60 -0.6 -0.55 37 38 38.60938523778538 0.0002071059924659835
10 60 -0.6 -0.55 38 39 35.47051078404857 0.0001911961984362165
10 60 -0.6 -0.55 39 40 32.63910795422099 0.0001662367260095721
10 60 -0.6 -0.55 40 42 57.8430048601514 0.000279853598037505
10 60 -0.6 -0.55 42 44 49.41158805389853 0.0002503581009349887
10 60 -0.6 -0.55 44 46 42.43826451156953 0.000194046351658983
10 60 -0.6 -0.55 46 48 36.63324185723884 0.0001679837395087702
10 60 -0.6 -0.55 48 50 31.77129619603815 0.000145341435096924
10 60 -0.6 -0.55 50 52 27.67600175143396 0.0001241100166353704
10 60 -0.6 -0.55 52 54 24.20810618555697 9.914228313334661e-05
10 60 -0.6 -0.55 54 56 21.25692900710214 8.10002048581282e-05
10 60 -0.6 -0.55 56 58 18.73374976423926 7.427854005470635e-05
10 60 -0.6 -0.55 58 60 16.56691368357145 6.51200997054957e-05
10 60 -0.6 -0.55 60 65 33.78053483118831 0.0001199964568669998
10 60 -0.6 -0.55 65 70 25.50094780665969 8.993206122198671e-05
10 60 -0.6 -0.55 70 80 34.80138989718541 0.0001220486251867214
10 60 -0.6 -0.55 80 90 21.59832148317195 7.558805236485e-05
10 60 -0.6 -0.55 90 100 14.01709479933034 4.917380140767591e-05
10 60 -0.55 -0.5 0 0.5 -62254.72383209594 0.851730109709024
10 60 -0.55 -0.5 0.5 1 800.9087863286566 0.003230762968883027
10 60 -0.55 -0.5 1 1.5 5057.590407482696 0.2523219499889819
10 60 -0.55 -0.5 1.5 2 4750.851064428855 0.19926240283894
10 60 -0.55 -0.5 2 2.5 4055.227499718712 0.1403176214926134
10 60 -0.55 -0.5 2.5 3 3423.785812455244 0.1137994800633351
10 60 -0.55 -0.5 3 3.5 2905.371388618512 0.09335344751752928
10 60 -0.55 -0.5 3.5 4 2486.306934407064 0.07382197443575933
10 60 -0.55 -0.5 4 4.5 2145.975597828841 0.05799230980437642
10 60 -0.55 -0.5 4.5 5 1866.771291515132 0.04629357005319434
10 60 -0.55 -0.5 5 5.5 1635.151668827298 0.03777929270381719
10 60 -0.55 -0.5 5.5 6 1440.945131291825 0.03141075963958428
10 60 -0.55 -0.5 6 6.5 1276.529753719932 0.02605220670579911
10 60 -0.55 -0.5 6.5 7 1136.134154562789 0.02127313329833669
10 60 -0.55 -0.5 7 7.5 1015.340060485389 0.01738298438453967
10 60 -0.55 -0.5 7.5 8 910.7218098869453 0.01440104292555588
10 60 -0.55 -0.5 8 8.5 819.5852172926822 0.01207967778032071
10 60 -0.55 -0.5 8.5 9 739.7839278301221 0.01026072799288613
10 60 -0.55 -0.5 9 9.5 669.5891260556699 0.008696705471379573
10 60 -0.55 -0.5 9.5 10 607.5930566974853 0.007289052766964232
10 60 -0.55 -0.5 10 10.5 552.6375065222009 0.006252271638800266
10 60 -0.55 -0.5 10.5 11 503.7607482217556 0.005462771532961597
10 60 -0.55 -0.5 11 11.5 460.1582834865981 0.004735038669707592
10 60 -0.55 -0.5 11.5 12 421.1521212011207 0.01797348650285358
10 60 -0.55 -0.5 12 12.5 386.1672940054731 0.01360422284983542
10 60 -0.55 -0.5 12.5 13 354.71328792322 0.01013276256674089
10 60 -0.55 -0.5 13 13.5 326.3694903690802 0.007373517189478207
10 60 -0.55 -0.5 13.5 14 300.7736854540819 0.005190240390788858
10 60 -0.55 -0.5 14 14.5 277.6126009444358 0.003463397308507865
10 60 -0.55 -0.5 14.5 15 256.6143405977904 0.0021029191198636
10 60 -0.55 -0.5 15 16 457.7309328961396 0.004926932614921498
10 60 -0.55 -0.5 16 17 394.3078350598271 0.005221004655709294
10 60 -0.55 -0.5 17 18 341.3802890535214 0.01107113112630032
10 60 -0.55 -0.5 18 19 296.9451020265745 0.0140906688681639
10 60 -0.55 -0.5 19 20 259.4297853606903 0.001543727410648899
10 60 -0.55 -0.5 20 21 227.5897595047093 0.001363617173211651
10 60 -0.55 -0.5 21 22 200.432481680939 0.001200548297418891
10 60 -0.55 -0.5 22 23 177.1611642954442 0.00106023156584456
10 60 -0.55 -0.5 23 24 157.1320946651022 0.000910143802911989
10 60 -0.55 -0.5 24 25 139.8223408931237 0.0008001797482393158
10 60 -0.55 -0.5 25 26 124.8038777251492 0.0007392752251291768
10 60 -0.55 -0.5 26 27 111.7244230550749 0.0006547276447719241
10 60 -0.55 -0.5 27 28 100.2932583860219 0.0005888827522255724
10 60 -0.55 -0.5 28 29 90.26899146405124 0.0005285292686068033
10 60 -0.55 -0.5 29 30 81.45032521657811 0.0004666499482368636
10 60 -0.55 -0.5 30 31 73.66865939542811 0.000419763872073986
10 60 -0.55 -0.5 31 32 66.78208791155325 0.000384229513400669
10 60 -0.55 -0.5 32 33 60.67068313497985 0.0003520581339770956
10 60 -0.55 -0.5 33 34 55.23277482549257 0.0003147448177500678
10 60 -0.55 -0.5 34 35 50.38191412133163 0.0002788777129438813
10 60 -0.55 -0.5 35 36 46.04428635212903 0.0002518902056181105
10 60 -0.55 -0.5 36 37 42.15659485854986 0.0002338711148937023
10 60 -0.55 -0.5 37 38 38.66438234353129 0.0002119759972245561
10 60 -0.55 -0.5 38 39 35.52071876160709 0.0001921250335712443
10 60 -0.55 -0.5 39 40 32.68501932679579 0.0001799161207927114
10 60 -0.55 -0.5 40 42 57.92330179364255 0.0003065696942670115
10 60 -0.55 -0.5 42 44 49.47872060934895 0.0002311469020597201
10 60 -0.55 -0.5 44 46 42.49496060216682 0.0002105420174132178
10 60 -0.55 -0.5 46 48 36.68124627933161 0.0001780080553857033
10 60 -0.55 -0.5 48 50 31.81200813520543 0.0001489135973251621
10 60 -0.55 -0.5 50 52 27.71064575537859 0.0001221459593523377
10 60 -0.55 -0.5 52 54 24.23773924978426 0.0001045822357674808
10 60 -0.55 -0.5 54 56 21.28231865384781 8.871741125204835e-05
10 60 -0.55 -0.5 56 58 18.75548902554667 8.050160565886699e-05
10 60 -0.55 -0.5 58 60 16.5855512428919 6.562106704777193e-05
10 60 -0.55 -0.5 60 65 33.81645066613034 0.0001199399072149276
10 60 -0.55 -0.5 65 70 25.5256105023881 8.991514429723679e-05
10 60 -0.55 -0.5 70 80 34.83080027191226 0.0001219737953093158
10 60 -0.55 -0.5 80 90 21.61299798094328 7.552711274882995e-05
10 60 -0.55 -0.5 90 100 14.02415159259666 4.912400819989671e-05
10 60 -0.5 -0.45 0 0.5 -62394.25427281568 0.7406699707062216
10 60 -0.5 -0.45 0.5 1 788.4087375852292 0.004908737993559953
10 60 -0.5 -0.45 1 1.5 5059.887035242017 0.2356380055671252
10 60 -0.5 -0.45 1.5 2 4755.333318185989 0.1976227251234377
10 60 -0.5 -0.45 2 2.5 4059.830401503554 0.15123495532589
10 60 -0.5 -0.45 2.5 3 3428.032136897519 0.1111215301043558
10 60 -0.5 -0.45 3 3.5 2909.173347087122 0.08889533954470608
10 60 -0.5 -0.45 3.5 4 2489.677553888387 0.07301392770750681
10 60 -0.5 -0.45 4 4.5 2148.958605505202 0.0594033807951746
10 60 -0.5 -0.45 4.5 5 1869.416376071948 0.04775770330888918
10 60 -0.5 -0.45 5 5.5 1637.501345990925 0.03832062746187148
10 60 -0.5 -0.45 5.5 6 1443.039454003824 0.03088176180767732
10 60 -0.5 -0.45 6 6.5 1278.402359475344 0.02539843432236921
10 60 -0.5 -0.45 6.5 7 1137.811912530174 0.02122294778155265
10 60 -0.5 -0.45 7 7.5 1016.847875871287 0.01762565706678743
10 60 -0.5 -0.45 7.5 8 912.0801793457767 0.01456421591251456
10 60 -0.5 -0.45 8 8.5 820.8107528925614 0.01212737082789772
10 60 -0.5 -0.45 8.5 9 740.8917303288756 0.01019844088511945
10 60 -0.5 -0.45 9 9.5 670.5930432597482 0.008653154761532278
10 60 -0.5 -0.45 9.5 10 608.5050794177513 0.007452263888467314
10 60 -0.5 -0.45 10 10.5 553.4672430165537 0.006311267690421118
10 60 -0.5 -0.45 10.5 11 504.5166278803985 0.005350750713091657
10 60 -0.5 -0.45 11 11.5 460.8479228089524 0.004664227426303569
10 60 -0.5 -0.45 11.5 12 421.7825199645776 0.0180008842744428
10 60 -0.5 -0.45 12 12.5 386.7446022413495 0.01362834737705043
10 60 -0.5 -0.45 12.5 13 355.2428018171128 0.01015458479082554
10 60 -0.5 -0.45 13 13.5 326.855810772348 0.007391882695060303
10 60 -0.5 -0.45 13.5 14 301.2208764922369 0.005199202643098033
10 60 -0.5 -0.45 14 14.5 278.0243942168869 0.003462531556010617
10 60 -0.5 -0.45 14.5 15 256.9941630300377 0.002104074879980544
10 60 -0.5 -0.45 15 16 458.4060701561563 0.004995272780888627
10 60 -0.5 -0.45 16 17 394.8860945771055 0.005279654552452939
10 60 -0.5 -0.45 17 18 341.8783518754162 0.01108244797637781
10 60 -0.5 -0.45 18 19 297.3759569703803 0.01411543940201909
10 60 -0.5 -0.45 19 20 259.8040589303554 0.001558315617728567
10 60 -0.5 -0.45 20 21 227.9161756749799 0.001355461857855289
10 60 -0.5 -0.45 21 22 200.7184938909119 0.001211316515281169
10 60 -0.5 -0.45 22 23 177.4127067117307 0.001067385515938213
10 60 -0.5 -0.45 23 24 157.3540227771652 0.0009320508630992208
10 60 -0.5 -0.45 24 25 140.0184793974616 0.0008157229210326022
10 60 -0.5 -0.45 25 26 124.9776466375672 0.0007256636616403966
10 60 -0.5 -0.45 26 27 111.8790034104823 0.0006717941354708046
10 60 -0.5 -0.45 27 28 100.4310621149155 0.0005878430005452628
10 60 -0.5 -0.45 28 29 90.39223260489943 0.0005186638936436339
10 60 -0.5 -0.45 29 30 81.56094599248618 0.0004746493544445229
10 60 -0.5 -0.45 30 31 73.76816001353373 0.0004365653221043431
10 60 -0.5 -0.45 31 32 66.87166788263066 0.0003904429601817583
10 60 -0.5 -0.45 32 33 60.75147513924202 0.0003469324808023089
10 60 -0.5 -0.45 33 34 55.30586216013157 0.0003129725086310486
10 60 -0.5 -0.45 34 35 50.44820675627876 0.0002868077688304993
10 60 -0.5 -0.45 35 36 46.1045039246763 0.0002594632359276261
10 60 -0.5 -0.45 36 37 42.21136017376885 0.000232786199774182
10 60 -0.5 -0.45 37 38 38.71429188397304 0.0002164799443562515
10 60 -0.5 -0.45 38 39 35.56627530017972 0.000203699351388309
10 60 -0.5 -0.45 39 40 32.72663902117117 0.0001809488605957199
10 60 -0.5 -0.45 40 42 57.99634062941718 0.0003062652637240149
10 60 -0.5 -0.45 42 44 49.54016476162955 0.0002547819811198337
10 60 -0.5 -0.45 44 46 42.5466585897184 0.0002119913922982164
10 60 -0.5 -0.45 46 48 36.72498492510322 0.0001832096834846197
10 60 -0.5 -0.45 48 50 31.84915397728549 0.0001497020784064773
10 60 -0.5 -0.45 50 52 27.7423408128083 0.0001263664384651975
10 60 -0.5 -0.45 52 54 24.26486815516137 0.0001124791672815206
10 60 -0.5 -0.45 54 56 21.30554675615604 9.986684847973493e-05
10 60 -0.5 -0.45 56 58 18.77534933095889 7.402633368513989e-05
10 60 -0.5 -0.45 58 60 16.60263564397034 5.919599234260886e-05
10 60 -0.5 -0.45 60 65 33.84969108614078 0.0001373239287616457
10 60 -0.5 -0.45 65 70 25.5483258422145 8.988289029687735e-05
10 60 -0.5 -0.45 70 80 34.85770583235279 0.0001219267685925729
10 60 -0.5 -0.45 80 90 21.62643571412 7.547053269973958e-05
10 60 -0.5 -0.45 90 100 14.03062356853719 4.908163951888866e-05
10 60 -0.45 -0.4 0 0.5 -62520.35188091707 0.638391723332461
10 60 -0.45 -0.4 0.5 1 777.161642013539 0.001725135655192389
10 60 -0.45 -0.4 1 1.5 5061.970094965831 0.0765421248788698
10 60 -0.45 -0.4 1.5 2 4759.377785891111 0.1843507694193249
10 60 -0.45 -0.4 2 2.5 4063.977306071153 0.1516784578075203
10 60 -0.45 -0.4 2.5 3 3431.86102371791 0.1185951161096455
10 60 -0.45 -0.4 3 3.5 2912.60305958241 0.08955908173356875
10 60 -0.45 -0.4 3.5 4 2492.719942834218 0.07128510045822622
10 60 -0.45 -0.4 4 4.5 2151.651667259197 0.05786885729776259
10 60 -0.45 -0.4 4.5 5 1871.803716357784 0.04729380086200763
10 60 -0.45 -0.4 5 5.5 1639.621267660569 0.03872231216928412
10 60 -0.45 -0.4 5.5 6 1444.929639940891 0.03159211186107314
10 60 -0.45 -0.4 6 6.5 1280.09077315269 0.0256636628760134
10 60 -0.45 -0.4 6.5 7 1139.325059332017 0.02099230402836838
10 60 -0.45 -0.4 7 7.5 1018.20776555795 0.01750375004303351
10 60 -0.45 -0.4 7.5 8 913.3052963678732 0.01465133580904876
10 60 -0.45 -0.4 8 8.5 821.9164139637214 0.01219701883019297
10 60 -0.45 -0.4 8.5 9 741.8914203242424 0.01018284520387169
10 60 -0.45 -0.4 9 9.5 671.4989130978599 0.008634412475544195
10 60 -0.45 -0.4 9.5 10 609.3274573912015 0.007326550679749744
10 60 -0.45 -0.4 10 10.5 554.2153084814901 0.006366085623085382
10 60 -0.45 -0.4 10.5 11 505.1983602003982 0.005515293978305635
10 60 -0.45 -0.4 11 11.5 461.4701870787677 0.004694095307343105
10 60 -0.45 -0.4 11.5 12 422.3513170687268 0.018033621449149
10 60 -0.45 -0.4 12 12.5 387.2652875679004 0.01365558450896742
10 60 -0.45 -0.4 12.5 13 355.7201091136166 0.0101689665827962
10 60 -0.45 -0.4 13 13.5 327.2940293654835 0.007400722293084527
10 60 -0.45 -0.4 13.5 14 301.623898624318 0.005198196239291519
10 60 -0.45 -0.4 14 14.5 278.3957217964745 0.003471490765718954
10 60 -0.45 -0.4 14.5 15 257.3366954221515 0.002117417670547184
10 60 -0.45 -0.4 15 16 459.0144726280284 0.004977051581761316
10 60 -0.45 -0.4 16 17 395.4071169253896 0.00527956344865288
10 60 -0.45 -0.4 17 18 342.3268075794045 0.01112637227276991
10 60 -0.45 -0.4 18 19 297.7639676469849 0.01412051989780139
10 60 -0.45 -0.4 19 20 260.1409884913538 0.001559802461372328
10 60 -0.45 -0.4 20 21 228.2099609774052 0.001377086473581812
10 60 -0.45 -0.4 21 22 200.975504033017 0.001200345808399561
10 60 -0.45 -0.4 22 23 177.6386580378728 0.001063003048102473
10 60 -0.45 -0.4 23 24 157.5535729696294 0.0009566559133702413
10 60 -0.45 -0.4 24 25 140.1950266214513 0.0008436300692551413
10 60 -0.45 -0.4 25 26 125.1338910914619 0.0007379712048845022
10 60 -0.45 -0.4 26 27 112.0176111797072 0.0006425959687135219
10 60 -0.45 -0.4 27 28 100.5547505773158 0.0005907660871287135
10 60 -0.45 -0.4 28 29 90.50294710838595 0.0005342551072402557
10 60 -0.45 -0.4 29 30 81.66017320961193 0.0004839400424572204
10 60 -0.45 -0.4 30 31 73.85724702157665 0.000431717508405427
10 60 -0.45 -0.4 31 32 66.95189268475434 0.0003887401188364947
10 60 -0.45 -0.4 32 33 60.82392054204492 0.0003500221647527724
10 60 -0.45 -0.4 33 34 55.37141800925832 0.0003157788220065072
10 60 -0.45 -0.4 34 35 50.50764657573724 0.0002864033413985112
10 60 -0.45 -0.4 35 36 46.15850674669009 0.000264850135401673
10 60 -0.45 -0.4 36 37 42.26048668582461 0.0002467458309070025
10 60 -0.45 -0.4 37 38 38.75899867603283 0.0002189025370498143
10 60 -0.45 -0.4 38 39 35.60703303808069 0.0001909128902113366
10 60 -0.45 -0.4 39 40 32.76393089564561 0.0001764064688174471
10 60 -0.45 -0.4 40 42 58.06197003330021 0.0003222090519798826
10 60 -0.45 -0.4 42 44 49.59552578891952 0.0002736106514902303
10 60 -0.45 -0.4 44 46 42.59324817318308 0.000215991957098538
10 60 -0.45 -0.4 46 48 36.76434848157979 0.0001793162739431864
10 60 -0.45 -0.4 48 50 31.88269090597382 0.0001554805492034461
10 60 -0.45 -0.4 50 52 27.77098546204157 0.0001401781694596593
10 60 -0.45 -0.4 52 54 24.28929980017227 0.0001160127097534769
10 60 -0.45 -0.4 54 56 21.32644575915501 8.767674948373383e-05
10 60 -0.45 -0.4 56 58 18.79341496629667 7.852104596395293e-05
10 60 -0.45 -0.4 58 60 16.61825217152484 7.775435934220809e-05
10 60 -0.45 -0.4 60 65 33.87978267348934 0.0001216629726883411
10 60 -0.45 -0.4 65 70 25.5692510769813 9.203057960149863e-05
10 60 -0.45 -0.4 70 80 34.8821223985253 0.0001218775623783586
10 60 -0.45 -0.4 80 90 21.63856208602044 7.54227859935952e-05
10 60 -0.45 -0.4 90 100 14.03651274706237 4.904082904033658e-05
10 60 -0.4 -0.35 0 0.5 -62633.01702803615 0.5641252882051049
10 60 -0.4 -0.35 0.5 1 767.1641846398086 0.0009560628851659203
10 60 -0.4 -0.35 1 1.5 5063.838557601967 0.07951124296778289
10 60 -0.4 -0.35 1.5 2 4762.984022417073 0.1891290168914566
10 60 -0.4 -0.35 2 2.5 4067.671305925402 0.1417090596560229
10 60 -0.4 -0.35 2.5 3 3435.270749922741 0.1161535316082336
10 60 -0.4 -0.35 3 3.5 2915.656309788844 0.0936972320937457
10 60 -0.4 -0.35 3.5 4 2495.431100758111 0.07294428051272916
10 60 -0.4 -0.35 4 4.5 2154.051945973204 0.05826602439083217
10 60 -0.4 -0.35 4.5 5 1873.931062625327 0.04722126389106052
10 60 -0.4 -0.35 5 5.5 1641.510921517419 0.03827748680760124
10 60 -0.4 -0.35 5.5 6 1446.613272454773 0.031336337439825
10 60 -0.4 -0.35 6 6.5 1281.594797205609 0.02581223772244812
10 60 -0.4 -0.35 6.5 7 1140.672630640261 0.02118909032606098
10 60 -0.4 -0.35 7 7.5 1019.418943709559 0.01741385124580574
10 60 -0.4 -0.35 7.5 8 914.3959954942598 0.01455803493888652
10 60 -0.4 -0.35 8 8.5 822.9007706353057 0.0123041947050524
10 60 -0.4 -0.35 8.5 9 742.782117606848 0.01033864061764689
10 60 -0.4 -0.35 9 9.5 672.3062786541147 0.008650955920984416
10 60 -0.4 -0.35 9.5 10 610.0600182817668 0.007339200744809204
10 60 -0.4 -0.35 10 10.5 554.8812468752071 0.006243917340384542
10 60 -0.4 -0.35 10.5 11 505.8051538177181 0.005373431230850656
10 60 -0.4 -0.35 11 11.5 462.0243461617166 0.004754950930987434
10 60 -0.4 -0.35 11.5 12 422.8581106945502 0.01808439287520969
10 60 -0.4 -0.35 12 12.5 387.7290450878769 0.01367864563252397
10 60 -0.4 -0.35 12.5 13 356.1449776119622 0.01017834704612142
10 60 -0.4 -0.35 13 13.5 327.6840012687724 0.007393228342948532
10 60 -0.4 -0.35 13.5 14 301.9826530738399 0.005208706837208865
10 60 -0.4 -0.35 14 14.5 278.7262012286091 0.003483327864444163
10 60 -0.4 -0.35 14.5 15 257.6414108947223 0.002121098542033906
10 60 -0.4 -0.35 15 16 459.5557891395592 0.004996150602607941
10 60 -0.4 -0.35 16 17 395.8706201887114 0.005313783906387926
10 60 -0.4 -0.35 17 18 342.725655263619 0.01112662562763944
10 60 -0.4 -0.35 18 19 298.1086586454214 0.0141636763530073
10 60 -0.4 -0.35 19 20 260.4403872267454 0.001590038901440494
10 60 -0.4 -0.35 20 21 228.4707737644088 0.001375741288427434
10 60 -0.4 -0.35 21 22 201.2036548382549 0.001203984430730998
10 60 -0.4 -0.35 22 23 177.8390583323845 0.001070327038604546
10 60 -0.4 -0.35 23 24 157.7302457674261 0.000956986276491989
10 60 -0.4 -0.35 24 25 140.3513317108637 0.0008620889987582814
10 60 -0.4 -0.35 25 26 125.2724558105367 0.0007455626183059394
10 60 -0.4 -0.35 26 27 112.1406734715463 0.000649333823133702
10 60 -0.4 -0.35 27 28 100.6643051945531 0.0005851407072157144
10 60 -0.4 -0.35 28 29 90.60084139705032 0.000545928552753594
10 60 -0.4 -0.35 29 30 81.74782852958346 0.0004811719498434286
10 60 -0.4 -0.35 30 31 73.93595295866693 0.0004300208277641104
10 60 -0.4 -0.35 31 32 67.02278929279727 0.0003868743993962198
10 60 -0.4 -0.35 32 33 60.88796898312907 0.0003515669713252123
10 60 -0.4 -0.35 33 34 55.42939281480312 0.0003228789751688055
10 60 -0.4 -0.35 34 35 50.56017613236988 0.0002963452806170608
10 60 -0.4 -0.35 35 36 46.20614680686421 0.000268147393242657
10 60 -0.4 -0.35 36 37 42.30377740887554 0.0002349587243983819
10 60 -0.4 -0.35 37 38 38.79848096223916 0.0002133312746508409
10 60 -0.4 -0.35 38 39 35.64313301777064 0.0001997916980300829
10 60 -0.4 -0.35 39 40 32.79695598540007 0.0001843131896634986
10 60 -0.4 -0.35 40 42 58.11990864590586 0.0003261441075039784
10 60 -0.4 -0.35 42 44 49.64436485379443 0.0002739778682183669
10 60 -0.4 -0.35 44 46 42.63463804209822 0.0002277414818934176
10 60 -0.4 -0.35 46 48 36.7993895665444 0.0001804512672194392
10 60 -0.4 -0.35 48 50 31.91246583766846 0.0001691558838885499
10 60 -0.4 -0.35 50 52 27.79632317078277 0.0001381031798928234
10 60 -0.4 -0.35 52 54 24.31097754975548 0.0001041997256159277
10 60 -0.4 -0.35 54 56 21.34517980270247 0.0001000197555676152
10 60 -0.4 -0.35 56 58 18.80955564067294 9.543119062271899e-05
10 60 -0.4 -0.35 58 60 16.63209200919851 6.712754418458644e-05
10 60 -0.4 -0.35 60 65 33.90686508384994 0.0001352780063541559
10 60 -0.4 -0.35 65 70 25.58805774942896 8.976753259659631e-05
10 60 -0.4 -0.35 70 80 34.90412556504639 0.0001218136687555216
10 60 -0.4 -0.35 80 90 21.64936380225522 7.538307926324705e-05
10 60 -0.4 -0.35 90 100 14.04182607333419 4.90005695450435e-05
10 60 -0.35 -0.3 0 0.5 -62732.11314910248 0.5754961643833667
10 60 -0.35 -0.3 0.5 1 758.4009718576817 0.0005871414190323776
10 60 -0.35 -0.3 1 1.5 5065.489006521183 0.2475919969829192
10 60 -0.35 -0.3 1.5 2 4766.155842657496 0.1980280723482792
10 60 -0.35 -0.3 2 2.5 4070.912419758467 0.1450643433809091
10 60 -0.35 -0.3 2.5 3 3438.26174071178 0.1111206518730796
10 60 -0.35 -0.3 3 3.5 2918.331499490339 0.09072462482163246
10 60 -0.35 -0.3 3.5 4 2497.806768072682 0.07402526427722478
10 60 -0.35 -0.3 4 4.5 2156.156756147565 0.05882467021046978
10 60 -0.35 -0.3 4.5 5 1875.796786207615 0.0473075102427174
10 60 -0.35 -0.3 5 5.5 1643.168681530809 0.03872499003091434
10 60 -0.35 -0.3 5.5 6 1448.089482050705 0.0315349799550404
10 60 -0.35 -0.3 6 6.5 1282.913313479384 0.02577877160729258
10 60 -0.35 -0.3 6.5 7 1141.853840995067 0.02124298424223525
10 60 -0.35 -0.3 7 7.5 1020.480416530277 0.01753803870633419
10 60 -0.35 -0.3 7.5 8 915.3515538381115 0.01444359387960503
10 60 -0.35 -0.3 8 8.5 823.763263712626 0.0120636467543136
10 60 -0.35 -0.3 8.5 9 743.5627882760811 0.01030584501097564
10 60 -0.35 -0.3 9 9.5 673.0138763086175 0.008819174939503682
10 60 -0.35 -0.3 9.5 10 610.7023172884427 0.007489746992632718
10 60 -0.35 -0.3 10 10.5 555.4650414653178 0.006366761827621303
10 60 -0.35 -0.3 10.5 11 506.3369657750937 0.005461388604487638
10 60 -0.35 -0.3 11 11.5 462.5098509299368 0.004612818307293765
10 60 -0.35 -0.3 11.5 12 423.3019190734348 0.01811025260747101
10 60 -0.35 -0.3 12 12.5 388.1352785975922 0.01370138836648493
10 60 -0.35 -0.3 12.5 13 356.5173690946028 0.0101835073642178
10 60 -0.35 -0.3 13 13.5 328.0259536194881 0.007413471945596939
10 60 -0.35 -0.3 13.5 14 302.2969541707757 0.005217388586572724
10 60 -0.35 -0.3 14 14.5 279.0154223648976 0.003483263211364829
10 60 -0.35 -0.3 14.5 15 257.9079965979896 0.002118318952227582
10 60 -0.35 -0.3 15 16 460.0294809458507 0.004998792571427657
10 60 -0.35 -0.3 16 17 396.2764412256184 0.005279696930642785
10 60 -0.35 -0.3 17 18 343.0745544335956 0.01116388199142193
10 60 -0.35 -0.3 18 19 298.4100274331998 0.0141759695741257
10 60 -0.35 -0.3 19 20 260.7017373000319 0.001584844817216435
10 60 -0.35 -0.3 20 21 228.6985243687885 0.001387626647414208
10 60 -0.35 -0.3 21 22 201.402868222771 0.00122052799741823
10 60 -0.35 -0.3 22 23 178.0137854770136 0.001078077863638782
10 60 -0.35 -0.3 23 24 157.8839246850683 0.0009585076008136184
10 60 -0.35 -0.3 24 25 140.4870791938947 0.0008391685135507032
10 60 -0.35 -0.3 25 26 125.3930953741242 0.0007589740707913961
10 60 -0.35 -0.3 26 27 112.2480786143965 0.0006857072388299912
10 60 -0.35 -0.3 27 28 100.759753368513 0.0005951712295200196
10 60 -0.35 -0.3 28 29 90.68577399007427 0.0005186082122463631
10 60 -0.35 -0.3 29 30 81.82389509724305 0.0004827484248721703
10 60 -0.35 -0.3 30 31 74.00433859996427 0.0004327390918490437
10 60 -0.35 -0.3 31 32 67.0843903557741 0.0003897736122837614
10 60 -0.35 -0.3 32 33 60.9435540170925 0.00035938077718356
10 60 -0.35 -0.3 33 34 55.4796183505673 0.0003306431804190879
10 60 -0.35 -0.3 34 35 50.60563210948302 0.0002901235308243599
10 60 -0.35 -0.3 35 36 46.24741140215134 0.000255981145222961
10 60 -0.35 -0.3 36 37 42.34137650533376 0.0002392606427079613
10 60 -0.35 -0.3 37 38 38.83278941886094 0.0002229264270710019
10 60 -0.35 -0.3 38 39 35.67445521317659 0.0002066555658615243
10 60 -0.35 -0.3 39 40 32.82556931320773 0.0001876052882465729
10 60 -0.35 -0.3 40 42 58.17004160084691 0.0003221753959152807
10 60 -0.35 -0.3 42 44 49.68663374019037 0.000272128641206848
10 60 -0.35 -0.3 44 46 42.67058492034705 0.0002310905274498509
10 60 -0.35 -0.3 46 48 36.83000523539555 0.0002089260342117427
10 60 -0.35 -0.3 48 50 31.93829161829992 0.0001539348156534004
10 60 -0.35 -0.3 50 52 27.81836977449142 0.0001251200903453764
10 60 -0.35 -0.3 52 54 24.330041755478 0.0001282906799708883
10 60 -0.35 -0.3 54 56 21.36151437081194 0.0001087980907641395
10 60 -0.35 -0.3 56 58 18.82354120919068 7.304104424576963e-05
10 60 -0.35 -0.3 58 60 16.64426965439464 7.17802606153839e-05
10 60 -0.35 -0.3 60 65 33.93068671465058 0.000151254728031347
10 60 -0.35 -0.3 65 70 25.60474248694094 9.933641970505391e-05
10 60 -0.35 -0.3 70 80 34.92371346991292 0.0001217644123627792
10 60 -0.35 -0.3 80 90 21.65884583376436 7.535108536060875e-05
10 60 -0.35 -0.3 90 100 14.0465250713873 4.897202464171357e-05
10 60 -0.3 -0.25 0 0.5 -62817.39433925037 0.5865572874099598
10 60 -0.3 -0.25 0.5 1 750.8421285575363 0.003353749299776609
10 60 -0.3 -0.25 1 1.5 5066.921934162187 0.09297175099254673
10 60 -0.3 -0.25 1.5 2 4768.891271616319 0.1939821659816516
10 60 -0.3 -0.25 2 2.5 4073.702447564807 0.1526894856742729
10 60 -0.3 -0.25 2.5 3 3440.833218284361 0.1155657890217299
10 60 -0.3 -0.25 3 3.5 2920.629782105286 0.08897091545668445
10 60 -0.3 -0.25 3.5 4 2499.84542914171 0.07221304915947258
10 60 -0.3 -0.25 4 4.5 2157.963210933242 0.05909919765463201
10 60 -0.3 -0.25 4.5 5 1877.398675507383 0.04740632354605623
10 60 -0.3 -0.25 5 5.5 1644.592444357321 0.03821235276859625
10 60 -0.3 -0.25 5.5 6 1449.357669067431 0.03137470842261791
10 60 -0.3 -0.25 6 6.5 1284.045298948217 0.02582930280186702
10 60 -0.3 -0.25 6.5 7 1142.868331229381 0.02133294683426357
10 60 -0.3 -0.25 7 7.5 1021.391135078923 0.01773100248215087
10 60 -0.3 -0.25 7.5 8 916.1712581297687 0.0147700918683995
10 60 -0.3 -0.25 8 8.5 824.5035203580385 0.01219249579025927
10 60 -0.3 -0.25 8.5 9 744.2326244651912 0.01006935601299119
10 60 -0.3 -0.25 9 9.5 673.6208589985605 0.008518676030234928
10 60 -0.3 -0.25 9.5 10 611.253366795985 0.00734390755064851
10 60 -0.3 -0.25 10 10.5 555.9664517316563 0.006346006558601403
10 60 -0.3 -0.25 10.5 11 506.7938474116092 0.005483494895884178
10 60 -0.3 -0.25 11 11.5 462.9263187203439 0.004824570856499122
10 60 -0.3 -0.25 11.5 12 423.6822446953419 0.01810889137442473
10 60 -0.3 -0.25 12 12.5 388.4835734181187 0.01370167419355539
10 60 -0.3 -0.25 12.5 13 356.8370396154248 0.01021414294308443
10 60 -0.3 -0.25 13 13.5 328.3194755649447 0.007431843621873213
10 60 -0.3 -0.25 13.5 14 302.566565501912 0.0052236669132526
10 60 -0.3 -0.25 14 14.5 279.2633772961197 0.003480665305175989
10 60 -0.3 -0.25 14.5 15 258.1364359174415 0.002117490382090637
10 60 -0.3 -0.25 15 16 460.4352194986178 0.004990291650074141
10 60 -0.3 -0.25 16 17 396.6239037847697 0.005290685230704639
10 60 -0.3 -0.25 17 18 343.3733812541195 0.01114392905611794
10 60 -0.3 -0.25 18 19 298.6677832463666 0.0141948914346699
10 60 -0.3 -0.25 19 20 260.9250228503134 0.00158404385126687
10 60 -0.3 -0.25 20 21 228.8929775877544 0.001397110655062761
10 60 -0.3 -0.25 21 22 201.5728160529658 0.001236060580140474
10 60 -0.3 -0.25 22 23 178.162607042942 0.001088044838212454
10 60 -0.3 -0.25 23 24 158.0146746355654 0.0009412940811159842
10 60 -0.3 -0.25 24 25 140.6026011129138 0.0008430754656103545
10 60 -0.3 -0.25 25 26 125.4955226127482 0.0007677243136470224
10 60 -0.3 -0.25 26 27 112.3391396094883 0.0006873319766071972
10 60 -0.3 -0.25 27 28 100.8409081687574 0.0006091585343170891
10 60 -0.3 -0.25 28 29 90.75812697296182 0.0005284213933265391
10 60 -0.3 -0.25 29 30 81.88847954945926 0.0004611070649218618
10 60 -0.3 -0.25 30 31 74.0623211804305 0.0004369723257866553
10 60 -0.3 -0.25 31 32 67.13658527340183 0.0004090004597543384
10 60 -0.3 -0.25 32 33 60.9905268588745 0.0003571278737197758
10 60 -0.3 -0.25 33 34 55.52201437656294 0.0003107936827220215
10 60 -0.3 -0.25 34 35 50.64410870660245 0.0002869892134356178
10 60 -0.3 -0.25 35 36 46.28243706210085 0.0002728233972746352
10 60 -0.3 -0.25 36 37 42.37323294253201 0.0002482983941476391
10 60 -0.3 -0.25 37 38 38.86176633715733 0.0002235681032942693
10 60 -0.3 -0.25 38 39 35.70085765125026 0.000201167822382331
10 60 -0.3 -0.25 39 40 32.84969622852636 0.0001853425104485495
10 60 -0.3 -0.25 40 42 58.21241366105919 0.0003275054462648086
10 60 -0.3 -0.25 42 44 49.72238311760321 0.0002698969091525782
10 60 -0.3 -0.25 44 46 42.70091127533125 0.0002485365773878812
10 60 -0.3 -0.25 46 48 36.85575118494899 0.0001933421334783247
10 60 -0.3 -0.25 48 50 31.96038615186418 0.0001563077233903698
10 60 -0.3 -0.25 50 52 27.83729593767134 0.0001503414934660441
10 60 -0.3 -0.25 52 54 24.34611445451775 0.0001185336333939802
10 60 -0.3 -0.25 54 56 21.37533903478551 8.849462511406614e-05
10 60 -0.3 -0.25 56 58 18.83562361160962 9.536107721075382e-05
10 60 -0.3 -0.25 58 60 16.65470640751106 8.653699442717766e-05
10 60 -0.3 -0.25 60 65 33.95097269779075 0.0001365014292247224
10 60 -0.3 -0.25 65 70 25.61908792493804 0.0001024649126897259
10 60 -0.3 -0.25 70 80 34.94087991871001 0.0001217471980865525
10 60 -0.3 -0.25 80 90 21.66707801618176 7.532758547768026e-05
10 60 -0.3 -0.25 90 100 14.05055348899304 4.89464479063173e-05
10 60 -0.25 -0.2 0 0.5 -62888.65049544971 0.5858831069126609
10 60 -0.25 -0.2 0.5 1 744.4670129296923 0.004402615469984994
10 60 -0.25 -0.2 1 1.5 5068.136315700212 0.2491417201899822
10 60 -0.25 -0.2 1.5 2 4771.186910634866 0.1896757509230156
10 60 -0.25 -0.2 2 2.5 4076.037540959418 0.1474916621941702
10 60 -0.25 -0.2 2.5 3 3442.9842823958 0.117483702591926
10 60 -0.25 -0.2 3 3.5 2922.551702195288 0.09191935427679709
10 60 -0.25 -0.2 3.5 4 2501.547601296343 0.07197867628428867
10 60 -0.25 -0.2 4 4.5 2159.470156397802 0.05834381636850594
10 60 -0.25 -0.2 4.5 5 1878.735312349561 0.04801187633938753
10 60 -0.25 -0.2 5 5.5 1645.780255493429 0.03881229951639398
10 60 -0.25 -0.2 5.5 6 1450.415973130514 0.03126156666326096
10 60 -0.25 -0.2 6 6.5 1284.990481854466 0.02558990783859372
10 60 -0.25 -0.2 6.5 7 1143.714999726792 0.02106202287700398
10 60 -0.25 -0.2 7 7.5 1022.150688243197 0.01744385639483426
10 60 -0.25 -0.2 7.5 8 916.8549212908326 0.01464834833598161
10 60 -0.25 -0.2 8 8.5 825.1209147235223 0.01246373781339116
10 60 -0.25 -0.2 8.5 9 744.790885643711 0.01053766176721638
10 60 -0.25 -0.2 9 9.5 674.1266323598036 0.008793576339940046
10 60 -0.25 -0.2 9.5 10 611.7128111888828 0.007369467654257278
10 60 -0.25 -0.2 10 10.5 556.3849084597467 0.006275669401588857
10 60 -0.25 -0.2 10.5 11 507.1749569262027 0.00539382004745903
10 60 -0.25 -0.2 11 11.5 463.2736210601747 0.00462444951466523
10 60 -0.25 -0.2 11.5 12 423.9993847971837 0.01810676678468326
10 60 -0.25 -0.2 12 12.5 388.7739415359388 0.0137160069234028
10 60 -0.25 -0.2 12.5 13 357.1033218896856 0.01022875857910321
10 60 -0.25 -0.2 13 13.5 328.5639171501838 0.007441500193408501
10 60 -0.25 -0.2 13.5 14 302.7912265311593 0.005232088887055397
10 60 -0.25 -0.2 14 14.5 279.4700679159865 0.003485956837153026
10 60 -0.25 -0.2 14.5 15 258.3268107315853 0.002118959952213118
10 60 -0.25 -0.2 15 16 460.7728595688856 0.004995554013589754
10 60 -0.25 -0.2 16 17 396.9126396470901 0.005301182514415359
10 60 -0.25 -0.2 17 18 343.6215568628438 0.011145484195481
10 60 -0.25 -0.2 18 19 298.8817725460747 0.01421545737974839
10 60 -0.25 -0.2 19 20 261.1102769002387 0.001590607622631524
10 60 -0.25 -0.2 20 21 229.0539264005234 0.001403153023204595
10 60 -0.25 -0.2 21 22 201.7131006903363 0.0012412524694696
10 60 -0.25 -0.2 22 23 178.2853956361446 0.001074313295276852
10 60 -0.25 -0.2 23 24 158.1227395742887 0.0009584207385273658
10 60 -0.25 -0.2 24 25 140.697849227536 0.0008569640536677525
10 60 -0.25 -0.2 25 26 125.5795925625562 0.0007569350301253053
10 60 -0.25 -0.2 26 27 112.4137250983794 0.0006782980856883114
10 60 -0.25 -0.2 27 28 100.907495884645 0.0006050109803510395
10 60 -0.25 -0.2 28 29 90.81779233556132 0.0005447056531693306
10 60 -0.25 -0.2 29 30 81.94183325739294 0.0004912079516543599
10 60 -0.25 -0.2 30 31 74.10984790348435 0.0004329680317312068
10 60 -0.25 -0.2 31 32 67.1791101864552 0.0003775045131533261
10 60 -0.25 -0.2 32 33 61.02893876115525 0.0003511198284016359
10 60 -0.25 -0.2 33 34 55.55684020204649 0.0003275921932370807
10 60 -0.25 -0.2 34 35 50.67564949561444 0.000300585075116544
10 60 -0.25 -0.2 35 36 46.31098634218682 0.0002670770835422331
10 60 -0.25 -0.2 36 37 42.39916318263646 0.0002453809458700107
10 60 -0.25 -0.2 37 38 38.88538052017455 0.0002242418843323435
10 60 -0.25 -0.2 38 39 35.72239773677994 0.0002041426542902514
10 60 -0.25 -0.2 39 40 32.86936955113593 0.0001854506167333625
10 60 -0.25 -0.2 40 42 58.24697800157941 0.0003219276061585674
10 60 -0.25 -0.2 42 44 49.75154185536078 0.0002946267869674557
10 60 -0.25 -0.2 44 46 42.72542003775423 0.0002198456352502376
10 60 -0.25 -0.2 46 48 36.87682276703207 0.0001927850596032954
10 60 -0.25 -0.2 48 50 31.97861328767824 0.0001930026502847682
10 60 -0.25 -0.2 50 52 27.85275739479181 0.0001315866731879112
10 60 -0.25 -0.2 52 54 24.35936140675425 0.000104901677548952
10 60 -0.25 -0.2 54 56 21.38686605666637 0.0001181682509034943
10 60 -0.25 -0.2 56 58 18.84549695803617 9.370111149564764e-05
10 60 -0.25 -0.2 58 60 16.663195915086 6.569018220403677e-05
10 60 -0.25 -0.2 60 65 33.96784858634629 0.0001597866610509868
10 60 -0.25 -0.2 65 70 25.63101002594592 9.765741788925197e-05
10 60 -0.25 -0.2 70 80 34.95545403620819 0.0001216979424540909
10 60 -0.25 -0.2 80 90 21.67406705586495 7.530019815149558e-05
10 60 -0.25 -0.2 90 100 14.0538899774954 4.892207344653343e-05
10 60 -0.2 -0.15 0 0.5 -62945.85150496866 0.5873781591653824
10 60 -0.2 -0.15 0.5 1 739.278018033883 0.004821187145921613
10 60 -0.2 -0.15 1 1.5 5069.101530148912 0.2452303021918851
10 60 -0.2 -0.15 1.5 2 4773.038893259183 0.1930260412136704
10 60 -0.2 -0.15 2 2.5 4077.917444035165 0.1454801750983279
10 60 -0.2 -0.15 2.5 3 3444.711452816973 0.1141627132647045
10 60 -0.2 -0.15 3 3.5 2924.096084037038 0.09235348423180767
10 60 -0.2 -0.15 3.5 4 2502.91311182345 0.07363697707751271
10 60 -0.2 -0.15 4 4.5 2160.67846293379 0.05830687198385931
10 60 -0.2 -0.15 4.5 5 1879.805584586168 0.0471027869491536
10 60 -0.2 -0.15 5 5.5 1646.731706792785 0.03902653778936838
10 60 -0.2 -0.15 5.5 6 1451.263114987748 0.03203817777011864
10 60 -0.2 -0.15 6 6.5 1285.747928942503 0.02595844162055982
10 60 -0.2 -0.15 6.5 7 1144.392830722898 0.02124386205309747
10 60 -0.2 -0.15 7 7.5 1022.758688607186 0.01747835059836689
10 60 -0.2 -0.15 7.5 8 917.4025324226614 0.01437961342196559
10 60 -0.2 -0.15 8 8.5 825.6148749684286 0.01194668337063831
10 60 -0.2 -0.15 8.5 9 745.2371515407762 0.01016482342186009
10 60 -0.2 -0.15 9 9.5 674.5309793365898 0.008762257106923244
10 60 -0.2 -0.15 9.5 10 612.0805894764255 0.007514206072187335
10 60 -0.2 -0.15 10 10.5 556.7193870849883 0.006418913970833273
10 60 -0.2 -0.15 10.5 11 507.4794911039345 0.005514828700825092
10 60 -0.2 -0.15 11 11.5 463.5516516985272 0.004773102967362775
10 60 -0.2 -0.15 11.5 12 424.2536211894366 0.01814411500782853
10 60 -0.2 -0.15 12 12.5 389.0063325582274 0.0137374802303043
10 60 -0.2 -0.15 12.5 13 357.3158716543956 0.0102171649462548
10 60 -0.2 -0.15 13 13.5 328.7589362777649 0.007437096365720208
10 60 -0.2 -0.15 13.5 14 302.970638745801 0.005237832046816493
10 60 -0.2 -0.15 14 14.5 279.635311539463 0.003500661796977056
10 60 -0.2 -0.15 14.5 15 258.4789646821618 0.002126334554247933
10 60 -0.2 -0.15 15 16 461.0422578858558 0.004955083648155778
10 60 -0.2 -0.15 16 17 397.1425210700296 0.005299324602617617
10 60 -0.2 -0.15 17 18 343.8186451376109 0.01117069626457123
10 60 -0.2 -0.15 18 19 299.0517557675308 0.01421086311910358
10 60 -0.2 -0.15 19 20 261.2573273286086 0.001613710886488207
10 60 -0.2 -0.15 20 21 229.1811912312333 0.001406595922645693
10 60 -0.2 -0.15 21 22 201.82369027133 0.001214805199737157
10 60 -0.2 -0.15 22 23 178.3823118573051 0.001091243061466685
10 60 -0.2 -0.15 23 24 158.2078147026694 0.0009700847111844269
10 60 -0.2 -0.15 24 25 140.7725714160495 0.0008570378798822276
10 60 -0.2 -0.15 25 26 125.6454527634102 0.0007548563851287327
10 60 -0.2 -0.15 26 27 112.4720841149329 0.0006603543582883731
10 60 -0.2 -0.15 27 28 100.9595445704271 0.0006077200903007451
10 60 -0.2 -0.15 28 29 90.86435248233536 0.0005661200330990823
10 60 -0.2 -0.15 29 30 81.98345161609639 0.0004968662930906476
10 60 -0.2 -0.15 30 31 74.14705453649344 0.0004210819385122022
10 60 -0.2 -0.15 31 32 67.212447500175 0.0003798726925481333
10 60 -0.2 -0.15 32 33 61.05889265741778 0.0003553578787034439
10 60 -0.2 -0.15 33 34 55.5838469316021 0.0003313921813372644
10 60 -0.2 -0.15 34 35 50.70004215593722 0.0002951131762287673
10 60 -0.2 -0.15 35 36 46.33308260591597 0.0002704845934289324
10 60 -0.2 -0.15 36 37 42.41920601687798 0.0002440036720159355
10 60 -0.2 -0.15 37 38 38.90361727222563 0.0002227366679719012
10 60 -0.2 -0.15 38 39 35.73905010097312 0.0001987584911873341
10 60 -0.2 -0.15 39 40 32.88462649235842 0.0001876064417984935
10 60 -0.2 -0.15 40 42 58.2736817485831 0.0003466531496485459
10 60 -0.2 -0.15 42 44 49.7738166214452 0.0002593623718141203
10 60 -0.2 -0.15 44 46 42.74454292830558 0.0002329455718879103
10 60 -0.2 -0.15 46 48 36.8931727656481 0.0002194308808824985
10 60 -0.2 -0.15 48 50 31.992465809858 0.0001506164868310123
10 60 -0.2 -0.15 50 52 27.86493691912487 0.0001476181278157185
10 60 -0.2 -0.15 52 54 24.36994160902056 0.0001416121759127975
10 60 -0.2 -0.15 54 56 21.39573133208603 9.026572691084311e-05
10 60 -0.2 -0.15 56 58 18.85316237007597 8.191563303583393e-05
10 60 -0.2 -0.15 58 60 16.66996510815847 8.994324341315973e-05
10 60 -0.2 -0.15 60 65 33.98101475097629 0.0001438537070086454
10 60 -0.2 -0.15 65 70 25.64052698061674 0.000110172776945916
10 60 -0.2 -0.15 70 80 34.96722669107257 0.0001250109966548507
10 60 -0.2 -0.15 80 90 21.67983310899563 7.527891118286334e-05
10 60 -0.2 -0.15 90 100 14.05659619860815 4.890724786044132e-05
10 60 -0.15 -0.1 0 0.5 -62988.97118399348 0.5953943228450953
10 60 -0.15 -0.1 0.5 1 735.3122831732143 0.01873039966574197
10 60 -0.15 -0.1 1 1.5 5069.799567290434 0.08000924936914089
10 60 -0.15 -0.1 1.5 2 4774.436462125655 0.1908129950379589
10 60 -0.15 -0.1 2 2.5 4079.341164307499 0.1486476935924657
10 60 -0.15 -0.1 2.5 3 3446.013468083396 0.1149717660514398
10 60 -0.15 -0.1 3 3.5 2925.261115980217 0.09029913026779468
10 60 -0.15 -0.1 3.5 4 2503.941027869453 0.07299380188760551
10 60 -0.15 -0.1 4 4.5 2161.588536973703 0.05887458153574698
10 60 -0.15 -0.1 4.5 5 1880.609451436743 0.04706530679231946
10 60 -0.15 -0.1 5 5.5 1647.446202495169 0.03789039018829499
10 60 -0.15 -0.1 5.5 6 1451.89913093997 0.03130299379699863
10 60 -0.15 -0.1 6 6.5 1286.316521624512 0.02610603412199453
10 60 -0.15 -0.1 6.5 7 1144.901321247439 0.02155629650337687
10 60 -0.15 -0.1 7 7.5 1023.215086996039 0.01788858076542965
10 60 -0.15 -0.1 7.5 8 917.8134239101843 0.01492289982741113
10 60 -0.15 -0.1 8 8.5 825.9849389490082 0.01237335108874049
10 60 -0.15 -0.1 8.5 9 745.5713237004582 0.01022989165187482
10 60 -0.15 -0.1 9 9.5 674.8343338566992 0.008555517666650303
10 60 -0.15 -0.1 9.5 10 612.3559087303785 0.007305291293505434
10 60 -0.15 -0.1 10 10.5 556.9694229016687 0.006293059480867669
10 60 -0.15 -0.1 10.5 11 507.7074032454325 0.005422121994683948
10 60 -0.15 -0.1 11 11.5 463.7600616834985 0.004704708987105732
10 60 -0.15 -0.1 11.5 12 424.4441929144999 0.01818025559180114
10 60 -0.15 -0.1 12 12.5 389.1804392000107 0.01374611329129038
10 60 -0.15 -0.1 12.5 13 357.4751047345952 0.01022382226204854
10 60 -0.15 -0.1 13 13.5 328.9047924151217 0.007433988440197936
10 60 -0.15 -0.1 13.5 14 303.1045377296686 0.005237782113169942
10 60 -0.15 -0.1 14 14.5 279.7584775728779 0.00349799185272559
10 60 -0.15 -0.1 14.5 15 258.5924879828933 0.002130997883568853
10 60 -0.15 -0.1 15 16 461.2434542837622 0.005036215997222371
10 60 -0.15 -0.1 16 17 397.3133359120546 0.005342069310188435
10 60 -0.15 -0.1 17 18 343.9646256447811 0.01120034542844905
10 60 -0.15 -0.1 18 19 299.1774271795827 0.01420665044139469
10 60 -0.15 -0.1 19 20 261.3656509316072 0.001628766114947666
10 60 -0.15 -0.1 20 21 229.2747409453723 0.001395217258504999
10 60 -0.15 -0.1 21 22 201.9050255619206 0.001228691722360509
10 60 -0.15 -0.1 22 23 178.453094827986 0.001088650281815262
10 60 -0.15 -0.1 23 24 158.2696013699373 0.0009749382422796771
10 60 -0.15 -0.1 24 25 140.8267415826136 0.0008475000842622649
10 60 -0.15 -0.1 25 26 125.693259137103 0.0007425852926132848
10 60 -0.15 -0.1 26 27 112.5144583572599 0.0006857458018032503
10 60 -0.15 -0.1 27 28 100.9969818514714 0.0006187282440635045
10 60 -0.15 -0.1 28 29 90.89749302424202 0.0005294851085437813
10 60 -0.15 -0.1 29 30 82.01321393259194 0.0004815716846167106
10 60 -0.15 -0.1 30 31 74.1739981674659 0.0004557386452290757
10 60 -0.15 -0.1 31 32 67.23661678079192 0.0004071824262581458
10 60 -0.15 -0.1 32 33 61.08035313715365 0.0003452807450372575
10 60 -0.15 -0.1 33 34 55.60297957095938 0.0003117863094601603
10 60 -0.15 -0.1 34 35 50.71730298395705 0.0002998874295627729
10 60 -0.15 -0.1 35 36 46.34870883939701 0.0002699958954792692
10 60 -0.15 -0.1 36 37 42.43338993091626 0.0002385822346226973
10 60 -0.15 -0.1 37 38 38.91654379794162 0.0002205244158304254
10 60 -0.15 -0.1 38 39 35.75084822779297 0.000216799423569114
10 60 -0.15 -0.1 39 40 32.89533273840295 0.0001971386136716546
10 60 -0.15 -0.1 40 42 58.29226241946728 0.0003089407414904599
10 60 -0.15 -0.1 42 44 49.78972071938943 0.0002765832661140166
10 60 -0.15 -0.1 44 46 42.75803784062086 0.0002546989707425951
10 60 -0.15 -0.1 46 48 36.90451246230318 0.0001728047638565045
10 60 -0.15 -0.1 48 50 32.00245550008151 0.0001783622757329795
10 60 -0.15 -0.1 50 52 27.8735839525975 0.0001642301340432084
10 60 -0.15 -0.1 52 54 24.37734242794885 0.0001116633426647695
10 60 -0.15 -0.1 54 56 21.4022633752999 0.0001063743609037715
10 60 -0.15 -0.1 56 58 18.85878421560504 9.842448651298241e-05
10 60 -0.15 -0.1 58 60 16.67472597827498 7.034548102424765e-05
10 60 -0.15 -0.1 60 65 33.99061942846919 0.000156235061552934
10 60 -0.15 -0.1 65 70 25.64746168835952 0.0001023157136543773
10 60 -0.15 -0.1 70 80 34.97604844398074 0.0001306326282204395
10 60 -0.15 -0.1 80 90 21.68435181557179 7.525369429117745e-05
10 60 -0.15 -0.1 90 100 14.0587114944331 4.890105695309899e-05
10 60 -0.1 -0.05 0 0.5 -63018.00066412888 0.7285576289796154
10 60 -0.1 -0.05 0.5 1 732.6069874784022 0.02277952481631473
10 60 -0.1 -0.05 1 1.5 5070.239296088963 0.07865457925527153
10 60 -0.1 -0.05 1.5 2 4775.366792444267 0.1922439408908758
10 60 -0.1 -0.05 2 2.5 4080.302633000546 0.1475752451638073
10 60 -0.1 -0.05 2.5 3 3446.891767011092 0.1160563884636758
10 60 -0.1 -0.05 3 3.5 2926.044396252237 0.09146785649181766
10 60 -0.1 -0.05 3.5 4 2504.63234648002 0.07301350540956264
10 60 -0.1 -0.05 4 4.5 2162.198258815575 0.05922109503399042
10 60 -0.1 -0.05 4.5 5 1881.148363267085 0.04806860438588956
10 60 -0.1 -0.05 5 5.5 1647.923337688058 0.03869398758433817
10 60 -0.1 -0.05 5.5 6 1452.324033945336 0.03107604128535968
10 60 -0.1 -0.05 6 6.5 1286.695597351254 0.02535274812748867
10 60 -0.1 -0.05 6.5 7 1145.240312976654 0.02099775941678672
10 60 -0.1 -0.05 7 7.5 1023.519787884061 0.01739302889552619
10 60 -0.1 -0.05 7.5 8 918.0869790676518 0.01454002642549312
10 60 -0.1 -0.05 8 8.5 826.2308430230295 0.01234251787866469
10 60 -0.1 -0.05 8.5 9 745.793921457197 0.01049823136190753
10 60 -0.1 -0.05 9 9.5 675.0359603958129 0.00886252826933287
10 60 -0.1 -0.05 9.5 10 612.5383469007674 0.007458911691855974
10 60 -0.1 -0.05 10 10.5 557.1353294958637 0.006350737216621383
10 60 -0.1 -0.05 10.5 11 507.8589075988887 0.005471521517335987
10 60 -0.1 -0.05 11 11.5 463.8982780175847 0.004706727772656905
10 60 -0.1 -0.05 11.5 12 424.5702784660008 0.01816581503993575
10 60 -0.1 -0.05 12 12.5 389.2959316630012 0.01375209208902106
10 60 -0.1 -0.05 12.5 13 357.5810200581868 0.01024764247586063
10 60 -0.1 -0.05 13 13.5 329.0016462519249 0.007449200851624482
10 60 -0.1 -0.05 13.5 14 303.1929730278228 0.005226685286231714
10 60 -0.1 -0.05 14 14.5 279.8395301298191 0.003489113295017887
10 60 -0.1 -0.05 14.5 15 258.6670823654305 0.002128985263595951
10 60 -0.1 -0.05 15 16 461.3755507465394 0.005092921554592067
10 60 -0.1 -0.05 16 17 397.4252248811801 0.005336602098680032
10 60 -0.1 -0.05 17 18 344.0596554629373 0.01121602855158699
10 60 -0.1 -0.05 18 19 299.2584360494301 0.01420837138488196
10 60 -0.1 -0.05 19 20 261.4349793456236 0.001608846447425094
10 60 -0.1 -0.05 20 21 229.3347514880538 0.001409334251803784
10 60 -0.1 -0.05 21 22 201.9568725729872 0.001245496985347927
10 60 -0.1 -0.05 22 23 178.4976896598716 0.001096515315197166
10 60 -0.1 -0.05 23 24 158.3081102718366 0.0009378774397248435
10 60 -0.1 -0.05 24 25 140.8605709957583 0.0008444492934813752
10 60 -0.1 -0.05 25 26 125.7230794430127 0.0007801177714128471
10 60 -0.1 -0.05 26 27 112.5404542733112 0.000682511283756071
10 60 -0.1 -0.05 27 28 101.0197440055736 0.000582420290072605
10 60 -0.1 -0.05 28 29 90.91776904281743 0.0005377623869833315
10 60 -0.1 -0.05 29 30 82.03131877825955 0.0004991771635189934
10 60 -0.1 -0.05 30 31 74.19013545892486 0.0004449816164679987
10 60 -0.1 -0.05 31 32 67.25112351903854 0.0004036773290749807
10 60 -0.1 -0.05 32 33 61.0934057342063 0.000370353104777621
10 60 -0.1 -0.05 33 34 55.61453531631039 0.0003195850342052609
10 60 -0.1 -0.05 34 35 50.72748572799173 0.0002741369438226116
10 60 -0.1 -0.05 35 36 46.35788523669707 0.0002567662376407043
10 60 -0.1 -0.05 36 37 42.4417702980075 0.0002617358014660454
10 60 -0.1 -0.05 37 38 38.92408735660543 0.0002384640452817166
10 60 -0.1 -0.05 38 39 35.75756427626942 0.00019996068393624
10 60 -0.1 -0.05 39 40 32.90141784518425 0.0001655275971970127
10 60 -0.1 -0.05 40 42 58.30326197723763 0.0003312207537149447
10 60 -0.1 -0.05 42 44 49.7989648267419 0.0002963596947154201
10 60 -0.1 -0.05 44 46 42.76568632183531 0.0002014264573944047
10 60 -0.1 -0.05 46 48 36.91138442703965 0.0002189034727990702
10 60 -0.1 -0.05 48 50 32.00825512632942 0.0001782740925051485
10 60 -0.1 -0.05 50 52 27.87849667460393 0.0001269528877863024
10 60 -0.1 -0.05 52 54 24.38185180954752 0.0001383589985373135
10 60 -0.1 -0.05 54 56 21.40624358815871 0.0001169585654068328
10 60 -0.1 -0.05 56 58 18.86218618541517 8.028666970361087e-05
10 60 -0.1 -0.05 58 60 16.67770397974677 7.578434158972414e-05
10 60 -0.1 -0.05 60 65 33.99653832177695 0.0001523477369858028
10 60 -0.1 -0.05 65 70 25.65186920110835 0.0001122523980221501
10 60 -0.1 -0.05 70 80 34.98180186028621 0.0001265421314897708
10 60 -0.1 -0.05 80 90 21.68755701400068 7.523244583040878e-05
10 60 -0.1 -0.05 90 100 14.06024019015186 4.889671045660293e-05
10 60 -0.05 0 0 0.5 -63032.95707892507 0.8917249488658854
10 60 -0.05 0 0.5 1 731.1746443186295 0.01336443980164859
10 60 -0.05 0 1 1.5 5070.430293588354 0.2412941806987874
10 60 -0.05 0 1.5 2 4775.825652464144 0.2014350380159158
10 60 -0.05 0 2 2.5 4080.792499866992 0.1463226666869559
10 60 -0.05 0 2.5 3 3447.344579583086 0.1149296838379996
10 60 -0.05 0 3 3.5 2926.445275540738 0.09203167069699703
10 60 -0.05 0 3.5 4 2504.98639618796 0.07309600763392154
10 60 -0.05 0 4 4.5 2162.507389659546 0.05883307424528539
10 60 -0.05 0 4.5 5 1881.421535748829 0.04802432228984799
10 60 -0.05 0 5 5.5 1648.1639257843 0.03940848296542754
10 60 -0.05 0 5.5 6 1452.537528479852 0.03209618534970105
10 60 -0.05 0 6 6.5 1286.885050583513 0.02600557044979723
10 60 -0.05 0 6.5 7 1145.41002401595 0.02124555661066552
10 60 -0.05 0 7 7.5 1023.671939335498 0.01760554037582551
10 60 -0.05 0 7.5 8 918.2229751139597 0.01452955621323326
10 60 -0.05 0 8 8.5 826.3533732203978 0.01200564759744793
10 60 -0.05 0 8.5 9 745.9045471910132 0.01012202618210267
10 60 -0.05 0 9 9.5 675.1352205936387 0.008669296796369963
10 60 -0.05 0 9.5 10 612.6282111864276 0.007455979998326256
10 60 -0.05 0 10 10.5 557.2173118367164 0.006375962253287071
10 60 -0.05 0 10.5 11 507.9334504106743 0.005462986723728136
10 60 -0.05 0 11 11.5 463.9659583622825 0.004745951017298466
10 60 -0.05 0 11.5 12 424.6321649854566 0.0181683865072273
10 60 -0.05 0 12 12.5 389.3526248426917 0.01376799080696856
10 60 -0.05 0 12.5 13 357.6327818483265 0.01024916889701899
10 60 -0.05 0 13 13.5 329.048946343423 0.007448695892207979
10 60 -0.05 0 13.5 14 303.2362303652232 0.005244525191699267
10 60 -0.05 0 14 14.5 279.8788824401345 0.003494223432937815
10 60 -0.05 0 14.5 15 258.7027773522096 0.002131026930612734
10 60 -0.05 0 15 16 461.437708110532 0.005003209844971934
10 60 -0.05 0 16 17 397.4779587101989 0.005303529657169292
10 60 -0.05 0 17 18 344.1037827597612 0.01115854971658337
10 60 -0.05 0 18 19 299.2946745637478 0.01427652586033901
10 60 -0.05 0 19 20 261.4656670862094 0.001605755635637252
10 60 -0.05 0 20 21 229.3609124461497 0.00143224571863243
10 60 -0.05 0 21 22 201.9788212147141 0.001254239681543368
10 60 -0.05 0 22 23 178.5161081978013 0.001062426761478719
10 60 -0.05 0 23 24 158.3239550565573 0.0009529174423903441
10 60 -0.05 0 24 25 140.8740466527761 0.000867588149645826
10 60 -0.05 0 25 26 125.7343507922403 0.0007541035496529958
10 60 -0.05 0 26 27 112.5501580964279 0.0006589800877918606
10 60 -0.05 0 27 28 101.0283132621467 0.0006113747271854209
10 60 -0.05 0 28 29 90.92513991109608 0.0005497396748666006
10 60 -0.05 0 29 30 82.03756503779141 0.0004801822132662892
10 60 -0.05 0 30 31 74.19555146367553 0.0004418139171491475
10 60 -0.05 0 31 32 67.25590723815084 0.0004066984008943564
10 60 -0.05 0 32 33 61.09768620401456 0.0003615882655907399
10 60 -0.05 0 33 34 55.61843628492375 0.0003189917679051746
10 60 -0.05 0 34 35 50.73096452574628 0.0003026140893922502
10 60 -0.05 0 35 36 46.36075437758675 0.0002767969978592077
10 60 -0.05 0 36 37 42.4440405156131 0.0002331176610326224
10 60 -0.05 0 37 38 38.9260609482057 0.0002001177942645427
10 60 -0.05 0 38 39 35.75949027405986 0.0001942091323883233
10 60 -0.05 0 39 40 32.90330365282289 0.0002001882998641236
10 60 -0.05 0 40 42 58.30631137733018 0.0003447656850639191
10 60 -0.05 0 42 44 49.80136745227937 0.0002431015066335362
10 60 -0.05 0 44 46 42.7681154515644 0.0002623194024309328
10 60 -0.05 0 46 48 36.91322678724125 0.0001933550335380119
10 60 -0.05 0 48 50 32.00986377895453 0.0001560935660265272
10 60 -0.05 0 50 52 27.8801191092095 0.0001639173284893047
10 60 -0.05 0 52 54 24.38318781576595 0.0001196585888081358
10 60 -0.05 0 54 56 21.40750251352199 0.0001016233045092463
10 60 -0.05 0 56 58 18.8635126065215 0.0001036992196716824
10 60 -0.05 0 58 60 16.67887896462338 7.835740715478323e-05
10 60 -0.05 0 60 65 33.99879625886507 0.0001479708791904955
10 60 -0.05 0 65 70 25.65363800074769 0.0001049626911253654
10 60 -0.05 0 70 80 34.98449214678914 0.00013275177331451
10 60 -0.05 0 80 90 21.689334971854 7.522887891298069e-05
10 60 -0.05 0 90 100 14.06115481799882 4.888848613227026e-05
10 60 0 0.05 0 0.5 -63033.86677405175 1.068995434965473
10 60 0 0.05 0.5 1 731.0143890876692 0.006104919241465723
10 60 0 0.05 1 1.5 5070.38187115501 0.242680445942824
10 60 0 0.05 1.5 2 4775.816105762481 0.1918710656455005
10 60 0 0.05 2 2.5 4080.806761658286 0.1520736176803439
10 60 0 0.05 2.5 3 3447.366327259327 0.113618239734933
10 60 0 0.05 3 3.5 2926.461404895301 0.09011815142139312
10 60 0 0.05 3.5 4 2505.002502494202 0.07274308837577337
10 60 0 0.05 4 4.5 2162.516175125803 0.05798367006445915
10 60 0 0.05 4.5 5 1881.428264565683 0.0466730163648208
10 60 0 0.05 5 5.5 1648.168025340436 0.03815263180899819
10 60 0 0.05 5.5 6 1452.539464533656 0.03160664337724484
10 60 0 0.05 6 6.5 1286.885871384881 0.02616482971075129
10 60 0 0.05 6.5 7 1145.410102584369 0.02148949441789227
10 60 0 0.05 7 7.5 1023.67109162007 0.01772362246492776
10 60 0 0.05 7.5 8 918.2219199648528 0.01485029067487176
10 60 0 0.05 8 8.5 826.352416596742 0.01245257704408687
10 60 0 0.05 8.5 9 745.9025751012381 0.01034841780312945
10 60 0 0.05 9 9.5 675.1327738055566 0.008635121776933374
10 60 0 0.05 9.5 10 612.6259739761571 0.007315496036881086
10 60 0 0.05 10 10.5 557.2148021224282 0.00630983352846215
10 60 0 0.05 10.5 11 507.9306339619956 0.005460273077801503
10 60 0 0.05 11 11.5 463.963421964297 0.00470279969317744
10 60 0 0.05 11.5 12 424.6298792816357 0.01819836576902389
10 60 0 0.05 12 12.5 389.3500939046081 0.01375835417223925
10 60 0 0.05 12.5 13 357.6301654222601 0.01023810942416503
10 60 0 0.05 13 13.5 329.0464569649382 0.007450235908947889
10 60 0 0.05 13.5 14 303.2338330601331 0.005255759681119798
10 60 0 0.05 14 14.5 279.8762711539337 0.003514481021397842
10 60 0 0.05 14.5 15 258.6996301620472 0.002121354119537955
10 60 0 0.05 15 16 461.4305891622286 0.004927197363201685
10 60 0 0.05 16 17 397.4709501588096 0.005222821572317571
10 60 0 0.05 17 18 344.0963151124765 0.01118106015758258
10 60 0 0.05 18 19 299.2869534210797 0.01427946478679587
10 60 0 0.05 19 20 261.4577797879094 0.001615498000376192
10 60 0 0.05 20 21 229.3527407801604 0.001427330407437921
10 60 0 0.05 21 22 201.9708296621494 0.001214041676576016
10 60 0 0.05 22 23 178.5088325565315 0.001092528491284384
10 60 0 0.05 23 24 158.3168870550605 0.0009814982549585238
10 60 0 0.05 24 25 140.8668615241578 0.0008319466833484057
10 60 0 0.05 25 26 125.7275076064349 0.0007363050289228568
10 60 0 0.05 26 27 112.5438737072458 0.0006898021553922717
10 60 0 0.05 27 28 101.022313637904 0.0006070632043702062
10 60 0 0.05 28 29 90.91941240802713 0.0005387595313948168
10 60 0 0.05 29 30 82.03215374154159 0.0004948591849114337
10 60 0 0.05 30 31 74.19036814324095 0.0004380295410726376
10 60 0 0.05 31 32 67.25102305080249 0.0003764398853007833
10 60 0 0.05 32 33 61.09330873518942 0.0003604054285446523
10 60 0 0.05 33 34 55.61451668860192 0.000356311318284952
10 60 0 0.05 34 35 50.72724420650837 0.0003095824839576267
10 60 0 0.05 35 36 46.35715980726282 0.0002419533470146007
10 60 0 0.05 36 37 42.44070411839905 0.0002174876889000643
10 60 0 0.05 37 38 38.92302111463062 0.0002239282415317234
10 60 0 0.05 38 39 35.75663519716139 0.0002270100699135469
10 60 0 0.05 39 40 32.90050680435688 0.0001831693248348643
10 60 0 0.05 40 42 58.30135498810595 0.0002898744199981707
10 60 0 0.05 42 44 49.79754160639875 0.0003080883690103065
10 60 0 0.05 44 46 42.76458003572137 0.0002195100946522643
10 60 0 0.05 46 48 36.91034160115855 0.0001916218965618555
10 60 0 0.05 48 50 32.00755807972067 0.0001865022634959246
10 60 0 0.05 50 52 27.87804918179494 0.0001326166952146934
10 60 0 0.05 52 54 24.38156158712809 0.0001230106830902855
10 60 0 0.05 54 56 21.40624011822159 0.0001145698597468936
10 60 0 0.05 56 58 18.86248165092509 8.887119378186981e-05
10 60 0 0.05 58 60 16.67814634205851 8.245086253566569e-05
10 60 0 0.05 60 65 33.9974795272235 0.0001503583023989563
10 60 0 0.05 65 70 25.65283706866394 0.0001101857116410088
10 60 0 0.05 70 80 34.98403948269534 0.0001316643407633933
10 60 0 0.05 80 90 21.68960900987544 7.523058167535623e-05
10 60 0 0.05 90 100 14.06147252514149 4.888860409657525e-05
10 60 0.05 0.1 0 0.5 -63020.80822200224 1.209771675581578
10 60 0.05 0.1 0.5 1 732.1130827653176 0.02069911869159569
10 60 0.05 0.1 1 1.5 5070.103454754411 0.07682167248367477
10 60 0.05 0.1 1.5 2 4775.349361381596 0.1832551299357874
10 60 0.05 0.1 2 2.5 4080.343966837172 0.1489312191206409
10 60 0.05 0.1 2.5 3 3446.953636509415 0.1191807755021728
10 60 0.05 0.1 3 3.5 2926.091869744532 0.09071646090615104
10 60 0.05 0.1 3.5 4 2504.677362686163 0.07267821316145273
10 60 0.05 0.1 4 4.5 2162.225269143 0.05941332947486444
10 60 0.05 0.1 4.5 5 1881.16897355747 0.04782969669713566
10 60 0.05 0.1 5 5.5 1647.934929103047 0.03831621776271277
10 60 0.05 0.1 5.5 6 1452.330637777328 0.03099958363441147
10 60 0.05 0.1 6 6.5 1286.698094932935 0.02548509801567889
10 60 0.05 0.1 6.5 7 1145.240551716746 0.02118161487510406
10 60 0.05 0.1 7 7.5 1023.517993405841 0.01752029791816767
10 60 0.05 0.1 7.5 8 918.0840389205727 0.01446397677204914
10 60 0.05 0.1 8 8.5 826.2270426860118 0.01216837816991756
10 60 0.05 0.1 8.5 9 745.7884425885059 0.01039094308089261
10 60 0.05 0.1 9 9.5 675.0293214576385 0.008857307327616581
10 60 0.05 0.1 9.5 10 612.5311682803457 0.007505913988779866
10 60 0.05 0.1 10 10.5 557.1276984123324 0.00634972694967928
10 60 0.05 0.1 10.5 11 507.8511214728045 0.005446180809997259
10 60 0.05 0.1 11 11.5 463.8906890512922 0.004728956179008037
10 60 0.05 0.1 11.5 12 424.5626796659269 0.01816473813403263
10 60 0.05 0.1 12 12.5 389.2882867912157 0.01374949695104988
10 60 0.05 0.1 12.5 13 357.5734299357862 0.01023948351161152
10 60 0.05 0.1 13 13.5 328.9942011295852 0.007469938520614505
10 60 0.05 0.1 13.5 14 303.1852425425899 0.005257521893838657
10 60 0.05 0.1 14 14.5 279.8309789688222 0.003493991598645607
10 60 0.05 0.1 14.5 15 258.6576635228313 0.002126451553920106
10 60 0.05 0.1 15 16 461.3550677187063 0.005045540295725459
10 60 0.05 0.1 16 17 397.4036190085737 0.005346714982920275
10 60 0.05 0.1 17 18 344.0372368739254 0.01120493656867438
10 60 0.05 0.1 18 19 299.2353055401014 0.01419554739334217
10 60 0.05 0.1 19 20 261.4111154352836 0.001617248516708969
10 60 0.05 0.1 20 21 229.3105264669373 0.001357547478647803
10 60 0.05 0.1 21 22 201.9334719955137 0.00124350039715182
10 60 0.05 0.1 22 23 178.4753519447322 0.001117255833236186
10 60 0.05 0.1 23 24 158.286477182149 0.0009376083304175609
10 60 0.05 0.1 24 25 140.8395631161056 0.000841822870370379
10 60 0.05 0.1 25 26 125.7028397762613 0.0007705821740700003
10 60 0.05 0.1 26 27 112.5212339564743 0.0006576440522394478
10 60 0.05 0.1 27 28 101.0017216962854 0.0006077701966376026
10 60 0.05 0.1 28 29 90.90066604066593 0.0005542850524875576
10 60 0.05 0.1 29 30 82.014971596981 0.000475236098495202
10 60 0.05 0.1 30 31 74.17474875921864 0.0004171519311313432
10 60 0.05 0.1 31 32 67.23687860960986 0.0004156525093605978
10 60 0.05 0.1 32 33 61.08021077047246 0.0003756455648371571
10 60 0.05 0.1 33 34 55.60232925709034 0.000302732886197532
10 60 0.05 0.1 34 35 50.71626734392328 0.0002676214957588741
10 60 0.05 0.1 35 36 46.3474966152943 0.0002854196167021428
10 60 0.05 0.1 36 37 42.43192236948577 0.0002774638797546913
10 60 0.05 0.1 37 38 38.91466920833064 0.0002160165048792351
10 60 0.05 0.1 38 39 35.74870674545218 0.000158591150345444
10 60 0.05 0.1 39 40 32.89330909070726 0.0001663470414499102
10 60 0.05 0.1 40 42 58.28900604386465 0.0003665808763244627
10 60 0.05 0.1 42 44 49.78671980356521 0.000251582700720121
10 60 0.05 0.1 44 46 42.75556621082143 0.000231196429439251
10 60 0.05 0.1 46 48 36.90278910492602 0.0002140038446825088
10 60 0.05 0.1 48 50 32.00100879111975 0.0001517043570160581
10 60 0.05 0.1 50 52 27.87262568160168 0.000147387952285527
10 60 0.05 0.1 52 54 24.37698687462019 0.000127491251163292
10 60 0.05 0.1 54 56 21.40233356759178 0.0001008705922664888
10 60 0.05 0.1 56 58 18.85923148971104 9.374026498321086e-05
10 60 0.05 0.1 58 60 16.67543849698402 8.5516765505389e-05
10 60 0.05 0.1 60 65 33.99254067978637 0.0001544207281298782
10 60 0.05 0.1 65 70 25.64944182716064 0.0001015503891821368
10 60 0.05 0.1 70 80 34.98044475623514 0.0001319491654996341
10 60 0.05 0.1 80 90 21.68833339770688 7.523231052175561e-05
10 60 0.05 0.1 90 100 14.06121143399362 4.888852346773831e-05
10 60 0.1 0.15 0 0.5 -62993.8737996093 1.268402684559987
10 60 0.1 0.15 0.5 1 734.4546290723132 0.02031241298152509
10 60 0.1 0.15 1 1.5 5069.588359247123 0.07353569367478485
10 60 0.1 0.15 1.5 2 4774.431216830013 0.1956539099774091
10 60 0.1 0.15 2 2.5 4079.412828575395 0.1425794061924535
10 60 0.1 0.15 2.5 3 3446.105730194164 0.1157786996641335
10 60 0.1 0.15 3 3.5 2925.337998087094 0.09466364923446235
10 60 0.1 0.15 3.5 4 2504.008418759483 0.07344324456653339
10 60 0.1 0.15 4 4.5 2161.634765599938 0.05866576611106211
10 60 0.1 0.15 4.5 5 1880.64299536957 0.04819602113775545
10 60 0.1 0.15 5 5.5 1647.465411829919 0.03943363043595127
10 60 0.1 0.15 5.5 6 1451.911615113428 0.03192321863298275
10 60 0.1 0.15 6 6.5 1286.321476405213 0.02582291242651991
10 60 0.1 0.15 6.5 7 1144.901975074503 0.02113912273671303
10 60 0.1 0.15 7 7.5 1023.21362742608 0.01761014325393262
10 60 0.1 0.15 7.5 8 917.808681394407 0.01470656886192501
10 60 0.1 0.15 8 8.5 825.9776254221645 0.01218330452434202
10 60 0.1 0.15 8.5 9 745.5630261719693 0.01014432627096085
10 60 0.1 0.15 9 9.5 674.8240554607258 0.008597533967986237
10 60 0.1 0.15 9.5 10 612.3436885221306 0.007384780637494259
10 60 0.1 0.15 10 10.5 556.9569011700971 0.006381443856184887
10 60 0.1 0.15 10.5 11 507.6950804710533 0.005488090981145888
10 60 0.1 0.15 11 11.5 463.7470890042969 0.00472280160209948
10 60 0.1 0.15 11.5 12 424.4309027364216 0.01815137375933773
10 60 0.1 0.15 12 12.5 389.1675168016578 0.01374590776089235
10 60 0.1 0.15 12.5 13 357.4624760357357 0.01026678947380333
10 60 0.1 0.15 13 13.5 328.8915875556661 0.007458239482957651
10 60 0.1 0.15 13.5 14 303.0903153575175 0.005232108994277951
10 60 0.1 0.15 14 14.5 279.7434587332551 0.003490305013713169
10 60 0.1 0.15 14.5 15 258.5769076312986 0.002140416962447489
10 60 0.1 0.15 15 16 461.2101113713417 0.005126056505048382
10 60 0.1 0.15 16 17 397.2769390966824 0.005416590640152208
10 60 0.1 0.15 17 18 343.9269557761991 0.01118304339735232
10 60 0.1 0.15 18 19 299.1386104066589 0.01418030328630948
10 60 0.1 0.15 19 20 261.3258041371357 0.001570545454967487
10 60 0.1 0.15 20 21 229.2353655715686 0.001405758955428382
10 60 0.1 0.15 21 22 201.8663843168414 0.001238261512924055
10 60 0.1 0.15 22 23 178.4153179077705 0.001054570367045926
10 60 0.1 0.15 23 24 158.2333018385079 0.0009732286545443003
10 60 0.1 0.15 24 25 140.792022683432 0.0008649178874406971
10 60 0.1 0.15 25 26 125.6599366739992 0.0007353858250667145
10 60 0.1 0.15 26 27 112.4825627419374 0.0006870001247420987
10 60 0.1 0.15 27 28 100.9665814119633 0.0005998769197788079
10 60 0.1 0.15 28 29 90.86879566760049 0.0005103487965385511
10 60 0.1 0.15 29 30 81.9863426849727 0.0004858900415030121
10 60 0.1 0.15 30 31 74.14881897065082 0.0004736984029705127
10 60 0.1 0.15 31 32 67.21297697291655 0.0003865433957059849
10 60 0.1 0.15 32 33 61.05835630014671 0.0003106468180504862
10 60 0.1 0.15 33 34 55.58269611208303 0.0003168047043899946
10 60 0.1 0.15 34 35 50.69851516136085 0.0003278061376832397
10 60 0.1 0.15 35 36 46.33112772836903 0.0002752721537717662
10 60 0.1 0.15 36 37 42.41689662071953 0.0002137955635390654
10 60 0.1 0.15 37 38 38.90115312237973 0.0002095347186568119
10 60 0.1 0.15 38 39 35.73651868760803 0.000221247268278546
10 60 0.1 0.15 39 40 32.88197475379849 0.0001987805217495975
10 60 0.1 0.15 40 42 58.26838270715848 0.0002834320621971642
10 60 0.1 0.15 42 44 49.76955069671214 0.0002801861472292444
10 60 0.1 0.15 44 46 42.74102314740004 0.0002398320033307755
10 60 0.1 0.15 46 48 36.89031211422738 0.0001774011869812853
10 60 0.1 0.15 48 50 31.99060854367732 0.0001784101912924996
10 60 0.1 0.15 50 52 27.86373744054368 0.0001397090173682614
10 60 0.1 0.15 52 54 24.36940101994728 0.0001176149122663617
10 60 0.1 0.15 54 56 21.39592985704031 0.0001126926851391374
10 60 0.1 0.15 56 58 18.85374022115252 9.000498339517549e-05
10 60 0.1 0.15 58 60 16.67074380313729 7.358747257768528e-05
10 60 0.1 0.15 60 65 33.9838746521654 0.0001619718609120468
10 60 0.1 0.15 65 70 25.64356618536253 0.0001027913611615361
10 60 0.1 0.15 70 80 34.97372237448863 0.0001291273165264784
10 60 0.1 0.15 80 90 21.68551879588218 7.524602546027381e-05
10 60 0.1 0.15 90 100 14.06033855339682 4.889322175216648e-05
10 60 0.15 0.2 0 0.5 -62953.13125352404 1.228580935086939
10 60 0.15 0.2 0.5 1 738.0263247637048 0.02044829541193849
10 60 0.15 0.2 1 1.5 5068.835804262119 0.2486138245267284
10 60 0.15 0.2 1.5 2 4773.058956327517 0.1994439760146633
10 60 0.15 0.2 2 2.5 4078.019786942081 0.1480683984991629
10 60 0.15 0.2 2.5 3 3444.825184652305 0.111096699683003
10 60 0.15 0.2 3 3.5 2924.199715005579 0.08987517259538436
10 60 0.15 0.2 3.5 4 2502.997616737444 0.07394864366324327
10 60 0.15 0.2 4 4.5 2160.743726772956 0.0584878352206033
10 60 0.15 0.2 4.5 5 1879.850413212434 0.04665278745119394
10 60 0.15 0.2 5 5.5 1646.76097977034 0.03823923503705373
10 60 0.15 0.2 5.5 6 1451.281669382521 0.03165965661037262
10 60 0.15 0.2 6 6.5 1285.756701279903 0.02618859004383012
10 60 0.15 0.2 6.5 7 1144.395683608586 0.02145673861809883
10 60 0.15 0.2 7 7.5 1022.757177092887 0.01759299088826083
10 60 0.15 0.2 7.5 8 917.3962911096459 0.01466136419594477
10 60 0.15 0.2 8 8.5 825.6055309002028 0.01235751552019337
10 60 0.15 0.2 8.5 9 745.2254541924367 0.01040875912190131
10 60 0.15 0.2 9 9.5 674.5167834005811 0.008730170774924773
10 60 0.15 0.2 9.5 10 612.0645713812125 0.007366180679127865
10 60 0.15 0.2 10 10.5 556.7024898554154 0.006285571787771005
10 60 0.15 0.2 10.5 11 507.4615804232652 0.005434734544678577
10 60 0.15 0.2 11 11.5 463.5332352924763 0.004728525618872936
10 60 0.15 0.2 11.5 12 424.2352219466406 0.01815296041814918
10 60 0.15 0.2 12 12.5 388.9878364438131 0.01377893691403642
10 60 0.15 0.2 12.5 13 357.2965963878534 0.01023009408606868
10 60 0.15 0.2 13 13.5 328.7386897543526 0.007427196241565071
10 60 0.15 0.2 13.5 14 302.949751174559 0.005237162384560179
10 60 0.15 0.2 14 14.5 279.6139198667876 0.003516993207369978
10 60 0.15 0.2 14.5 15 258.4568279215608 0.002147509796031954
10 60 0.15 0.2 15 16 460.9949618563138 0.00496525531974612
10 60 0.15 0.2 16 17 397.0918460272225 0.005280351262285876
10 60 0.15 0.2 17 18 343.7652782662535 0.01117737786273665
10 60 0.15 0.2 18 19 298.9967831672068 0.01428680361226498
10 60 0.15 0.2 19 20 261.2024368437706 0.001636154276582147
10 60 0.15 0.2 20 21 229.1266173579793 0.001412289907477771
10 60 0.15 0.2 21 22 201.7697162002617 0.001188195497121569
10 60 0.15 0.2 22 23 178.3296557945407 0.001088039822519704
10 60 0.15 0.2 23 24 158.1569483916286 0.0009545489822926356
10 60 0.15 0.2 24 25 140.7239070955615 0.0008449231164036064
10 60 0.15 0.2 25 26 125.5990503431974 0.0007833775373313756
10 60 0.15 0.2 26 27 112.4276232268081 0.0006556918404072576
10 60 0.15 0.2 27 28 100.9171351349322 0.0005625465087319981
10 60 0.15 0.2 28 29 90.8243925671937 0.0005619906011560261
10 60 0.15 0.2 29 30 81.94597482937893 0.0005049721973335863
10 60 0.15 0.2 30 31 74.11197259084142 0.000393634814557231
10 60 0.15 0.2 31 32 67.17981659944893 0.000364339570396055
10 60 0.15 0.2 32 33 61.02856315199176 0.0003851926751821111
10 60 0.15 0.2 33 34 55.55541579041501 0.0003430536940527418
10 60 0.15 0.2 34 35 50.67334424963075 0.0002539817097471087
10 60 0.15 0.2 35 36 46.30826764661703 0.0002351997544352002
10 60 0.15 0.2 36 37 42.39634263291273 0.0002595666941829222
10 60 0.15 0.2 37 38 38.88246013377336 0.0002522757417864341
10 60 0.15 0.2 38 39 35.71928578790255 0.0002018349612171733
10 60 0.15 0.2 39 40 32.8661151201097 0.0001610120532262727
10 60 0.15 0.2 40 42 58.24056486171401 0.000315679628045018
10 60 0.15 0.2 42 44 49.7457830659727 0.0002686696692748569
10 60 0.15 0.2 44 46 42.72084717638088 0.000212337550252073
10 60 0.15 0.2 46 48 36.87336756388869 0.000207129028680697
10 60 0.15 0.2 48 50 31.97609551835042 0.0001551599319675745
10 60 0.15 0.2 50 52 27.85143795206136 0.0001428214124175042
10 60 0.15 0.2 52 54 24.3589354736916 0.0001288048660796903
10 60 0.15 0.2 54 56 21.38691691600151 9.742471550566734e-05
10 60 0.15 0.2 56 58 18.84606531299143 8.962799769562935e-05
10 60 0.15 0.2 58 60 16.66421041278866 8.160607042739798e-05
10 60 0.15 0.2 60 65 33.97136948368261 0.0001531426552858761
10 60 0.15 0.2 65 70 25.63521412346156 0.000107071865731001
10 60 0.15 0.2 70 80 34.96392697258884 0.0001215951385944436
10 60 0.15 0.2 80 90 21.68121360603695 7.525856383594487e-05
10 60 0.15 0.2 90 100 14.05879877986072 4.890903368881538e-05
10 60 0.2 0.25 0 0.5 -62898.61828928137 1.111942443174485
10 60 0.2 0.25 0.5 1 742.8214512354833 0.02398256284436684
10 60 0.2 0.25 1 1.5 5067.843602444168 0.2529979998598719
10 60 0.2 0.25 1.5 2 4771.234040631158 0.1892408861231161
10 60 0.2 0.25 2 2.5 4076.166587548744 0.1513713618915062
10 60 0.2 0.25 2.5 3 3443.116572034725 0.115949614287274
10 60 0.2 0.25 3 3.5 2922.67792991241 0.08855522167232266
10 60 0.2 0.25 3.5 4 2501.647459782347 0.07183077915897229
10 60 0.2 0.25 4 4.5 2159.551322232255 0.05941376524333464
10 60 0.2 0.25 4.5 5 1878.791899522384 0.04782416580633253
10 60 0.2 0.25 5 5.5 1645.821853128789 0.0382392616334073
10 60 0.2 0.25 5.5 6 1450.441280566459 0.03108069182621875
10 60 0.2 0.25 6 6.5 1285.005260558193 0.02554052511823102
10 60 0.2 0.25 6.5 7 1143.721144203719 0.021243479181976
10 60 0.2 0.25 7 7.5 1022.148859429001 0.01764005980930961
10 60 0.2 0.25 7.5 8 916.8483826178418 0.01459165301127996
10 60 0.2 0.25 8 8.5 825.110059043236 0.0121348475454397
10 60 0.2 0.25 8.5 9 744.7753627860325 0.01026241245779147
10 60 0.2 0.25 9 9.5 674.1088543162286 0.008762466025018512
10 60 0.2 0.25 9.5 10 611.6938114281568 0.007478964681467914
10 60 0.2 0.25 10 10.5 556.3632789338172 0.006378272549909525
10 60 0.2 0.25 10.5 11 507.1515807653471 0.005450029168173387
10 60 0.2 0.25 11 11.5 463.2500141514101 0.004698599876121534
10 60 0.2 0.25 11.5 12 423.975387635203 0.01818107626678511
10 60 0.2 0.25 12 12.5 388.7484656356827 0.01371897728876093
10 60 0.2 0.25 12.5 13 357.0764912153577 0.01019272982381381
10 60 0.2 0.25 13 13.5 328.5365727378159 0.007444799586835416
10 60 0.2 0.25 13.5 14 302.7634869318707 0.005257061258987505
10 60 0.2 0.25 14 14.5 279.4415122793379 0.003508298246288177
10 60 0.2 0.25 14.5 15 258.2971492643017 0.002118386133020067
10 60 0.2 0.25 15 16 460.7108745943481 0.005027079174510618
10 60 0.2 0.25 16 17 396.847207647729 0.005208088538324773
10 60 0.2 0.25 17 18 343.5523978184073 0.01124027386094895
10 60 0.2 0.25 18 19 298.8113579688147 0.01424809521381576
10 60 0.2 0.25 19 20 261.0400546808055 0.001618193756883102
10 60 0.2 0.25 20 21 228.9840472349555 0.001388980264778183
10 60 0.2 0.25 21 22 201.6441995283806 0.001238126997463951
10 60 0.2 0.25 22 23 178.2181064951519 0.001055709196890575
10 60 0.2 0.25 23 24 158.0576815507119 0.0009506150001925562
10 60 0.2 0.25 24 25 140.6353307650247 0.0008651760870179714
10 60 0.2 0.25 25 26 125.5197169337489 0.0007239244276888712
10 60 0.2 0.25 26 27 112.3568853828039 0.0006560060137985602
10 60 0.2 0.25 27 28 100.8537594429388 0.0006446174740091237
10 60 0.2 0.25 28 29 90.76680311130666 0.0005225241144586334
10 60 0.2 0.25 29 30 81.8938332267694 0.0004167352108481737
10 60 0.2 0.25 30 31 74.06527667908719 0.0004381706403222552
10 60 0.2 0.25 31 32 67.1376232957025 0.0004351480077389169
10 60 0.2 0.25 32 33 60.9899114893739 0.0003314626495338757
10 60 0.2 0.25 33 34 55.52024871660345 0.0002762922475199048
10 60 0.2 0.25 34 35 50.64166340739936 0.0002948552385646508
10 60 0.2 0.25 35 36 46.27946023742627 0.000295222581797816
10 60 0.2 0.25 36 37 42.3697817928718 0.0002364523750415515
10 60 0.2 0.25 37 38 38.85805921985814 0.0001878505780723572
10 60 0.2 0.25 38 39 35.69716905979072 0.0001915796904938816
10 60 0.2 0.25 39 40 32.84610964241192 0.0002067665320168999
10 60 0.2 0.25 40 42 58.20527042750745 0.0003234481556546598
10 60 0.2 0.25 42 44 49.71563857976408 0.000235588479220894
10 60 0.2 0.25 44 46 42.69538755695347 0.0002390855229705835
10 60 0.2 0.25 46 48 36.85166749424473 0.0001793575894097899
10 60 0.2 0.25 48 50 31.95770590845046 0.000167758114127281
10 60 0.2 0.25 50 52 27.83572422100143 0.000141764493115204
10 60 0.2 0.25 52 54 24.34548465100109 0.0001140992770771732
10 60 0.2 0.25 54 56 21.37546963010537 0.000107197165156947
10 60 0.2 0.25 56 58 18.83624189430312 8.716737308844813e-05
10 60 0.2 0.25 58 60 16.65577507713316 7.547344936043032e-05
10 60 0.2 0.25 60 65 33.95515973170652 0.0001505179187688555
10 60 0.2 0.25 65 70 25.62428523415139 0.0001105188822236869
10 60 0.2 0.25 70 80 34.95117719724134 0.0001215782739123483
10 60 0.2 0.25 80 90 21.67546666106051 7.527156575903859e-05
10 60 0.2 0.25 90 100 14.05655311464163 4.892773075049206e-05
10 60 0.25 0.3 0 0.5 -62830.41261602778 0.9363197029233561
10 60 0.25 0.3 0.5 1 748.8297596995369 0.01232309350450578
10 60 0.25 0.3 1 1.5 5066.602975615443 0.2528002370927425
10 60 0.25 0.3 1.5 2 4768.949699744147 0.1913444777919722
10 60 0.25 0.3 2 2.5 4073.850890062326 0.147119680500964
10 60 0.25 0.3 2.5 3 3440.985330244767 0.1181055363767882
10 60 0.25 0.3 3 3.5 2920.773346234743 0.09327615548590984
10 60 0.25 0.3 3.5 4 2499.960776603071 0.07232204821002597
10 60 0.25 0.3 4 4.5 2158.057421908009 0.05822317211095651
10 60 0.25 0.3 4.5 5 1877.469496980383 0.04811703377367849
10 60 0.25 0.3 5 5.5 1644.646232451793 0.03918588850319793
10 60 0.25 0.3 5.5 6 1449.392051822963 0.03155654216084258
10 60 0.25 0.3 6 6.5 1284.067996793927 0.02570774394189357
10 60 0.25 0.3 6.5 7 1142.877840212828 0.02104341326344183
10 60 0.25 0.3 7 7.5 1021.390578281781 0.01748815935764014
10 60 0.25 0.3 7.5 8 916.1649524756992 0.01464496668631909
10 60 0.25 0.3 8 8.5 824.4903514438598 0.01227049800115765
10 60 0.25 0.3 8.5 9 744.2145126132638 0.01024942842627752
10 60 0.25 0.3 9 9.5 673.6003683661573 0.008629406147178997
10 60 0.25 0.3 9.5 10 611.2299462410211 0.007365226593947227
10 60 0.25 0.3 10 10.5 555.9403619154738 0.006336616197131661
10 60 0.25 0.3 10.5 11 506.7661302057593 0.005474453373949473
10 60 0.25 0.3 11 11.5 462.8970112813124 0.004736441087231924
10 60 0.25 0.3 11.5 12 423.6508085885475 0.01809855973766616
10 60 0.25 0.3 12 12.5 388.4505195780549 0.01367216517002134
10 60 0.25 0.3 12.5 13 356.8031790258747 0.01022638019384203
10 60 0.25 0.3 13 13.5 328.284819322346 0.007456279248913233
10 60 0.25 0.3 13.5 14 302.5308331225222 0.005235280899967165
10 60 0.25 0.3 14 14.5 279.2265722585869 0.003470809116606688
10 60 0.25 0.3 14.5 15 258.0988669157395 0.002123193090824316
10 60 0.25 0.3 15 16 460.3576513267836 0.005115751705830007
10 60 0.25 0.3 16 17 396.5423341200386 0.005327674762781953
10 60 0.25 0.3 17 18 343.2892777207412 0.0111480833302835
10 60 0.25 0.3 18 19 298.5822237047797 0.01420405646922518
10 60 0.25 0.3 19 20 260.8389595393615 0.001550098900793273
10 60 0.25 0.3 20 21 228.8079271027848 0.001424587431444024
10 60 0.25 0.3 21 22 201.4891827021124 0.001218368584545715
10 60 0.25 0.3 22 23 178.0810423065495 0.001085122635203106
10 60 0.25 0.3 23 24 157.9355892481517 0.0009535920474377235
10 60 0.25 0.3 24 25 140.5262724870933 0.0007882682535012009
10 60 0.25 0.3 25 26 125.4227790167418 0.0007507391276391218
10 60 0.25 0.3 26 27 112.2701658255149 0.0007168330013911373
10 60 0.25 0.3 27 28 100.7754811905814 0.0005517076152727896
10 60 0.25 0.3 28 29 90.69668793364356 0.0004921854604731379
10 60 0.25 0.3 29 30 81.8310492934183 0.0005160011228326766
10 60 0.25 0.3 30 31 74.00818993419205 0.0004428568130805388
10 60 0.25 0.3 31 32 67.08559122137358 0.0003266508879704588
10 60 0.25 0.3 32 33 60.94307930367489 0.0003388196902136542
10 60 0.25 0.3 33 34 55.47800140973177 0.0003544237676180728
10 60 0.25 0.3 34 35 50.60300987108514 0.0002999362005411399
10 60 0.25 0.3 35 36 46.2439956295557 0.0002239175043285968
10 60 0.25 0.3 36 37 42.33753896422376 0.0002199106839881892
10 60 0.25 0.3 37 38 38.82878129489248 0.0002326448719216501
10 60 0.25 0.3 38 39 35.67034646648224 0.00020994219221393
10 60 0.25 0.3 39 40 32.82144122639922 0.0001651029821019279
10 60 0.25 0.3 40 42 58.16226356518154 0.0003108013095740603
10 60 0.25 0.3 42 44 49.67960713323577 0.0002772448578696185
10 60 0.25 0.3 44 46 42.66446286063744 0.000193327390768161
10 60 0.25 0.3 46 48 36.82547635715827 0.0001999172993336629
10 60 0.25 0.3 48 50 31.93535999968108 0.0001575856646738316
10 60 0.25 0.3 50 52 27.81663954477267 0.0001323966985218306
10 60 0.25 0.3 52 54 24.3292146226006 0.0001223201170219568
10 60 0.25 0.3 54 56 21.36152340784294 9.857519981082419e-05
10 60 0.25 0.3 56 58 18.82429607635703 8.92505058445181e-05
10 60 0.25 0.3 58 60 16.64550636348751 7.558143228791891e-05
10 60 0.25 0.3 60 65 33.93533985702713 0.0001460048783670231
10 60 0.25 0.3 65 70 25.61073759939353 0.0001037490573416733
10 60 0.25 0.3 70 80 34.93558804284466 0.0001216083893780251
10 60 0.25 0.3 80 90 21.66831885552326 7.530259327381827e-05
10 60 0.25 0.3 90 100 14.05356289291212 4.895525059467332e-05
10 60 0.3 0.35 0 0.5 -62748.4980906914 0.7149490585943568
10 60 0.3 0.35 0.5 1 756.0322737362898 0.01851915424981598
10 60 0.3 0.35 1 1.5 5065.119307404278 0.2477610774576533
10 60 0.3 0.35 1.5 2 4766.210114760156 0.1927062806353206
10 60 0.3 0.35 2 2.5 4071.071693009145 0.1453752756769973
10 60 0.3 0.35 2.5 3 3438.432277951116 0.1138730950146964
10 60 0.3 0.35 3 3.5 2918.488856418103 0.09202997720922212
10 60 0.3 0.35 3.5 4 2497.939934735177 0.07377070924485452
10 60 0.3 0.35 4 4.5 2156.264666768587 0.05811949095641467
10 60 0.3 0.35 4.5 5 1875.884346896144 0.04665944984844828
10 60 0.3 0.35 5 5.5 1643.234258525914 0.03857395893714965
10 60 0.3 0.35 5.5 6 1448.135684885682 0.03185313017979752
10 60 0.3 0.35 6 6.5 1282.943250698083 0.02602421004121425
10 60 0.3 0.35 6.5 7 1141.867779918477 0.02135739171603745
10 60 0.3 0.35 7 7.5 1020.483427674495 0.01757586157577862
10 60 0.3 0.35 7.5 8 915.3446509525422 0.01456579733394392
10 60 0.3 0.35 8 8.5 823.7486929853598 0.01222110539333698
10 60 0.3 0.35 8.5 9 743.5436105136906 0.01031779980905867
10 60 0.3 0.35 9 9.5 672.9898167760265 0.008716227962963785
10 60 0.3 0.35 9.5 10 610.6741821116462 0.007378367654837348
10 60 0.3 0.35 10 10.5 555.4349262933918 0.006303637485189029
10 60 0.3 0.35 10.5 11 506.304362638957 0.005427325613368339
10 60 0.3 0.35 11 11.5 462.4736297211741 0.004697200996588435
10 60 0.3 0.35 11.5 12 423.2630338612971 0.01805945141956045
10 60 0.3 0.35 12 12.5 388.0951354620245 0.0137191171700124
10 60 0.3 0.35 12.5 13 356.4759839756684 0.01021636924758695
10 60 0.3 0.35 13 13.5 327.9829402611835 0.007414733213977343
10 60 0.3 0.35 13.5 14 302.2525545666733 0.005203218692770406
10 60 0.3 0.35 14 14.5 278.9701692229672 0.003488349234999077
10 60 0.3 0.35 14.5 15 257.8619721905505 0.002136626266860731
10 60 0.3 0.35 15 16 459.934569172277 0.005037982892758919
10 60 0.3 0.35 16 17 396.1786049175194 0.005316547923996495
10 60 0.3 0.35 17 18 342.9751565439012 0.01110762436121604
10 60 0.3 0.35 18 19 298.3091090569654 0.01419722032409254
10 60 0.3 0.35 19 20 260.600334195525 0.001591703604674422
10 60 0.3 0.35 20 21 228.5979754539869 0.001341258690985114
10 60 0.3 0.35 21 22 201.3047265408019 0.001258236031958404
10 60 0.3 0.35 22 23 177.9180274884185 0.001096415483800683
10 60 0.3 0.35 23 24 157.7908336023166 0.0008783865644659272
10 60 0.3 0.35 24 25 140.3978707755393 0.0008556286563816684
10 60 0.3 0.35 25 26 125.3078038369315 0.0007695369674678432
10 60 0.3 0.35 26 27 112.1668729785615 0.0005819682057364162
10 60 0.3 0.35 27 28 100.6835771553152 0.00059051844235114
10 60 0.3 0.35 28 29 90.61436258594782 0.0005855556635481207
10 60 0.3 0.35 29 30 81.75638224777069 0.0004441160843668968
10 60 0.3 0.35 30 31 73.94079382446176 0.000376181147061061
10 60 0.3 0.35 31 32 67.02503382642938 0.0004073301762588244
10 60 0.3 0.35 32 33 60.88805873652007 0.0003746648068556624
10 60 0.3 0.35 33 34 55.42770559845579 0.0002807944223519598
10 60 0.3 0.35 34 35 50.55736316431167 0.0002607363539084417
10 60 0.3 0.35 35 36 46.20270272862226 0.0002719719449260083
10 60 0.3 0.35 36 37 42.29987400456 0.0002533956260535319
10 60 0.3 0.35 37 38 38.79419699494315 0.0001949380762695796
10 60 0.3 0.35 38 39 35.63869368548212 0.0001749083721520606
10 60 0.3 0.35 39 40 32.79258502464154 0.0001766888878904638
10 60 0.3 0.35 40 42 58.11171252464151 0.0003244955358212565
10 60 0.3 0.35 42 44 49.63714884853839 0.0002561391083020226
10 60 0.3 0.35 44 46 42.6286301314242 0.0002281196932116814
10 60 0.3 0.35 46 48 36.79468168775496 0.0001640837221117408
10 60 0.3 0.35 48 50 31.90917017148502 0.0001600728450235067
10 60 0.3 0.35 50 52 27.79432979789657 0.0001371802610918849
10 60 0.3 0.35 52 54 24.31009199746814 0.0001112683075810139
10 60 0.3 0.35 54 56 21.3451505160766 0.0001025974371202665
10 60 0.3 0.35 56 58 18.8102363302148 8.371976661081248e-05
10 60 0.3 0.35 58 60 16.63342852778747 7.359089993386192e-05
10 60 0.3 0.35 60 65 33.91201882218436 0.0001420956021789266
10 60 0.3 0.35 65 70 25.59469504932155 9.869010792940003e-05
10 60 0.3 0.35 70 80 34.91721899933209 0.0001216473859884104
10 60 0.3 0.35 80 90 21.65976895126377 7.53221633331691e-05
10 60 0.3 0.35 90 100 14.04980284184041 4.897400006775854e-05
10 60 0.35 0.4 0 0.5 -62652.82782426838 0.5731543212605175
10 60 0.35 0.4 0.5 1 764.3832826762407 0.001815075053173132
10 60 0.35 0.4 1 1.5 5063.390323796882 0.1101605177582314
10 60 0.35 0.4 1.5 2 4763.013385302601 0.192005956489993
10 60 0.35 0.4 2 2.5 4067.831155611783 0.1477004124703853
10 60 0.35 0.4 2.5 3 3435.456894838174 0.1135416468882795
10 60 0.35 0.4 3 3.5 2915.829112887257 0.08943129253702864
10 60 0.35 0.4 3.5 4 2495.584504063273 0.07281184308931188
10 60 0.35 0.4 4 4.5 2154.177981841547 0.05918607672856524
10 60 0.35 0.4 4.5 5 1874.035513197944 0.04735967174656253
10 60 0.35 0.4 5 5.5 1641.589202052331 0.03804743966952628
10 60 0.35 0.4 5.5 6 1446.671765265442 0.03124472799163414
10 60 0.35 0.4 6 6.5 1281.63131743853 0.02581942762867584
10 60 0.35 0.4 6.5 7 1140.693172584592 0.02129170008197434
10 60 0.35 0.4 7 7.5 1019.425593572871 0.01762264237106592
10 60 0.35 0.4 7.5 8 914.3892618100521 0.0146081965161784
10 60 0.35 0.4 8 8.5 822.8866401575036 0.01215425916257118
10 60 0.35 0.4 8.5 9 742.7612994418976 0.01023622734169294
10 60 0.35 0.4 9 9.5 672.2785948815637 0.00869962305421268
10 60 0.35 0.4 9.5 10 610.0283180568945 0.007418051342710896
10 60 0.35 0.4 10 10.5 554.8460601469126 0.00633114289189507
10 60 0.35 0.4 10.5 11 505.7657143663231 0.005438321017493308
10 60 0.35 0.4 11 11.5 461.9813732473739 0.004705015904903576
10 60 0.35 0.4 11.5 12 422.8127681872452 0.018108300542508
10 60 0.35 0.4 12 12.5 387.6813900329444 0.01370534782080313
10 60 0.35 0.4 12.5 13 356.0949915035261 0.01016645347124268
10 60 0.35 0.4 13 13.5 327.6322352047565 0.007388349715654385
10 60 0.35 0.4 13.5 14 301.9295921279329 0.005218256709383695
10 60 0.35 0.4 14 14.5 278.6719439557114 0.003492298055448373
10 60 0.35 0.4 14.5 15 257.586010121472 0.002122349381181721
10 60 0.35 0.4 15 16 459.4427336183288 0.00491984621606889
10 60 0.35 0.4 16 17 395.7562235760669 0.005223299209546894
10 60 0.35 0.4 17 18 342.6097882119817 0.01115139901742168
10 60 0.35 0.4 18 19 297.9921559941951 0.01413592484811943
10 60 0.35 0.4 19 20 260.3237177728509 0.00156196564472566
10 60 0.35 0.4 20 21 228.3554174961562 0.001395081742799675
10 60 0.35 0.4 21 22 201.0904233077292 0.001196253605883157
10 60 0.35 0.4 22 23 177.7290002469235 0.001011357341354824
10 60 0.35 0.4 23 24 157.6243325871859 0.001012709675080714
10 60 0.35 0.4 24 25 140.2492040378672 0.0008267052521944152
10 60 0.35 0.4 25 26 125.1748896711567 0.0006365357496349588
10 60 0.35 0.4 26 27 112.048799210339 0.0006899506401225608
10 60 0.35 0.4 27 28 100.5775431294968 0.0006205338676608108
10 60 0.35 0.4 28 29 90.51869757304848 0.0004593912671140288
10 60 0.35 0.4 29 30 81.67075998271551 0.0004609623086651027
10 60 0.35 0.4 30 31 73.86385035916027 0.0004720640673809839
10 60 0.35 0.4 31 32 66.95506240550114 0.0003732091286110517
10 60 0.35 0.4 32 33 60.82447548210828 0.0002958784697710826
10 60 0.35 0.4 33 34 55.37025782494095 0.0003084517178777446
10 60 0.35 0.4 34 35 50.50523759822264 0.0003047626376329049
10 60 0.35 0.4 35 36 46.15509497458123 0.0002454008821715092
10 60 0.35 0.4 36 37 42.25643897812432 0.0002091910673769348
10 60 0.35 0.4 37 38 38.754699084747 0.0002094374121526243
10 60 0.35 0.4 38 39 35.60265976455234 0.0002042598843416954
10 60 0.35 0.4 39 40 32.75952986780621 0.0001717377924563834
10 60 0.35 0.4 40 42 58.05356107495443 0.0002869984689368721
10 60 0.35 0.4 42 44 49.58840327350787 0.0002742857777207064
10 60 0.35 0.4 44 46 42.58750826292182 0.0002120884210015106
10 60 0.35 0.4 46 48 36.75975347158334 0.0001806887096407195
10 60 0.35 0.4 48 50 31.87920947906629 0.0001417366874392201
10 60 0.35 0.4 50 52 27.76875721673401 0.0001329134818988109
10 60 0.35 0.4 52 54 24.28824014238445 0.000115628206579288
10 60 0.35 0.4 54 56 21.32638165299598 9.249944809752719e-05
10 60 0.35 0.4 56 58 18.79412866860092 8.275185701123178e-05
10 60 0.35 0.4 58 60 16.61959583462555 7.050655147011753e-05
10 60 0.35 0.4 60 65 33.88529886359686 0.000137344269298012
10 60 0.35 0.4 65 70 25.57628094751656 9.40878153237179e-05
10 60 0.35 0.4 70 80 34.89611706634363 0.0001216757242730182
10 60 0.35 0.4 80 90 21.64978852076442 7.534872985459629e-05
10 60 0.35 0.4 90 100 14.04524267510027 4.900184331013691e-05
10 60 0.4 0.45 0 0.5 -62543.43444726726 0.566867593137431
10 60 0.4 0.45 0.5 1 773.8475150808117 0.001562916305488216
10 60 0.4 0.45 1 1.5 5061.396618470213 0.100045121792391
10 60 0.4 0.45 1.5 2 4759.364555759159 0.1932741814416659
10 60 0.4 0.45 2 2.5 4064.129517401234 0.1488565726899651
10 60 0.4 0.45 2.5 3 3432.06041507142 0.1160712313044314
10 60 0.4 0.45 3 3.5 2912.795055549235 0.09111025221591262
10 60 0.4 0.45 3.5 4 2492.895228633668 0.0722407361004116
10 60 0.4 0.45 4 4.5 2151.800008971535 0.05862151415203698
10 60 0.4 0.45 4.5 5 1871.924005995333 0.04780633438144832
10 60 0.4 0.45 5 5.5 1639.71471297777 0.0385582255648842
10 60 0.4 0.45 5.5 6 1444.99877934142 0.03109927107198018
10 60 0.4 0.45 6 6.5 1280.135450639601 0.02550580621505105
10 60 0.4 0.45 6.5 7 1139.352961314287 0.02109766751118514
10 60 0.4 0.45 7 7.5 1018.217438045289 0.0174646270240828
10 60 0.4 0.45 7.5 8 913.3014675085018 0.01460975733766645
10 60 0.4 0.45 8 8.5 821.9027402137964 0.01223796255510479
10 60 0.4 0.45 8.5 9 741.8683479000579 0.01025626553746406
10 60 0.4 0.45 9 9.5 671.4690375281896 0.008640394873395962
10 60 0.4 0.45 9.5 10 609.2917527944443 0.00735766641241753
10 60 0.4 0.45 10 10.5 554.1734942111415 0.006324368757077536
10 60 0.4 0.45 10.5 11 505.152004719143 0.005445500197140518
10 60 0.4 0.45 11 11.5 461.4209186294326 0.004698079079389572
10 60 0.4 0.45 11.5 12 422.2988282347557 0.01807816597499823
10 60 0.4 0.45 12 12.5 387.2093272204035 0.01363299265119622
10 60 0.4 0.45 12.5 13 355.6614909262517 0.0101569344139989
10 60 0.4 0.45 13 13.5 327.2335230146659 0.007414822909936447
10 60 0.4 0.45 13.5 14 301.5616587585342 0.005211411106643027
10 60 0.4 0.45 14 14.5 278.3318540720294 0.003460334780072571
10 60 0.4 0.45 14.5 15 257.2717233516196 0.002096956520460935
10 60 0.4 0.45 15 16 458.8832284730363 0.00504316541037042
10 60 0.4 0.45 16 17 395.2746803857069 0.005299304822756312
10 60 0.4 0.45 17 18 342.1939767251747 0.01106537002351615
10 60 0.4 0.45 18 19 297.6309424240923 0.01419295877184368
10 60 0.4 0.45 19 20 260.0093225444646 0.001624933163725473
10 60 0.4 0.45 20 21 228.0796109768299 0.001385559565619587
10 60 0.4 0.45 21 22 200.8475220922726 0.001108250888393059
10 60 0.4 0.45 22 23 177.5150382457042 0.001120425819465254
10 60 0.4 0.45 23 24 157.4342615574425 0.0009102625863306457
10 60 0.4 0.45 24 25 140.0808669245391 0.0007656117649332828
10 60 0.4 0.45 25 26 125.0257036450565 0.0007970409690329916
10 60 0.4 0.45 26 27 111.9147043173883 0.0006281230867131171
10 60 0.4 0.45 27 28 100.457151818365 0.0005055928641723995
10 60 0.4 0.45 28 29 90.41123550373321 0.0005508143054697712
10 60 0.4 0.45 29 30 81.57400529185287 0.0005057321155703676
10 60 0.4 0.45 30 31 73.77620544293197 0.0003712678379628187
10 60 0.4 0.45 31 32 66.8760991595766 0.0003542853263240886
10 60 0.4 0.45 32 33 60.75328170835772 0.0003702856990628334
10 60 0.4 0.45 33 34 55.30549352401646 0.0003065234748973467
10 60 0.4 0.45 34 35 50.44619324344698 0.0002418635055576601
10 60 0.4 0.45 35 36 46.10148308768678 0.0002417332668187555
10 60 0.4 0.45 36 37 42.20772720868388 0.0002434733997560556
10 60 0.4 0.45 37 38 38.71021383632604 0.0002103457789672802
10 60 0.4 0.45 38 39 35.56195281793359 0.0001740120962310243
10 60 0.4 0.45 39 40 32.72233597448368 0.0001670480818845022
10 60 0.4 0.45 40 42 57.98832070432424 0.0003104856295124137
10 60 0.4 0.45 42 44 49.53328671353562 0.0002347258975348154
10 60 0.4 0.45 44 46 42.54116364290029 0.0002243859078419064
10 60 0.4 0.45 46 48 36.72058177033303 0.0001785760079542342
10 60 0.4 0.45 48 50 31.84574825411921 0.000145660249462054
10 60 0.4 0.45 50 52 27.74002102472988 0.0001191997793412725
10 60 0.4 0.45 52 54 24.2636615105655 0.0001086512514447691
10 60 0.4 0.45 54 56 21.30534629192652 9.392820567200033e-05
10 60 0.4 0.45 56 58 18.77605888203463 7.73630702610717e-05
10 60 0.4 0.45 58 60 16.60405892376605 6.812354561347433e-05
10 60 0.4 0.45 60 65 33.85528610369658 0.0001318419216858047
10 60 0.4 0.45 65 70 25.55561175031537 8.962188318406561e-05
10 60 0.4 0.45 70 80 34.87226580998848 0.0001216720413879102
10 60 0.4 0.45 80 90 21.63840644437401 7.536938990071462e-05
10 60 0.4 0.45 90 100 14.03986864554917 4.903877738726692e-05
10 60 0.45 0.5 0 0.5 -62420.47307593908 0.5593784675074858
10 60 0.45 0.5 0.5 1 784.4232424229768 0.03077144282781319
10 60 0.45 0.5 1 1.5 5059.116568464506 0.2402147037928444
10 60 0.45 0.5 1.5 2 4755.26464500519 0.1939065623746501
10 60 0.45 0.5 2 2.5 4059.97329768599 0.1458938386190312
10 60 0.45 0.5 2.5 3 3428.243310179389 0.1152060592353337
10 60 0.45 0.5 3 3.5 2909.389380747586 0.09156174777263004
10 60 0.45 0.5 3.5 4 2489.874444512441 0.07250217379623791
10 60 0.45 0.5 4 4.5 2149.130490375779 0.05791728617623448
10 60 0.45 0.5 4.5 5 1869.553340251653 0.04719872499981648
10 60 0.45 0.5 5 5.5 1637.610520218431 0.03876501381682829
10 60 0.45 0.5 5.5 6 1443.119000875226 0.0315980384868908
10 60 0.45 0.5 6 6.5 1278.457874724851 0.02564162207704612
10 60 0.45 0.5 6.5 7 1137.845726677005 0.02108281463483763
10 60 0.45 0.5 7 7.5 1016.862599492032 0.01751478871437939
10 60 0.45 0.5 7.5 8 912.0806171637408 0.01451712910227343
10 60 0.45 0.5 8 8.5 820.7970352236619 0.01213652727142289
10 60 0.45 0.5 8.5 9 740.8674827324885 0.01024806277280277
10 60 0.45 0.5 9 9.5 670.5606815329712 0.00869798558369439
10 60 0.45 0.5 9.5 10 608.4640519552318 0.007373668400759925
10 60 0.45 0.5 10 10.5 553.4193477724173 0.006283621695843067
10 60 0.45 0.5 10.5 11 504.4642457442227 0.005416053250598907
10 60 0.45 0.5 11 11.5 460.7912571893726 0.00470932032391147
10 60 0.45 0.5 11.5 12 421.7216539827369 0.01798642651903037
10 60 0.45 0.5 12 12.5 386.6803358163281 0.01363076261600327
10 60 0.45 0.5 12.5 13 355.1757161504092 0.0101758266078491
10 60 0.45 0.5 13 13.5 326.7860947637915 0.007392341348634091
10 60 0.45 0.5 13.5 14 301.1490415322218 0.005186369817579362
10 60 0.45 0.5 14 14.5 277.9511512185584 0.003457460345600794
10 60 0.45 0.5 14.5 15 256.9199480567004 0.00211220811269186
10 60 0.45 0.5 15 16 458.2555347147861 0.00488910761794159
10 60 0.45 0.5 16 17 394.734927938462 0.005224453128732875
10 60 0.45 0.5 17 18 341.7272397640741 0.01115351449800528
10 60 0.45 0.5 18 19 297.2265714615835 0.01406092840886686
10 60 0.45 0.5 19 20 259.6562781103697 0.00158067647032567
10 60 0.45 0.5 20 21 227.7708569387816 0.001292905591810722
10 60 0.45 0.5 21 22 200.5771074371579 0.001295797007941246
10 60 0.45 0.5 22 23 177.2750347205055 0.0009590758555475531
10 60 0.45 0.5 23 24 157.2221863223928 0.0008642542450161272
10 60 0.45 0.5 24 25 139.8934747715925 0.0009148142212325183
10 60 0.45 0.5 25 26 124.858250852772 0.0006793276913299451
10 60 0.45 0.5 26 27 111.7654350727637 0.0006025727622898103
10 60 0.45 0.5 27 28 100.3238824950417 0.000626450746111118
10 60 0.45 0.5 28 29 90.2910042935966 0.0004969293533747532
10 60 0.45 0.5 29 30 81.46563837908369 0.000403758331955828
10 60 0.45 0.5 30 31 73.67904439851873 0.0004334111202695112
10 60 0.45 0.5 31 32 66.78843269008337 0.0003995233566200795
10 60 0.45 0.5 32 33 60.6737037465676 0.0003021099013267303
10 60 0.45 0.5 33 34 55.23344204953757 0.0002845506743938131
10 60 0.45 0.5 34 35 50.38094441593913 0.0002870801686967184
10 60 0.45 0.5 35 36 46.04204864104956 0.0002513649176734134
10 60 0.45 0.5 36 37 42.15343631613123 0.0002025319166492068
10 60 0.45 0.5 37 38 38.66073283296892 0.0001946235954122244
10 60 0.45 0.5 38 39 35.51686863474455 0.0001952192904255412
10 60 0.45 0.5 39 40 32.6811024904644 0.0001748048311043249
10 60 0.45 0.5 40 42 57.91584453746756 0.0002764766877874081
10 60 0.45 0.5 42 44 49.47233155546026 0.0002489825164957438
10 60 0.45 0.5 44 46 42.48959563686363 0.0001965760920654702
10 60 0.45 0.5 46 48 36.67705833973746 0.0001846577438939789
10 60 0.45 0.5 48 50 31.80882623020951 0.0001457900673536017
10 60 0.45 0.5 50 52 27.70837916763816 0.0001154329724251113
10 60 0.45 0.5 52 54 24.23648530392576 9.817697639036282e-05
10 60 0.45 0.5 54 56 21.28208060641396 9.016336645117917e-05
10 60 0.45 0.5 56 58 18.75610587762531 7.684692095821788e-05
10 60 0.45 0.5 58 60 16.58689798568738 6.518164770241697e-05
10 60 0.45 0.5 60 65 33.82210938935399 0.0001241675391980834
10 60 0.45 0.5 65 70 25.53279612041575 8.965070354705063e-05
10 60 0.45 0.5 70 80 34.8456394494662 0.0001216758892113035
10 60 0.45 0.5 80 90 21.62562711424685 7.540510058845484e-05
10 60 0.45 0.5 90 100 14.03370141906433 4.907559222289137e-05
10 60 0.5 0.55 0 0.5 -62284.09744554052 0.5592036121888668
10 60 0.5 0.55 0.5 1 796.1218708251625 0.002889378763484274
10 60 0.5 0.55 1 1.5 5056.57328064405 0.04547893267317704
10 60 0.5 0.55 1.5 2 4750.719040710522 0.1864684241272698
10 60 0.5 0.55 2 2.5 4055.367548619856 0.1473722590017132
10 60 0.5 0.55 2.5 3 3424.011915374579 0.1134595162302503
10 60 0.5 0.55 3 3.5 2905.612557574751 0.09016181926426725
10 60 0.5 0.55 3.5 4 2486.527805719161 0.07322795490699718
10 60 0.5 0.55 4 4.5 2146.16793376055 0.05862031463584572
10 60 0.5 0.55 4.5 5 1866.928161564814 0.04695452948499224
10 60 0.5 0.55 5 5.5 1635.274958005859 0.03829131616839732
10 60 0.5 0.55 5.5 6 1441.037378693204 0.03154743667801085
10 60 0.5 0.55 6 6.5 1276.596454644093 0.02594130878060241
10 60 0.5 0.55 6.5 7 1136.174686591767 0.02116961915908178
10 60 0.5 0.55 7 7.5 1015.362274593929 0.01741720914242251
10 60 0.5 0.55 7.5 8 910.7257661585086 0.01453721124585172
10 60 0.5 0.55 8 8.5 819.572655789088 0.01216621863056844
10 60 0.5 0.55 8.5 9 739.7589803931431 0.01021306185032245
10 60 0.5 0.55 9 9.5 669.5527932834334 0.008632915834937194
10 60 0.5 0.55 9.5 10 607.5473071327499 0.007370568837473002
10 60 0.5 0.55 10 10.5 552.5846813762396 0.006320894856457926
10 60 0.5 0.55 10.5 11 503.7014757483269 0.005423432263512495
10 60 0.5 0.55 11 11.5 460.093349588863 0.004671650252646486
10 60 0.5 0.55 11.5 12 421.082887162045 0.01797885765154206
10 60 0.5 0.55 12 12.5 386.0944704164861 0.01363070515697018
10 60 0.5 0.55 12.5 13 354.6370823958323 0.01012922043179287
10 60 0.5 0.55 13 13.5 326.290511650852 0.00736492470889516
10 60 0.5 0.55 13.5 14 300.6926260941376 0.005189607454781253
10 60 0.5 0.55 14 14.5 277.5299336220918 0.003463754089182203
10 60 0.5 0.55 14.5 15 256.5304295297296 0.002085850093635599
10 60 0.5 0.55 15 16 457.5611423346716 0.004980408738106235
10 60 0.5 0.55 16 17 394.1366993985131 0.005340957475766572
10 60 0.5 0.55 17 18 341.2109234630302 0.01105362438369184
10 60 0.5 0.55 18 19 296.7780578844635 0.01408111615353391
10 60 0.5 0.55 19 20 259.2655806248315 0.001512847025026076
10 60 0.5 0.55 20 21 227.43014323489 0.001471290240033341
10 60 0.5 0.55 21 22 200.2768097287789 0.001099274222184476
10 60 0.5 0.55 22 23 177.0113002338813 0.001026193052496183
10 60 0.5 0.55 23 24 156.9888663122514 0.000982295237093922
10 60 0.5 0.55 24 25 139.6852759020841 0.0007063056787615096
10 60 0.5 0.55 25 26 124.6738543089798 0.0007303108052241214
10 60 0.5 0.55 26 27 111.6013157749577 0.0007154755753475683
10 60 0.5 0.55 27 28 100.1763498923138 0.0005114013145970375
10 60 0.5 0.55 28 29 90.15874393701793 0.0004705053979137119
10 60 0.5 0.55 29 30 81.34699765092913 0.0004896542900354461
10 60 0.5 0.55 30 31 73.57181457193735 0.0003860793896279802
10 60 0.5 0.55 31 32 66.69158260171547 0.0003352510120038232
10 60 0.5 0.55 32 33 60.58644288217401 0.0003425387039257544
10 60 0.5 0.55 33 34 55.15443430059993 0.0003144681089466417
10 60 0.5 0.55 34 35 50.30907534220493 0.000248077240733835
10 60 0.5 0.55 35 36 45.97671233290365 0.0002284545240058833
10 60 0.5 0.55 36 37 42.09403108859808 0.0002257438737203188
10 60 0.5 0.55 37 38 38.60651460584409 0.0002032338156539026
10 60 0.5 0.55 38 39 35.46726635422788 0.0001660117278632356
10 60 0.5 0.55 39 40 32.63577969242154 0.0001559052557169593
10 60 0.5 0.55 40 42 57.8365294475845 0.0002941733249599565
10 60 0.5 0.55 42 44 49.40555338437853 0.0002286269353888315
10 60 0.5 0.55 44 46 42.43317647879198 0.0001998417929627294
10 60 0.5 0.55 46 48 36.62922044453305 0.0001609092015897318
10 60 0.5 0.55 48 50 31.76836206666756 0.0001493459152364096
10 60 0.5 0.55 50 52 27.67396983480756 0.000118739295558612
10 60 0.5 0.55 52 54 24.20692942775372 9.361082461012415e-05
10 60 0.5 0.55 54 56 21.2566625454823 8.138424837866864e-05
10 60 0.5 0.55 56 58 18.73430979536245 7.46428894515816e-05
10 60 0.5 0.55 58 60 16.56817580345894 6.16089614595694e-05
10 60 0.5 0.55 60 65 33.78594901669533 0.0001195227353676387
10 60 0.5 0.55 65 70 25.50788670316832 8.969356850130339e-05
10 60 0.5 0.55 70 80 34.81626412920921 0.0001217260394739128
10 60 0.5 0.55 80 90 21.6113779508109 7.545386209528715e-05
10 60 0.5 0.55 90 100 14.02676823580583 4.911609488544855e-05
10 60 0.55 0.6 0 0.5 -62134.27810160277 0.6481469126229058
10 60 0.55 0.6 0.5 1 808.973553776341 0.03792808922401036
10 60 0.55 0.6 1 1.5 5053.781332241419 0.03815651292461553
10 60 0.55 0.6 1.5 2 4745.715956761761 0.1901224917473883
10 60 0.55 0.6 2 2.5 4050.313885740699 0.1466398456427669
10 60 0.55 0.6 2.5 3 3419.371355183967 0.1153173171474009
10 60 0.55 0.6 3 3.5 2901.466155462407 0.09023023020336041
10 60 0.55 0.6 3.5 4 2482.857424318907 0.07169418244529879
10 60 0.55 0.6 4 4.5 2142.915534587717 0.05847699209698476
10 60 0.55 0.6 4.5 5 1864.048736642363 0.04737867670473861
10 60 0.55 0.6 5 5.5 1632.711147815584 0.03799745691708267
10 60 0.55 0.6 5.5 6 1438.755123405831 0.03086169124389926
10 60 0.55 0.6 6 6.5 1274.551921819535 0.02551166576540709
10 60 0.55 0.6 6.5 7 1134.343442153747 0.02121057653812386
10 60 0.55 0.6 7 7.5 1013.714393747985 0.01749786773530104
10 60 0.55 0.6 7.5 8 909.2396690884329 0.01447122381659938
10 60 0.55 0.6 8 8.5 818.2308845324372 0.01214110374303345
10 60 0.55 0.6 8.5 9 738.542055906375 0.01022381267659966
10 60 0.55 0.6 9 9.5 668.4477335751253 0.008659236575454088
10 60 0.55 0.6 9.5 10 606.5427903246323 0.007339728173292315
10 60 0.55 0.6 10 10.5 551.6685617522212 0.006267169264674521
10 60 0.55 0.6 10.5 11 502.8648830129119 0.005419932448830878
10 60 0.55 0.6 11 11.5 459.3287334229872 0.004700419098924158
10 60 0.55 0.6 11.5 12 420.3824710326955 0.0179577175976533
10 60 0.55 0.6 12 12.5 385.4515965001449 0.0135658793134894
10 60 0.55 0.6 12.5 13 354.0466188865666 0.01010693974882315
10 60 0.55 0.6 13 13.5 325.7474030175234 0.007369462938413562
10 60 0.55 0.6 13.5 14 300.1920773038813 0.005176416013682683
10 60 0.55 0.6 14 14.5 277.0680638278967 0.003439102370805358
10 60 0.55 0.6 14.5 15 256.1039047387332 0.002117651035064227
10 60 0.55 0.6 15 16 456.7998333763972 0.004883511621528669
10 60 0.55 0.6 16 17 393.4816749658829 0.005356433559654761
10 60 0.55 0.6 17 18 340.6445204252641 0.01101354446848291
10 60 0.55 0.6 18 19 296.2861819685381 0.01424120835412168
10 60 0.55 0.6 19 20 258.8385444487587 0.001679754478630002
10 60 0.55 0.6 20 21 227.0554173763971 0.001271506823286472
10 60 0.55 0.6 21 22 199.9491850478374 0.001187066134576753
10 60 0.55 0.6 22 23 176.7229196147414 0.001114455611940457
10 60 0.55 0.6 23 24 156.7330209066418 0.0007993456593453629
10 60 0.55 0.6 24 25 139.4589291956295 0.0008253509210192078
10 60 0.55 0.6 25 26 124.4720800878779 0.0007392501388494566
10 60 0.55 0.6 26 27 111.4209557247167 0.0005633162107443468
10 60 0.55 0.6 27 28 100.0158274973137 0.0005803032654938534
10 60 0.55 0.6 28 29 90.01493443273817 0.0005321056722209505
10 60 0.55 0.6 29 30 81.21729024548863 0.000392816894688508
10 60 0.55 0.6 30 31 73.45509748661351 0.0003843985072222722
10 60 0.55 0.6 31 32 66.5863682984164 0.0003764668987713549
10 60 0.55 0.6 32 33 60.49117004475363 0.0003109382597372701
10 60 0.55 0.6 33 34 55.06816104221247 0.0002748909097505248
10 60 0.55 0.6 34 35 50.2309897638958 0.0002688982557828012
10 60 0.55 0.6 35 36 45.90578312177152 0.0002466960137894603
10 60 0.55 0.6 36 37 42.02936851193601 0.0001975287463906739
10 60 0.55 0.6 37 38 38.54755876998848 0.0001806944192139781
10 60 0.55 0.6 38 39 35.41350621496307 0.000177733119087975
10 60 0.55 0.6 39 40 32.58663510292079 0.0001593606989231944
10 60 0.55 0.6 40 42 57.75033602358943 0.0002669838670570357
10 60 0.55 0.6 42 44 49.33317500377708 0.0002335794365322386
10 60 0.55 0.6 44 46 42.37204972444762 0.0001852788295408914
10 60 0.55 0.6 46 48 36.57743003242648 0.0001580229418038925
10 60 0.55 0.6 48 50 31.72438756691593 0.0001339516282996556
10 60 0.55 0.6 50 52 27.63668358244957 0.0001231843670375099
10 60 0.55 0.6 52 54 24.17512276617076 9.795507000376347e-05
10 60 0.55 0.6 54 56 21.22927923942692 7.642803527829756e-05
10 60 0.55 0.6 56 58 18.71074241482462 6.70886220817124e-05
10 60 0.55 0.6 58 60 16.54795954510214 6.048819162884911e-05
10 60 0.55 0.6 60 65 33.74693592742796 0.0001195711081010131
10 60 0.55 0.6 65 70 25.48089894545171 8.968668941378155e-05
10 60 0.55 0.6 70 80 34.78416831879627 0.0001217669589337333
10 60 0.55 0.6 80 90 21.59561941366128 7.550154060353975e-05
10 60 0.55 0.6 90 100 14.01911652987084 4.915346359979367e-05
10 60 0.6 0.65 0 0.5 -61970.82816668167 0.7656291465827962
10 60 0.6 0.65 0.5 1 823.0342584001086 0.002107502248577475
10 60 0.6 0.65 1 1.5 5050.738366773099 0.2340153565673972
10 60 0.6 0.65 1.5 2 4740.263039249468 0.198613375118839
10 60 0.6 0.65 2 2.5 4044.808601120827 0.1425156090867858
10 60 0.6 0.65 2.5 3 3414.323305482173 0.1133854578069986
10 60 0.6 0.65 3 3.5 2896.955633217467 0.09067108065710272
10 60 0.6 0.65 3.5 4 2478.862524457853 0.07181683634598812
10 60 0.6 0.65 4 4.5 2139.379569832608 0.05739460383620099
10 60 0.6 0.65 4.5 5 1860.912646685585 0.04692879930325944
10 60 0.6 0.65 5 5.5 1629.924884486418 0.03855644023269633
10 60 0.6 0.65 5.5 6 1436.269491326098 0.03128883701060658
10 60 0.6 0.65 6 6.5 1272.329208843747 0.02536467395202635
10 60 0.6 0.65 6.5 7 1132.350657690318 0.02091341370419286
10 60 0.6 0.65 7 7.5 1011.920950964368 0.01749987141693055
10 60 0.6 0.65 7.5 8 907.6243880709093 0.01456795923274967
10 60 0.6 0.65 8 8.5 816.7702103487308 0.01210480230076882
10 60 0.6 0.65 8.5 9 737.2187337794272 0.0101542473499876
10 60 0.6 0.65 9 9.5 667.2471239489122 0.008620229960456527
10 60 0.6 0.65 9.5 10 605.4499471283199 0.007370856575562357
10 60 0.6 0.65 10 10.5 550.6724004722967 0.006308334764867141
10 60 0.6 0.65 10.5 11 501.9557857524028 0.005391035427692259
10 60 0.6 0.65 11 11.5 458.4971862726744 0.004667012188122044
10 60 0.6 0.65 11.5 12 419.6206150673518 0.0178857280738498
10 60 0.6 0.65 12 12.5 384.7528938325916 0.01355549777355236
10 60 0.6 0.65 12.5 13 353.4045511771481 0.01009191941386689
10 60 0.6 0.65 13 13.5 325.1564500839749 0.007320642618140027
10 60 0.6 0.65 13.5 14 299.647890689207 0.005156440673374618
10 60 0.6 0.65 14 14.5 276.5661955043606 0.003478359514190288
10 60 0.6 0.65 14.5 15 255.6396674472218 0.002088948181409478
10 60 0.6 0.65 15 16 455.9725767553119 0.004733845160160399
10 60 0.6 0.65 16 17 392.7702796989462 0.005115668259350059
10 60 0.6 0.65 17 18 340.0282786553861 0.01132046295640521
10 60 0.6 0.65 18 19 295.7532454372882 0.01388194288500699
10 60 0.6 0.65 19 20 258.3727225763357 0.001504801417695489
10 60 0.6 0.65 20 21 226.6497162717498 0.001360278950414795
10 60 0.6 0.65 21 22 199.5932379864175 0.001236437662015533
10 60 0.6 0.65 22 23 176.4088031993935 0.0009237529631604957
10 60 0.6 0.65 23 24 156.4567109538515 0.0009800322598323419
10 60 0.6 0.65 24 25 139.2132997825969 0.00078309386805131
10 60 0.6 0.65 25 26 124.2530773610331 0.0006116896978625164
10 60 0.6 0.65 26 27 111.2262036758385 0.0006526271096447545
10 60 0.6 0.65 27 28 99.84165920478318 0.0005518336979974947
10 60 0.6 0.65 28 29 89.85890457170704 0.0004568129898672169
10 60 0.6 0.65 29 30 81.07753488614505 0.0004529847835783585
10 60 0.6 0.65 30 31 73.32915254281065 0.0003952060771723609
10 60 0.6 0.65 31 32 66.47249569351614 0.0003177255423594261
10 60 0.6 0.65 32 33 60.38830269281481 0.00030366297671236
10 60 0.6 0.65 33 34 54.97510927105773 0.0002934608612648049
10 60 0.6 0.65 34 35 50.14657127136947 0.0002455616035206276
10 60 0.6 0.65 35 36 45.82914379488725 0.0002186120247174017
10 60 0.6 0.65 36 37 41.95976925541912 0.0002119420769233216
10 60 0.6 0.65 37 38 38.48416579592853 0.0001903394215858611
10 60 0.6 0.65 38 39 35.35560688583048 0.0001583070312847212
10 60 0.6 0.65 39 40 32.53372339674867 0.0001486596286923714
10 60 0.6 0.65 40 42 57.65761435364714 0.0002664986663987179
10 60 0.6 0.65 42 44 49.2552837452893 0.0002177069445821189
10 60 0.6 0.65 44 46 42.30641758559107 0.0001836735040399162
10 60 0.6 0.65 46 48 36.52186487795014 0.0001543965446799689
10 60 0.6 0.65 48 50 31.67715785608071 0.000127597842599414
10 60 0.6 0.65 50 52 27.5964926865384 0.0001113971339989916
10 60 0.6 0.65 52 54 24.14096803548335 9.898433078703306e-05
10 60 0.6 0.65 54 56 21.20009246341537 7.884909872046819e-05
10 60 0.6 0.65 56 58 18.68559087801869 6.702879375097837e-05
10 60 0.6 0.65 58 60 16.52630107843355 5.901908010130796e-05
10 60 0.6 0.65 60 65 33.70512052244265 0.0001195945695684486
10 60 0.6 0.65 65 70 25.45183480217552 8.967681412741513e-05
10 60 0.6 0.65 70 80 34.74936809706605 0.000121822744858946
10 60 0.6 0.65 80 90 21.5783631474114 7.555293781180694e-05
10 60 0.6 0.65 90 100 14.01078623691 4.919722624485701e-05
10 60 0.65 0.7 0 0.5 -61793.76231040223 0.8907287434485625
10 60 0.65 0.7 0.5 1 838.3057441711111 0.0009036233756205547
10 60 0.65 0.7 1 1.5 5047.466992872748 0.2370805038499384
10 60 0.65 0.7 1.5 2 4734.364448096384 0.1896726818185925
10 60 0.65 0.7 2 2.5 4038.850894724406 0.1502618885242555
10 60 0.65 0.7 2.5 3 3408.86526009368 0.1119525436961339
10 60 0.65 0.7 3 3.5 2892.083918438524 0.08997147217814927
10 60 0.65 0.7 3.5 4 2474.54391974204 0.07295905377759482
10 60 0.65 0.7 4 4.5 2135.560729469572 0.05849630922057258
10 60 0.65 0.7 4.5 5 1857.523159441696 0.04690005503061911
10 60 0.65 0.7 5 5.5 1626.915279201094 0.03808123386511397
10 60 0.65 0.7 5.5 6 1433.583117591237 0.03138158788374312
10 60 0.65 0.7 6 6.5 1269.929368617997 0.02575814838269253
10 60 0.65 0.7 6.5 7 1130.196165442505 0.02100996400304211
10 60 0.65 0.7 7 7.5 1009.984970073314 0.01721580300977621
10 60 0.65 0.7 7.5 8 905.8784704159434 0.01440777491234257
10 60 0.65 0.7 8 8.5 815.1922360381251 0.0121625498937874
10 60 0.65 0.7 8.5 9 735.7903359635781 0.01022247368450735
10 60 0.65 0.7 9 9.5 665.9501110061364 0.008602869358355747
10 60 0.65 0.7 9.5 10 604.2703198640922 0.007293044649600233
10 60 0.65 0.7 10 10.5 549.5974878421564 0.006248521858765343
10 60 0.65 0.7 10.5 11 500.9739467872502 0.005419985129890392
10 60 0.65 0.7 11 11.5 457.5993195254496 0.004676888436222271
10 60 0.65 0.7 11.5 12 418.7984209682493 0.01788333849401624
10 60 0.65 0.7 12 12.5 383.9981364504021 0.01350390734427265
10 60 0.65 0.7 12.5 13 352.7109742358031 0.01002033950521763
10 60 0.65 0.7 13 13.5 324.5188488575263 0.007338655269734318
10 60 0.65 0.7 13.5 14 299.0602702411761 0.005186485031856591
10 60 0.65 0.7 14 14.5 276.023290171365 0.003409852647109801
10 60 0.65 0.7 14.5 15 255.1384439199716 0.002057590271903109
10 60 0.65 0.7 15 16 455.0808169486878 0.005208778709857143
10 60 0.65 0.7 16 17 392.0012850683505 0.005587392087477383
10 60 0.65 0.7 17 18 339.3658254872611 0.01088252195535233
10 60 0.65 0.7 18 19 295.1764442404183 0.01421803824206336
10 60 0.65 0.7 19 20 257.8718281951389 0.001522403399576433
10 60 0.65 0.7 20 21 226.2117312672366 0.001370806036703698
10 60 0.65 0.7 21 22 199.2084762446312 0.001078441306333389
10 60 0.65 0.7 22 23 176.0714075083717 0.001110050481855751
10 60 0.65 0.7 23 24 156.1579114638575 0.0008370402015600575
10 60 0.65 0.7 24 25 138.9488875022133 0.0007391226880599788
10 60 0.65 0.7 25 26 124.0186041340803 0.0007343875818008883
10 60 0.65 0.7 26 27 111.016446708544 0.0005400160177515545
10 60 0.65 0.7 27 28 99.6542525620377 0.0005102591828034519
10 60 0.65 0.7 28 29 89.69149168684433 0.0005184632246653109
10 60 0.65 0.7 29 30 80.92719043238287 0.0004149854475912207
10 60 0.65 0.7 30 31 73.19391459323741 0.0003616382330875467
10 60 0.65 0.7 31 32 66.35067055255605 0.0003473161674207859
10 60 0.65 0.7 32 33 60.27813401954925 0.0002985229924661326
10 60 0.65 0.7 33 34 54.87527861553509 0.0002501086652344497
10 60 0.65 0.7 34 35 50.05614187891823 0.000242242715245311
10 60 0.65 0.7 35 36 45.74712706824468 0.0002296301584792104
10 60 0.65 0.7 36 37 41.88519959096794 0.0001938150004434647
10 60 0.65 0.7 37 38 38.41629966714184 0.0001811762594456923
10 60 0.65 0.7 38 39 35.29376131691894 0.0001697205613311326
10 60 0.65 0.7 39 40 32.47722213128768 0.0001455980250710809
10 60 0.65 0.7 40 42 57.55858039786302 0.0002466531198876964
10 60 0.65 0.7 42 44 49.17213197812734 0.0002106661046141767
10 60 0.65 0.7 44 46 42.23637877411092 0.000182046250166934
10 60 0.65 0.7 46 48 36.46261000326001 0.0001461764480410466
10 60 0.65 0.7 48 50 31.62684718504772 0.0001255500104093699
10 60 0.65 0.7 50 52 27.55363256921261 0.0001011004979574182
10 60 0.65 0.7 52 54 24.10445707368604 8.939731987922528e-05
10 60 0.65 0.7 54 56 21.169027064316 8.129822174396395e-05
10 60 0.65 0.7 56 58 18.65899719359414 6.696300589581483e-05
10 60 0.65 0.7 58 60 16.5033267319377 5.900804731595599e-05
10 60 0.65 0.7 60 65 33.6605048653894 0.0001195880771618363
10 60 0.65 0.7 65 70 25.42072397169419 8.969375907952326e-05
10 60 0.65 0.7 70 80 34.71189629819649 0.0001218646441927262
10 60 0.65 0.7 80 90 21.55966767258303 7.559945043666971e-05
10 60 0.65 0.7 90 100 14.00176951611182 4.925346977202594e-05
10 60 0.7 0.75 0 0.5 -61603.15763109626 0.9704309087101137
10 60 0.7 0.75 0.5 1 854.7739493056216 0.01161554107011398
10 60 0.7 0.75 1 1.5 5043.971290997607 0.1312805267862132
10 60 0.7 0.75 1.5 2 4728.023854060734 0.18315101672124
10 60 0.7 0.75 2 2.5 4032.443838332747 0.1491501476812118
10 60 0.7 0.75 2.5 3 3402.993466432576 0.1171517124776074
10 60 0.7 0.75 3 3.5 2886.848807335361 0.08938327969781312
10 60 0.7 0.75 3.5 4 2469.905720550958 0.07173917624459136
10 60 0.7 0.75 4 4.5 2131.455636663842 0.05817343783792239
10 60 0.7 0.75 4.5 5 1853.885596569007 0.04716690612849561
10 60 0.7 0.75 5 5.5 1623.67942732638 0.03803958097591931
10 60 0.7 0.75 5.5 6 1430.700599319238 0.03084860361059327
10 60 0.7 0.75 6 6.5 1267.349852540774 0.02540464808953402
10 60 0.7 0.75 6.5 7 1127.883901274665 0.02112285637622335
10 60 0.7 0.75 7 7.5 1007.905618794289 0.0174726259824638
10 60 0.7 0.75 7.5 8 904.0033416647666 0.01439990808262337
10 60 0.7 0.75 8 8.5 813.4987815320336 0.01198933989564921
10 60 0.7 0.75 8.5 9 734.2560419120325 0.01013837989864896
10 60 0.7 0.75 9 9.5 664.5581375564956 0.008617762707444854
10 60 0.7 0.75 9.5 10 603.0046865270582 0.007349917721171551
10 60 0.7 0.75 10 10.5 548.4435889545119 0.006262841113994
10 60 0.7 0.75 10.5 11 499.9207305687357 0.005361468478383813
10 60 0.7 0.75 11 11.5 456.636179974299 0.004670302583974717
10 60 0.7 0.75 11.5 12 417.9153365652248 0.0177782721116273
10 60 0.7 0.75 12 12.5 383.188203952812 0.01343118499727325
10 60 0.7 0.75 12.5 13 351.9675670618228 0.01008644222434896
10 60 0.7 0.75 13 13.5 323.8340899336665 0.007312957234091755
10 60 0.7 0.75 13.5 14 298.4286430132931 0.005069588963749538
10 60 0.7 0.75 14 14.5 275.4414839425165 0.003414202231624586
10 60 0.7 0.75 14.5 15 254.6015673844751 0.00214002722552209
10 60 0.7 0.75 15 16 454.1219170267515 0.004619328850139937
10 60 0.7 0.75 16 17 391.1793020857644 0.005112037025810423
10 60 0.7 0.75 17 18 338.6541567124315 0.01116648733795955
10 60 0.7 0.75 18 19 294.559941186284 0.01404597593972312
10 60 0.7 0.75 19 20 257.3347307516142 0.001536117910575285
10 60 0.7 0.75 20 21 225.7415817469914 0.001267884884299519
10 60 0.7 0.75 21 22 198.7973669802215 0.001236098508940131
10 60 0.7 0.75 22 23 175.7086889838848 0.0009189301936203265
10 60 0.7 0.75 23 24 155.8383961604714 0.0008566228812014742
10 60 0.7 0.75 24 25 138.6663951060599 0.0008050593951338669
10 60 0.7 0.75 25 26 123.7674032640829 0.0006139707857073518
10 60 0.7 0.75 26 27 110.793063014287 0.0005964089306900178
10 60 0.7 0.75 27 28 99.4544673243845 0.0005261614729192843
10 60 0.7 0.75 28 29 89.51220646886942 0.0004194179668530751
10 60 0.7 0.75 29 30 80.76664664886488 0.0004244621335942611
10 60 0.7 0.75 30 31 73.04980754597049 0.0003920824846801452
10 60 0.7 0.75 31 32 66.22075627820585 0.0003116952591284416
10 60 0.7 0.75 32 33 60.16083280631311 0.0002827061757741944
10 60 0.7 0.75 33 34 54.76920899217487 0.0002712275669125574
10 60 0.7 0.75 34 35 49.95994016567985 0.0002287945488887999
10 60 0.7 0.75 35 36 45.65975842629958 0.000207487728964395
10 60 0.7 0.75 36 37 41.80583333003891 0.0001991016738074336
10 60 0.7 0.75 37 38 38.34408410095288 0.0001764414173379691
10 60 0.7 0.75 38 39 35.22795428567103 0.0001548375218973774
10 60 0.7 0.75 39 40 32.41720320469675 0.0001448806034929362
10 60 0.7 0.75 40 42 57.45356639482416 0.0002462311947013518
10 60 0.7 0.75 42 44 49.08392352710484 0.0002019442532272819
10 60 0.7 0.75 44 46 42.16202311043847 0.0001683703860351216
10 60 0.7 0.75 46 48 36.39979794110716 0.0001462221285279952
10 60 0.7 0.75 48 50 31.57356477383884 0.0001166490121669028
10 60 0.7 0.75 50 52 27.50831404895125 0.0001007188152115646
10 60 0.7 0.75 52 54 24.06579547436734 8.75580852124358e-05
10 60 0.7 0.75 54 56 21.13602972547459 7.640817024423541e-05
10 60 0.7 0.75 56 58 18.63083741785577 6.88914595947665e-05
10 60 0.7 0.75 58 60 16.4791396622335 5.898771424028837e-05
10 60 0.7 0.75 60 65 33.61315087896124 0.0001195551258561522
10 60 0.7 0.75 65 70 25.38758587766699 8.973450577443032e-05
10 60 0.7 0.75 70 80 34.67184949368434 0.0001219356895774126
10 60 0.7 0.75 80 90 21.5396011273437 7.565073446613724e-05
10 60 0.7 0.75 90 100 13.99204470233386 4.93170424871181e-05
10 60 0.75 0.8 0 0.5 -61399.16126093676 0.9586049150530016
10 60 0.75 0.8 0.5 1 872.4308245614736 0.00329415401120059
10 60 0.75 0.8 1 1.5 5040.223426541048 0.1279731178556176
10 60 0.75 0.8 1.5 2 4721.245347093545 0.1921551440564144
10 60 0.75 0.8 2 2.5 4025.595194496831 0.1397871952076457
10 60 0.75 0.8 2.5 3 3396.711101023013 0.1145106616027078
10 60 0.75 0.8 3 3.5 2881.247462911832 0.09089360709231187
10 60 0.75 0.8 3.5 4 2464.950454975592 0.07091432653396623
10 60 0.75 0.8 4 4.5 2127.066819902441 0.05716846512268603
10 60 0.75 0.8 4.5 5 1849.99920681086 0.04662239359140585
10 60 0.75 0.8 5 5.5 1620.222574164241 0.03822046869254336
10 60 0.75 0.8 5.5 6 1427.620467781918 0.03111422349070381
10 60 0.75 0.8 6 6.5 1264.594503340787 0.02534898381441053
10 60 0.75 0.8 6.5 7 1125.414676608063 0.02085476327010838
10 60 0.75 0.8 7 7.5 1005.683847824982 0.01733701278385524
10 60 0.75 0.8 7.5 8 902.0021510641966 0.01447884922913545
10 60 0.75 0.8 8 8.5 811.689341602163 0.01206994281892548
10 60 0.75 0.8 8.5 9 732.6180880338786 0.01011651224780508
10 60 0.75 0.8 9 9.5 663.0722820839028 0.008560534956927768
10 60 0.75 0.8 9.5 10 601.6526431924873 0.007299735748006242
10 60 0.75 0.8 10 10.5 547.2124672002724 0.006264914215080353
10 60 0.75 0.8 10.5 11 498.7970644026013 0.005408267611642259
10 60 0.75 0.8 11 11.5 455.6073374418425 0.004636081246360391
10 60 0.75 0.8 11.5 12 416.9734309947696 0.01770050980024962
10 60 0.75 0.8 12 12.5 382.324826918372 0.01352563378554805
10 60 0.75 0.8 12.5 13 351.1730552956161 0.00998974030159161
10 60 0.75 0.8 13 13.5 323.1028303247965 0.007191820656089476
10 60 0.75 0.8 13.5 14 297.7562795060234 0.00514652414375405
10 60 0.75 0.8 14 14.5 274.8209865981884 0.003474300236916861
10 60 0.75 0.8 14.5 15 254.0270038906077 0.002028430727165187
10 60 0.75 0.8 15 16 453.1008072907899 0.004804097992632705
10 60 0.75 0.8 16 17 390.3015767021691 0.005224428698454631
10 60 0.75 0.8 17 18 337.8967716423014 0.0110842365511985
10 60 0.75 0.8 18 19 293.9033285987514 0.01389419638093159
10 60 0.75 0.8 19 20 256.7616442022644 0.001498601650951059
10 60 0.75 0.8 20 21 225.2419335181284 0.001371987007445341
10 60 0.75 0.8 21 22 198.3580769114765 0.001073825558080443
10 60 0.75 0.8 22 23 175.3231389073398 0.0009792473820198211
10 60 0.75 0.8 23 24 155.4983615681482 0.000865903345498964
10 60 0.75 0.8 24 25 138.3652579130533 0.0006933622747453683
10 60 0.75 0.8 25 26 123.5007285064466 0.0006942055631071753
10 60 0.75 0.8 26 27 110.5556026713353 0.0005785964330584648
10 60 0.75 0.8 27 28 99.24234729777298 0.0004811470865604406
10 60 0.75 0.8 28 29 89.32233637364558 0.0004554555683711214
10 60 0.75 0.8 29 30 80.5960829777321 0.0003809597636177386
10 60 0.75 0.8 30 31 72.89658997285466 0.0003505859865953198
10 60 0.75 0.8 31 32 66.08308717452407 0.0003407016528029772
10 60 0.75 0.8 32 33 60.03667411603605 0.0002898769761046083
10 60 0.75 0.8 33 34 54.65685115911043 0.0002457137228262241
10 60 0.75 0.8 34 35 49.85813506269463 0.0002308324984952037
10 60 0.75 0.8 35 36 45.56734728399627 0.0002069069146131142
10 60 0.75 0.8 36 37 41.7217979603758 0.0001774926385991193
10 60 0.75 0.8 37 38 38.26763973600414 0.0001682146000590024
10 60 0.75 0.8 38 39 35.15835954634728 0.0001550034950383861
10 60 0.75 0.8 39 40 32.3537436681375 0.0001376093688847391
10 60 0.75 0.8 40 42 57.34263625900791 0.0002439817767196928
10 60 0.75 0.8 42 44 48.99088674585666 0.0001949556707501188
10 60 0.75 0.8 44 46 42.08359470440775 0.00015889327337959
10 60 0.75 0.8 46 48 36.33352534474795 0.0001356935679552862
10 60 0.75 0.8 48 50 31.51747430687172 0.0001165695889042695
10 60 0.75 0.8 50 52 27.4606327944831 0.0001007818277791728
10 60 0.75 0.8 52 54 24.02512043258564 8.750810221869187e-05
10 60 0.75 0.8 54 56 21.10122353274148 7.637413361294421e-05
10 60 0.75 0.8 56 58 18.60102487849012 6.802077706424825e-05
10 60 0.75 0.8 58 60 16.45357049571274 6.025060174152941e-05
10 60 0.75 0.8 60 65 33.56326473198805 0.0001195853534241564
10 60 0.75 0.8 65 70 25.3524058171092 8.976318013509399e-05
10 60 0.75 0.8 70 80 34.62934997716184 0.0001219968260031123
10 60 0.75 0.8 80 90 21.51819426887636 7.571127014571744e-05
10 60 0.75 0.8 90 100 13.98157790683092 4.937838156848784e-05
10 60 0.8 0.85 0 0.5 -61181.89127134573 0.8882907031511422
10 60 0.8 0.85 0.5 1 891.2565850227837 0.00291710847216109
10 60 0.8 0.85 1 1.5 5036.25259095797 0.2241624988673721
10 60 0.8 0.85 1.5 2 4714.041981102435 0.1956413324533059
10 60 0.8 0.85 2 2.5 4018.308848231849 0.1425605519657438
10 60 0.8 0.85 2.5 3 3390.029888742889 0.10925598429003
10 60 0.8 0.85 3 3.5 2875.282957261634 0.08997594008314991
10 60 0.8 0.85 3.5 4 2459.676637360014 0.07264505835200907
10 60 0.8 0.85 4 4.5 2122.402499621754 0.05765554405297735
10 60 0.8 0.85 4.5 5 1845.862453410501 0.04649329144672265
10 60 0.8 0.85 5 5.5 1616.550685224672 0.03778309895619714
10 60 0.8 0.85 5.5 6 1424.343192407379 0.03104855935566775
10 60 0.8 0.85 6 6.5 1261.668234939868 0.02549643401835056
10 60 0.8 0.85 6.5 7 1122.788121562589 0.02084504938716236
10 60 0.8 0.85 7 7.5 1003.324539556056 0.01718337408340176
10 60 0.8 0.85 7.5 8 899.8743592944855 0.01435151213104291
10 60 0.8 0.85 8 8.5 809.767001994496 0.01208437046204835
10 60 0.8 0.85 8.5 9 730.8785731462619 0.01016123223814702
10 60 0.8 0.85 9 9.5 661.4921667938052 0.008560125213307401
10 60 0.8 0.85 9.5 10 600.2170400500793 0.007264055836230909
10 60 0.8 0.85 10 10.5 545.9049783847878 0.006224256573545972
10 60 0.8 0.85 10.5 11 497.6021584392505 0.00535544354988815
10 60 0.8 0.85 11 11.5 454.51592526812 0.004664210681482928
10 60 0.8 0.85 11.5 12 415.9744138933132 0.01783269361027351
10 60 0.8 0.85 12 12.5 381.4064162468199 0.01333714173193812
10 60 0.8 0.85 12.5 13 350.3296492629298 0.00988204702235862
10 60 0.8 0.85 13 13.5 322.328438593869 0.007329721748362772
10 60 0.8 0.85 13.5 14 297.0417370074101 0.005124163621132993
10 60 0.8 0.85 14 14.5 274.1607203378452 0.003302382778599622
10 60 0.8 0.85 14.5 15 253.4185865237743 0.002054681371191691
10 60 0.8 0.85 15 16 452.0175386369831 0.005086122197496934
10 60 0.8 0.85 16 17 389.3699559114105 0.005491975872644161
10 60 0.8 0.85 17 18 337.0942165983599 0.01078776780184398
10 60 0.8 0.85 18 19 293.2060547152664 0.01414325605395561
10 60 0.8 0.85 19 20 256.1558613237252 0.001522782484300933
10 60 0.8 0.85 20 21 224.7109905117427 0.001262594844206433
10 60 0.8 0.85 21 22 197.8935695445308 0.00111168251834215
10 60 0.8 0.85 22 23 174.9144803912419 0.0009311109175200727
10 60 0.8 0.85 23 24 155.1378376282877 0.0007907166758798212
10 60 0.8 0.85 24 25 138.0468564769975 0.0007797659144159752
10 60 0.8 0.85 25 26 123.2179260463859 0.0006115768931636012
10 60 0.8 0.85 26 27 110.3042012998424 0.0005618329788177334
10 60 0.8 0.85 27 28 99.01839191559925 0.000527788255922701
10 60 0.8 0.85 28 29 89.12185697032363 0.0004144841640680852
10 60 0.8 0.85 29 30 80.41619158078434 0.00037367040651759
10 60 0.8 0.85 30 31 72.73484868577741 0.0003444873153597428
10 60 0.8 0.85 31 32 65.93749116565881 0.0003074208632511954
10 60 0.8 0.85 32 33 59.90553415274848 0.0002910389667789559
10 60 0.8 0.85 33 34 54.5384533850475 0.0002610623790246791
10 60 0.8 0.85 34 35 49.75087796691381 0.0002139898135027352
10 60 0.8 0.85 35 36 45.47002257055238 0.0001927916044976996
10 60 0.8 0.85 36 37 41.63339274108503 0.0001786528061131776
10 60 0.8 0.85 37 38 38.18719341151737 0.0001576919932091414
10 60 0.8 0.85 38 39 35.08507799848771 0.0001476585483999315
10 60 0.8 0.85 39 40 32.28693193525245 0.0001359418572093318
10 60 0.8 0.85 40 42 57.22590917637235 0.0002311400167656075
10 60 0.8 0.85 42 44 48.89315358477941 0.0001885412007993637
10 60 0.8 0.85 44 46 42.0013650685942 0.0001588067197033638
10 60 0.8 0.85 46 48 36.26404215014056 0.0001356171721269561
10 60 0.8 0.85 48 50 31.45862153696994 0.0001165461872183471
10 60 0.8 0.85 50 52 27.41065559571872 0.0001007756248938563
10 60 0.8 0.85 52 54 23.9824840220595 8.752861163330294e-05
10 60 0.8 0.85 54 56 21.06468249911436 7.63734805602212e-05
10 60 0.8 0.85 56 58 18.56960123395089 6.695959088887093e-05
10 60 0.8 0.85 58 60 16.42655863824881 5.898121903058495e-05
10 60 0.8 0.85 60 65 33.5108298622136 0.0001195793186354877
10 60 0.8 0.85 65 70 25.31529006865863 8.977127392384432e-05
10 60 0.8 0.85 70 80 34.58449691934636 0.0001220699867516828
10 60 0.8 0.85 80 90 21.49550865221782 7.578879829139851e-05
10 60 0.8 0.85 90 100 13.97034496842621 4.943441638616264e-05
10 60 0.85 0.9 0 0.5 -60951.39712005258 0.803966754618159
10 60 0.85 0.9 0.5 1 911.2547521315743 0.0005329115181211819
10 60 0.85 0.9 1 1.5 5032.087780976814 0.2458155890371927
10 60 0.85 0.9 1.5 2 4706.423953575162 0.1837530500233697
10 60 0.85 0.9 2 2.5 4010.59555658523 0.1506156956502309
10 60 0.85 0.9 2.5 3 3382.954900847272 0.1124600185521558
10 60 0.85 0.9 3 3.5 2868.970050094194 0.0878554196042387
10 60 0.85 0.9 3.5 4 2454.085564069893 0.07177723494532984
10 60 0.85 0.9 4 4.5 2117.465281565801 0.0581012650231969
10 60 0.85 0.9 4.5 5 1841.484293660071 0.04656217158435538
10 60 0.85 0.9 5 5.5 1612.662201900964 0.03767971232241507
10 60 0.85 0.9 5.5 6 1420.877638889392 0.03060921067913114
10 60 0.85 0.9 6 6.5 1258.569772966858 0.0252153990052193
10 60 0.85 0.9 6.5 7 1120.010385433368 0.02093157606941531
10 60 0.85 0.9 7 7.5 1000.828131769681 0.01733454673706092
10 60 0.85 0.9 7.5 8 897.6227023309523 0.01430226600155038
10 60 0.85 0.9 8 8.5 807.7351892076858 0.01193320565732847
10 60 0.85 0.9 8.5 9 729.0364669460879 0.01008501092474035
10 60 0.85 0.9 9 9.5 659.8217396672741 0.008595767451083702
10 60 0.85 0.9 9.5 10 598.6990150607593 0.007291740590744666
10 60 0.85 0.9 10 10.5 544.5201282561549 0.006242786603820605
10 60 0.85 0.9 10.5 11 496.3401077149994 0.005358433999106182
10 60 0.85 0.9 11 11.5 453.3627415731049 0.004619697977375381
10 60 0.85 0.9 11.5 12 414.9161659385965 0.0175409562243658
10 60 0.85 0.9 12 12.5 380.4369283477911 0.01329147025910515
10 60 0.85 0.9 12.5 13 349.440151751322 0.01005571552354922
10 60 0.85 0.9 13 13.5 321.5080566857717 0.007195284019871906
10 60 0.85 0.9 13.5 14 296.2858309656697 0.004981947340354509
10 60 0.85 0.9 14 14.5 273.4654589857249 0.003432812750418179
10 60 0.85 0.9 14.5 15 252.776080213148 0.002101873941228405
10 60 0.85 0.9 15 16 450.8710947722139 0.004315567575588375
10 60 0.85 0.9 16 17 388.387496129219 0.004950803517488112
10 60 0.85 0.9 17 18 336.2444664405089 0.01120380902858642
10 60 0.85 0.9 18 19 292.4715693240389 0.01375180214830607
10 60 0.85 0.9 19 20 255.5152404105708 0.001494778071133851
10 60 0.85 0.9 20 21 224.1522407378702 0.001259769747690598
10 60 0.85 0.9 21 22 197.4031559123998 0.001072614829553231
10 60 0.85 0.9 22 23 174.4833421631722 0.0009154740939436579
10 60 0.85 0.9 23 24 154.7579447016174 0.0008538139666143252
10 60 0.85 0.9 24 25 137.7104655787242 0.0006824648093299857
10 60 0.85 0.9 25 26 122.9199520349127 0.0006432331763619459
10 60 0.85 0.9 26 27 110.0392916647583 0.0005537986229029457
10 60 0.85 0.9 27 28 98.78220682996727 0.0004679479178548718
10 60 0.85 0.9 28 29 88.91109040111189 0.0004525628726952391
10 60 0.85 0.9 29 30 80.2273158613951 0.00037556854739762
10 60 0.85 0.9 30 31 72.56495016459372 0.0003217689797452294
10 60 0.85 0.9 31 32 65.78440259643261 0.0002959660101140571
10 60 0.85 0.9 32 33 59.76748928167197 0.0002650453669446051
10 60 0.85 0.9 33 34 54.41391378748202 0.0002455567569654704
10 60 0.85 0.9 34 35 49.63835651931486 0.0002257843075810229
10 60 0.85 0.9 35 36 45.36805128589093 0.0001916269799338011
10 60 0.85 0.9 36 37 41.54075197581246 0.0001697712018540187
10 60 0.85 0.9 37 38 38.10290957612142 0.000154144678745638
10 60 0.85 0.9 38 39 35.0082827220307 0.0001390689365408093
10 60 0.85 0.9 39 40 32.21689267019239 0.0001267869784626896
10 60 0.85 0.9 40 42 57.10360818721251 0.0002219066621407251
10 60 0.85 0.9 42 44 48.79089966523264 0.0001872328271019796
10 60 0.85 0.9 44 46 41.91548790788369 0.0001588734625244115
10 60 0.85 0.9 46 48 36.19155196138797 0.0001355947086238984
10 60 0.85 0.9 48 50 31.3971361091347 0.0001165139005756544
10 60 0.85 0.9 50 52 27.35836878743982 0.0001007273820192722
10 60 0.85 0.9 52 54 23.93785790045305 8.752137699730156e-05
10 60 0.85 0.9 54 56 21.02642699956748 7.638039998170143e-05
10 60 0.85 0.9 56 58 18.53668850383465 6.696017524276954e-05
10 60 0.85 0.9 58 60 16.39814852219648 5.896530543125778e-05
10 60 0.85 0.9 60 65 33.45570102955508 0.0001195840149321725
10 60 0.85 0.9 65 70 25.2764597243677 8.980173451078599e-05
10 60 0.85 0.9 70 80 34.53733720618551 0.0001221549866912142
10 60 0.85 0.9 80 90 21.47159884825241 7.587202648196012e-05
10 60 0.85 0.9 90 100 13.95838610560194 4.949270645049353e-05
10 60 0.9 0.95 0 0.5 -60707.87272371387 0.7224654398742132
10 60 0.9 0.95 0.5 1 932.4170473213034 0.001647325497401653
10 60 0.9 0.95 1 1.5 5027.696927011239 0.01660884514603822
10 60 0.9 0.95 1.5 2 4698.402059790564 0.1830353792111055
10 60 0.9 0.95 2 2.5 4002.460275026233 0.145075557954442
10 60 0.9 0.95 2.5 3 3375.49218563681 0.1161928309097675
10 60 0.9 0.95 3 3.5 2862.314845521628 0.08872684722018676
10 60 0.9 0.95 3.5 4 2448.190005628573 0.07026321270723201
10 60 0.9 0.95 4 4.5 2112.252023833817 0.05739417925451562
10 60 0.9 0.95 4.5 5 1836.872128132342 0.04680740972116837
10 60 0.9 0.95 5 5.5 1608.55858643986 0.03788303969713525
10 60 0.9 0.95 5.5 6 1417.226540378344 0.03097022568022112
10 60 0.9 0.95 6 6.5 1255.301447073207 0.02525811754890128
10 60 0.9 0.95 6.5 7 1117.084703287464 0.02070808044641126
10 60 0.9 0.95 7 7.5 998.1940722930233 0.01720979997708127
10 60 0.9 0.95 7.5 8 895.2522148169838 0.01440974023159924
10 60 0.9 0.95 8 8.5 805.5914826405018 0.01202886006319659
10 60 0.9 0.95 8.5 9 727.0958275478307 0.01004668554969612
10 60 0.9 0.95 9 9.5 658.0625124982787 0.008505358550110032
10 60 0.9 0.95 9.5 10 597.0967969628637 0.007256484845015621
10 60 0.9 0.95 10 10.5 543.0628302063468 0.006230587282061606
10 60 0.9 0.95 10.5 11 495.0109157706339 0.005347207609190718
10 60 0.9 0.95 11 11.5 452.1453928635116 0.004623116139441663
10 60 0.9 0.95 11.5 12 413.803705330987 0.01758154047558946
10 60 0.9 0.95 12 12.5 379.417368299501 0.01345774289256951
10 60 0.9 0.95 12.5 13 348.5011655228639 0.009797162458767161
10 60 0.9 0.95 13 13.5 320.6451985448671 0.007129441721758667
10 60 0.9 0.95 13.5 14 295.4925225175788 0.005144871123718531
10 60 0.9 0.95 14 14.5 272.7322156829035 0.003376129770629177
10 60 0.9 0.95 14.5 15 252.0982345926168 0.001972412750347985
10 60 0.9 0.95 15 16 449.6672897368629 0.005088138275766596
10 60 0.9 0.95 16 17 387.3508453885236 0.005568604724942361
10 60 0.9 0.95 17 18 335.3520483169208 0.01074934058692634
10 60 0.9 0.95 18 19 291.6971483475363 0.01403220688274587
10 60 0.9 0.95 19 20 254.8429893475091 0.001493515417081426
10 60 0.9 0.95 20 21 223.5647321873093 0.001258722283523639
10 60 0.9 0.95 21 22 196.8882593550585 0.001071816528195768
10 60 0.9 0.95 22 23 174.0305112759866 0.0009149071140654996
10 60 0.9 0.95 23 24 154.3582503357605 0.000787624564111411
10 60 0.9 0.95 24 25 137.3574362146317 0.0007193929216668948
10 60 0.9 0.95 25 26 122.6068567135408 0.0005938642417646633
10 60 0.9 0.95 26 27 109.761124034554 0.0005331586810655153
10 60 0.9 0.95 27 28 98.53451734649893 0.0004882877182126322
10 60 0.9 0.95 28 29 88.68979165021479 0.0004085205056583163
10 60 0.9 0.95 29 30 80.02931521618228 0.0003859997660526915
10 60 0.9 0.95 30 31 72.38724050967529 0.000332115734821059
10 60 0.9 0.95 31 32 65.62430720929991 0.0002836924647482419
10 60 0.9 0.95 32 33 59.62301602807562 0.0002538012644777154
10 60 0.9 0.95 33 34 54.28347578513198 0.0002278517698854898
10 60 0.9 0.95 34 35 49.52051580546876 0.0002154107937997196
10 60 0.9 0.95 35 36 45.26142682734267 0.0001968715711768709
10 60 0.9 0.95 36 37 41.44402827067661 0.0001685327981206797
10 60 0.9 0.95 37 38 38.01495206440439 0.0001526082072516033
10 60 0.9 0.95 38 39 34.92817480198533 0.0001388641150086301
10 60 0.9 0.95 39 40 32.14383849028847 0.0001268166453627373
10 60 0.9 0.95 40 42 56.97601041565348 0.0002220869881455201
10 60 0.9 0.95 42 44 48.68433454447555 0.0001869647122916263
10 60 0.9 0.95 44 46 41.82605422324846 0.0001587552815607296
10 60 0.9 0.95 46 48 36.11609449517393 0.0001355868132009164
10 60 0.9 0.95 48 50 31.33313546761899 0.0001165599952486218
10 60 0.9 0.95 50 52 27.30380032437692 0.0001006855614562596
10 60 0.9 0.95 52 54 23.89122700822729 8.74848057819122e-05
10 60 0.9 0.95 54 56 20.98646438542388 7.638853345426355e-05
10 60 0.9 0.95 56 58 18.50229747067315 6.69702683708806e-05
10 60 0.9 0.95 58 60 16.36845989073051 5.897960105016864e-05
10 60 0.9 0.95 60 65 33.3978762004235 0.0001196027476808581
10 60 0.9 0.95 65 70 25.23605242763045 8.980633538868688e-05
10 60 0.9 0.95 70 80 34.48793612750271 0.0001222243530776268
10 60 0.9 0.95 80 90 21.44648394602057 7.595365428159084e-05
10 60 0.9 0.95 90 100 13.94575936677348 4.956100959319087e-05
10 60 0.95 1 0 0.5 -60451.5782422984 0.7019864184476319
10 60 0.95 1 0.5 1 954.7206821147045 0.0461562758441687
10 60 0.95 1 1 1.5 5023.112120622505 0.2477428955407959
10 60 0.95 1 1.5 2 4689.969886467199 0.1965940518739444
10 60 0.95 1 2 2.5 3993.911655404245 0.1386811404131549
10 60 0.95 1 2.5 3 3367.644391444568 0.1127472158259479
10 60 0.95 1 3 3.5 2855.317442070257 0.0909089697042873
10 60 0.95 1 3.5 4 2441.998589725542 0.07091967055202986
10 60 0.95 1 4 4.5 2106.76976356577 0.05657307481351381
10 60 0.95 1 4.5 5 1832.021027707743 0.04639108954324911
10 60 0.95 1 5 5.5 1604.250000319462 0.03785850108442901
10 60 0.95 1 5.5 6 1413.385272499731 0.03074527062267407
10 60 0.95 1 6 6.5 1251.871288100999 0.02528784487776647
10 60 0.95 1 6.5 7 1114.007007550156 0.02076011744156858
10 60 0.95 1 7 7.5 995.4293001893632 0.01710506107144738
10 60 0.95 1 7.5 8 892.7606181649788 0.01421249143061232
10 60 0.95 1 8 8.5 803.3390867353672 0.01193980180755716
10 60 0.95 1 8.5 9 725.0596429011634 0.01007976969003721
10 60 0.95 1 9 9.5 656.211603538846 0.008509716634989672
10 60 0.95 1 9.5 10 595.416272385341 0.007211026285062871
10 60 0.95 1 10 10.5 541.5329530080801 0.006175656279083341
10 60 0.95 1 10.5 11 493.6123208128001 0.005335811317650041
10 60 0.95 1 11 11.5 450.870058159829 0.004630535221224363
10 60 0.95 1 11.5 12 412.6362709298058 0.01767576147142336
10 60 0.95 1 12 12.5 378.3445596036549 0.01309381579250157
10 60 0.95 1 12.5 13 347.5180679050696 0.009866600153998206
10 60 0.95 1 13 13.5 319.7416511232269 0.007271510560030947
10 60 0.95 1 13.5 14 294.6580985976632 0.004953114307397755
10 60 0.95 1 14 14.5 271.962980963727 0.003300886108718259
10 60 0.95 1 14.5 15 251.3892073639102 0.002094713346139088
10 60 0.95 1 15 16 448.40200115203 0.004468947239615773
10 60 0.95 1 16 17 386.2656100831909 0.005118685768820797
10 60 0.95 1 17 18 334.4146047353875 0.01109333969628779
10 60 0.95 1 18 19 290.8864478085737 0.01378897452582351
10 60 0.95 1 19 20 254.137851242109 0.001492493593872268
10 60 0.95 1 20 21 222.9496853456526 0.001254956231122151
10 60 0.95 1 21 22 196.3493382815109 0.001067417061960896
10 60 0.95 1 22 23 173.556254279724 0.0009146508529340736
10 60 0.95 1 23 24 153.9402436986942 0.0007866163161054374
10 60 0.95 1 24 25 136.9876836589955 0.0006807714438537005
10 60 0.95 1 25 26 122.2793426971062 0.0006000322325689922
10 60 0.95 1 26 27 109.4701578467393 0.0005201132972274536
10 60 0.95 1 27 28 98.27533269040707 0.0004594694157162849
10 60 0.95 1 28 29 88.4584391340104 0.0004185518627366491
10 60 0.95 1 29 30 79.82222321875376 0.0003561139671148794
10 60 0.95 1 30 31 72.20161150926768 0.0003237833171993998
10 60 0.95 1 31 32 65.4575355194351 0.0002854805326393262
10 60 0.95 1 32 33 59.47263304323432 0.0002532203527749743
10 60 0.95 1 33 34 54.14753197591562 0.0002280518755100047
10 60 0.95 1 34 35 49.39753656567152 0.0002048923091138022
10 60 0.95 1 35 36 45.15015111743514 0.0001856075410771041
10 60 0.95 1 36 37 41.34322189704942 0.0001681773544461862
10 60 0.95 1 37 38 37.92344552054411 0.0001524721193959522
10 60 0.95 1 38 39 34.84491966943762 0.0001388022536801259
10 60 0.95 1 39 40 32.06796970829589 0.0001266464231903797
10 60 0.95 1 40 42 56.8435585010029 0.000221892379229871
10 60 0.95 1 42 44 48.57355955379004 0.0001868495049421881
10 60 0.95 1 44 46 41.73311607776465 0.0001586189418532058
10 60 0.95 1 46 48 36.03767757262735 0.0001354981836740876
10 60 0.95 1 48 50 31.26657936441933 0.0001164855768145401
10 60 0.95 1 50 52 27.24705871713166 0.000100690177863072
10 60 0.95 1 52 54 23.84264949809771 8.748211507736414e-05
10 60 0.95 1 54 56 20.94478333586281 7.637881562416737e-05
10 60 0.95 1 56 58 18.46645432625088 6.698312790831551e-05
10 60 0.95 1 58 60 16.33754778782108 5.898822472971688e-05
10 60 0.95 1 60 65 33.33758276738508 0.0001196246242400889
10 60 0.95 1 65 70 25.19396635594238 8.984315853766134e-05
10 60 0.95 1 70 80 34.43647475379529 0.0001222939733764861
10 60 0.95 1 80 90 21.42017406728284 7.603605259731694e-05
10 60 0.95 1 90 100 13.93246883334071 4.963949580094607e-05
10 60 1 1.1 0 0.5 -120084.9591321558 3.954499238810968
10 60 1 1.1 0.5 1 1980.725200087321 0.006404395714753264
10 60 1 1.1 1 1.5 10031.67907324503 0.4791503081250994
10 60 1 1.1 1.5 2 9353.035685351209 0.3671874046667654
10 60 1 1.1 2 2.5 7960.558764229501 0.2919653119952272
10 60 1 1.1 2.5 3 6710.259821450054 0.2203717686970776
10 60 1 1.1 3 3.5 5688.293248353898 0.1742381283002032
10 60 1 1.1 3.5 4 4864.230992322729 0.1422405369785338
10 60 1 1.1 4 4.5 4196.069756889813 0.114696751576048
10 60 1 1.1 4.5 5 3648.549136699195 0.09186232481988554
10 60 1 1.1 5 5.5 3194.753152684772 0.07444427091604666
10 60 1 1.1 5.5 6 2814.517607160189 0.06118839824148381
10 60 1 1.1 6 6.5 2492.796004685702 0.05421515194348103
10 60 1 1.1 6.5 7 2218.199965308608 0.0466820062511033
10 60 1 1.1 7 7.5 1982.041779359686 0.04383041763844631
10 60 1 1.1 7.5 8 1777.571420194109 0.03688561487660991
10 60 1 1.1 8 8.5 1599.505171494974 0.0363537129139786
10 60 1 1.1 8.5 9 1443.617931063797 0.02943925792806112
10 60 1 1.1 9 9.5 1306.531602659453 0.02920913512662082
10 60 1 1.1 9.5 10 1185.476063637552 0.02557950879804594
10 60 1 1.1 10 10.5 1078.184891632103 0.0219359450304637
10 60 1 1.1 10.5 11 982.778039080617 0.02270029434794196
10 60 1 1.1 11 11.5 897.6731164609951 0.0184593183017796
10 60 1 1.1 11.5 12 821.5491114005611 0.03477428371922997
10 60 1 1.1 12 12.5 753.2804897845696 0.02650602821472603
10 60 1 1.1 12.5 13 691.9042613884864 0.01952702182472876
10 60 1 1.1 13 13.5 636.6020697682948 0.01422584299302798
10 60 1 1.1 13.5 14 586.665818550684 0.01329107763478987
10 60 1 1.1 14 14.5 541.4811141905487 0.01126500108284745
10 60 1 1.1 14.5 15 500.5182200095098 0.009648196099419692
10 60 1 1.1 15 16 892.7825770188406 0.01909287693604256
10 60 1 1.1 16 17 769.0767116403604 0.01509526110714887
10 60 1 1.1 17 18 665.8522112659861 0.0216590701406858
10 60 1 1.1 18 19 579.1942998053787 0.02769616605576175
10 60 1 1.1 19 20 506.0351689591425 0.01045206661268594
10 60 1 1.1 20 21 443.9445834720713 0.008558232645384578
10 60 1 1.1 21 22 390.9875913838771 0.007738529179107445
10 60 1 1.1 22 23 345.6094991651574 0.006461246871367621
10 60 1 1.1 23 24 306.5552221900149 0.005694136874012656
10 60 1 1.1 24 25 272.8037319492029 0.004965589160633499
10 60 1 1.1 25 26 243.5201223967822 0.004415884999616537
10 60 1 1.1 26 27 218.0176927989615 0.003966176836115665
10 60 1 1.1 27 28 195.7291427251188 0.003452092010718388
10 60 1 1.1 28 29 176.1838282279979 0.003093028940952536
10 60 1 1.1 29 30 158.9890219850113 0.002740557539311794
10 60 1 1.1 30 31 143.8158749460463 0.002429969690808775
10 60 1 1.1 31 32 130.387683347849 0.002148178409953516
10 60 1 1.1 32 33 118.470772073855 0.001933666695123293
10 60 1 1.1 33 34 107.8669577274602 0.001699729782870918
10 60 1 1.1 34 35 98.407737248958 0.001417750391283334
10 60 1 1.1 35 36 89.94934731106657 0.001226489797474528
10 60 1 1.1 36 37 82.36836028741598 0.001155165982268613
10 60 1 1.1 37 38 75.558451204093 0.001096035753377578
10 60 1 1.1 38 39 69.42793435867824 0.001010524599749374
10 60 1 1.1 39 40 63.89763330530074 0.0009138600884526227
10 60 1 1.1 40 42 113.2712528037108 0.001524198186189096
10 60 1 1.1 42 44 96.79903705831912 0.001303080376032995
10 60 1 1.1 44 46 83.17335927098215 0.00109201762217026
10 60 1 1.1 46 48 71.82807885465439 0.000998685883445205
10 60 1 1.1 48 50 62.32341985592268 0.0008507910769921523
10 60 1 1.1 50 52 54.31530207255646 0.0006936825726597817
10 60 1 1.1 52 54 47.53221647473742 0.000571355335523549
10 60 1 1.1 54 56 41.75812516658088 0.0004857787197138919
10 60 1 1.1 56 58 36.8198531368532 0.0004295932930702406
10 60 1 1.1 58 60 32.57766470737247 0.0003751690459239398
10 60 1 1.1 60 65 66.48526827667901 0.0007428342729411952
10 60 1 1.1 65 70 50.25450133231887 0.0005198945880238171
10 60 1 1.1 70 80 68.71089210442594 0.000649289240200801
10 60 1 1.1 80 90 42.75686814090101 0.0003786823171836318
10 60 1 1.1 90 100 27.82233162686609 0.0002274607756582725
10 60 1.1 1.2 0 0.5 -118914.3221263747 4.047340736156912
10 60 1.1 1.2 0.5 1 2083.007898729821 0.0793796458392535
10 60 1.1 1.2 1 1.5 10010.86241212465 0.4929753927553975
10 60 1.1 1.2 1.5 2 9314.596531840296 0.3796106091958791
10 60 1.1 1.2 2 2.5 7921.571887231183 0.279931159861917
10 60 1.1 1.2 2.5 3 6674.471890752058 0.2235154514000897
10 60 1.1 1.2 3 3.5 5656.355027153106 0.1789497743602624
10 60 1.1 1.2 3.5 4 4835.944900552436 0.1405866758423144
10 60 1.1 1.2 4 4.5 4171.056346359411 0.1120593745690712
10 60 1.1 1.2 4.5 5 3626.407749260118 0.09137259175440704
10 60 1.1 1.2 5 5.5 3175.075523986675 0.07499731294456069
10 60 1.1 1.2 5.5 6 2796.994361090174 0.06104862973370473
10 60 1.1 1.2 6 6.5 2477.137337177084 0.05201142085934407
10 60 1.1 1.2 6.5 7 2204.169144067893 0.0451224815178648
10 60 1.1 1.2 7 7.5 1969.433456823197 0.0416605513983086
10 60 1.1 1.2 7.5 8 1766.21419479421 0.03648619325485924
10 60 1.1 1.2 8 8.5 1589.245645149744 0.03277470937337057
10 60 1.1 1.2 8.5 9 1434.337354971784 0.03101965347582336
10 60 1.1 1.2 9 9.5 1298.110396762193 0.02537579631325571
10 60 1.1 1.2 9.5 10 1177.827100874184 0.02638114591150043
10 60 1.1 1.2 10 10.5 1071.219768624848 0.02106442139142928
10 60 1.1 1.2 10.5 11 976.4235000692222 0.02043876947334411
10 60 1.1 1.2 11 11.5 891.8693395013827 0.01938742367735813
10 60 1.1 1.2 11.5 12 816.2362360416224 0.0343684731257099
10 60 1.1 1.2 12 12.5 748.4105994134129 0.02617290872331068
10 60 1.1 1.2 12.5 13 687.4354821937623 0.01949229905096672
10 60 1.1 1.2 13 13.5 632.4936079916716 0.01404318949687422
10 60 1.1 1.2 13.5 14 582.8836105740844 0.01207572685882496
10 60 1.1 1.2 14 14.5 537.9954397680556 0.01127855030586034
10 60 1.1 1.2 14.5 15 497.3007086993922 0.009451165976486209
10 60 1.1 1.2 15 16 887.0554551984181 0.01772078658575538
10 60 1.1 1.2 16 17 764.1602024698984 0.01437910402876241
10 60 1.1 1.2 17 18 661.6129430294692 0.02166184978705132
10 60 1.1 1.2 18 19 575.5247648819046 0.02753989737254869
10 60 1.1 1.2 19 20 502.8464261798936 0.009570766613592241
10 60 1.1 1.2 20 21 441.1644207574481 0.008022796453417413
10 60 1.1 1.2 21 22 388.555614775618 0.007222449744290316
10 60 1.1 1.2 22 23 343.4751175083595 0.006180341858339489
10 60 1.1 1.2 23 24 304.6755572873417 0.005435120258368897
10 60 1.1 1.2 24 25 271.1427717098989 0.004632074735411607
10 60 1.1 1.2 25 26 242.0480638453323 0.00402029831397499
10 60 1.1 1.2 26 27 216.7098967976827 0.003507516311117342
10 60 1.1 1.2 27 28 194.5650373112072 0.003162046928849804
10 60 1.1 1.2 28 29 175.1454344271151 0.002800784110178256
10 60 1.1 1.2 29 30 158.060919358656 0.002498860456626062
10 60 1.1 1.2 30 31 142.98466204363 0.002248819302451466
10 60 1.1 1.2 31 32 129.6417607490711 0.001976289290126942
10 60 1.1 1.2 32 33 117.800112238651 0.001729454341003134
10 60 1.1 1.2 33 34 107.2629425649203 0.001533119057015142
10 60 1.1 1.2 34 35 97.86275179691599 0.001397950138212423
10 60 1.1 1.2 35 36 89.45642608307458 0.001262954863634036
10 60 1.1 1.2 36 37 81.92141019269187 0.001088712464962782
10 60 1.1 1.2 37 38 75.15247285372162 0.0009506507717418344
10 60 1.1 1.2 38 39 69.05882031357962 0.0009013579745129618
10 60 1.1 1.2 39 40 63.5617398365544 0.0008909449557279459
10 60 1.1 1.2 40 42 112.685718845539 0.001590943884849594
10 60 1.1 1.2 42 44 96.30914679158911 0.001303090642522875
10 60 1.1 1.2 44 46 82.76079395112664 0.00105544819142267
10 60 1.1 1.2 46 48 71.47896701135507 0.0008742599857782807
10 60 1.1 1.2 48 50 62.02709494527807 0.000743170941866822
10 60 1.1 1.2 50 52 54.06304869057099 0.0006557349733711249
10 60 1.1 1.2 52 54 47.31666802368366 0.0005548561958192977
10 60 1.1 1.2 54 56 41.5732128598804 0.0004671579603083842
10 60 1.1 1.2 56 58 36.66067264174154 0.0003943557032357603
10 60 1.1 1.2 58 60 32.44029828299963 0.0003316090544842609
10 60 1.1 1.2 60 65 66.21747230137724 0.0006865262505328928
10 60 1.1 1.2 65 70 50.06609485196315 0.0004931243275549946
10 60 1.1 1.2 70 80 68.48193530110075 0.0006580861512759384
10 60 1.1 1.2 80 90 42.63801469256617 0.0003466376344221089
10 60 1.1 1.2 90 100 27.76090048573377 0.0002490608274037243
10 60 1.2 1.3 0 0.5 -117647.5162727825 3.972812128413352
10 60 1.2 1.3 0.5 1 2194.040219894606 0.05938555304328474
10 60 1.2 1.3 1 1.5 9988.631607410431 0.4820847908904398
10 60 1.2 1.3 1.5 2 9273.220031300192 0.3612330576561362
10 60 1.2 1.3 2 2.5 7879.514293804972 0.28371123918987
10 60 1.2 1.3 2.5 3 6635.837883815129 0.2199282119327108
10 60 1.2 1.3 3 3.5 5621.864435108668 0.1716080285250428
10 60 1.2 1.3 3.5 4 4805.420209266254 0.1387859711658166
10 60 1.2 1.3 4 4.5 4144.069465202877 0.1130433833759525
10 60 1.2 1.3 4.5 5 3602.493506890034 0.09142345994814605
10 60 1.2 1.3 5 5.5 3153.848694093143 0.07367843404972518
10 60 1.2 1.3 5.5 6 2778.090030702664 0.05974930555339597
10 60 1.2 1.3 6 6.5 2460.2444531125 0.04941766452884622
10 60 1.2 1.3 6.5 7 2189.041033003419 0.04625941874792261
10 60 1.2 1.3 7 7.5 1955.838520311771 0.03706826466145685
10 60 1.2 1.3 7.5 8 1753.974635400576 0.03768968460599353
10 60 1.2 1.3 8 8.5 1578.192296629308 0.02968300914017163
10 60 1.2 1.3 8.5 9 1424.336754295074 0.03028830949983785
10 60 1.2 1.3 9 9.5 1289.042683107397 0.02474887052562735
10 60 1.2 1.3 9.5 10 1169.586393421062 0.02377759193973361
10 60 1.2 1.3 10 10.5 1063.720706203599 0.02177053997593248
10 60 1.2 1.3 10.5 11 969.5832274975107 0.01816022244759097
10 60 1.2 1.3 11 11.5 885.6217266206137 0.01848570104323244
10 60 1.2 1.3 11.5 12 810.5209341482189 0.0341540159259921
10 60 1.2 1.3 12 12.5 743.1724671481462 0.02587630334835467
10 60 1.2 1.3 12.5 13 682.6288799646192 0.01937040931773026
10 60 1.2 1.3 13 13.5 628.0765671180197 0.01393187330768342
10 60 1.2 1.3 13.5 14 578.8184693181506 0.01096500146240942
10 60 1.2 1.3 14 14.5 534.2498554396036 0.01064690534201418
10 60 1.2 1.3 14.5 15 493.8453203616668 0.009252311508646471
10 60 1.2 1.3 15 16 880.9104607631974 0.01669501541107365
10 60 1.2 1.3 16 17 758.8891760247417 0.0137729179488133
10 60 1.2 1.3 17 18 657.0693604608583 0.02161515055786367
10 60 1.2 1.3 18 19 571.5928587477771 0.02740478782709488
10 60 1.2 1.3 19 20 499.431757222527 0.008861284126624014
10 60 1.2 1.3 20 21 438.1883546916313 0.007522813870252776
10 60 1.2 1.3 21 22 385.9527927070802 0.006568776627318584
10 60 1.2 1.3 22 23 341.1918139582074 0.005678406718345741
10 60 1.2 1.3 23 24 302.6666467688913 0.004984808896949744
10 60 1.2 1.3 24 25 269.3701838964317 0.004346980250204524
10 60 1.2 1.3 25 26 240.4792157996371 0.003744303381779446
10 60 1.2 1.3 26 27 215.3173001622849 0.003240619511245768
10 60 1.2 1.3 27 28 193.3255160114446 0.002830643794482057
10 60 1.2 1.3 28 29 174.0397605164103 0.002445115438945322
10 60 1.2 1.3 29 30 157.0728346971331 0.002180258414227865
10 60 1.2 1.3 30 31 142.10013380882 0.001965957017034725
10 60 1.2 1.3 31 32 128.8485686643402 0.001776892281725395
10 60 1.2 1.3 32 33 117.0875491280786 0.001624527430394096
10 60 1.2 1.3 33 34 106.6215615653371 0.001499411758942415
10 60 1.2 1.3 34 35 97.28425192975202 0.00138727433258623
10 60 1.2 1.3 35 36 88.93358947478315 0.001260926372907534
10 60 1.2 1.3 36 37 81.44793692117706 0.00114193636302673
10 60 1.2 1.3 37 38 74.72270569406282 0.001040842138394282
10 60 1.2 1.3 38 39 68.667725057265 0.0009239790309720775
10 60 1.2 1.3 39 40 63.20507250182587 0.0007884570763678767
10 60 1.2 1.3 40 42 112.0625603792963 0.001353862192488009
10 60 1.2 1.3 42 44 95.78815055407362 0.001256121290623469
10 60 1.2 1.3 44 46 82.32292168924958 0.001033569026475334
10 60 1.2 1.3 46 48 71.10877194083379 0.0007948299167708228
10 60 1.2 1.3 48 50 61.71272894679581 0.0006761825891459239
10 60 1.2 1.3 50 52 53.79518886072307 0.0005850215581304496
10 60 1.2 1.3 52 54 47.08783203585853 0.0005233466463749892
10 60 1.2 1.3 54 56 41.37710724275212 0.0004400166394873395
10 60 1.2 1.3 56 58 36.492040574608 0.0003780224820246758
10 60 1.2 1.3 58 60 32.29480360697682 0.0003319146095108749
10 60 1.2 1.3 60 65 65.93323623105584 0.00062656332330846
10 60 1.2 1.3 65 70 49.8658664078979 0.0004764556644971663
10 60 1.2 1.3 70 80 68.23724699448118 0.0006501671611545135
10 60 1.2 1.3 80 90 42.5105477267172 0.0003831911357892182
10 60 1.2 1.3 90 100 27.69347427864687 0.0002894634491532599
10 60 1.3 1.4 0 0.5 -116285.8449698026 3.764871986291837
10 60 1.3 1.4 0.5 1 2313.403604253828 0.08968295961540207
10 60 1.3 1.4 1 1.5 9965.055598073635 0.4939600883189996
10 60 1.3 1.4 1.5 2 9228.936212677312 0.3741877834800107
10 60 1.3 1.4 2 2.5 7834.492259090895 0.281607290696229
10 60 1.3 1.4 2.5 3 6594.480437197351 0.2182388313131014
10 60 1.3 1.4 3 3.5 5584.939113430655 0.1742183594578819
10 60 1.3 1.4 3.5 4 4772.725721921737 0.1390197146738501
10 60 1.3 1.4 4 4.5 4115.154041332697 0.1106906051099941
10 60 1.3 1.4 4.5 5 3576.895804693635 0.08946814984119555
10 60 1.3 1.4 5 5.5 3131.122598580147 0.07325545052617599
10 60 1.3 1.4 5.5 6 2757.847874873244 0.06022074201609939
10 60 1.3 1.4 6 6.5 2442.176193577443 0.04948200681883463
10 60 1.3 1.4 6.5 7 2172.852356868066 0.04167883305035502
10 60 1.3 1.4 7 7.5 1941.303583693618 0.03786420912138055
10 60 1.3 1.4 7.5 8 1740.882704167353 0.0335782132112854
10 60 1.3 1.4 8 8.5 1566.380077955203 0.03035103496949887
10 60 1.3 1.4 8.5 9 1413.648436733348 0.02697656576356167
10 60 1.3 1.4 9 9.5 1279.355201605581 0.02508948204467742
10 60 1.3 1.4 9.5 10 1160.784454809566 0.02103789505417808
10 60 1.3 1.4 10 10.5 1055.711438850878 0.02084573322099459
10 60 1.3 1.4 10.5 11 962.2824518469224 0.01734799122152708
10 60 1.3 1.4 11 11.5 878.9545965601656 0.01688710929579429
10 60 1.3 1.4 11.5 12 804.4237567571423 0.03395770873078163
10 60 1.3 1.4 12 12.5 737.5867004974023 0.0256327678089292
10 60 1.3 1.4 12.5 13 677.5039612401361 0.01909532948366177
10 60 1.3 1.4 13 13.5 623.3682933081459 0.01381255884848542
10 60 1.3 1.4 13.5 14 574.4865915552193 0.01018176708078045
10 60 1.3 1.4 14 14.5 530.2590365211196 0.009777327942401826
10 60 1.3 1.4 14.5 15 490.1642420896533 0.008644099389812254
10 60 1.3 1.4 15 16 874.3675690977246 0.01542379358897961
10 60 1.3 1.4 16 17 753.2833236808151 0.01295425024204633
10 60 1.3 1.4 17 18 652.2439981864869 0.0213551081208152
10 60 1.3 1.4 18 19 567.4199671040373 0.02712184213180535
10 60 1.3 1.4 19 20 495.8078958719436 0.007854185835697081
10 60 1.3 1.4 20 21 435.0308675862976 0.006812605633683688
10 60 1.3 1.4 21 22 383.1928731686834 0.005952291923847497
10 60 1.3 1.4 22 23 338.7718663918885 0.005130456687197693
10 60 1.3 1.4 23 24 300.538577233228 0.004433416945403224
10 60 1.3 1.4 24 25 267.4938093852987 0.003933786812467588
10 60 1.3 1.4 25 26 238.8203722898779 0.003436934069299014
10 60 1.3 1.4 26 27 213.8467607068414 0.002971722676505806
10 60 1.3 1.4 27 28 192.0183557641984 0.002570471372223437
10 60 1.3 1.4 28 29 172.8747813892299 0.002261673156709776
10 60 1.3 1.4 29 30 156.0319740046621 0.002009206833264443
10 60 1.3 1.4 30 31 141.1681066880595 0.001821181734527499
10 60 1.3 1.4 31 32 128.012328855524 0.001725009480253448
10 60 1.3 1.4 32 33 116.3356940797671 0.00159757104930236
10 60 1.3 1.4 33 34 105.9441853912143 0.001426490024897475
10 60 1.3 1.4 34 35 96.67283930009728 0.001298877963847644
10 60 1.3 1.4 35 36 88.38075226527661 0.001196972926706508
10 60 1.3 1.4 36 37 80.94717586318725 0.001096262759574529
10 60 1.3 1.4 37 38 74.26833461782303 0.0009895476786283552
10 60 1.3 1.4 38 39 68.25477530650581 0.0008873994828348941
10 60 1.3 1.4 39 40 62.82912332305405 0.0008092139428512723
10 60 1.3 1.4 40 42 111.4060000339689 0.001353662434283365
10 60 1.3 1.4 42 44 95.23788112848619 0.0009746012267299875
10 60 1.3 1.4 44 46 81.86053472750562 0.0009276090871424003
10 60 1.3 1.4 46 48 70.71889746450847 0.0008537134339690056
10 60 1.3 1.4 48 50 61.38204800906657 0.0006682641611917006
10 60 1.3 1.4 50 52 53.51329151794558 0.0005212664210176854
10 60 1.3 1.4 52 54 46.84667378110948 0.0004581238964220802
10 60 1.3 1.4 54 56 41.17027679099809 0.0004058964007001009
10 60 1.3 1.4 56 58 36.31423864144996 0.0003835373052041291
10 60 1.3 1.4 58 60 32.14148259635944 0.0003176120308907571
10 60 1.3 1.4 60 65 65.63381053769044 0.0006208616240144238
10 60 1.3 1.4 65 70 49.65419588789213 0.0004615057889125751
10 60 1.3 1.4 70 80 67.97694652788553 0.000664459261017214
10 60 1.3 1.4 80 90 42.37378685016164 0.0004798480715635378
10 60 1.3 1.4 90 100 27.61909491183091 0.0003240462391502774
10 60 1.4 1.5 0 0.5 -114833.7988409333 3.523669406276895
10 60 1.4 1.5 0.5 1 2440.231593760913 0.02514330567419165
10 60 1.4 1.5 1 1.5 9939.931903764173 0.4809227542536973
10 60 1.4 1.5 1.5 2 9181.864286462056 0.366427092360027
10 60 1.4 1.5 2 2.5 7786.614707597781 0.2794905012287927
10 60 1.4 1.5 2.5 3 6550.483678346431 0.2187513488997865
10 60 1.4 1.5 3 3.5 5545.657027056729 0.1715788736009927
10 60 1.4 1.5 3.5 4 4737.957225399946 0.1369417418627563
10 60 1.4 1.5 4 4.5 4084.416110802327 0.1106349603423951
10 60 1.4 1.5 4.5 5 3549.677623409485 0.08984093733397458
10 60 1.4 1.5 5 5.5 3106.954361382473 0.07292869683669778
10 60 1.4 1.5 5.5 6 2736.336578656399 0.05925435662356904
10 60 1.4 1.5 6 6.5 2422.965793812627 0.04814899055782007
10 60 1.4 1.5 6.5 7 2155.651751752106 0.03982572381937644
10 60 1.4 1.5 7 7.5 1925.863063484067 0.03753889007657563
10 60 1.4 1.5 7.5 8 1726.984476219161 0.03074675421021311
10 60 1.4 1.5 8 8.5 1553.840984395681 0.0297245118488263
10 60 1.4 1.5 8.5 9 1402.308305068204 0.02449112617864557
10 60 1.4 1.5 9 9.5 1269.079458325621 0.02389613910554544
10 60 1.4 1.5 9.5 10 1151.4551454607 0.02016151113480191
10 60 1.4 1.5 10 10.5 1047.223772287628 0.01939063840973176
10 60 1.4 1.5 10.5 11 954.5469917386658 0.01665340329702758
10 60 1.4 1.5 11 11.5 871.8918421400825 0.01534213249851746
10 60 1.4 1.5 11.5 12 797.9657075850583 0.03359971124552885
10 60 1.4 1.5 12 12.5 731.6727596184097 0.02534765023381169
10 60 1.4 1.5 12.5 13 672.0801958381546 0.01888887615530166
10 60 1.4 1.5 13 13.5 618.3871007491314 0.01368428109242359
10 60 1.4 1.5 13.5 14 569.9054015252981 0.009617592216727644
10 60 1.4 1.5 14 14.5 526.0398730323694 0.008950367407578597
10 60 1.4 1.5 14.5 15 486.273653800694 0.007996993936330909
10 60 1.4 1.5 15 16 867.4552978274692 0.01423700977898079
10 60 1.4 1.5 16 17 747.3643768970113 0.01188946378351829
10 60 1.4 1.5 17 18 647.1535941657501 0.02122030959867516
10 60 1.4 1.5 18 19 563.0236343322256 0.02679174420768504
10 60 1.4 1.5 19 20 491.9945802069757 0.007236369265854137
10 60 1.4 1.5 20 21 431.7098830467148 0.006064199313527752
10 60 1.4 1.5 21 22 380.2908922877602 0.00515708129455561
10 60 1.4 1.5 22 23 336.2287543666915 0.004571053055997254
10 60 1.4 1.5 23 24 298.3034512048398 0.003971743871488798
10 60 1.4 1.5 24 25 265.5236859886754 0.003417835973266392
10 60 1.4 1.5 25 26 237.0794291178962 0.003036047428167876
10 60 1.4 1.5 26 27 212.3046092902016 0.002765693106255185
10 60 1.4 1.5 27 28 190.6487587421359 0.002541179771782254
10 60 1.4 1.5 28 29 171.6549428843194 0.002338536551945936
10 60 1.4 1.5 29 30 154.9422168893942 0.002078412949316544
10 60 1.4 1.5 30 31 140.1917041897131 0.001794976028008932
10 60 1.4 1.5 31 32 127.1352537715556 0.001577351218628564
10 60 1.4 1.5 32 33 115.5462526896505 0.00141031932427893
10 60 1.4 1.5 33 34 105.2324524871613 0.00130133684267264
10 60 1.4 1.5 34 35 96.03010222613096 0.001214046082225195
10 60 1.4 1.5 35 36 87.79932991576965 0.001086212546397292
10 60 1.4 1.5 36 37 80.42040110789755 0.0009760167804842013
10 60 1.4 1.5 37 38 73.79038673440124 0.0008891870981102556
10 60 1.4 1.5 38 39 67.8205067059392 0.0008104325122104683
10 60 1.4 1.5 39 40 62.43397468488155 0.0007386634532835501
10 60 1.4 1.5 40 42 110.7174359304652 0.00130379191428176
10 60 1.4 1.5 42 44 94.66261491453558 0.001114124083855472
10 60 1.4 1.5 44 46 81.37613910783162 0.0007968482540263722
10 60 1.4 1.5 46 48 70.30938486481556 0.0006541100168817593
10 60 1.4 1.5 48 50 61.03526216858421 0.0006706104767815191
10 60 1.4 1.5 50 52 53.2183502071744 0.0005910517810008287
10 60 1.4 1.5 52 54 46.59443375991246 0.0004550014378494893
10 60 1.4 1.5 54 56 40.95364966982159 0.0003736105397962319
10 60 1.4 1.5 56 58 36.12763116506018 0.0003280449549976083
10 60 1.4 1.5 58 60 31.98042275884619 0.0003036081228557919
10 60 1.4 1.5 60 65 65.3192831971277 0.000666702805034447
10 60 1.4 1.5 65 70 49.43141530342407 0.0004834426982682771
10 60 1.4 1.5 70 80 67.70066869423725 0.0007316590626089692
10 60 1.4 1.5 80 90 42.22560742472061 0.0005542513582454944
10 60 1.4 1.5 90 100 27.53666281374286 0.0004232112366828744
10 60 1.5 1.6 0 0.5 -113296.244463101 3.551895116106607
10 60 1.5 1.6 0.5 1 2574.361387032309 0.04636303216148008
10 60 1.5 1.6 1 1.5 9913.271898180805 0.4600438320903777
10 60 1.5 1.6 1.5 2 9132.070150712101 0.3463916327818879
10 60 1.5 1.6 2 2.5 7735.996996415806 0.2707130475691883
10 60 1.5 1.6 2.5 3 6503.968305715617 0.2120011007064022
10 60 1.5 1.6 3 3.5 5504.14039373903 0.1686216067773785
10 60 1.5 1.6 3.5 4 4701.204433766759 0.1353633822709526
10 60 1.5 1.6 4 4.5 4051.923699619608 0.1092322925760527
10 60 1.5 1.6 4.5 5 3520.9095570235 0.08853725035714888
10 60 1.5 1.6 5 5.5 3081.422608549491 0.07204094267035543
10 60 1.5 1.6 5.5 6 2713.609777955679 0.05856386926961932
10 60 1.5 1.6 6 6.5 2402.675613757609 0.04864920850150156
10 60 1.5 1.6 6.5 7 2137.49083686282 0.04044001061629388
10 60 1.5 1.6 7 7.5 1909.561342432299 0.03432884685003046
10 60 1.5 1.6 7.5 8 1712.3188450223 0.02935609447308707
10 60 1.5 1.6 8 8.5 1540.614616689283 0.02786041163994923
10 60 1.5 1.6 8.5 9 1390.354276117439 0.02365547232761855
10 60 1.5 1.6 9 9.5 1258.250751932067 0.02224950538948178
10 60 1.5 1.6 9.5 10 1141.626254108626 0.01883288236763292
10 60 1.5 1.6 10 10.5 1038.285302692825 0.01768654060970221
10 60 1.5 1.6 10.5 11 946.4044142240273 0.01566860584455299
10 60 1.5 1.6 11 11.5 864.461039797398 0.01419246728323742
10 60 1.5 1.6 11.5 12 791.1732216075867 0.03322847767731218
10 60 1.5 1.6 12 12.5 725.4542830239261 0.02508034524748837
10 60 1.5 1.6 12.5 13 666.378771187615 0.01867990759865279
10 60 1.5 1.6 13 13.5 613.1525076727216 0.01351351926575717
10 60 1.5 1.6 13.5 14 565.0929287398086 0.009506751456342499
10 60 1.5 1.6 14 14.5 521.6093730957076 0.008052312352219815
10 60 1.5 1.6 14.5 15 482.1898246275937 0.00729761911912874
10 60 1.5 1.6 15 16 860.2034479609628 0.01285574400299083
10 60 1.5 1.6 16 17 741.1586281448052 0.01083315684468289
10 60 1.5 1.6 17 18 641.8196199792612 0.02107939007669302
10 60 1.5 1.6 18 19 558.4207529513513 0.02658481547598512
10 60 1.5 1.6 19 20 488.0075353060279 0.006582090097481341
10 60 1.5 1.6 20 21 428.2427380375143 0.005560555292902336
10 60 1.5 1.6 21 22 377.2639751386811 0.004669225076042949
10 60 1.5 1.6 22 23 333.5766584597698 0.003945487113469426
10 60 1.5 1.6 23 24 295.973003853448 0.003508750852915909
10 60 1.5 1.6 24 25 263.4703082449363 0.003272262103848789
10 60 1.5 1.6 25 26 235.2646439795735 0.003005720467655237
10 60 1.5 1.6 26 27 210.6956860885917 0.002706895662157649
10 60 1.5 1.6 27 28 189.2183052305415 0.002378530244300237
10 60 1.5 1.6 28 29 170.3800421884471 0.002125444525887588
10 60 1.5 1.6 29 30 153.8033872170839 0.001941811492997658
10 60 1.5 1.6 30 31 139.1720234426341 0.001760384951865035
10 60 1.5 1.6 31 32 126.2199328134238 0.001550977300283307
10 60 1.5 1.6 32 33 114.7225495791618 0.001341598390254717
10 60 1.5 1.6 33 34 104.489524884294 0.00116390380934206
10 60 1.5 1.6 34 35 95.35879919435864 0.001017841839669131
10 60 1.5 1.6 35 36 87.19190242539503 0.0009249927448422568
10 60 1.5 1.6 36 37 79.87004103062958 0.0008890294037513513
10 60 1.5 1.6 37 38 73.29100313179728 0.0008367177520085534
10 60 1.5 1.6 38 39 67.36668798053682 0.0007628203733247574
10 60 1.5 1.6 39 40 62.02097026841941 0.0006943354907278376
10 60 1.5 1.6 40 42 109.9975667516399 0.001210413786012055
10 60 1.5 1.6 42 44 94.06161702581348 0.001017836636506786
10 60 1.5 1.6 44 46 80.87183874974163 0.000892263235400037
10 60 1.5 1.6 46 48 69.88324219366494 0.0007267236555321688
10 60 1.5 1.6 48 50 60.67295454505918 0.0005061405725683699
10 60 1.5 1.6 50 52 52.90978972025469 0.0005160409984625858
10 60 1.5 1.6 52 54 46.3310443563326 0.0005024626733458604
10 60 1.5 1.6 54 56 40.72775398114977 0.0004395400753764989
10 60 1.5 1.6 56 58 35.93293055745887 0.0003425555748108877
10 60 1.5 1.6 58 60 31.81199319190657 0.0003048637212827998
10 60 1.5 1.6 60 65 64.98899431363458 0.0006616034520874337
10 60 1.5 1.6 65 70 49.19688700499047 0.0005580977838874901
10 60 1.5 1.6 70 80 67.4067233420765 0.0008503184775747741
10 60 1.5 1.6 80 90 42.06398729267653 0.0006710295510359288
10 60 1.5 1.6 90 100 27.44400898975147 0.0005694225844763423
10 60 1.6 1.7 0 0.5 -111674.6369089935 3.256453354420955
10 60 1.6 1.7 0.5 1 2716.018609490721 0.05339511343845516
10 60 1.6 1.7 1 1.5 9885.254387341407 0.4777062491521065
10 60 1.6 1.7 1.5 2 9079.646871041858 0.3633533159609215
10 60 1.6 1.7 2 2.5 7682.750874366606 0.2742184973521944
10 60 1.6 1.7 2.5 3 6455.053598341393 0.2102254617293511
10 60 1.6 1.7 3 3.5 5460.480900556398 0.1669410924005206
10 60 1.6 1.7 3.5 4 4662.55869628666 0.1328786090143694
10 60 1.6 1.7 4 4.5 4017.770139244656 0.1069262289897779
10 60 1.6 1.7 4.5 5 3490.677737279787 0.08699128564603598
10 60 1.6 1.7 5 5.5 3054.596236464026 0.0711192564472185
10 60 1.6 1.7 5.5 6 2689.736445469674 0.05852510207341766
10 60 1.6 1.7 6 6.5 2381.369867747044 0.04797911618197759
10 60 1.6 1.7 6.5 7 2118.4236604093 0.03941639603726799
10 60 1.6 1.7 7 7.5 1892.452360159758 0.03307004477983355
10 60 1.6 1.7 7.5 8 1696.929414110958 0.0277046188600707
10 60 1.6 1.7 8 8.5 1526.739631375122 0.02539563224581798
10 60 1.6 1.7 8.5 9 1377.81923410288 0.02211968455799251
10 60 1.6 1.7 9 9.5 1246.902237070863 0.02045904742476523
10 60 1.6 1.7 9.5 10 1131.332089120138 0.01793125963376951
10 60 1.6 1.7 10 10.5 1028.928498653898 0.0164064259040515
10 60 1.6 1.7 10.5 11 937.8839799887373 0.01431740466830433
10 60 1.6 1.7 11 11.5 856.6894032555999 0.0130961024399312
10 60 1.6 1.7 11.5 12 784.0726061373938 0.03279562884074494
10 60 1.6 1.7 12 12.5 718.9564770182554 0.02483307980821792
10 60 1.6 1.7 12.5 13 660.422817816986 0.01842368526115479
10 60 1.6 1.7 13 13.5 607.6857470925922 0.01337485404121708
10 60 1.6 1.7 13.5 14 560.068487692463 0.00938284432470482
10 60 1.6 1.7 14 14.5 516.985788940093 0.007227464476386558
10 60 1.6 1.7 14.5 15 477.9298080508248 0.006664124199346588
10 60 1.6 1.7 15 16 852.6432132314637 0.01149555265101299
10 60 1.6 1.7 16 17 734.693890222805 0.01030318229811655
10 60 1.6 1.7 17 18 636.2674418799983 0.020875819969433
10 60 1.6 1.7 18 19 553.6328973005468 0.02631313044412309
10 60 1.6 1.7 19 20 483.863037631366 0.005823012485677737
10 60 1.6 1.7 20 21 424.6420660473619 0.005083702949491453
10 60 1.6 1.7 21 22 374.1241807364792 0.004517451762239943
10 60 1.6 1.7 22 23 330.8279386557475 0.0039903717404286
10 60 1.6 1.7 23 24 293.5568875527593 0.003545225580694478
10 60 1.6 1.7 24 25 261.3386880281448 0.003047461162793752
10 60 1.6 1.7 25 26 233.3785611470454 0.002655518193762418
10 60 1.6 1.7 26 27 209.022736157314 0.002451696350334487
10 60 1.6 1.7 27 28 187.7306215472235 0.002205887826704611
10 60 1.6 1.7 28 29 169.0537377518924 0.001953350219395134
10 60 1.6 1.7 29 30 152.6181918487779 0.001723203663658524
10 60 1.6 1.7 30 31 138.1107501178485 0.001545180604182406
10 60 1.6 1.7 31 32 125.267780882137 0.00138986200471436
10 60 1.6 1.7 32 33 113.8665993349608 0.001278082797142588
10 60 1.6 1.7 33 34 103.7183584552186 0.001164740490565919
10 60 1.6 1.7 34 35 94.66241725978382 0.001035627158898933
10 60 1.6 1.7 35 36 86.56163493894175 0.0009062918125124497
10 60 1.6 1.7 36 37 79.29849703685007 0.0007857426951716207
10 60 1.6 1.7 37 38 72.77194090924391 0.000694824405272243
10 60 1.6 1.7 38 39 66.89473969432029 0.0006635512853989667
10 60 1.6 1.7 39 40 61.59133633369258 0.0006445101793914887
10 60 1.6 1.7 40 42 109.2484492983341 0.001151520211607249
10 60 1.6 1.7 42 44 93.43591520253709 0.000997958065710236
10 60 1.6 1.7 44 46 80.34652863505127 0.0008417029719254288
10 60 1.6 1.7 46 48 69.44017861205707 0.0007341508526224061
10 60 1.6 1.7 48 50 60.29721662475687 0.000664195251708577
10 60 1.6 1.7 50 52 52.58886424460127 0.0004963477996824395
10 60 1.6 1.7 52 54 46.05592841531306 0.0004004823368788379
10 60 1.6 1.7 54 56 40.49164898254182 0.0004511028799356609
10 60 1.6 1.7 56 58 35.72966363169277 0.0004278076891353066
10 60 1.6 1.7 58 60 31.63612940285039 0.0003630479744849424
10 60 1.6 1.7 60 65 64.64273048681567 0.0007302931343957653
10 60 1.6 1.7 65 70 48.94877048076768 0.0006383682009385439
10 60 1.6 1.7 70 80 67.09219248556708 0.001049115471403184
10 60 1.6 1.7 80 90 41.88613429642024 0.0008345256758559572
10 60 1.6 1.7 90 100 27.33774357866421 0.0007164707231339662
10 60 1.7 1.8 0 0.5 -109974.6472656486 2.994450428202981
10 60 1.7 1.8 0.5 1 2864.429356265877 0.03857161090309091
10 60 1.7 1.8 1 1.5 9855.960429082275 0.4691145426895673
10 60 1.7 1.8 1.5 2 9024.71782067797 0.3500181331583008
10 60 1.7 1.8 2 2.5 7626.952541098781 0.2668552827308304
10 60 1.7 1.8 2.5 3 6403.838956313708 0.2118826038185944
10 60 1.7 1.8 3 3.5 5414.787323126377 0.1657335688742023
10 60 1.7 1.8 3.5 4 4622.133547815272 0.1320441671077788
10 60 1.7 1.8 4 4.5 3982.048752095087 0.1068094165943876
10 60 1.7 1.8 4.5 5 3459.064864283003 0.08614333632476701
10 60 1.7 1.8 5 5.5 3026.55322340009 0.06945689209442207
10 60 1.7 1.8 5.5 6 2664.786992212166 0.05669994286017754
10 60 1.7 1.8 6 6.5 2359.110254163304 0.04674571819487028
10 60 1.7 1.8 6.5 7 2098.509071913593 0.03879328353968958
10 60 1.7 1.8 7 7.5 1874.589333087429 0.03217528744630727
10 60 1.7 1.8 7.5 8 1680.867543755046 0.02707830166218628
10 60 1.7 1.8 8 8.5 1512.264005803639 0.02325016608597252
10 60 1.7 1.8 8.5 9 1364.745127850329 0.02038530912182068
10 60 1.7 1.8 9 9.5 1235.070022622901 0.01860108523987947
10 60 1.7 1.8 9.5 10 1120.603331047255 0.01642308067857812
10 60 1.7 1.8 10 10.5 1019.183035700483 0.01496248488422225
10 60 1.7 1.8 10.5 11 929.0157777292363 0.01336080543194385
10 60 1.7 1.8 11 11.5 848.6044504085818 0.04238714265818544
10 60 1.7 1.8 11.5 12 776.6891165776196 0.03247097562382351
10 60 1.7 1.8 12 12.5 712.2029405509242 0.02450321925732624
10 60 1.7 1.8 12.5 13 654.236775444091 0.01824075962213101
10 60 1.7 1.8 13 13.5 602.0110211132983 0.01325417768168791
10 60 1.7 1.8 13.5 14 554.85492776928 0.009274795300143523
10 60 1.7 1.8 14 14.5 512.1892841905087 0.006308487797355156
10 60 1.7 1.8 14.5 15 473.5113557230934 0.005687004083256397
10 60 1.7 1.8 15 16 844.8065293119333 0.009953510589980397
10 60 1.7 1.8 16 17 727.9994573983244 0.01015101282905562
10 60 1.7 1.8 17 18 630.5229824982936 0.02057559055003821
10 60 1.7 1.8 18 19 548.6818815648212 0.02594923303809082
10 60 1.7 1.8 19 20 479.577886565045 0.005454952844502259
10 60 1.7 1.8 20 21 420.9184044056275 0.004896849363319689
10 60 1.7 1.8 21 22 370.8758807904786 0.00445301653411434
10 60 1.7 1.8 22 23 327.9835023726745 0.003871146729579777
10 60 1.7 1.8 23 24 291.0569736562694 0.003305198168959578
10 60 1.7 1.8 24 25 259.1339699593183 0.002861269474067285
10 60 1.7 1.8 25 26 231.427696526369 0.002482334242102979
10 60 1.7 1.8 26 27 207.2913564755759 0.002113587975458131
10 60 1.7 1.8 27 28 186.1904544741831 0.001892247810758363
10 60 1.7 1.8 28 29 167.6807148468262 0.001739492102245777
10 60 1.7 1.8 29 30 151.391409049873 0.001571831040763527
10 60 1.7 1.8 30 31 137.0121560331078 0.0014410913684344
10 60 1.7 1.8 31 32 124.2818704966413 0.001295720520374744
10 60 1.7 1.8 32 33 112.9800467472895 0.00117307137011835
10 60 1.7 1.8 33 34 102.9196537759221 0.001055889610825034
10 60 1.7 1.8 34 35 93.94152526040519 0.0009678245955200282
10 60 1.7 1.8 35 36 85.90971372869208 0.0008964776602908842
10 60 1.7 1.8 36 37 78.70772676413527 0.0008091009161148577
10 60 1.7 1.8 37 38 72.23547358555378 0.0007225578913079289
10 60 1.7 1.8 38 39 66.40662521754578 0.0006474750360041526
10 60 1.7 1.8 39 40 61.14650212445171 0.0005711646945130155
10 60 1.7 1.8 40 42 108.4718156492547 0.001031633778282526
10 60 1.7 1.8 42 44 92.78641443930533 0.0009562988717277676
10 60 1.7 1.8 44 46 79.80073868885044 0.0008661191362193676
10 60 1.7 1.8 46 48 68.97929759623476 0.0007572908665878231
10 60 1.7 1.8 48 50 59.90622737393578 0.0006593498410438769
10 60 1.7 1.8 50 52 52.25569932965752 0.0006238298003680143
10 60 1.7 1.8 52 54 45.77020535084859 0.0005398099980240545
10 60 1.7 1.8 54 56 40.24509040685344 0.0003915119372592812
10 60 1.7 1.8 56 58 35.51651106750686 0.0004072364556151342
10 60 1.7 1.8 58 60 31.45156582188866 0.000451649768120177
10 60 1.7 1.8 60 65 64.27850000830685 0.0009103592170021102
10 60 1.7 1.8 65 70 48.68520667887641 0.0007752612470284248
10 60 1.7 1.8 70 80 66.75229184721296 0.00129682777478024
10 60 1.7 1.8 80 90 41.68803395796637 0.00106796072287807
10 60 1.7 1.8 90 100 27.21414420881903 0.0009135798432637898
10 60 1.8 1.9 0 0.5 -108202.0826952511 2.912963431794196
10 60 1.8 1.9 0.5 1 3018.983195183025 0.02360871306200352
10 60 1.8 1.9 1 1.5 9825.423425030138 0.4847827311423316
10 60 1.8 1.9 1.5 2 8967.49397858828 0.3640349933175457
10 60 1.8 1.9 2 2.5 7568.788030012191 0.2777281496073556
10 60 1.8 1.9 2.5 3 6350.452256877691 0.2100136400376869
10 60 1.8 1.9 3 3.5 5367.1696587946 0.1676467643301294
10 60 1.8 1.9 3.5 4 4580.030274100885 0.1349287081402508
10 60 1.8 1.9 4 4.5 3944.852624346356 0.1078729976870818
10 60 1.8 1.9 4.5 5 3426.163242085044 0.08699163899973428
10 60 1.8 1.9 5 5.5 2997.374541268765 0.07065413645159424
10 60 1.8 1.9 5.5 6 2638.836215202934 0.05749074654204378
10 60 1.8 1.9 6 6.5 2335.967253483867 0.04665371262763074
10 60 1.8 1.9 6.5 7 2077.812064062997 0.0381429108406337
10 60 1.8 1.9 7 7.5 1856.030936778888 0.03164756581509209
10 60 1.8 1.9 7.5 8 1664.186595411307 0.02629910806490443
10 60 1.8 1.9 8 8.5 1497.236446953246 0.02211559465217761
10 60 1.8 1.9 8.5 9 1351.177666171038 0.01898047499435052
10 60 1.8 1.9 9 9.5 1222.795542507481 0.01654324423361686
10 60 1.8 1.9 9.5 10 1109.478158292159 0.01482991456464333
10 60 1.8 1.9 10 10.5 1009.080630310994 0.01320625097616812
10 60 1.8 1.9 10.5 11 919.8269052326519 0.01195850001784038
10 60 1.8 1.9 11 11.5 840.2325874444291 0.04185358954600815
10 60 1.8 1.9 11.5 12 769.0495700608326 0.0320481786371829
10 60 1.8 1.9 12 12.5 705.2202389488289 0.02426624881002226
10 60 1.8 1.9 12.5 13 647.8437432812192 0.01800950970141457
10 60 1.8 1.9 13 13.5 596.1491117390158 0.01306568290033283
10 60 1.8 1.9 13.5 14 549.4728048429414 0.009169323092578452
10 60 1.8 1.9 14 14.5 507.2410110098882 0.006097280346068601
10 60 1.8 1.9 14.5 15 468.9557496199737 0.005026330336988849
10 60 1.8 1.9 15 16 836.7301431920623 0.008754978154115634
10 60 1.8 1.9 16 17 721.1021107517888 0.009984752457967261
10 60 1.8 1.9 17 18 624.6053456253564 0.02018876173110584
10 60 1.8 1.9 18 19 543.5811005166852 0.02550696593425528
10 60 1.8 1.9 19 20 475.1611531448367 0.005334048199699737
10 60 1.8 1.9 20 21 417.0773691654098 0.00453494240184682
10 60 1.8 1.9 21 22 367.5228077345677 0.003845505300603236
10 60 1.8 1.9 22 23 325.0469912566639 0.003425125477633628
10 60 1.8 1.9 23 24 288.4773094540185 0.003073568750437516
10 60 1.8 1.9 24 25 256.8605008279761 0.00269807142603895
10 60 1.8 1.9 25 26 229.4175880796253 0.00232285547164679
10 60 1.8 1.9 26 27 205.5084847454964 0.001989712112731468
10 60 1.8 1.9 27 28 184.6043655217051 0.001768315733642112
10 60 1.8 1.9 28 29 166.2659508642698 0.001541574823448855
10 60 1.8 1.9 29 30 150.1267355816162 0.001398662080333679
10 60 1.8 1.9 30 31 135.8793162383123 0.001303885508320946
10 60 1.8 1.9 31 32 123.2649703470174 0.001181451313030379
10 60 1.8 1.9 32 33 112.0653421357907 0.001095952583526127
10 60 1.8 1.9 33 34 102.0952765007443 0.001002830374730479
10 60 1.8 1.9 34 35 93.19719338880766 0.0009268468234893135
10 60 1.8 1.9 35 36 85.23646234743292 0.0008607412813006476
10 60 1.8 1.9 36 37 78.09770003435287 0.0007862940868079704
10 60 1.8 1.9 37 38 71.6817303057009 0.0007254568554628804
10 60 1.8 1.9 38 39 65.90303169163451 0.0006737246643950812
10 60 1.8 1.9 39 40 60.68762300222673 0.0006116089687111526
10 60 1.8 1.9 40 42 107.6698032635083 0.001085161664065026
10 60 1.8 1.9 42 44 92.11396880629259 0.000895751371501774
10 60 1.8 1.9 44 46 79.23441639531343 0.0008626806337730386
10 60 1.8 1.9 46 48 68.50017067534641 0.0008118278644104748
10 60 1.8 1.9 48 50 59.49897496392755 0.0007269207147473367
10 60 1.8 1.9 50 52 51.90793035715778 0.0006632541436601969
10 60 1.8 1.9 52 54 45.4719655926452 0.0006441383929924882
10 60 1.8 1.9 54 56 39.98798358842517 0.0006036119628447523
10 60 1.8 1.9 56 58 35.29325554714101 0.0004804289291300279
10 60 1.8 1.9 58 60 31.25681775354669 0.0004185114954005087
10 60 1.8 1.9 60 65 63.89195283236756 0.00114178554319011
10 60 1.8 1.9 65 70 48.40327713026578 0.0009661291813571893
10 60 1.8 1.9 70 80 66.38087893077817 0.00162730116571197
10 60 1.8 1.9 80 90 41.46417877170956 0.001356676693319514
10 60 1.8 1.9 90 100 27.06858256731638 0.001154127070392974
10 60 1.9 2 0 0.5 -106360.6031051738 2.574333053285955
10 60 1.9 2 0.5 1 3179.203271837591 0.01998627475859394
10 60 1.9 2 1 1.5 9793.635941836248 0.4454205033362086
10 60 1.9 2 1.5 2 8908.059476663 0.3450189748054981
10 60 1.9 2 2 2.5 7508.426025696621 0.2619136320608959
10 60 1.9 2 2.5 3 6295.043670707169 0.2076818196319437
10 60 1.9 2 3 3.5 5317.770212974507 0.1648925792842419
10 60 1.9 2 3.5 4 4536.354911492775 0.1303268730334821
10 60 1.9 2 4 4.5 3906.293135483445 0.1057630180544038
10 60 1.9 2 4.5 5 3392.070871868562 0.08620459449230111
10 60 1.9 2 5 5.5 2967.147739240467 0.07028126336126661
10 60 1.9 2 5.5 6 2611.966951024946 0.05761492652345623
10 60 1.9 2 6 6.5 2312.013557280425 0.04735877847087977
10 60 1.9 2 6.5 7 2056.396515976402 0.03895012682232846
10 60 1.9 2 7 7.5 1836.837586364715 0.03196056450042306
10 60 1.9 2 7.5 8 1646.943625719623 0.02634165404583655
10 60 1.9 2 8 8.5 1481.708631384209 0.02185572731218599
10 60 1.9 2 8.5 9 1337.164452614301 0.0183420898699751
10 60 1.9 2 9 9.5 1210.124115393345 0.01563229897828933
10 60 1.9 2 9.5 10 1097.997930650264 0.01343632767475356
10 60 1.9 2 10 10.5 998.6604427474556 0.01165001535446208
10 60 1.9 2 10.5 11 910.352171529532 0.01031731675459469
10 60 1.9 2 11 11.5 831.6040052997545 0.04128959526838116
10 60 1.9 2 11.5 12 761.1793585006819 0.0316375066307728
10 60 1.9 2 12 12.5 698.0309695911334 0.02396260377327053
10 60 1.9 2 12.5 13 641.2667027809358 0.01781053268678079
10 60 1.9 2 13 13.5 590.1230012715463 0.01295007717203589
10 60 1.9 2 13.5 14 543.9428841059279 0.009111728507264161
10 60 1.9 2 14 14.5 502.1586734063725 0.006040606527733416
10 60 1.9 2 14.5 15 464.2782200647377 0.004739171329617875
10 60 1.9 2 15 16 828.440163359109 0.008821336000551128
10 60 1.9 2 16 17 714.0200946513422 0.009660825663672767
10 60 1.9 2 17 18 618.5241036346338 0.01990745524472004
10 60 1.9 2 18 19 538.3360254300899 0.02512813689554605
10 60 1.9 2 19 20 470.6182922536406 0.004658653150272585
10 60 1.9 2 20 21 413.1276850564357 0.004085005825743337
10 60 1.9 2 21 22 364.0760598583779 0.003582048396367554
10 60 1.9 2 22 23 322.0281187628142 0.003089376993955284
10 60 1.9 2 23 24 285.8245143201412 0.002645420011162969
10 60 1.9 2 24 25 254.5227024605446 0.002414750050007797
10 60 1.9 2 25 26 227.3515520859696 0.002221783568074898
10 60 1.9 2 26 27 203.6771617103807 0.001975565156470793
10 60 1.9 2 27 28 182.9760585802921 0.001707946622985901
10 60 1.9 2 28 29 164.8138431168487 0.001491221969956769
10 60 1.9 2 29 30 148.8281384993806 0.001322383830995477
10 60 1.9 2 30 31 134.7152264611277 0.001170173144572573
10 60 1.9 2 31 32 122.2194127936391 0.001091703163311308
10 60 1.9 2 32 33 111.1244489852619 0.00105509771361767
10 60 1.9 2 33 34 101.2468334757695 0.0009518240353258989
10 60 1.9 2 34 35 92.43063132415507 0.0008822115964335353
10 60 1.9 2 35 36 84.54262643066183 0.0008326199815655855
10 60 1.9 2 36 37 77.46862622311775 0.0007911803616877933
10 60 1.9 2 37 38 71.1104254270988 0.000758901491124675
10 60 1.9 2 38 39 65.3832988554307 0.0007019514605985933
10 60 1.9 2 39 40 60.21400209202583 0.0006434496061018535
10 60 1.9 2 40 42 106.842011065206 0.001180947447309677
10 60 1.9 2 42 44 91.41913377524406 0.001053466359664412
10 60 1.9 2 44 46 78.64731855174259 0.000872886354116531
10 60 1.9 2 46 48 68.00182201281777 0.0008764400333518552
10 60 1.9 2 48 50 59.07402703365164 0.0008570098731510711
10 60 1.9 2 50 52 51.54381118010753 0.0007598366401708745
10 60 1.9 2 52 54 45.15852427088307 0.0007230138543832254
10 60 1.9 2 54 56 39.71697640787486 0.000713100721988269
10 60 1.9 2 56 58 35.05790222039614 0.0006584198042176581
10 60 1.9 2 58 60 31.05115222985654 0.0005980331453443455
10 60 1.9 2 60 65 63.47854546828373 0.001276770008530548
10 60 1.9 2 65 70 48.09809630617152 0.001257987388058268
10 60 1.9 2 70 80 65.97001877526122 0.002054184731520081
10 60 1.9 2 80 90 41.20747443178081 0.001738175668855035
10 60 1.9 2 90 100 26.8952041951668 0.0001027321025119932
10 60 2 2.1 0 0.5 -104457.1457436457 2.386086402882938
10 60 2 2.1 0.5 1 3344.253312021039 0.01150066784020964
10 60 2 2.1 1 1.5 9760.601281397036 0.4173879269874305
10 60 2 2.1 1.5 2 8846.537757986946 0.3179300475367199
10 60 2 2.1 2 2.5 7446.002601321184 0.2472723823711931
10 60 2 2.1 2.5 3 6237.773664812824 0.1936043759124004
10 60 2 2.1 3 3.5 5266.730823417627 0.1539701943747787
10 60 2 2.1 3.5 4 4491.239759178031 0.1256254159861783
10 60 2 2.1 4 4.5 3866.484785652157 0.1015153818834733
10 60 2 2.1 4.5 5 3356.881954544453 0.08206560270991758
10 60 2 2.1 5 5.5 2935.972194195188 0.06731893855476301
10 60 2 2.1 5.5 6 2584.266193145186 0.05551352215661609
10 60 2 2.1 6 6.5 2287.32454342262 0.04619708698510294
10 60 2 2.1 6.5 7 2034.337398258918 0.03852509260468651
10 60 2 2.1 7 7.5 1817.077355844848 0.03220361024250451
10 60 2 2.1 7.5 8 1629.196329343271 0.02682591709685767
10 60 2 2.1 8 8.5 1465.734505465178 0.02229666045946033
10 60 2 2.1 8.5 9 1322.756995890266 0.01865144551265985
10 60 2 2.1 9 9.5 1197.102260409182 0.01570162463076485
10 60 2 2.1 9.5 10 1086.204936547449 0.01323291840344609
10 60 2 2.1 10 10.5 987.9618559447683 0.01131160542036014
10 60 2 2.1 10.5 11 900.630183118483 0.009856871208285156
10 60 2 2.1 11 11.5 822.7541011003173 0.04079859907847094
10 60 2 2.1 11.5 12 753.1094128415551 0.03123030924109571
10 60 2 2.1 12 12.5 690.6605689529982 0.02362965654037907
10 60 2 2.1 12.5 13 634.5252070411129 0.01761450667515874
10 60 2 2.1 13 13.5 583.9473380781418 0.01283260749949022
10 60 2 2.1 13.5 14 538.2766879185118 0.009057135410330375
10 60 2 2.1 14 14.5 496.9515293371677 0.006039599108419225
10 60 2 2.1 14.5 15 459.485158401894 0.004760925521622994
10 60 2 2.1 15 16 819.942575610115 0.008465590319815419
10 60 2 2.1 16 17 706.7612923142366 0.009275061237303817
10 60 2 2.1 17 18 612.2914817459086 0.01953085965908485
10 60 2 2.1 18 19 532.9594866832246 0.02485334461596267
10 60 2 2.1 19 20 465.9621823810988 0.004207802816154071
10 60 2 2.1 20 21 409.0799542158476 0.003739471836240682
10 60 2 2.1 21 22 360.5438683711611 0.003148668158473811
10 60 2 2.1 22 23 318.9351194677129 0.002867357215507127
10 60 2 2.1 23 24 283.1068008238035 0.00254538689682704
10 60 2 2.1 24 25 252.1267562752031 0.002216679886885231
10 60 2 2.1 25 26 225.2329590830932 0.001957099865052214
10 60 2 2.1 26 27 201.7988616180427 0.001823222321974072
10 60 2 2.1 27 28 181.3064401753656 0.001685323292974772
10 60 2 2.1 28 29 163.3256019879096 0.001533154946656623
10 60 2 2.1 29 30 147.4977451448979 0.001368517559626525
10 60 2 2.1 30 31 133.5225340819568 0.001201073176019918
10 60 2 2.1 31 32 121.1473554190861 0.001074161878477753
10 60 2 2.1 32 33 110.1586529175978 0.0009753972933594923
10 60 2 2.1 33 34 100.3752176616689 0.0009477267520736632
10 60 2 2.1 34 35 91.64256814322358 0.000935690642123177
10 60 2 2.1 35 36 83.82868383534714 0.0008476280393665547
10 60 2 2.1 36 37 76.82061648170337 0.000780640880478245
10 60 2 2.1 37 38 70.52123242129515 0.0007636964054995588
10 60 2 2.1 38 39 64.84673313114195 0.0007581475064029064
10 60 2 2.1 39 40 59.72456035341158 0.0007286456116091244
10 60 2 2.1 40 42 105.9855756598409 0.001311951645021736
10 60 2 2.1 42 44 90.69944767266416 0.001258387818097617
10 60 2 2.1 44 46 78.03811659860833 0.001125213288531768
10 60 2 2.1 46 48 67.48246938838282 0.0009475040433670756
10 60 2 2.1 48 50 58.62906860996366 0.0009580435744922511
10 60 2 2.1 50 52 51.16090018123294 0.0009408736213600832
10 60 2 2.1 52 54 44.8273591901609 0.0008456957573912405
10 60 2 2.1 54 56 39.42926694494603 0.0008420822426131735
10 60 2 2.1 56 58 34.80678237734011 0.00079696205685309
10 60 2 2.1 58 60 30.83099073229341 0.0007313357913965035
10 60 2 2.1 60 65 63.03382140785217 0.001741207643917164
10 60 2 2.1 65 70 47.76305578439935 0.001487924955640096
10 60 2 2.1 70 80 65.50930592265132 0.002618545569262665
10 60 2 2.1 80 90 40.90896108711118 0.0001566214320547488
10 60 2 2.1 90 100 26.68701210523722 0.0001028826633202584
10 60 2.1 2.2 0 0.5 -102497.1288626424 2.051848616698408
10 60 2.1 2.2 0.5 1 3513.560416481338 0.1489195681729143
10 60 2.1 2.2 1 1.5 9726.327474096459 0.1229906758962898
10 60 2.1 2.2 1.5 2 8783.077416324395 0.3829171034667525
10 60 2.1 2.2 2 2.5 7381.664783213932 0.2844948874271722
10 60 2.1 2.2 2.5 3 6178.801284168144 0.2156146082252235
10 60 2.1 2.2 3 3.5 5214.1855365775 0.1690708374953829
10 60 2.1 2.2 3.5 4 4444.831809660953 0.1318596555147451
10 60 2.1 2.2 4 4.5 3825.540323072504 0.1046745700928113
10 60 2.1 2.2 4.5 5 3320.71329703169 0.08413844864799103
10 60 2.1 2.2 5 5.5 2903.94694668656 0.06735001430160992
10 60 2.1 2.2 5.5 6 2555.820206368563 0.054061960029685
10 60 2.1 2.2 6 6.5 2261.99273982398 0.04392414240328435
10 60 2.1 2.2 6.5 7 2011.713017312648 0.03624193748692051
10 60 2.1 2.2 7 7.5 1796.814548941314 0.03049051794846491
10 60 2.1 2.2 7.5 8 1611.010221875913 0.02571546631338606
10 60 2.1 2.2 8 8.5 1449.376011419378 0.02189664198817809
10 60 2.1 2.2 8.5 9 1308.007668743586 0.01865807351873627
10 60 2.1 2.2 9 9.5 1183.777370201437 0.01579392717690098
10 60 2.1 2.2 9.5 10 1074.145222507412 0.01333226825545353
10 60 2.1 2.2 10 10.5 977.0256542559127 0.01133223486363022
10 60 2.1 2.2 10.5 11 890.6927687188647 0.009746800912921572
10 60 2.1 2.2 11 11.5 813.7079384635289 0.04023984883338017
10 60 2.1 2.2 11.5 12 744.8608135147796 0.03086505322494304
10 60 2.1 2.2 12 12.5 683.1260732217984 0.02341745808666928
10 60 2.1 2.2 12.5 13 627.6306299386843 0.01743801661507405
10 60 2.1 2.2 13 13.5 577.6279644086459 0.01267243192330625
10 60 2.1 2.2 13.5 14 532.4762567602324 0.008929104683829792
10 60 2.1 2.2 14 14.5 491.6205435089379 0.0059668716772876
10 60 2.1 2.2 14.5 15 454.5792619280458 0.004383922160570819
10 60 2.1 2.2 15 16 811.2494877668502 0.008769187200300621
10 60 2.1 2.2 16 17 699.3376943828272 0.009077619954723559
10 60 2.1 2.2 17 18 605.9214039895143 0.01913620928485216
10 60 2.1 2.2 18 19 527.4679345311459 0.0243068836770135
10 60 2.1 2.2 19 20 461.2054122310029 0.00366591287661322
10 60 2.1 2.2 20 21 404.9434572534869 0.003258476729456561
10 60 2.1 2.2 21 22 356.9342914418878 0.003026943133022542
10 60 2.1 2.2 22 23 315.7738082978047 0.002637816308322272
10 60 2.1 2.2 23 24 280.3285131372077 0.002347428843563648
10 60 2.1 2.2 24 25 249.677181492343 0.002140396914313669
10 60 2.1 2.2 25 26 223.0664074546041 0.001927927568090126
10 60 2.1 2.2 26 27 199.8768187666971 0.001760991553197755
10 60 2.1 2.2 27 28 179.5966043916291 0.001593705848506488
10 60 2.1 2.2 28 29 161.8007673347228 0.001490102064707344
10 60 2.1 2.2 29 30 146.1345402681848 0.001408170304898704
10 60 2.1 2.2 30 31 132.3006856800238 0.001356257040214359
10 60 2.1 2.2 31 32 120.0491197967275 0.001214708296643607
10 60 2.1 2.2 32 33 109.1688227481537 0.001056264698505061
10 60 2.1 2.2 33 34 99.48082928367329 0.0009725128881967748
10 60 2.1 2.2 34 35 90.83270021148853 0.000952740796591911
10 60 2.1 2.2 35 36 83.09404988221729 0.0009317634337691061
10 60 2.1 2.2 36 37 76.15305270341729 0.0008922866715437294
10 60 2.1 2.2 37 38 69.91345005424057 0.0008355547200977753
10 60 2.1 2.2 38 39 64.29234005030203 0.000825193438373617
10 60 2.1 2.2 39 40 59.21797514614796 0.0008303779356495511
10 60 2.1 2.2 40 42 105.0967307513881 0.00152979381070395
10 60 2.1 2.2 42 44 89.94999349334022 0.001407335565275503
10 60 2.1 2.2 44 46 77.40222722294298 0.001418107169286031
10 60 2.1 2.2 46 48 66.93904589137195 0.001238465293511126
10 60 2.1 2.2 48 50 58.16127311125997 0.001139625508557174
10 60 2.1 2.2 50 52 50.75586838245493 0.001081564166746318
10 60 2.1 2.2 52 54 44.47513714438599 0.0010301889593336
10 60 2.1 2.2 54 56 39.12151656989625 0.001028631725063178
10 60 2.1 2.2 56 58 34.53657691436885 0.0009940408831141667
10 60 2.1 2.2 58 60 30.59261369225103 0.0009330111854737311
10 60 2.1 2.2 60 65 62.54776628896771 0.002183846360544806
10 60 2.1 2.2 65 70 47.39191853163852 0.001868437714946936
10 60 2.1 2.2 70 80 64.98529462437534 0.0002503908627318197
10 60 2.1 2.2 80 90 40.5583540776491 0.0001567217159816892
10 60 2.1 2.2 90 100 26.43551369250095 0.00010291904814963
10 60 2.2 2.3 0 0.5 -100486.9093740274 1.837607424487942
10 60 2.2 2.3 0.5 1 3686.487601756685 0.1232216766888996
10 60 2.2 2.3 1 1.5 9690.867853885555 0.3261787621650001
10 60 2.2 2.3 1.5 2 8717.829138313944 0.2712158250651555
10 60 2.2 2.3 2 2.5 7315.60180868565 0.2174867389257997
10 60 2.2 2.3 2.5 3 6118.283995205472 0.1783510127297632
10 60 2.2 2.3 3 3.5 5160.30851950055 0.1452926469037266
10 60 2.2 2.3 3.5 4 4397.267637410829 0.1203131657211998
10 60 2.2 2.3 4 4.5 3783.600294857883 0.100735966198954
10 60 2.2 2.3 4.5 5 3283.689081406934 0.08355134647626983
10 60 2.2 2.3 5 5.5 2871.169392418331 0.06909734234614007
10 60 2.2 2.3 5.5 6 2526.73340655954 0.05701598640007433
10 60 2.2 2.3 6 6.5 2236.103796811527 0.04668192457847908
10 60 2.2 2.3 6.5 7 1988.602625948436 0.03792242621693731
10 60 2.2 2.3 7 7.5 1776.135995281862 0.0307128079141421
10 60 2.2 2.3 7.5 8 1592.457313258026 0.02513246073363007
10 60 2.2 2.3 8 8.5 1432.687968197537 0.02119443135370602
10 60 2.2 2.3 8.5 9 1292.967492564017 0.01803444024403689
10 60 2.2 2.3 9 9.5 1170.193498789696 0.01544230778404199
10 60 2.2 2.3 9.5 10 1061.847696851696 0.01318941577119404
10 60 2.2 2.3 10 10.5 965.8696344488408 0.0112995780135634
10 60 2.2 2.3 10.5 11 880.5542481259238 0.009739268964722214
10 60 2.2 2.3 11 11.5 804.4769176994168 0.03978519668248737
10 60 2.2 2.3 11.5 12 736.4400622708223 0.03048233986612559
10 60 2.2 2.3 12 12.5 675.4315056490038 0.02305922201105659
10 60 2.2 2.3 12.5 13 620.5894934375065 0.01718407037606084
10 60 2.2 2.3 13 13.5 571.1756576919862 0.01255248180552826
10 60 2.2 2.3 13.5 14 526.5544664988952 0.008845984724530354
10 60 2.2 2.3 14 14.5 486.1775426897074 0.005908243868645968
10 60 2.2 2.3 14.5 15 449.5695519428512 0.003694131833356096
10 60 2.2 2.3 15 16 802.3740495796044 0.008717042255057095
10 60 2.2 2.3 16 17 691.7648889046286 0.008604106667462474
10 60 2.2 2.3 17 18 599.4256092831114 0.01863299354567971
10 60 2.2 2.3 18 19 521.868432316658 0.02393278288911915
10 60 2.2 2.3 19 20 456.3581317350072 0.00372629193634566
10 60 2.2 2.3 20 21 400.7281540957347 0.003108873731889616
10 60 2.2 2.3 21 22 353.2532649561769 0.002676736620230713
10 60 2.2 2.3 22 23 312.5485143334052 0.002464658217490978
10 60 2.2 2.3 23 24 277.4933184716844 0.002349496145143348
10 60 2.2 2.3 24 25 247.1763736096492 0.002136300692654913
10 60 2.2 2.3 25 26 220.853359375489 0.001899287241116099
10 60 2.2 2.3 26 27 197.9125127771643 0.001764195735319163
10 60 2.2 2.3 27 28 177.8480135076388 0.001701474142123516
10 60 2.2 2.3 28 29 160.2397405507481 0.001572291921149827
10 60 2.2 2.3 29 30 144.7373280237309 0.001396379372948786
10 60 2.2 2.3 30 31 131.0471767871863 0.001381987716541744
10 60 2.2 2.3 31 32 118.9219500457801 0.001404103856629035
10 60 2.2 2.3 32 33 108.1526305115684 0.001324440877979782
10 60 2.2 2.3 33 34 98.56218306190301 0.001160316477452739
10 60 2.2 2.3 34 35 90.0000190866126 0.001097267372486499
10 60 2.2 2.3 35 36 82.33744613453392 0.001089219919734319
10 60 2.2 2.3 36 37 75.46400150413828 0.001030655213014597
10 60 2.2 2.3 37 38 69.28480126551378 0.0009470798308086614
10 60 2.2 2.3 38 39 63.71780733125561 0.0009271575086913231
10 60 2.2 2.3 39 40 58.69202450237161 0.0009604068986845959
10 60 2.2 2.3 40 42 104.1710531895052 0.001870317135086452
10 60 2.2 2.3 42 44 89.16568029197711 0.001662762516446037
10 60 2.2 2.3 44 46 76.73345645545442 0.001645665403174235
10 60 2.2 2.3 46 48 66.36531998963892 0.001556886926451284
10 60 2.2 2.3 48 50 57.66572199617921 0.001460593989477843
10 60 2.2 2.3 50 52 50.32478352674244 0.001406536375235135
10 60 2.2 2.3 52 54 44.09759991489906 0.00127626779713097
10 60 2.2 2.3 54 56 38.78916432292876 0.001240445911292909
10 60 2.2 2.3 56 58 34.24269582819871 0.001217259495419398
10 60 2.2 2.3 58 60 30.33150457758451 0.00114028245591058
10 60 2.2 2.3 60 65 62.00930644091269 0.002681547154864461
10 60 2.2 2.3 65 70 46.97544977173744 0.0001829878274648422
10 60 2.2 2.3 70 80 64.38222509994311 0.0002504408427768112
10 60 2.2 2.3 80 90 40.14367241088492 0.0001566205766607709
10 60 2.2 2.3 90 100 26.13066396255498 0.0001027782183165016
10 60 2.3 2.4 0 0.5 -98433.05582858957 1.523596158760483
10 60 2.3 2.4 0.5 1 3862.389108886206 0.08803115472392165
10 60 2.3 2.4 1 1.5 9654.23042446448 0.1385361453176301
10 60 2.3 2.4 1.5 2 8650.945700517063 0.4054496323697094
10 60 2.3 2.4 2 2.5 7248.015312105129 0.2945239553473584
10 60 2.3 2.4 2.5 3 6056.425232032179 0.2181102521199136
10 60 2.3 2.4 3 3.5 5105.285624867707 0.1649411700509518
10 60 2.3 2.4 3.5 4 4348.720139787036 0.1267517142550787
10 60 2.3 2.4 4 4.5 3740.830817070933 0.09783999701312496
10 60 2.3 2.4 4.5 5 3245.942149242574 0.07742697618050443
10 60 2.3 2.4 5 5.5 2837.782621635526 0.06300741039876812
10 60 2.3 2.4 5.5 6 2497.114522679756 0.05210791859644814
10 60 2.3 2.4 6 6.5 2209.749336264359 0.0436419482743986
10 60 2.3 2.4 6.5 7 1965.093595070079 0.03675969586333849
10 60 2.3 2.4 7 7.5 1755.100001755695 0.03069161484881988
10 60 2.3 2.4 7.5 8 1573.582557802467 0.02557099975297206
10 60 2.3 2.4 8 8.5 1415.712258102463 0.02137956906994987
10 60 2.3 2.4 8.5 9 1277.659462498412 0.01785468868570206
10 60 2.3 2.4 9 9.5 1156.357060916899 0.01524686650282092
10 60 2.3 2.4 9.5 10 1049.319083445465 0.01301385079727879
10 60 2.3 2.4 10 10.5 954.5041347214232 0.01116269429667227
10 60 2.3 2.4 10.5 11 870.2230386181994 0.009636947593094192
10 60 2.3 2.4 11 11.5 795.069112580048 0.03915127083121206
10 60 2.3 2.4 11.5 12 727.8600241765558 0.03003731088540462
10 60 2.3 2.4 12 12.5 667.5940653582154 0.02280016785857697
10 60 2.3 2.4 12.5 13 613.4182937562146 0.01699214038603714
10 60 2.3 2.4 13 13.5 564.6036416230462 0.01237496813314465
10 60 2.3 2.4 13.5 14 520.5231245856432 0.008717792425045445
10 60 2.3 2.4 14 14.5 480.6349779772451 0.005862350623715429
10 60 2.3 2.4 14.5 15 444.4689646059684 0.003589669596067324
10 60 2.3 2.4 15 16 793.3359449038273 0.008768854472577914
10 60 2.3 2.4 16 17 684.0504804170102 0.008410370101273656
10 60 2.3 2.4 17 18 592.8109113514541 0.01816611895083042
10 60 2.3 2.4 18 19 516.1693897819597 0.02328464509457717
10 60 2.3 2.4 19 20 451.4232577684829 0.003459215137127103
10 60 2.3 2.4 20 21 396.4371986748201 0.00309481934402811
10 60 2.3 2.4 21 22 349.5068519161176 0.002880889587629554
10 60 2.3 2.4 22 23 309.2634136080136 0.002479141979222277
10 60 2.3 2.4 23 24 274.6022560243567 0.002151996232669262
10 60 2.3 2.4 24 25 244.6245264527474 0.002201096428137816
10 60 2.3 2.4 25 26 218.5938025470444 0.002132213168636099
10 60 2.3 2.4 26 27 195.9051155524428 0.001852569439165563
10 60 2.3 2.4 27 28 176.0592658023128 0.001770653604239669
10 60 2.3 2.4 28 29 158.6413011650772 0.001795001952672237
10 60 2.3 2.4 29 30 143.3048262452433 0.001675145115058285
10 60 2.3 2.4 30 31 129.759811293335 0.001502995994115963
10 60 2.3 2.4 31 32 117.7621908723092 0.001500285878989871
10 60 2.3 2.4 32 33 107.1054873983563 0.00153891850257537
10 60 2.3 2.4 33 34 97.61447407918278 0.001461654560287684
10 60 2.3 2.4 34 35 89.14012473967411 0.001347091285992974
10 60 2.3 2.4 35 36 81.55520688932303 0.001302047616292157
10 60 2.3 2.4 36 37 74.75062998098704 0.001303742395421637
10 60 2.3 2.4 37 38 68.63254243528073 0.001227399306301891
10 60 2.3 2.4 38 39 63.12006004328433 0.001116249098146227
10 60 2.3 2.4 39 40 58.14315889130969 0.001058892352062912
10 60 2.3 2.4 40 42 103.2014997341507 0.002218997742971851
10 60 2.3 2.4 42 44 88.34013018934407 0.00207330236288783
10 60 2.3 2.4 44 46 76.02538448062806 0.002005491914417235
10 60 2.3 2.4 46 48 65.75402586977002 0.001924480809691431
10 60 2.3 2.4 48 50 57.13466246047239 0.001829109545532503
10 60 2.3 2.4 50 52 49.86040693277513 0.001768017000152611
10 60 2.3 2.4 52 54 43.68876337327988 0.001628835522176075
10 60 2.3 2.4 54 56 38.42684720326916 0.001539988022599914
10 60 2.3 2.4 56 58 33.91984160000003 0.001451922821303242
10 60 2.3 2.4 58 60 30.04259451743682 0.001416930053473209
10 60 2.3 2.4 60 65 61.40620454300241 0.0002423647687876951
10 60 2.3 2.4 65 70 46.50094896569362 0.00018288764451313
10 60 2.3 2.4 70 80 63.68250631846169 0.0002501689561853482
10 60 2.3 2.4 80 90 39.65024120431089 0.0001563452186843506
10 60 2.3 2.4 90 100 25.76157506668292 0.000102407839126073
10 60 2.4 2.5 0 0.5 -96344.19116116749 1.634354238718515
10 60 2.4 2.5 0.5 1 4040.639848420804 0.151484103027542
10 60 2.4 2.5 1 1.5 9616.64530589614 0.2907881560349779
10 60 2.4 2.5 1.5 2 8582.777181689258 0.2523387816800096
10 60 2.4 2.5 2 2.5 7179.233817110694 0.2096185774489641
10 60 2.4 2.5 2.5 3 5993.552684048662 0.1745807400711783
10 60 2.4 2.5 3 3.5 5049.383251579707 0.1474761320878315
10 60 2.4 2.5 3.5 4 4299.432091874685 0.1220096002498394
10 60 2.4 2.5 4 4.5 3697.410729936162 0.1007768076601678
10 60 2.4 2.5 4.5 5 3207.636911728333 0.08231120698746963
10 60 2.4 2.5 5 5.5 2803.895717098441 0.06611848979218848
10 60 2.4 2.5 5.5 6 2467.044119687602 0.05342382588469263
10 60 2.4 2.5 6 6.5 2182.989566499371 0.0437570688031883
10 60 2.4 2.5 6.5 7 1941.202739433718 0.03616582282984382
10 60 2.4 2.5 7 7.5 1733.71503393521 0.03001749754230332
10 60 2.4 2.5 7.5 8 1554.393908559612 0.02507327675175475
10 60 2.4 2.5 8 8.5 1398.448162372687 0.02096343390576294
10 60 2.4 2.5 8.5 9 1262.091981116295 0.01775770102449314
10 60 2.4 2.5 9 9.5 1142.290413057494 0.01516076333609817
10 60 2.4 2.5 9.5 10 1036.580137904687 0.01281972936999409
10 60 2.4 2.5 10 10.5 942.9452457144378 0.01102962837501309
10 60 2.4 2.5 10.5 11 859.7183894474047 0.009548550544991485
10 60 2.4 2.5 11 11.5 785.5064952301948 0.03864102885336251
10 60 2.4 2.5 11.5 12 719.1391105470736 0.0296384883644123
10 60 2.4 2.5 12 12.5 659.6273578670301 0.02245547581946994
10 60 2.4 2.5 12.5 13 606.1296528361954 0.0167696845392129
10 60 2.4 2.5 13 13.5 557.9252377116046 0.0122392003281675
10 60 2.4 2.5 13.5 14 514.3943914598543 0.008642521897058941
10 60 2.4 2.5 14 14.5 475.0021725612173 0.005803714536000371
10 60 2.4 2.5 14.5 15 439.2847726831941 0.003557306123639137
10 60 2.4 2.5 15 16 784.1495943677791 0.008860392076712742
10 60 2.4 2.5 16 17 676.2080115475135 0.008096314478962086
10 60 2.4 2.5 17 18 586.0823351978511 0.01778340623195618
10 60 2.4 2.5 18 19 510.3704070119061 0.02284963412728303
10 60 2.4 2.5 19 20 446.4037237032026 0.003841622443417236
10 60 2.4 2.5 20 21 392.071061111561 0.003315958897815108
10 60 2.4 2.5 21 22 345.6923088232392 0.002773421691074418
10 60 2.4 2.5 22 23 305.9184684185066 0.002879860659049882
10 60 2.4 2.5 23 24 271.6567926472574 0.00252945724099618
10 60 2.4 2.5 24 25 242.0205107317532 0.002175312580703803
10 60 2.4 2.5 25 26 216.2845717201239 0.002241842366203173
10 60 2.4 2.5 26 27 193.8513553206227 0.002287870427352345
10 60 2.4 2.5 27 28 174.2267179065606 0.002036135045472065
10 60 2.4 2.5 28 29 157.001073645053 0.00198139422730037
10 60 2.4 2.5 29 30 141.8325537453584 0.002017853914423995
10 60 2.4 2.5 30 31 128.4344608089818 0.001875913766298254
10 60 2.4 2.5 31 32 116.5656931177151 0.00173201117573285
10 60 2.4 2.5 32 33 106.0225947820065 0.001747147295418472
10 60 2.4 2.5 33 34 96.63205435638397 0.00176056309356909
10 60 2.4 2.5 34 35 88.24682118455212 0.001655009437399713
10 60 2.4 2.5 35 36 80.74099681626281 0.001570681864279777
10 60 2.4 2.5 36 37 74.00682267217189 0.001584399195280639
10 60 2.4 2.5 37 38 67.951347124216 0.001557662873850063
10 60 2.4 2.5 38 39 62.49465555388448 0.001460342066671672
10 60 2.4 2.5 39 40 57.56749105760202 0.001372650002160469
10 60 2.4 2.5 40 42 102.1794239547715 0.002689728801641422
10 60 2.4 2.5 42 44 87.46395389243803 0.00255978331001927
10 60 2.4 2.5 44 46 75.26909031949076 0.002499328195639805
10 60 2.4 2.5 46 48 65.09648704653432 0.002356556421531764
10 60 2.4 2.5 48 50 56.55929508914098 0.002227250129180902
10 60 2.4 2.5 50 52 49.35398480226423 0.002145757640526824
10 60 2.4 2.5 52 54 43.24040728980562 0.002047800647872577
10 60 2.4 2.5 54 56 38.0273791675954 0.00015329507083095
10 60 2.4 2.5 56 58 33.5616691969596 0.0001347162063964902
10 60 2.4 2.5 58 60 29.71959771648599 0.000118959846595601
10 60 2.4 2.5 60 65 60.72362094099054 0.0002420618262348739
10 60 2.4 2.5 65 70 45.95542539389372 0.0001825233504106905
10 60 2.4 2.5 70 80 62.8643991695699 0.0002495570977032457
10 60 2.4 2.5 80 90 39.06144853476979 0.0001557400566838396
10 60 2.4 2.5 90 100 25.31635888903714 0.0001017556793279084
10 60 2.5 2.75 0 0.5 -231513.7532779618 3.296802881261101
10 60 2.5 2.75 0.5 1 10907.45263160367 0.1017381657675287
10 60 2.5 2.75 1 1.5 23878.65450031048 1.030891687405529
10 60 2.5 2.75 1.5 2 21155.43444830598 0.798760829566163
10 60 2.5 2.75 2 2.5 17642.6864854757 0.6126726047732518
10 60 2.5 2.75 2.5 3 14704.12878187754 0.5544154871568026
10 60 2.5 2.75 3 3.5 12374.46196056394 0.5097396731125627
10 60 2.5 2.75 3.5 4 10528.77295027082 0.4323151832086296
10 60 2.5 2.75 4 4.5 9049.750123004031 0.3815271544135612
10 60 2.5 2.75 4.5 5 7847.995909398946 0.3263767103990176
10 60 2.5 2.75 5 5.5 6858.290490674396 0.2881405622802049
10 60 2.5 2.75 5.5 6 6033.16698583887 0.2491671362986381
10 60 2.5 2.75 6 6.5 5337.777661485476 0.2215006080277817
10 60 2.5 2.75 6.5 7 4746.148896791187 0.1949571241775629
10 60 2.5 2.75 7 7.5 4238.638866674344 0.1732378482893182
10 60 2.5 2.75 7.5 8 3800.155493397472 0.155420711822444
10 60 2.5 2.75 8 8.5 3418.924860516507 0.1397648179731732
10 60 2.5 2.75 8.5 9 3085.645768797459 0.1261922162311748
10 60 2.5 2.75 9 9.5 2792.866342528284 0.1146921059653323
10 60 2.5 2.75 9.5 10 2534.547458369583 0.1042048297567817
10 60 2.5 2.75 10 10.5 2305.748757924609 0.09382288587357834
10 60 2.5 2.75 10.5 11 2102.38590552182 0.08398228954911247
10 60 2.5 2.75 11 11.5 1921.052516213464 0.09403733496878885
10 60 2.5 2.75 11.5 12 1758.889177886387 0.07215937759588087
10 60 2.5 2.75 12 12.5 1613.477474334842 0.0646131961559604
10 60 2.5 2.75 12.5 13 1482.757870028331 0.06108059376583697
10 60 2.5 2.75 13 13.5 1364.966895552694 0.05782621803155052
10 60 2.5 2.75 13.5 14 1258.591602309901 0.0546702573510629
10 60 2.5 2.75 14 14.5 1162.324849784755 0.05143507513230361
10 60 2.5 2.75 14.5 15 1075.032473322056 0.04838587462609212
10 60 2.5 2.75 15 16 1919.279513335871 0.08938834081482128
10 60 2.5 2.75 16 17 1655.410474644787 0.08158137818122668
10 60 2.5 2.75 17 18 1435.053358112712 0.04238776560964652
10 60 2.5 2.75 18 19 1249.903345605429 0.05494427380244815
10 60 2.5 2.75 19 20 1093.447161932518 0.006889219092272469
10 60 2.5 2.75 20 21 960.5313948637794 0.005825363027724961
10 60 2.5 2.75 21 22 847.0493425748239 0.004954721641070137
10 60 2.5 2.75 22 23 749.7032394230695 0.00426561539325121
10 60 2.5 2.75 23 24 665.8294246882737 0.003687709683845242
10 60 2.5 2.75 24 25 593.2625678985944 0.003200333901418162
10 60 2.5 2.75 25 26 530.2303345678325 0.002794650176383584
10 60 2.5 2.75 26 27 475.2755209025914 0.00245087647846276
10 60 2.5 2.75 27 28 427.1938225238229 0.002161631450519508
10 60 2.5 2.75 28 29 384.9830316175299 0.001914180874678095
10 60 2.5 2.75 29 30 347.8073961678575 0.001699789031818
10 60 2.5 2.75 30 31 314.9664834122752 0.001517557226350164
10 60 2.5 2.75 31 32 285.8697555473657 0.001357670845209213
10 60 2.5 2.75 32 33 260.0181727059729 0.001219066817839121
10 60 2.5 2.75 33 34 236.989560443358 0.001098421385705706
10 60 2.5 2.75 34 35 216.4236886503274 0.0009916445810347341
10 60 2.5 2.75 35 36 198.0123273427647 0.0008981985948821603
10 60 2.5 2.75 36 37 181.4916900079554 0.0008152171298263511
10 60 2.5 2.75 37 38 166.6349511801279 0.0007419835665700703
10 60 2.5 2.75 38 39 153.2457519459365 0.0006766689608355136
10 60 2.5 2.75 39 40 141.1543705711144 0.0006185046509017411
10 60 2.5 2.75 40 42 250.5094294422279 0.001086585882291047
10 60 2.5 2.75 42 44 214.3824943615199 0.0009190300465888868
10 60 2.5 2.75 44 46 184.4386631672485 0.0007824300888898961
10 60 2.5 2.75 46 48 159.4592576533368 0.000670048534544776
10 60 2.5 2.75 48 50 138.4951236297328 0.0005777810754636903
10 60 2.5 2.75 50 52 120.8011916269918 0.0005005783510085848
10 60 2.5 2.75 52 54 105.7883902962894 0.0004360598155130901
10 60 2.5 2.75 54 56 92.98766639866555 0.0003815348986790923
10 60 2.5 2.75 56 58 82.02248698119453 0.0003352331405181985
10 60 2.5 2.75 58 60 72.58881325403799 0.0002956446293325143
10 60 2.5 2.75 60 65 148.1415364971543 0.0006013411882861419
10 60 2.5 2.75 65 70 111.8957141958987 0.0004528583820189169
10 60 2.5 2.75 70 80 152.572256844226 0.0006174001881333879
10 60 2.5 2.75 80 90 94.29096041209489 0.0003836266582908365
10 60 2.5 2.75 90 100 60.72069528848537 0.0002493023786840354
10 60 2.75 3 0 0.5 -217829.5539711093 7.970818183821393
10 60 2.75 3 0.5 1 12090.35109154379 0.2306509740046749
10 60 2.75 3 1 1.5 23641.14915177719 1.008640468717203
10 60 2.75 3 1.5 2 20714.13727041449 0.7586587635596516
10 60 2.75 3 2 2.5 17195.45710838986 0.5815521845579497
10 60 2.75 3 2.5 3 14294.41961505755 0.4503452591343375
10 60 2.75 3 3 3.5 12009.76909212746 0.4011427717523475
10 60 2.75 3 3.5 4 10206.88595020571 0.3248607309014915
10 60 2.75 3 4 4.5 8766.024938046636 0.2854886735385662
10 60 2.75 3 4.5 5 7597.545919305422 0.2507515819552282
10 60 2.75 3 5 5.5 6636.647754442899 0.2152886761623449
10 60 2.75 3 5.5 6 5836.461923355542 0.1935692026963807
10 60 2.75 3 6 6.5 5162.691700835062 0.1708435839063895
10 60 2.75 3 6.5 7 4589.865621241232 0.1534963764088388
10 60 2.75 3 7 7.5 4098.766829459445 0.140502350166571
10 60 2.75 3 7.5 8 3674.643277608397 0.1256801848930991
10 60 2.75 3 8 8.5 3306.034825001465 0.117472319155695
10 60 2.75 3 8.5 9 2983.87282739286 0.1074416079468392
10 60 2.75 3 9 9.5 2700.914914286323 0.1001573225321408
10 60 2.75 3 9.5 10 2451.302784621754 0.0949397441572728
10 60 2.75 3 10 10.5 2230.232731633511 0.08856870690851792
10 60 2.75 3 10.5 11 2033.748074772111 0.0841623540254659
10 60 2.75 3 11 11.5 1858.55251385842 0.09091851337279877
10 60 2.75 3 11.5 12 1701.870830976499 0.07758835322397317
10 60 2.75 3 12 12.5 1561.363651511877 0.07406445147694285
10 60 2.75 3 12.5 13 1435.044502992828 0.07068984243596788
10 60 2.75 3 13 13.5 1321.208712903607 0.0292024744351238
10 60 2.75 3 13.5 14 1218.395008805097 0.02072601549048159
10 60 2.75 3 14 14.5 1125.341762714715 0.01401107556512216
10 60 2.75 3 14.5 15 1040.955324524337 0.008779037177419013
10 60 2.75 3 15 16 1858.776948000628 0.02422048727180481
10 60 2.75 3 16 17 1603.600983003932 0.01589773256682747
10 60 2.75 3 17 18 1390.444212193338 0.03893952035855364
10 60 2.75 3 18 19 1211.289273277057 0.05148894902413303
10 60 2.75 3 19 20 1059.85331300298 0.006762811624184906
10 60 2.75 3 20 21 931.1628472590273 0.005729858000563581
10 60 2.75 3 21 22 821.2572583637412 0.00489428401317582
10 60 2.75 3 22 23 726.9519403930076 0.004205019015557809
10 60 2.75 3 23 24 645.675619015848 0.003632509733733968
10 60 2.75 3 24 25 575.3357945925732 0.003158836851639535
10 60 2.75 3 25 26 514.2189074635354 0.002763042955962192
10 60 2.75 3 26 27 460.9187719637822 0.002425975040011963
10 60 2.75 3 27 28 414.2705934127887 0.002137637781174817
10 60 2.75 3 28 29 373.3075175863975 0.001894614209845713
10 60 2.75 3 29 30 337.223005099762 0.001684007650965214
10 60 2.75 3 30 31 305.3390893372818 0.00150130683033467
10 60 2.75 3 31 32 277.0857813500766 0.001344757115703032
10 60 2.75 3 32 33 251.9809993306643 0.001206330144697176
10 60 2.75 3 33 34 229.614820540785 0.001086838902580212
10 60 2.75 3 34 35 209.6384066690335 0.0009812282858661092
10 60 2.75 3 35 36 191.7533812708055 0.0008891786725655493
10 60 2.75 3 36 37 175.7035617953329 0.0008070884511539589
10 60 2.75 3 37 38 161.2690035335489 0.0007347789302230012
10 60 2.75 3 38 39 148.2598091759312 0.0006704394352539111
10 60 2.75 3 39 40 136.5113925274874 0.000612831772230038
10 60 2.75 3 40 42 242.1254054531438 0.001075388147256717
10 60 2.75 3 42 44 207.0241423635423 0.0009086611384248044
10 60 2.75 3 44 46 177.9315892172394 0.0007734953542239964
10 60 2.75 3 46 48 153.6636602022343 0.0006624973396469613
10 60 2.75 3 48 50 133.2996071561305 0.0005703380985266904
10 60 2.75 3 50 52 116.1172161597929 0.0004944219426334939
10 60 2.75 3 52 54 101.5447141495049 0.0004299060705790225
10 60 2.75 3 54 56 89.12558979746933 0.0003756659276490382
10 60 2.75 3 56 58 78.49309760262675 0.0003297074519963417
10 60 2.75 3 58 60 69.35105764966815 0.0002906136465412601
10 60 2.75 3 60 65 141.1082387639168 0.0005893417670392864
10 60 2.75 3 65 70 106.0636474149639 0.0004420663286595072
10 60 2.75 3 70 80 143.4660981102477 0.0005985771501002546
10 60 2.75 3 80 90 87.54285381351157 0.0003678103704487512
10 60 2.75 3 90 100 55.55278040960292 0.0002360704673378677
10 60 3 3.25 0 0.5 -203935.8356807054 3.453675166063476
10 60 3 3.25 0.5 1 13279.06842243952 0.02485430375963915
10 60 3 3.25 1 1.5 23389.34969983238 0.9992864237683534
10 60 3 3.25 1.5 2 20257.92621412701 0.7355222067271825
10 60 3 3.25 2 2.5 16735.08606283056 0.5566173525839986
10 60 3 3.25 2.5 3 13873.47719054825 0.4410186048626201
10 60 3 3.25 3 3.5 11635.50468687399 0.382400343014524
10 60 3 3.25 3.5 4 9876.815212322444 0.315647580762743
10 60 3 3.25 4 4.5 8475.22971611671 0.2660218846503994
10 60 3 3.25 4.5 5 7340.951380618621 0.2468014900214257
10 60 3 3.25 5 5.5 6409.610641641928 0.2108785090376841
10 60 3 3.25 5.5 6 5634.986303017045 0.1980330406258872
10 60 3 3.25 6 6.5 4983.342759383235 0.1763503244828826
10 60 3 3.25 6.5 7 4429.75538875995 0.1674615037754847
10 60 3 3.25 7 7.5 3955.413068739275 0.1537797787404998
10 60 3 3.25 7.5 8 3545.966562625331 0.148014046773369
10 60 3 3.25 8 8.5 3190.222705959816 0.1392243217337636
10 60 3 3.25 8.5 9 2879.396470736427 0.1338032765274875
10 60 3 3.25 9 9.5 2606.445786173816 0.1292902567893179
10 60 3 3.25 9.5 10 2365.688982806953 0.02975122387715601
10 60 3 3.25 10 10.5 2152.482889417294 0.02560970078684477
10 60 3 3.25 10.5 11 1962.99410762096 0.02213109772969801
10 60 3 3.25 11 11.5 1794.034034423853 0.08736174808905162
10 60 3 3.25 11.5 12 1642.927943847433 0.067505341896549
10 60 3 3.25 12 12.5 1507.414551521972 0.05145693177564681
10 60 3 3.25 12.5 13 1385.574087432735 0.03864514372912708
10 60 3 3.25 13 13.5 1275.765456411896 0.0286019032735112
10 60 3 3.25 13.5 14 1176.576584910586 0.02044417897673156
10 60 3 3.25 14 14.5 1086.791081081097 0.01398303658606892
10 60 3 3.25 14.5 15 1005.35567204332 0.008948497307642356
10 60 3 3.25 15 16 1795.333342194464 0.02659998958029064
10 60 3 3.25 16 17 1548.964387868604 0.0129516744036664
10 60 3 3.25 17 18 1343.108154905246 0.03588840712586716
10 60 3 3.25 18 19 1170.046989703901 0.04774929976201747
10 60 3 3.25 19 20 1023.722171412894 0.006640523600481174
10 60 3 3.25 20 21 899.3431490145036 0.005637959460614184
10 60 3 3.25 21 22 793.0902616279379 0.004808558340187119
10 60 3 3.25 22 23 701.8982426934022 0.004133669375391946
10 60 3 3.25 23 24 623.2876539282889 0.003580534889806586
10 60 3 3.25 24 25 555.2414136082668 0.00311182513530639
10 60 3 3.25 25 26 496.1092848326949 0.002715067429107876
10 60 3 3.25 26 27 444.5324414266049 0.002390192653990653
10 60 3 3.25 27 28 399.3879318115553 0.002104431221198411
10 60 3 3.25 28 29 359.741115724437 0.001864021181518183
10 60 3 3.25 29 30 324.8121131427548 0.001660069616264082
10 60 3 3.25 30 31 293.9467512845333 0.001478034193553412
10 60 3 3.25 31 32 266.5945234350064 0.001323862585138613
10 60 3 3.25 32 33 242.2896661663236 0.001190111606632627
10 60 3 3.25 33 34 220.6367756132209 0.001069394043696548
10 60 3 3.25 34 35 201.2987410849182 0.0009671276482947633
10 60 3 3.25 35 36 183.9872117788653 0.0008748600972126042
10 60 3 3.25 36 37 168.4548701474975 0.0007934125006556769
10 60 3 3.25 37 38 154.488650350674 0.0007221885461490274
10 60 3 3.25 38 39 141.9044468255647 0.0006582129668686321
10 60 3 3.25 39 40 130.5427198399619 0.00060131181518841
10 60 3 3.25 40 42 231.2155046121259 0.001055503793566004
10 60 3 3.25 42 44 197.2985680840978 0.000891319404161095
10 60 3 3.25 44 46 169.2081187296697 0.000757144110622221
10 60 3 3.25 46 48 145.7962981095753 0.00064750961010418
10 60 3 3.25 48 50 126.169208326893 0.0005563154033580986
10 60 3 3.25 50 52 109.6248547286174 0.0004807474335564166
10 60 3 3.25 52 54 95.60783190049392 0.0004172970293296885
10 60 3 3.25 54 56 83.67591791198727 0.0003639939219937105
10 60 3 3.25 56 58 73.47427507149132 0.0003187321386377562
10 60 3 3.25 58 60 64.71599548160523 0.0002800759611147896
10 60 3 3.25 60 65 130.9482150094235 0.0005652529334270184
10 60 3 3.25 65 70 97.56882354643213 0.0004207557052211541
10 60 3 3.25 70 80 130.1482929960846 0.0005629637259403353
10 60 3 3.25 80 90 77.70513305485062 0.000339379746193913
10 60 3 3.25 90 100 48.12406304042803 0.0002689088861345112
10 60 3.25 3.5 0 0.5 -189992.404854239 4.298273014224833
10 60 3.25 3.5 0.5 1 14447.65927697502 0.02355402079774649
10 60 3.25 3.5 1 1.5 23116.71749148423 0.9278173061902635
10 60 3.25 3.5 1.5 2 19784.94283286493 0.6919249443963054
10 60 3.25 3.5 2 2.5 16261.1809160355 0.7478428289432486
10 60 3.25 3.5 2.5 3 13441.43809029381 0.6020764900804352
10 60 3.25 3.5 3 3.5 11251.95357887606 0.5049456926390121
10 60 3.25 3.5 3.5 4 9538.839642237084 0.4401108216788998
10 60 3.25 3.5 4 4.5 8177.582594579235 0.3814690695853642
10 60 3.25 3.5 4.5 5 7078.288262250351 0.3430998350868322
10 60 3.25 3.5 5 5.5 6177.160101881693 0.1401763830299387
10 60 3.25 3.5 5.5 6 5428.584140817137 0.1152110792108942
10 60 3.25 3.5 6 6.5 4799.481372241694 0.09535469764887239
10 60 3.25 3.5 6.5 7 4265.442431614429 0.07890791603858816
10 60 3.25 3.5 7 7.5 3808.134585161742 0.06586326954038668
10 60 3.25 3.5 7.5 8 3413.563913089217 0.05515271080366801
10 60 3.25 3.5 8 8.5 3070.875768083953 0.04653068711559172
10 60 3.25 3.5 8.5 9 2771.527514785779 0.03938224836201698
10 60 3.25 3.5 9 9.5 2508.708265850435 0.03369675421936336
10 60 3.25 3.5 9.5 10 2276.915142172855 0.02880415699155492
10 60 3.25 3.5 10 10.5 2071.663047504985 0.02484013310504452
10 60 3.25 3.5 10.5 11 1889.248603026556 0.02142480813085967
10 60 3.25 3.5 11 11.5 1726.595912905439 0.0843225037403954
10 60 3.25 3.5 11.5 12 1581.126964774453 0.06550156642697402
10 60 3.25 3.5 12 12.5 1450.660805995507 0.04988678944710045
10 60 3.25 3.5 12.5 13 1333.351435021854 0.03771466220996444
10 60 3.25 3.5 13 13.5 1227.617122114481 0.02804128725460941
10 60 3.25 3.5 13.5 14 1132.099476782912 0.02004756068936331
10 60 3.25 3.5 14 14.5 1045.630640967901 0.01398119290547584
10 60 3.25 3.5 14.5 15 967.194672400713 0.009092908042362069
10 60 3.25 3.5 15 16 1726.915958372928 0.02849322976499025
10 60 3.25 3.5 16 17 1489.545792208221 0.01118480565492064
10 60 3.25 3.5 17 18 1291.156284111522 0.03152007390667677
10 60 3.25 3.5 18 19 1124.327914032766 0.0442759232842036
10 60 3.25 3.5 19 20 983.2468621081746 0.006463840112587604
10 60 3.25 3.5 20 21 863.3121259887673 0.005528896403802719
10 60 3.25 3.5 21 22 760.8517919065076 0.004729926120717209
10 60 3.25 3.5 22 23 672.9117526921914 0.004027262070508186
10 60 3.25 3.5 23 24 597.1037399022758 0.003504168873632807
10 60 3.25 3.5 24 25 531.4851494014273 0.003059493698515325
10 60 3.25 3.5 25 26 474.4664311507747 0.00265534614175067
10 60 3.25 3.5 26 27 424.7389836994973 0.002335313941728145
10 60 3.25 3.5 27 28 381.2201229386934 0.002063402701139694
10 60 3.25 3.5 28 29 343.0095615679328 0.001823024830741815
10 60 3.25 3.5 29 30 309.3551030798766 0.001621300458623409
10 60 3.25 3.5 30 31 279.6256143963411 0.001444452258454021
10 60 3.25 3.5 31 32 253.2893518385886 0.001292567649613829
10 60 3.25 3.5 32 33 229.8962209164469 0.001158868655352308
10 60 3.25 3.5 33 34 209.0638591902609 0.001043796953780429
10 60 3.25 3.5 34 35 190.466656434847 0.0009417892244130144
10 60 3.25 3.5 35 36 173.826401943848 0.0008516950468901996
10 60 3.25 3.5 36 37 158.904242528174 0.0007716592500628394
10 60 3.25 3.5 37 38 145.4945453222368 0.0007015886038175267
10 60 3.25 3.5 38 39 133.4194965354438 0.0006386313415589484
10 60 3.25 3.5 39 40 122.5251066422801 0.0005824336556088383
10 60 3.25 3.5 40 42 216.4385570715293 0.001019365493931446
10 60 3.25 3.5 42 44 183.9967412588933 0.0008580774273525549
10 60 3.25 3.5 44 46 157.1774643782624 0.0007268802557405252
10 60 3.25 3.5 46 48 134.8687800919721 0.0006194181972034585
10 60 3.25 3.5 48 50 116.2062534558975 0.0005308524243048396
10 60 3.25 3.5 50 52 100.5113140305257 0.0004568308702914692
10 60 3.25 3.5 52 54 87.24712041525126 0.0003950924688354007
10 60 3.25 3.5 54 56 75.98559954784378 0.0003430304495566361
10 60 3.25 3.5 56 58 66.38303416301869 0.0002989937327271264
10 60 3.25 3.5 58 60 58.16213942535091 0.0002616096080032548
10 60 3.25 3.5 60 65 116.5850940490099 0.0005239782568082774
10 60 3.25 3.5 65 70 85.60083475884599 0.0003849759453800061
10 60 3.25 3.5 70 80 111.6010931371295 0.0006377362433909184
10 60 3.25 3.5 80 90 64.31564659818017 0.0005376264303436074
10 60 3.25 3.5 90 100 38.29729937533968 0.0004418988304237814
10 60 3.5 4 0 0.5 -338590.0292293017 5.323298735311255
10 60 3.5 4 0.5 1 32214.22709013121 0.02704132262442727
10 60 3.5 4 1 1.5 45264.0462991743 1.640988755600119
10 60 3.5 4 1.5 2 38037.19606934117 1.228965682916169
10 60 3.5 4 2 2.5 31012.25833315352 0.9624893104446528
10 60 3.5 4 2.5 3 25515.0659282344 0.7438814318084042
10 60 3.5 4 3 3.5 21293.0161904392 0.6035562922734243
10 60 3.5 4 3.5 4 18011.52129184762 0.4825691463884141
10 60 3.5 4 4 4.5 15415.89717559786 0.3915274386181409
10 60 3.5 4 4.5 5 13326.71051668261 0.3204248088059103
10 60 3.5 4 5 5.5 11618.40753756066 0.2624624182717525
10 60 3.5 4 5.5 6 10202.05357598203 0.2159535747323389
10 60 3.5 4 6 6.5 9013.538318927564 0.1789740401327435
10 60 3.5 4 6.5 7 8005.809483163782 0.1488496957372263
10 60 3.5 4 7 7.5 7143.669793238405 0.1249599821458105
10 60 3.5 4 7.5 8 6400.337637802257 0.1049816325685242
10 60 3.5 4 8 8.5 5755.105544841232 0.08746897206765425
10 60 3.5 4 8.5 9 5191.721339813164 0.07547248072751245
10 60 3.5 4 9 9.5 4697.239628315838 0.06317351315556152
10 60 3.5 4 9.5 10 4261.241925128613 0.05447204235588288
10 60 3.5 4 10 10.5 3875.231036480531 0.04704341981232574
10 60 3.5 4 10.5 11 3532.219997222557 0.04023139984883528
10 60 3.5 4 11 11.5 3226.394300282575 0.1607920216770253
10 60 3.5 4 11.5 12 2952.894738961474 0.1251465740037929
10 60 3.5 4 12 12.5 2707.617575475297 0.09589499545609215
10 60 3.5 4 12.5 13 2487.083785755926 0.07263489637443854
10 60 3.5 4 13 13.5 2288.319046149938 0.05431548471915448
10 60 3.5 4 13.5 14 2108.769222839138 0.03932124198217934
10 60 3.5 4 14 14.5 1946.23535213087 0.02750818047252324
10 60 3.5 4 14.5 15 1798.810780831668 0.01802653261552223
10 60 3.5 4 15 16 3207.714447347142 0.06106755746850467
10 60 3.5 4 16 17 2761.702797430934 0.02151682125986554
10 60 3.5 4 17 18 2389.053782542117 0.05741409969732558
10 60 3.5 4 18 19 2075.825697921753 0.08147799924745414
10 60 3.5 4 19 20 1811.070645498842 0.01241357239905483
10 60 3.5 4 20 21 1586.126677855676 0.01054792173522401
10 60 3.5 4 21 22 1394.088126651802 0.008976195380910212
10 60 3.5 4 22 23 1229.401666967151 0.007708282498924746
10 60 3.5 4 23 24 1087.574641563034 0.006660646929503855
10 60 3.5 4 24 25 964.9498545652334 0.005801230389579359
10 60 3.5 4 25 26 858.5315336987649 0.005036404944121387
10 60 3.5 4 26 27 765.8516757680223 0.004416303623315798
10 60 3.5 4 27 28 684.8659465445398 0.003887613681399671
10 60 3.5 4 28 29 613.8754690838559 0.00449743082515397
10 60 3.5 4 29 30 551.4586792099951 0.005922933237002326
10 60 3.5 4 30 31 496.4239227551759 0.0065413825733458
10 60 3.5 4 31 32 447.7671738045584 0.007028597506177903
10 60 3.5 4 32 33 404.6392868950034 0.007607287874179747
10 60 3.5 4 33 34 366.3188758068929 0.008017506716271328
10 60 3.5 4 34 35 332.1910036337398 0.008050314818149218
10 60 3.5 4 35 36 301.729632248623 0.008028230890033683
10 60 3.5 4 36 37 274.4833236849311 0.00801989915004242
10 60 3.5 4 37 38 250.0634356322964 0.008334786656547521
10 60 3.5 4 38 39 228.1346475586427 0.008919307972860224
10 60 3.5 4 39 40 208.406918178534 0.009289263753260002
10 60 3.5 4 40 42 365.2061470340694 0.01730074208205679
10 60 3.5 4 42 44 306.9914598974331 0.001528714756034333
10 60 3.5 4 44 46 259.1908198309816 0.001281439175443211
10 60 3.5 4 46 48 219.7183378694035 0.001080410018033717
10 60 3.5 4 48 50 186.9507966925839 0.0009152541238393042
10 60 3.5 4 50 52 159.6165655947085 0.0007793693721680484
10 60 3.5 4 52 54 136.7108419329345 0.0006660010101029457
10 60 3.5 4 54 56 117.4351992650552 0.000571584872275821
10 60 3.5 4 56 58 101.151275951005 0.0004919840305461776
10 60 3.5 4 58 60 87.34474554042497 0.0004248238018504935
10 60 3.5 4 60 65 170.6625805260526 0.0008311235979192588
10 60 3.5 4 65 70 120.4283626388388 0.0005892144211117056
10 60 3.5 4 70 80 147.7606663492231 0.0007301520768123737
10 60 3.5 4 80 90 77.63169735594617 0.0003908194572943557
10 60 3.5 4 90 100 41.78296685751076 0.0002151859662831157
10 60 4 5 0 0.5 -511478.0692712598 8.668240978673566
10 60 4 5 0.5 1 74281.54081585689 0.3587949599168496
10 60 4 5 1 1.5 83373.00078990487 3.134066767481272
10 60 4 5 1.5 2 67331.91465406236 2.139927161275409
10 60 4 5 2 2.5 53868.55543530704 2.09807406681648
10 60 4 5 2.5 3 43795.215066766 1.201092344614153
10 60 4 5 3 3.5 36232.80541850928 0.9356124206169625
10 60 4 5 3.5 4 30437.48469521236 0.7503217231096642
10 60 4 5 4 4.5 25897.72185542458 0.6185689983685734
10 60 4 5 4.5 5 22269.67974008506 0.8617901630641427
10 60 4 5 5 5.5 19319.28201307004 0.4269195966080588
10 60 4 5 5.5 6 16883.75908692326 0.3580428936256794
10 60 4 5 6 6.5 14847.4104201098 0.301861845267922
10 60 4 5 6.5 7 13126.09736725474 0.2556709675081947
10 60 4 5 7 7.5 11657.44397122466 0.2136491511937493
10 60 4 5 7.5 8 10394.29541261824 0.181261266432557
10 60 4 5 8 8.5 9300.365483325666 0.1540724439601036
10 60 4 5 8.5 9 8347.319721870399 0.1299516172875883
10 60 4 5 9 9.5 7512.68265443734 0.1114207073524085
10 60 4 5 9.5 10 6778.39071556427 0.09418927802380495
10 60 4 5 10 10.5 6129.773228724915 0.08125600578114245
10 60 4 5 10.5 11 5554.775707924929 0.06965139136354992
10 60 4 5 11 11.5 5043.390014163416 0.06141164523978659
10 60 4 5 11.5 12 4587.251658049858 0.2026297088059437
10 60 4 5 12 12.5 4179.309791997815 0.1515798757400262
10 60 4 5 12.5 13 3813.580661375242 0.110805121780686
10 60 4 5 13 13.5 3484.957934433679 0.07800179803962237
10 60 4 5 13.5 14 3189.063126883675 0.05193421593276071
10 60 4 5 14 14.5 2922.120124799908 0.03149286552798003
10 60 4 5 14.5 15 2680.85619908565 0.02588284976491195
10 60 4 5 15 16 4726.779172557021 0.04399208268841903
10 60 4 5 16 17 4005.305926946282 0.1422684003628092
10 60 4 5 17 18 3407.753534798698 0.02915939984768556
10 60 4 5 18 19 2910.196264905735 0.02400835358730546
10 60 4 5 19 20 2493.884377094394 0.01995052159918487
10 60 4 5 20 21 2143.986577088252 0.0166752075306249
10 60 4 5 21 22 1848.686113489804 0.01401721324168648
10 60 4 5 22 23 1598.500512532386 0.01192032566405032
10 60 4 5 23 24 1385.774546664615 0.01244751445346992
10 60 4 5 24 25 1204.291288528327 0.01314285525791092
10 60 4 5 25 26 1048.973810892081 0.01397645817587545
10 60 4 5 26 27 915.6556210038943 0.01372276669519579
10 60 4 5 27 28 800.9030999973854 0.01339312307493401
10 60 4 5 28 29 701.8736064441675 0.01388342066275072
10 60 4 5 29 30 616.2033389955594 0.01438844475501355
10 60 4 5 30 31 541.9180620145421 0.01457391561780241
10 60 4 5 31 32 477.363443640528 0.01371195843881878
10 60 4 5 32 33 421.1492066305028 0.01279845287564285
10 60 4 5 33 34 372.1020929354853 0.0129846005293075
10 60 4 5 34 35 329.2279761528475 0.01266393464430848
10 60 4 5 35 36 291.6822506602757 0.01221209393366962
10 60 4 5 36 37 258.7467411890839 0.01178079620052586
10 60 4 5 37 38 229.8090471087351 0.01139436090073787
10 60 4 5 38 39 204.3450025979924 0.001279919285281039
10 60 4 5 39 40 181.904811514058 0.001131880364056315
10 60 4 5 40 42 306.7041383070402 0.001903888340791582
10 60 4 5 42 44 244.5214638743313 0.001505102940370762
10 60 4 5 44 46 195.670372728771 0.0012003036903252
10 60 4 5 46 48 157.1165756493337 0.0009594293140366972
10 60 4 5 48 50 126.5622591077474 0.005320307865787299
10 60 4 5 50 52 102.253552603232 0.002264807875008046
10 60 4 5 52 54 82.84381322740786 0.0005698328436949396
10 60 4 5 54 56 67.29309402469202 0.003213382343218996
10 60 4 5 56 58 54.79272258996019 0.000331287311759354
10 60 4 5 58 60 44.71372065071824 0.0002704919266918182
10 60 4 5 60 65 79.41698102857505 0.0004800799998321281
10 60 4 5 65 70 48.53395377230709 0.0002951262572707947
10 60 4 5 70 80 48.49464682189141 0.001041693424248535
10 60 4 5 80 90 18.81891662737177 0.0005213250120945645
10 60 4 5 90 100 7.362127694034405 0.0002367685899269389
60 120 -5 -4 0 0.5 -0.6949479215764863 7.105619577063571e-06
60 120 -5 -4 0.5 1 1814.183801474471 0.08938162065578581
60 120 -5 -4 1 1.5 3464.449412733411 0.1273304628512051
60 120 -5 -4 1.5 2 2998.413632093955 0.06774833006920744
60 120 -5 -4 2 2.5 2506.949687153383 0.04145987566107578
60 120 -5 -4 2.5 3 2108.977622584218 0.02702419114393706
60 120 -5 -4 3 3.5 1795.966446257872 0.01828782679172036
60 120 -5 -4 3.5 4 1547.673312605455 0.07139456818890721
60 120 -5 -4 4 4.5 1348.528241041461 0.05161438133541196
60 120 -5 -4 4.5 5 1186.066011961561 0.03657279962135362
60 120 -5 -4 5 5.5 1051.64511235083 0.02492252384490712
60 120 -5 -4 5.5 6 939.0178761998675 0.01579104643872142
60 120 -5 -4 6 6.5 843.5882294567001 0.008555340030511616
60 120 -5 -4 6.5 7 761.9218100119865 0.002785356820595553
60 120 -5 -4 7 7.5 691.4171619390577 0.001842567366907133
60 120 -5 -4 7.5 8 630.0749557651884 0.005571125104324892
60 120 -5 -4 8 8.5 576.3321595738269 0.008573768659402958
60 120 -5 -4 8.5 9 528.9526247946408 0.01099193720551739
60 120 -5 -4 9 9.5 486.9459583120541 0.01294634603794975
60 120 -5 -4 9.5 10 449.5129878538 0.01452510436837429
60 120 -5 -4 10 10.5 416.0019298741716 0.01579422620244486
60 120 -5 -4 10.5 11 385.874469036879 0.01681466463367087
60 120 -5 -4 11 11.5 358.6839185511187 0.01786740717250268
60 120 -5 -4 11.5 12 334.1343840451395 0.0153369208831009
60 120 -5 -4 12 12.5 311.7503474915886 0.01321886401035499
60 120 -5 -4 12.5 13 291.3486098530145 0.01140388064976605
60 120 -5 -4 13 13.5 272.701927857039 0.00987361806591025
60 120 -5 -4 13.5 14 255.6151135783043 0.008604501763954886
60 120 -5 -4 14 14.5 239.9193024573469 0.007505904961817578
60 120 -5 -4 14.5 15 225.4684275338122 0.006556021284609415
60 120 -5 -4 15 16 411.9455680326853 0.003006617303356052
60 120 -5 -4 16 17 366.1967740003234 0.002871725235024769
60 120 -5 -4 17 18 326.7569078781922 0.002770358962834507
60 120 -5 -4 18 19 292.542845625147 0.00267521575108276
60 120 -5 -4 19 20 262.69602490476 0.002610884086891474
60 120 -5 -4 20 21 236.5281968515574 0.002553883695270542
60 120 -5 -4 21 22 213.481337715047 0.009153801712244558
60 120 -5 -4 22 23 193.0997312867155 0.006990734021883327
60 120 -5 -4 23 24 175.0079009423637 0.005269049850397778
60 120 -5 -4 24 25 158.8941383660029 0.003885853301966335
60 120 -5 -4 25 26 144.497738262278 0.00279224949886725
60 120 -5 -4 26 27 131.5991572472196 0.002435837364402005
60 120 -5 -4 27 28 120.012638225358 0.002411949747425979
60 120 -5 -4 28 29 109.5797821514537 0.00237588516949927
60 120 -5 -4 29 30 100.1649826498551 0.002311936281159888
60 120 -5 -4 30 31 91.65166756321106 0.002232096722408983
60 120 -5 -4 31 32 83.93917106791278 0.002129823734350111
60 120 -5 -4 32 33 76.94012540189438 0.002011929487707675
60 120 -5 -4 33 34 70.57853646862819 0.001878568088841348
60 120 -5 -4 34 35 64.7879190712205 0.001742986343870712
60 120 -5 -4 35 36 59.50997132923574 0.001598247701892319
60 120 -5 -4 36 37 54.69332575738294 0.001456412722546929
60 120 -5 -4 37 38 50.29262231930086 0.00131794543964503
60 120 -5 -4 38 39 46.26767721624299 0.001299413869176647
60 120 -5 -4 39 40 42.58278757026849 0.001323230030074285
60 120 -5 -4 40 42 75.3158221809189 0.001766052957876241
60 120 -5 -4 42 44 63.92490357293183 0.001341621717457997
60 120 -5 -4 44 46 54.31139781057126 0.0009759431451641376
60 120 -5 -4 46 48 46.17897730234316 0.0006654062817545991
60 120 -5 -4 48 50 39.28597064631724 0.0004045925738509482
60 120 -5 -4 50 52 33.43411150536534 0.0002064976754923009
60 120 -5 -4 52 54 28.45953962565997 6.360835705976342e-05
60 120 -5 -4 54 56 24.2262369572768 4.518014489818256e-05
60 120 -5 -4 56 58 20.62090580158025 0.0001244458374358715
60 120 -5 -4 58 60 17.54855862307352 0.0001785126970439421
60 120 -5 -4 60 65 33.23992258666992 0.0005673798924732409
60 120 -5 -4 65 70 22.12328461656926 0.0006079988918088475
60 120 -5 -4 70 80 24.3244014747393 0.0004941769363853155
60 120 -5 -4 80 90 10.43857890669461 0.0001577705604756119
60 120 -5 -4 90 100 4.337520242861416 0.0001075647485269116
60 120 -4 -3.5 0 0.5 -2.681698747371464 0.0001008435139806529
60 120 -4 -3.5 0.5 1 1440.974629654976 0.06999398042944449
60 120 -4 -3.5 1 1.5 6130.527955171042 0.0859746088490283
60 120 -4 -3.5 1.5 2 6381.263523806197 0.01383210202402552
60 120 -4 -3.5 2 2.5 5745.084927034108 0.006665819199042744
60 120 -4 -3.5 2.5 3 5045.917710211533 0.003545860578014981
60 120 -4 -3.5 3 3.5 4427.067484468687 0.0003919646642316366
60 120 -4 -3.5 3.5 4 3903.932211972378 0.004058238588640961
60 120 -4 -3.5 4 4.5 3465.338987004505 0.003641929630703089
60 120 -4 -3.5 4.5 5 3096.482746438347 0.00382661976664167
60 120 -4 -3.5 5 5.5 2784.124104508682 0.003223086891921412
60 120 -4 -3.5 5.5 6 2517.46159563262 0.001596041360699019
60 120 -4 -3.5 6 6.5 2287.964013407741 0.001445175950721023
60 120 -4 -3.5 6.5 7 2088.936872688791 0.0009645389932302351
60 120 -4 -3.5 7 7.5 1915.108978718105 0.0001949787649664358
60 120 -4 -3.5 7.5 8 1762.296159424999 0.0001391805601542728
60 120 -4 -3.5 8 8.5 1627.153225281454 0.0003817366866769589
60 120 -4 -3.5 8.5 9 1506.981153568315 0.0001174530491425685
60 120 -4 -3.5 9 9.5 1399.584046334793 0.0003235919232338347
60 120 -4 -3.5 9.5 10 1303.162339781318 0.0003661208834273566
60 120 -4 -3.5 10 10.5 1216.228044114251 0.0005980220869332697
60 120 -4 -3.5 10.5 11 1137.54236193859 0.0545747416138056
60 120 -4 -3.5 11 11.5 1066.06816054517 0.04716243771645168
60 120 -4 -3.5 11.5 12 1000.929729019727 0.04091617933431735
60 120 -4 -3.5 12 12.5 941.3830598887167 0.03570487660408617
60 120 -4 -3.5 12.5 13 886.7917117963343 0.03125740753989703
60 120 -4 -3.5 13 13.5 836.6094427707819 0.02751116844103763
60 120 -4 -3.5 13.5 14 790.3645136920624 0.02425283540026157
60 120 -4 -3.5 14 14.5 747.6486330121077 0.02143897621829183
60 120 -4 -3.5 14.5 15 708.1063475828071 0.01904431457296596
60 120 -4 -3.5 15 16 1308.762863298491 0.001531234305730322
60 120 -4 -3.5 16 17 1181.586180859165 0.0007564094578356162
60 120 -4 -3.5 17 18 1070.792606269585 0.0005969075727989548
60 120 -4 -3.5 18 19 973.6725458706385 0.0008390634974375644
60 120 -4 -3.5 19 20 888.0615875282772 0.0004646167296868953
60 120 -4 -3.5 20 21 812.2133986185383 0.0002447197524588773
60 120 -4 -3.5 21 22 744.7059669027481 0.03712831566519981
60 120 -4 -3.5 22 23 684.3705000720399 0.03073157074084065
60 120 -4 -3.5 23 24 630.2389156497552 0.02556694735596921
60 120 -4 -3.5 24 25 581.5026459557719 0.02128689604830925
60 120 -4 -3.5 25 26 537.4816365424156 0.0178122564215073
60 120 -4 -3.5 26 27 497.6000142465854 0.0148994858466267
60 120 -4 -3.5 27 28 461.3679869860949 0.01247651501586233
60 120 -4 -3.5 28 29 428.3666221024508 0.01042682730906108
60 120 -4 -3.5 29 30 398.2360058685666 0.008712471679416467
60 120 -4 -3.5 30 31 370.665178744178 0.00722704316092404
60 120 -4 -3.5 31 32 345.3846208643624 0.005993201598300857
60 120 -4 -3.5 32 33 322.1592107466745 0.004925135299913563
60 120 -4 -3.5 33 34 300.7834433312875 0.004038380259714813
60 120 -4 -3.5 34 35 281.0765021357557 0.00326234156210603
60 120 -4 -3.5 35 36 262.8792821022004 0.002612301542114892
60 120 -4 -3.5 36 37 246.0509682615624 0.002046947989100545
60 120 -4 -3.5 37 38 230.4667856741396 0.001551900068960776
60 120 -4 -3.5 38 39 216.0159218991996 0.001133750524360266
60 120 -4 -3.5 39 40 202.5994589355982 0.0007621982193199983
60 120 -4 -3.5 40 42 368.6546244592776 0.002496916084965051
60 120 -4 -3.5 42 44 325.3585274948534 0.001276950238263908
60 120 -4 -3.5 44 46 287.6935330623701 0.003989754323981742
60 120 -4 -3.5 46 48 254.8149347950938 0.005941079362997925
60 120 -4 -3.5 48 50 226.0269954908417 0.01121797382342038
60 120 -4 -3.5 50 52 200.7526762295577 0.009753739928925143
60 120 -4 -3.5 52 54 178.5102443492567 0.008919179596006188
60 120 -4 -3.5 54 56 158.8944005162341 0.00739692668790326
60 120 -4 -3.5 56 58 141.5622087789747 0.00645729934768724
60 120 -4 -3.5 58 60 126.2218176032746 0.005645278132433873
60 120 -4 -3.5 60 65 259.3588053552952 0.01236345616712242
60 120 -4 -3.5 65 70 195.7247741420876 0.008080196168833709
60 120 -4 -3.5 70 80 260.3893492456791 0.01012081333965398
60 120 -4 -3.5 80 90 150.0260809460261 0.005416051700109392
60 120 -4 -3.5 90 100 86.70240650630821 0.002942325238336707
60 120 -3.5 -3.25 0 0.5 -1.913431936332486 6.083272999735101e-05
60 120 -3.5 -3.25 0.5 1 -111.1138958677638 0.003468090556012271
60 120 -3.5 -3.25 1 1.5 3166.241941448602 0.05871143568037951
60 120 -3.5 -3.25 1.5 2 3852.840757125524 0.01201299267586364
60 120 -3.5 -3.25 2 2.5 3643.548793614558 0.002239241467123065
60 120 -3.5 -3.25 2.5 3 3283.541972253824 0.008888691607808141
60 120 -3.5 -3.25 3 3.5 2929.081888924716 0.009822709253967332
60 120 -3.5 -3.25 3.5 4 2614.180810599679 0.005662906134148216
60 120 -3.5 -3.25 4 4.5 2342.368140263078 0.003284197466200567
60 120 -3.5 -3.25 4.5 5 2109.266981276997 0.001010903571568633
60 120 -3.5 -3.25 5 5.5 1909.014604138805 0.001324395663687028
60 120 -3.5 -3.25 5.5 6 1736.160171138619 0.001918541250461203
60 120 -3.5 -3.25 6 6.5 1586.076969883719 0.002764169043075526
60 120 -3.5 -3.25 6.5 7 1454.968377671298 0.004321152075817736
60 120 -3.5 -3.25 7 7.5 1339.74977627179 0.004017908232526679
60 120 -3.5 -3.25 7.5 8 1237.918241425867 0.00393195680703684
60 120 -3.5 -3.25 8 8.5 1147.432414348388 0.004429678566793882
60 120 -3.5 -3.25 8.5 9 1066.626444348808 0.004384407090356035
60 120 -3.5 -3.25 9 9.5 994.1326064112778 0.003884273133735405
60 120 -3.5 -3.25 9.5 10 928.8187177269718 0.003244511353045709
60 120 -3.5 -3.25 10 10.5 869.7421373838392 0.04267319003758985
60 120 -3.5 -3.25 10.5 11 816.1137526022324 0.03681804207030837
60 120 -3.5 -3.25 11 11.5 767.265182236061 0.03193699131520589
60 120 -3.5 -3.25 11.5 12 722.6284067474438 0.02782671754846433
60 120 -3.5 -3.25 12 12.5 681.7192928752567 0.02430221410122613
60 120 -3.5 -3.25 12.5 13 644.1236842656049 0.02134993737956847
60 120 -3.5 -3.25 13 13.5 609.4844107685175 0.01878254113955791
60 120 -3.5 -3.25 13.5 14 577.4925305222171 0.01661883818462684
60 120 -3.5 -3.25 14 14.5 547.878954801741 0.01472999615850767
60 120 -3.5 -3.25 14.5 15 520.4089360578549 0.01308452018690787
60 120 -3.5 -3.25 15 16 965.977838928879 0.002557455343435322
60 120 -3.5 -3.25 16 17 877.118151421466 0.002618966956902113
60 120 -3.5 -3.25 17 18 799.4133719908367 0.03981991101909443
60 120 -3.5 -3.25 18 19 731.0467159363208 0.03608079517425722
60 120 -3.5 -3.25 19 20 670.5643875444315 0.03279279481523645
60 120 -3.5 -3.25 20 21 616.7900621227875 0.0298905475851825
60 120 -3.5 -3.25 21 22 568.7628786254705 0.02731391530210203
60 120 -3.5 -3.25 22 23 525.6901617271504 0.02501526649291463
60 120 -3.5 -3.25 23 24 486.9119390729419 0.02295408077907268
60 120 -3.5 -3.25 24 25 451.8756586042161 0.02109829405378605
60 120 -3.5 -3.25 25 26 420.1164264643982 0.01942295201087063
60 120 -3.5 -3.25 26 27 391.2404814657627 0.01790670860532373
60 120 -3.5 -3.25 27 28 364.9127688079992 0.01653216428672977
60 120 -3.5 -3.25 28 29 340.8457784844339 0.01528323518692787
60 120 -3.5 -3.25 29 30 318.7920783928951 0.01414558785626241
60 120 -3.5 -3.25 30 31 298.537097568696 0.01310700204152226
60 120 -3.5 -3.25 31 32 279.894151543874 0.01215666891175715
60 120 -3.5 -3.25 32 33 262.7004073980489 0.01128504687034138
60 120 -3.5 -3.25 33 34 246.8131920629951 0.01048467020473254
60 120 -3.5 -3.25 34 35 232.1074880179088 0.009748554808794552
60 120 -3.5 -3.25 35 36 218.472841143365 0.00907093232973466
60 120 -3.5 -3.25 36 37 205.8116649311118 0.008446866812221288
60 120 -3.5 -3.25 37 38 194.0372983878298 0.007871622664595179
60 120 -3.5 -3.25 38 39 183.0725797058905 0.007340595730454424
60 120 -3.5 -3.25 39 40 172.8485127658264 0.006849818218825021
60 120 -3.5 -3.25 40 42 317.6844994728724 0.01237101870447077
60 120 -3.5 -3.25 42 44 284.2447804924687 0.01080917010887106
60 120 -3.5 -3.25 44 46 254.8771225350873 0.00946481987401171
60 120 -3.5 -3.25 46 48 228.9889644941538 0.008302126826208678
60 120 -3.5 -3.25 48 50 206.0915555737852 0.007296765139699346
60 120 -3.5 -3.25 50 52 185.7783639903878 0.006427403009382715
60 120 -3.5 -3.25 52 54 167.7084388135636 0.005670113432586277
60 120 -3.5 -3.25 54 56 151.594110012825 0.005008786874014959
60 120 -3.5 -3.25 56 58 137.19130189763 0.00443349009927374
60 120 -3.5 -3.25 58 60 124.2922725514275 0.003930354869737585
60 120 -3.5 -3.25 60 65 262.6232318010153 0.008012118523367917
60 120 -3.5 -3.25 65 70 206.780290992758 0.006001311841998813
60 120 -3.5 -3.25 70 80 293.3939889212842 0.007984060782973756
60 120 -3.5 -3.25 80 90 186.0156215468784 0.004682059187871346
60 120 -3.5 -3.25 90 100 119.1683470320388 0.002814340053944875
60 120 -3.25 -3 0 0.5 -2.211745083408928 6.637456130897945e-05
60 120 -3.25 -3 0.5 1 -768.4784614545338 0.03447882888258391
60 120 -3.25 -3 1 1.5 2933.923871600824 0.07443687443355884
60 120 -3.25 -3 1.5 2 4006.211788562584 0.006225319672466867
60 120 -3.25 -3 2 2.5 3905.190683283063 0.004999297555059456
60 120 -3.25 -3 2.5 3 3572.192564551788 0.002605773400773614
60 120 -3.25 -3 3 3.5 3216.114474757549 0.004593804945670854
60 120 -3.25 -3 3.5 4 2889.100826392385 0.003089915274358646
60 120 -3.25 -3 4 4.5 2601.617154388528 0.003496358773190877
60 120 -3.25 -3 4.5 5 2352.109642941195 0.002239378498870792
60 120 -3.25 -3 5 5.5 2135.942632324904 0.002993488387346588
60 120 -3.25 -3 5.5 6 1948.160011710904 0.003040267740516356
60 120 -3.25 -3 6 6.5 1784.303716875913 0.003105072128391839
60 120 -3.25 -3 6.5 7 1640.588941139238 0.002880946815366769
60 120 -3.25 -3 7 7.5 1513.858527682174 0.002905804114107013
60 120 -3.25 -3 7.5 8 1401.514931713838 0.00201421290057624
60 120 -3.25 -3 8 8.5 1301.430616351307 0.001642025032197125
60 120 -3.25 -3 8.5 9 1211.852742190848 0.06013473905613864
60 120 -3.25 -3 9 9.5 1131.330657437305 0.05572447304689376
60 120 -3.25 -3 9.5 10 1058.656104950625 0.05177924093527508
60 120 -3.25 -3 10 10.5 992.8154580390154 0.04822973296336386
60 120 -3.25 -3 10.5 11 932.952950151011 0.04502732527078024
60 120 -3.25 -3 11 11.5 878.346057937324 0.0421302447753078
60 120 -3.25 -3 11.5 12 828.3800586057017 0.03949705591389829
60 120 -3.25 -3 12 12.5 782.5301091260751 0.03709261653011708
60 120 -3.25 -3 12.5 13 740.3449490812948 0.03489143073522882
60 120 -3.25 -3 13 13.5 701.4350045848 0.03287172937064042
60 120 -3.25 -3 13.5 14 665.4621420401905 0.03101323226701425
60 120 -3.25 -3 14 14.5 632.1317508494452 0.02929866076317467
60 120 -3.25 -3 14.5 15 601.1847471040768 0.02771447483473821
60 120 -3.25 -3 15 16 1117.953724745068 0.05113228693130623
60 120 -3.25 -3 16 17 1017.57415512072 0.04605856812349884
60 120 -3.25 -3 17 18 929.6460825761541 0.0416541904406813
60 120 -3.25 -3 18 19 852.1628106334068 0.03780097863580067
60 120 -3.25 -3 19 20 783.5145433353637 0.03440925512438753
60 120 -3.25 -3 20 21 722.3931516233687 0.03140635933959857
60 120 -3.25 -3 21 22 667.7250433123754 0.03095549917031803
60 120 -3.25 -3 22 23 618.6242455421186 0.02634385321846366
60 120 -3.25 -3 23 24 574.3550450492069 0.02420319444217967
60 120 -3.25 -3 24 25 534.302035764792 0.02227688263269556
60 120 -3.25 -3 25 26 497.9459639940403 0.02053826906052336
60 120 -3.25 -3 26 27 464.8468533972407 0.0189651579955239
60 120 -3.25 -3 27 28 434.6279880589098 0.01753849484856573
60 120 -3.25 -3 28 29 406.9657126304918 0.01623977029839807
60 120 -3.25 -3 29 30 381.5807635188764 0.01505469769352885
60 120 -3.25 -3 30 31 358.2320429213118 0.01397059865399797
60 120 -3.25 -3 31 32 336.7102531942205 0.01297751696762361
60 120 -3.25 -3 32 33 316.8325376729303 0.01206733818389694
60 120 -3.25 -3 33 34 298.4386648448285 0.0112311790297781
60 120 -3.25 -3 34 35 281.3877402735439 0.01046203287205572
60 120 -3.25 -3 35 36 265.5551883352236 0.009753121310495771
60 120 -3.25 -3 36 37 250.8306661955856 0.009099107201961942
60 120 -3.25 -3 37 38 237.1159502641754 0.00849454331100219
60 120 -3.25 -3 38 39 224.3235239043082 0.007935508918734513
60 120 -3.25 -3 39 40 212.3754551838539 0.007418415734406381
60 120 -3.25 -3 40 42 391.9418935876824 0.01426797355054532
60 120 -3.25 -3 42 44 352.6660673438551 0.0117857742209253
60 120 -3.25 -3 44 46 318.0526014128226 0.01036350907361339
60 120 -3.25 -3 46 48 287.4300626435581 0.009132823647860278
60 120 -3.25 -3 48 50 260.2431657072146 0.00806449618590932
60 120 -3.25 -3 50 52 236.0296691374261 0.007134661815712207
60 120 -3.25 -3 52 54 214.4024188307254 0.006324168952176024
60 120 -3.25 -3 54 56 195.0352314958528 0.00561562882435851
60 120 -3.25 -3 56 58 177.6512476216877 0.004995473630089009
60 120 -3.25 -3 58 60 162.0138729110409 0.004452606472852949
60 120 -3.25 -3 60 65 346.3229322494627 0.00916537982658383
60 120 -3.25 -3 65 70 277.5262747545527 0.006966186038027899
60 120 -3.25 -3 70 80 404.5443080209495 0.009484863758814299
60 120 -3.25 -3 80 90 266.9940967126535 0.005765686657696278
60 120 -3.25 -3 90 100 178.6711420853166 0.003606176854788146
60 120 -3 -2.75 0 0.5 -2.471015279562984 6.984411726707052e-05
60 120 -3 -2.75 0.5 1 -1401.510615773881 0.04447503116625739
60 120 -3 -2.75 1 1.5 2624.605342141062 0.08580110882530789
60 120 -3 -2.75 1.5 2 4051.248094684996 0.01168403572637544
60 120 -3 -2.75 2 2.5 4060.556595985955 0.007867671094118123
60 120 -3 -2.75 2.5 3 3763.107467815622 0.005952559669822222
60 120 -3 -2.75 3 3.5 3414.839182052971 0.0006367380547089851
60 120 -3 -2.75 3.5 4 3084.483214924118 0.002249288182611053
60 120 -3 -2.75 4 4.5 2789.026969951356 0.0009064603545994032
60 120 -3 -2.75 4.5 5 2529.795648736157 0.0003788606709349551
60 120 -3 -2.75 5 5.5 2303.519700594041 0.001904773233491142
60 120 -3 -2.75 5.5 6 2105.884858555945 0.1047560727656673
60 120 -3 -2.75 6 6.5 1932.695962056055 0.095052370656731
60 120 -3 -2.75 6.5 7 1780.243664125894 0.08665571769665803
60 120 -3 -2.75 7 7.5 1645.403695361873 0.07932516650498656
60 120 -3 -2.75 7.5 8 1525.575418890902 0.07288516031599102
60 120 -3 -2.75 8 8.5 1418.599416392567 0.06719687000440899
60 120 -3 -2.75 8.5 9 1322.681421589688 0.06213445388243599
60 120 -3 -2.75 9 9.5 1236.318202149929 0.05761315648283016
60 120 -3 -2.75 9.5 10 1158.250152856065 0.0535584340530022
60 120 -3 -2.75 10 10.5 1087.420904168399 0.05169803532794504
60 120 -3 -2.75 10.5 11 1022.939816800916 0.046604727177737
60 120 -3 -2.75 11 11.5 964.0512839996712 0.0436159930593476
60 120 -3 -2.75 11.5 12 910.1111963715705 0.04089709691209009
60 120 -3 -2.75 12 12.5 860.5683209479106 0.03841451396408502
60 120 -3 -2.75 12.5 13 814.9456838301294 0.03614258335278464
60 120 -3 -2.75 13 13.5 772.8296346753888 0.03405833549538784
60 120 -3 -2.75 13.5 14 733.8591491553123 0.03214057172090179
60 120 -3 -2.75 14 14.5 697.7205407190659 0.03037272850815498
60 120 -3 -2.75 14.5 15 664.1394307108501 0.02873747663511494
60 120 -3 -2.75 15 16 1236.587835331263 0.05303478074006307
60 120 -3 -2.75 16 17 1127.43727458881 0.04778164307481347
60 120 -3 -2.75 17 18 1031.71324330333 0.04321712790533638
60 120 -3 -2.75 18 19 947.2667787771538 0.03922492749052253
60 120 -3 -2.75 19 20 872.3622522453518 0.03571288131945494
60 120 -3 -2.75 20 21 805.592327560526 0.03260697434609483
60 120 -3 -2.75 21 22 745.8076539940611 0.0338523399116184
60 120 -3 -2.75 22 23 692.0586643052665 0.02845091584424608
60 120 -3 -2.75 23 24 643.5547911056792 0.02518668103346045
60 120 -3 -2.75 24 25 599.6308514860976 0.02320727794631239
60 120 -3 -2.75 25 26 559.7239995205701 0.02142259357458443
60 120 -3 -2.75 26 27 523.3560570931681 0.01980660656181499
60 120 -3 -2.75 27 28 490.1196936150558 0.01833828617952804
60 120 -3 -2.75 28 29 459.6658821599158 0.01699917752989677
60 120 -3 -2.75 29 30 431.6937404007808 0.01577588349027792
60 120 -3 -2.75 30 31 405.9427943345582 0.01465556959919923
60 120 -3 -2.75 31 32 382.1857090907588 0.0136275419288836
60 120 -3 -2.75 32 33 360.2235989335143 0.01268256716167571
60 120 -3 -2.75 33 34 339.8816472878814 0.01181306385785774
60 120 -3 -2.75 34 35 321.0062708216694 0.01101187690898087
60 120 -3 -2.75 35 36 303.462078476642 0.01027249504210204
60 120 -3 -2.75 36 37 287.1290951614458 0.009590523120493799
60 120 -3 -2.75 37 38 271.9009252206924 0.008960571141130913
60 120 -3 -2.75 38 39 257.6827550387144 0.008378650482711691
60 120 -3 -2.75 39 40 244.3898300764052 0.00784110798994675
60 120 -3 -2.75 40 42 452.2297724922457 0.01741301516364047
60 120 -3 -2.75 42 44 408.4003262106437 0.01325028459262967
60 120 -3 -2.75 44 46 369.6885699777505 0.01103093475063588
60 120 -3 -2.75 46 48 335.3611549300335 0.009744837600180745
60 120 -3 -2.75 48 50 304.8136816814247 0.008625561428914352
60 120 -3 -2.75 50 52 277.5426620142177 0.007651059419515605
60 120 -3 -2.75 52 54 253.1253620913552 0.006801201319177608
60 120 -3 -2.75 54 56 231.204429964923 0.006058292090557416
60 120 -3 -2.75 56 58 211.4762380973894 0.00540666167347581
60 120 -3 -2.75 58 60 193.6815036378875 0.004833806874557922
60 120 -3 -2.75 60 65 417.1155956456371 0.01000524409386117
60 120 -3 -2.75 65 70 338.055208297326 0.007675473278140998
60 120 -3 -2.75 70 80 501.3948957210994 0.01059913638772514
60 120 -3 -2.75 80 90 339.5099212136633 0.006588052880658779
60 120 -3 -2.75 90 100 233.5901591116113 0.004224484822231034
60 120 -2.75 -2.5 0 0.5 -2.707241786524815 7.423725263144831e-05
60 120 -2.75 -2.5 0.5 1 -1992.396636617217 0.04501285441779146
60 120 -2.75 -2.5 1 1.5 2294.522409075476 0.07048435509250339
60 120 -2.75 -2.5 1.5 2 4042.624569983128 0.1226613888184147
60 120 -2.75 -2.5 2 2.5 4157.69928949926 0.08302495335829008
60 120 -2.75 -2.5 2.5 3 3898.056427006422 0.185040570979254
60 120 -2.75 -2.5 3 3.5 3561.741829163409 0.1255474965928443
60 120 -2.75 -2.5 3.5 4 3232.343431803944 0.08604164291591587
60 120 -2.75 -2.5 4 4.5 2932.884251384722 0.1459864797238879
60 120 -2.75 -2.5 4.5 5 2667.56752522262 0.1306538934532
60 120 -2.75 -2.5 5 5.5 2434.473767240144 0.1175847193103436
60 120 -2.75 -2.5 5.5 6 2229.872827542769 0.1063335905732856
60 120 -2.75 -2.5 6 6.5 2049.859918765148 0.0966003785833891
60 120 -2.75 -2.5 6.5 7 1890.906782914481 0.08812813187068969
60 120 -2.75 -2.5 7 7.5 1749.969795475463 0.08071678792248349
60 120 -2.75 -2.5 7.5 8 1624.472056876464 0.07420239998418765
60 120 -2.75 -2.5 8 8.5 1512.233611398067 0.0684416641347525
60 120 -2.75 -2.5 8.5 9 1411.424095570467 0.06333183882748017
60 120 -2.75 -2.5 9 9.5 1320.516830693905 0.0587762001127885
60 120 -2.75 -2.5 9.5 10 1238.231534203754 0.0546863469969594
60 120 -2.75 -2.5 10 10.5 1163.489833321914 0.05470249958193563
60 120 -2.75 -2.5 10.5 11 1095.380147456456 0.047670583429408
60 120 -2.75 -2.5 11 11.5 1033.1246867226 0.04465332843324177
60 120 -2.75 -2.5 11.5 12 976.0530411607472 0.04190337983663994
60 120 -2.75 -2.5 12 12.5 923.587825120387 0.0393912579447715
60 120 -2.75 -2.5 12.5 13 875.2318130555924 0.03708939328021188
60 120 -2.75 -2.5 13 13.5 830.5556367897631 0.03497139429214258
60 120 -2.75 -2.5 13.5 14 789.1864842051567 0.03301711898348003
60 120 -2.75 -2.5 14 14.5 750.7990262152579 0.03121426133043315
60 120 -2.75 -2.5 14.5 15 715.1078162572654 0.02954928355393349
60 120 -2.75 -2.5 15 16 1332.699363372519 0.05457767102370781
60 120 -2.75 -2.5 16 17 1216.519330363622 0.04923085846098729
60 120 -2.75 -2.5 17 18 1114.520595982913 0.04458437164453244
60 120 -2.75 -2.5 18 19 1024.441837577676 0.04051429199398626
60 120 -2.75 -2.5 19 20 944.4688444075733 0.03692470095393219
60 120 -2.75 -2.5 20 21 873.1282793351781 0.04300079671384083
60 120 -2.75 -2.5 21 22 809.2071317249564 0.03624351087660216
60 120 -2.75 -2.5 22 23 751.6971737155794 0.03082281046306434
60 120 -2.75 -2.5 23 24 699.7574907505362 0.02621660738543596
60 120 -2.75 -2.5 24 25 652.6849102058054 0.02404993990990079
60 120 -2.75 -2.5 25 26 609.8864286693803 0.02220165619951331
60 120 -2.75 -2.5 26 27 570.8583102036598 0.02052599005310185
60 120 -2.75 -2.5 27 28 535.1698654616022 0.01900222340941582
60 120 -2.75 -2.5 28 29 502.4500932551564 0.01761448045778025
60 120 -2.75 -2.5 29 30 472.3779487165912 0.01634700643899123
60 120 -2.75 -2.5 30 31 444.6748792297972 0.01518955114556775
60 120 -2.75 -2.5 31 32 419.0990774683513 0.01412988207067656
60 120 -2.75 -2.5 32 33 395.4393849976103 0.01315795383544582
60 120 -2.75 -2.5 33 34 373.5111236282402 0.01226521962058769
60 120 -2.75 -2.5 34 35 353.1515914506103 0.01144311173050028
60 120 -2.75 -2.5 35 36 334.2167783926145 0.01068364895672858
60 120 -2.75 -2.5 36 37 316.5788237695564 0.009982130289358793
60 120 -2.75 -2.5 37 38 300.1236454222877 0.009333480611928735
60 120 -2.75 -2.5 38 39 284.7498544812523 0.008733725042247897
60 120 -2.75 -2.5 39 40 270.3667935813103 0.008177901542921973
60 120 -2.75 -2.5 40 42 501.1498204551952 0.01995641544590399
60 120 -2.75 -2.5 42 44 453.6281427542816 0.01528139882896085
60 120 -2.75 -2.5 44 46 411.599261868359 0.01159307463535697
60 120 -2.75 -2.5 46 48 374.2810051685594 0.01020033645460217
60 120 -2.75 -2.5 48 50 341.0248625188772 0.009042836740434268
60 120 -2.75 -2.5 50 52 311.2910036875628 0.008034574672706185
60 120 -2.75 -2.5 52 54 284.6268936471679 0.007153816685615766
60 120 -2.75 -2.5 54 56 260.6513703238438 0.006382116970371499
60 120 -2.75 -2.5 56 58 239.0402347539993 0.005704746484468615
60 120 -2.75 -2.5 58 60 219.5157573319247 0.005109116801349955
60 120 -2.75 -2.5 60 65 474.9971660012704 0.01902119295726834
60 120 -2.75 -2.5 65 70 387.7303784419565 0.008180600582363695
60 120 -2.75 -2.5 70 80 581.4345966844115 0.01138967399231205
60 120 -2.75 -2.5 80 90 400.1645944572953 0.00717360864746297
60 120 -2.75 -2.5 90 100 280.2141679615659 0.00466988767351495
60 120 -2.5 -2.4 0 0.5 -1.145476395605886 4.511823999231446e-05
60 120 -2.5 -2.4 0.5 1 -955.9524704062287 0.02991486819951206
60 120 -2.5 -2.4 1 1.5 822.5243450368916 0.02760371221552305
60 120 -2.5 -2.4 1.5 2 1606.776256817224 0.04919925105537004
60 120 -2.5 -2.4 2 2.5 1681.633820752365 0.0607262966275357
60 120 -2.5 -2.4 2.5 3 1588.647111557471 0.06067698957394896
60 120 -2.5 -2.4 3 3.5 1458.106269071968 0.05970500341345542
60 120 -2.5 -2.4 3.5 4 1327.226818611374 0.05611162994409824
60 120 -2.5 -2.4 4 4.5 1206.926248669959 0.05930602803346119
60 120 -2.5 -2.4 4.5 5 1099.665281193193 0.053096981868066
60 120 -2.5 -2.4 5 5.5 1005.008177841115 0.0477625151435177
60 120 -2.5 -2.4 5.5 6 921.6340658992917 0.04317549077927652
60 120 -2.5 -2.4 6 6.5 848.0943715318156 0.03922494326127435
60 120 -2.5 -2.4 6.5 7 783.0351299146921 0.03580319990589942
60 120 -2.5 -2.4 7 7.5 725.2663740327473 0.03367557834235413
60 120 -2.5 -2.4 7.5 8 673.7510893843471 0.0314134531192849
60 120 -2.5 -2.4 8 8.5 627.6172841782698 0.02962136752410061
60 120 -2.5 -2.4 8.5 9 586.1352463994897 0.02821124903562122
60 120 -2.5 -2.4 9 9.5 548.6926933964756 0.02673385584387233
60 120 -2.5 -2.4 9.5 10 514.7747388756371 0.02473546713110863
60 120 -2.5 -2.4 10 10.5 483.9492791694545 0.0232460238735257
60 120 -2.5 -2.4 10.5 11 455.8430082987404 0.02254449694135019
60 120 -2.5 -2.4 11 11.5 430.133187881155 0.01819273767034701
60 120 -2.5 -2.4 11.5 12 406.5473856970498 0.01707180493798433
60 120 -2.5 -2.4 12 12.5 384.8514826828734 0.01604946784385675
60 120 -2.5 -2.4 12.5 13 364.8451968170319 0.01511326350095032
60 120 -2.5 -2.4 13 13.5 346.3535009417776 0.01425304361293911
60 120 -2.5 -2.4 13.5 14 329.2252038088897 0.01346006066125938
60 120 -2.5 -2.4 14 14.5 313.3264321545579 0.01272769850817213
60 120 -2.5 -2.4 14.5 15 298.5397805920773 0.01205042528215472
60 120 -2.5 -2.4 15 16 556.6549033580009 0.02226131432450984
60 120 -2.5 -2.4 16 17 508.4592447176367 0.02008571666726766
60 120 -2.5 -2.4 17 18 466.1168386569699 0.01818994070958979
60 120 -2.5 -2.4 18 19 428.7035091170638 0.01652998048569998
60 120 -2.5 -2.4 19 20 395.474392131263 0.0150674475215169
60 120 -2.5 -2.4 20 21 365.8177900114447 0.01820495092204055
60 120 -2.5 -2.4 21 22 339.2285704283987 0.01531422760672285
60 120 -2.5 -2.4 22 23 315.2927255568538 0.01284509739059558
60 120 -2.5 -2.4 23 24 293.6662051763145 0.01095425013522799
60 120 -2.5 -2.4 24 25 274.0589758352804 0.009826390936211737
60 120 -2.5 -2.4 25 26 256.2261346385567 0.00907215551308127
60 120 -2.5 -2.4 26 27 239.9590768400881 0.008388835528592153
60 120 -2.5 -2.4 27 28 225.0776482080833 0.007768076833315263
60 120 -2.5 -2.4 28 29 211.4276874788364 0.007202847928169831
60 120 -2.5 -2.4 29 30 198.8766355892816 0.006686763768612991
60 120 -2.5 -2.4 30 31 187.3101892794378 0.006214699775625832
60 120 -2.5 -2.4 31 32 176.6286355976193 0.005782002355488203
60 120 -2.5 -2.4 32 33 166.7447499652311 0.005384357004658114
60 120 -2.5 -2.4 33 34 157.5817284450235 0.005018954032664169
60 120 -2.5 -2.4 34 35 149.0713789837135 0.004682635777015776
60 120 -2.5 -2.4 35 36 141.1533245143271 0.004372610367369134
60 120 -2.5 -2.4 36 37 133.7744287061672 0.004086290174768692
60 120 -2.5 -2.4 37 38 126.8879015369482 0.003821447315544901
60 120 -2.5 -2.4 38 39 120.4517465206953 0.003576150028806069
60 120 -2.5 -2.4 39 40 114.4285010736417 0.003349321830597773
60 120 -2.5 -2.4 40 42 212.27363879749 0.008483536520060397
60 120 -2.5 -2.4 42 44 192.3552979041632 0.006607426961863894
60 120 -2.5 -2.4 44 46 174.7276590409367 0.005145137249485288
60 120 -2.5 -2.4 46 48 159.0635639400437 0.004185725043157618
60 120 -2.5 -2.4 48 50 145.0944592468539 0.00371206530269319
60 120 -2.5 -2.4 50 52 132.5967125589744 0.003299462196423519
60 120 -2.5 -2.4 52 54 121.3825221681009 0.002939563295115022
60 120 -2.5 -2.4 54 56 111.2924719740942 0.002623581602605896
60 120 -2.5 -2.4 56 58 102.190304348387 0.002346997673726037
60 120 -2.5 -2.4 58 60 93.96063053262856 0.002103598127177975
60 120 -2.5 -2.4 60 65 203.7641564473642 0.006206735791693063
60 120 -2.5 -2.4 65 70 166.8869849774206 0.00337924683935853
60 120 -2.5 -2.4 70 80 251.5589630452335 0.004721480574204406
60 120 -2.5 -2.4 80 90 174.4634386653012 0.002990359108309804
60 120 -2.5 -2.4 90 100 123.1866269467054 0.001959661276302427
60 120 -2.4 -2.3 0 0.5 -1.180061002195762 3.088457006228396e-05
60 120 -2.4 -2.3 0.5 1 -1044.435980711183 0.02935339053374264
60 120 -2.4 -2.3 1 1.5 767.0545246627191 0.02859330897456402
60 120 -2.4 -2.3 1.5 2 1598.180027063486 0.07655538600238287
60 120 -2.4 -2.3 2 2.5 1689.235552092628 0.05203464884948517
60 120 -2.4 -2.3 2.5 3 1602.610061756365 0.05182733639685466
60 120 -2.4 -2.3 3 3.5 1474.527962707547 0.04890004002527348
60 120 -2.4 -2.3 3.5 4 1344.357183345229 0.06689825816943085
60 120 -2.4 -2.3 4 4.5 1223.97653170286 0.05962818976468043
60 120 -2.4 -2.3 4.5 5 1116.262290197329 0.05338348426198536
60 120 -2.4 -2.3 5 5.5 1020.946003002761 0.04801941887660632
60 120 -2.4 -2.3 5.5 6 936.8399527967659 0.04342266413266316
60 120 -2.4 -2.3 6 6.5 862.5571111927555 0.03946536940497936
60 120 -2.4 -2.3 6.5 7 796.7782636234934 0.03603834128568906
60 120 -2.4 -2.3 7 7.5 738.3154161159345 0.03305700898090436
60 120 -2.4 -2.3 7.5 8 686.1365377641106 0.03043996291035
60 120 -2.4 -2.3 8 8.5 639.3745660208407 0.02811731995893751
60 120 -2.4 -2.3 8.5 9 597.3032023693435 0.02603972845145108
60 120 -2.4 -2.3 9 9.5 559.3133123119717 0.02417520211838564
60 120 -2.4 -2.3 9.5 10 524.8924734493693 0.02249709880675255
60 120 -2.4 -2.3 10 10.5 493.5955687356167 0.02329610632864387
60 120 -2.4 -2.3 10.5 11 465.0428526119034 0.02016592350389601
60 120 -2.4 -2.3 11 11.5 438.914356941406 0.01838301974339629
60 120 -2.4 -2.3 11.5 12 414.9368383847199 0.0172553393557564
60 120 -2.4 -2.3 12 12.5 392.8760252797098 0.01645712036764735
60 120 -2.4 -2.3 12.5 13 372.5284249618755 0.01561285987872907
60 120 -2.4 -2.3 13 13.5 353.7188249353146 0.01467946976248413
60 120 -2.4 -2.3 13.5 14 336.2926566146767 0.01406033173947208
60 120 -2.4 -2.3 14 14.5 320.1135521230732 0.013760464423342
60 120 -2.4 -2.3 14.5 15 305.0605082594728 0.01330772016899573
60 120 -2.4 -2.3 15 16 568.9549586103202 0.02520913357454901
60 120 -2.4 -2.3 16 17 519.8603189124096 0.02292234625338097
60 120 -2.4 -2.3 17 18 476.7181610399715 0.02118041549971394
60 120 -2.4 -2.3 18 19 438.5909181201848 0.01997660180677485
60 120 -2.4 -2.3 19 20 404.7159216339117 0.01887742179513907
60 120 -2.4 -2.3 20 21 374.469966284895 0.01857074079401855
60 120 -2.4 -2.3 21 22 347.3457550533303 0.016712805866689
60 120 -2.4 -2.3 22 23 322.9235310208787 0.01579527566235583
60 120 -2.4 -2.3 23 24 300.853033758606 0.01463631169247037
60 120 -2.4 -2.3 24 25 280.8408109886266 0.01386003672348579
60 120 -2.4 -2.3 25 26 262.6361416926499 0.009178578380499403
60 120 -2.4 -2.3 26 27 246.0240074541989 0.00848787214616209
60 120 -2.4 -2.3 27 28 230.8226603469024 0.007860605035517665
60 120 -2.4 -2.3 28 29 216.8766924058725 0.007288468918204671
60 120 -2.4 -2.3 29 30 204.052226758289 0.006766074983488579
60 120 -2.4 -2.3 30 31 192.2323575212589 0.006288273891016161
60 120 -2.4 -2.3 31 32 181.3153417880408 0.005850502364296517
60 120 -2.4 -2.3 32 33 171.2116211502814 0.005449153493117365
60 120 -2.4 -2.3 33 34 161.842230869709 0.005079672244079347
60 120 -2.4 -2.3 34 35 153.138028707398 0.004739361294838318
60 120 -2.4 -2.3 35 36 145.0382844834219 0.004425220753404346
60 120 -2.4 -2.3 36 37 137.4892245595676 0.004135289344702642
60 120 -2.4 -2.3 37 38 130.442743293905 0.003867173011968816
60 120 -2.4 -2.3 38 39 123.8561909836127 0.003619421958944713
60 120 -2.4 -2.3 39 40 117.6913340977621 0.003389992410646414
60 120 -2.4 -2.3 40 42 218.4069433414615 0.008872981287055381
60 120 -2.4 -2.3 42 44 198.0103859418541 0.006971925946714919
60 120 -2.4 -2.3 44 46 179.9514312755922 0.005318458748519106
60 120 -2.4 -2.3 46 48 163.8996686347955 0.004237519137802792
60 120 -2.4 -2.3 48 50 149.5811513542997 0.003759439330536907
60 120 -2.4 -2.3 50 52 136.767216957456 0.003342075048777815
60 120 -2.4 -2.3 52 54 125.2645997469412 0.00297768121556885
60 120 -2.4 -2.3 54 56 114.9103869460713 0.002658684795633803
60 120 -2.4 -2.3 56 58 105.5671657526351 0.002378544687445583
60 120 -2.4 -2.3 58 60 97.11688633374878 0.00213211048205153
60 120 -2.4 -2.3 60 65 210.8046336244134 0.005596983705260072
60 120 -2.4 -2.3 65 70 172.8943682191245 0.003429220508706976
60 120 -2.4 -2.3 70 80 261.1742548154627 0.004797437690967854
60 120 -2.4 -2.3 80 90 181.7179531047899 0.003044914441460378
60 120 -2.4 -2.3 90 100 128.7663455305274 0.002000587339864524
60 120 -2.3 -2.2 0 0.5 -1.214036933401191 4.279960364494961e-05
60 120 -2.3 -2.2 0.5 1 -1130.858123363218 0.0211888506150899
60 120 -2.3 -2.2 1 1.5 712.0481968804137 0.03086223643117592
60 120 -2.3 -2.2 1.5 2 1588.778100633586 0.04958830435953132
60 120 -2.3 -2.2 2 2.5 1695.649463699554 0.04378946206293222
60 120 -2.3 -2.2 2.5 3 1615.356490673783 0.03987718588359712
60 120 -2.3 -2.2 3 3.5 1489.752527668509 0.03714949508230347
60 120 -2.3 -2.2 3.5 4 1360.36323159725 0.06718586326951481
60 120 -2.3 -2.2 4 4.5 1240.000739237205 0.05984531285116645
60 120 -2.3 -2.2 4.5 5 1131.891060715699 0.05357848511971497
60 120 -2.3 -2.2 5 5.5 1035.985172021457 0.04827219232447533
60 120 -2.3 -2.2 5.5 6 951.2092716354091 0.04373120534557984
60 120 -2.3 -2.2 6 6.5 876.2477046672421 0.03981150907077335
60 120 -2.3 -2.2 6.5 7 809.8063063837579 0.03640284318748854
60 120 -2.3 -2.2 7 7.5 750.6897326208627 0.03340970574686253
60 120 -2.3 -2.2 7.5 8 697.8821025967408 0.03075729177135145
60 120 -2.3 -2.2 8 8.5 650.5283551320199 0.02839104302790929
60 120 -2.3 -2.2 8.5 9 607.907578218323 0.02627973033679609
60 120 -2.3 -2.2 9 9.5 569.4112465034088 0.0243892194239379
60 120 -2.3 -2.2 9.5 10 534.5124781036662 0.02269790776540503
60 120 -2.3 -2.2 10 10.5 502.763408471931 0.02386272589512828
60 120 -2.3 -2.2 10.5 11 473.7861598027973 0.02056243606676844
60 120 -2.3 -2.2 11 11.5 447.2607091421982 0.01854481333299418
60 120 -2.3 -2.2 11.5 12 422.9130431994445 0.01740279060908279
60 120 -2.3 -2.2 12 12.5 400.5073212988232 0.01636161059172991
60 120 -2.3 -2.2 12.5 13 379.8399276886492 0.01540895045485513
60 120 -2.3 -2.2 13 13.5 360.7302875513793 0.01453391435762796
60 120 -2.3 -2.2 13.5 14 343.0196792880356 0.01372771753347024
60 120 -2.3 -2.2 14 14.5 326.570045673562 0.01298386019351483
60 120 -2.3 -2.2 14.5 15 311.262003660577 0.01229590738614661
60 120 -2.3 -2.2 15 16 580.6523395549424 0.02272516187008478
60 120 -2.3 -2.2 16 17 530.7072652825092 0.02051719675375807
60 120 -2.3 -2.2 17 18 486.8077733178231 0.0185911659320368
60 120 -2.3 -2.2 18 19 447.9982113265575 0.01711891249766495
60 120 -2.3 -2.2 19 20 413.5027047756177 0.01624707168122086
60 120 -2.3 -2.2 20 21 382.6942363544795 0.01902370697371225
60 120 -2.3 -2.2 21 22 355.0596647342911 0.0158793247537119
60 120 -2.3 -2.2 22 23 330.1746837686687 0.01328240342195386
60 120 -2.3 -2.2 23 24 307.6839074931169 0.01279441254558833
60 120 -2.3 -2.2 24 25 287.2841859448291 0.01240023142759128
60 120 -2.3 -2.2 25 26 268.7199494237544 0.0116785338212253
60 120 -2.3 -2.2 26 27 251.7765192249842 0.01100414740341193
60 120 -2.3 -2.2 27 28 236.2704282522265 0.01046603549204406
60 120 -2.3 -2.2 28 29 222.0435214130342 0.01001445724904215
60 120 -2.3 -2.2 29 30 208.9587179429515 0.009474460625114034
60 120 -2.3 -2.2 30 31 196.8972860002103 0.009133353551902701
60 120 -2.3 -2.2 31 32 185.7545690206778 0.008834263828504163
60 120 -2.3 -2.2 32 33 175.4393352346202 0.008519925611977897
60 120 -2.3 -2.2 33 34 165.872002578625 0.008194641124504187
60 120 -2.3 -2.2 34 35 156.9828017612946 0.004791847930391668
60 120 -2.3 -2.2 35 36 148.7099113917135 0.004474550425953794
60 120 -2.3 -2.2 36 37 140.9984708136883 0.004181771743475338
60 120 -2.3 -2.2 37 38 133.7999798531197 0.003911271051293852
60 120 -2.3 -2.2 38 39 127.070659505352 0.003660806354631063
60 120 -2.3 -2.2 39 40 120.7711397963934 0.003428637553312797
60 120 -2.3 -2.2 40 42 224.1895303045613 0.009257226008884345
60 120 -2.3 -2.2 42 44 203.3340574987712 0.007146333499349566
60 120 -2.3 -2.2 44 46 184.8654510835822 0.005517152779049184
60 120 -2.3 -2.2 46 48 168.4459030743172 0.004287175738113547
60 120 -2.3 -2.2 48 50 153.7954966550262 0.003802777993030304
60 120 -2.3 -2.2 50 52 140.6793948292395 0.003381604475634958
60 120 -2.3 -2.2 52 54 128.9018893954148 0.003013421709567865
60 120 -2.3 -2.2 54 56 118.297876209438 0.002690574042219396
60 120 -2.3 -2.2 56 58 108.7266023887672 0.002406998907602542
60 120 -2.3 -2.2 58 60 100.0681717109527 0.002158526319902876
60 120 -2.3 -2.2 60 65 217.38043571592 0.00454817296491683
60 120 -2.3 -2.2 65 70 178.4934502482397 0.003473752408552855
60 120 -2.3 -2.2 70 80 270.1125849915871 0.004863529460635618
60 120 -2.3 -2.2 80 90 188.4250704363994 0.003091730673531856
60 120 -2.3 -2.2 90 100 133.8994219421117 0.002035146884026062
60 120 -2.2 -2.1 0 0.5 -1.247172642192828 3.162436437231797e-05
60 120 -2.2 -2.1 0.5 1 -1215.420928429266 0.02433687270695373
60 120 -2.2 -2.1 1 1.5 657.5557394799916 0.02713652042882586
60 120 -2.2 -2.1 1.5 2 1578.754004745924 0.03883427678783846
60 120 -2.2 -2.1 2 2.5 1701.129874778514 0.03448024692056606
60 120 -2.2 -2.1 2.5 3 1627.119148650994 0.03258438662533081
60 120 -2.2 -2.1 3 3.5 1503.993814289419 0.03162507509091483
60 120 -2.2 -2.1 3.5 4 1375.448018175818 0.06748519243296869
60 120 -2.2 -2.1 4 4.5 1255.158281491607 0.06031455937772989
60 120 -2.2 -2.1 4.5 5 1146.702549963721 0.05410629505968245
60 120 -2.2 -2.1 5 5.5 1050.25189101423 0.04879159891652307
60 120 -2.2 -2.1 5.5 6 964.8657444435358 0.04420843835350752
60 120 -2.2 -2.1 6 6.5 889.2887952678184 0.04021405457422134
60 120 -2.2 -2.1 6.5 7 822.2129454913315 0.03672202873440256
60 120 -2.2 -2.1 7 7.5 762.4741914747694 0.03366105898658134
60 120 -2.2 -2.1 7.5 8 709.0748831628285 0.03096764207157321
60 120 -2.2 -2.1 8 8.5 661.1679865590454 0.02859015727574388
60 120 -2.2 -2.1 8.5 9 618.0367849207017 0.02647518974788454
60 120 -2.2 -2.1 9 9.5 579.0585342701949 0.02458558458806692
60 120 -2.2 -2.1 9.5 10 543.7002285974419 0.02288916160159715
60 120 -2.2 -2.1 10 10.5 511.5173251957705 0.02411988025272649
60 120 -2.2 -2.1 10.5 11 482.1356169798782 0.02085051313332542
60 120 -2.2 -2.1 11 11.5 455.2344018272259 0.01872431132028396
60 120 -2.2 -2.1 11.5 12 430.5384031529555 0.0175796922486029
60 120 -2.2 -2.1 12 12.5 407.8090939242555 0.01653146461751476
60 120 -2.2 -2.1 12.5 13 386.8353329603245 0.01557198297075502
60 120 -2.2 -2.1 13 13.5 367.4342956664973 0.01469016307873972
60 120 -2.2 -2.1 13.5 14 349.4484695862167 0.0138778205571839
60 120 -2.2 -2.1 14 14.5 332.7405602060317 0.01312722335205763
60 120 -2.2 -2.1 14.5 15 317.1898107266136 0.01243356691799136
60 120 -2.2 -2.1 15 16 591.8365612510581 0.02297864645424852
60 120 -2.2 -2.1 16 17 541.08211756017 0.02073891952056783
60 120 -2.2 -2.1 17 18 496.4583493713141 0.01878256132675915
60 120 -2.2 -2.1 18 19 456.9894125574629 0.0170682009646157
60 120 -2.2 -2.1 19 20 421.8969299381102 0.01556140936861539
60 120 -2.2 -2.1 20 21 390.5506280876083 0.01920238599069535
60 120 -2.2 -2.1 21 22 362.4312707808261 0.01609839023103632
60 120 -2.2 -2.1 22 23 337.1055194289357 0.01392401235153784
60 120 -2.2 -2.1 23 24 314.2070607782702 0.01180736721920539
60 120 -2.2 -2.1 24 25 293.4315942746923 0.01073320961467061
60 120 -2.2 -2.1 25 26 274.5231093262067 0.01021110267743097
60 120 -2.2 -2.1 26 27 257.263599769654 0.009760701598167998
60 120 -2.2 -2.1 27 28 241.4661494127308 0.009120579774275939
60 120 -2.2 -2.1 28 29 226.9702624205205 0.008639835862965128
60 120 -2.2 -2.1 29 30 213.6360700233905 0.008563119577388534
60 120 -2.2 -2.1 30 31 201.3409909809394 0.008228602549024799
60 120 -2.2 -2.1 31 32 189.9798350017326 0.007882185337763303
60 120 -2.2 -2.1 32 33 179.4608747717323 0.007454687469191867
60 120 -2.2 -2.1 33 34 169.7038402261034 0.0070986266562727
60 120 -2.2 -2.1 34 35 160.6376011233079 0.006758372398678603
60 120 -2.2 -2.1 35 36 152.1994237602715 0.006480547704370565
60 120 -2.2 -2.1 36 37 144.333317747313 0.006449507133993393
60 120 -2.2 -2.1 37 38 136.9887417910232 0.006354254927884995
60 120 -2.2 -2.1 38 39 130.1210125219874 0.006089187196607782
60 120 -2.2 -2.1 39 40 123.6905571490982 0.005747307102907939
60 120 -2.2 -2.1 40 42 229.6664232310453 0.01097892250388099
60 120 -2.2 -2.1 42 44 208.3731864150968 0.01027510658866504
60 120 -2.2 -2.1 44 46 189.513036746203 0.00567837693293427
60 120 -2.2 -2.1 46 48 172.7410948892928 0.004462687876127802
60 120 -2.2 -2.1 48 50 157.7708178146343 0.003844023321903478
60 120 -2.2 -2.1 50 52 144.3652938175737 0.003417907541916065
60 120 -2.2 -2.1 52 54 132.3254339418732 0.003045399786458347
60 120 -2.2 -2.1 54 56 121.4832617501257 0.002719584698695598
60 120 -2.2 -2.1 56 58 111.6952952771857 0.002433687785085681
60 120 -2.2 -2.1 58 60 102.8378390696688 0.00218171270957157
60 120 -2.2 -2.1 60 65 223.5366122576203 0.00454025485441889
60 120 -2.2 -2.1 65 70 183.723931079005 0.00351304367907801
60 120 -2.2 -2.1 70 80 278.433178211797 0.004921522002746315
60 120 -2.2 -2.1 80 90 194.646578759245 0.0031319146766009
60 120 -2.2 -2.1 90 100 138.6401694623991 0.002064530028178524
60 120 -2.1 -2 0 0.5 -1.279980682824045 4.230938061255962e-05
60 120 -2.1 -2 0.5 1 -1298.134033348981 0.05982482843569414
60 120 -2.1 -2 1 1.5 603.6849926670902 0.005140031271480439
60 120 -2.1 -2 1.5 2 1568.180117763559 0.03562173816362701
60 120 -2.1 -2 2 2.5 1705.829353066013 0.01207480393190963
60 120 -2.1 -2 2.5 3 1638.010371753027 0.02336752291967059
60 120 -2.1 -2 3 3.5 1517.376235661267 0.02964837572790202
60 120 -2.1 -2 3.5 4 1389.739880196147 0.06792338988475422
60 120 -2.1 -2 4 4.5 1269.562808169101 0.06060980729489529
60 120 -2.1 -2 4.5 5 1160.794555801854 0.05433009857893012
60 120 -2.1 -2 5 5.5 1063.852199939279 0.04898947732181114
60 120 -2.1 -2 5.5 6 977.9217374459479 0.04440673691021857
60 120 -2.1 -2 6 6.5 901.7536672862244 0.04043607569326468
60 120 -2.1 -2 6.5 7 834.0698493591565 0.03696351920814323
60 120 -2.1 -2 7 7.5 773.7390494795623 0.03391115743920636
60 120 -2.1 -2 7.5 8 719.7839005040364 0.03121583868357902
60 120 -2.1 -2 8 8.5 671.3655525003511 0.02882824973676179
60 120 -2.1 -2 8.5 9 627.7468248869062 0.02670427648854456
60 120 -2.1 -2 9 9.5 588.2970653565039 0.02481128141130284
60 120 -2.1 -2 9.5 10 552.4956008131096 0.02311547971635264
60 120 -2.1 -2 10 10.5 519.9016076666785 0.02456540346804559
60 120 -2.1 -2 10.5 11 490.1378574823804 0.02094635288977997
60 120 -2.1 -2 11 11.5 462.8828220115858 0.01891666554263338
60 120 -2.1 -2 11.5 12 437.8567202984727 0.01776165785088324
60 120 -2.1 -2 12 12.5 414.8137526338247 0.0167032780487375
60 120 -2.1 -2 12.5 13 393.5426829344514 0.01573034074709767
60 120 -2.1 -2 13 13.5 373.8615222660825 0.01483627704209312
60 120 -2.1 -2 13.5 14 355.6124155473598 0.01400910422262314
60 120 -2.1 -2 14 14.5 338.6573353889756 0.01324699682106711
60 120 -2.1 -2 14.5 15 322.8750059721463 0.01254420153128422
60 120 -2.1 -2 15 16 602.5702962779706 0.02318433973437095
60 120 -2.1 -2 16 17 551.0425797603494 0.02093138333952993
60 120 -2.1 -2 17 18 505.7127553591729 0.01896581530593267
60 120 -2.1 -2 18 19 465.6080592599558 0.01723816565669267
60 120 -2.1 -2 19 20 429.946790695498 0.01571734849841278
60 120 -2.1 -2 20 21 398.0886058248089 0.0196237001590589
60 120 -2.1 -2 21 22 369.5034269318243 0.01680827358137549
60 120 -2.1 -2 22 23 343.7476734957957 0.01415681845020345
60 120 -2.1 -2 23 24 320.4553099299949 0.01208811985111424
60 120 -2.1 -2 24 25 299.3194965191029 0.01028294870809532
60 120 -2.1 -2 25 26 280.0808303140446 0.009483090539958994
60 120 -2.1 -2 26 27 262.5184848656214 0.0087670742009891
60 120 -2.1 -2 27 28 246.442325734977 0.008498113836338916
60 120 -2.1 -2 28 29 231.6863875979415 0.008314383042062445
60 120 -2.1 -2 29 30 218.10844405485 0.007775730284095062
60 120 -2.1 -2 30 31 205.5871133802951 0.00726520411473075
60 120 -2.1 -2 31 32 194.0161804250022 0.006868854235477784
60 120 -2.1 -2 32 33 183.3025962822016 0.006604669191347057
60 120 -2.1 -2 33 34 173.3641556283565 0.00626150510925072
60 120 -2.1 -2 34 35 164.1285628292623 0.006254751202988018
60 120 -2.1 -2 35 36 155.5307380154839 0.006121955607767404
60 120 -2.1 -2 36 37 147.5135242329546 0.005778617164992284
60 120 -2.1 -2 37 38 140.026851373974 0.005548577770326801
60 120 -2.1 -2 38 39 133.0258688701636 0.005347617681252359
60 120 -2.1 -2 39 40 126.4703766464329 0.005236687750354463
60 120 -2.1 -2 40 42 234.8787218975519 0.009683285902013949
60 120 -2.1 -2 42 44 213.1653395016714 0.009160796885083755
60 120 -2.1 -2 44 46 193.9276150408024 0.008790241907576046
60 120 -2.1 -2 46 48 176.8141928211739 0.008217603624302683
60 120 -2.1 -2 48 50 161.5364310256899 0.007631834436040208
60 120 -2.1 -2 50 52 147.853658887727 0.007040948672511149
60 120 -2.1 -2 52 54 135.5634489778958 0.003076305761680942
60 120 -2.1 -2 54 56 124.4927039271638 0.002747272036785375
60 120 -2.1 -2 56 58 114.4950756944831 0.002457508075508485
60 120 -2.1 -2 58 60 105.4462453794079 0.002203509047433272
60 120 -2.1 -2 60 65 229.3260545938322 0.004585706052154137
60 120 -2.1 -2 65 70 188.6293571422907 0.003548992104555282
60 120 -2.1 -2 70 80 286.2033855731075 0.004972996045523814
60 120 -2.1 -2 80 90 200.4265404603837 0.003166639615358235
60 120 -2.1 -2 90 100 143.0255082582102 0.002089291599077114
60 120 -2 -1.9 0 0.5 -1.312017777717056 3.333716538667097e-05
60 120 -2 -1.9 0.5 1 -1378.973064546478 0.01695667908393261
60 120 -2 -1.9 1 1.5 550.5117431777489 0.01052011554691035
60 120 -2 -1.9 1.5 2 1557.260498783986 0.00699744700023075
60 120 -2 -1.9 2 2.5 1709.922851050835 0.02459900668418413
60 120 -2 -1.9 2.5 3 1648.171130067974 0.03715925791470909
60 120 -2 -1.9 3 3.5 1530.01668910575 0.03603256995324955
60 120 -2 -1.9 3.5 4 1403.33161968662 0.06820292598263222
60 120 -2 -1.9 4 4.5 1283.269482767422 0.06094342132814745
60 120 -2 -1.9 4.5 5 1174.220351184935 0.05473849171448819
60 120 -2 -1.9 5 5.5 1076.854769843311 0.04942490164307856
60 120 -2 -1.9 5.5 6 990.4214501740415 0.04481105031811694
60 120 -2 -1.9 6 6.5 913.6784989069896 0.04079630227886355
60 120 -2 -1.9 6.5 7 845.4159448825498 0.0372794542814745
60 120 -2 -1.9 7 7.5 784.5365184559211 0.03419487673579624
60 120 -2 -1.9 7.5 8 730.0721541280989 0.03148175059209279
60 120 -2 -1.9 8 8.5 681.1609837640142 0.02907558153697209
60 120 -2 -1.9 8.5 9 637.0623505143834 0.02693270788381597
60 120 -2 -1.9 9 9.5 597.1623955230403 0.02501539263255381
60 120 -2 -1.9 9.5 10 560.9407599265402 0.02329091274668826
60 120 -2 -1.9 10 10.5 527.9559997176819 0.02447684372623371
60 120 -2 -1.9 10.5 11 497.8323374789534 0.02132328370458936
60 120 -2 -1.9 11 11.5 470.2403583748631 0.01907100046753385
60 120 -2 -1.9 11.5 12 444.8924251287053 0.01790759893475524
60 120 -2 -1.9 12 12.5 421.5434956185972 0.01683988359332034
60 120 -2 -1.9 12.5 13 399.9843284066251 0.01586203328736246
60 120 -2 -1.9 13 13.5 380.0337959613457 0.01496300539196227
60 120 -2 -1.9 13.5 14 361.5337122306769 0.01413591413796667
60 120 -2 -1.9 14 14.5 344.3446931703078 0.01337263533804389
60 120 -2 -1.9 14.5 15 328.3437396398267 0.01266797615937776
60 120 -2 -1.9 15 16 612.8952467143562 0.02342157495957053
60 120 -2 -1.9 16 17 560.6088312987193 0.02115154151454135
60 120 -2 -1.9 17 18 514.6003514147765 0.01916644431321401
60 120 -2 -1.9 18 19 473.8904577663919 0.01742163116364281
60 120 -2 -1.9 19 20 437.6860021290989 0.01588526840049553
60 120 -2 -1.9 20 21 405.3349133818146 0.01452329957919574
60 120 -2 -1.9 21 22 376.2952716412566 0.01708936636777025
60 120 -2 -1.9 22 23 350.1242013639024 0.01446922838533737
60 120 -2 -1.9 23 24 326.4533055555298 0.01218544205676153
60 120 -2 -1.9 24 25 304.9728270588907 0.01036673467604032
60 120 -2 -1.9 25 26 285.419396204812 0.00957100558628099
60 120 -2 -1.9 26 27 267.5652365006278 0.008851844479977444
60 120 -2 -1.9 27 28 251.2156003958895 0.008198170444416064
60 120 -2 -1.9 28 29 236.2058200660681 0.00760154995421658
60 120 -2 -1.9 29 30 222.3943602516028 0.007057100124853832
60 120 -2 -1.9 30 31 209.6567683133312 0.006646651250321156
60 120 -2 -1.9 31 32 197.8852336094795 0.006311952939682897
60 120 -2 -1.9 32 33 186.9846286877163 0.006189615236223744
60 120 -2 -1.9 33 34 176.8707540586412 0.006110527365905227
60 120 -2 -1.9 34 35 167.4693756608515 0.00574653267815961
60 120 -2 -1.9 35 36 158.7162125533638 0.005580802207845181
60 120 -2 -1.9 36 37 150.553713248006 0.005365670344076534
60 120 -2 -1.9 37 38 142.9307569562498 0.005167753151482657
60 120 -2 -1.9 38 39 135.8016726371436 0.004807055818730532
60 120 -2 -1.9 39 40 129.125879887093 0.004551048912844635
60 120 -2 -1.9 40 42 239.856871027374 0.01019277359225157
60 120 -2 -1.9 42 44 217.7359138820218 0.008542869208270076
60 120 -2 -1.9 44 46 198.1316637140696 0.007891817512671651
60 120 -2 -1.9 46 48 180.6901778633073 0.007173086107030713
60 120 -2 -1.9 48 50 165.1184245493704 0.006877443038973752
60 120 -2 -1.9 50 52 151.169665464549 0.006749090229561716
60 120 -2 -1.9 52 54 138.6360308796772 0.006195987788117918
60 120 -2 -1.9 54 56 127.344004269942 0.005848166752386419
60 120 -2 -1.9 56 58 117.1455485257236 0.005504719687493775
60 120 -2 -1.9 58 60 107.9139015396811 0.005193026482615437
60 120 -2 -1.9 60 65 234.7928638309769 0.004628087470649689
60 120 -2 -1.9 65 70 193.2456348078601 0.003581177130257629
60 120 -2 -1.9 70 80 293.4874917689712 0.005018684870094603
60 120 -2 -1.9 80 90 205.8120940491342 0.003196743463320217
60 120 -2 -1.9 90 100 147.0903079385106 0.002110676872575823
60 120 -1.9 -1.8 0 0.5 -1.343403564817887 3.481897947965606e-05
60 120 -1.9 -1.8 0.5 1 -1457.835268767797 0.01988948793314194
60 120 -1.9 -1.8 1 1.5 498.5091893830949 0.0163052162795907
60 120 -1.9 -1.8 1.5 2 1546.252124804797 0.02069172383994555
60 120 -1.9 -1.8 2 2.5 1713.52102959946 0.01514126398137705
60 120 -1.9 -1.8 2.5 3 1657.648913850981 0.01711154091981371
60 120 -1.9 -1.8 3 3.5 1541.988002516946 0.07691244361240024
60 120 -1.9 -1.8 3.5 4 1416.267084422103 0.0685252974155901
60 120 -1.9 -1.8 4 4.5 1296.327176355166 0.06130273665962704
60 120 -1.9 -1.8 4.5 5 1187.065043573337 0.0550754883386162
60 120 -1.9 -1.8 5 5.5 1089.340789321607 0.04969436875603606
60 120 -1.9 -1.8 5.5 6 1002.399187131613 0.04506119505424522
60 120 -1.9 -1.8 6 6.5 925.1074427703837 0.04104602774089017
60 120 -1.9 -1.8 6.5 7 856.3069485168818 0.03752370607662669
60 120 -1.9 -1.8 7 7.5 794.9205582332817 0.03443738522116746
60 120 -1.9 -1.8 7.5 8 739.9630413499741 0.03172147305087947
60 120 -1.9 -1.8 8 8.5 690.5658499164066 0.02931546028707999
60 120 -1.9 -1.8 8.5 9 646.0057986298565 0.02717174512360998
60 120 -1.9 -1.8 9 9.5 605.6739474269308 0.02524488006474712
60 120 -1.9 -1.8 9.5 10 569.0548372668488 0.02351500157908504
60 120 -1.9 -1.8 10 10.5 535.7061233261207 0.02520262884104341
60 120 -1.9 -1.8 10.5 11 505.237309569378 0.02196713921102855
60 120 -1.9 -1.8 11 11.5 477.3128753503665 0.01926116321817517
60 120 -1.9 -1.8 11.5 12 451.649583674508 0.01808155922390142
60 120 -1.9 -1.8 12 12.5 428.0068668891705 0.0170061158352155
60 120 -1.9 -1.8 12.5 13 406.1751414895963 0.01601626034585024
60 120 -1.9 -1.8 13 13.5 385.9709199465742 0.01510846459086679
60 120 -1.9 -1.8 13.5 14 367.2343229323118 0.0142730312811068
60 120 -1.9 -1.8 14 14.5 349.8225407026707 0.01350158943193946
60 120 -1.9 -1.8 14.5 15 333.6082429160886 0.01278801730319401
60 120 -1.9 -1.8 15 16 622.822356774716 0.02363842887518786
60 120 -1.9 -1.8 16 17 569.8072379603213 0.02133266820362678
60 120 -1.9 -1.8 17 18 523.1504817236054 0.01932562485967537
60 120 -1.9 -1.8 18 19 481.8631418265374 0.01757451710864188
60 120 -1.9 -1.8 19 20 445.1348154148717 0.01603130853931134
60 120 -1.9 -1.8 20 21 412.2996226783242 0.01466089501400347
60 120 -1.9 -1.8 21 22 382.8201230903248 0.01733807431361356
60 120 -1.9 -1.8 22 23 356.2515486369076 0.01455742194809773
60 120 -1.9 -1.8 23 24 332.2204779403565 0.01240625338073187
60 120 -1.9 -1.8 24 25 310.4100478998386 0.01088701396798797
60 120 -1.9 -1.8 25 26 290.5483749604981 0.009669404176634089
60 120 -1.9 -1.8 26 27 272.4080941304525 0.008944275237752208
60 120 -1.9 -1.8 27 28 255.7958248580145 0.008282344322708468
60 120 -1.9 -1.8 28 29 240.5444606201152 0.007679721476279155
60 120 -1.9 -1.8 29 30 226.5091045327633 0.007128408918561036
60 120 -1.9 -1.8 30 31 213.5645554653878 0.006623713208711024
60 120 -1.9 -1.8 31 32 201.5992236528924 0.006460615824153138
60 120 -1.9 -1.8 32 33 190.51611298697 0.006155249727839873
60 120 -1.9 -1.8 33 34 180.2311395370803 0.005862050288953924
60 120 -1.9 -1.8 34 35 170.6703775582962 0.005675109348118212
60 120 -1.9 -1.8 35 36 161.7679333143359 0.005275286249514011
60 120 -1.9 -1.8 36 37 153.4659242857282 0.004861584348844872
60 120 -1.9 -1.8 37 38 145.7125447877402 0.004713819831124511
60 120 -1.9 -1.8 38 39 138.4610178919261 0.004835481266894703
60 120 -1.9 -1.8 39 40 131.6688658909274 0.004629886859618182
60 120 -1.9 -1.8 40 42 244.6168068427376 0.01041291832441971
60 120 -1.9 -1.8 42 44 222.1013236784702 0.008058745838098957
60 120 -1.9 -1.8 44 46 202.1461648088329 0.007051294457227186
60 120 -1.9 -1.8 46 48 184.3909367754365 0.00704334700947129
60 120 -1.9 -1.8 48 50 168.5340050782676 0.006570425346808406
60 120 -1.9 -1.8 50 52 154.3260330782415 0.006025054537815322
60 120 -1.9 -1.8 52 54 141.5585876706238 0.005721145395881422
60 120 -1.9 -1.8 54 56 130.0546434712897 0.005307405104275631
60 120 -1.9 -1.8 56 58 119.6635264658971 0.005140565859790058
60 120 -1.9 -1.8 58 60 110.2554846553659 0.00489698825298035
60 120 -1.9 -1.8 60 65 239.9678818726055 0.01112472665803921
60 120 -1.9 -1.8 65 70 197.6046439204634 0.00962340786685445
60 120 -1.9 -1.8 70 80 300.3363053915692 0.00506008829466964
60 120 -1.9 -1.8 80 90 210.8477034263586 0.003223288843628325
60 120 -1.9 -1.8 90 100 150.8677952912631 0.002128698852231992
60 120 -1.8 -1.7 0 0.5 -1.373954070973385 4.016688205310537e-05
60 120 -1.8 -1.7 0.5 1 -1534.098896607704 0.01357375714064801
60 120 -1.8 -1.7 1 1.5 447.8546046874472 0.007997539145833343
60 120 -1.8 -1.7 1.5 2 1535.156366754541 0.02537616642348439
60 120 -1.8 -1.7 2 2.5 1716.742865494592 0.01296551036512028
60 120 -1.8 -1.7 2.5 3 1666.599162847297 0.02854682352221971
60 120 -1.8 -1.7 3 3.5 1553.478014561898 0.07715727235517988
60 120 -1.8 -1.7 3.5 4 1428.631129185761 0.0688929419386568
60 120 -1.8 -1.7 4 4.5 1308.825987965402 0.061699020540118
60 120 -1.8 -1.7 4.5 5 1199.40761803006 0.05547651295751166
60 120 -1.8 -1.7 5 5.5 1101.299250383731 0.05009458626182095
60 120 -1.8 -1.7 5.5 6 1013.859180291412 0.04541533939595865
60 120 -1.8 -1.7 6 6.5 936.0481722310258 0.04132805524773175
60 120 -1.8 -1.7 6.5 7 866.7547121785675 0.03777651598272769
60 120 -1.8 -1.7 7 7.5 804.8880115815447 0.03468054158099676
60 120 -1.8 -1.7 7.5 8 749.4413919081469 0.03195628425646646
60 120 -1.8 -1.7 8 8.5 699.5738620262832 0.0295336845960037
60 120 -1.8 -1.7 8.5 9 654.5775625885331 0.02737249795563912
60 120 -1.8 -1.7 9 9.5 613.8472418087775 0.02543382357077917
60 120 -1.8 -1.7 9.5 10 576.8604263480238 0.0236876672137214
60 120 -1.8 -1.7 10 10.5 543.156212317206 0.02576369522171262
60 120 -1.8 -1.7 10.5 11 512.3449369061183 0.02245147563905903
60 120 -1.8 -1.7 11 11.5 484.0987041404881 0.01941139453572305
60 120 -1.8 -1.7 11.5 12 458.1375044326414 0.01823044203848667
60 120 -1.8 -1.7 12 12.5 434.217772782583 0.01714723802558638
60 120 -1.8 -1.7 12.5 13 412.1281355061279 0.01615171062974241
60 120 -1.8 -1.7 13 13.5 391.6840984697915 0.01523623195498658
60 120 -1.8 -1.7 13.5 14 372.7186995553592 0.01439508777303899
60 120 -1.8 -1.7 14 14.5 355.0870938374321 0.01361872793432894
60 120 -1.8 -1.7 14.5 15 338.6636043692095 0.01290166444027818
60 120 -1.8 -1.7 15 16 632.3542496238301 0.02385396660429251
60 120 -1.8 -1.7 16 17 578.6441413707264 0.02154622680927787
60 120 -1.8 -1.7 17 18 531.3738779659863 0.0195274006573527
60 120 -1.8 -1.7 18 19 489.5274080290689 0.01775575055461331
60 120 -1.8 -1.7 19 20 452.2835293852233 0.01618951712737271
60 120 -1.8 -1.7 20 21 418.9853314813126 0.02093517925908372
60 120 -1.8 -1.7 21 22 389.0893922261036 0.01740497804263441
60 120 -1.8 -1.7 22 23 362.143791706489 0.01496137502766715
60 120 -1.8 -1.7 23 24 337.7652202395207 0.01297348161784839
60 120 -1.8 -1.7 24 25 315.6304484895081 0.01096629636219859
60 120 -1.8 -1.7 25 26 295.4713039900316 0.0097571804158747
60 120 -1.8 -1.7 26 27 277.0582615061005 0.009022247379050441
60 120 -1.8 -1.7 27 28 260.1948849887331 0.008354596922970359
60 120 -1.8 -1.7 28 29 244.7125329740722 0.007746201210636627
60 120 -1.8 -1.7 29 30 230.4625791001626 0.007245536693631038
60 120 -1.8 -1.7 30 31 217.3154381443836 0.006757030802333475
60 120 -1.8 -1.7 31 32 205.1605954675893 0.006322686423061441
60 120 -1.8 -1.7 32 33 193.9014125934633 0.005955912291994991
60 120 -1.8 -1.7 33 34 183.4525644680173 0.005432196887312557
60 120 -1.8 -1.7 34 35 173.7392951947855 0.00503670535334777
60 120 -1.8 -1.7 35 36 164.6950007225232 0.005036870211824862
60 120 -1.8 -1.7 36 37 156.2593248879687 0.005030699676325412
60 120 -1.8 -1.7 37 38 148.37891717383 0.004784235117369917
60 120 -1.8 -1.7 38 39 141.0068881038085 0.004447428035689427
60 120 -1.8 -1.7 39 40 134.1017114765914 0.004287738081444559
60 120 -1.8 -1.7 40 42 249.170475062975 0.01052651873987998
60 120 -1.8 -1.7 42 44 226.2787062323007 0.00827574132722475
60 120 -1.8 -1.7 44 46 205.9863626094996 0.007394098555863593
60 120 -1.8 -1.7 46 48 187.9248111274253 0.006688489296692524
60 120 -1.8 -1.7 48 50 171.7921975562712 0.006221981613720118
60 120 -1.8 -1.7 50 52 157.3360727599656 0.005671543711713412
60 120 -1.8 -1.7 52 54 144.3443338620785 0.005451772271470645
60 120 -1.8 -1.7 54 56 132.6362212583729 0.005149485562839118
60 120 -1.8 -1.7 56 58 122.0582834978547 0.004851257268882136
60 120 -1.8 -1.7 58 60 112.479674688451 0.004612336860574828
60 120 -1.8 -1.7 60 65 244.8766018085813 0.01008108905250538
60 120 -1.8 -1.7 65 70 201.7308113816356 0.009167259086837021
60 120 -1.8 -1.7 70 80 306.7910908125158 0.01491860031893566
60 120 -1.8 -1.7 80 90 215.567234731555 0.003246735720352945
60 120 -1.8 -1.7 90 100 154.3903208119652 0.002144290146276262
60 120 -1.7 -1.6 0 0.5 -1.403454709424748 4.521030176407592e-05
60 120 -1.7 -1.6 0.5 1 -1608.225610226881 0.07442130432400518
60 120 -1.7 -1.6 1 1.5 398.579087084849 0.008896679567840238
60 120 -1.7 -1.6 1.5 2 1524.206430104427 0.03331217493882832
60 120 -1.7 -1.6 2 2.5 1719.467588953974 0.03271488535665412
60 120 -1.7 -1.6 2.5 3 1674.902231221057 0.02541058999054258
60 120 -1.7 -1.6 3 3.5 1564.23387613565 0.07757279395877958
60 120 -1.7 -1.6 3.5 4 1440.241109889731 0.06930131332978817
60 120 -1.7 -1.6 4 4.5 1320.660330395459 0.0619877218093734
60 120 -1.7 -1.6 4.5 5 1211.136291901598 0.05573707487110369
60 120 -1.7 -1.6 5 5.5 1112.657891779936 0.05034145813010582
60 120 -1.7 -1.6 5.5 6 1024.764402083536 0.04565058247590059
60 120 -1.7 -1.6 6 6.5 946.5060725599254 0.04158336911780225
60 120 -1.7 -1.6 6.5 7 876.7631006199144 0.03805546628620959
60 120 -1.7 -1.6 7 7.5 814.4118765186132 0.03496642358300051
60 120 -1.7 -1.6 7.5 8 758.4938788597739 0.03223126786406283
60 120 -1.7 -1.6 8 8.5 708.189569116414 0.02979271255321692
60 120 -1.7 -1.6 8.5 9 662.7916552702109 0.0276091440844084
60 120 -1.7 -1.6 9 9.5 621.6873841321161 0.0256548049075036
60 120 -1.7 -1.6 9.5 10 584.335139182801 0.02390152061514073
60 120 -1.7 -1.6 10 10.5 550.2803071272238 0.02636958233472342
60 120 -1.7 -1.6 10.5 11 519.1405769401215 0.02244990175790917
60 120 -1.7 -1.6 11 11.5 490.5908625717791 0.01956758770978695
60 120 -1.7 -1.6 11.5 12 464.3488745199918 0.01837366393203865
60 120 -1.7 -1.6 12 12.5 440.1703616300622 0.01728120446841785
60 120 -1.7 -1.6 12.5 13 417.8378021848284 0.0162786046452652
60 120 -1.7 -1.6 13 13.5 397.1574438946118 0.01535748288773675
60 120 -1.7 -1.6 13.5 14 377.9663919494974 0.01451440722144071
60 120 -1.7 -1.6 14 14.5 360.12206607038 0.01373733293922896
60 120 -1.7 -1.6 14.5 15 343.5008244432944 0.01301664104090605
60 120 -1.7 -1.6 15 16 641.4868880083226 0.02406708376031474
60 120 -1.7 -1.6 16 17 587.1264085177379 0.02172734674059029
60 120 -1.7 -1.6 17 18 539.2606879724847 0.01968907431137268
60 120 -1.7 -1.6 18 19 496.8686910650064 0.01790913908388347
60 120 -1.7 -1.6 19 20 459.1382182881172 0.01633265422680097
60 120 -1.7 -1.6 20 21 425.4024861977883 0.02093074110518955
60 120 -1.7 -1.6 21 22 395.1113830303217 0.01815583138682086
60 120 -1.7 -1.6 22 23 367.7988970587526 0.01547235671984026
60 120 -1.7 -1.6 23 24 343.0800810364861 0.01302425982328259
60 120 -1.7 -1.6 24 25 320.635365007952 0.01121254339466304
60 120 -1.7 -1.6 25 26 300.1922800285174 0.009847592546748274
60 120 -1.7 -1.6 26 27 281.5201467836453 0.009107087426627913
60 120 -1.7 -1.6 27 28 264.4180167736733 0.008432242817264068
60 120 -1.7 -1.6 28 29 248.7103802826794 0.007816736796797841
60 120 -1.7 -1.6 29 30 234.2496575326683 0.007254706176070158
60 120 -1.7 -1.6 30 31 220.9075832736791 0.006740703142043003
60 120 -1.7 -1.6 31 32 208.5725739084679 0.006271625685542404
60 120 -1.7 -1.6 32 33 197.1463373996094 0.005841585707656805
60 120 -1.7 -1.6 33 34 186.5425264108793 0.005717118921921838
60 120 -1.7 -1.6 34 35 176.6827317007251 0.005514508479876667
60 120 -1.7 -1.6 35 36 167.4993142090279 0.005202104370624738
60 120 -1.7 -1.6 36 37 158.932586043372 0.004878268138298836
60 120 -1.7 -1.6 37 38 150.929727378773 0.004755159749919358
60 120 -1.7 -1.6 38 39 143.4430982156533 0.004512645350928324
60 120 -1.7 -1.6 39 40 136.4302306608823 0.004202713291249438
60 120 -1.7 -1.6 40 42 253.5297934261806 0.01093893537296253
60 120 -1.7 -1.6 42 44 230.2739569982002 0.008655141833401103
60 120 -1.7 -1.6 44 46 209.6533009779294 0.007000722807987358
60 120 -1.7 -1.6 46 48 191.2981485286164 0.006347633192547164
60 120 -1.7 -1.6 48 50 174.9019924146144 0.005850250430569304
60 120 -1.7 -1.6 50 52 160.2080746827955 0.005734962394257082
60 120 -1.7 -1.6 52 54 146.9993707921411 0.005330879919881681
60 120 -1.7 -1.6 54 56 135.0936733904642 0.005056099500990285
60 120 -1.7 -1.6 56 58 124.3360158269481 0.004594273922805314
60 120 -1.7 -1.6 58 60 114.5942450535608 0.004208159220951302
60 120 -1.7 -1.6 60 65 249.5394606283691 0.009992215004928084
60 120 -1.7 -1.6 65 70 205.6377226670909 0.008471615242342523
60 120 -1.7 -1.6 70 80 312.8859152840852 0.01419360333170516
60 120 -1.7 -1.6 80 90 220.0002376822171 0.01095495627953369
60 120 -1.7 -1.6 90 100 157.6800859946867 0.002157941758639481
60 120 -1.6 -1.5 0 0.5 -1.4319275217249 3.581233771887682e-05
60 120 -1.6 -1.5 0.5 1 -1680.379569278071 0.02799284627644738
60 120 -1.6 -1.5 1 1.5 349.7365548892169 0.0155481004532021
60 120 -1.6 -1.5 1.5 2 1512.838348616136 0.0260138515232029
60 120 -1.6 -1.5 2 2.5 1721.507620890755 0.01916351900399604
60 120 -1.6 -1.5 2.5 3 1682.625952359138 0.03120947260754292
60 120 -1.6 -1.5 3 3.5 1574.327000128519 0.07793729350760259
60 120 -1.6 -1.5 3.5 4 1451.210255108181 0.06956560162848291
60 120 -1.6 -1.5 4 4.5 1331.934171812544 0.06225567083083661
60 120 -1.6 -1.5 4.5 5 1222.249408843663 0.0559632611714278
60 120 -1.6 -1.5 5 5.5 1123.413627293808 0.05060803300739281
60 120 -1.6 -1.5 5.5 6 1035.129971473224 0.04595209611466089
60 120 -1.6 -1.5 6 6.5 956.4660097828141 0.04189752059141938
60 120 -1.6 -1.5 6.5 7 886.2597814003267 0.03834048541466473
60 120 -1.6 -1.5 7 7.5 823.4469241526081 0.03520489433617513
60 120 -1.6 -1.5 7.5 8 767.0974890309407 0.03243040730080793
60 120 -1.6 -1.5 8 8.5 716.3978166336127 0.02997521536906333
60 120 -1.6 -1.5 8.5 9 670.6314885160592 0.02778893712491026
60 120 -1.6 -1.5 9 9.5 629.1598338017512 0.02583252022805027
60 120 -1.6 -1.5 9.5 10 591.4529023649545 0.02406761563679538
60 120 -1.6 -1.5 10 10.5 557.0675701096336 0.02610904982975626
60 120 -1.6 -1.5 10.5 11 525.6256668516074 0.02258469679816244
60 120 -1.6 -1.5 11 11.5 496.7982416945172 0.01970793195795295
60 120 -1.6 -1.5 11.5 12 470.2983094337221 0.01851165121871645
60 120 -1.6 -1.5 12 12.5 445.8699925422534 0.01742149694609907
60 120 -1.6 -1.5 12.5 13 423.2934883863479 0.01642067157945348
60 120 -1.6 -1.5 13 13.5 402.384740054988 0.01550168407408137
60 120 -1.6 -1.5 13.5 14 382.9808429320633 0.01465116903898434
60 120 -1.6 -1.5 14 14.5 364.9394767584513 0.01386432540670057
60 120 -1.6 -1.5 14.5 15 348.1330857086908 0.01313283397405485
60 120 -1.6 -1.5 15 16 650.2412747433742 0.02427560627791081
60 120 -1.6 -1.5 16 17 595.24427494112 0.0219118935425513
60 120 -1.6 -1.5 17 18 546.7982299341511 0.01985420498169788
60 120 -1.6 -1.5 18 19 503.8909118861307 0.01805512172074941
60 120 -1.6 -1.5 19 20 465.7001599810225 0.01646685106163659
60 120 -1.6 -1.5 20 21 431.5491953043971 0.01505479045721358
60 120 -1.6 -1.5 21 22 400.869856846872 0.01845373869349487
60 120 -1.6 -1.5 22 23 373.2016360656374 0.01549300204089832
60 120 -1.6 -1.5 23 24 348.1609354905419 0.0132134314042105
60 120 -1.6 -1.5 24 25 325.4239070689701 0.01121349424204254
60 120 -1.6 -1.5 25 26 304.714526340729 0.009930426554433325
60 120 -1.6 -1.5 26 27 285.7922076261396 0.009184652214969447
60 120 -1.6 -1.5 27 28 268.4549426289361 0.008505011554007069
60 120 -1.6 -1.5 28 29 252.5312249907984 0.007884754196737731
60 120 -1.6 -1.5 29 30 237.871379873174 0.007319127276048221
60 120 -1.6 -1.5 30 31 224.3458277346264 0.006801528266521473
60 120 -1.6 -1.5 31 32 211.8403809172902 0.006734405431956247
60 120 -1.6 -1.5 32 33 200.2533861959549 0.006490185499842482
60 120 -1.6 -1.5 33 34 189.4968494268071 0.005915000030768169
60 120 -1.6 -1.5 34 35 179.4944837889515 0.005617608383062134
60 120 -1.6 -1.5 35 36 170.1780220257212 0.005300334038821575
60 120 -1.6 -1.5 36 37 161.4871291871822 0.004911894227774383
60 120 -1.6 -1.5 37 38 153.3679561251627 0.004592793583725552
60 120 -1.6 -1.5 38 39 145.7722810633864 0.004654573947505014
60 120 -1.6 -1.5 39 40 138.6561390909188 0.004419208332990365
60 120 -1.6 -1.5 40 42 257.6922536160386 0.01125342720632716
60 120 -1.6 -1.5 42 44 234.085331875382 0.008806459219215412
60 120 -1.6 -1.5 44 46 213.1518139929274 0.006769254530354374
60 120 -1.6 -1.5 46 48 194.5170031617451 0.006537533786769245
60 120 -1.6 -1.5 48 50 177.8676670244766 0.006224353487482404
60 120 -1.6 -1.5 50 52 162.9431830529045 0.005840195834338147
60 120 -1.6 -1.5 52 54 149.5256028097284 0.005175874678940318
60 120 -1.6 -1.5 54 56 137.4313854446688 0.004695767909851156
60 120 -1.6 -1.5 56 58 126.5032109281245 0.004673111337154978
60 120 -1.6 -1.5 58 60 116.6050061049552 0.004389778161069557
60 120 -1.6 -1.5 60 65 253.9626447402087 0.009604902571766161
60 120 -1.6 -1.5 65 70 209.3402862221511 0.0102109216361157
60 120 -1.6 -1.5 70 80 318.6407558683591 0.01321641701321141
60 120 -1.6 -1.5 80 90 224.1689988591441 0.01046098587144684
60 120 -1.6 -1.5 90 100 160.7594036272694 0.002169888792707297
60 120 -1.5 -1.4 0 0.5 -1.459370308649574 3.413150685771527e-05
60 120 -1.5 -1.4 0.5 1 -1749.652945085251 0.04927899189124219
60 120 -1.5 -1.4 1 1.5 302.8512338843087 0.008274247548342828
60 120 -1.5 -1.4 1.5 2 1501.805448915153 0.01218466282784902
60 120 -1.5 -1.4 2 2.5 1723.149941926902 0.003801074250986858
60 120 -1.5 -1.4 2.5 3 1689.768999506732 0.01465543972813066
60 120 -1.5 -1.4 3 3.5 1583.673976800293 0.07809793922615427
60 120 -1.5 -1.4 3.5 4 1461.555067048017 0.06981558018946998
60 120 -1.5 -1.4 4 4.5 1342.573265207403 0.06263758541467723
60 120 -1.5 -1.4 4.5 5 1232.739050839131 0.0564273079760369
60 120 -1.5 -1.4 5 5.5 1133.627093946541 0.05101013413536748
60 120 -1.5 -1.4 5.5 6 1045.024671027198 0.04628354351189046
60 120 -1.5 -1.4 6 6.5 965.9447380276825 0.04216450428441476
60 120 -1.5 -1.4 6.5 7 895.2888497723128 0.03856815773337985
60 120 -1.5 -1.4 7 7.5 832.0502929881237 0.03542318698214331
60 120 -1.5 -1.4 7.5 8 775.3128011448709 0.03263840170711774
60 120 -1.5 -1.4 8 8.5 724.2446444714982 0.03016665150187237
60 120 -1.5 -1.4 8.5 9 678.0991674745302 0.02797307516004821
60 120 -1.5 -1.4 9 9.5 636.2631178550253 0.02600757693141986
60 120 -1.5 -1.4 9.5 10 598.2227582886997 0.02423881182323839
60 120 -1.5 -1.4 10 10.5 563.534237203101 0.02622878922545624
60 120 -1.5 -1.4 10.5 11 531.8135091702555 0.02293175004353998
60 120 -1.5 -1.4 11 11.5 502.7210251314528 0.02033748354079989
60 120 -1.5 -1.4 11.5 12 475.9605438351869 0.01867269707190644
60 120 -1.5 -1.4 12 12.5 451.2835895927729 0.01756765402546989
60 120 -1.5 -1.4 12.5 13 428.4788093344669 0.0165509667325523
60 120 -1.5 -1.4 13 13.5 407.3575871952569 0.01561302502540229
60 120 -1.5 -1.4 13.5 14 387.756482166433 0.01475354024830722
60 120 -1.5 -1.4 14 14.5 369.5310909664139 0.01396185157324226
60 120 -1.5 -1.4 14.5 15 352.5517131562093 0.01322935725841035
60 120 -1.5 -1.4 15 16 658.5778677952786 0.02445946333227766
60 120 -1.5 -1.4 16 17 602.9672659753365 0.02208768395905736
60 120 -1.5 -1.4 17 18 553.9799569967101 0.02001651131786275
60 120 -1.5 -1.4 18 19 510.5941246449411 0.01820672605964546
60 120 -1.5 -1.4 19 20 471.9669392921033 0.01660717683762414
60 120 -1.5 -1.4 20 21 437.4068234786306 0.01518803678521863
60 120 -1.5 -1.4 21 22 406.3578356610286 0.01845985422789909
60 120 -1.5 -1.4 22 23 378.3568723752992 0.01556535497559253
60 120 -1.5 -1.4 23 24 353.015388603288 0.01355180062404315
60 120 -1.5 -1.4 24 25 329.9989232830311 0.01169598953828199
60 120 -1.5 -1.4 25 26 309.0260108965658 0.01004130351560661
60 120 -1.5 -1.4 26 27 289.8615266582315 0.009256516543359794
60 120 -1.5 -1.4 27 28 272.3029583255147 0.008571554396894498
60 120 -1.5 -1.4 28 29 256.1759050720289 0.007948311219593052
60 120 -1.5 -1.4 29 30 241.3282293474859 0.007425014340270764
60 120 -1.5 -1.4 30 31 227.6258836324087 0.007110778695988529
60 120 -1.5 -1.4 31 32 214.9532620750396 0.006425816075250168
60 120 -1.5 -1.4 32 33 203.2108180432162 0.006207050058861796
60 120 -1.5 -1.4 33 34 192.3099678061879 0.005780991688766335
60 120 -1.5 -1.4 34 35 182.1731052623495 0.005399110161107501
60 120 -1.5 -1.4 35 36 172.7313442289143 0.005220765774481606
60 120 -1.5 -1.4 36 37 163.9228801500094 0.005262929269463257
60 120 -1.5 -1.4 37 38 155.692248272454 0.004955813278343157
60 120 -1.5 -1.4 38 39 147.9908810430242 0.004772848671962038
60 120 -1.5 -1.4 39 40 140.7751988723909 0.00465471904371384
60 120 -1.5 -1.4 40 42 261.654342094372 0.01138639954274367
60 120 -1.5 -1.4 42 44 237.7145965963173 0.008916071505836953
60 120 -1.5 -1.4 44 46 216.4838144543568 0.007464585573245586
60 120 -1.5 -1.4 46 48 197.5788997012657 0.006864300865487394
60 120 -1.5 -1.4 48 50 180.6852090434381 0.006169042397374369
60 120 -1.5 -1.4 50 52 165.5413913504942 0.005338272466957505
60 120 -1.5 -1.4 52 54 151.9270529940219 0.005376731830068593
60 120 -1.5 -1.4 54 56 139.6529849019499 0.005098476971113541
60 120 -1.5 -1.4 56 58 128.5593047959948 0.004706345585589133
60 120 -1.5 -1.4 58 60 118.5103090529796 0.004066344607366545
60 120 -1.5 -1.4 60 65 258.155587893565 0.009699405618789569
60 120 -1.5 -1.4 65 70 212.8429202146005 0.01017971824316533
60 120 -1.5 -1.4 70 80 324.0739729920467 0.01311307555289432
60 120 -1.5 -1.4 80 90 228.0876186410526 0.009929975258728518
60 120 -1.5 -1.4 90 100 163.6402150103515 0.007623432734590097
60 120 -1.4 -1.3 0 0.5 -1.485220620615933 5.774399471780711e-05
60 120 -1.4 -1.3 0.5 1 -1816.120540887194 0.03023619350642548
60 120 -1.4 -1.3 1 1.5 257.5907687328474 0.01146694504797097
60 120 -1.4 -1.3 1.5 2 1491.066931649265 0.00903249375460291
60 120 -1.4 -1.3 2 2.5 1724.693957667442 0.01314174749836639
60 120 -1.4 -1.3 2.5 3 1696.480908222419 0.01914467303913625
60 120 -1.4 -1.3 3 3.5 1592.522927802853 0.07840798274332883
60 120 -1.4 -1.3 3.5 4 1471.397819622 0.0701613181272478
60 120 -1.4 -1.3 4 4.5 1352.58770276105 0.06291455630707787
60 120 -1.4 -1.3 4.5 5 1242.624572864138 0.05662671273285014
60 120 -1.4 -1.3 5 5.5 1143.304174675641 0.051191907430848
60 120 -1.4 -1.3 5.5 6 1054.358947500197 0.0464668622953468
60 120 -1.4 -1.3 6 6.5 974.8565758632939 0.04236490374796631
60 120 -1.4 -1.3 6.5 7 903.8007025555424 0.03878518872920722
60 120 -1.4 -1.3 7 7.5 840.1984528490228 0.03563940927608655
60 120 -1.4 -1.3 7.5 8 783.1039153134661 0.03286548516734911
60 120 -1.4 -1.3 8 8.5 731.6567258319687 0.03040398195946636
60 120 -1.4 -1.3 8.5 9 685.1515850103656 0.02820367569142945
60 120 -1.4 -1.3 9 9.5 642.9894601321053 0.02621822655748929
60 120 -1.4 -1.3 9.5 10 604.6507143692935 0.02443158884807417
60 120 -1.4 -1.3 10 10.5 569.6862025107586 0.0270999049295142
60 120 -1.4 -1.3 10.5 11 537.6940845192122 0.02358973922275709
60 120 -1.4 -1.3 11 11.5 508.3358429558369 0.02059303412443114
60 120 -1.4 -1.3 11.5 12 481.3270095644389 0.01879211152760263
60 120 -1.4 -1.3 12 12.5 456.4224615208943 0.01768088357118813
60 120 -1.4 -1.3 12.5 13 433.4051579557581 0.01666147069249746
60 120 -1.4 -1.3 13 13.5 412.0887863134142 0.01572464082653369
60 120 -1.4 -1.3 13.5 14 392.3039631445752 0.01486245542861298
60 120 -1.4 -1.3 14 14.5 373.8986833039968 0.01406735862627784
60 120 -1.4 -1.3 14.5 15 356.7441004153206 0.013329532865896
60 120 -1.4 -1.3 15 16 666.4820530766315 0.02464695085348012
60 120 -1.4 -1.3 16 17 610.2995011759689 0.02225695259437543
60 120 -1.4 -1.3 17 18 560.810368807729 0.02017666704750809
60 120 -1.4 -1.3 18 19 516.9594061848278 0.01835569886293342
60 120 -1.4 -1.3 19 20 477.9021549720059 0.01674163486615043
60 120 -1.4 -1.3 20 21 442.9590681557333 0.02212754071445033
60 120 -1.4 -1.3 21 22 411.5678221692272 0.0187641083692256
60 120 -1.4 -1.3 22 23 383.2553733137598 0.01637510148867705
60 120 -1.4 -1.3 23 24 357.6202178073817 0.01373744403070987
60 120 -1.4 -1.3 24 25 334.3329693875352 0.01178036175429042
60 120 -1.4 -1.3 25 26 313.1142020658688 0.01015126112577036
60 120 -1.4 -1.3 26 27 293.7249078671744 0.00933059516648882
60 120 -1.4 -1.3 27 28 275.9601601235295 0.008863473782525944
60 120 -1.4 -1.3 28 29 259.6393214473383 0.008344956273504067
60 120 -1.4 -1.3 29 30 244.6092020975443 0.007956559223345039
60 120 -1.4 -1.3 30 31 230.7371416612143 0.007625134707922143
60 120 -1.4 -1.3 31 32 217.9074389336483 0.007086344611280992
60 120 -1.4 -1.3 32 33 206.0189721227945 0.00647523262674099
60 120 -1.4 -1.3 33 34 194.9826165465708 0.006373987594884056
60 120 -1.4 -1.3 34 35 184.7185376955447 0.006252130103064246
60 120 -1.4 -1.3 35 36 175.1561212783218 0.005826958535521953
60 120 -1.4 -1.3 36 37 166.2336064562674 0.005517305653455651
60 120 -1.4 -1.3 37 38 157.8960209423095 0.005305933268715535
60 120 -1.4 -1.3 38 39 150.0941009477985 0.004767660786939132
60 120 -1.4 -1.3 39 40 142.7843466899893 0.004427507743173464
60 120 -1.4 -1.3 40 42 265.4136861086747 0.01173586816321404
60 120 -1.4 -1.3 42 44 241.1572079441459 0.009289266705366117
60 120 -1.4 -1.3 44 46 219.639417977912 0.007480566013157386
60 120 -1.4 -1.3 46 48 200.4778570048061 0.006300770006504308
60 120 -1.4 -1.3 48 50 183.3561271302835 0.006363835016031771
60 120 -1.4 -1.3 50 52 168.0053040421072 0.006123867673608174
60 120 -1.4 -1.3 52 54 154.2005364229124 0.005725232598621233
60 120 -1.4 -1.3 54 56 141.7534013476578 0.004780627942380988
60 120 -1.4 -1.3 56 58 130.5043828257051 0.004526120856667148
60 120 -1.4 -1.3 58 60 120.3145348954841 0.004634154681681935
60 120 -1.4 -1.3 60 65 262.1174749815104 0.009827611961497951
60 120 -1.4 -1.3 65 70 216.1484722347069 0.01022460487976673
60 120 -1.4 -1.3 70 80 329.1907428492647 0.01295585510746378
60 120 -1.4 -1.3 80 90 231.7664256411043 0.009984026571373761
60 120 -1.4 -1.3 90 100 166.3349404117764 0.007718397123340992
60 120 -1.3 -1.2 0 0.5 -1.509706891949839 4.179400889059437e-05
60 120 -1.3 -1.2 0.5 1 -1878.588562571442 0.02227633967686415
60 120 -1.3 -1.2 1 1.5 214.8159782880392 0.0001073346903410766
60 120 -1.3 -1.2 1.5 2 1480.50492764572 0.06252123948183907
60 120 -1.3 -1.2 2 2.5 1726.073216088448 0.01200205962095424
60 120 -1.3 -1.2 2.5 3 1702.657997866623 0.01900389753313902
60 120 -1.3 -1.2 3 3.5 1600.918915187046 0.07861879238043912
60 120 -1.3 -1.2 3.5 4 1480.679613129282 0.0704680159549298
60 120 -1.3 -1.2 4 4.5 1362.027288283077 0.06325136093573747
60 120 -1.3 -1.2 4.5 5 1252.031918971494 0.05694289085045057
60 120 -1.3 -1.2 5 5.5 1152.492993688362 0.05148578137709592
60 120 -1.3 -1.2 5.5 6 1063.167391586012 0.04677782158955779
60 120 -1.3 -1.2 6 6.5 983.2900501484405 0.0426581923940148
60 120 -1.3 -1.2 6.5 7 911.8858378781335 0.03906067674643054
60 120 -1.3 -1.2 7 7.5 847.9294788120324 0.03588486919306888
60 120 -1.3 -1.2 7.5 8 790.4488588272862 0.03307373573022687
60 120 -1.3 -1.2 8 8.5 738.6397048252304 0.03057841033080422
60 120 -1.3 -1.2 8.5 9 691.8069242313441 0.02836355254680711
60 120 -1.3 -1.2 9 9.5 649.347830678242 0.02637674887523644
60 120 -1.3 -1.2 9.5 10 610.7303420111183 0.02457710939950175
60 120 -1.3 -1.2 10 10.5 575.4833009085336 0.02747354523785361
60 120 -1.3 -1.2 10.5 11 543.2218282937348 0.02379360943780284
60 120 -1.3 -1.2 11 11.5 513.6168935527605 0.02039177653693969
60 120 -1.3 -1.2 11.5 12 486.3830119759854 0.01892469968299793
60 120 -1.3 -1.2 12 12.5 461.2718468388342 0.01781179363797492
60 120 -1.3 -1.2 12.5 13 438.0628049003663 0.01679130192178491
60 120 -1.3 -1.2 13 13.5 416.5567984803168 0.01585140227075499
60 120 -1.3 -1.2 13.5 14 396.5860670427551 0.01498345234028875
60 120 -1.3 -1.2 14 14.5 378.0079387271999 0.01418024782941529
60 120 -1.3 -1.2 14.5 15 360.693380420219 0.01343468091477007
60 120 -1.3 -1.2 15 16 673.9445090516007 0.02483322167802271
60 120 -1.3 -1.2 16 17 617.2393774505088 0.02242164429685545
60 120 -1.3 -1.2 17 18 567.2588123017208 0.02032120676472005
60 120 -1.3 -1.2 18 19 522.9617864559946 0.01847755412393326
60 120 -1.3 -1.2 19 20 483.509634814897 0.01684978882570931
60 120 -1.3 -1.2 20 21 448.2140217248947 0.0154097019060373
60 120 -1.3 -1.2 21 22 416.495454116288 0.01940972557179066
60 120 -1.3 -1.2 22 23 387.8769876182162 0.01628103226755684
60 120 -1.3 -1.2 23 24 361.9649222416141 0.01384720440387355
60 120 -1.3 -1.2 24 25 338.4262990451786 0.0117984128386297
60 120 -1.3 -1.2 25 26 316.9784164671165 0.01026345641571424
60 120 -1.3 -1.2 26 27 297.3763327770365 0.009755988400058868
60 120 -1.3 -1.2 27 28 279.4107006018472 0.009019463721358534
60 120 -1.3 -1.2 28 29 262.9039718011471 0.00850560211733864
60 120 -1.3 -1.2 29 30 247.7021603364576 0.007838911214662403
60 120 -1.3 -1.2 30 31 233.671877365275 0.007053257348815123
60 120 -1.3 -1.2 31 32 220.696273964897 0.007215871267931107
60 120 -1.3 -1.2 32 33 208.6706452418142 0.006865858871549335
60 120 -1.3 -1.2 33 34 197.5045514438951 0.006582496629022216
60 120 -1.3 -1.2 34 35 187.118184898108 0.006298693201188144
60 120 -1.3 -1.2 35 36 177.4415551448108 0.005882351596881108
60 120 -1.3 -1.2 36 37 168.4124673931059 0.005204159585645129
60 120 -1.3 -1.2 37 38 159.9758919709337 0.005270170303390387
60 120 -1.3 -1.2 38 39 152.0812336217097 0.005344277022032884
60 120 -1.3 -1.2 39 40 144.6831647110433 0.005220637536183403
60 120 -1.3 -1.2 40 42 268.9620109325288 0.01199679694582301
60 120 -1.3 -1.2 42 44 244.4022339899402 0.009199897081032304
60 120 -1.3 -1.2 44 46 222.617329777857 0.007604355462774492
60 120 -1.3 -1.2 46 48 203.2165747725301 0.007512181331549073
60 120 -1.3 -1.2 48 50 185.8747850797209 0.006739089134953247
60 120 -1.3 -1.2 50 52 170.3246685905417 0.005543622698212403
60 120 -1.3 -1.2 52 54 156.3425128523273 0.005450154298415555
60 120 -1.3 -1.2 54 56 143.7352112433304 0.005531121000274197
60 120 -1.3 -1.2 56 58 132.3378467197453 0.005052604524422577
60 120 -1.3 -1.2 58 60 122.0114544552164 0.004422132738767459
60 120 -1.3 -1.2 60 65 265.8457086246221 0.009962503789211041
60 120 -1.3 -1.2 65 70 219.2572824857236 0.009984697798557818
60 120 -1.3 -1.2 70 80 333.9928067150109 0.0133373600961022
60 120 -1.3 -1.2 80 90 235.2079923958097 0.009777399743853721
60 120 -1.3 -1.2 90 100 168.8476261714038 0.007229721363984254
60 120 -1.2 -1.1 0 0.5 -1.532997689648633 5.770133826099588e-05
60 120 -1.2 -1.1 0.5 1 -1936.758179808952 0.01275635667911956
60 120 -1.2 -1.1 1 1.5 175.3576925682369 0.006751654157113762
60 120 -1.2 -1.1 1.5 2 1470.978378804587 0.01342513939016499
60 120 -1.2 -1.1 2 2.5 1727.507112989358 0.02734309804759505
60 120 -1.2 -1.1 2.5 3 1708.426074525584 0.02000080539710325
60 120 -1.2 -1.1 3 3.5 1608.800915005728 0.07911468661768595
60 120 -1.2 -1.1 3.5 4 1489.247727397698 0.07092956792462246
60 120 -1.2 -1.1 4 4.5 1370.845348372295 0.06357035362634633
60 120 -1.2 -1.1 4.5 5 1260.852441057063 0.05719190291983978
60 120 -1.2 -1.1 5 5.5 1161.036275031233 0.05170391448950795
60 120 -1.2 -1.1 5.5 6 1071.394671127948 0.04696647935361398
60 120 -1.2 -1.1 6 6.5 991.2148673068474 0.04285458309675505
60 120 -1.2 -1.1 6.5 7 919.4862893362907 0.03925495921623678
60 120 -1.2 -1.1 7 7.5 855.1528341412145 0.03607788079330021
60 120 -1.2 -1.1 7.5 8 797.3200788741042 0.03327615448074539
60 120 -1.2 -1.1 8 8.5 745.1931408325607 0.03076656049631765
60 120 -1.2 -1.1 8.5 9 698.0753312995823 0.02853049175780598
60 120 -1.2 -1.1 9 9.5 655.3318401000541 0.02653077426691652
60 120 -1.2 -1.1 9.5 10 616.4236692156396 0.0247278167762488
60 120 -1.2 -1.1 10 10.5 580.9096129563269 0.02764998369741534
60 120 -1.2 -1.1 10.5 11 548.4052329729499 0.02355722468473687
60 120 -1.2 -1.1 11 11.5 518.5803045029141 0.02038813175283849
60 120 -1.2 -1.1 11.5 12 491.1435724243386 0.0190557272831029
60 120 -1.2 -1.1 12 12.5 465.8310179097133 0.01793118115591597
60 120 -1.2 -1.1 12.5 13 442.4233232698028 0.01689589154329951
60 120 -1.2 -1.1 13 13.5 420.7320266637917 0.01594082192377755
60 120 -1.2 -1.1 13.5 14 400.5925969100891 0.01506436500932296
60 120 -1.2 -1.1 14 14.5 381.8570815549891 0.01425826029441168
60 120 -1.2 -1.1 14.5 15 364.3983360092834 0.01351327508757549
60 120 -1.2 -1.1 15 16 680.9481731608213 0.02498975892501676
60 120 -1.2 -1.1 16 17 623.7246761050678 0.02256341803126816
60 120 -1.2 -1.1 17 18 573.2836743647471 0.02045187894827905
60 120 -1.2 -1.1 18 19 528.5820883927254 0.01860673395651702
60 120 -1.2 -1.1 19 20 488.767713747626 0.01697685984885311
60 120 -1.2 -1.1 20 21 453.1321343978183 0.01552713577069653
60 120 -1.2 -1.1 21 22 421.1027336822298 0.01942917081834139
60 120 -1.2 -1.1 22 23 392.2042803756463 0.01617571937623552
60 120 -1.2 -1.1 23 24 366.0400312803603 0.01409343184405998
60 120 -1.2 -1.1 24 25 342.2692884802748 0.01228112337594212
60 120 -1.2 -1.1 25 26 320.6026759778306 0.01100878291100571
60 120 -1.2 -1.1 26 27 300.7971571058144 0.01063811824315053
60 120 -1.2 -1.1 27 28 282.6444513523197 0.009370638093798789
60 120 -1.2 -1.1 28 29 265.966574072337 0.008553862328199102
60 120 -1.2 -1.1 29 30 250.6075198360942 0.008674133918788129
60 120 -1.2 -1.1 30 31 236.4292362226305 0.008194543017737033
60 120 -1.2 -1.1 31 32 223.3131869135926 0.007873661044982327
60 120 -1.2 -1.1 32 33 211.156064839156 0.007367471341893861
60 120 -1.2 -1.1 33 34 199.8674837827737 0.006397653204174958
60 120 -1.2 -1.1 34 35 189.3684468970007 0.006011196173119515
60 120 -1.2 -1.1 35 36 179.5873194622459 0.006388391419420714
60 120 -1.2 -1.1 36 37 170.459319759167 0.006211901007873166
60 120 -1.2 -1.1 37 38 161.9279630664599 0.005947593627496417
60 120 -1.2 -1.1 38 39 153.9430524729736 0.005560885081763445
60 120 -1.2 -1.1 39 40 146.4600962969767 0.004860780857796954
60 120 -1.2 -1.1 40 42 272.2845370266875 0.01193137381437737
60 120 -1.2 -1.1 42 44 247.447995890206 0.009772802112195222
60 120 -1.2 -1.1 44 46 225.4100231645993 0.008379098608543245
60 120 -1.2 -1.1 46 48 205.7793737883363 0.006952932541082646
60 120 -1.2 -1.1 48 50 188.2345838006302 0.00663805318777122
60 120 -1.2 -1.1 50 52 172.5023119828766 0.006903136188725512
60 120 -1.2 -1.1 52 54 158.3511152721256 0.00621244556344891
60 120 -1.2 -1.1 54 56 145.5888879553613 0.00513355204589061
60 120 -1.2 -1.1 56 58 134.052940083022 0.004732435798587176
60 120 -1.2 -1.1 58 60 123.6017061883164 0.005037331574655468
60 120 -1.2 -1.1 60 65 269.3347132184857 0.01041621749317301
60 120 -1.2 -1.1 65 70 222.1628362461547 0.009903534208348219
60 120 -1.2 -1.1 70 80 338.4750849444615 0.01335403565838078
60 120 -1.2 -1.1 80 90 238.4148140809146 0.009810273965683791
60 120 -1.2 -1.1 90 100 171.1833246695867 0.007556628081857752
60 120 -1.1 -1 0 0.5 -1.554938783754951 3.695671051118232e-05
60 120 -1.1 -1 0.5 1 -1991.993002050257 0.01672110717504438
60 120 -1.1 -1 1 1.5 137.7739836565979 0.0008478517589480816
60 120 -1.1 -1 1.5 2 1461.69137719496 0.030968434727356
60 120 -1.1 -1 2 2.5 1728.463803113195 0.01331063967086266
60 120 -1.1 -1 2.5 3 1713.737114724078 0.01733622537108204
60 120 -1.1 -1 3 3.5 1615.969850610291 0.07920742964915917
60 120 -1.1 -1 3.5 4 1497.114068621355 0.07102675104692935
60 120 -1.1 -1 4 4.5 1379.023764861578 0.06367729053226867
60 120 -1.1 -1 4.5 5 1268.917073673409 0.05739811690659735
60 120 -1.1 -1 5 5.5 1168.859542168571 0.05198261481200461
60 120 -1.1 -1 5.5 6 1078.980384477487 0.04725116916938532
60 120 -1.1 -1 6 6.5 998.5235565842959 0.04311732033261251
60 120 -1.1 -1 6.5 7 926.4396062457882 0.03949741615292623
60 120 -1.1 -1 7 7.5 861.7799770835043 0.03628717592494013
60 120 -1.1 -1 7.5 8 803.6575829379027 0.03343725751983584
60 120 -1.1 -1 8 8.5 751.2665515141933 0.03091200649168968
60 120 -1.1 -1 8.5 9 703.8618333247995 0.02866908055329986
60 120 -1.1 -1 9 9.5 660.8371506257403 0.02665583660143511
60 120 -1.1 -1 9.5 10 621.6771122744047 0.02484889029483384
60 120 -1.1 -1 10 10.5 585.9346444887075 0.02707169212976623
60 120 -1.1 -1 10.5 11 553.2236946849347 0.02408356724379246
60 120 -1.1 -1 11 11.5 523.1946307584881 0.02143120247092156
60 120 -1.1 -1 11.5 12 495.5507530835478 0.01916190098108927
60 120 -1.1 -1 12 12.5 470.0465162644795 0.0180345965229094
60 120 -1.1 -1 12.5 13 446.46290910534 0.01699755981974249
60 120 -1.1 -1 13 13.5 424.6103804406497 0.01604378275021645
60 120 -1.1 -1 13.5 14 404.3220527299366 0.01516465761216068
60 120 -1.1 -1 14 14.5 385.4457604092059 0.01435190758860472
60 120 -1.1 -1 14.5 15 367.8471855140427 0.0135970649686783
60 120 -1.1 -1 15 16 687.4484204787066 0.02514357115217081
60 120 -1.1 -1 16 17 629.7524995322125 0.02271035721037151
60 120 -1.1 -1 17 18 578.8982289136211 0.02059605283614019
60 120 -1.1 -1 18 19 533.8206212502193 0.01873291946174049
60 120 -1.1 -1 19 20 493.6540691260591 0.01708192216875659
60 120 -1.1 -1 20 21 457.7012977702117 0.01561458968467377
60 120 -1.1 -1 21 22 425.3884952164979 0.01936609055280769
60 120 -1.1 -1 22 23 396.2353040020715 0.01693821411663521
60 120 -1.1 -1 23 24 369.8314320446053 0.01443151457311842
60 120 -1.1 -1 24 25 345.8372181158329 0.01231936508855824
60 120 -1.1 -1 25 26 323.9659924443962 0.01044223462497484
60 120 -1.1 -1 26 27 303.9756752256323 0.009528702951172363
60 120 -1.1 -1 27 28 285.6546690745359 0.0098460437874337
60 120 -1.1 -1 28 29 268.818000964858 0.00960054389332754
60 120 -1.1 -1 29 30 253.3078558449227 0.009059141937257209
60 120 -1.1 -1 30 31 238.9891551709969 0.008107097100946703
60 120 -1.1 -1 31 32 225.7442304938301 0.007209905509910186
60 120 -1.1 -1 32 33 213.4694047602771 0.007604214277876054
60 120 -1.1 -1 33 34 202.0709502523433 0.007846477093465865
60 120 -1.1 -1 34 35 191.4662698901151 0.007404803969279783
60 120 -1.1 -1 35 36 181.5840075952749 0.006976950257666203
60 120 -1.1 -1 36 37 172.3610667428396 0.006073025124294418
60 120 -1.1 -1 37 38 163.741777525606 0.005398462097303991
60 120 -1.1 -1 38 39 155.6758444706935 0.005534396950395148
60 120 -1.1 -1 39 40 148.1170156191652 0.00574574485614221
60 120 -1.1 -1 40 42 275.3824156939328 0.01252410198941334
60 120 -1.1 -1 42 44 250.278717121923 0.009718468996794627
60 120 -1.1 -1 44 46 228.0058305719307 0.007956004405457406
60 120 -1.1 -1 46 48 208.1673948572624 0.008374537443813779
60 120 -1.1 -1 48 50 190.4304394529666 0.007340705549438553
60 120 -1.1 -1 50 52 174.522653805293 0.006012854483373076
60 120 -1.1 -1 52 54 160.2161889431935 0.005901382567543578
60 120 -1.1 -1 54 56 147.3143128087891 0.006112242533362178
60 120 -1.1 -1 56 58 135.6486659910693 0.005421779000783999
60 120 -1.1 -1 58 60 125.0778597618471 0.004604297362561738
60 120 -1.1 -1 60 65 272.5763319050245 0.01103660500405113
60 120 -1.1 -1 65 70 224.8607416888921 0.009961050138315386
60 120 -1.1 -1 70 80 342.6330650226841 0.01392862634770609
60 120 -1.1 -1 80 90 241.3845423572679 0.0102150125296987
60 120 -1.1 -1 90 100 173.3403901327667 0.007546405475636675
60 120 -1 -0.95 0 0.5 -0.7851741588406835 1.899854182962901e-05
60 120 -1 -0.95 0.5 1 -1015.767741056765 0.02699730514621024
60 120 -1 -0.95 1 1.5 55.28093812431644 0.0002474598086976698
60 120 -1 -0.95 1.5 2 727.4583912196929 0.003269802113777587
60 120 -1 -0.95 2 2.5 864.438366092797 0.0022936635092492
60 120 -1 -0.95 2.5 3 858.6941928562476 0.002919714813856444
60 120 -1 -0.95 3 3.5 810.4305235416638 0.03971820257800118
60 120 -1 -0.95 3.5 4 751.3081996147275 0.03560905159656613
60 120 -1 -0.95 4 4.5 692.3622488732826 0.03198841096832439
60 120 -1 -0.95 4.5 5 637.2634048021567 0.02882566229004624
60 120 -1 -0.95 5 5.5 587.1781009080252 0.02608873245628729
60 120 -1 -0.95 5.5 6 542.1673579236908 0.02370071066911805
60 120 -1 -0.95 6 6.5 501.8115891018269 0.02160624409987122
60 120 -1 -0.95 6.5 7 465.6524169355954 0.01977715462828655
60 120 -1 -0.95 7 7.5 433.2176614766058 0.01818145181402997
60 120 -1 -0.95 7.5 8 404.0614968907864 0.01678093372822786
60 120 -1 -0.95 8 8.5 377.7533506962664 0.01553620286858859
60 120 -1 -0.95 8.5 9 353.9462484375362 0.01441969470266713
60 120 -1 -0.95 9 9.5 332.3404101699977 0.01341187014190837
60 120 -1 -0.95 9.5 10 312.6766896566855 0.01561926227600452
60 120 -1 -0.95 10 10.5 294.7303054269094 0.01427021773827164
60 120 -1 -0.95 10.5 11 278.2945983544211 0.01234322629920825
60 120 -1 -0.95 11 11.5 263.2023586417378 0.01041892466281524
60 120 -1 -0.95 11.5 12 249.3117678979006 0.009615416522592568
60 120 -1 -0.95 12 12.5 236.4955031302004 0.009047188290793429
60 120 -1 -0.95 12.5 13 224.6461506504794 0.008528314339798726
60 120 -1 -0.95 13 13.5 213.6666014521092 0.008050031783540135
60 120 -1 -0.95 13.5 14 203.4681158087901 0.007611160316912446
60 120 -1 -0.95 14 14.5 193.9771746613803 0.007205191532193567
60 120 -1 -0.95 14.5 15 185.1285588986423 0.006829301083342898
60 120 -1 -0.95 15 16 346.000159806736 0.01262992346528335
60 120 -1 -0.95 16 17 316.9930231043895 0.01140834492281328
60 120 -1 -0.95 17 18 291.4202300316925 0.01034088268608002
60 120 -1 -0.95 18 19 268.7449828291893 0.009405714974548118
60 120 -1 -0.95 19 20 248.5391006874948 0.008579074262684117
60 120 -1 -0.95 20 21 230.4554074145971 0.00784612299784726
60 120 -1 -0.95 21 22 214.2021634904052 0.01009999730263189
60 120 -1 -0.95 22 23 199.5324098085803 0.008545927153619459
60 120 -1 -0.95 23 24 186.2445266747898 0.007225318333269115
60 120 -1 -0.95 24 25 174.1697962831095 0.006019972082469849
60 120 -1 -0.95 25 26 163.166104918585 0.005412978804770319
60 120 -1 -0.95 26 27 153.1063325566224 0.00478465639201886
60 120 -1 -0.95 27 28 143.8835725996379 0.004430564110379009
60 120 -1 -0.95 28 29 135.4070843523283 0.004107253248520237
60 120 -1 -0.95 29 30 127.5993687905902 0.003812584397493879
60 120 -1 -0.95 30 31 120.3932676577331 0.003542612554340963
60 120 -1 -0.95 31 32 113.7268532681058 0.003295533636219261
60 120 -1 -0.95 32 33 107.5465677647431 0.003069078123786539
60 120 -1 -0.95 33 34 101.8063036092131 0.002859939567514402
60 120 -1 -0.95 34 35 96.46604224526705 0.002667272907459051
60 120 -1 -0.95 35 36 91.49047150591429 0.002489201209826319
60 120 -1 -0.95 36 37 86.84784274188671 0.002324829976046772
60 120 -1 -0.95 37 38 82.50840033609455 0.002173133948843997
60 120 -1 -0.95 38 39 78.44623736832389 0.002033408225372568
60 120 -1 -0.95 39 40 74.63866128255856 0.001903744998486445
60 120 -1 -0.95 40 42 138.7747063538969 0.006102422219328218
60 120 -1 -0.95 42 44 126.1332580008979 0.004991295141465457
60 120 -1 -0.95 44 46 114.9152624683954 0.003993673464819381
60 120 -1 -0.95 46 48 104.9197031434501 0.003025542261013925
60 120 -1 -0.95 48 50 95.98406480440427 0.002223283585223612
60 120 -1 -0.95 50 52 87.97139011423737 0.00186549758105059
60 120 -1 -0.95 52 54 80.76291065464825 0.001660389002708484
60 120 -1 -0.95 54 56 74.26082036163135 0.001481249672835361
60 120 -1 -0.95 56 58 68.38268029466619 0.001324059285522594
60 120 -1 -0.95 58 60 63.05692817563726 0.001186013660685603
60 120 -1 -0.95 60 65 137.4236510350835 0.002463454593083725
60 120 -1 -0.95 65 70 113.3753761665781 0.004887439519094983
60 120 -1 -0.95 70 80 172.7721336843181 0.002656130735289253
60 120 -1 -0.95 80 90 121.7299844306584 0.001685225117839195
60 120 -1 -0.95 90 100 87.42290076167136 0.001109251629173968
60 120 -0.95 -0.9 0 0.5 -0.7899910622048988 1.793645145331535e-05
60 120 -0.95 -0.9 0.5 1 -1028.108620599135 0.02982284463291762
60 120 -0.95 -0.9 1 1.5 46.69587415572601 0.0005499363965100201
60 120 -0.95 -0.9 1.5 2 725.2469222713945 0.007936179994885606
60 120 -0.95 -0.9 2 2.5 864.5270031039906 0.001985713615340501
60 120 -0.95 -0.9 2.5 3 859.8228439944884 0.004370779064174712
60 120 -0.95 -0.9 3 3.5 811.9557297775111 0.0397837379084649
60 120 -0.95 -0.9 3.5 4 753.0518270653844 0.03567477436558875
60 120 -0.95 -0.9 4 4.5 694.1347296948018 0.03202957145231267
60 120 -0.95 -0.9 4.5 5 639.0231783511724 0.02886199713634596
60 120 -0.95 -0.9 5 5.5 588.9190408681216 0.02612792664547214
60 120 -0.95 -0.9 5.5 6 543.8401480512879 0.02374903033307874
60 120 -0.95 -0.9 6 6.5 503.4098604181823 0.02166773874256478
60 120 -0.95 -0.9 6.5 7 467.1840769400144 0.0198493459954534
60 120 -0.95 -0.9 7 7.5 434.693002661604 0.01824401733131253
60 120 -0.95 -0.9 7.5 8 405.4637372869817 0.01681863522918547
60 120 -0.95 -0.9 8 8.5 379.0852597215401 0.01554824640203378
60 120 -0.95 -0.9 8.5 9 355.2163744836037 0.01441794438420629
60 120 -0.95 -0.9 9 9.5 333.5549763528509 0.01340943340227341
60 120 -0.95 -0.9 9.5 10 313.8423539659186 0.01250798018423893
60 120 -0.95 -0.9 10 10.5 295.8390294532466 0.01401781775837208
60 120 -0.95 -0.9 10.5 11 279.3509135215785 0.01217822709651273
60 120 -0.95 -0.9 11 11.5 264.2123806364708 0.01071148755448803
60 120 -0.95 -0.9 11.5 12 250.2777472104125 0.009657092286914803
60 120 -0.95 -0.9 12 12.5 237.4234144089151 0.009086470250338152
60 120 -0.95 -0.9 12.5 13 225.5375061136129 0.00856172912304487
60 120 -0.95 -0.9 13 13.5 214.5198328195998 0.008078530404930007
60 120 -0.95 -0.9 13.5 14 204.2860770987305 0.007631737580283016
60 120 -0.95 -0.9 14 14.5 194.7625416244561 0.007221740506764718
60 120 -0.95 -0.9 14.5 15 185.8836990824433 0.006841205075375001
60 120 -0.95 -0.9 15 16 347.4281736854526 0.01265137976571395
60 120 -0.95 -0.9 16 17 318.3227977072394 0.01143309794633751
60 120 -0.95 -0.9 17 18 292.6554358020265 0.01037007394688771
60 120 -0.95 -0.9 18 19 269.8953362847101 0.009433905855701141
60 120 -0.95 -0.9 19 20 249.61626334673 0.0086045547745357
60 120 -0.95 -0.9 20 21 231.4669373549849 0.007867413319928573
60 120 -0.95 -0.9 21 22 215.1486353345811 0.01003469367626053
60 120 -0.95 -0.9 22 23 200.4195639030735 0.008503946960587427
60 120 -0.95 -0.9 23 24 187.0792286270095 0.007098802288879824
60 120 -0.95 -0.9 24 25 174.9593257967535 0.006247636874405771
60 120 -0.95 -0.9 25 26 163.9107445308387 0.005450378968419045
60 120 -0.95 -0.9 26 27 153.8080037969343 0.004799932206395852
60 120 -0.95 -0.9 27 28 144.5458506951143 0.004444447358793013
60 120 -0.95 -0.9 28 29 136.0348304354482 0.004120443289451714
60 120 -0.95 -0.9 29 30 128.1967138490055 0.003823936493233759
60 120 -0.95 -0.9 30 31 120.959970991161 0.003553116939229994
60 120 -0.95 -0.9 31 32 114.2637050778834 0.003304806612973721
60 120 -0.95 -0.9 32 33 108.0556462051165 0.003076594517366971
60 120 -0.95 -0.9 33 34 102.2903822749988 0.002866595229690461
60 120 -0.95 -0.9 34 35 96.92793227004825 0.002673628643336201
60 120 -0.95 -0.9 35 36 91.93158654883004 0.002496099598786827
60 120 -0.95 -0.9 36 37 87.2677534058099 0.002332056971013685
60 120 -0.95 -0.9 37 38 82.90798174009016 0.002179964374363408
60 120 -0.95 -0.9 38 39 78.82694533043664 0.002039171057376166
60 120 -0.95 -0.9 39 40 75.00227974627256 0.001908611436789442
60 120 -0.95 -0.9 40 42 139.4568392005755 0.006251142380307328
60 120 -0.95 -0.9 42 44 126.7579893892145 0.005081316913646106
60 120 -0.95 -0.9 44 46 115.4863528188679 0.003927880128571815
60 120 -0.95 -0.9 46 48 105.4448744905476 0.002972966138372612
60 120 -0.95 -0.9 48 50 96.4688512448348 0.002458809202479983
60 120 -0.95 -0.9 50 52 88.41694865991525 0.001870274710114472
60 120 -0.95 -0.9 52 54 81.17321136824468 0.001664735248112947
60 120 -0.95 -0.9 54 56 74.64064658076138 0.001484832718332996
60 120 -0.95 -0.9 56 58 68.73481960392235 0.001327045284497785
60 120 -0.95 -0.9 58 60 63.38239155709446 0.00118850518541791
60 120 -0.95 -0.9 60 65 138.1359961088454 0.002468751271550218
60 120 -0.95 -0.9 65 70 113.9691106397365 0.004574009552456459
60 120 -0.95 -0.9 70 80 173.6856690938103 0.002661179315623485
60 120 -0.95 -0.9 80 90 122.3808013931249 0.001688020976303051
60 120 -0.95 -0.9 90 100 87.89454165743524 0.001110834959803242
60 120 -0.9 -0.85 0 0.5 -0.7945783428168141 1.882459619018118e-05
60 120 -0.9 -0.85 0.5 1 -1039.742656566884 0.03298049932914182
60 120 -0.9 -0.85 1 1.5 38.65081626068094 0.001533499425910634
60 120 -0.9 -0.85 1.5 2 723.1980920584355 0.009718207878336216
60 120 -0.9 -0.85 2 2.5 864.6417960491575 0.007935512807307532
60 120 -0.9 -0.85 2.5 3 860.8653227268078 0.002305243757177777
60 120 -0.9 -0.85 3 3.5 813.4154418445393 0.03983115649828051
60 120 -0.9 -0.85 3.5 4 754.7213524004756 0.03572847250143241
60 120 -0.9 -0.85 4 4.5 695.8271268894252 0.03209186258823138
60 120 -0.9 -0.85 4.5 5 640.7170941475321 0.0289282191329221
60 120 -0.9 -0.85 5 5.5 590.5886235747741 0.0261790935959425
60 120 -0.9 -0.85 5.5 6 545.4339115506498 0.02379032833243855
60 120 -0.9 -0.85 6 6.5 504.9387446818095 0.02170919584403919
60 120 -0.9 -0.85 6.5 7 468.6563153797053 0.01988998265198916
60 120 -0.9 -0.85 7 7.5 436.1017439114953 0.01828932467276445
60 120 -0.9 -0.85 7.5 8 406.7983417724791 0.01686924499642828
60 120 -0.9 -0.85 8 8.5 380.3576807353335 0.01560259960291432
60 120 -0.9 -0.85 8.5 9 356.4317377998677 0.01447423616457399
60 120 -0.9 -0.85 9 9.5 334.7214029289888 0.01346043038921607
60 120 -0.9 -0.85 9.5 10 314.9529275551789 0.01254610282273916
60 120 -0.9 -0.85 10 10.5 296.8968176180389 0.01431583380986012
60 120 -0.9 -0.85 10.5 11 280.3610167586314 0.01215942400864378
60 120 -0.9 -0.85 11 11.5 265.1782227038092 0.01047314993382997
60 120 -0.9 -0.85 11.5 12 251.2049322290354 0.009663417204194502
60 120 -0.9 -0.85 12 12.5 238.3132612045503 0.009100131951072399
60 120 -0.9 -0.85 12.5 13 226.3889941203539 0.008583003601216888
60 120 -0.9 -0.85 13 13.5 215.3349577491765 0.008105674449780054
60 120 -0.9 -0.85 13.5 14 205.0679028651524 0.007664506829740958
60 120 -0.9 -0.85 14 14.5 195.5125770678923 0.007253418409305823
60 120 -0.9 -0.85 14.5 15 186.6049924836768 0.006871360963287998
60 120 -0.9 -0.85 15 16 348.7949792129536 0.01269965230233083
60 120 -0.9 -0.85 16 17 319.5884425651886 0.01146574268381073
60 120 -0.9 -0.85 17 18 293.8294801039888 0.01039103301638988
60 120 -0.9 -0.85 18 19 270.9904267337938 0.009450797362376306
60 120 -0.9 -0.85 19 20 250.6444396821437 0.008623638870318473
60 120 -0.9 -0.85 20 21 232.4278463070277 0.007888620070872321
60 120 -0.9 -0.85 21 22 216.0479597379693 0.01016882431778754
60 120 -0.9 -0.85 22 23 201.2645532534401 0.008295025257240241
60 120 -0.9 -0.85 23 24 187.8779605954325 0.007287471133821555
60 120 -0.9 -0.85 24 25 175.711760243171 0.006408438053767895
60 120 -0.9 -0.85 25 26 164.6183104827655 0.005492009483845095
60 120 -0.9 -0.85 26 27 154.4750310890287 0.004811864571223623
60 120 -0.9 -0.85 27 28 145.1780439163636 0.004455724677200124
60 120 -0.9 -0.85 28 29 136.6357590292152 0.004131181501975334
60 120 -0.9 -0.85 29 30 128.7656948288065 0.003834506170989016
60 120 -0.9 -0.85 30 31 121.4982404119 0.003562923649937488
60 120 -0.9 -0.85 31 32 114.7739386370658 0.003313922854559337
60 120 -0.9 -0.85 32 33 108.5410640497841 0.00308511489650698
60 120 -0.9 -0.85 33 34 102.7537648046478 0.002874770830914031
60 120 -0.9 -0.85 34 35 97.36964041153094 0.002681151496105372
60 120 -0.9 -0.85 35 36 92.35116108471843 0.002502871696322018
60 120 -0.9 -0.85 36 37 87.66689068089785 0.002337569785865412
60 120 -0.9 -0.85 37 38 83.28826147749733 0.002184847522642031
60 120 -0.9 -0.85 38 39 79.19052069690444 0.002043929883825513
60 120 -0.9 -0.85 39 40 75.3506198634668 0.001913768672110905
60 120 -0.9 -0.85 40 42 140.1079737478711 0.006511776911764855
60 120 -0.9 -0.85 42 44 127.3515419470982 0.005086353912588493
60 120 -0.9 -0.85 44 46 116.0308488183352 0.003839328677884168
60 120 -0.9 -0.85 46 48 105.9467716260061 0.003176010589868383
60 120 -0.9 -0.85 48 50 96.92957061486418 0.002407347748686561
60 120 -0.9 -0.85 50 52 88.84070975562184 0.001874689036327482
60 120 -0.9 -0.85 52 54 81.56528863189193 0.001668660780509867
60 120 -0.9 -0.85 54 56 75.00352703960417 0.001488307942182132
60 120 -0.9 -0.85 56 58 69.06957569654833 0.001330118598147578
60 120 -0.9 -0.85 58 60 63.69158552971913 0.001191153563247838
60 120 -0.9 -0.85 60 65 138.8166461528836 0.002474007316379812
60 120 -0.9 -0.85 65 70 114.5332997339114 0.005203130024781899
60 120 -0.9 -0.85 70 80 174.5555065888989 0.00266601581219561
60 120 -0.9 -0.85 80 90 123.0001809822682 0.001690678070204399
60 120 -0.9 -0.85 90 100 88.34338379989275 0.001112293438026768
60 120 -0.85 -0.8 0 0.5 -0.7988726926994584 1.898281912682265e-05
60 120 -0.85 -0.8 0.5 1 -1050.630609639456 0.03490263810454053
60 120 -0.85 -0.8 1 1.5 31.18501672066913 0.0006000247183024499
60 120 -0.85 -0.8 1.5 2 721.3686275373631 0.006227496319638703
60 120 -0.85 -0.8 2 2.5 864.8536827299902 0.003880095400404571
60 120 -0.85 -0.8 2.5 3 861.8783574914604 0.002509585409029569
60 120 -0.85 -0.8 3 3.5 814.8295138205382 0.03964859702330159
60 120 -0.85 -0.8 3.5 4 756.2888099060145 0.03559800889070175
60 120 -0.85 -0.8 4 4.5 697.4341428036535 0.03199695270666325
60 120 -0.85 -0.8 4.5 5 642.3455880707414 0.0288629103704352
60 120 -0.85 -0.8 5 5.5 592.1703172473093 0.02614327046217113
60 120 -0.85 -0.8 5.5 6 546.9527638761557 0.02377169110172872
60 120 -0.85 -0.8 6 6.5 506.400793214905 0.02170243709787201
60 120 -0.85 -0.8 6.5 7 470.0661925394455 0.01988722824904698
60 120 -0.85 -0.8 7 7.5 437.4360953828085 0.01828396797861842
60 120 -0.85 -0.8 7.5 8 408.0684698416559 0.01686847161147398
60 120 -0.85 -0.8 8 8.5 381.5693183326608 0.01560833200881007
60 120 -0.85 -0.8 8.5 9 357.5937587045327 0.01448536138275358
60 120 -0.85 -0.8 9 9.5 335.8298229825724 0.01347828222219505
60 120 -0.85 -0.8 9.5 10 316.0062269373624 0.01256811220025611
60 120 -0.85 -0.8 10 10.5 297.901644493059 0.01407891592180022
60 120 -0.85 -0.8 10.5 11 281.32092526863 0.01221801967000147
60 120 -0.85 -0.8 11 11.5 266.0986491029969 0.01051898625019021
60 120 -0.85 -0.8 11.5 12 252.0884858437228 0.009691334473188817
60 120 -0.85 -0.8 12 12.5 239.1584261724413 0.00912124199101072
60 120 -0.85 -0.8 12.5 13 227.1972030446873 0.008596093104017655
60 120 -0.85 -0.8 13 13.5 216.1097587855083 0.00811272009576669
60 120 -0.85 -0.8 13.5 14 205.8103239700621 0.007667673400391095
60 120 -0.85 -0.8 14 14.5 196.2273653313311 0.007257235007102736
60 120 -0.85 -0.8 14.5 15 187.2947385516876 0.0068783504183898
60 120 -0.85 -0.8 15 16 350.0960291072809 0.01272862932296448
60 120 -0.85 -0.8 16 17 320.7903999066532 0.01150698272556383
60 120 -0.85 -0.8 17 18 294.9454559923615 0.01043293422623037
60 120 -0.85 -0.8 18 19 272.0360865700533 0.009483188073829751
60 120 -0.85 -0.8 19 20 251.6191974113329 0.008645787041444919
60 120 -0.85 -0.8 20 21 233.3369159290386 0.007904812599178968
60 120 -0.85 -0.8 21 22 216.8998951055116 0.009688937679186438
60 120 -0.85 -0.8 22 23 202.0693271412755 0.008632345969914468
60 120 -0.85 -0.8 23 24 188.6350119211309 0.007491151487727166
60 120 -0.85 -0.8 24 25 176.4226254536869 0.006351878101639841
60 120 -0.85 -0.8 25 26 165.2880768957707 0.005303127993499857
60 120 -0.85 -0.8 26 27 155.1100680225271 0.004824625890137213
60 120 -0.85 -0.8 27 28 145.7810249962708 0.004467014461027929
60 120 -0.85 -0.8 28 29 137.2056136633143 0.00414111467443945
60 120 -0.85 -0.8 29 30 129.3040999974076 0.00384398758859561
60 120 -0.85 -0.8 30 31 122.0084222257438 0.003571611586011159
60 120 -0.85 -0.8 31 32 115.2596863071262 0.003322065077242087
60 120 -0.85 -0.8 32 33 109.0044045925197 0.003092831584211808
60 120 -0.85 -0.8 33 34 103.194137068817 0.002882042522770689
60 120 -0.85 -0.8 34 35 97.78734530722596 0.002687642296649528
60 120 -0.85 -0.8 35 36 92.74856350483148 0.002508713377338267
60 120 -0.85 -0.8 36 37 88.04579730253786 0.002343287196239885
60 120 -0.85 -0.8 37 38 83.65102514479814 0.002190439170931313
60 120 -0.85 -0.8 38 39 79.53760030683677 0.002049332717362518
60 120 -0.85 -0.8 39 40 75.68166676303024 0.001918634294412414
60 120 -0.85 -0.8 40 42 140.7247254380232 0.00644075918580711
60 120 -0.85 -0.8 42 44 127.9158165465838 0.004883993011318921
60 120 -0.85 -0.8 44 46 116.5500274869245 0.004064698069157657
60 120 -0.85 -0.8 46 48 106.4222660880356 0.003158139023909712
60 120 -0.85 -0.8 48 50 97.36596571533627 0.002302877540429904
60 120 -0.85 -0.8 50 52 89.24414164323655 0.001878982285674624
60 120 -0.85 -0.8 52 54 81.938204898162 0.00167217501436312
60 120 -0.85 -0.8 54 56 75.34694450598494 0.001491417516874094
60 120 -0.85 -0.8 56 58 69.38672113995609 0.001332824748615735
60 120 -0.85 -0.8 58 60 63.98628392720821 0.001193619716715943
60 120 -0.85 -0.8 60 65 139.4620629733114 0.002478874067207926
60 120 -0.85 -0.8 65 70 115.0703801030338 0.004839641089816382
60 120 -0.85 -0.8 70 80 175.3807801411474 0.002670568569357101
60 120 -0.85 -0.8 80 90 123.5875416634043 0.001693196999028146
60 120 -0.85 -0.8 90 100 88.76857077472469 0.001113689039399901
60 120 -0.8 -0.75 0 0.5 -0.8023584738669919 1.889427097434559e-05
60 120 -0.8 -0.75 0.5 1 -1060.807806843391 0.02510688335792111
60 120 -0.8 -0.75 1 1.5 24.23800236650488 0.0001523153303395475
60 120 -0.8 -0.75 1.5 2 719.6906256317252 0.007888860898560779
60 120 -0.8 -0.75 2 2.5 865.1171553776749 0.004806121981346223
60 120 -0.8 -0.75 2.5 3 862.8776708095942 0.002068109264428131
60 120 -0.8 -0.75 3 3.5 816.2129094205415 0.04018305657700694
60 120 -0.8 -0.75 3.5 4 757.7704230307966 0.03602030060881134
60 120 -0.8 -0.75 4 4.5 698.9577354691468 0.03233746953162608
60 120 -0.8 -0.75 4.5 5 643.8801552135242 0.02911319794407063
60 120 -0.8 -0.75 5 5.5 593.6480284251315 0.0263135773166141
60 120 -0.8 -0.75 5.5 6 548.3832536413641 0.02389408161070605
60 120 -0.8 -0.75 6 6.5 507.7900312317929 0.02179107224515064
60 120 -0.8 -0.75 6.5 7 471.391606462609 0.01995214896930975
60 120 -0.8 -0.75 7 7.5 438.6960816954256 0.01833322303798468
60 120 -0.8 -0.75 7.5 8 409.2701011709401 0.0169018083789183
60 120 -0.8 -0.75 8 8.5 382.7201843143296 0.01563065052852153
60 120 -0.8 -0.75 8.5 9 358.6936920077198 0.01449579036153636
60 120 -0.8 -0.75 9 9.5 336.8739078688683 0.01347757482454881
60 120 -0.8 -0.75 9.5 10 317.0015724442009 0.0125625529594231
60 120 -0.8 -0.75 10 10.5 298.8505507930903 0.01411211632557752
60 120 -0.8 -0.75 10.5 11 282.2301383158427 0.01195694728625085
60 120 -0.8 -0.75 11 11.5 266.9720463574727 0.0109346121525391
60 120 -0.8 -0.75 11.5 12 252.922570732708 0.009688840970767387
60 120 -0.8 -0.75 12 12.5 239.9552291659101 0.00912048405831456
60 120 -0.8 -0.75 12.5 13 227.9599986330733 0.008596289912389921
60 120 -0.8 -0.75 13 13.5 216.8401865464636 0.008115049231946614
60 120 -0.8 -0.75 13.5 14 206.5144770916079 0.00767075429439501
60 120 -0.8 -0.75 14 14.5 196.9065031925731 0.007261479803077009
60 120 -0.8 -0.75 14.5 15 187.9471321011538 0.006881637095631277
60 120 -0.8 -0.75 15 16 351.3230641575662 0.01272819435473593
60 120 -0.8 -0.75 16 17 321.9256102503734 0.01150134847580375
60 120 -0.8 -0.75 17 18 296.0074486100452 0.01043267902912248
60 120 -0.8 -0.75 18 19 273.0258782856835 0.009497694740957741
60 120 -0.8 -0.75 19 20 252.5395260749136 0.008670671201031155
60 120 -0.8 -0.75 20 21 234.1972975526581 0.01164366741156186
60 120 -0.8 -0.75 21 22 217.7111497737626 0.01022681368090161
60 120 -0.8 -0.75 22 23 202.8304492598198 0.008749312787642793
60 120 -0.8 -0.75 23 24 189.3476576142109 0.007373752939912492
60 120 -0.8 -0.75 24 25 177.0928090963511 0.006173463295169768
60 120 -0.8 -0.75 25 26 165.9231122003937 0.005402329144231999
60 120 -0.8 -0.75 26 27 155.7120365019774 0.004844356138363537
60 120 -0.8 -0.75 27 28 146.3487579392228 0.004478529931446928
60 120 -0.8 -0.75 28 29 137.741720955288 0.004152000706966419
60 120 -0.8 -0.75 29 30 129.812410782593 0.003853641054888612
60 120 -0.8 -0.75 30 31 122.4930072512483 0.003580365946973529
60 120 -0.8 -0.75 31 32 115.7209880598714 0.003329925044141646
60 120 -0.8 -0.75 32 33 109.4416840391204 0.003100050729671011
60 120 -0.8 -0.75 33 34 103.6088197389095 0.002889057516824778
60 120 -0.8 -0.75 34 35 98.18188203742962 0.002694262217261212
60 120 -0.8 -0.75 35 36 93.12525937715519 0.002514739671767074
60 120 -0.8 -0.75 36 37 88.40630556239589 0.002349047608191768
60 120 -0.8 -0.75 37 38 83.99489871614149 0.002195716986705065
60 120 -0.8 -0.75 38 39 79.86501369743549 0.00205400051275717
60 120 -0.8 -0.75 39 40 75.99370571102916 0.001922667210578766
60 120 -0.8 -0.75 40 42 141.3082615826473 0.006246208268322562
60 120 -0.8 -0.75 42 44 128.4521069192744 0.00519823986687129
60 120 -0.8 -0.75 44 46 117.0404478625169 0.004121623889375314
60 120 -0.8 -0.75 46 48 106.8713236356724 0.003013695984193987
60 120 -0.8 -0.75 48 50 97.78061654222265 0.002398044212526429
60 120 -0.8 -0.75 50 52 89.62648650606103 0.001900075032040149
60 120 -0.8 -0.75 52 54 82.28928775478938 0.001675666544628029
60 120 -0.8 -0.75 54 56 75.67111928830407 0.001494521682431582
60 120 -0.8 -0.75 56 58 69.68793369707477 0.001335673124529535
60 120 -0.8 -0.75 58 60 64.26497544370359 0.001195991891691506
60 120 -0.8 -0.75 60 65 140.0710975687255 0.002483561326329209
60 120 -0.8 -0.75 65 70 115.5785115588999 0.004495326733859883
60 120 -0.8 -0.75 70 80 176.1608005768116 0.002674937889452167
60 120 -0.8 -0.75 80 90 124.142851377897 0.001695637384159454
60 120 -0.8 -0.75 90 100 89.17031765439707 0.001115005980977912
60 120 -0.75 -0.7 0 0.5 -0.8055374489986978 1.911878448623838e-05
60 120 -0.75 -0.7 0.5 1 -1070.385348962439 0.01921221727707234
60 120 -0.75 -0.7 1 1.5 17.68489619854002 0.0001968574108843768
60 120 -0.75 -0.7 1.5 2 718.0741328415604 0.003731826666239613
60 120 -0.75 -0.7 2 2.5 865.3585855718804 0.00492096543871412
60 120 -0.75 -0.7 2.5 3 863.8292193304228 0.003938894164775775
60 120 -0.75 -0.7 3 3.5 817.5201890044493 0.005740227317232893
60 120 -0.75 -0.7 3.5 4 759.1717724170414 0.0368768847448564
60 120 -0.75 -0.7 4 4.5 700.4153806396629 0.03307723196087409
60 120 -0.75 -0.7 4.5 5 645.3149367283403 0.02979831720119819
60 120 -0.75 -0.7 5 5.5 595.0349381940097 0.02696758034187496
60 120 -0.75 -0.7 5.5 6 549.727014826428 0.02449191245068505
60 120 -0.75 -0.7 6 6.5 509.0868345710679 0.0223237987939342
60 120 -0.75 -0.7 6.5 7 472.6233166153924 0.02042399304247056
60 120 -0.75 -0.7 7 7.5 439.8724793741758 0.01875299134997022
60 120 -0.75 -0.7 7.5 8 410.3969866425007 0.01727960842657694
60 120 -0.75 -0.7 8 8.5 383.8032942216377 0.01596909069331787
60 120 -0.75 -0.7 8.5 9 359.7234461133473 0.01480022163201511
60 120 -0.75 -0.7 9 9.5 337.8540777565636 0.01375143823025837
60 120 -0.75 -0.7 9.5 10 317.9348629488615 0.01280799382357145
60 120 -0.75 -0.7 10 10.5 299.7450600859596 0.01390306415896703
60 120 -0.75 -0.7 10.5 11 283.0900198772927 0.0126705690494191
60 120 -0.75 -0.7 11 11.5 267.7916016956634 0.01070400795396154
60 120 -0.75 -0.7 11.5 12 253.7050351978693 0.009834292585310322
60 120 -0.75 -0.7 12 12.5 240.7028607353407 0.009248155648066358
60 120 -0.75 -0.7 12.5 13 228.6762516063363 0.008710941703213848
60 120 -0.75 -0.7 13 13.5 217.5314685301503 0.00821547596876826
60 120 -0.75 -0.7 13.5 14 207.1802098630943 0.00776100797025947
60 120 -0.75 -0.7 14 14.5 197.5447023354212 0.00734040088386223
60 120 -0.75 -0.7 14.5 15 188.5584928948737 0.006951013602872536
60 120 -0.75 -0.7 15 16 352.4741687129456 0.01283916297995802
60 120 -0.75 -0.7 16 17 322.9988586238807 0.01158125332307236
60 120 -0.75 -0.7 17 18 297.008385004736 0.0104879029785252
60 120 -0.75 -0.7 18 19 273.9543484746293 0.009530518309418312
60 120 -0.75 -0.7 19 20 253.4057406191646 0.008686616254436785
60 120 -0.75 -0.7 20 21 235.0133185795521 0.007939866479688362
60 120 -0.75 -0.7 21 22 218.4761343553249 0.01031385060090884
60 120 -0.75 -0.7 22 23 203.5451887694849 0.008676045470792815
60 120 -0.75 -0.7 23 24 190.0189551682967 0.007230781600753744
60 120 -0.75 -0.7 24 25 177.7282629564914 0.006275813856660761
60 120 -0.75 -0.7 25 26 166.5239040470143 0.005634493911458094
60 120 -0.75 -0.7 26 27 156.2768615179762 0.004842781047500466
60 120 -0.75 -0.7 27 28 146.8814046737442 0.00448488081974574
60 120 -0.75 -0.7 28 29 138.2465872327386 0.004159208333334163
60 120 -0.75 -0.7 29 30 130.2934458911253 0.003861634952244231
60 120 -0.75 -0.7 30 31 122.9493450918925 0.003588704105027318
60 120 -0.75 -0.7 31 32 116.1529124282725 0.003338402184013489
60 120 -0.75 -0.7 32 33 109.8514075278755 0.00310782530425513
60 120 -0.75 -0.7 33 34 103.9989759897621 0.002895598559831569
60 120 -0.75 -0.7 34 35 98.55494481604896 0.002700374502907721
60 120 -0.75 -0.7 35 36 93.48153196080094 0.002520124878117258
60 120 -0.75 -0.7 36 37 88.745295663882 0.002353940877156901
60 120 -0.75 -0.7 37 38 84.31744572210584 0.002200640163749767
60 120 -0.75 -0.7 38 39 80.17239452741538 0.002058540570786249
60 120 -0.75 -0.7 39 40 76.28777591273369 0.001926993567593627
60 120 -0.75 -0.7 40 42 141.860217961656 0.006608198797721343
60 120 -0.75 -0.7 42 44 128.9560031161636 0.005264402203721374
60 120 -0.75 -0.7 44 46 117.5008279381238 0.003861359556225352
60 120 -0.75 -0.7 46 48 107.2963684149204 0.003156584950403385
60 120 -0.75 -0.7 48 50 98.17179805786377 0.002516765852320191
60 120 -0.75 -0.7 50 52 89.98494766519704 0.00188682959132791
60 120 -0.75 -0.7 52 54 82.6204540528898 0.001679205463418043
60 120 -0.75 -0.7 54 56 75.97831493535085 0.00149737227826563
60 120 -0.75 -0.7 56 58 69.97080022748304 0.001338115221315661
60 120 -0.75 -0.7 58 60 64.52574297494583 0.001198143863334167
60 120 -0.75 -0.7 60 65 140.6466232479992 0.002488094548255049
60 120 -0.75 -0.7 65 70 116.0552156633317 0.005208501050432801
60 120 -0.75 -0.7 70 80 176.8956114159446 0.002679027189685712
60 120 -0.75 -0.7 80 90 124.6652239101396 0.001697844526148629
60 120 -0.75 -0.7 90 100 89.54784756430429 0.001116249978338146
60 120 -0.7 -0.65 0 0.5 -0.8088701301267543 1.80809800748305e-05
60 120 -0.7 -0.65 0.5 1 -1079.519790570814 0.01449241475756935
60 120 -0.7 -0.65 1 1.5 11.37443211794074 0.0004521231161191963
60 120 -0.7 -0.65 1.5 2 716.4771137071551 0.005270535014119559
60 120 -0.7 -0.65 2 2.5 865.4929372879138 0.003590704843190906
60 120 -0.7 -0.65 2.5 3 864.6977380028354 0.04315320205409989
60 120 -0.7 -0.65 3 3.5 818.6966122518098 0.0392241666204427
60 120 -0.7 -0.65 3.5 4 760.4692655903823 0.03537782022260672
60 120 -0.7 -0.65 4 4.5 701.7775034901503 0.03181861345308334
60 120 -0.7 -0.65 4.5 5 646.647130483458 0.02870169157051805
60 120 -0.7 -0.65 5 5.5 596.3322592589162 0.02602534178356564
60 120 -0.7 -0.65 5.5 6 550.9928571870901 0.0237124697712261
60 120 -0.7 -0.65 6 6.5 510.2923310894668 0.02168975735918366
60 120 -0.7 -0.65 6.5 7 473.7703361298878 0.01991602065527331
60 120 -0.7 -0.65 7 7.5 440.9671330571735 0.01834157642065293
60 120 -0.7 -0.65 7.5 8 411.4515212396511 0.01693700062702419
60 120 -0.7 -0.65 8 8.5 384.8063464851397 0.01568604452421596
60 120 -0.7 -0.65 8.5 9 360.677103428439 0.01456576514686958
60 120 -0.7 -0.65 9 9.5 338.7625774808564 0.01356021544910391
60 120 -0.7 -0.65 9.5 10 318.8073016584186 0.01265423259479803
60 120 -0.7 -0.65 10 10.5 300.5850256643216 0.01446502234801983
60 120 -0.7 -0.65 10.5 11 283.8906895386685 0.01241792832871624
60 120 -0.7 -0.65 11 11.5 268.555716925893 0.01097231420851585
60 120 -0.7 -0.65 11.5 12 254.4343619458355 0.009786779329914452
60 120 -0.7 -0.65 12 12.5 241.4026870781587 0.009216401216690429
60 120 -0.7 -0.65 12.5 13 229.3522229173925 0.008691800412208295
60 120 -0.7 -0.65 13 13.5 218.1810588179868 0.008208088281605797
60 120 -0.7 -0.65 13.5 14 207.8018704763136 0.007761501090158163
60 120 -0.7 -0.65 14 14.5 198.139571482754 0.007347582744927195
60 120 -0.7 -0.65 14.5 15 189.1293775520386 0.006964447572613608
60 120 -0.7 -0.65 15 16 353.5552839426267 0.01288585026060218
60 120 -0.7 -0.65 16 17 324.008405793581 0.01164645817925702
60 120 -0.7 -0.65 17 18 297.9420675195591 0.01056289396899501
60 120 -0.7 -0.65 18 19 274.8226779096682 0.009605952580670873
60 120 -0.7 -0.65 19 20 254.2229374785537 0.008758018983257898
60 120 -0.7 -0.65 20 21 235.7786140329806 0.008005266722108217
60 120 -0.7 -0.65 21 22 219.1896513324657 0.01032237396296409
60 120 -0.7 -0.65 22 23 204.2147457698094 0.008441342389403417
60 120 -0.7 -0.65 23 24 190.6526659300207 0.007370305608645822
60 120 -0.7 -0.65 24 25 178.3261975631372 0.006535367790121427
60 120 -0.7 -0.65 25 26 167.0851445510156 0.005571925309425296
60 120 -0.7 -0.65 26 27 156.8058427852268 0.004864562122293137
60 120 -0.7 -0.65 27 28 147.3830453021163 0.004501235203377973
60 120 -0.7 -0.65 28 29 138.7236558847888 0.004170466551698837
60 120 -0.7 -0.65 29 30 130.7443615884599 0.003868538404503852
60 120 -0.7 -0.65 30 31 123.3754498482577 0.003593228941866755
60 120 -0.7 -0.65 31 32 116.5566827119919 0.003341843693647206
60 120 -0.7 -0.65 32 33 110.2361433361323 0.003111652639603335
60 120 -0.7 -0.65 33 34 104.3664813862948 0.002900377031423318
60 120 -0.7 -0.65 34 35 98.90471354972262 0.002705149658154937
60 120 -0.7 -0.65 35 36 93.81374069931381 0.002525165137072349
60 120 -0.7 -0.65 36 37 89.06127382212922 0.002359108490054496
60 120 -0.7 -0.65 37 38 84.61916577229211 0.0022053213109956
60 120 -0.7 -0.65 38 39 80.46163545192616 0.002062936757866396
60 120 -0.7 -0.65 39 40 76.56481145486958 0.001931032301982327
60 120 -0.7 -0.65 40 42 142.3763982370721 0.006638884491223962
60 120 -0.7 -0.65 42 44 129.4263486450375 0.004935735777564787
60 120 -0.7 -0.65 44 46 117.9346895998565 0.00409235310404199
60 120 -0.7 -0.65 46 48 107.6946031955472 0.003277945316824571
60 120 -0.7 -0.65 48 50 98.53609122019203 0.002337794158492557
60 120 -0.7 -0.65 50 52 90.3219665540111 0.001890267466450268
60 120 -0.7 -0.65 52 54 82.93231094524337 0.001682078497111661
60 120 -0.7 -0.65 54 56 76.26447302692512 0.001500034390474525
60 120 -0.7 -0.65 56 58 70.23517576831263 0.001340551021797864
60 120 -0.7 -0.65 58 60 64.77196760436667 0.001200330676823569
60 120 -0.7 -0.65 60 65 141.1841331231634 0.002492331315778529
60 120 -0.7 -0.65 65 70 116.5035126557864 0.004405818829383179
60 120 -0.7 -0.65 70 80 177.5831470301236 0.002682873542738662
60 120 -0.7 -0.65 80 90 125.1542632456171 0.001699971604935513
60 120 -0.7 -0.65 90 100 89.90097743674936 0.001117390958953024
60 120 -0.65 -0.6 0 0.5 -0.8124836042003499 1.842086122327835e-05
60 120 -0.65 -0.6 0.5 1 -1088.271185037502 0.02417538625854831
60 120 -0.65 -0.6 1 1.5 5.369146149544681 0.0001751812552299725
60 120 -0.65 -0.6 1.5 2 714.9616821490741 0.02400856254064365
60 120 -0.65 -0.6 2 2.5 865.5565550129788 0.003214681300278244
60 120 -0.65 -0.6 2.5 3 865.5015856951305 0.0007427124579635347
60 120 -0.65 -0.6 3 3.5 819.7697177060605 0.04034034307585443
60 120 -0.65 -0.6 3.5 4 761.68396067299 0.03619145267998647
60 120 -0.65 -0.6 4 4.5 703.0355815050615 0.03256859970520054
60 120 -0.65 -0.6 4.5 5 647.8865838828299 0.02938513864376091
60 120 -0.65 -0.6 5 5.5 597.5513992540411 0.02657398668350197
60 120 -0.65 -0.6 5.5 6 552.1766906294763 0.02410466249546062
60 120 -0.65 -0.6 6 6.5 511.4187020001552 0.0219637241067403
60 120 -0.65 -0.6 6.5 7 474.8437121393411 0.02010881676210374
60 120 -0.65 -0.6 7 7.5 442.0026373143889 0.01848865653676057
60 120 -0.65 -0.6 7.5 8 412.4393654940329 0.01705493976447769
60 120 -0.65 -0.6 8 8.5 385.7416292902265 0.0157794683617567
60 120 -0.65 -0.6 8.5 9 361.5647893186265 0.01464266908493528
60 120 -0.65 -0.6 9 9.5 339.6129849129082 0.01361803581460208
60 120 -0.65 -0.6 9.5 10 319.6253253842958 0.01269086696129307
60 120 -0.65 -0.6 10 10.5 301.3637654533244 0.01457636229031323
60 120 -0.65 -0.6 10.5 11 284.6317974906789 0.01251181662837553
60 120 -0.65 -0.6 11 11.5 269.2629084831211 0.01063960155067889
60 120 -0.65 -0.6 11.5 12 255.1146086926929 0.009776721065946958
60 120 -0.65 -0.6 12 12.5 242.0604552067146 0.009200817577664111
60 120 -0.65 -0.6 12.5 13 229.9832495714263 0.008672398910249512
60 120 -0.65 -0.6 13 13.5 218.7842623527198 0.008186672587470412
60 120 -0.65 -0.6 13.5 14 208.3788109579829 0.00773826394620869
60 120 -0.65 -0.6 14 14.5 198.6933758921958 0.007323323988600805
60 120 -0.65 -0.6 14.5 15 189.6637370746484 0.006939108316657894
60 120 -0.65 -0.6 15 16 354.5718919593166 0.01283172048323422
60 120 -0.65 -0.6 16 17 324.946316596116 0.01159165265897855
60 120 -0.65 -0.6 17 18 298.8114027630823 0.01051085199821955
60 120 -0.65 -0.6 18 19 275.6390973508637 0.009563279567828431
60 120 -0.65 -0.6 19 20 254.9864304230024 0.008727247575023966
60 120 -0.65 -0.6 20 21 236.4886242492561 0.007985974302556542
60 120 -0.65 -0.6 21 22 219.8546963918274 0.009877502275315919
60 120 -0.65 -0.6 22 23 204.8437242853771 0.00874435694896647
60 120 -0.65 -0.6 23 24 191.2443460831777 0.007574500526686734
60 120 -0.65 -0.6 24 25 178.8808494844085 0.006479575061632659
60 120 -0.65 -0.6 25 26 167.607526509287 0.005342619732573439
60 120 -0.65 -0.6 26 27 157.301731527029 0.004880588322265567
60 120 -0.65 -0.6 27 28 147.8535427050795 0.004520456591421862
60 120 -0.65 -0.6 28 29 139.1674217149337 0.004191316400920186
60 120 -0.65 -0.6 29 30 131.1633046189954 0.003889801742730015
60 120 -0.65 -0.6 30 31 123.7726783566752 0.003613049109532085
60 120 -0.65 -0.6 31 32 116.9355665887048 0.003358170815474182
60 120 -0.65 -0.6 32 33 110.59709153388 0.003124314986422405
60 120 -0.65 -0.6 33 34 104.7087114159096 0.002909596536397885
60 120 -0.65 -0.6 34 35 99.22909599144489 0.002712247321937866
60 120 -0.65 -0.6 35 36 94.12238313874948 0.002530498882236998
60 120 -0.65 -0.6 36 37 89.35666415817177 0.002363202847007528
60 120 -0.65 -0.6 37 38 84.90199318026428 0.00220887929906155
60 120 -0.65 -0.6 38 39 80.73139191195111 0.002065914539429059
60 120 -0.65 -0.6 39 40 76.82124945200084 0.001933977624730687
60 120 -0.65 -0.6 40 42 142.8546019964276 0.006292693816419614
60 120 -0.65 -0.6 42 44 129.8673645397037 0.005267522350521858
60 120 -0.65 -0.6 44 46 118.3384920107359 0.004219801538852153
60 120 -0.65 -0.6 46 48 108.0635397663801 0.003037834411045992
60 120 -0.65 -0.6 48 50 98.87768773187162 0.002495448841187908
60 120 -0.65 -0.6 50 52 90.63664853235642 0.001956673629962324
60 120 -0.65 -0.6 52 54 83.22046428103937 0.001684921271163375
60 120 -0.65 -0.6 54 56 76.53151042657176 0.001502537770548429
60 120 -0.65 -0.6 56 58 70.48330215344245 0.001342721637428212
60 120 -0.65 -0.6 58 60 65.00053944186229 0.001202170179766426
60 120 -0.65 -0.6 60 65 141.6854125363009 0.002496215657544099
60 120 -0.65 -0.6 65 70 116.9193122582408 0.004990626874175064
60 120 -0.65 -0.6 70 80 178.2234832602318 0.002686500599793362
60 120 -0.65 -0.6 80 90 125.6093601750063 0.001701877254475903
60 120 -0.65 -0.6 90 100 90.22971913277702 0.00111845257514176
60 120 -0.6 -0.55 0 0.5 -0.8160836401072789 1.872700543814609e-05
60 120 -0.6 -0.55 0.5 1 -1096.426430783801 0.03903576255720509
60 120 -0.6 -0.55 1 1.5 -0.1175844911948411 2.733395249865378e-06
60 120 -0.6 -0.55 1.5 2 713.638295479293 0.009058405900645994
60 120 -0.6 -0.55 2 2.5 865.6843128862893 0.003680915501945492
60 120 -0.6 -0.55 2.5 3 866.2879547208973 0.003216230508769513
60 120 -0.6 -0.55 3 3.5 820.7942010392075 0.0396732273844691
60 120 -0.6 -0.55 3.5 4 762.8475083874901 0.03565150939414252
60 120 -0.6 -0.55 4 4.5 704.2142637200338 0.03205542995340238
60 120 -0.6 -0.55 4.5 5 649.052513569095 0.02893418646578994
60 120 -0.6 -0.55 5 5.5 598.7074891331281 0.02625369264876554
60 120 -0.6 -0.55 5.5 6 553.2805911800123 0.02391814984207485
60 120 -0.6 -0.55 6 6.5 512.4699373937527 0.02185975032864462
60 120 -0.6 -0.55 6.5 7 475.8575019616995 0.02003413645837782
60 120 -0.6 -0.55 7 7.5 442.9767822342549 0.01840688353627229
60 120 -0.6 -0.55 7.5 8 413.3600071792862 0.01697144412605667
60 120 -0.6 -0.55 8 8.5 386.6141331117306 0.01570212704677942
60 120 -0.6 -0.55 8.5 9 362.39989062874 0.01457561784866357
60 120 -0.6 -0.55 9 9.5 340.4171650186647 0.01357002309765676
60 120 -0.6 -0.55 9.5 10 320.3882214898961 0.01266215360385559
60 120 -0.6 -0.55 10 10.5 302.0866329809339 0.01438131842326129
60 120 -0.6 -0.55 10.5 11 285.3199350698086 0.01214486615538135
60 120 -0.6 -0.55 11 11.5 269.9248810124877 0.01072065178607318
60 120 -0.6 -0.55 11.5 12 255.7528926427207 0.009785286277065097
60 120 -0.6 -0.55 12 12.5 242.6701061944135 0.009212022584023316
60 120 -0.6 -0.55 12.5 13 230.5640685996658 0.008686487347688399
60 120 -0.6 -0.55 13 13.5 219.3394719662305 0.00820266684840476
60 120 -0.6 -0.55 13.5 14 208.9124804800055 0.007755641956123327
60 120 -0.6 -0.55 14 14.5 199.2099629697186 0.00734206733207543
60 120 -0.6 -0.55 14.5 15 190.1633287095548 0.00695843965618792
60 120 -0.6 -0.55 15 16 355.5102940311914 0.01287466708936336
60 120 -0.6 -0.55 16 17 325.8131657634434 0.01163640599548899
60 120 -0.6 -0.55 17 18 299.6235834065835 0.01055394282946054
60 120 -0.6 -0.55 18 19 276.3981931292763 0.009601082522181059
60 120 -0.6 -0.55 19 20 255.6903653555487 0.008758162154919091
60 120 -0.6 -0.55 20 21 237.1467199075257 0.01182213426994849
60 120 -0.6 -0.55 21 22 220.4762818687847 0.01038611987345917
60 120 -0.6 -0.55 22 23 205.4266942901427 0.008867339880907821
60 120 -0.6 -0.55 23 24 191.7898454636812 0.007528305319709716
60 120 -0.6 -0.55 24 25 179.3941406873864 0.006223423459687183
60 120 -0.6 -0.55 25 26 168.0948737648356 0.005581105268419151
60 120 -0.6 -0.55 26 27 157.7626632966399 0.004922658482428233
60 120 -0.6 -0.55 27 28 148.2872405589738 0.004517847390758334
60 120 -0.6 -0.55 28 29 139.5764127178823 0.004188594713042448
60 120 -0.6 -0.55 29 30 131.5518870293984 0.00388786166777777
60 120 -0.6 -0.55 30 31 124.1433825548784 0.003612562338872749
60 120 -0.6 -0.55 31 32 117.2873929385518 0.00336134069064542
60 120 -0.6 -0.55 32 33 110.9297249758694 0.003130543587872125
60 120 -0.6 -0.55 33 34 105.0241090348325 0.002917627271244783
60 120 -0.6 -0.55 34 35 99.53033337925299 0.002720818903483746
60 120 -0.6 -0.55 35 36 94.41093878633237 0.002539010612622405
60 120 -0.6 -0.55 36 37 89.63159356616424 0.002371130226563878
60 120 -0.6 -0.55 37 38 85.16283234575697 0.00221619252357641
60 120 -0.6 -0.55 38 39 80.97905769613442 0.00207292487895927
60 120 -0.6 -0.55 39 40 77.05804369862746 0.001939956501189499
60 120 -0.6 -0.55 40 42 143.3003993493924 0.006721672024582404
60 120 -0.6 -0.55 42 44 130.2738999337753 0.005288460089360569
60 120 -0.6 -0.55 44 46 118.7098595728729 0.003928962597825603
60 120 -0.6 -0.55 46 48 108.4076053038998 0.003320698505717701
60 120 -0.6 -0.55 48 50 99.1932414388193 0.002538369741273527
60 120 -0.6 -0.55 50 52 90.92579497566726 0.00189674114503191
60 120 -0.6 -0.55 52 54 83.48887099448696 0.001687847974977785
60 120 -0.6 -0.55 54 56 76.77960701591149 0.001504956832121707
60 120 -0.6 -0.55 56 58 70.71122038762825 0.001344752058784593
60 120 -0.6 -0.55 58 60 65.21196593078798 0.001204014980800139
60 120 -0.6 -0.55 60 65 142.1499450597462 0.002499721684728229
60 120 -0.6 -0.55 65 70 117.3045947478631 0.004719349085178237
60 120 -0.6 -0.55 70 80 178.8152892148908 0.002689783653522682
60 120 -0.6 -0.55 80 90 126.0298452925925 0.001703731815396736
60 120 -0.6 -0.55 90 100 90.53348203204598 0.001119538351886717
60 120 -0.55 -0.5 0 0.5 -0.8193955605947594 2.233287062036737e-05
60 120 -0.55 -0.5 0.5 1 -1103.682073974415 0.03817157476692046
60 120 -0.55 -0.5 1 1.5 -5.06592599009898 0.0001110064325517968
60 120 -0.55 -0.5 1.5 2 712.5070882082833 0.009005276695688735
60 120 -0.55 -0.5 2 2.5 865.8913944375864 0.005767894846258059
60 120 -0.55 -0.5 2.5 3 867.050230562499 0.004177984176521932
60 120 -0.55 -0.5 3 3.5 821.7828829444876 0.04040011891356698
60 120 -0.55 -0.5 3.5 4 763.9490522532834 0.03626482229583416
60 120 -0.55 -0.5 4 4.5 705.3175859566118 0.03255596910184977
60 120 -0.55 -0.5 4.5 5 650.1562250176418 0.02934395913280241
60 120 -0.55 -0.5 5 5.5 599.783700168619 0.0265462639067664
60 120 -0.55 -0.5 5.5 6 554.3030054936957 0.024115708430827
60 120 -0.55 -0.5 6 6.5 513.4511173859757 0.02201138215741594
60 120 -0.55 -0.5 6.5 7 476.8089736856795 0.02018153272729251
60 120 -0.55 -0.5 7 7.5 443.8749023275602 0.01856995407308659
60 120 -0.55 -0.5 7.5 8 414.2086089377866 0.01713623995465241
60 120 -0.55 -0.5 8 8.5 387.4261831221752 0.01585295425445565
60 120 -0.55 -0.5 8.5 9 363.1830695028685 0.01469539521389152
60 120 -0.55 -0.5 9 9.5 341.1585401066476 0.01365425886325511
60 120 -0.55 -0.5 9.5 10 321.0896346236917 0.01271979584959126
60 120 -0.55 -0.5 10 10.5 302.7543649850729 0.01406086247283156
60 120 -0.55 -0.5 10.5 11 285.9636994366921 0.01236209138767208
60 120 -0.55 -0.5 11 11.5 270.543978810044 0.01098702240784633
60 120 -0.55 -0.5 11.5 12 256.3416318534982 0.009808418966883892
60 120 -0.55 -0.5 12 12.5 243.2294790400567 0.009234046943589647
60 120 -0.55 -0.5 12.5 13 231.0985103050242 0.008704838576363727
60 120 -0.55 -0.5 13 13.5 219.8537685626036 0.008217234327617007
60 120 -0.55 -0.5 13.5 14 209.4097299266224 0.007767739126165907
60 120 -0.55 -0.5 14 14.5 199.6876820239748 0.007350964727208975
60 120 -0.55 -0.5 14.5 15 190.6190636032704 0.006964284680350374
60 120 -0.55 -0.5 15 16 356.3666940117853 0.01287894307751003
60 120 -0.55 -0.5 16 17 326.6124460394881 0.0116343791665372
60 120 -0.55 -0.5 17 18 300.3710629257448 0.01054858232271272
60 120 -0.55 -0.5 18 19 277.0904850659593 0.009595370916201773
60 120 -0.55 -0.5 19 20 256.3367499828704 0.008754306792695843
60 120 -0.55 -0.5 20 21 237.756694114045 0.008007090193331123
60 120 -0.55 -0.5 21 22 221.0472807734189 0.01046587405105015
60 120 -0.55 -0.5 22 23 205.9596280866384 0.008719720545997234
60 120 -0.55 -0.5 23 24 192.2913467738409 0.007326371735302928
60 120 -0.55 -0.5 24 25 179.8701376919434 0.006514179163673361
60 120 -0.55 -0.5 25 26 168.5435910647079 0.005694181518066443
60 120 -0.55 -0.5 26 27 158.1835907912631 0.004890734391267415
60 120 -0.55 -0.5 27 28 148.6843874219597 0.004529426142681814
60 120 -0.55 -0.5 28 29 139.9546830761339 0.004198950561629999
60 120 -0.55 -0.5 29 30 131.9117683866377 0.003896775489749871
60 120 -0.55 -0.5 30 31 124.4830356590543 0.003620651929651331
60 120 -0.55 -0.5 31 32 117.6080829809467 0.003367540639644062
60 120 -0.55 -0.5 32 33 111.2350526934448 0.003134730462420521
60 120 -0.55 -0.5 33 34 105.3166571706824 0.002920403852485265
60 120 -0.55 -0.5 34 35 99.80935224587211 0.002723139785715034
60 120 -0.55 -0.5 35 36 94.67511875849128 0.002541671170760651
60 120 -0.55 -0.5 36 37 89.88202068905308 0.002374204142441272
60 120 -0.55 -0.5 37 38 85.4019198928948 0.002219316719859421
60 120 -0.55 -0.5 38 39 81.20869668697416 0.002075435688354332
60 120 -0.55 -0.5 39 40 77.27807173113568 0.001942431475569606
60 120 -0.55 -0.5 40 42 143.7087014404866 0.00662645890278668
60 120 -0.55 -0.5 42 44 130.6464109269596 0.005065897297384936
60 120 -0.55 -0.5 44 46 119.0539269853817 0.004270793515217974
60 120 -0.55 -0.5 46 48 108.7215160016455 0.003249178086747406
60 120 -0.55 -0.5 48 50 99.48133123703056 0.002402793526414371
60 120 -0.55 -0.5 50 52 91.193132529644 0.001955928419306474
60 120 -0.55 -0.5 52 54 83.73474584277402 0.001689955071768168
60 120 -0.55 -0.5 54 56 77.00573721189643 0.0015069801287666
60 120 -0.55 -0.5 56 58 70.92160208772015 0.001346646935857621
60 120 -0.55 -0.5 58 60 65.40687749185662 0.00120587154084717
60 120 -0.55 -0.5 60 65 142.5747933731607 0.002503184290901572
60 120 -0.55 -0.5 65 70 117.658102836169 0.004730689303727331
60 120 -0.55 -0.5 70 80 179.3580989354282 0.002692899508673463
60 120 -0.55 -0.5 80 90 126.4154439093153 0.001705371019866675
60 120 -0.55 -0.5 90 100 90.81224730516018 0.001120445859982055
60 120 -0.5 -0.45 0 0.5 -0.822288031746173 1.870316574226205e-05
60 120 -0.5 -0.45 0.5 1 -1110.075460088531 0.02681450717659573
60 120 -0.5 -0.45 1 1.5 -9.466919654248283 8.647530202665621e-05
60 120 -0.5 -0.45 1.5 2 711.4748005223983 0.009444656450114053
60 120 -0.5 -0.45 2 2.5 866.0994142926395 0.008137065068467564
60 120 -0.5 -0.45 2.5 3 867.753189415591 0.01010170382517117
60 120 -0.5 -0.45 3 3.5 822.7161585394025 0.04032967649493457
60 120 -0.5 -0.45 3.5 4 764.9529629626614 0.03620047469041765
60 120 -0.5 -0.45 4 4.5 706.329472105238 0.0325494049837971
60 120 -0.5 -0.45 4.5 5 651.1806078360703 0.02936446622254607
60 120 -0.5 -0.45 5 5.5 600.7598104907339 0.02658450844432991
60 120 -0.5 -0.45 5.5 6 555.2353481277171 0.02415959834877413
60 120 -0.5 -0.45 6 6.5 514.3626731783633 0.02205460058246445
60 120 -0.5 -0.45 6.5 7 477.6727027010197 0.02020252071855566
60 120 -0.5 -0.45 7 7.5 444.6885641389846 0.01856685329750007
60 120 -0.5 -0.45 7.5 8 414.9864670529115 0.01712868740241902
60 120 -0.5 -0.45 8 8.5 388.1780895284794 0.01585690947132434
60 120 -0.5 -0.45 8.5 9 363.8938477566188 0.01472262439978067
60 120 -0.5 -0.45 9 9.5 341.8293596771425 0.01370219289049146
60 120 -0.5 -0.45 9.5 10 321.7286829629443 0.01277860817572218
60 120 -0.5 -0.45 10 10.5 303.3713316700516 0.01421038487268333
60 120 -0.5 -0.45 10.5 11 286.5557134802666 0.01276407896267528
60 120 -0.5 -0.45 11 11.5 271.1049695422112 0.01100685042609939
60 120 -0.5 -0.45 11.5 12 256.8750896336763 0.009836754692400973
60 120 -0.5 -0.45 12 12.5 243.7400202455533 0.009254715286829196
60 120 -0.5 -0.45 12.5 13 231.591629932757 0.008722821947287684
60 120 -0.5 -0.45 13 13.5 220.3290892648077 0.008234734240147645
60 120 -0.5 -0.45 13.5 14 209.8639244203863 0.007786392889585159
60 120 -0.5 -0.45 14 14.5 200.120510629277 0.007371709150334027
60 120 -0.5 -0.45 14.5 15 191.0338935563482 0.006987161601728076
60 120 -0.5 -0.45 15 16 357.1520805650216 0.01292246735079061
60 120 -0.5 -0.45 16 17 327.3457443823466 0.01167245163225061
60 120 -0.5 -0.45 17 18 301.046796545054 0.0105815006515968
60 120 -0.5 -0.45 18 19 277.7184295484124 0.009624192496801243
60 120 -0.5 -0.45 19 20 256.9288050895343 0.008778067282662505
60 120 -0.5 -0.45 20 21 238.3098560279557 0.00802723561480434
60 120 -0.5 -0.45 21 22 221.5623930083292 0.01020298967472399
60 120 -0.5 -0.45 22 23 206.4454558051421 0.008644113295844136
60 120 -0.5 -0.45 23 24 192.7525111620546 0.00767681144716903
60 120 -0.5 -0.45 24 25 180.3031226155376 0.006606133363249
60 120 -0.5 -0.45 25 26 168.948729368842 0.005471642381820629
60 120 -0.5 -0.45 26 27 158.5671832441818 0.004895530722023977
60 120 -0.5 -0.45 27 28 149.049971332069 0.0045326524887912
60 120 -0.5 -0.45 28 29 140.3002826590942 0.004202277138205091
60 120 -0.5 -0.45 29 30 132.2365081997688 0.00390024499182573
60 120 -0.5 -0.45 30 31 124.7906623639361 0.00362423110409793
60 120 -0.5 -0.45 31 32 117.9025079329597 0.003370865999684725
60 120 -0.5 -0.45 32 33 111.5161442879495 0.003137699489371926
60 120 -0.5 -0.45 33 34 105.5825630621807 0.002923596204908563
60 120 -0.5 -0.45 34 35 100.060571160956 0.002726761680918344
60 120 -0.5 -0.45 35 36 94.91461063992963 0.002545392630338483
60 120 -0.5 -0.45 36 37 90.11185712122375 0.002377548339850932
60 120 -0.5 -0.45 37 38 85.62184919633418 0.002222317175437638
60 120 -0.5 -0.45 38 39 81.41771259088077 0.002078619365391887
60 120 -0.5 -0.45 39 40 77.47633593420186 0.001946066092997967
60 120 -0.5 -0.45 40 42 144.0801806421675 0.006455797759031157
60 120 -0.5 -0.45 42 44 130.9887664533045 0.00544607295708488
60 120 -0.5 -0.45 44 46 119.3650247580775 0.004087858251011767
60 120 -0.5 -0.45 46 48 109.0072314829528 0.003175843770193865
60 120 -0.5 -0.45 48 50 99.74537888255195 0.002626600247481292
60 120 -0.5 -0.45 50 52 91.43454412737242 0.001902891795793948
60 120 -0.5 -0.45 52 54 83.9574499073571 0.00169302067624244
60 120 -0.5 -0.45 54 56 77.21285719828327 0.00150915152106279
60 120 -0.5 -0.45 56 58 71.11236613093865 0.001348370945265742
60 120 -0.5 -0.45 58 60 65.58274332298282 0.001207176729622006
60 120 -0.5 -0.45 60 65 142.9621572429328 0.002506083515271484
60 120 -0.5 -0.45 65 70 117.9791208350322 0.00486297181399209
60 120 -0.5 -0.45 70 80 179.8516639687472 0.002696024889786486
60 120 -0.5 -0.45 80 90 126.7653654372403 0.001707022018962334
60 120 -0.5 -0.45 90 100 91.06521102901003 0.001121308966276047
60 120 -0.45 -0.4 0 0.5 -0.8248783967223343 1.876815455270631e-05
60 120 -0.45 -0.4 0.5 1 -1115.782658549395 0.01628325221008708
60 120 -0.45 -0.4 1 1.5 -13.33593169327946 0.0002167039344076471
60 120 -0.45 -0.4 1.5 2 710.51362999765 0.003101947788309189
60 120 -0.45 -0.4 2 2.5 866.2596594604607 0.03586664464148726
60 120 -0.45 -0.4 2.5 3 868.3366868479185 0.02407606203826163
60 120 -0.45 -0.4 3 3.5 823.5478976372892 0.0402817193064493
60 120 -0.45 -0.4 3.5 4 765.8329595112415 0.03618088124881069
60 120 -0.45 -0.4 4 4.5 707.2504828934476 0.0325295494585589
60 120 -0.45 -0.4 4.5 5 652.0862713339628 0.02934822736699516
60 120 -0.45 -0.4 5 5.5 601.6219955008559 0.02658685639812575
60 120 -0.45 -0.4 5.5 6 556.0829431747476 0.02418556123541293
60 120 -0.45 -0.4 6 6.5 515.1753252543328 0.02208368504943792
60 120 -0.45 -0.4 6.5 7 478.4354249493929 0.02023063820877269
60 120 -0.45 -0.4 7 7.5 445.4178123987352 0.01859573155019234
60 120 -0.45 -0.4 7.5 8 415.6942061956083 0.01715580037136988
60 120 -0.45 -0.4 8 8.5 388.846088255463 0.01587355690890035
60 120 -0.45 -0.4 8.5 9 364.5235702061813 0.01472383160540858
60 120 -0.45 -0.4 9 9.5 342.4298476123526 0.0136950896960002
60 120 -0.45 -0.4 9.5 10 322.3094162978461 0.01277153200362591
60 120 -0.45 -0.4 10 10.5 303.9269920290206 0.01474779351912048
60 120 -0.45 -0.4 10.5 11 287.0809441501754 0.01261155136444359
60 120 -0.45 -0.4 11 11.5 271.6049147204956 0.01084678037864251
60 120 -0.45 -0.4 11.5 12 257.3546569771014 0.009867229128758481
60 120 -0.45 -0.4 12 12.5 244.204185840399 0.009287574710413082
60 120 -0.45 -0.4 12.5 13 232.0368860574607 0.008754130213134204
60 120 -0.45 -0.4 13 13.5 220.7532983838097 0.008260921799916332
60 120 -0.45 -0.4 13.5 14 210.2685235638398 0.007804888967257284
60 120 -0.45 -0.4 14 14.5 200.5085790992939 0.00738305727139732
60 120 -0.45 -0.4 14.5 15 191.4091598562459 0.006994360657301968
60 120 -0.45 -0.4 15 16 357.8665751791324 0.01293296015035139
60 120 -0.45 -0.4 16 17 328.0027409201631 0.01168783904523707
60 120 -0.45 -0.4 17 18 301.6550881190192 0.01060291671353752
60 120 -0.45 -0.4 18 19 278.2911605131948 0.009644388766957945
60 120 -0.45 -0.4 19 20 257.4611585530002 0.008795333701186792
60 120 -0.45 -0.4 20 21 238.8031249642427 0.008042983526678427
60 120 -0.45 -0.4 21 22 222.0278510720021 0.01021059094082943
60 120 -0.45 -0.4 22 23 206.8862058491709 0.009072821929350994
60 120 -0.45 -0.4 23 24 193.163854916067 0.007597609352387735
60 120 -0.45 -0.4 24 25 180.6885852874919 0.006318022543439383
60 120 -0.45 -0.4 25 26 169.3157745042142 0.005599786284932406
60 120 -0.45 -0.4 26 27 158.9159855860599 0.005040592694342649
60 120 -0.45 -0.4 27 28 149.3773206165126 0.00454015776176675
60 120 -0.45 -0.4 28 29 140.6082414244615 0.004209249475422894
60 120 -0.45 -0.4 29 30 132.5301540380753 0.003906415233387861
60 120 -0.45 -0.4 30 31 125.0715864759452 0.003629522087877035
60 120 -0.45 -0.4 31 32 118.1682409387312 0.003375346738025087
60 120 -0.45 -0.4 32 33 111.7665036611696 0.003142405490365263
60 120 -0.45 -0.4 33 34 105.8204587164492 0.00292778022306095
60 120 -0.45 -0.4 34 35 100.2886094203837 0.002730668687405569
60 120 -0.45 -0.4 35 36 95.13264890802616 0.002548384442491169
60 120 -0.45 -0.4 36 37 90.31860454731176 0.002380063807848387
60 120 -0.45 -0.4 37 38 85.81767528321538 0.002224618734160799
60 120 -0.45 -0.4 38 39 81.60458996905777 0.002081219235918752
60 120 -0.45 -0.4 39 40 77.6559533061199 0.001948142247925944
60 120 -0.45 -0.4 40 42 144.4171081237178 0.006894306321413524
60 120 -0.45 -0.4 42 44 131.2940624716544 0.005124600454962547
60 120 -0.45 -0.4 44 46 119.6460482867231 0.004166616246934041
60 120 -0.45 -0.4 46 48 109.2656862419429 0.003370828970062689
60 120 -0.45 -0.4 48 50 99.98100660012771 0.002403410672243922
60 120 -0.45 -0.4 50 52 91.65258328684712 0.001908709215356907
60 120 -0.45 -0.4 52 54 84.15898750541677 0.001695152792734689
60 120 -0.45 -0.4 54 56 77.39759066206716 0.001511408725562546
60 120 -0.45 -0.4 56 58 71.28342294679163 0.001350532308705965
60 120 -0.45 -0.4 58 60 65.74177446238652 0.001208883846345543
60 120 -0.45 -0.4 60 65 143.3086961227803 0.002509134629178789
60 120 -0.45 -0.4 65 70 118.2679328261697 0.0046686356877359
60 120 -0.45 -0.4 70 80 180.2944865026361 0.002698300958940081
60 120 -0.45 -0.4 80 90 127.0798860606784 0.001708145779943493
60 120 -0.45 -0.4 90 100 91.29202208447187 0.001122071896659804
60 120 -0.4 -0.35 0 0.5 -0.8270831466447037 1.915269217500626e-05
60 120 -0.4 -0.35 0.5 1 -1119.651328330461 0.04519256822345596
60 120 -0.4 -0.35 1 1.5 -15.28792032977463 0.0005927663670899364
60 120 -0.4 -0.35 1.5 2 710.6791087968988 0.004385249678534819
60 120 -0.4 -0.35 2 2.5 867.0956672858202 0.02713707102418539
60 120 -0.4 -0.35 2.5 3 869.3744041850315 0.02286603685604405
60 120 -0.4 -0.35 3 3.5 824.6483223569825 0.04009422314049971
60 120 -0.4 -0.35 3.5 4 766.917592680642 0.03603695337028512
60 120 -0.4 -0.35 4 4.5 708.3288156389182 0.03241273705293679
60 120 -0.4 -0.35 4.5 5 653.0856997140793 0.02923874227553824
60 120 -0.4 -0.35 5 5.5 602.5728350841146 0.02647901984903456
60 120 -0.4 -0.35 5.5 6 556.9872697867218 0.02408434368589951
60 120 -0.4 -0.35 6 6.5 516.0089748958916 0.02199163442583085
60 120 -0.4 -0.35 6.5 7 479.2180055474759 0.02016305228505644
60 120 -0.4 -0.35 7 7.5 446.1667833434692 0.01855227163122208
60 120 -0.4 -0.35 7.5 8 416.3937986342796 0.01712287071359242
60 120 -0.4 -0.35 8 8.5 389.4981332867283 0.01584724056209552
60 120 -0.4 -0.35 8.5 9 365.139462154573 0.01469992078529003
60 120 -0.4 -0.35 9 9.5 343.0204102470595 0.0136746483339607
60 120 -0.4 -0.35 9.5 10 322.8677520311057 0.01275197666143413
60 120 -0.4 -0.35 10 10.5 304.4510320162526 0.01460512262235625
60 120 -0.4 -0.35 10.5 11 287.5762114800062 0.01221061721798833
60 120 -0.4 -0.35 11 11.5 272.0791608324927 0.01083681716187357
60 120 -0.4 -0.35 11.5 12 257.8105620232723 0.009838188900914702
60 120 -0.4 -0.35 12 12.5 244.6372436446566 0.00926464458663645
60 120 -0.4 -0.35 12.5 13 232.44643288222 0.008738636593534466
60 120 -0.4 -0.35 13 13.5 221.142332279147 0.008254710692767731
60 120 -0.4 -0.35 13.5 14 210.6416238651288 0.007806538002171237
60 120 -0.4 -0.35 14 14.5 200.8696323708821 0.007391290603464995
60 120 -0.4 -0.35 14.5 15 191.756529943405 0.007004052195185295
60 120 -0.4 -0.35 15 16 358.5131778770639 0.01295230559969696
60 120 -0.4 -0.35 16 17 328.5961591150755 0.01169716002743826
60 120 -0.4 -0.35 17 18 302.2120927476143 0.01060329833489959
60 120 -0.4 -0.35 18 19 278.805409452492 0.009645705087962142
60 120 -0.4 -0.35 19 20 257.9350640714138 0.008802436369478528
60 120 -0.4 -0.35 20 21 239.2501957369843 0.008053635116965552
60 120 -0.4 -0.35 21 22 222.4478291571189 0.01062806375156811
60 120 -0.4 -0.35 22 23 207.2747994413415 0.008769706754549134
60 120 -0.4 -0.35 23 24 193.5285738503806 0.007403194064863783
60 120 -0.4 -0.35 24 25 181.0355063632045 0.006581699217491632
60 120 -0.4 -0.35 25 26 169.6421024858306 0.005744235107613349
60 120 -0.4 -0.35 26 27 159.2205826319826 0.004911907604196131
60 120 -0.4 -0.35 27 28 149.6657940502974 0.004548523026215889
60 120 -0.4 -0.35 28 29 140.8843494678692 0.004216354315815352
60 120 -0.4 -0.35 29 30 132.7924810638545 0.003912510984349638
60 120 -0.4 -0.35 30 31 125.3182321663503 0.00363522243591774
60 120 -0.4 -0.35 31 32 118.401836892653 0.00338088064026465
60 120 -0.4 -0.35 32 33 111.9901343330901 0.003147130341403681
60 120 -0.4 -0.35 33 34 106.0342328173335 0.002932020023266091
60 120 -0.4 -0.35 34 35 100.4910984430502 0.00273459395795328
60 120 -0.4 -0.35 35 36 95.32392550482672 0.002551714252035708
60 120 -0.4 -0.35 36 37 90.5009639096466 0.002383209400235842
60 120 -0.4 -0.35 37 38 85.99284410401451 0.002227426470284399
60 120 -0.4 -0.35 38 39 81.77245738833754 0.002083733441324398
60 120 -0.4 -0.35 39 40 77.81565781980233 0.001950164500271967
60 120 -0.4 -0.35 40 42 144.7132486030988 0.006494480657039503
60 120 -0.4 -0.35 42 44 131.5668439503895 0.005379441449861133
60 120 -0.4 -0.35 44 46 119.8952295117133 0.004202304924419309
60 120 -0.4 -0.35 46 48 109.4930932368735 0.003182187325833752
60 120 -0.4 -0.35 48 50 100.1916795888409 0.002568019657758214
60 120 -0.4 -0.35 50 52 91.84599156590403 0.00191023603510132
60 120 -0.4 -0.35 52 54 84.33655848027719 0.001697274971732554
60 120 -0.4 -0.35 54 56 77.56235575495042 0.001513185782442861
60 120 -0.4 -0.35 56 58 71.43531939678893 0.001351830868557613
60 120 -0.4 -0.35 58 60 65.88148373752783 0.001210280836232869
60 120 -0.4 -0.35 60 65 143.6164652340909 0.002511691344579958
60 120 -0.4 -0.35 65 70 118.5234144398288 0.004675044641885506
60 120 -0.4 -0.35 70 80 180.6860868171841 0.002700748499137262
60 120 -0.4 -0.35 80 90 127.3580174439686 0.001709491371400418
60 120 -0.4 -0.35 90 100 91.49271746709363 0.001122951006649942
60 120 -0.35 -0.3 0 0.5 -0.8289799384759788 2.023200279877013e-05
60 120 -0.35 -0.3 0.5 1 -1122.288978695833 0.01657209988456998
60 120 -0.35 -0.3 1 1.5 -15.76028787306529 0.0001530416550874492
60 120 -0.35 -0.3 1.5 2 711.7917351477749 0.0172315559937033
60 120 -0.35 -0.3 2 2.5 868.5794960166654 0.005183605999718566
60 120 -0.35 -0.3 2.5 3 870.9343795442699 0.004607478974321566
60 120 -0.35 -0.3 3 3.5 826.0957744514287 0.04042771675835866
60 120 -0.35 -0.3 3.5 4 768.3029633227661 0.03629229709554238
60 120 -0.35 -0.3 4 4.5 709.6018870154643 0.03263902846470046
60 120 -0.35 -0.3 4.5 5 654.2620404847113 0.029442894720205
60 120 -0.35 -0.3 5 5.5 603.6858140959292 0.026666712356473
60 120 -0.35 -0.3 5.5 6 558.00624170955 0.02424705174132669
60 120 -0.35 -0.3 6 6.5 516.9511916426627 0.02213031907308505
60 120 -0.35 -0.3 6.5 7 480.1068646545758 0.02027112244036289
60 120 -0.35 -0.3 7 7.5 446.9900588763261 0.01863419216266493
60 120 -0.35 -0.3 7.5 8 417.1528538397908 0.0171892926313717
60 120 -0.35 -0.3 8 8.5 390.2083662811255 0.01590616370606313
60 120 -0.35 -0.3 8.5 9 365.8123726022762 0.01475762183599727
60 120 -0.35 -0.3 9 9.5 343.6494058711623 0.01372946146580034
60 120 -0.35 -0.3 9.5 10 323.4530312091794 0.01280379657919184
60 120 -0.35 -0.3 10 10.5 305.0003818875525 0.01411780243284966
60 120 -0.35 -0.3 10.5 11 288.100140325596 0.01257730432445214
60 120 -0.35 -0.3 11 11.5 272.5766962649678 0.01115569139307127
60 120 -0.35 -0.3 11.5 12 258.277464123523 0.009870138605378997
60 120 -0.35 -0.3 12 12.5 245.075173695316 0.009288655303663518
60 120 -0.35 -0.3 12.5 13 232.8613818281672 0.008755678225895736
60 120 -0.35 -0.3 13 13.5 221.5400831083826 0.008263820694395463
60 120 -0.35 -0.3 13.5 14 211.0227782419717 0.007811286291655506
60 120 -0.35 -0.3 14 14.5 201.2308952640656 0.007392984316965112
60 120 -0.35 -0.3 14.5 15 192.097403141232 0.007005614206462951
60 120 -0.35 -0.3 15 16 359.1475196284904 0.01296334942844624
60 120 -0.35 -0.3 16 17 329.1840162103872 0.01171977871820218
60 120 -0.35 -0.3 17 18 302.746529649653 0.01062539717617028
60 120 -0.35 -0.3 18 19 279.2929510817754 0.009661711319154165
60 120 -0.35 -0.3 19 20 258.3909824701498 0.008808570574160512
60 120 -0.35 -0.3 20 21 239.6716863848563 0.008053889870836883
60 120 -0.35 -0.3 21 22 222.8344954052718 0.01022662269784291
60 120 -0.35 -0.3 22 23 207.6368053680534 0.008737426932327708
60 120 -0.35 -0.3 23 24 193.8689917685076 0.007776593387717412
60 120 -0.35 -0.3 24 25 181.350394796587 0.006570767945191847
60 120 -0.35 -0.3 25 26 169.9344604916647 0.005506071134732338
60 120 -0.35 -0.3 26 27 159.4970384026033 0.004915923213928863
60 120 -0.35 -0.3 27 28 149.9272341504829 0.004551713863378382
60 120 -0.35 -0.3 28 29 141.1287596936788 0.004220213875328227
60 120 -0.35 -0.3 29 30 133.0213852276921 0.00391689949361762
60 120 -0.35 -0.3 30 31 125.535936811278 0.003639049430546493
60 120 -0.35 -0.3 31 32 118.6095401414504 0.003384836302330996
60 120 -0.35 -0.3 32 33 112.1862005090242 0.003150883235079505
60 120 -0.35 -0.3 33 34 106.2188154129675 0.002935880959483939
60 120 -0.35 -0.3 34 35 100.6665934273162 0.002738087171834991
60 120 -0.35 -0.3 35 36 95.49221854369411 0.002554970015296476
60 120 -0.35 -0.3 36 37 90.66185194760035 0.002386309382288232
60 120 -0.35 -0.3 37 38 86.14538218101059 0.002230689358228233
60 120 -0.35 -0.3 38 39 81.91709503863936 0.002086384651548201
60 120 -0.35 -0.3 39 40 77.95391597359786 0.001952472639558778
60 120 -0.35 -0.3 40 42 144.9734474259101 0.006808668223555969
60 120 -0.35 -0.3 42 44 131.8031032527446 0.005244406244599986
60 120 -0.35 -0.3 44 46 120.111498492508 0.004153550548522844
60 120 -0.35 -0.3 46 48 109.6927072166009 0.003353990767990922
60 120 -0.35 -0.3 48 50 100.374047286245 0.002485861939973688
60 120 -0.35 -0.3 50 52 92.01424799085824 0.001917702001037469
60 120 -0.35 -0.3 52 54 84.49216604135067 0.001698910153592692
60 120 -0.35 -0.3 54 56 77.70494078647842 0.001514457883544651
60 120 -0.35 -0.3 56 58 71.56715134390322 0.001353154760266762
60 120 -0.35 -0.3 58 60 66.00381871504329 0.001211353076868704
60 120 -0.35 -0.3 60 65 143.8831521248171 0.002514373143839066
60 120 -0.35 -0.3 65 70 118.7449960056732 0.004798479411860512
60 120 -0.35 -0.3 70 80 181.0261763381004 0.00270301244984239
60 120 -0.35 -0.3 80 90 127.5995196655211 0.001710998201588154
60 120 -0.35 -0.3 90 100 91.66711460125669 0.001123435072940993
60 120 -0.3 -0.25 0 0.5 -0.8305991692439681 1.874616505181947e-05
60 120 -0.3 -0.25 0.5 1 -1124.890683781687 0.02699063228510568
60 120 -0.3 -0.25 1 1.5 -16.24840512666846 0.0004373646497768391
60 120 -0.3 -0.25 1.5 2 712.8197700755243 0.003529380210352429
60 120 -0.3 -0.25 2 2.5 869.9613363429547 0.02695465850877099
60 120 -0.3 -0.25 2.5 3 872.4038931410799 0.02535291981246246
60 120 -0.3 -0.25 3 3.5 827.4945034940964 0.0402589721448976
60 120 -0.3 -0.25 3.5 4 769.6357008025948 0.0361817703980023
60 120 -0.3 -0.25 4 4.5 710.8116746644412 0.03251696160907613
60 120 -0.3 -0.25 4.5 5 655.4011002034705 0.02932582800292494
60 120 -0.3 -0.25 5 5.5 604.7330185148419 0.02656238281281276
60 120 -0.3 -0.25 5.5 6 558.9701302235928 0.02416493301814171
60 120 -0.3 -0.25 6 6.5 517.8635811111426 0.02206940649750777
60 120 -0.3 -0.25 6.5 7 480.9583903863776 0.02023741881293972
60 120 -0.3 -0.25 7 7.5 447.7757692437388 0.01861631115758655
60 120 -0.3 -0.25 7.5 8 417.8895309063235 0.01717820702435802
60 120 -0.3 -0.25 8 8.5 390.9069128184076 0.0158978679393158
60 120 -0.3 -0.25 8.5 9 366.4628343590361 0.01474927673837101
60 120 -0.3 -0.25 9 9.5 344.253395173977 0.0137211129334105
60 120 -0.3 -0.25 9.5 10 324.0228950892687 0.01279453603802949
60 120 -0.3 -0.25 10 10.5 305.5441730514826 0.01459375208764868
60 120 -0.3 -0.25 10.5 11 288.6128373860184 0.01284361369613407
60 120 -0.3 -0.25 11 11.5 273.0550019770928 0.01095715973565348
60 120 -0.3 -0.25 11.5 12 258.727409853457 0.00987723418643327
60 120 -0.3 -0.25 12 12.5 245.5042865918717 0.009298417663927694
60 120 -0.3 -0.25 12.5 13 233.2724593500801 0.00876590609931327
60 120 -0.3 -0.25 13 13.5 221.9294197397402 0.008273873876106563
60 120 -0.3 -0.25 13.5 14 211.3891686533807 0.007821681609982534
60 120 -0.3 -0.25 14 14.5 201.577366927735 0.007403074123942588
60 120 -0.3 -0.25 14.5 15 192.4290807576562 0.007014663091496232
60 120 -0.3 -0.25 15 16 359.772322346493 0.01297393205982189
60 120 -0.3 -0.25 16 17 329.748344081518 0.01171961721638581
60 120 -0.3 -0.25 17 18 303.2598399086439 0.01062844208018987
60 120 -0.3 -0.25 18 19 279.7695650102727 0.009673651417017481
60 120 -0.3 -0.25 19 20 258.8266880326945 0.008827278138824113
60 120 -0.3 -0.25 20 21 240.0705335510692 0.008073682766905677
60 120 -0.3 -0.25 21 22 223.2070962024422 0.01041378308582352
60 120 -0.3 -0.25 22 23 207.9828124393383 0.009072291310076253
60 120 -0.3 -0.25 23 24 194.186063096561 0.007462554589181991
60 120 -0.3 -0.25 24 25 181.645691626139 0.006459233119358032
60 120 -0.3 -0.25 25 26 170.2122331089348 0.005679468280845867
60 120 -0.3 -0.25 26 27 159.7556339238554 0.004949064492109301
60 120 -0.3 -0.25 27 28 150.1667336452753 0.004556862816258445
60 120 -0.3 -0.25 28 29 141.353671232248 0.004224003030003587
60 120 -0.3 -0.25 29 30 133.2339675909886 0.003920459845005553
60 120 -0.3 -0.25 30 31 125.7350514978708 0.00364225684816688
60 120 -0.3 -0.25 31 32 118.7947856794089 0.003387336448327005
60 120 -0.3 -0.25 32 33 112.3605787375331 0.003153403289573475
60 120 -0.3 -0.25 33 34 106.3845316180401 0.002938209490125132
60 120 -0.3 -0.25 34 35 100.8234629754677 0.002739673753737293
60 120 -0.3 -0.25 35 36 95.63982159493163 0.002557163285757724
60 120 -0.3 -0.25 36 37 90.80111992263674 0.002388292119334778
60 120 -0.3 -0.25 37 38 86.27808995226853 0.002232784949057987
60 120 -0.3 -0.25 38 39 82.04398238644248 0.002087967873777075
60 120 -0.3 -0.25 39 40 78.07449208995827 0.001954540516649672
60 120 -0.3 -0.25 40 42 145.1955960099002 0.006615409015978457
60 120 -0.3 -0.25 42 44 132.0057233472052 0.00531008367354957
60 120 -0.3 -0.25 44 46 120.2964544679184 0.004197104523299799
60 120 -0.3 -0.25 46 48 109.861226300024 0.003209189614622687
60 120 -0.3 -0.25 48 50 100.5298366130659 0.002584215181698823
60 120 -0.3 -0.25 50 52 92.15704911865096 0.001913137179769819
60 120 -0.3 -0.25 52 54 84.62319808588754 0.001699952961644158
60 120 -0.3 -0.25 54 56 77.8264532503794 0.001516055646860082
60 120 -0.3 -0.25 56 58 71.67892232149752 0.00135431321160695
60 120 -0.3 -0.25 58 60 66.10704658783297 0.001212481319200265
60 120 -0.3 -0.25 60 65 144.1098843303747 0.002516355962228545
60 120 -0.3 -0.25 65 70 118.9326381986029 0.004570083164026073
60 120 -0.3 -0.25 70 80 181.313926569205 0.002704736518438722
60 120 -0.3 -0.25 80 90 127.8040546124114 0.001712039400345589
60 120 -0.3 -0.25 90 100 91.8153099186691 0.00112378629007992
60 120 -0.25 -0.2 0 0.5 -0.8320356274481475 1.850782650636429e-05
60 120 -0.25 -0.2 0.5 1 -1128.020914488449 0.01388975521172142
60 120 -0.25 -0.2 1 1.5 -17.70874408305098 7.463822906217388e-05
60 120 -0.25 -0.2 1.5 2 713.0654413464146 0.003652268309224382
60 120 -0.25 -0.2 2 2.5 870.7337832725837 0.0286231741388292
60 120 -0.25 -0.2 2.5 3 873.3178665383341 0.025155773477195
60 120 -0.25 -0.2 3 3.5 828.4806674570958 0.04036902318227931
60 120 -0.25 -0.2 3.5 4 770.5850811127236 0.03623785275101454
60 120 -0.25 -0.2 4 4.5 711.728866365944 0.03264239380382605
60 120 -0.25 -0.2 4.5 5 656.274237832814 0.02948728666683564
60 120 -0.25 -0.2 5 5.5 605.5353196152323 0.02671844379267441
60 120 -0.25 -0.2 5.5 6 559.7374460900701 0.02428610689798916
60 120 -0.25 -0.2 6 6.5 518.5859971216842 0.02216052219193898
60 120 -0.25 -0.2 6.5 7 481.6249639121634 0.0202969677310989
60 120 -0.25 -0.2 7 7.5 448.4093760566947 0.01865665536286087
60 120 -0.25 -0.2 7.5 8 418.4971744896086 0.01720958617858059
60 120 -0.25 -0.2 8 8.5 391.4737727402614 0.01592689213117637
60 120 -0.25 -0.2 8.5 9 366.9945125500886 0.01478311368060758
60 120 -0.25 -0.2 9 9.5 344.7633104793027 0.01375498525618468
60 120 -0.25 -0.2 9.5 10 324.5116712801909 0.01282938924111932
60 120 -0.25 -0.2 10 10.5 306.0032320362764 0.01470262157539537
60 120 -0.25 -0.2 10.5 11 289.04271890579 0.0124387149796803
60 120 -0.25 -0.2 11 11.5 273.4650703265443 0.01091327363332084
60 120 -0.25 -0.2 11.5 12 259.1216991611013 0.009892778570986138
60 120 -0.25 -0.2 12 12.5 245.8801354945784 0.009310953884238415
60 120 -0.25 -0.2 12.5 13 233.6262268805489 0.008776995202339322
60 120 -0.25 -0.2 13 13.5 222.264183992138 0.008286359403001597
60 120 -0.25 -0.2 13.5 14 211.710197164268 0.007832660811573078
60 120 -0.25 -0.2 14 14.5 201.8871283134764 0.007413881557312152
60 120 -0.25 -0.2 14.5 15 192.7260619217375 0.007026266093248523
60 120 -0.25 -0.2 15 16 360.3210810022381 0.01299434683295431
60 120 -0.25 -0.2 16 17 330.2500064097301 0.01173618133560694
60 120 -0.25 -0.2 17 18 303.7259939617508 0.01064319299791805
60 120 -0.25 -0.2 18 19 280.1941928230328 0.009680700415799492
60 120 -0.25 -0.2 19 20 259.218118314269 0.008827755351660471
60 120 -0.25 -0.2 20 21 240.4369188044675 0.00807426550639434
60 120 -0.25 -0.2 21 22 223.5445819776352 0.01050002886506718
60 120 -0.25 -0.2 22 23 208.2932009127598 0.008775081974818022
60 120 -0.25 -0.2 23 24 194.4770027335318 0.007625777372169296
60 120 -0.25 -0.2 24 25 181.9172058706477 0.006642896737332649
60 120 -0.25 -0.2 25 26 170.4630190754662 0.005574937330095509
60 120 -0.25 -0.2 26 27 159.989623881906 0.004922907575775071
60 120 -0.25 -0.2 27 28 150.3875102432338 0.004558554692493999
60 120 -0.25 -0.2 28 29 141.5602827332577 0.004227040397609017
60 120 -0.25 -0.2 29 30 133.4257968560873 0.003922785434809839
60 120 -0.25 -0.2 30 31 125.9144890143538 0.003645029383605447
60 120 -0.25 -0.2 31 32 118.9643226167266 0.003389750949679637
60 120 -0.25 -0.2 32 33 112.5199714704603 0.003156186182181386
60 120 -0.25 -0.2 33 34 106.5331398605869 0.002940400016129274
60 120 -0.25 -0.2 34 35 100.962936488362 0.002742423496925994
60 120 -0.25 -0.2 35 36 95.77196836750048 0.002558408252951949
60 120 -0.25 -0.2 36 37 90.92628973176704 0.002390498908980021
60 120 -0.25 -0.2 37 38 86.39584482098213 0.002234123473968452
60 120 -0.25 -0.2 38 39 82.15449396205491 0.002089909400112333
60 120 -0.25 -0.2 39 40 78.17898985701473 0.001955236931763693
60 120 -0.25 -0.2 40 42 145.3895822095951 0.006790900954484869
60 120 -0.25 -0.2 42 44 132.1794685833464 0.005245690993092467
60 120 -0.25 -0.2 44 46 120.453500717298 0.004142269324077574
60 120 -0.25 -0.2 46 48 110.0042595534197 0.003320587789460205
60 120 -0.25 -0.2 48 50 100.6590190862097 0.002487824764841662
60 120 -0.25 -0.2 50 52 92.27533853030062 0.001944225708612635
60 120 -0.25 -0.2 52 54 84.73140433651156 0.00170168610179644
60 120 -0.25 -0.2 54 56 77.92543443549944 0.001517104927216906
60 120 -0.25 -0.2 56 58 71.77065537568814 0.00135481592856479
60 120 -0.25 -0.2 58 60 66.19179593344737 0.001213001075640818
60 120 -0.25 -0.2 60 65 144.2951766517126 0.002517215963536046
60 120 -0.25 -0.2 65 70 119.0857194453772 0.004740998348125913
60 120 -0.25 -0.2 70 80 181.5492221699348 0.002706350754721143
60 120 -0.25 -0.2 80 90 127.9714068004183 0.001712387578194807
60 120 -0.25 -0.2 90 100 91.93752174648242 0.001124196620352791
60 120 -0.2 -0.15 0 0.5 -0.8331882288838464 1.938356586583811e-05
60 120 -0.2 -0.15 0.5 1 -1131.35246108914 0.02377391841787357
60 120 -0.2 -0.15 1 1.5 -19.94488927680791 0.0006231288264473278
60 120 -0.2 -0.15 1.5 2 712.5215133314989 0.00571599734200845
60 120 -0.2 -0.15 2 2.5 870.8505092896613 0.01149391586159254
60 120 -0.2 -0.15 2.5 3 873.6612897579563 0.00994015758385558
60 120 -0.2 -0.15 3 3.5 828.9642455763612 0.04047729631474795
60 120 -0.2 -0.15 3.5 4 771.0945122364619 0.03635716431926994
60 120 -0.2 -0.15 4 4.5 712.2771728745704 0.03262791310066859
60 120 -0.2 -0.15 4.5 5 656.7934566984093 0.02937995503430102
60 120 -0.2 -0.15 5 5.5 606.0547953172404 0.02659083210812696
60 120 -0.2 -0.15 5.5 6 560.2435415918803 0.02419414202643111
60 120 -0.2 -0.15 6 6.5 519.0549086673564 0.02211582387280941
60 120 -0.2 -0.15 6.5 7 482.0804846039066 0.02027575395646863
60 120 -0.2 -0.15 7 7.5 448.8503951292714 0.01865894696970827
60 120 -0.2 -0.15 7.5 8 418.9066240478195 0.01722474798810936
60 120 -0.2 -0.15 8 8.5 391.8623056944936 0.01592912617263664
60 120 -0.2 -0.15 8.5 9 367.3751386328382 0.01477747530390161
60 120 -0.2 -0.15 9 9.5 345.1291568676917 0.01374112311054887
60 120 -0.2 -0.15 9.5 10 324.8553378480411 0.01280595756463754
60 120 -0.2 -0.15 10 10.5 306.3317534103988 0.01442954345594671
60 120 -0.2 -0.15 10.5 11 289.3630054385539 0.0126114937551165
60 120 -0.2 -0.15 11 11.5 273.7747084310308 0.01125346915961245
60 120 -0.2 -0.15 11.5 12 259.414985273912 0.009881625392097249
60 120 -0.2 -0.15 12 12.5 246.1580447997131 0.00930262456716946
60 120 -0.2 -0.15 12.5 13 233.8941240052728 0.008773555629687735
60 120 -0.2 -0.15 13 13.5 222.5251969639506 0.008283179834364773
60 120 -0.2 -0.15 13.5 14 211.961404639395 0.007830408244274167
60 120 -0.2 -0.15 14 14.5 202.1261576633804 0.007412693958173122
60 120 -0.2 -0.15 14.5 15 192.953297320426 0.007022590854916189
60 120 -0.2 -0.15 15 16 360.7526492061402 0.01298826707284206
60 120 -0.2 -0.15 16 17 330.6530567065313 0.01173340320605121
60 120 -0.2 -0.15 17 18 304.0940242019327 0.0106375107399117
60 120 -0.2 -0.15 18 19 280.5384728002585 0.009676189795982282
60 120 -0.2 -0.15 19 20 259.5411404714221 0.008826844408247325
60 120 -0.2 -0.15 20 21 240.734428673006 0.00807463164727551
60 120 -0.2 -0.15 21 22 223.8222147391724 0.01042787871776341
60 120 -0.2 -0.15 22 23 208.5545939722692 0.008984820677483185
60 120 -0.2 -0.15 23 24 194.719678830977 0.007645744570851321
60 120 -0.2 -0.15 24 25 182.1427516288657 0.006432018300188247
60 120 -0.2 -0.15 25 26 170.6763591272902 0.005684105541746476
60 120 -0.2 -0.15 26 27 160.1903333246801 0.004973258920614398
60 120 -0.2 -0.15 27 28 150.5742994594485 0.004562966226046683
60 120 -0.2 -0.15 28 29 141.7351668493749 0.004230098524459436
60 120 -0.2 -0.15 29 30 133.5912186505111 0.003926269875023536
60 120 -0.2 -0.15 30 31 126.0699747953607 0.003647440524346734
60 120 -0.2 -0.15 31 32 119.1094664604093 0.003393141730043681
60 120 -0.2 -0.15 32 33 112.656201846132 0.003159124293972582
60 120 -0.2 -0.15 33 34 106.6624748048493 0.002943026719975705
60 120 -0.2 -0.15 34 35 101.0851512073759 0.00274376491499595
60 120 -0.2 -0.15 35 36 95.88636574038185 0.002560585063946519
60 120 -0.2 -0.15 36 37 91.03370228160169 0.002391844374230345
60 120 -0.2 -0.15 37 38 86.49735389922159 0.002236257402799424
60 120 -0.2 -0.15 38 39 82.25056944003239 0.002090865777716999
60 120 -0.2 -0.15 39 40 78.26935617479442 0.001957244421674886
60 120 -0.2 -0.15 40 42 145.5544222881995 0.006597614151388598
60 120 -0.2 -0.15 42 44 132.3276762925746 0.005330641027995853
60 120 -0.2 -0.15 44 46 120.5863513286075 0.004152002186884829
60 120 -0.2 -0.15 46 48 110.1235907342181 0.003265755101409695
60 120 -0.2 -0.15 48 50 100.7667998419843 0.002556691789365573
60 120 -0.2 -0.15 50 52 92.37202558002885 0.001913234406217157
60 120 -0.2 -0.15 52 54 84.8191198069628 0.001702509891941872
60 120 -0.2 -0.15 54 56 78.00521200730866 0.001517748484403114
60 120 -0.2 -0.15 56 58 71.84339480933073 0.001355638615137877
60 120 -0.2 -0.15 58 60 66.25859107270792 0.001214092679219902
60 120 -0.2 -0.15 60 65 144.4392332891898 0.002518503023850371
60 120 -0.2 -0.15 65 70 119.2043272917135 0.004842521188010096
60 120 -0.2 -0.15 70 80 181.7318794991103 0.002707568628068202
60 120 -0.2 -0.15 80 90 128.1018675218164 0.001713326280139427
60 120 -0.2 -0.15 90 100 92.03406364859228 0.001124527520417473
60 120 -0.15 -0.1 0 0.5 -0.833976665942991 1.930614973488787e-05
60 120 -0.15 -0.1 0.5 1 -1134.086366936412 0.05352425918817971
60 120 -0.15 -0.1 1 1.5 -22.01973039092262 0.0001407025491992897
60 120 -0.15 -0.1 1.5 2 711.8324157602033 0.02068192665979041
60 120 -0.15 -0.1 2 2.5 870.6943693421451 0.007524939649670159
60 120 -0.15 -0.1 2.5 3 873.7650439357324 0.002781748685492857
60 120 -0.15 -0.1 3 3.5 829.1552703988373 0.04018401536347938
60 120 -0.15 -0.1 3.5 4 771.3742303164993 0.03618287855124436
60 120 -0.15 -0.1 4 4.5 712.5625180125779 0.03265918722445349
60 120 -0.15 -0.1 4.5 5 657.096883574384 0.02950814855728368
60 120 -0.15 -0.1 5 5.5 606.3705368975492 0.02673155664058413
60 120 -0.15 -0.1 5.5 6 560.5385170532603 0.02428887697249138
60 120 -0.15 -0.1 6 6.5 519.3550273758162 0.02215079112284002
60 120 -0.15 -0.1 6.5 7 482.3760009260837 0.02028121852981712
60 120 -0.15 -0.1 7 7.5 449.1225409831792 0.01863832588441028
60 120 -0.15 -0.1 7.5 8 419.1707624870297 0.01719597200070666
60 120 -0.15 -0.1 8 8.5 392.1246038215852 0.01592113630215408
60 120 -0.15 -0.1 8.5 9 367.622378077408 0.01477527299272197
60 120 -0.15 -0.1 9 9.5 345.3608894740706 0.01375187263636235
60 120 -0.15 -0.1 9.5 10 325.0817025610117 0.0128322115665469
60 120 -0.15 -0.1 10 10.5 306.5537141811492 0.01475247866727614
60 120 -0.15 -0.1 10.5 11 289.574256396884 0.01276350576193863
60 120 -0.15 -0.1 11 11.5 273.9738375531302 0.01088938901153824
60 120 -0.15 -0.1 11.5 12 259.6083888428412 0.00989851385457996
60 120 -0.15 -0.1 12 12.5 246.3485243738242 0.009314164269596859
60 120 -0.15 -0.1 12.5 13 234.0798677636257 0.008778961889362336
60 120 -0.15 -0.1 13 13.5 222.7020870521952 0.008284766396343457
60 120 -0.15 -0.1 13.5 14 212.1305183392671 0.007832544599040148
60 120 -0.15 -0.1 14 14.5 202.2907606118983 0.007412440438884005
60 120 -0.15 -0.1 14.5 15 193.1144278519085 0.007025642359650419
60 120 -0.15 -0.1 15 16 361.0584056931167 0.01299602082701767
60 120 -0.15 -0.1 16 17 330.9333301013368 0.01174700077933721
60 120 -0.15 -0.1 17 18 304.359687276178 0.01065470832133997
60 120 -0.15 -0.1 18 19 280.7875091371448 0.009690512955046415
60 120 -0.15 -0.1 19 20 259.7721007546953 0.008840245441945171
60 120 -0.15 -0.1 20 21 240.9532867308531 0.008083088152403661
60 120 -0.15 -0.1 21 22 224.0277863873035 0.01060166202617552
60 120 -0.15 -0.1 22 23 208.7453739810013 0.008847890773495237
60 120 -0.15 -0.1 23 24 194.899953825327 0.007600195610990568
60 120 -0.15 -0.1 24 25 182.3141568570897 0.006664137925611158
60 120 -0.15 -0.1 25 26 170.8365611268955 0.005608343511340763
60 120 -0.15 -0.1 26 27 160.3410704907141 0.004929088419061145
60 120 -0.15 -0.1 27 28 150.7175392413467 0.004564427523177983
60 120 -0.15 -0.1 28 29 141.8703004597031 0.004232680302834524
60 120 -0.15 -0.1 29 30 133.7175524832692 0.003928404375130867
60 120 -0.15 -0.1 30 31 126.1892963096709 0.003648727174251576
60 120 -0.15 -0.1 31 32 119.2229881325648 0.003393236190490256
60 120 -0.15 -0.1 32 33 112.7636199095349 0.003157581600362391
60 120 -0.15 -0.1 33 34 106.7636098817567 0.002942899495607776
60 120 -0.15 -0.1 34 35 101.1807156028931 0.002744259544101624
60 120 -0.15 -0.1 35 36 95.97736968220492 0.002562384948618046
60 120 -0.15 -0.1 36 37 91.11970886818766 0.00239284809953233
60 120 -0.15 -0.1 37 38 86.57822794608356 0.002237165591580492
60 120 -0.15 -0.1 38 39 82.32685355010882 0.002091062395109589
60 120 -0.15 -0.1 39 40 78.34168181195533 0.001957931441197047
60 120 -0.15 -0.1 40 42 145.6876927595275 0.00670613235985229
60 120 -0.15 -0.1 42 44 132.4465288163517 0.005259102869274557
60 120 -0.15 -0.1 44 46 120.6932180684148 0.004235126321205485
60 120 -0.15 -0.1 46 48 110.2189568051787 0.003268093566546781
60 120 -0.15 -0.1 48 50 100.8522027434198 0.002541727293376539
60 120 -0.15 -0.1 50 52 92.44882081545518 0.001925414883302778
60 120 -0.15 -0.1 52 54 84.88798161662612 0.001703625245937701
60 120 -0.15 -0.1 54 56 78.06755113757002 0.001518284019766725
60 120 -0.15 -0.1 56 58 71.89953677868631 0.001356430670028885
60 120 -0.15 -0.1 58 60 66.30919625336786 0.001214475029414075
60 120 -0.15 -0.1 60 65 144.5460673887439 0.002520436357201561
60 120 -0.15 -0.1 65 70 119.2901051075791 0.004862388964880893
60 120 -0.15 -0.1 70 80 181.8618617852246 0.002708296556363621
60 120 -0.15 -0.1 80 90 128.1964527826865 0.001713828312261967
60 120 -0.15 -0.1 90 100 92.1058565922545 0.001124959878168852
60 120 -0.1 -0.05 0 0.5 -0.8344595373808983 1.878857278003743e-05
60 120 -0.1 -0.05 0.5 1 -1135.69008428184 0.03699789272536691
60 120 -0.1 -0.05 1 1.5 -23.16298621666935 0.0003379857186516233
60 120 -0.1 -0.05 1.5 2 711.5186820247229 0.006465159993354064
60 120 -0.1 -0.05 2 2.5 870.6552443895465 0.004195443729486215
60 120 -0.1 -0.05 2.5 3 873.8710692200168 0.002601287059746937
60 120 -0.1 -0.05 3 3.5 829.3271708185111 0.04043132060360222
60 120 -0.1 -0.05 3.5 4 771.5707570002362 0.03615285625255638
60 120 -0.1 -0.05 4 4.5 712.7641519307541 0.03244438060107768
60 120 -0.1 -0.05 4.5 5 657.3143560015031 0.02928065203866481
60 120 -0.1 -0.05 5 5.5 606.5673112496 0.02657082042276215
60 120 -0.1 -0.05 5.5 6 560.7440733829994 0.02420043343067846
60 120 -0.1 -0.05 6 6.5 519.5550411388145 0.0221216500947321
60 120 -0.1 -0.05 6.5 7 482.557540151655 0.02029445294874677
60 120 -0.1 -0.05 7 7.5 449.3039214907055 0.01867849581066139
60 120 -0.1 -0.05 7.5 8 419.3486226909907 0.01722305049696615
60 120 -0.1 -0.05 8 8.5 392.2885057198877 0.01593104901786546
60 120 -0.1 -0.05 8.5 9 367.7789461614893 0.01477549329791827
60 120 -0.1 -0.05 9 9.5 345.5162206174637 0.01373909504661697
60 120 -0.1 -0.05 9.5 10 325.2300719380132 0.01280722146748303
60 120 -0.1 -0.05 10 10.5 306.6900134367308 0.01439113781890455
60 120 -0.1 -0.05 10.5 11 289.7043942792843 0.01261695350461878
60 120 -0.1 -0.05 11 11.5 274.1016810147572 0.01099314722671352
60 120 -0.1 -0.05 11.5 12 259.7321365133234 0.009887586257377734
60 120 -0.1 -0.05 12 12.5 246.4651123929111 0.009313124977182952
60 120 -0.1 -0.05 12.5 13 234.1905020024556 0.008783821238523615
60 120 -0.1 -0.05 13 13.5 222.8102236201293 0.008293650374213257
60 120 -0.1 -0.05 13.5 14 212.2374934026131 0.007839720593864286
60 120 -0.1 -0.05 14 14.5 202.3940121436153 0.007421264341502365
60 120 -0.1 -0.05 14.5 15 193.2128316740671 0.007033851841498517
60 120 -0.1 -0.05 15 16 361.2445761573156 0.01300265057346905
60 120 -0.1 -0.05 16 17 331.1121815109763 0.01174542029190206
60 120 -0.1 -0.05 17 18 304.5260836265398 0.01064855313154567
60 120 -0.1 -0.05 18 19 280.9439095166346 0.009685760792933706
60 120 -0.1 -0.05 19 20 259.9213351588398 0.008840312519453164
60 120 -0.1 -0.05 20 21 241.09162879912 0.008087292672684043
60 120 -0.1 -0.05 21 22 224.157508281267 0.01043375033114557
60 120 -0.1 -0.05 22 23 208.8692381552663 0.009023302237750386
60 120 -0.1 -0.05 23 24 195.0161038636388 0.007544634193862976
60 120 -0.1 -0.05 24 25 182.4236738288757 0.006550202419134621
60 120 -0.1 -0.05 25 26 170.9414602411741 0.005713617438516394
60 120 -0.1 -0.05 26 27 160.440175024957 0.004943002246818651
60 120 -0.1 -0.05 27 28 150.810410092201 0.004565652138552423
60 120 -0.1 -0.05 28 29 141.9583816026872 0.004235176454812972
60 120 -0.1 -0.05 29 30 133.8015573057859 0.003929298494369959
60 120 -0.1 -0.05 30 31 126.2686626594635 0.003650711251665939
60 120 -0.1 -0.05 31 32 119.2981087062475 0.00339664735867018
60 120 -0.1 -0.05 32 33 112.835516992032 0.003162024645945394
60 120 -0.1 -0.05 33 34 106.8321018671929 0.002944129713469579
60 120 -0.1 -0.05 34 35 101.2455876481054 0.002745688213295239
60 120 -0.1 -0.05 35 36 96.0386508950921 0.00256358573773241
60 120 -0.1 -0.05 36 37 91.17797221881838 0.00239297970746577
60 120 -0.1 -0.05 37 38 86.63382101426966 0.002236307878291655
60 120 -0.1 -0.05 38 39 82.37948359717406 0.002092380060531696
60 120 -0.1 -0.05 39 40 78.39150867708699 0.001959357337383949
60 120 -0.1 -0.05 40 42 145.7804985102205 0.006727384696745276
60 120 -0.1 -0.05 42 44 132.5305797433101 0.005343411181996771
60 120 -0.1 -0.05 44 46 120.768446462713 0.004197196170039774
60 120 -0.1 -0.05 46 48 110.2865280483219 0.003310103741185344
60 120 -0.1 -0.05 48 50 100.9125022942448 0.002514906425972185
60 120 -0.1 -0.05 50 52 92.50302239438855 0.001914526857021315
60 120 -0.1 -0.05 52 54 84.93698960753711 0.001703794734623898
60 120 -0.1 -0.05 54 56 78.11147754494147 0.001518562638054277
60 120 -0.1 -0.05 56 58 71.93896615588977 0.001357428178295095
60 120 -0.1 -0.05 58 60 66.34432999315783 0.001214389487358858
60 120 -0.1 -0.05 60 65 144.6185225149676 0.002521117654652016
60 120 -0.1 -0.05 65 70 119.3462729970588 0.004915919543748259
60 120 -0.1 -0.05 70 80 181.9428327921393 0.002708945474637403
60 120 -0.1 -0.05 80 90 128.2568703301406 0.001713902433095882
60 120 -0.1 -0.05 90 100 92.15409024519528 0.001125128465574221
60 120 -0.05 0 0 0.5 -0.8347175729703088 1.925669247881956e-05
60 120 -0.05 0 0.5 1 -1136.411725438089 0.02269340725501934
60 120 -0.05 0 1 1.5 -23.61946432793184 0.0005638510766665661
60 120 -0.05 0 1.5 2 711.4173034983388 0.005401811843967153
60 120 -0.05 0 2 2.5 870.704145134311 0.003481885764472281
60 120 -0.05 0 2.5 3 873.9415570492771 0.002964027516554779
60 120 -0.05 0 3 3.5 829.4451887274533 0.0404506566389955
60 120 -0.05 0 3.5 4 771.6766667798761 0.03648987480460164
60 120 -0.05 0 4 4.5 712.8894817941423 0.03279512024948872
60 120 -0.05 0 4.5 5 657.4188343890518 0.02952505976304565
60 120 -0.05 0 5 5.5 606.6843927396267 0.02667979529974218
60 120 -0.05 0 5.5 6 560.8539379228559 0.02425700666253761
60 120 -0.05 0 6 6.5 519.6528844329512 0.02213492063685862
60 120 -0.05 0 6.5 7 482.6594540216513 0.02028997031311519
60 120 -0.05 0 7 7.5 449.3988087804636 0.01867093449453705
60 120 -0.05 0 7.5 8 419.4335852945059 0.01722542627578605
60 120 -0.05 0 8 8.5 392.3745168410139 0.01594903165926098
60 120 -0.05 0 8.5 9 367.8645594622939 0.01481603328733172
60 120 -0.05 0 9 9.5 345.5935280047718 0.01378147700347654
60 120 -0.05 0 9.5 10 325.3020086250808 0.01285328506202177
60 120 -0.05 0 10 10.5 306.7623606473732 0.01465879293493799
60 120 -0.05 0 10.5 11 289.7741140202012 0.01275229130828848
60 120 -0.05 0 11 11.5 274.165785117995 0.01100023487902035
60 120 -0.05 0 11.5 12 259.7918591786697 0.009904045097300695
60 120 -0.05 0 12 12.5 246.5242359765236 0.009322075175930422
60 120 -0.05 0 12.5 13 234.2484326369708 0.008783420933070829
60 120 -0.05 0 13 13.5 222.8649529268262 0.008288560301991765
60 120 -0.05 0 13.5 14 212.2879956225669 0.007836711499038529
60 120 -0.05 0 14 14.5 202.4422790241342 0.007420985489659415
60 120 -0.05 0 14.5 15 193.2603962492513 0.007033408937274999
60 120 -0.05 0 15 16 361.3347606904661 0.01300878098567182
60 120 -0.05 0 16 17 331.1942923599996 0.01176130733728087
60 120 -0.05 0 17 18 304.6066739579789 0.01066188429905424
60 120 -0.05 0 18 19 281.0203590014389 0.009698162383301678
60 120 -0.05 0 19 20 259.9923360673505 0.008844279022468982
60 120 -0.05 0 20 21 241.1599728086121 0.008083272863530055
60 120 -0.05 0 21 22 224.2211903321217 0.01045721957112278
60 120 -0.05 0 22 23 208.9285842258196 0.008830526106464731
60 120 -0.05 0 23 24 195.0737268633976 0.007693061200910734
60 120 -0.05 0 24 25 182.47813347297 0.006543939641346697
60 120 -0.05 0 25 26 170.99238084525 0.005695579902806003
60 120 -0.05 0 26 27 160.4884816972773 0.004940402612874095
60 120 -0.05 0 27 28 150.8563859068847 0.004568191230845287
60 120 -0.05 0 28 29 142.0012789891684 0.004234923947393554
60 120 -0.05 0 29 30 133.8422968698624 0.003927721658072869
60 120 -0.05 0 30 31 126.3078925967768 0.003650206794489463
60 120 -0.05 0 31 32 119.3356733100474 0.003395857761375964
60 120 -0.05 0 32 33 112.870909702071 0.003160285683875941
60 120 -0.05 0 33 34 106.8658289236219 0.002944534963631895
60 120 -0.05 0 34 35 101.2778064041102 0.002748166235306826
60 120 -0.05 0 35 36 96.06916160953125 0.002564559690398482
60 120 -0.05 0 36 37 91.20688545353244 0.002393899860692272
60 120 -0.05 0 37 38 86.66124685916928 0.002237931389345249
60 120 -0.05 0 38 39 82.40574237730023 0.002093508521170406
60 120 -0.05 0 39 40 78.41676481730099 0.001958980238768504
60 120 -0.05 0 40 42 145.8276401632457 0.006711739690018703
60 120 -0.05 0 42 44 132.5735546752065 0.005361656635841427
60 120 -0.05 0 44 46 120.8072888855699 0.004222724405806844
60 120 -0.05 0 46 48 110.3213989315531 0.003262781795996261
60 120 -0.05 0 48 50 100.9441068158275 0.002521068148297445
60 120 -0.05 0 50 52 92.53165496143052 0.001916115455230738
60 120 -0.05 0 52 54 84.96284320950402 0.001703532444579992
60 120 -0.05 0 54 56 78.13461534204529 0.001519127694905364
60 120 -0.05 0 56 58 71.95951585626894 0.001356820179523766
60 120 -0.05 0 58 60 66.36264459233651 0.001214762878319675
60 120 -0.05 0 60 65 144.6561043884796 0.002520716181038551
60 120 -0.05 0 65 70 119.3746519824711 0.004905541037985017
60 120 -0.05 0 70 80 181.9815284212685 0.002709857398542681
60 120 -0.05 0 80 90 128.286067553919 0.001713953475871222
60 120 -0.05 0 90 100 92.17908954264402 0.001125270897944119
60 120 0 0.05 0 0.5 -0.8347470112107009 1.964487573036244e-05
60 120 0 0.05 0.5 1 -1136.449775420487 0.0437003936660858
60 120 0 0.05 1 1.5 -23.58526899833295 0.0004913041155418796
60 120 0 0.05 1.5 2 711.4548048884411 0.01206742288502483
60 120 0 0.05 2 2.5 870.7251012942439 0.004599912812409457
60 120 0 0.05 2.5 3 873.9748209642501 0.001489913586851799
60 120 0 0.05 3 3.5 829.45074875113 0.04022605577154081
60 120 0 0.05 3.5 4 771.7025957144106 0.03610800116393875
60 120 0 0.05 4 4.5 712.8923980105358 0.03256848084402009
60 120 0 0.05 4.5 5 657.4349888759259 0.02946549614091509
60 120 0 0.05 5 5.5 606.6925529542294 0.02671222055494127
60 120 0 0.05 5.5 6 560.8584494829955 0.02427329359204577
60 120 0 0.05 6 6.5 519.6638040860622 0.02214606629559057
60 120 0 0.05 6.5 7 482.6614237730803 0.02028440813109
60 120 0 0.05 7 7.5 449.3998114710286 0.01865729942124972
60 120 0 0.05 7.5 8 419.4412903778959 0.01721029306565924
60 120 0 0.05 8 8.5 392.3790450488398 0.01592375495096121
60 120 0 0.05 8.5 9 367.8656383624063 0.01477825938565047
60 120 0 0.05 9 9.5 345.5974739305718 0.01374379077276444
60 120 0 0.05 9.5 10 325.3064868842715 0.01281631752402745
60 120 0 0.05 10 10.5 306.7637064327962 0.01461116004458063
60 120 0 0.05 10.5 11 289.773902928208 0.01250010283308711
60 120 0 0.05 11 11.5 274.167815315526 0.01107275485890113
60 120 0 0.05 11.5 12 259.7948510654213 0.009905549598840935
60 120 0 0.05 12 12.5 246.5258636185416 0.009329528392015618
60 120 0 0.05 12.5 13 234.2488176545397 0.008792775078120485
60 120 0 0.05 13 13.5 222.8660905897293 0.008296004787410993
60 120 0 0.05 13.5 14 212.2895793568798 0.007846641350909067
60 120 0 0.05 14 14.5 202.4430884912223 0.007427104710018284
60 120 0 0.05 14.5 15 193.2594505981956 0.007034581664242978
60 120 0 0.05 15 16 361.3322729425273 0.01300202958191221
60 120 0 0.05 16 17 331.1931640803498 0.01175035365338317
60 120 0 0.05 17 18 304.6038042483868 0.01064936018207163
60 120 0 0.05 18 19 281.018327096214 0.009696097188111708
60 120 0 0.05 19 20 259.9905085771948 0.008843740854445059
60 120 0 0.05 20 21 241.1572557857439 0.008089380728193873
60 120 0 0.05 21 22 224.2200557172293 0.0105411611500017
60 120 0 0.05 22 23 208.9284899829292 0.008884558906487428
60 120 0 0.05 23 24 195.0737716142944 0.007643918020619367
60 120 0 0.05 24 25 182.4786514072178 0.006606265004023726
60 120 0 0.05 25 26 170.9927099269491 0.005704177782234865
60 120 0 0.05 26 27 160.4882516326341 0.004943517047223622
60 120 0 0.05 27 28 150.8558814908849 0.004568697821895285
60 120 0 0.05 28 29 142.001172005865 0.004233362197282986
60 120 0 0.05 29 30 133.8422319699328 0.003930507942783379
60 120 0 0.05 30 31 126.3079650635927 0.003652542898535671
60 120 0 0.05 31 32 119.3358627997716 0.003394888175051847
60 120 0 0.05 32 33 112.8711566946893 0.003160499464669897
60 120 0 0.05 33 34 106.8658854571652 0.002945607927031801
60 120 0 0.05 34 35 101.2775976236541 0.002746153928498529
60 120 0 0.05 35 36 96.06902541436806 0.002562638074479651
60 120 0 0.05 36 37 91.20669673295886 0.002394914604565201
60 120 0 0.05 37 38 86.66103006749104 0.002237918860785726
60 120 0 0.05 38 39 82.40575522379808 0.002092698148729255
60 120 0 0.05 39 40 78.41691328393395 0.00195880184253383
60 120 0 0.05 40 42 145.8280873937313 0.00676618542084384
60 120 0 0.05 42 44 132.5736194937704 0.005317930186748754
60 120 0 0.05 44 46 120.8072178932843 0.004222315783991348
60 120 0 0.05 46 48 110.3213112409388 0.003263245837942463
60 120 0 0.05 48 50 100.9443196099171 0.002519986885886283
60 120 0 0.05 50 52 92.53208028348914 0.001930955384850108
60 120 0 0.05 52 54 84.96305877956252 0.001703353127524565
60 120 0 0.05 54 56 78.134631610943 0.001519163064827467
60 120 0 0.05 56 58 71.95940483463994 0.001357411704503875
60 120 0 0.05 58 60 66.36255025768148 0.001215154091042336
60 120 0 0.05 60 65 144.656970902125 0.002520371317274339
60 120 0 0.05 65 70 119.3754850757912 0.004888630177518394
60 120 0 0.05 70 80 181.9829692248889 0.002709802644034198
60 120 0 0.05 80 90 128.2871395479826 0.001714194235205468
60 120 0 0.05 90 100 92.18030982193987 0.001125131389343892
60 120 0.05 0.1 0 0.5 -0.834438817862277 1.868575117569549e-05
60 120 0.05 0.1 0.5 1 -1135.569170205352 0.03271483210619408
60 120 0.05 0.1 1 1.5 -22.91080833051225 0.0002174739731408692
60 120 0.05 0.1 1.5 2 711.7409203626893 0.005601292136702796
60 120 0.05 0.1 2 2.5 870.8158787753724 0.0005606502488717524
60 120 0.05 0.1 2.5 3 873.9811305568529 0.002186986730976059
60 120 0.05 0.1 3 3.5 829.4265830604759 0.04052048525488772
60 120 0.05 0.1 3.5 4 771.6345855585345 0.03635646596808328
60 120 0.05 0.1 4 4.5 712.82148314943 0.03264963464380344
60 120 0.05 0.1 4.5 5 657.3518834421384 0.02940681131599376
60 120 0.05 0.1 5 5.5 606.6102410692997 0.0266600666254817
60 120 0.05 0.1 5.5 6 560.7799052176347 0.02427299194084753
60 120 0.05 0.1 6 6.5 519.5781612212126 0.02217294340641729
60 120 0.05 0.1 6.5 7 482.5807109078401 0.02032607723003821
60 120 0.05 0.1 7 7.5 449.3223644417577 0.01867796576340197
60 120 0.05 0.1 7.5 8 419.3628243640618 0.01722319442461639
60 120 0.05 0.1 8 8.5 392.3047902311594 0.0159436549995462
60 120 0.05 0.1 8.5 9 367.7948981626653 0.01478809120516189
60 120 0.05 0.1 9 9.5 345.5269380536203 0.01375725560882302
60 120 0.05 0.1 9.5 10 325.2372566107786 0.01283033137025313
60 120 0.05 0.1 10 10.5 306.6981558690762 0.01462951903511112
60 120 0.05 0.1 10.5 11 289.7111659285359 0.01264626638601385
60 120 0.05 0.1 11 11.5 274.106345679403 0.01096060303569857
60 120 0.05 0.1 11.5 12 259.7359111968117 0.009886298514345526
60 120 0.05 0.1 12 12.5 246.4697529420653 0.009305839653535486
60 120 0.05 0.1 12.5 13 234.1951715890532 0.00877597581765599
60 120 0.05 0.1 13 13.5 222.8131964331018 0.008285265269023512
60 120 0.05 0.1 13.5 14 212.2378022908004 0.007839030940488101
60 120 0.05 0.1 14 14.5 202.3930335834569 0.007420852853385895
60 120 0.05 0.1 14.5 15 193.2112682460776 0.007032300687711768
60 120 0.05 0.1 15 16 361.2399706040567 0.01300716626570875
60 120 0.05 0.1 16 17 331.1068242991947 0.01175364342105922
60 120 0.05 0.1 17 18 304.5227337383755 0.01065390812789246
60 120 0.05 0.1 18 19 280.9404610351702 0.009691463852448123
60 120 0.05 0.1 19 20 259.9162492529759 0.008833733272695099
60 120 0.05 0.1 20 21 241.0868912215606 0.008082779564261955
60 120 0.05 0.1 21 22 224.1535145862199 0.01040393996578359
60 120 0.05 0.1 22 23 208.866778194725 0.008966452066204056
60 120 0.05 0.1 23 24 195.0157221798189 0.00761321731599196
60 120 0.05 0.1 24 25 182.4238596515183 0.006628317730758226
60 120 0.05 0.1 25 26 170.9408805685717 0.005669026177059777
60 120 0.05 0.1 26 27 160.439366121978 0.00494780371275283
60 120 0.05 0.1 27 28 150.8095515047048 0.004565407145918243
60 120 0.05 0.1 28 29 141.9574925028968 0.004232962182811661
60 120 0.05 0.1 29 30 133.8011154792684 0.003929063980592673
60 120 0.05 0.1 30 31 126.2690236075308 0.003650837073976732
60 120 0.05 0.1 31 32 119.2986789317377 0.003394287193188461
60 120 0.05 0.1 32 33 112.835769768768 0.00316155343514879
60 120 0.05 0.1 33 34 106.8320326347968 0.002944664372108718
60 120 0.05 0.1 34 35 101.2453170998364 0.002746837861778317
60 120 0.05 0.1 35 36 96.03815545621863 0.00256235789117909
60 120 0.05 0.1 36 37 91.17736168219359 0.002393024906041319
60 120 0.05 0.1 37 38 86.63342188417334 0.002237401550118534
60 120 0.05 0.1 38 39 82.379518102657 0.002091933410852675
60 120 0.05 0.1 39 40 78.39189451600539 0.00195852778789174
60 120 0.05 0.1 40 42 145.7813404720002 0.006763744236877756
60 120 0.05 0.1 42 44 132.5309306717542 0.005353084587142121
60 120 0.05 0.1 44 46 120.7682339492991 0.00416869833969713
60 120 0.05 0.1 46 48 110.2863535421992 0.003259029004638592
60 120 0.05 0.1 48 50 100.913067852557 0.002542117277258171
60 120 0.05 0.1 50 52 92.50386941983859 0.001919291680806623
60 120 0.05 0.1 52 54 84.93764654788728 0.001703183861678781
60 120 0.05 0.1 54 56 78.11168505595025 0.001519535662424687
60 120 0.05 0.1 56 58 71.93890693062978 0.001356531984228582
60 120 0.05 0.1 58 60 66.34447802591511 0.001214874173442126
60 120 0.05 0.1 60 65 144.6206546576381 0.002520962867180288
60 120 0.05 0.1 65 70 119.3484989886469 0.004900159983904473
60 120 0.05 0.1 70 80 181.9471296276703 0.002709238383914681
60 120 0.05 0.1 80 90 128.2603141543854 0.001713811547460864
60 120 0.05 0.1 90 100 92.15754546407334 0.001124980862059033
60 120 0.1 0.15 0 0.5 -0.8338169846102111 1.94593721069003e-05
60 120 0.1 0.15 0.5 1 -1133.800926473174 0.05391197791050217
60 120 0.1 0.15 1 1.5 -21.62248637391203 0.0004993781193611824
60 120 0.1 0.15 1.5 2 712.2059725261546 0.01221617682858778
60 120 0.1 0.15 2 2.5 870.9492171864498 0.004988515584500419
60 120 0.1 0.15 2.5 3 873.9569866384466 0.001953219935103334
60 120 0.1 0.15 3 3.5 829.3182086694333 0.040366768081185
60 120 0.1 0.15 3.5 4 771.4941364650286 0.03630741080121425
60 120 0.1 0.15 4 4.5 712.6534685107845 0.03264656121098142
60 120 0.1 0.15 4.5 5 657.1800134285845 0.02941789758665436
60 120 0.1 0.15 5 5.5 606.4330937234885 0.02664205267217312
60 120 0.1 0.15 5.5 6 560.6001121301423 0.02421212633771574
60 120 0.1 0.15 6 6.5 519.4021812336234 0.02210561231356678
60 120 0.1 0.15 6.5 7 482.4068012729995 0.02028514905697421
60 120 0.1 0.15 7 7.5 449.1552060288019 0.01865661805692298
60 120 0.1 0.15 7.5 8 419.2024365573796 0.01722682510836648
60 120 0.1 0.15 8 8.5 392.1491620491119 0.01594033173489606
60 120 0.1 0.15 8.5 9 367.6446462362017 0.01477348913897458
60 120 0.1 0.15 9 9.5 345.3821054347038 0.0137463556306443
60 120 0.1 0.15 9.5 10 325.0972381550384 0.0128215227228452
60 120 0.1 0.15 10 10.5 306.561819715219 0.01439143845772151
60 120 0.1 0.15 10.5 11 289.5808311923847 0.0127046529419772
60 120 0.1 0.15 11 11.5 273.9811669570606 0.0109690480393283
60 120 0.1 0.15 11.5 12 259.6149385421709 0.009896838965289589
60 120 0.1 0.15 12 12.5 246.3527186042674 0.009314186358778898
60 120 0.1 0.15 12.5 13 234.0821946330521 0.008782698551158319
60 120 0.1 0.15 13 13.5 222.703761123345 0.008291399123123711
60 120 0.1 0.15 13.5 14 212.1319400443424 0.007831114065254496
60 120 0.1 0.15 14 14.5 202.2901191831069 0.007411468232078278
60 120 0.1 0.15 14.5 15 193.1119543163922 0.007025240304699309
60 120 0.1 0.15 15 16 361.0522408782774 0.01299423111771603
60 120 0.1 0.15 16 17 330.931169023152 0.01174290391423938
60 120 0.1 0.15 17 18 304.3578667311775 0.01065411071431299
60 120 0.1 0.15 18 19 280.7845330156339 0.009690329446584656
60 120 0.1 0.15 19 20 259.7682930858045 0.008843040576437033
60 120 0.1 0.15 20 21 240.9474131379351 0.008083528226705994
60 120 0.1 0.15 21 22 224.0223177448871 0.01044432676590645
60 120 0.1 0.15 22 23 208.7424614818714 0.008911845514489869
60 120 0.1 0.15 23 24 194.8980157257149 0.007678701937265942
60 120 0.1 0.15 24 25 182.3119476823908 0.006557506512507416
60 120 0.1 0.15 25 26 170.8348682764835 0.005688927583037184
60 120 0.1 0.15 26 27 160.3390169935348 0.00492926889828027
60 120 0.1 0.15 27 28 150.7150941244811 0.004563612855889687
60 120 0.1 0.15 28 29 141.8684357824131 0.004232777772983809
60 120 0.1 0.15 29 30 133.7170955072434 0.003926908620002223
60 120 0.1 0.15 30 31 126.189305100234 0.003647514585708223
60 120 0.1 0.15 31 32 119.223024352254 0.003394610330843761
60 120 0.1 0.15 32 33 112.7637223844194 0.003157365390549671
60 120 0.1 0.15 33 34 106.763482312167 0.002941805200336489
60 120 0.1 0.15 34 35 101.1801654068054 0.002745100892767027
60 120 0.1 0.15 35 36 95.97639886473237 0.002560992631131853
60 120 0.1 0.15 36 37 91.11905634081265 0.002391176446991494
60 120 0.1 0.15 37 38 86.57804425931531 0.002235712644662158
60 120 0.1 0.15 38 39 82.32691310578529 0.002091896793814385
60 120 0.1 0.15 39 40 78.34194080734204 0.001956925584821079
60 120 0.1 0.15 40 42 145.6884374816041 0.006696890881244144
60 120 0.1 0.15 42 44 132.4469948937663 0.005314366329400855
60 120 0.1 0.15 44 46 120.6929186018692 0.004157767566482562
60 120 0.1 0.15 46 48 110.2190479116718 0.003264896779342052
60 120 0.1 0.15 48 50 100.8526650348213 0.002542194720064117
60 120 0.1 0.15 50 52 92.44959410285659 0.001919264994114656
60 120 0.1 0.15 52 54 84.88884656572455 0.001702464213053645
60 120 0.1 0.15 54 56 78.06810433871034 0.001518654495626492
60 120 0.1 0.15 56 58 71.90017850692733 0.001356455387011124
60 120 0.1 0.15 58 60 66.31010384729261 0.001214313844130288
60 120 0.1 0.15 60 65 144.5493286042612 0.002520085165571118
60 120 0.1 0.15 65 70 119.293396723938 0.004898179379992484
60 120 0.1 0.15 70 80 181.8687992274209 0.002707951468153169
60 120 0.1 0.15 80 90 128.202541621313 0.00171394389968782
60 120 0.1 0.15 90 100 92.11101858016782 0.001124917809562476
60 120 0.15 0.2 0 0.5 -0.8329189311056057 1.910273657634853e-05
60 120 0.15 0.2 0.5 1 -1130.886045789268 0.02845327485056259
60 120 0.15 0.2 1 1.5 -19.49249507997027 0.000785041678966536
60 120 0.15 0.2 1.5 2 712.8990481880491 0.002568411115248637
60 120 0.15 0.2 2 2.5 871.1349051128184 0.01058311774670528
60 120 0.15 0.2 2.5 3 873.9218494483334 0.01159006308625976
60 120 0.15 0.2 3 3.5 829.158082055957 0.04022397584469672
60 120 0.15 0.2 3.5 4 771.256936573576 0.03618620862266653
60 120 0.15 0.2 4 4.5 712.3866811069512 0.03258220104623888
60 120 0.15 0.2 4.5 5 656.8977360613185 0.02943090858548203
60 120 0.15 0.2 5 5.5 606.1488484043573 0.02665979993912515
60 120 0.15 0.2 5.5 6 560.3145072900339 0.02424591805572618
60 120 0.15 0.2 6 6.5 519.1197272138744 0.02213708577676243
60 120 0.15 0.2 6.5 7 482.1324534915289 0.02025492691950603
60 120 0.15 0.2 7 7.5 448.8880320375107 0.01863149331416025
60 120 0.15 0.2 7.5 8 418.9429313133332 0.01718174000637873
60 120 0.15 0.2 8 8.5 391.898402598834 0.01590377362913387
60 120 0.15 0.2 8.5 9 367.4015480557657 0.01477740850145892
60 120 0.15 0.2 9 9.5 345.1464580557563 0.01374590039921486
60 120 0.15 0.2 9.5 10 324.8698288195085 0.01281789053177818
60 120 0.15 0.2 10 10.5 306.3436669729966 0.01454397831940923
60 120 0.15 0.2 10.5 11 289.3705393252109 0.01258883664058885
60 120 0.15 0.2 11 11.5 273.7790562772408 0.01105186943675562
60 120 0.15 0.2 11.5 12 259.4202665120096 0.009876974909786895
60 120 0.15 0.2 12 12.5 246.1650887739192 0.00929994922708488
60 120 0.15 0.2 12.5 13 233.9001940725603 0.00876680694125298
60 120 0.15 0.2 13 13.5 222.5280778204141 0.008286848833392924
60 120 0.15 0.2 13.5 14 211.9619214677668 0.00782894641812959
60 120 0.15 0.2 14 14.5 202.1260007748735 0.007410899393164527
60 120 0.15 0.2 14.5 15 192.9537062994731 0.007022861613080522
60 120 0.15 0.2 15 16 360.7521208537051 0.0129923785764845
60 120 0.15 0.2 16 17 330.6508555453061 0.01172850086123844
60 120 0.15 0.2 17 18 304.0947768468567 0.01063796400057981
60 120 0.15 0.2 18 19 280.5375018996602 0.009671825696955239
60 120 0.15 0.2 19 20 259.5365060309713 0.008830343905970039
60 120 0.15 0.2 20 21 240.7306908045679 0.008074182716740097
60 120 0.15 0.2 21 22 223.8190686487326 0.0105227986677221
60 120 0.15 0.2 22 23 208.5507880995629 0.008871213698256497
60 120 0.15 0.2 23 24 194.7169953689011 0.007669532164754855
60 120 0.15 0.2 24 25 182.1407383862131 0.006530698859791073
60 120 0.15 0.2 25 26 170.67314970215 0.005660368968506191
60 120 0.15 0.2 26 27 160.1864749309983 0.004928010688786344
60 120 0.15 0.2 27 28 150.5714215149985 0.004558279470558091
60 120 0.15 0.2 28 29 141.7331019921741 0.004229591996988802
60 120 0.15 0.2 29 30 133.5892836126037 0.003926181407706508
60 120 0.15 0.2 30 31 126.0685414006302 0.003645670601997608
60 120 0.15 0.2 31 32 119.1089339673407 0.003393616925379206
60 120 0.15 0.2 32 33 112.6558528487355 0.003158236625836253
60 120 0.15 0.2 33 34 106.6616637034614 0.00294219836449372
60 120 0.15 0.2 34 35 101.0841065890527 0.00274350387270772
60 120 0.15 0.2 35 36 95.88594855881391 0.002560963176563291
60 120 0.15 0.2 36 37 91.03351434620313 0.002391992559012124
60 120 0.15 0.2 37 38 86.49711122617458 0.002234488718926286
60 120 0.15 0.2 38 39 82.25032636334299 0.002091188920090303
60 120 0.15 0.2 39 40 78.26926265267232 0.001957054291239047
60 120 0.15 0.2 40 42 145.5545418796106 0.006714524414718426
60 120 0.15 0.2 42 44 132.3271536227894 0.005237592637456601
60 120 0.15 0.2 44 46 120.5862248215266 0.004177108478387481
60 120 0.15 0.2 46 48 110.1237180208839 0.003291429088221776
60 120 0.15 0.2 48 50 100.7670859339071 0.002521037302940954
60 120 0.15 0.2 50 52 92.37275946818266 0.00192725955994888
60 120 0.15 0.2 52 54 84.81987242015683 0.001701662076314392
60 120 0.15 0.2 54 56 78.00640619583761 0.001518166806377508
60 120 0.15 0.2 56 58 71.84492912877208 0.001355183609049959
60 120 0.15 0.2 58 60 66.26022622405141 0.001214229540082101
60 120 0.15 0.2 60 65 144.4433959553846 0.002519311848772077
60 120 0.15 0.2 65 70 119.2088681700497 0.004841113093974059
60 120 0.15 0.2 70 80 181.7413398535987 0.00270769895041667
60 120 0.15 0.2 80 90 128.1104190370892 0.001713290466739181
60 120 0.15 0.2 90 100 92.04074864320172 0.001124597001165739
60 120 0.2 0.25 0 0.5 -0.8317763446299051 1.922450363389672e-05
60 120 0.2 0.25 0.5 1 -1127.314175365626 0.01292072363798979
60 120 0.2 0.25 1 1.5 -16.96088609960341 0.0002626915280998787
60 120 0.2 0.25 1.5 2 713.5433450867156 0.02735526821049916
60 120 0.2 0.25 2 2.5 871.0802451622401 0.02394089967322088
60 120 0.2 0.25 2.5 3 873.6072331108412 0.02408678704500744
60 120 0.2 0.25 3 3.5 828.7373190026165 0.04050489948440372
60 120 0.2 0.25 3.5 4 770.784715320054 0.03628971819853177
60 120 0.2 0.25 4 4.5 711.8928845299386 0.03262957077379269
60 120 0.2 0.25 4.5 5 656.400197363183 0.02943363197982762
60 120 0.2 0.25 5 5.5 605.6549525358366 0.02668956035142855
60 120 0.2 0.25 5.5 6 559.8322097438318 0.02427939419430913
60 120 0.2 0.25 6 6.5 518.6528558853712 0.02217775796225396
60 120 0.2 0.25 6.5 7 481.6850566609992 0.02031159497755652
60 120 0.2 0.25 7 7.5 448.460033929185 0.01869053962309408
60 120 0.2 0.25 7.5 8 418.5336604748675 0.01723899188175437
60 120 0.2 0.25 8 8.5 391.5061031776686 0.01594841929005497
60 120 0.2 0.25 8.5 9 367.0256012826803 0.01479643319891011
60 120 0.2 0.25 9 9.5 344.7860386343781 0.01374661842146452
60 120 0.2 0.25 9.5 10 324.5244840836244 0.01282342012564186
60 120 0.2 0.25 10 10.5 306.0141141843231 0.01465438213261905
60 120 0.2 0.25 10.5 11 289.0547593828529 0.01252182518567224
60 120 0.2 0.25 11 11.5 273.4766141107091 0.0110450142211107
60 120 0.2 0.25 11.5 12 259.1300286889142 0.009902975882368992
60 120 0.2 0.25 12 12.5 245.8862527957135 0.009315438998044101
60 120 0.2 0.25 12.5 13 233.6323655535914 0.0087715874399521
60 120 0.2 0.25 13 13.5 222.270695557054 0.008284458080879631
60 120 0.2 0.25 13.5 14 211.7145506546149 0.007831329731857295
60 120 0.2 0.25 14 14.5 201.8891384036113 0.007411984637315072
60 120 0.2 0.25 14.5 15 192.7262516916914 0.007021455205290295
60 120 0.2 0.25 15 16 360.3237896456984 0.01299522195972713
60 120 0.2 0.25 16 17 330.2537802009816 0.0117458201503382
60 120 0.2 0.25 17 18 303.7251151637268 0.01064308922707369
60 120 0.2 0.25 18 19 280.1932262344691 0.009681202979379577
60 120 0.2 0.25 19 20 259.2169741696212 0.008826156341569913
60 120 0.2 0.25 20 21 240.4335086515954 0.008070813718234149
60 120 0.2 0.25 21 22 223.5415881363286 0.01043962459803538
60 120 0.2 0.25 22 23 208.2915829146246 0.008946203339945669
60 120 0.2 0.25 23 24 194.4740081174688 0.007571697111842468
60 120 0.2 0.25 24 25 181.9133532355634 0.006569530190660089
60 120 0.2 0.25 25 26 170.4599679964647 0.005575921910093484
60 120 0.2 0.25 26 27 159.9870880703952 0.004926174345683876
60 120 0.2 0.25 27 28 150.3843384493841 0.004559923232022811
60 120 0.2 0.25 28 29 141.5572413815765 0.00422527537938322
60 120 0.2 0.25 29 30 133.4235561939402 0.003923698080058102
60 120 0.2 0.25 30 31 125.9125466598545 0.003644320967126191
60 120 0.2 0.25 31 32 118.9619011284146 0.003387824459750277
60 120 0.2 0.25 32 33 112.517570107613 0.003155852694931127
60 120 0.2 0.25 33 34 106.5317749499985 0.002940627906966142
60 120 0.2 0.25 34 35 100.9623177173466 0.002740272394660792
60 120 0.2 0.25 35 36 95.77133486613053 0.002558242850781767
60 120 0.2 0.25 36 37 90.92548669779653 0.002389942229555686
60 120 0.2 0.25 37 38 86.39529276584149 0.002232284130087692
60 120 0.2 0.25 38 39 82.15410589864119 0.002088601824240754
60 120 0.2 0.25 39 40 78.17840553067668 0.001956186123763359
60 120 0.2 0.25 40 42 145.3875808281585 0.006647557527855952
60 120 0.2 0.25 42 44 132.1785955440419 0.005296613444812692
60 120 0.2 0.25 44 46 120.453474025486 0.004174307658630028
60 120 0.2 0.25 46 48 110.0044138676968 0.003288612455520479
60 120 0.2 0.25 48 50 100.6595645311212 0.00254480701798343
60 120 0.2 0.25 50 52 92.27558191977076 0.001912090995517701
60 120 0.2 0.25 52 54 84.73227209666368 0.001701173444700999
60 120 0.2 0.25 54 56 77.92718292054911 0.001516652298107601
60 120 0.2 0.25 56 58 71.77271520426686 0.001354888692574718
60 120 0.2 0.25 58 60 66.19399251533008 0.001213388153303185
60 120 0.2 0.25 60 65 144.3000250486662 0.002517616371505937
60 120 0.2 0.25 65 70 119.0917477041421 0.004661149784965346
60 120 0.2 0.25 70 80 181.5608238586815 0.002706222333273445
60 120 0.2 0.25 80 90 127.9820080081894 0.001712452079360105
60 120 0.2 0.25 90 100 91.94600525018191 0.001124372054860601
60 120 0.25 0.3 0 0.5 -0.830364392118475 1.936945484481978e-05
60 120 0.25 0.3 0.5 1 -1123.945838671252 0.0297714432349494
60 120 0.25 0.3 1 1.5 -15.20779304274344 0.0001414462349895729
60 120 0.25 0.3 1.5 2 713.5267033077804 0.002279431619399475
60 120 0.25 0.3 2 2.5 870.4440206868187 0.03103799825021269
60 120 0.25 0.3 2.5 3 872.7357840664649 0.02273189358641048
60 120 0.25 0.3 3 3.5 827.8017745693707 0.04026552619598078
60 120 0.25 0.3 3.5 4 769.8601278252551 0.03621074260490786
60 120 0.25 0.3 4 4.5 711.0140645973461 0.032560797927772
60 120 0.25 0.3 4.5 5 655.5680041524461 0.02933523546300876
60 120 0.25 0.3 5 5.5 604.8664133120648 0.02655890038283815
60 120 0.25 0.3 5.5 6 559.0847497087179 0.02413227578654187
60 120 0.25 0.3 6 6.5 517.9473254939396 0.02207269400935274
60 120 0.25 0.3 6.5 7 481.0194432935014 0.02021708025483804
60 120 0.25 0.3 7 7.5 447.8313988710121 0.01860803191220839
60 120 0.25 0.3 7.5 8 417.9401879820709 0.01719040779886427
60 120 0.25 0.3 8 8.5 390.944789809222 0.01587880349399029
60 120 0.25 0.3 8.5 9 366.4933122235613 0.01474061772984214
60 120 0.25 0.3 9 9.5 344.2826766002765 0.01373233776706684
60 120 0.25 0.3 9.5 10 324.0490676516537 0.01279025088251728
60 120 0.25 0.3 10 10.5 305.5633976222006 0.01445428696996487
60 120 0.25 0.3 10.5 11 288.6278806009554 0.01266984373950208
60 120 0.25 0.3 11 11.5 273.0706055093412 0.01093176293824172
60 120 0.25 0.3 11.5 12 258.7438735893743 0.009866932475460999
60 120 0.25 0.3 12 12.5 245.5177081793513 0.009293489656329257
60 120 0.25 0.3 12.5 13 233.2809808726406 0.008770640946465846
60 120 0.25 0.3 13 13.5 221.9350570146792 0.008273505698468853
60 120 0.25 0.3 13.5 14 211.3949963028919 0.007817326931842672
60 120 0.25 0.3 14 14.5 201.5840021001215 0.007401152549931567
60 120 0.25 0.3 14.5 15 192.4349149416122 0.007017177926769591
60 120 0.25 0.3 15 16 359.7782420810862 0.01296535053990056
60 120 0.25 0.3 16 17 329.7524056506011 0.01171701372715006
60 120 0.25 0.3 17 18 303.2634036400775 0.01062946299225587
60 120 0.25 0.3 18 19 279.7681038511944 0.009668708787160085
60 120 0.25 0.3 19 20 258.8256701314661 0.008828615981542498
60 120 0.25 0.3 20 21 240.071577207434 0.008064136393841181
60 120 0.25 0.3 21 22 223.2058943178567 0.01041088910497479
60 120 0.25 0.3 22 23 207.9793487007248 0.008895696972388123
60 120 0.25 0.3 23 24 194.1834145504205 0.007582343551604254
60 120 0.25 0.3 24 25 181.6426470618125 0.006466277194647319
60 120 0.25 0.3 25 26 170.2083292860293 0.005641643353868631
60 120 0.25 0.3 26 27 159.7523818169431 0.00492170886784038
60 120 0.25 0.3 27 28 150.1650840565628 0.004554841919969022
60 120 0.25 0.3 28 29 141.3516729283926 0.0042225633271471
60 120 0.25 0.3 29 30 133.2307817638614 0.00392152328879547
60 120 0.25 0.3 30 31 125.7313315065071 0.003639828451198923
60 120 0.25 0.3 31 32 118.791758740751 0.003387170948570883
60 120 0.25 0.3 32 33 112.3579000554344 0.003153786908015377
60 120 0.25 0.3 33 34 106.3818480934837 0.002935667965971334
60 120 0.25 0.3 34 35 100.8211336012136 0.002739304446848223
60 120 0.25 0.3 35 36 95.63818535821895 0.002557230187562709
60 120 0.25 0.3 36 37 90.79994460752188 0.00238679585336854
60 120 0.25 0.3 37 38 86.27665121918504 0.002231838488356175
60 120 0.25 0.3 38 39 82.04204019119501 0.002088159487300345
60 120 0.25 0.3 39 40 78.07255538824273 0.001953977629995052
60 120 0.25 0.3 40 42 145.1931809899363 0.006618837397866173
60 120 0.25 0.3 42 44 132.0045707875337 0.005312482719034506
60 120 0.25 0.3 44 46 120.2964674029666 0.004231087927010435
60 120 0.25 0.3 46 48 109.8619125967066 0.003278552617558717
60 120 0.25 0.3 48 50 100.529854455706 0.002520412929143845
60 120 0.25 0.3 50 52 92.15759569936685 0.001910122910445011
60 120 0.25 0.3 52 54 84.62461335668291 0.001700251432637856
60 120 0.25 0.3 54 56 77.82825733975734 0.001515259081429576
60 120 0.25 0.3 56 58 71.68134011286796 0.001354092455514433
60 120 0.25 0.3 58 60 66.10947661585881 0.001212205511620823
60 120 0.25 0.3 60 65 144.1157190364866 0.002515895897573728
60 120 0.25 0.3 65 70 118.9396010726238 0.00460265263231463
60 120 0.25 0.3 70 80 181.3273292069909 0.00270458428124698
60 120 0.25 0.3 80 90 127.8162781859937 0.001711716817780484
60 120 0.25 0.3 90 100 91.82582154105772 0.001124105085096971
60 120 0.3 0.35 0 0.5 -0.8285984606670462 1.907281219115653e-05
60 120 0.3 0.35 0.5 1 -1121.126169844431 0.01127167317326894
60 120 0.3 0.35 1 1.5 -14.48808046638494 0.0004468565994422136
60 120 0.3 0.35 1.5 2 712.6498962781444 0.008410588985157119
60 120 0.3 0.35 2 2.5 869.156854112514 0.008434788740601107
60 120 0.3 0.35 2.5 3 871.3621364319048 0.006928239587409735
60 120 0.3 0.35 3 3.5 826.436047973669 0.04032941639809451
60 120 0.3 0.35 3.5 4 768.5541757560327 0.03620327378143884
60 120 0.3 0.35 4 4.5 709.7937371937668 0.032579449172772
60 120 0.3 0.35 4.5 5 654.4373856354098 0.0294043294658195
60 120 0.3 0.35 5 5.5 603.8207333941513 0.02664761613311839
60 120 0.3 0.35 5.5 6 558.1171120717541 0.02424733073473817
60 120 0.3 0.35 6 6.5 517.051745289428 0.02207812975268553
60 120 0.3 0.35 6.5 7 480.1874478068558 0.02026360918608816
60 120 0.3 0.35 7 7.5 447.0559826876862 0.01860167627586407
60 120 0.3 0.35 7.5 8 417.2147545657913 0.01716321308049373
60 120 0.3 0.35 8 8.5 390.2640528864104 0.0159178389589556
60 120 0.3 0.35 8.5 9 365.854076091008 0.01474867482534137
60 120 0.3 0.35 9 9.5 343.682066955446 0.01372813436802289
60 120 0.3 0.35 9.5 10 323.4846792103817 0.01281744919725725
60 120 0.3 0.35 10 10.5 305.0314532212075 0.0143768465961216
60 120 0.3 0.35 10.5 11 288.1258811557427 0.01263444125453361
60 120 0.3 0.35 11 11.5 272.5959728843604 0.01097187929354959
60 120 0.3 0.35 11.5 12 258.2939659824148 0.009871710355128016
60 120 0.3 0.35 12 12.5 245.0911595299744 0.009284785483714586
60 120 0.3 0.35 12.5 13 232.8762014968001 0.00876418146279434
60 120 0.3 0.35 13 13.5 221.5514206999878 0.008272155124075198
60 120 0.3 0.35 13.5 14 211.0310122945554 0.007815202808330923
60 120 0.3 0.35 14 14.5 201.2379711767515 0.00739852119426132
60 120 0.3 0.35 14.5 15 192.1056635639341 0.00701454352622477
60 120 0.3 0.35 15 16 359.1636274477604 0.01296623812658027
60 120 0.3 0.35 16 17 329.1902864107964 0.01171349842269365
60 120 0.3 0.35 17 18 302.7486169879234 0.01061255570982667
60 120 0.3 0.35 18 19 279.2967247455882 0.00965594305284867
60 120 0.3 0.35 19 20 258.3920190871121 0.008804404251236519
60 120 0.3 0.35 20 21 239.6714753894813 0.008058627486860814
60 120 0.3 0.35 21 22 222.8354933478046 0.01046409563224415
60 120 0.3 0.35 22 23 207.635568149105 0.008800638758401647
60 120 0.3 0.35 23 24 193.864277784397 0.007570453834944146
60 120 0.3 0.35 24 25 181.3462601406883 0.006451941190448451
60 120 0.3 0.35 25 26 169.9326181193715 0.005639621601943645
60 120 0.3 0.35 26 27 159.4949441259541 0.004914248965974366
60 120 0.3 0.35 27 28 149.9239405222393 0.004548865442899341
60 120 0.3 0.35 28 29 141.1255045792716 0.004218579790574495
60 120 0.3 0.35 29 30 133.0183857154609 0.003916327509728035
60 120 0.3 0.35 30 31 125.531861769301 0.003636706415989011
60 120 0.3 0.35 31 32 118.6045116452409 0.003385593848179269
60 120 0.3 0.35 32 33 112.1817813606073 0.003150613872094254
60 120 0.3 0.35 33 34 106.2157685969465 0.002934310615884783
60 120 0.3 0.35 34 35 100.6640222589776 0.002737899274094957
60 120 0.3 0.35 35 36 95.48943714050969 0.002554543087128991
60 120 0.3 0.35 36 37 90.65878455719395 0.002384711260049244
60 120 0.3 0.35 37 38 86.14268957211885 0.002230070898988856
60 120 0.3 0.35 38 39 81.91493235563502 0.002085463893720885
60 120 0.3 0.35 39 40 77.95188779285917 0.001951406429142821
60 120 0.3 0.35 40 42 144.9699062148048 0.006724044093658677
60 120 0.3 0.35 42 44 131.8019287228741 0.005328982090986756
60 120 0.3 0.35 44 46 120.1114495341269 0.004201172287295662
60 120 0.3 0.35 46 48 109.6924923703977 0.003288010609082903
60 120 0.3 0.35 48 50 100.3746436806174 0.002485887484098726
60 120 0.3 0.35 50 52 92.01538173003834 0.001933945002051018
60 120 0.3 0.35 52 54 84.49359925161308 0.001698297369458146
60 120 0.3 0.35 54 56 77.70715516806601 0.001514010665786714
60 120 0.3 0.35 56 58 71.56931728989565 0.001353100319533951
60 120 0.3 0.35 58 60 66.00592764472339 0.001211414029839375
60 120 0.3 0.35 60 65 143.8903548758302 0.002513521536599228
60 120 0.3 0.35 65 70 118.7523653830424 0.004669931765178603
60 120 0.3 0.35 70 80 181.0412186624149 0.002702537841116737
60 120 0.3 0.35 80 90 127.6132501488296 0.001710792938268924
60 120 0.3 0.35 90 100 91.67931720351336 0.001123507168571791
60 120 0.35 0.4 0 0.5 -0.8265892229066504 1.863000478341537e-05
60 120 0.35 0.4 0.5 1 -1118.41306443908 0.04101126363048024
60 120 0.35 0.4 1 1.5 -13.89752616805234 4.854813592558571e-05
60 120 0.35 0.4 1.5 2 711.5901169473049 0.003505228443373198
60 120 0.35 0.4 2 2.5 867.6883189061986 0.02580113044325572
60 120 0.35 0.4 2.5 3 869.8467879782385 0.01870107782019659
60 120 0.35 0.4 3 3.5 824.9711514946939 0.04028770427078143
60 120 0.35 0.4 3.5 4 767.1791334538593 0.03629796403743057
60 120 0.35 0.4 4 4.5 708.511142580174 0.03258030405220325
60 120 0.35 0.4 4.5 5 653.2442484399846 0.02938939895761905
60 120 0.35 0.4 5 5.5 602.7125526456975 0.02656857239389865
60 120 0.35 0.4 5.5 6 557.0922775209471 0.02415474691531472
60 120 0.35 0.4 6 6.5 516.1067873052981 0.0220825701552485
60 120 0.35 0.4 6.5 7 479.3136663602928 0.02020703714981664
60 120 0.35 0.4 7 7.5 446.2455423157739 0.01861319703954223
60 120 0.35 0.4 7.5 8 416.4587722531147 0.01714208492808211
60 120 0.35 0.4 8 8.5 389.5572838914156 0.01584242566110561
60 120 0.35 0.4 8.5 9 365.1935139972077 0.01471517151981061
60 120 0.35 0.4 9 9.5 343.0639594313783 0.01367048386845227
60 120 0.35 0.4 9.5 10 322.904231507304 0.01274953683741842
60 120 0.35 0.4 10 10.5 304.4856325787342 0.01455358661303308
60 120 0.35 0.4 10.5 11 287.6104482248655 0.01250600277467129
60 120 0.35 0.4 11 11.5 272.1085467260141 0.01106302427558603
60 120 0.35 0.4 11.5 12 257.8314694142259 0.00985054238583416
60 120 0.35 0.4 12 12.5 244.6529085483803 0.009274739922148001
60 120 0.35 0.4 12.5 13 232.460582109431 0.008738871819161886
60 120 0.35 0.4 13 13.5 221.1577670297286 0.008244983588326704
60 120 0.35 0.4 13.5 14 210.6565920316129 0.007800995242405406
60 120 0.35 0.4 14 14.5 200.8818221481986 0.007386818420059171
60 120 0.35 0.4 14.5 15 191.7656339844491 0.006996137100344413
60 120 0.35 0.4 15 16 358.5287969573391 0.01294243292778674
60 120 0.35 0.4 16 17 328.6094310992121 0.01170402214916066
60 120 0.35 0.4 17 18 302.2166479931259 0.01060762664991444
60 120 0.35 0.4 18 19 278.8083590489192 0.009654247262403715
60 120 0.35 0.4 19 20 257.9412536249919 0.008798555928706264
60 120 0.35 0.4 20 21 239.2533617546325 0.008051196803194216
60 120 0.35 0.4 21 22 222.4466232208141 0.01041331752782071
60 120 0.35 0.4 22 23 207.2733722714733 0.00882766760952336
60 120 0.35 0.4 23 24 193.526716196269 0.007466775009049798
60 120 0.35 0.4 24 25 181.0316605322216 0.006544545436867111
60 120 0.35 0.4 25 26 169.6377173716781 0.005606057348273907
60 120 0.35 0.4 26 27 159.2179854895596 0.004922365865070333
60 120 0.35 0.4 27 28 149.6631211371267 0.004547607883637284
60 120 0.35 0.4 28 29 140.8797015090244 0.004213291167275202
60 120 0.35 0.4 29 30 132.7863676095869 0.003911599445899583
60 120 0.35 0.4 30 31 125.3131926450416 0.003633602328079633
60 120 0.35 0.4 31 32 118.3978354581233 0.003378506167109663
60 120 0.35 0.4 32 33 111.9859826127852 0.003146665149884598
60 120 0.35 0.4 33 34 106.029688440305 0.002930745138286284
60 120 0.35 0.4 34 35 100.4871026845442 0.002733294388775676
60 120 0.35 0.4 35 36 95.32095902334038 0.002551371667166791
60 120 0.35 0.4 36 37 90.4982440509536 0.002382417093073741
60 120 0.35 0.4 37 38 85.98976045074149 0.002226909115577769
60 120 0.35 0.4 38 39 81.76921567525645 0.002083030518875262
60 120 0.35 0.4 39 40 77.81308973348294 0.001949576887312787
60 120 0.35 0.4 40 42 144.7105199014456 0.006690682203725373
60 120 0.35 0.4 42 44 131.5643584923441 0.005337974186147676
60 120 0.35 0.4 44 46 119.8935481959902 0.004170145072464493
60 120 0.35 0.4 46 48 109.4928571773764 0.003212119227868016
60 120 0.35 0.4 48 50 100.192051055212 0.002549231036212518
60 120 0.35 0.4 50 52 91.84741615360481 0.001926693988536954
60 120 0.35 0.4 52 54 84.33857072900486 0.001696764346519331
60 120 0.35 0.4 54 56 77.56389504357166 0.001512546537568937
60 120 0.35 0.4 56 58 71.43706731132922 0.001351311794508092
60 120 0.35 0.4 58 60 65.88404678034829 0.001210002572364033
60 120 0.35 0.4 60 65 143.6238289506193 0.002511561476268298
60 120 0.35 0.4 65 70 118.5306820341393 0.004777568493736339
60 120 0.35 0.4 70 80 180.702662976239 0.002700479665463718
60 120 0.35 0.4 80 90 127.3732536093717 0.001709820356381897
60 120 0.35 0.4 90 100 91.5060237382755 0.001122996622683559
60 120 0.4 0.45 0 0.5 -0.8244238172458298 1.918049282467749e-05
60 120 0.4 0.45 0.5 1 -1114.55662956461 0.01070187484469898
60 120 0.4 0.45 1 1.5 -11.91437826365718 0.0002792842073500168
60 120 0.4 0.45 1.5 2 711.4403337293851 0.002661181653138556
60 120 0.4 0.45 2 2.5 866.8465338233128 0.04009130953488693
60 120 0.4 0.45 2.5 3 868.774932609386 0.02716653894481169
60 120 0.4 0.45 3 3.5 823.8403934040588 0.04015399396780595
60 120 0.4 0.45 3.5 4 766.0746522764881 0.03596492033477716
60 120 0.4 0.45 4 4.5 707.4542103321534 0.03243191789999855
60 120 0.4 0.45 4.5 5 652.2405000851293 0.02925256409207577
60 120 0.4 0.45 5 5.5 601.762487292887 0.02659717487586022
60 120 0.4 0.45 5.5 6 556.1982611252332 0.02414894753133012
60 120 0.4 0.45 6 6.5 515.2668443769551 0.02206936749666966
60 120 0.4 0.45 6.5 7 478.5246304846613 0.02020593102417934
60 120 0.4 0.45 7 7.5 445.5035118395122 0.0185757208355426
60 120 0.4 0.45 7.5 8 415.760742466677 0.01716527063740614
60 120 0.4 0.45 8 8.5 388.90012155952 0.01587578690282498
60 120 0.4 0.45 8.5 9 364.575363028399 0.01474336230637618
60 120 0.4 0.45 9 9.5 342.4816724955403 0.01371642980467414
60 120 0.4 0.45 9.5 10 322.3534639060998 0.01277863391726441
60 120 0.4 0.45 10 10.5 303.9639255095727 0.01456795365334074
60 120 0.4 0.45 10.5 11 287.1144991791714 0.01257176328249443
60 120 0.4 0.45 11 11.5 271.6359835813204 0.01092723469349721
60 120 0.4 0.45 11.5 12 257.3819006264908 0.009849648862484628
60 120 0.4 0.45 12 12.5 244.2247097943119 0.009272150108529331
60 120 0.4 0.45 12.5 13 232.0533618284892 0.008747195887877979
60 120 0.4 0.45 13 13.5 220.7687680043532 0.008258338116945652
60 120 0.4 0.45 13.5 14 210.2846080479425 0.007805604453324122
60 120 0.4 0.45 14 14.5 200.5251700087197 0.007388098790215736
60 120 0.4 0.45 14.5 15 191.4232845355539 0.007002257655955191
60 120 0.4 0.45 15 16 357.8837176568534 0.0129398573188837
60 120 0.4 0.45 16 17 328.0135069811101 0.01169353413121144
60 120 0.4 0.45 17 18 301.6658757687343 0.01059888972781664
60 120 0.4 0.45 18 19 278.2968699525476 0.009643538895431902
60 120 0.4 0.45 19 20 257.4646726364156 0.008797989268998663
60 120 0.4 0.45 20 21 238.8077069012482 0.008043883471913205
60 120 0.4 0.45 21 22 222.0290458113365 0.01029822876355979
60 120 0.4 0.45 22 23 206.8823311570773 0.008764795089859945
60 120 0.4 0.45 23 24 193.1602588249617 0.007542622027216339
60 120 0.4 0.45 24 25 180.6865411369258 0.006499979148600232
60 120 0.4 0.45 25 26 169.3120967328139 0.005656372657455222
60 120 0.4 0.45 26 27 158.9098745234961 0.004903002729548689
60 120 0.4 0.45 27 28 149.3715971829166 0.0045397067991928
60 120 0.4 0.45 28 29 140.6035973328721 0.004207887845154801
60 120 0.4 0.45 29 30 132.525475330034 0.003906133868667894
60 120 0.4 0.45 30 31 125.0659642647868 0.003628578248921599
60 120 0.4 0.45 31 32 118.1631499191398 0.003373689550500103
60 120 0.4 0.45 32 33 111.7627355355676 0.003141091128796347
60 120 0.4 0.45 33 34 105.8172001867603 0.002925859065442182
60 120 0.4 0.45 34 35 100.2846578414353 0.002728671663646765
60 120 0.4 0.45 35 36 95.12796450136544 0.002547513598671003
60 120 0.4 0.45 36 37 90.3145047043829 0.002378831613000898
60 120 0.4 0.45 37 38 85.81481261477276 0.002224136977076796
60 120 0.4 0.45 38 39 81.60253251572034 0.002080910105817679
60 120 0.4 0.45 39 40 77.65388466418392 0.001947415511452277
60 120 0.4 0.45 40 42 144.4126217221573 0.006680639087534246
60 120 0.4 0.45 42 44 131.2912871222456 0.005267036807936165
60 120 0.4 0.45 44 46 119.6432966479827 0.00411451656505335
60 120 0.4 0.45 46 48 109.263957015817 0.003249372661585426
60 120 0.4 0.45 48 50 99.98182297858527 0.002533047863721549
60 120 0.4 0.45 50 52 91.65372386890513 0.001939587146893018
60 120 0.4 0.45 52 54 84.15983353260526 0.001694685506919313
60 120 0.4 0.45 54 56 77.39906485625389 0.001510647790752273
60 120 0.4 0.45 56 58 71.28525182413271 0.001349875555504809
60 120 0.4 0.45 58 60 65.74387449517914 0.001208530448920442
60 120 0.4 0.45 60 65 143.3160850141983 0.002508600408191342
60 120 0.4 0.45 65 70 118.2754849239447 0.004846112061670738
60 120 0.4 0.45 70 80 180.3117858655804 0.002698476879743339
60 120 0.4 0.45 80 90 127.096599566952 0.001708534363842773
60 120 0.4 0.45 90 100 91.30624566410651 0.001122286086271629
60 120 0.45 0.5 0 0.5 -0.8218917462810351 1.938554924818536e-05
60 120 0.45 0.5 0.5 1 -1108.687430890972 0.02147962806429859
60 120 0.45 0.5 1 1.5 -7.915176105909594 0.0001178808788759866
60 120 0.45 0.5 1.5 2 712.4054749127704 0.003839117879238074
60 120 0.45 0.5 2 2.5 866.7504637386897 0.007838363118139569
60 120 0.45 0.5 2.5 3 868.2092874307507 0.007304794421543193
60 120 0.45 0.5 3 3.5 823.0602159303045 0.04039405339324276
60 120 0.45 0.5 3.5 4 765.2115444223385 0.03633998779059766
60 120 0.45 0.5 4 4.5 706.5673736337416 0.0325771849721832
60 120 0.45 0.5 4.5 5 651.3577513064599 0.02936741690280087
60 120 0.45 0.5 5 5.5 600.9009459411815 0.0265471925087013
60 120 0.45 0.5 5.5 6 555.3703670408802 0.02416604021289004
60 120 0.45 0.5 6 6.5 514.472333991159 0.02206705699904887
60 120 0.45 0.5 6.5 7 477.7636211132292 0.02023819460458753
60 120 0.45 0.5 7 7.5 444.7741587584093 0.01860991356591057
60 120 0.45 0.5 7.5 8 415.0630371272391 0.01715789059068129
60 120 0.45 0.5 8 8.5 388.2352923712316 0.01587170404604876
60 120 0.45 0.5 8.5 9 363.9429747416011 0.01471607028042854
60 120 0.45 0.5 9 9.5 341.879518171417 0.01368455808187719
60 120 0.45 0.5 9.5 10 321.7800573717079 0.01276973685867233
60 120 0.45 0.5 10 10.5 303.4154302249628 0.01438338064372147
60 120 0.45 0.5 10.5 11 286.5899491606742 0.01263204762750547
60 120 0.45 0.5 11 11.5 271.13377982348 0.01078540889307078
60 120 0.45 0.5 11.5 12 256.9019278496208 0.009847245854132325
60 120 0.45 0.5 12 12.5 243.7660720833584 0.009263311822792275
60 120 0.45 0.5 12.5 13 231.614417212546 0.008732218805363345
60 120 0.45 0.5 13 13.5 220.3473547981739 0.008238083746874736
60 120 0.45 0.5 13.5 14 209.8800464369534 0.007785742084593039
60 120 0.45 0.5 14 14.5 200.1358909773137 0.007369825544202513
60 120 0.45 0.5 14.5 15 191.0489684777626 0.006985531051299176
60 120 0.45 0.5 15 16 357.175986170973 0.01292104699422225
60 120 0.45 0.5 16 17 327.3575575366266 0.01167494074917386
60 120 0.45 0.5 17 18 301.0566297130063 0.01058216118860855
60 120 0.45 0.5 18 19 277.7284559089294 0.009622391383629747
60 120 0.45 0.5 19 20 256.9320794932549 0.008776957095847138
60 120 0.45 0.5 20 21 238.3084565245224 0.008025445331412584
60 120 0.45 0.5 21 22 221.5610114704982 0.01025906325236292
60 120 0.45 0.5 22 23 206.443724168844 0.008741671859951339
60 120 0.45 0.5 23 24 192.7480908195252 0.007583827969199319
60 120 0.45 0.5 24 25 180.2979139651518 0.00647678224092374
60 120 0.45 0.5 25 26 168.9450381962692 0.005617665522947846
60 120 0.45 0.5 26 27 158.5629302511802 0.004891636867569105
60 120 0.45 0.5 27 28 149.0434679303574 0.004528142705112259
60 120 0.45 0.5 28 29 140.2936220101215 0.004200145121473042
60 120 0.45 0.5 29 30 132.2319953277505 0.003898067928901128
60 120 0.45 0.5 30 31 124.7875216048907 0.003622142582116794
60 120 0.45 0.5 31 32 117.8985375267665 0.003369229155339326
60 120 0.45 0.5 32 33 111.510938681316 0.003137158193624145
60 120 0.45 0.5 33 34 105.5775661920748 0.002923398252676179
60 120 0.45 0.5 34 35 100.0564507897105 0.002726503449054007
60 120 0.45 0.5 35 36 94.91096918436406 0.002545226873806428
60 120 0.45 0.5 36 37 90.10802499643033 0.002376684988945499
60 120 0.45 0.5 37 38 85.61809824965717 0.002221886346177371
60 120 0.45 0.5 38 39 81.41476700396645 0.002078060083917421
60 120 0.45 0.5 39 40 77.47442652126617 0.001944442819720393
60 120 0.45 0.5 40 42 144.0768012354168 0.006674991657746432
60 120 0.45 0.5 42 44 130.9838213374493 0.005199056901602717
60 120 0.45 0.5 44 46 119.3622309393143 0.004109637568987523
60 120 0.45 0.5 46 48 109.0061607531599 0.003277659938447641
60 120 0.45 0.5 48 50 99.74433585636403 0.00252335010802085
60 120 0.45 0.5 50 52 91.43466675313178 0.001902280040994242
60 120 0.45 0.5 52 54 83.95798116517636 0.001692398178818166
60 120 0.45 0.5 54 56 77.21335745174565 0.001508778207053751
60 120 0.45 0.5 56 58 71.11390724084333 0.001347956333745515
60 120 0.45 0.5 58 60 65.58505587620553 0.001206728002458135
60 120 0.45 0.5 60 65 142.9677325742181 0.002505389154805471
60 120 0.45 0.5 65 70 117.9874355398476 0.004657438280148085
60 120 0.45 0.5 70 80 179.8690081919697 0.002695770059659708
60 120 0.45 0.5 80 90 126.783161746 0.001707068590945937
60 120 0.45 0.5 90 100 91.08027662954871 0.001121526604705991
60 120 0.5 0.55 0 0.5 -0.8190071543169366 1.887662892119391e-05
60 120 0.5 0.55 0.5 1 -1102.009719336592 0.02318957538159339
60 120 0.5 0.55 1 1.5 -3.362016491875277 2.724740030579653e-05
60 120 0.5 0.55 1.5 2 713.4935055255669 0.00600453611730245
60 120 0.5 0.55 2 2.5 866.6283376192794 0.0004414223786852745
60 120 0.5 0.55 2.5 3 867.5759071688334 0.003380753662781899
60 120 0.5 0.55 3 3.5 822.2077004172617 0.04037654565149751
60 120 0.5 0.55 3.5 4 764.2669978602294 0.03617293111915387
60 120 0.5 0.55 4 4.5 705.5898688235087 0.03253618915391598
60 120 0.5 0.55 4.5 5 650.3789103470791 0.02936297300425394
60 120 0.5 0.55 5 5.5 599.9458893297083 0.02656918928119012
60 120 0.5 0.55 5.5 6 554.4498176257197 0.02412526877549226
60 120 0.5 0.55 6 6.5 513.5898149822104 0.02199807909175888
60 120 0.5 0.55 6.5 7 476.9183268054921 0.02014579608487566
60 120 0.5 0.55 7 7.5 443.9645547737912 0.01853042951751149
60 120 0.5 0.55 7.5 8 414.2890938529887 0.01710576566750888
60 120 0.5 0.55 8 8.5 387.499241014972 0.01582964016813548
60 120 0.5 0.55 8.5 9 363.2418621480439 0.01469272463657489
60 120 0.5 0.55 9 9.5 341.2104678156449 0.01366273357763248
60 120 0.5 0.55 9.5 10 321.1405632155802 0.01273315923765495
60 120 0.5 0.55 10 10.5 302.8032824620431 0.01439633059590051
60 120 0.5 0.55 10.5 11 286.004257865845 0.01243921675171578
60 120 0.5 0.55 11 11.5 270.5747926854314 0.010842337573024
60 120 0.5 0.55 11.5 12 256.3682899413932 0.00981087271168235
60 120 0.5 0.55 12 12.5 243.2563357140295 0.009235886441842922
60 120 0.5 0.55 12.5 13 231.1253598542929 0.00870681638878068
60 120 0.5 0.55 13 13.5 219.8785960589736 0.008220949745890493
60 120 0.5 0.55 13.5 14 209.4293528091845 0.007769100039638488
60 120 0.5 0.55 14 14.5 199.7025886929571 0.007351292781066832
60 120 0.5 0.55 14.5 15 190.6318842978914 0.006964390280472799
60 120 0.5 0.55 15 16 356.3890384475404 0.0128727927810246
60 120 0.5 0.55 16 17 326.629459661657 0.01162565190685427
60 120 0.5 0.55 17 18 300.3798561154322 0.01054186032780535
60 120 0.5 0.55 18 19 277.09691506898 0.009592363561182538
60 120 0.5 0.55 19 20 256.3413815424959 0.008751578859119036
60 120 0.5 0.55 20 21 237.7550321164512 0.008002436120193579
60 120 0.5 0.55 21 22 221.0433596400929 0.01030887100296241
60 120 0.5 0.55 22 23 205.957912428126 0.008802764646020478
60 120 0.5 0.55 23 24 192.2903862484545 0.007496991061145764
60 120 0.5 0.55 24 25 179.8662604720456 0.006512923953778227
60 120 0.5 0.55 25 26 168.5372483487378 0.005548939452751256
60 120 0.5 0.55 26 27 158.177799843695 0.004891651436423672
60 120 0.5 0.55 27 28 148.6799033917021 0.004527065354523074
60 120 0.5 0.55 28 29 139.950070613358 0.004197073286832165
60 120 0.5 0.55 29 30 131.9063146145563 0.003894837118679106
60 120 0.5 0.55 30 31 124.4784098343803 0.003620029184560281
60 120 0.5 0.55 31 32 117.6046083179929 0.003366884384448099
60 120 0.5 0.55 32 33 111.2314905781842 0.003133603367416526
60 120 0.5 0.55 33 34 105.3115731025203 0.00291927527871394
60 120 0.5 0.55 34 35 99.80365991740581 0.00272129328692472
60 120 0.5 0.55 35 36 94.67051428965894 0.002539468059012506
60 120 0.5 0.55 36 37 89.87894877681516 0.002371883358861737
60 120 0.5 0.55 37 38 85.39950376686679 0.002217046177520388
60 120 0.5 0.55 38 39 81.2058594315864 0.002073820964199058
60 120 0.5 0.55 39 40 77.27477602121438 0.001941237102030868
60 120 0.5 0.55 40 42 143.7033471277707 0.006543484244872388
60 120 0.5 0.55 42 44 130.6429560517172 0.00519866091434551
60 120 0.5 0.55 44 46 119.0503770337407 0.004166584935163087
60 120 0.5 0.55 46 48 108.719329844118 0.003242113522702539
60 120 0.5 0.55 48 50 99.48002407321692 0.002496274411868171
60 120 0.5 0.55 50 52 91.19119878961727 0.001898616479067528
60 120 0.5 0.55 52 54 83.73406522330512 0.001689601044773781
60 120 0.5 0.55 54 56 77.00683703409656 0.001506617228528739
60 120 0.5 0.55 56 58 70.92269670747268 0.001345997567554491
60 120 0.5 0.55 58 60 65.40796133603592 0.001205057623351991
60 120 0.5 0.55 60 65 142.5801708968788 0.002502690236866556
60 120 0.5 0.55 65 70 117.6660823651321 0.004610871395200888
60 120 0.5 0.55 70 80 179.3754193426154 0.002692918117531917
60 120 0.5 0.55 80 90 126.4330003248231 0.001705406125864783
60 120 0.5 0.55 90 100 90.82812048186014 0.001120752917813661
60 120 0.55 0.6 0 0.5 -0.8157217632975778 1.900640036556211e-05
60 120 0.55 0.6 0.5 1 -1094.760450805427 0.02613146703447455
60 120 0.55 0.6 1 1.5 1.661317607117282 2.508893173325255e-05
60 120 0.55 0.6 1.5 2 714.7140590198529 0.008805628133586652
60 120 0.55 0.6 2 2.5 866.4847766059753 0.001662931085775199
60 120 0.55 0.6 2.5 3 866.8573084445133 0.002355045204922135
60 120 0.55 0.6 3 3.5 821.2523887087762 0.03978824071987219
60 120 0.55 0.6 3.5 4 763.2209580560633 0.03577695636761291
60 120 0.55 0.6 4 4.5 704.5172794909173 0.03214381639452313
60 120 0.55 0.6 4.5 5 649.3112599285616 0.02897162454678437
60 120 0.55 0.6 5 5.5 598.9065057843881 0.02625907323044885
60 120 0.55 0.6 5.5 6 553.4458744520222 0.02391062308004166
60 120 0.55 0.6 6 6.5 512.6249335450718 0.02184823688935467
60 120 0.55 0.6 6.5 7 475.9923643801437 0.02002729819253091
60 120 0.55 0.6 7 7.5 443.078100634917 0.01840466656022954
60 120 0.55 0.6 7.5 8 413.4449365473524 0.01697306694262579
60 120 0.55 0.6 8 8.5 386.6956736946418 0.01570105370063857
60 120 0.55 0.6 8.5 9 362.4761137935631 0.01457985577491172
60 120 0.55 0.6 9 9.5 340.4787565593032 0.01357513204152383
60 120 0.55 0.6 9.5 10 320.4396176338034 0.01266604107269131
60 120 0.55 0.6 10 10.5 302.1332615640781 0.01446814366607896
60 120 0.55 0.6 10.5 11 285.3634835408101 0.01223687993257272
60 120 0.55 0.6 11 11.5 269.9634134231412 0.01084083439235428
60 120 0.55 0.6 11.5 12 255.7839921277019 0.009788189984021756
60 120 0.55 0.6 12 12.5 242.6965607374585 0.009213542637922956
60 120 0.55 0.6 12.5 13 230.588933290613 0.008684083901869144
60 120 0.55 0.6 13 13.5 219.3636718004838 0.008199590737945073
60 120 0.55 0.6 13.5 14 208.9344944866535 0.007754060964998644
60 120 0.55 0.6 14 14.5 199.2272397181027 0.007341239774689257
60 120 0.55 0.6 14.5 15 190.1748527652962 0.006958916434172124
60 120 0.55 0.6 15 16 355.5281800957318 0.01287977834266485
60 120 0.55 0.6 16 17 325.8319660447492 0.01163924811294237
60 120 0.55 0.6 17 18 299.6372774930812 0.01055446892814871
60 120 0.55 0.6 18 19 276.4031533728844 0.009599037911300456
60 120 0.55 0.6 19 20 255.6928895109951 0.008755470530786624
60 120 0.55 0.6 20 21 237.1494450169854 0.008009375933085039
60 120 0.55 0.6 21 22 220.4763345306025 0.01022799884339065
60 120 0.55 0.6 22 23 205.4251811890414 0.008806243984992079
60 120 0.55 0.6 23 24 191.7886137436555 0.007511501084962902
60 120 0.55 0.6 24 25 179.3927383670761 0.006421937985123805
60 120 0.55 0.6 25 26 168.0904366577171 0.00554471153753866
60 120 0.55 0.6 26 27 157.7561873238639 0.004877706155838268
60 120 0.55 0.6 27 28 148.2818146572787 0.00451672296546235
60 120 0.55 0.6 28 29 139.5727920451328 0.004187357051534946
60 120 0.55 0.6 29 30 131.5485731735847 0.003886501096104666
60 120 0.55 0.6 30 31 124.138489657908 0.003610004120730537
60 120 0.55 0.6 31 32 117.281687138215 0.003357515588760407
60 120 0.55 0.6 32 33 110.9244569275904 0.003126166734105595
60 120 0.55 0.6 33 34 105.0201616758624 0.002914593949583377
60 120 0.55 0.6 34 35 99.52668906329903 0.002718861025186925
60 120 0.55 0.6 35 36 94.40668237941304 0.002538563712349173
60 120 0.55 0.6 36 37 89.62725368057262 0.002371151234939362
60 120 0.55 0.6 37 38 85.15905170617032 0.002215985705319667
60 120 0.55 0.6 38 39 80.9761999911956 0.002072623604789214
60 120 0.55 0.6 39 40 77.05525301035773 0.001939389013926984
60 120 0.55 0.6 40 42 143.2934989656923 0.006483063973064418
60 120 0.55 0.6 42 44 130.268853338483 0.005215888756026743
60 120 0.55 0.6 44 46 118.707097044423 0.004147885874317581
60 120 0.55 0.6 46 48 108.4035389608119 0.003228404802513296
60 120 0.55 0.6 48 50 99.18954182629247 0.002429441560536816
60 120 0.55 0.6 50 52 90.92433744120629 0.001896204650449818
60 120 0.55 0.6 52 54 83.48813303192738 0.001686921532197516
60 120 0.55 0.6 54 56 76.77930760866715 0.00150408445384187
60 120 0.55 0.6 56 58 70.71203490143564 0.001344052425238829
60 120 0.55 0.6 58 60 65.21297546355869 0.001203488660635799
60 120 0.55 0.6 60 65 142.1543284767642 0.0024991522718949
60 120 0.55 0.6 65 70 117.3115483562463 0.004745701145566272
60 120 0.55 0.6 70 80 178.8318255930922 0.002689608807315835
60 120 0.55 0.6 80 90 126.0470247285148 0.00170387846247877
60 120 0.55 0.6 90 100 90.54967609145685 0.001119742701064297
60 120 0.6 0.65 0 0.5 -0.8121465276602083 1.86853415775623e-05
60 120 0.6 0.65 0.5 1 -1086.887660531057 0.02914128750740019
60 120 0.6 0.65 1 1.5 7.126632852341026 0.0002336915616609758
60 120 0.6 0.65 1.5 2 716.1215124190021 0.0063053986829118
60 120 0.6 0.65 2 2.5 866.3805344451091 0.002082712430819811
60 120 0.6 0.65 2.5 3 866.1045922332418 0.001413220962945161
60 120 0.6 0.65 3 3.5 820.2298932176441 0.04029040706552678
60 120 0.6 0.65 3.5 4 762.0879351103621 0.03621231867202823
60 120 0.6 0.65 4 4.5 703.3475086227896 0.03257910341108072
60 120 0.6 0.65 4.5 5 648.1505832218243 0.0293767768679345
60 120 0.6 0.65 5 5.5 597.7805360833188 0.02656881648783838
60 120 0.6 0.65 5.5 6 552.3621554563704 0.02411593242152321
60 120 0.6 0.65 6 6.5 511.5837001659067 0.02198376544475877
60 120 0.6 0.65 6.5 7 474.9916224292315 0.02013773992780443
60 120 0.6 0.65 7 7.5 442.1214377306492 0.01851823500953742
60 120 0.6 0.65 7.5 8 412.5349119549128 0.01708798441813997
60 120 0.6 0.65 8 8.5 385.8277828317902 0.01580180146993371
60 120 0.6 0.65 8.5 9 361.6467363492281 0.01465107467805637
60 120 0.6 0.65 9 9.5 339.6857575871865 0.01361264031720566
60 120 0.6 0.65 9.5 10 319.6810526605095 0.01267856879047713
60 120 0.6 0.65 10 10.5 301.4076126160137 0.01418794224326803
60 120 0.6 0.65 10.5 11 284.6713574571164 0.01241869332625356
60 120 0.6 0.65 11 11.5 269.3015783945373 0.01072771538616735
60 120 0.6 0.65 11.5 12 255.1504265729574 0.009777517628833721
60 120 0.6 0.65 12 12.5 242.088750827156 0.009203756922090633
60 120 0.6 0.65 12.5 13 230.0058720093737 0.008678565900027024
60 120 0.6 0.65 13 13.5 218.8030007630475 0.008191808622257213
60 120 0.6 0.65 13.5 14 208.3962920637036 0.007741977686151813
60 120 0.6 0.65 14 14.5 198.7097938213149 0.007324598162512075
60 120 0.6 0.65 14.5 15 189.6784011468314 0.006938457151591138
60 120 0.6 0.65 15 16 354.5929250605964 0.01282647323603214
60 120 0.6 0.65 16 17 324.9646350122785 0.01158696050566732
60 120 0.6 0.65 17 18 298.8294871278334 0.01051031425458859
60 120 0.6 0.65 18 19 275.6491953014245 0.009562844507229329
60 120 0.6 0.65 19 20 254.9887376164515 0.008724357684513961
60 120 0.6 0.65 20 21 236.4917738068972 0.007978764330317745
60 120 0.6 0.65 21 22 219.8594622009892 0.01031784483970455
60 120 0.6 0.65 22 23 204.8448370375258 0.008698918037225667
60 120 0.6 0.65 23 24 191.242152804621 0.007498446261337222
60 120 0.6 0.65 24 25 178.8777563311453 0.006354695055989623
60 120 0.6 0.65 25 26 167.6053085530597 0.005491038950623306
60 120 0.6 0.65 26 27 157.2987369658549 0.004879404472887927
60 120 0.6 0.65 27 28 147.8489410657278 0.004518043137466066
60 120 0.6 0.65 28 29 139.1626714035074 0.004188734626382029
60 120 0.6 0.65 29 30 131.1591263676586 0.003887366441318818
60 120 0.6 0.65 30 31 123.7686848886916 0.003611739159396166
60 120 0.6 0.65 31 32 116.9304508464993 0.003358534533049351
60 120 0.6 0.65 32 33 110.5912766173993 0.003124857136441506
60 120 0.6 0.65 33 34 104.7035387989218 0.002909529504435682
60 120 0.6 0.65 34 35 99.22513863358843 0.002711253988564977
60 120 0.6 0.65 35 36 94.11921133223973 0.002529290137417206
60 120 0.6 0.65 36 37 89.35283262392427 0.002361344087475459
60 120 0.6 0.65 37 38 84.89713161229054 0.002207000814294702
60 120 0.6 0.65 38 39 80.72605773142094 0.002064228293221504
60 120 0.6 0.65 39 40 76.81660658265929 0.001932127167833642
60 120 0.6 0.65 40 42 142.8484725841313 0.00657557478186277
60 120 0.6 0.65 42 44 129.8612977854058 0.005251406653115964
60 120 0.6 0.65 44 46 118.3325657494184 0.004085177943736085
60 120 0.6 0.65 46 48 108.0594037375453 0.003146563348806808
60 120 0.6 0.65 48 50 98.87377496488993 0.002455380957371744
60 120 0.6 0.65 50 52 90.63382200116472 0.001891950601347503
60 120 0.6 0.65 52 54 83.21973478156376 0.001684046552256291
60 120 0.6 0.65 54 56 76.53104803207673 0.001501974101174142
60 120 0.6 0.65 56 58 70.48255132906938 0.00134232247360444
60 120 0.6 0.65 58 60 65.00103156240708 0.001201720780173332
60 120 0.6 0.65 60 65 141.6897210295738 0.002494917711402422
60 120 0.6 0.65 65 70 116.924872958387 0.004875700489577639
60 120 0.6 0.65 70 80 178.2386103838618 0.002686141222142169
60 120 0.6 0.65 80 90 125.6258518831003 0.001701963184231658
60 120 0.6 0.65 90 100 90.24552194813811 0.001118694846837798
60 120 0.65 0.7 0 0.5 -0.80862583721931 1.851933335328404e-05
60 120 0.65 0.7 0.5 1 -1078.338854573329 0.02623144008134659
60 120 0.65 0.7 1 1.5 13.02064342722762 0.0002924587218160468
60 120 0.65 0.7 1.5 2 717.6224130907917 0.001047767202749128
60 120 0.65 0.7 2 2.5 866.3010721992912 0.004096685325635008
60 120 0.65 0.7 2.5 3 865.3302334799812 0.003768425273847242
60 120 0.65 0.7 3 3.5 819.1513139127197 0.03914808040838125
60 120 0.65 0.7 3.5 4 760.8776957825096 0.03518011101641605
60 120 0.65 0.7 4 4.5 702.0907551344072 0.03171217717397212
60 120 0.65 0.7 4.5 5 646.9007963233058 0.0287046010952281
60 120 0.65 0.7 5 5.5 596.5648737045319 0.0260748921797358
60 120 0.65 0.7 5.5 6 551.1895444355247 0.02376651725467127
60 120 0.65 0.7 6 6.5 510.4548828470161 0.02172866141876284
60 120 0.65 0.7 6.5 7 473.910819675816 0.01993446826611489
60 120 0.65 0.7 7 7.5 441.0931503282537 0.01833801718345285
60 120 0.65 0.7 7.5 8 411.5563524783595 0.01692835719853747
60 120 0.65 0.7 8 8.5 384.8947682063703 0.01567572698797903
60 120 0.65 0.7 8.5 9 360.7546816316225 0.01456187017919319
60 120 0.65 0.7 9 9.5 338.8318730778803 0.01356340623260621
60 120 0.65 0.7 9.5 10 318.8651144529251 0.01266262564274712
60 120 0.65 0.7 10 10.5 300.62848829251 0.01400820131578939
60 120 0.65 0.7 10.5 11 283.9277565408063 0.01243281910319638
60 120 0.65 0.7 11 11.5 268.5900880333842 0.01078084505900279
60 120 0.65 0.7 11.5 12 254.4686073227269 0.009776462367028671
60 120 0.65 0.7 12 12.5 241.4348572100406 0.009202521790172113
60 120 0.65 0.7 12.5 13 229.3772141974083 0.008680950991220016
60 120 0.65 0.7 13 13.5 218.1993631357118 0.008200522332657556
60 120 0.65 0.7 13.5 14 207.8160399792304 0.007756807181863223
60 120 0.65 0.7 14 14.5 198.1529141564638 0.007347468822246128
60 120 0.65 0.7 14.5 15 189.1437234640622 0.006966142863575442
60 120 0.65 0.7 15 16 353.58319900559 0.01289185565855178
60 120 0.65 0.7 16 17 324.0262911520761 0.01164902044581595
60 120 0.65 0.7 17 18 297.9555603804719 0.01055970630898173
60 120 0.65 0.7 18 19 274.8350733663677 0.009601594984417261
60 120 0.65 0.7 19 20 254.2307259533741 0.008757931735601687
60 120 0.65 0.7 20 21 235.7822701437613 0.008007366699359864
60 120 0.65 0.7 21 22 219.1933759072267 0.01026922282312626
60 120 0.65 0.7 22 23 204.2183292700308 0.008732006219389632
60 120 0.65 0.7 23 24 190.6520065516318 0.007350406631843498
60 120 0.65 0.7 24 25 178.3224260378804 0.006355133052494466
60 120 0.65 0.7 25 26 167.082185058197 0.00549611204513667
60 120 0.65 0.7 26 27 156.8045735939562 0.004861039993301119
60 120 0.65 0.7 27 28 147.3811029333987 0.004498831467543596
60 120 0.65 0.7 28 29 138.7191497022424 0.004168164575702349
60 120 0.65 0.7 29 30 130.7384823869318 0.003866831804970161
60 120 0.65 0.7 30 31 123.3697751902406 0.003591492132372309
60 120 0.65 0.7 31 32 116.5523030473773 0.003339766358024576
60 120 0.65 0.7 32 33 110.2321549079497 0.003109189840571958
60 120 0.65 0.7 33 34 104.3616526810933 0.002897939396419247
60 120 0.65 0.7 34 35 98.89933408620985 0.002703614063278792
60 120 0.65 0.7 35 36 93.80826510761531 0.002523826565905551
60 120 0.65 0.7 36 37 89.05621657932625 0.00235764687343476
60 120 0.65 0.7 37 38 84.61415265714582 0.002203929187103881
60 120 0.65 0.7 38 39 80.45639496183422 0.002061768807593012
60 120 0.65 0.7 39 40 76.55949308425146 0.0019301891742316
60 120 0.65 0.7 40 42 142.3674922820647 0.00654779469007849
60 120 0.65 0.7 42 44 129.4202650639257 0.005174384503305873
60 120 0.65 0.7 44 46 117.9278403518993 0.004031609889935339
60 120 0.65 0.7 46 48 107.688365932089 0.003134825893013726
60 120 0.65 0.7 48 50 98.53287542505014 0.002479421352774125
60 120 0.65 0.7 50 52 90.31920707743542 0.00188970671865718
60 120 0.65 0.7 52 54 82.9290805446466 0.001681569237987901
60 120 0.65 0.7 54 56 76.26276671944146 0.001499393057642351
60 120 0.65 0.7 56 58 70.23500462510853 0.001339414756770907
60 120 0.65 0.7 58 60 64.77205470244296 0.00119941722610406
60 120 0.65 0.7 60 65 141.186450744001 0.002491551263858582
60 120 0.65 0.7 65 70 116.5072442511437 0.004829870636726241
60 120 0.65 0.7 70 80 177.5963397265667 0.002682242636240062
60 120 0.65 0.7 80 90 125.1697315537816 0.001699824532494176
60 120 0.65 0.7 90 100 89.91620434641538 0.001117545068566983
60 120 0.7 0.75 0 0.5 -0.8053007182943375 1.891591683866878e-05
60 120 0.7 0.75 0.5 1 -1069.146305600957 0.02851278227672083
60 120 0.7 0.75 1 1.5 19.28038461951249 0.0001238173724260605
60 120 0.7 0.75 1.5 2 719.1506996833706 0.0047144967567192
60 120 0.7 0.75 2 2.5 866.1485477920132 0.001458006322195615
60 120 0.7 0.75 2.5 3 864.4740927436003 0.003771351143427637
60 120 0.7 0.75 3 3.5 817.9918915831166 0.004546903835375815
60 120 0.7 0.75 3.5 4 759.5799905445836 0.03702699678262888
60 120 0.7 0.75 4 4.5 700.7402470062451 0.03314860520833918
60 120 0.7 0.75 4.5 5 645.5608219921374 0.02979946857556115
60 120 0.7 0.75 5 5.5 595.2583067316608 0.02692687300350372
60 120 0.7 0.75 5.5 6 549.9245726866363 0.02446615504868532
60 120 0.7 0.75 6 6.5 509.2361157541945 0.0223234086465709
60 120 0.7 0.75 6.5 7 472.7464040901757 0.02044036126699211
60 120 0.7 0.75 7 7.5 439.9859727348115 0.01877921658768855
60 120 0.7 0.75 7.5 8 410.5009285292402 0.01730259049742244
60 120 0.7 0.75 8 8.5 383.8876668709368 0.01598865466280586
60 120 0.7 0.75 8.5 9 359.7935836599406 0.01481369611451555
60 120 0.7 0.75 9 9.5 337.9142659495104 0.01375778861682875
60 120 0.7 0.75 9.5 10 317.9899682248032 0.01280783989130896
60 120 0.7 0.75 10 10.5 299.7953875304955 0.01437896296260988
60 120 0.7 0.75 10.5 11 283.1310643718027 0.01220097073110082
60 120 0.7 0.75 11 11.5 267.8281891930985 0.01089461600628283
60 120 0.7 0.75 11.5 12 253.7377360863446 0.00984494594834473
60 120 0.7 0.75 12 12.5 240.733459527822 0.009259215900016216
60 120 0.7 0.75 12.5 13 228.7038702247978 0.008717694227044603
60 120 0.7 0.75 13 13.5 217.5531396668159 0.008219489802684166
60 120 0.7 0.75 13.5 14 207.1960479386937 0.007758323374616793
60 120 0.7 0.75 14 14.5 197.5583460511288 0.007334117056615241
60 120 0.7 0.75 14.5 15 188.5716176543723 0.00694210252717653
60 120 0.7 0.75 15 16 352.5015258500164 0.01282638754923937
60 120 0.7 0.75 16 17 323.019623378904 0.01157844692414756
60 120 0.7 0.75 17 18 297.0177375546144 0.01048955061253309
60 120 0.7 0.75 18 19 273.9622783481755 0.009533286664350271
60 120 0.7 0.75 19 20 253.4162989876791 0.008687098755018496
60 120 0.7 0.75 20 21 235.0198903567567 0.007937756426343867
60 120 0.7 0.75 21 22 218.4778298927258 0.01014588211018008
60 120 0.7 0.75 22 23 203.5459549542165 0.008639247768257974
60 120 0.7 0.75 23 24 190.020241548091 0.00733546352051917
60 120 0.7 0.75 24 25 177.7281683729063 0.006342004495195397
60 120 0.7 0.75 25 26 166.5214583659119 0.005551227509613454
60 120 0.7 0.75 26 27 156.273989969834 0.004841114493160603
60 120 0.7 0.75 27 28 146.8786842796662 0.004483271287739399
60 120 0.7 0.75 28 29 138.2428750739649 0.004157098389100611
60 120 0.7 0.75 29 30 130.2873461674032 0.003859744255521491
60 120 0.7 0.75 30 31 122.942534021108 0.003587582834711611
60 120 0.7 0.75 31 32 116.1469740976566 0.003337208353599408
60 120 0.7 0.75 32 33 109.8465368702132 0.00310688757163291
60 120 0.7 0.75 33 34 103.994470377569 0.002894955339002081
60 120 0.7 0.75 34 35 98.54926739494908 0.002698933185314445
60 120 0.7 0.75 35 36 93.47471242779037 0.002518855897804428
60 120 0.7 0.75 36 37 88.73837178741248 0.002352605423169507
60 120 0.7 0.75 37 38 84.31145605084787 0.002199240578136141
60 120 0.7 0.75 38 39 80.16769916380976 0.002057069410938084
60 120 0.7 0.75 39 40 76.283477164792 0.001925256070180126
60 120 0.7 0.75 40 42 141.8506234858954 0.006536671671483418
60 120 0.7 0.75 42 44 128.9464630357802 0.005081012759802661
60 120 0.7 0.75 44 46 117.4941162565645 0.003967278426088683
60 120 0.7 0.75 46 48 107.290707633779 0.003205754688252682
60 120 0.7 0.75 48 50 98.16641785461229 0.002458701563767818
60 120 0.7 0.75 50 52 89.98107189024358 0.001885526640649005
60 120 0.7 0.75 52 54 82.61725176355623 0.001677557188358492
60 120 0.7 0.75 54 56 75.97530948380007 0.001496077477042945
60 120 0.7 0.75 56 58 69.96930532195874 0.001337367467186823
60 120 0.7 0.75 58 60 64.52560055138284 0.00119789001651327
60 120 0.7 0.75 60 65 140.6458052067665 0.002486906565337677
60 120 0.7 0.75 65 70 116.058779112042 0.004634686515700537
60 120 0.7 0.75 70 80 176.9061952428869 0.002678429692196005
60 120 0.7 0.75 80 90 124.6788807885 0.001697763877672287
60 120 0.7 0.75 90 100 89.56186060835057 0.00111646118315889
60 120 0.75 0.8 0 0.5 -0.8020108963410318 1.9092135353449e-05
60 120 0.75 0.8 0.5 1 -1059.312475371966 0.0193686455270381
60 120 0.75 0.8 1 1.5 26.01697538431029 0.000528284747762342
60 120 0.75 0.8 1.5 2 720.7879525995974 0.008203251231520881
60 120 0.75 0.8 2 2.5 865.9557157082296 0.00207946589284802
60 120 0.75 0.8 2.5 3 863.5300455898289 0.003146564318853962
60 120 0.75 0.8 3 3.5 816.7320422590273 0.04038942962483816
60 120 0.75 0.8 3.5 4 758.1846068742722 0.03611170014107756
60 120 0.75 0.8 4 4.5 699.3061617886603 0.03241987353430886
60 120 0.75 0.8 4.5 5 644.1413523077277 0.02918599599081517
60 120 0.75 0.8 5 5.5 593.8706527562806 0.02635456347263698
60 120 0.75 0.8 5.5 6 548.5758824860194 0.02389486153265352
60 120 0.75 0.8 6 6.5 507.937837611355 0.02177476650933841
60 120 0.75 0.8 6.5 7 471.5078602144182 0.01993210812844382
60 120 0.75 0.8 7 7.5 438.8050806185807 0.01832464856920524
60 120 0.75 0.8 7.5 8 409.3738462469335 0.01690628526392857
60 120 0.75 0.8 8 8.5 382.8105873569826 0.01563926749480515
60 120 0.75 0.8 8.5 9 358.7642954541872 0.01450801320117989
60 120 0.75 0.8 9 9.5 336.9332885179509 0.01349289945960663
60 120 0.75 0.8 9.5 10 317.056014237302 0.01257547440064855
60 120 0.75 0.8 10 10.5 298.9044447204522 0.01420213197184239
60 120 0.75 0.8 10.5 11 282.2803403962014 0.01240649866804233
60 120 0.75 0.8 11 11.5 267.0133917032654 0.01072096814277756
60 120 0.75 0.8 11.5 12 252.9574216853538 0.009685598100929838
60 120 0.75 0.8 12 12.5 239.9849192990461 0.009114034801115167
60 120 0.75 0.8 12.5 13 227.9866173679244 0.008593527303816018
60 120 0.75 0.8 13 13.5 216.8656151939818 0.008113885498403306
60 120 0.75 0.8 13.5 14 206.5375368731868 0.007673435093494163
60 120 0.75 0.8 14 14.5 196.9250213534035 0.007264524308681075
60 120 0.75 0.8 14.5 15 187.9624738536078 0.0068857431386391
60 120 0.75 0.8 15 16 351.3483808901355 0.01273272785078916
60 120 0.75 0.8 16 17 321.9473267833524 0.01149907902288305
60 120 0.75 0.8 17 18 296.020559013799 0.01042740335810777
60 120 0.75 0.8 18 19 273.0336107909401 0.009491741118438313
60 120 0.75 0.8 19 20 252.5474239528979 0.008664289551717275
60 120 0.75 0.8 20 21 234.2049959202049 0.007928202283693508
60 120 0.75 0.8 21 22 217.7128851779995 0.01017071891550358
60 120 0.75 0.8 22 23 202.8278562152526 0.008442085402180055
60 120 0.75 0.8 23 24 189.3465172286981 0.00738962513329966
60 120 0.75 0.8 24 25 177.0938696710906 0.006369062749797649
60 120 0.75 0.8 25 26 165.9226219805151 0.005497757237918677
60 120 0.75 0.8 26 27 155.7077868044436 0.00483509179159114
60 120 0.75 0.8 27 28 146.3424956758457 0.004476740508380317
60 120 0.75 0.8 28 29 137.7356265879402 0.0041496318939096
60 120 0.75 0.8 29 30 129.8073235598946 0.003850297303188199
60 120 0.75 0.8 30 31 122.4872671185268 0.003576505414130793
60 120 0.75 0.8 31 32 115.7139874962308 0.003325970990914584
60 120 0.75 0.8 32 33 109.4345290331663 0.003096842813818057
60 120 0.75 0.8 33 34 103.6020187285862 0.002885837061668894
60 120 0.75 0.8 34 35 98.17567710444446 0.002691923962530041
60 120 0.75 0.8 35 36 93.11919774405622 0.002513008390963023
60 120 0.75 0.8 36 37 88.40007649395683 0.002347569069087285
60 120 0.75 0.8 37 38 83.98885430533903 0.002194576216069777
60 120 0.75 0.8 38 39 79.8593531132657 0.002052969131526083
60 120 0.75 0.8 39 40 75.98860856760392 0.001922055868519124
60 120 0.75 0.8 40 42 141.2985886050765 0.006385445175965287
60 120 0.75 0.8 42 44 128.4417086183563 0.005012235467859227
60 120 0.75 0.8 44 46 117.0321102567891 0.004066691354253749
60 120 0.75 0.8 46 48 106.8656391988238 0.003148081162464678
60 120 0.75 0.8 48 50 97.77478439987316 0.002408819930792561
60 120 0.75 0.8 50 52 89.62038297153477 0.00188158906300373
60 120 0.75 0.8 52 54 82.28522812618075 0.001674962041761319
60 120 0.75 0.8 54 56 75.66860548233761 0.001493791085636076
60 120 0.75 0.8 56 58 69.68504223191273 0.001334913614556399
60 120 0.75 0.8 58 60 64.26225199287343 0.001195156039301537
60 120 0.75 0.8 60 65 140.0693864767785 0.00248213761838656
60 120 0.75 0.8 65 70 115.5790287843148 0.004780759469227291
60 120 0.75 0.8 70 80 176.1691725324124 0.002674162034395522
60 120 0.75 0.8 80 90 124.1544809031011 0.001695449808437388
60 120 0.75 0.8 90 100 89.1826235988412 0.001115079224575766
60 120 0.8 0.85 0 0.5 -0.7983619611890883 1.860039258416712e-05
60 120 0.8 0.85 0.5 1 -1048.971200564176 0.02162991459408659
60 120 0.8 0.85 1 1.5 33.21150406013353 0.0002687248771380268
60 120 0.8 0.85 1.5 2 722.6064949687702 0.006471835672073212
60 120 0.8 0.85 2 2.5 865.7651681042 0.001454929199098842
60 120 0.8 0.85 2.5 3 862.5306556445737 0.001901360932833995
60 120 0.8 0.85 3 3.5 815.3859226507212 0.03961267487704845
60 120 0.8 0.85 3.5 4 756.6868432569779 0.03563326306641557
60 120 0.8 0.85 4 4.5 697.7765176422412 0.03202356122721994
60 120 0.8 0.85 4.5 5 642.6320046002662 0.02887545439921269
60 120 0.8 0.85 5 5.5 592.3982254474583 0.02616605206424083
60 120 0.8 0.85 5.5 6 547.150009252831 0.02381334460244489
60 120 0.8 0.85 6 6.5 506.5694479422896 0.02173547631042538
60 120 0.8 0.85 6.5 7 470.2015011775905 0.01990055585832806
60 120 0.8 0.85 7 7.5 437.5555823102049 0.018282336941013
60 120 0.8 0.85 7.5 8 408.1790735679147 0.01685626246478478
60 120 0.8 0.85 8 8.5 381.6680696046027 0.01559788681430518
60 120 0.8 0.85 8.5 9 357.6734174716489 0.01447691133427043
60 120 0.8 0.85 9 9.5 335.8941350129035 0.01347488156534382
60 120 0.8 0.85 9.5 10 316.0661568562136 0.01257162405875079
60 120 0.8 0.85 10 10.5 297.9585098494229 0.01401984989649918
60 120 0.8 0.85 10.5 11 281.3755167260654 0.01243537499487957
60 120 0.8 0.85 11 11.5 266.1463685280709 0.01066892667176944
60 120 0.8 0.85 11.5 12 252.1266144508874 0.009699171027165221
60 120 0.8 0.85 12 12.5 239.1894347764227 0.009128208148013073
60 120 0.8 0.85 12.5 13 227.2253310445023 0.008603210203204981
60 120 0.8 0.85 13 13.5 216.1370885715193 0.008120488030897377
60 120 0.8 0.85 13.5 14 205.8378109814709 0.007673762693002573
60 120 0.8 0.85 14 14.5 196.2526229436623 0.007261402305260845
60 120 0.8 0.85 14.5 15 187.3154005180845 0.006879570644372279
60 120 0.8 0.85 15 16 350.1249865366044 0.01272433304569631
60 120 0.8 0.85 16 17 320.8112000219667 0.01149819095860494
60 120 0.8 0.85 17 18 294.9656737680129 0.01042418835265835
60 120 0.8 0.85 18 19 272.049465933735 0.009475095612572204
60 120 0.8 0.85 19 20 251.6261980929392 0.008637576005696701
60 120 0.8 0.85 20 21 233.3408394835365 0.007898318425674233
60 120 0.8 0.85 21 22 216.9019383439083 0.009905661410044786
60 120 0.8 0.85 22 23 202.0675303766752 0.00861583366614127
60 120 0.8 0.85 23 24 188.6309586509738 0.007312702162465712
60 120 0.8 0.85 24 25 176.4189894265117 0.006367484407121538
60 120 0.8 0.85 25 26 165.2849841176404 0.00544750438851338
60 120 0.8 0.85 26 27 155.1051401095141 0.004821612610726334
60 120 0.8 0.85 27 28 145.7734783197373 0.004464966731148934
60 120 0.8 0.85 28 29 137.1980854694006 0.004139520201533742
60 120 0.8 0.85 29 30 129.2980832374948 0.003843111668288657
60 120 0.8 0.85 30 31 122.003457481655 0.003571440990711494
60 120 0.8 0.85 31 32 115.2539382862979 0.003322173926633809
60 120 0.8 0.85 32 33 108.9966428598597 0.003092304335410745
60 120 0.8 0.85 33 34 103.1855584940744 0.00288077950818888
60 120 0.8 0.85 34 35 97.77984091358803 0.002686382105181906
60 120 0.8 0.85 35 36 92.74255447578261 0.002507295586568148
60 120 0.8 0.85 36 37 88.04081090553376 0.002341856129618236
60 120 0.8 0.85 37 38 83.64556579631358 0.002188930354378726
60 120 0.8 0.85 38 39 79.5313515754663 0.002047527801451565
60 120 0.8 0.85 39 40 75.67512205662982 0.001916516240029864
60 120 0.8 0.85 40 42 140.7129974177904 0.006289395842770773
60 120 0.8 0.85 42 44 127.9069670592735 0.00508685942922682
60 120 0.8 0.85 44 46 116.5411613731142 0.004023247958102161
60 120 0.8 0.85 46 48 106.4137875626713 0.003110210861080986
60 120 0.8 0.85 48 50 97.35904960021159 0.002325755826021236
60 120 0.8 0.85 50 52 89.23816807091299 0.00187757668682309
60 120 0.8 0.85 52 54 81.93249548940702 0.001670864997151966
60 120 0.8 0.85 54 56 75.34216557724966 0.001490156193213465
60 120 0.8 0.85 56 58 69.38303384786009 0.001331954834000726
60 120 0.8 0.85 58 60 63.98285626717878 0.001193012143311023
60 120 0.8 0.85 60 65 139.4573208371299 0.0024777239434286
60 120 0.8 0.85 65 70 115.0690130889749 0.004963980842646265
60 120 0.8 0.85 70 80 175.3854896984257 0.002669695044204445
60 120 0.8 0.85 80 90 123.5970336301001 0.001693030091587389
60 120 0.8 0.85 90 100 88.77934949535991 0.001113717202244402
60 120 0.85 0.9 0 0.5 -0.793953520641169 1.848480376009931e-05
60 120 0.85 0.9 0.5 1 -1038.112237704403 0.0251081252217773
60 120 0.85 0.9 1 1.5 40.66523158536338 0.000187042530171766
60 120 0.85 0.9 1.5 2 724.537068929188 0.005990950690147656
60 120 0.85 0.9 2 2.5 865.6039008663503 0.00330942977268478
60 120 0.85 0.9 2.5 3 861.4947387161938 0.003575969426833581
60 120 0.85 0.9 3 3.5 813.9599805464586 0.0398827892860254
60 120 0.85 0.9 3.5 4 755.0952920629911 0.03570411091129699
60 120 0.85 0.9 4 4.5 696.1527842584616 0.03209306671169543
60 120 0.85 0.9 4.5 5 641.0234370671132 0.02895122687448293
60 120 0.85 0.9 5 5.5 590.8260328495579 0.02620165286066367
60 120 0.85 0.9 5.5 6 545.632631365728 0.02379895160879641
60 120 0.85 0.9 6 6.5 505.1221391918672 0.0217162925623029
60 120 0.85 0.9 6.5 7 468.820441572326 0.01990068309754633
60 120 0.85 0.9 7 7.5 436.2367612578262 0.01830187375577452
60 120 0.85 0.9 7.5 8 406.9171250919363 0.01687982861699311
60 120 0.85 0.9 8 8.5 380.4621493336129 0.01560509378828101
60 120 0.85 0.9 8.5 9 356.5241641966063 0.01446610976347529
60 120 0.85 0.9 9 9.5 334.7993030836993 0.01344516818357988
60 120 0.85 0.9 9.5 10 315.0205384906458 0.01253006859946026
60 120 0.85 0.9 10 10.5 296.9586510165625 0.01430089363174147
60 120 0.85 0.9 10.5 11 280.4170979527886 0.01212243661672119
60 120 0.85 0.9 11 11.5 265.2291537468012 0.0107539988811709
60 120 0.85 0.9 11.5 12 251.2480250378645 0.009672571674514074
60 120 0.85 0.9 12 12.5 238.3494656976432 0.009106472052707204
60 120 0.85 0.9 12.5 13 226.4212807164478 0.008582844823166624
60 120 0.85 0.9 13 13.5 215.3656241413841 0.008101877602427976
60 120 0.85 0.9 13.5 14 205.0965314374986 0.007658225130938945
60 120 0.85 0.9 14 14.5 195.5399812084797 0.007248834874644672
60 120 0.85 0.9 14.5 15 186.6292733789168 0.006867564584950969
60 120 0.85 0.9 15 16 348.8292021027619 0.01269865446289486
60 120 0.85 0.9 16 17 319.6117556922467 0.01146893819412753
60 120 0.85 0.9 17 18 293.8511533786941 0.0103974329696257
60 120 0.85 0.9 18 19 271.0091344353065 0.009459512626790456
60 120 0.85 0.9 19 20 250.6525276630834 0.008631015154634269
60 120 0.85 0.9 20 21 232.4287916941995 0.007892216199479662
60 120 0.85 0.9 21 22 216.048059410105 0.009958972597473803
60 120 0.85 0.9 22 23 201.2655280848952 0.008545791344289455
60 120 0.85 0.9 23 24 187.8753511411479 0.007389716375627131
60 120 0.85 0.9 24 25 175.7053675828344 0.006245653766200121
60 120 0.85 0.9 25 26 164.6109756132691 0.005400302048002459
60 120 0.85 0.9 26 27 154.468792621615 0.004810831177877617
60 120 0.85 0.9 27 28 145.1727830589309 0.004454071989130171
60 120 0.85 0.9 28 29 136.6293565766433 0.004128451243843756
60 120 0.85 0.9 29 30 128.7583978098649 0.003830896356902258
60 120 0.85 0.9 30 31 121.4909356126641 0.003559370097349301
60 120 0.85 0.9 31 32 114.7670584594308 0.003310262034759148
60 120 0.85 0.9 32 33 108.534420144465 0.003082020346383274
60 120 0.85 0.9 33 34 102.7467857581907 0.002872233764563248
60 120 0.85 0.9 34 35 97.36227190062097 0.002678854936291941
60 120 0.85 0.9 35 36 92.34428048325398 0.002500558410488907
60 120 0.85 0.9 36 37 87.66045764355479 0.002335911012593783
60 120 0.85 0.9 37 38 83.2823751905472 0.0021838947407673
60 120 0.85 0.9 38 39 79.18443081362089 0.002043383151161038
60 120 0.85 0.9 39 40 75.34392531993949 0.001913073802924714
60 120 0.85 0.9 40 42 140.0950220462277 0.006368812248780387
60 120 0.85 0.9 42 44 127.3410336173818 0.005107800229893655
60 120 0.85 0.9 44 46 116.0211802312201 0.003939141860058726
60 120 0.85 0.9 46 48 105.936260743362 0.003009340008119921
60 120 0.85 0.9 48 50 96.92066891294246 0.00239930301316349
60 120 0.85 0.9 50 52 88.83404438701402 0.001873479577014336
60 120 0.85 0.9 52 54 81.55890972251393 0.001667492651435509
60 120 0.85 0.9 54 56 74.99687599438099 0.001487469802242458
60 120 0.85 0.9 56 58 69.06403093379305 0.001329192339539986
60 120 0.85 0.9 58 60 63.68799154422659 0.001190210823416749
60 120 0.85 0.9 60 65 138.8091626458704 0.002472139336788359
60 120 0.85 0.9 65 70 114.5302992811542 0.004904727297983413
60 120 0.85 0.9 70 80 174.5559921185484 0.002664848957493859
60 120 0.85 0.9 80 90 123.0068546497888 0.00169024905352444
60 120 0.85 0.9 90 100 88.35233577762094 0.001112235118583271
60 120 0.9 0.95 0 0.5 -0.7893286132357119 1.80181101820942e-05
60 120 0.9 0.95 0.5 1 -1026.658334484429 0.02521651832830685
60 120 0.9 0.95 1 1.5 48.44106834202725 0.001346743161960262
60 120 0.9 0.95 1.5 2 726.466907050853 0.002211516427678362
60 120 0.9 0.95 2 2.5 865.4377412776039 0.003774022790821618
60 120 0.9 0.95 2.5 3 860.441085157218 0.003454261087199484
60 120 0.9 0.95 3 3.5 812.4790552161626 0.03976083044142342
60 120 0.9 0.95 3.5 4 753.4344651954492 0.03571945831515677
60 120 0.9 0.95 4 4.5 694.4485546801309 0.0320480437377455
60 120 0.9 0.95 4.5 5 639.3255588385102 0.02886056397403536
60 120 0.9 0.95 5 5.5 589.1636896384892 0.02612735606999195
60 120 0.9 0.95 5.5 6 544.0311946972682 0.02376400489254138
60 120 0.9 0.95 6 6.5 503.5918760377601 0.02168608419515294
60 120 0.9 0.95 6.5 7 467.3587118907128 0.01986023708150242
60 120 0.9 0.95 7 7.5 434.8398238637901 0.01824730932651164
60 120 0.9 0.95 7.5 8 405.5834317531647 0.01682649854916463
60 120 0.9 0.95 8 8.5 379.1920075092607 0.01556867486186775
60 120 0.9 0.95 8.5 9 355.3175846405771 0.01444557440015615
60 120 0.9 0.95 9 9.5 333.6494404184077 0.01343737539872336
60 120 0.9 0.95 9.5 10 313.9210364184427 0.01252288297791893
60 120 0.9 0.95 10 10.5 295.9061038685661 0.01414238586363581
60 120 0.9 0.95 10.5 11 279.4095416527854 0.01221341616673044
60 120 0.9 0.95 11 11.5 264.2640350274825 0.01044736647315858
60 120 0.9 0.95 11.5 12 250.3259321583156 0.00963543055502214
60 120 0.9 0.95 12 12.5 237.4669122856632 0.00906861134853898
60 120 0.9 0.95 12.5 13 225.5751551760667 0.008550335973382062
60 120 0.9 0.95 13 13.5 214.5525893679818 0.008073612567983446
60 120 0.9 0.95 13.5 14 204.3154209476702 0.007634579292499666
60 120 0.9 0.95 14 14.5 194.7882126217398 0.007225947690784551
60 120 0.9 0.95 14.5 15 185.9064773111706 0.00684702535585302
60 120 0.9 0.95 15 16 347.4650251096429 0.01266008913347605
60 120 0.9 0.95 16 17 318.348510832168 0.01143636919840674
60 120 0.9 0.95 17 18 292.6754207365029 0.01036733123572731
60 120 0.9 0.95 18 19 269.9114592303388 0.009427636024554431
60 120 0.9 0.95 19 20 249.6264218914074 0.008596493958492601
60 120 0.9 0.95 20 21 231.47035439823 0.007862099519883259
60 120 0.9 0.95 21 22 215.1506145583282 0.01008896334076326
60 120 0.9 0.95 22 23 200.4214196592799 0.008530176135877809
60 120 0.9 0.95 23 24 187.0796071806392 0.007268235506501242
60 120 0.9 0.95 24 25 174.9547555182476 0.006224845113251831
60 120 0.9 0.95 25 26 163.9031337236243 0.005264895491905008
60 120 0.9 0.95 26 27 153.8013965722726 0.004795258260315904
60 120 0.9 0.95 27 28 144.5409538742969 0.004442126455757034
60 120 0.9 0.95 28 29 136.029933976864 0.00411954407368853
60 120 0.9 0.95 29 30 128.1892770038675 0.003823398433382863
60 120 0.9 0.95 30 31 120.9507490991969 0.003552469383322432
60 120 0.9 0.95 31 32 114.254636867559 0.003303702795307117
60 120 0.9 0.95 32 33 108.0483794228395 0.003075578975156645
60 120 0.9 0.95 33 34 102.2844487051677 0.002865548724699352
60 120 0.9 0.95 34 35 96.92180508552678 0.002672309231684267
60 120 0.9 0.95 35 36 91.92415253077476 0.002494268547991396
60 120 0.9 0.95 36 37 87.2597303946897 0.002330006680253405
60 120 0.9 0.95 37 38 82.90007555426514 0.002177886636303583
60 120 0.9 0.95 38 39 78.81994939638032 0.002037019747191948
60 120 0.9 0.95 39 40 74.99626757303029 0.001906538472084662
60 120 0.9 0.95 40 42 139.4444171972814 0.00636934579932813
60 120 0.9 0.95 42 44 126.7441265271842 0.004953895069974124
60 120 0.9 0.95 44 46 115.4737687372508 0.003859293607717973
60 120 0.9 0.95 46 48 105.4344046742249 0.003079382486532722
60 120 0.9 0.95 48 50 96.45881962331606 0.002390272823177497
60 120 0.9 0.95 50 52 88.40769232611234 0.001868854740393999
60 120 0.9 0.95 52 54 81.1653612723368 0.00166331367154271
60 120 0.9 0.95 54 56 74.6337831470174 0.001483204514698855
60 120 0.9 0.95 56 58 68.72853651068446 0.001325959388552178
60 120 0.9 0.95 58 60 63.37678138685595 0.001187764703800553
60 120 0.9 0.95 60 65 138.1262525842139 0.002467261634791384
60 120 0.9 0.95 65 70 113.9629718566491 0.004722714460612565
60 120 0.9 0.95 70 80 173.6817751283764 0.002659861354743498
60 120 0.9 0.95 80 90 122.3844121348207 0.001687427244078776
60 120 0.9 0.95 90 100 87.90155341651656 0.001110659898984068
60 120 0.95 1 0 0.5 -0.7845813402841574 1.825168284774747e-05
60 120 0.95 1 0.5 1 -1014.591367437251 0.02767371200309299
60 120 0.95 1 1 1.5 56.63143925275948 0.0003142656387566944
60 120 0.95 1 1.5 2 728.4432313839492 0.004879441237790161
60 120 0.95 1 2 2.5 865.1978004164001 0.001840193680209268
60 120 0.95 1 2.5 3 859.3086807258688 0.004902305691530273
60 120 0.95 1 3 3.5 810.9287999496884 0.03972617123292821
60 120 0.95 1 3.5 4 751.7183762792578 0.03557961086448813
60 120 0.95 1 4 4.5 692.6766932464052 0.03201846708225276
60 120 0.95 1 4.5 5 637.5497915645782 0.02886755047404677
60 120 0.95 1 5 5.5 587.4223305231212 0.0260959926704345
60 120 0.95 1 5.5 6 542.3555969270185 0.02370114997700057
60 120 0.95 1 6 6.5 501.9854629746322 0.02162431636315887
60 120 0.95 1 6.5 7 465.8198870823198 0.0198136284398629
60 120 0.95 1 7 7.5 433.3669801950502 0.01822022997095019
60 120 0.95 1 7.5 8 404.1791884130361 0.01679995948416035
60 120 0.95 1 8 8.5 377.8581991896397 0.01553719427778333
60 120 0.95 1 8.5 9 354.0477767308562 0.01440763528688649
60 120 0.95 1 9 9.5 332.4380082455963 0.01339517197862961
60 120 0.95 1 9.5 10 312.7639755719576 0.01248622008506572
60 120 0.95 1 10 10.5 294.7997087457954 0.01385372899471804
60 120 0.95 1 10.5 11 278.3525704509223 0.01213053171056799
60 120 0.95 1 11 11.5 263.2550759979481 0.01041782555807913
60 120 0.95 1 11.5 12 249.3616638624117 0.009627824425479048
60 120 0.95 1 12 12.5 236.5428433395116 0.009057253397969589
60 120 0.95 1 12.5 13 224.6877835415631 0.008532657507515751
60 120 0.95 1 13 13.5 213.7002544794949 0.008051406958912821
60 120 0.95 1 13.5 14 203.4954898763121 0.007607949387733015
60 120 0.95 1 14 14.5 193.999939520448 0.007200084319293865
60 120 0.95 1 14.5 15 185.1485054413543 0.006823691708120805
60 120 0.95 1 15 16 346.0368731020491 0.01262356277095478
60 120 0.95 1 16 17 317.0226755496534 0.01140857380431726
60 120 0.95 1 17 18 291.439662339949 0.01034274391696499
60 120 0.95 1 18 19 268.7578518766236 0.009406334942809735
60 120 0.95 1 19 20 248.5503290910223 0.008580175641668575
60 120 0.95 1 20 21 230.4650238469337 0.007845343258253479
60 120 0.95 1 21 22 214.2070794305496 0.009960270762860546
60 120 0.95 1 22 23 199.5339289319937 0.008522462489708005
60 120 0.95 1 23 24 186.2438777855774 0.007151873449316781
60 120 0.95 1 24 25 174.1684514088506 0.00608885318442276
60 120 0.95 1 25 26 163.1629844695609 0.00542136430127016
60 120 0.95 1 26 27 153.1014227124013 0.004782722639362191
60 120 0.95 1 27 28 143.8777646694539 0.004427025709844656
60 120 0.95 1 28 29 135.4009471917467 0.004103077260538157
60 120 0.95 1 29 30 127.592919797942 0.003808892906619121
60 120 0.95 1 30 31 120.3854913590121 0.003539958115823083
60 120 0.95 1 31 32 113.7186085602719 0.003293519407861822
60 120 0.95 1 32 33 107.5383389535763 0.003066284275362818
60 120 0.95 1 33 34 101.7985649107814 0.002857320468990565
60 120 0.95 1 34 35 96.45855645632454 0.002664917585946114
60 120 0.95 1 35 36 91.48277287630302 0.002487684676125923
60 120 0.95 1 36 37 86.83927751444487 0.002323753020007757
60 120 0.95 1 37 38 82.49975639850084 0.002172502341636573
60 120 0.95 1 38 39 78.43814261353498 0.00203243892734406
60 120 0.95 1 39 40 74.63125305469181 0.001902799754745388
60 120 0.95 1 40 42 138.7609321516445 0.006285664848405759
60 120 0.95 1 42 44 126.1181012782741 0.00488618496265758
60 120 0.95 1 44 46 114.9005629974798 0.003878422533830417
60 120 0.95 1 46 48 104.9077151275898 0.003078802708287753
60 120 0.95 1 48 50 95.97319980315427 0.002331996258988056
60 120 0.95 1 50 52 87.96013421944652 0.001864047878939346
60 120 0.95 1 52 54 80.75310146365632 0.001659606293898719
60 120 0.95 1 54 56 74.25313454208109 0.001480632652970826
60 120 0.95 1 56 58 68.37583041021684 0.001323337431983873
60 120 0.95 1 58 60 63.04997999743391 0.001184596892429113
60 120 0.95 1 60 65 137.4101668246266 0.002461198849005086
60 120 0.95 1 65 70 113.366480036432 0.004915007816151729
60 120 0.95 1 70 80 172.7641515514036 0.002654573424933915
60 120 0.95 1 80 90 121.7306112195652 0.001684580183436424
60 120 0.95 1 90 100 87.42772204494371 0.001109031199419519
60 120 1 1.1 0 0.5 -1.554181647271045 3.721071939821741e-05
60 120 1 1.1 0.5 1 -1990.500422950996 0.0260078981427796
60 120 1 1.1 1 1.5 139.5580821500651 0.005960826063216018
60 120 1 1.1 1.5 2 1463.263030272108 0.03173239272473438
60 120 1 1.1 2 2.5 1729.570729970758 0.01341356132775218
60 120 1 1.1 2.5 3 1714.823480404556 0.01480665671806491
60 120 1 1.1 3 3.5 1616.771684287482 0.07927995971976998
60 120 1 1.1 3.5 4 1497.909621341081 0.07110393294419737
60 120 1 1.1 4 4.5 1379.686113006115 0.06380675860054907
60 120 1 1.1 4.5 5 1269.451003758153 0.05741650500158357
60 120 1 1.1 5 5.5 1169.346631348546 0.05193754428751163
60 120 1 1.1 5.5 6 1079.412434274812 0.04722062747418931
60 120 1 1.1 6 6.5 998.8709423368722 0.04310296633673261
60 120 1 1.1 6.5 7 926.7404260817664 0.03947010372530713
60 120 1 1.1 7 7.5 862.0489368078954 0.0362625778968777
60 120 1 1.1 7.5 8 803.898380919284 0.03343781764647247
60 120 1 1.1 8 8.5 751.4689559633845 0.03093545764249939
60 120 1 1.1 8.5 9 704.0415099425899 0.02869424420953237
60 120 1 1.1 9 9.5 661.0015300944231 0.02668553811452057
60 120 1 1.1 9.5 10 621.8257517293945 0.02487977613634484
60 120 1 1.1 10 10.5 586.0660541762322 0.02755739528015511
60 120 1 1.1 10.5 11 553.3351733007493 0.02390999459828436
60 120 1 1.1 11 11.5 523.2928743316447 0.02101404160464426
60 120 1 1.1 11.5 12 495.6437657906713 0.01916832324320694
60 120 1 1.1 12 12.5 470.1338902076721 0.01803526239007169
60 120 1 1.1 12.5 13 446.5439910046251 0.0169981123154912
60 120 1 1.1 13 13.5 424.682275261824 0.01604459140423842
60 120 1 1.1 13.5 14 404.3823776890112 0.01516709152883777
60 120 1 1.1 14 14.5 385.4969692631508 0.01435253507747802
60 120 1 1.1 14.5 15 367.8939292116024 0.01359781836453067
60 120 1 1.1 15 16 687.5343902778582 0.02513839697496678
60 120 1 1.1 16 17 629.8239149424808 0.02269957908117703
60 120 1 1.1 17 18 578.9459556188032 0.02057520282619407
60 120 1 1.1 18 19 533.8523341804657 0.0187144699681312
60 120 1 1.1 19 20 493.6824105718842 0.01707297174630185
60 120 1 1.1 20 21 457.726122327134 0.01561582572361431
60 120 1 1.1 21 22 425.4044108989406 0.01971858031237161
60 120 1 1.1 22 23 396.2395153985049 0.01649791631575681
60 120 1 1.1 23 24 369.8314892911591 0.01424817474543261
60 120 1 1.1 24 25 345.8372866386542 0.01242166073319595
60 120 1 1.1 25 26 323.9651880277625 0.01154906817822621
60 120 1 1.1 26 27 303.9701018321272 0.01074855099017213
60 120 1 1.1 27 28 285.6426801346503 0.009526336425153659
60 120 1 1.1 28 29 268.803258967341 0.009046861673482454
60 120 1 1.1 29 30 253.2940670654552 0.009277538729406842
60 120 1 1.1 30 31 238.9763669931813 0.008961666878860797
60 120 1 1.1 31 32 225.7303091537327 0.008265419402135876
60 120 1 1.1 32 33 213.4520344526502 0.007551720046762966
60 120 1 1.1 33 34 202.0505508782848 0.006800954223621147
60 120 1 1.1 34 35 191.4452492652616 0.006309457367706273
60 120 1 1.1 35 36 181.5644139295925 0.006381975155136388
60 120 1 1.1 36 37 172.3432987743982 0.0064474208814147
60 120 1 1.1 37 38 163.7245557618818 0.006029965838223461
60 120 1 1.1 38 39 155.6577598754643 0.005627055901669564
60 120 1 1.1 39 40 148.0978329851133 0.00519320938775536
60 120 1 1.1 40 42 275.3451727292775 0.01217055295387581
60 120 1 1.1 42 44 250.2473948348802 0.009879345698919906
60 120 1 1.1 44 46 227.9764620586782 0.00876571863258846
60 120 1 1.1 46 48 208.1367917916444 0.00774630007919086
60 120 1 1.1 48 50 190.4021527561076 0.00685585821943846
60 120 1 1.1 50 52 174.4986089710138 0.006877999198849238
60 120 1 1.1 52 54 160.1935558979148 0.006302869824594381
60 120 1 1.1 54 56 147.2920086548571 0.005542338513293998
60 120 1 1.1 56 58 135.6285443376577 0.004941146630216053
60 120 1 1.1 58 60 125.0608989436764 0.004982539913456208
60 120 1 1.1 60 65 272.5397149831192 0.01074854606628151
60 120 1 1.1 65 70 224.8339489065539 0.009963458027783645
60 120 1 1.1 70 80 342.6029604180723 0.01400366424053345
60 120 1 1.1 80 90 241.374587116419 0.01027280096786853
60 120 1 1.1 90 100 173.3425668730037 0.007689808212973048
60 120 1.1 1.2 0 0.5 -1.532636566861372 7.593240764802722e-05
60 120 1.1 1.2 0.5 1 -1935.963974592143 0.01514662168619907
60 120 1.1 1.2 1 1.5 177.1933016447759 0.00678662023969423
60 120 1.1 1.2 1.5 2 1472.479803501148 0.03822397670637656
60 120 1.1 1.2 2 2.5 1728.615126466158 0.01032897321510973
60 120 1.1 1.2 2.5 3 1709.450904735866 0.008386154090658238
60 120 1.1 1.2 3 3.5 1609.547150365711 0.07907280879453538
60 120 1.1 1.2 3.5 4 1489.937160315202 0.0708731441600321
60 120 1.1 1.2 4 4.5 1371.461185695623 0.06358956352733003
60 120 1.1 1.2 4.5 5 1261.313984744271 0.05725715311086788
60 120 1.1 1.2 5 5.5 1161.467496958211 0.05175196141749439
60 120 1.1 1.2 5.5 6 1071.815772444673 0.0470439811426786
60 120 1.1 1.2 6 6.5 991.5721729401134 0.04292274562453713
60 120 1.1 1.2 6.5 7 919.7645683390297 0.03927055270276014
60 120 1.1 1.2 7 7.5 855.4108666774217 0.03607721388550544
60 120 1.1 1.2 7.5 8 797.5726307716137 0.03325233692578422
60 120 1.1 1.2 8 8.5 745.4266712494924 0.03075270055501278
60 120 1.1 1.2 8.5 9 698.2654288289409 0.02852542453445039
60 120 1.1 1.2 9 9.5 655.4839736637879 0.0265277688461083
60 120 1.1 1.2 9.5 10 616.5631578140576 0.02472934951083516
60 120 1.1 1.2 10 10.5 581.0455129316413 0.0275515273599467
60 120 1.1 1.2 10.5 11 548.5360006676166 0.02392197260417106
60 120 1.1 1.2 11 11.5 518.6973077349651 0.02104549404373302
60 120 1.1 1.2 11.5 12 491.2381897502182 0.0190480582285204
60 120 1.1 1.2 12 12.5 465.9100634824478 0.01792703274207952
60 120 1.1 1.2 12.5 13 442.494941319062 0.01689440529526109
60 120 1.1 1.2 13 13.5 420.8032525064586 0.01594583622943446
60 120 1.1 1.2 13.5 14 400.6626542727872 0.01507214300846726
60 120 1.1 1.2 14 14.5 381.9245170841109 0.01426429935446549
60 120 1.1 1.2 14.5 15 364.4572150302543 0.01351425165216824
60 120 1.1 1.2 15 16 681.0374711341269 0.02498667399095211
60 120 1.1 1.2 16 17 623.7945108840116 0.0225650389547809
60 120 1.1 1.2 17 18 573.349338329151 0.02045700720213972
60 120 1.1 1.2 18 19 528.6377044424888 0.01860590806074924
60 120 1.1 1.2 19 20 488.8033036131683 0.01697117120113489
60 120 1.1 1.2 20 21 453.1540602802316 0.01551618444329961
60 120 1.1 1.2 21 22 421.119899825487 0.01941527451458569
60 120 1.1 1.2 22 23 392.2189123037571 0.01661192858551885
60 120 1.1 1.2 23 24 366.0462534475569 0.01419779930296272
60 120 1.1 1.2 24 25 342.2653660530352 0.0120842227742628
60 120 1.1 1.2 25 26 320.5928618601552 0.01035314497494255
60 120 1.1 1.2 26 27 300.7862714056918 0.009482014485172385
60 120 1.1 1.2 27 28 282.6345277697097 0.009754343724978298
60 120 1.1 1.2 28 29 265.955042136871 0.009412427306301652
60 120 1.1 1.2 29 30 250.5916913376458 0.008506073499290778
60 120 1.1 1.2 30 31 236.4103288259861 0.007710313367397248
60 120 1.1 1.2 31 32 223.2934508794825 0.006999458000080949
60 120 1.1 1.2 32 33 211.1377661708716 0.007338147363071812
60 120 1.1 1.2 33 34 199.850475475009 0.007343042930756383
60 120 1.1 1.2 34 35 189.3505919542961 0.006865966824676661
60 120 1.1 1.2 35 36 179.5671109568475 0.00624261145188143
60 120 1.1 1.2 36 37 170.4376177841646 0.005847039970319656
60 120 1.1 1.2 37 38 161.9059371731575 0.005296019668662666
60 120 1.1 1.2 38 39 153.9221458919718 0.005230656367359643
60 120 1.1 1.2 39 40 146.4407841936331 0.005364698700049075
60 120 1.1 1.2 40 42 272.2466908147991 0.01223914816296201
60 120 1.1 1.2 42 44 247.4076502407827 0.009513369484551504
60 120 1.1 1.2 44 46 225.3713791496909 0.007573564884665984
60 120 1.1 1.2 46 48 205.7454705124386 0.00790321666133309
60 120 1.1 1.2 48 50 188.2016686071326 0.00699756938249152
60 120 1.1 1.2 50 52 172.4693160492744 0.006196831816140502
60 120 1.1 1.2 52 54 158.3208598371587 0.005832293656567344
60 120 1.1 1.2 54 56 145.5625163410987 0.005744981978381247
60 120 1.1 1.2 56 58 134.0283962342073 0.005123041873588363
60 120 1.1 1.2 58 60 123.5778596385863 0.004550132035987531
60 120 1.1 1.2 60 65 269.2848504032384 0.01025293959395412
60 120 1.1 1.2 65 70 222.123720953325 0.009991623619129086
60 120 1.1 1.2 70 80 338.4237884611584 0.0136620463471786
60 120 1.1 1.2 80 90 238.3889750771606 0.01004316056983612
60 120 1.1 1.2 90 100 171.1732698390766 0.007485833843418277
60 120 1.2 1.3 0 0.5 -1.509362356769288 5.921914359707792e-05
60 120 1.2 1.3 0.5 1 -1877.14600498732 0.02926735981554884
60 120 1.2 1.3 1 1.5 217.23590323967 0.006731248559816549
60 120 1.2 1.3 1.5 2 1482.329096496509 0.01384697392654743
60 120 1.2 1.3 2 2.5 1727.594026327816 0.04470513743331139
60 120 1.2 1.3 2.5 3 1703.790521715961 0.04156341844759481
60 120 1.2 1.3 3 3.5 1601.926448636319 0.07880329016529686
60 120 1.2 1.3 3.5 4 1481.411740703955 0.07053732175609184
60 120 1.2 1.3 4 4.5 1362.675039254644 0.0632677420253458
60 120 1.2 1.3 4.5 5 1252.619410605507 0.05698642764127726
60 120 1.2 1.3 5 5.5 1152.96290816766 0.05150719932748871
60 120 1.2 1.3 5.5 6 1063.577605602421 0.04679533773992262
60 120 1.2 1.3 6 6.5 983.6735520528857 0.04268028408148439
60 120 1.2 1.3 6.5 7 912.2369675886534 0.03907078005443054
60 120 1.2 1.3 7 7.5 848.2288722338837 0.03589959436180834
60 120 1.2 1.3 7.5 8 790.7159571766573 0.03306987963571828
60 120 1.2 1.3 8 8.5 738.885615975244 0.03058174461204999
60 120 1.2 1.3 8.5 9 692.0384969749538 0.0283803741696147
60 120 1.2 1.3 9 9.5 649.5615936490052 0.02638801989746753
60 120 1.2 1.3 9.5 10 610.9170051779565 0.02458374437162547
60 120 1.2 1.3 10 10.5 575.6494049966092 0.02730152033382183
60 120 1.2 1.3 10.5 11 543.3725615721505 0.02374558926294412
60 120 1.2 1.3 11 11.5 513.7540626267138 0.02035534541948891
60 120 1.2 1.3 11.5 12 486.5092523345093 0.01892428858593576
60 120 1.2 1.3 12 12.5 461.3859425976606 0.01780961865711106
60 120 1.2 1.3 12.5 13 438.1608041750378 0.01678383965958119
60 120 1.2 1.3 13 13.5 416.6418295777729 0.01584297174525773
60 120 1.2 1.3 13.5 14 396.6614321047134 0.01497447854325173
60 120 1.2 1.3 14 14.5 378.0747411744138 0.01417051099861055
60 120 1.2 1.3 14.5 15 360.7532877633648 0.01342378370128472
60 120 1.2 1.3 15 16 674.0490189325225 0.02482089095406081
60 120 1.2 1.3 16 17 617.3181742997306 0.02242275705941665
60 120 1.2 1.3 17 18 567.317825461122 0.02032321948240678
60 120 1.2 1.3 18 19 523.0072035687942 0.01848462229258985
60 120 1.2 1.3 19 20 483.5472535372502 0.01685862408260164
60 120 1.2 1.3 20 21 448.2425583112873 0.01541559970769413
60 120 1.2 1.3 21 22 416.5139330500106 0.01930816272994207
60 120 1.2 1.3 22 23 387.8878229746281 0.01616535432378896
60 120 1.2 1.3 23 24 361.97113299201 0.0137627055648295
60 120 1.2 1.3 24 25 338.4303393805297 0.0119545977826192
60 120 1.2 1.3 25 26 316.9779979057026 0.01116430422393933
60 120 1.2 1.3 26 27 297.3697170983586 0.01009614325931807
60 120 1.2 1.3 27 28 279.3993033078624 0.008914686559194251
60 120 1.2 1.3 28 29 262.8899405249408 0.008063504885797101
60 120 1.2 1.3 29 30 247.687563431775 0.007648379059617127
60 120 1.2 1.3 30 31 233.6566244942769 0.007956442626664284
60 120 1.2 1.3 31 32 220.6781177062141 0.007283388820553682
60 120 1.2 1.3 32 33 208.6497691582936 0.006753224054932616
60 120 1.2 1.3 33 34 197.4819207709475 0.006084473410368219
60 120 1.2 1.3 34 35 187.0953122933257 0.005606495549756119
60 120 1.2 1.3 35 36 177.4196772394457 0.005806483746681579
60 120 1.2 1.3 36 37 168.3913484155967 0.00603494148620598
60 120 1.2 1.3 37 38 159.9539367268838 0.005578722366237798
60 120 1.2 1.3 38 39 152.0578811467572 0.005128111891906428
60 120 1.2 1.3 39 40 144.6590066355163 0.004754653735943748
60 120 1.2 1.3 40 42 268.9147472282889 0.01173631071151249
60 120 1.2 1.3 42 44 244.3595237513395 0.009487791642214916
60 120 1.2 1.3 44 46 222.5749857073691 0.007900525961588301
60 120 1.2 1.3 46 48 203.173716432849 0.006842769742860355
60 120 1.2 1.3 48 50 185.8350232924444 0.006512206438344492
60 120 1.2 1.3 50 52 170.2887929726598 0.006351555050258639
60 120 1.2 1.3 52 54 156.3077982523433 0.005705742018164983
60 120 1.2 1.3 54 56 143.7011353977746 0.004886970253551226
60 120 1.2 1.3 56 58 132.306494944623 0.004872521260068652
60 120 1.2 1.3 58 60 121.9832106533929 0.004738683444884373
60 120 1.2 1.3 60 65 265.7822793252635 0.009705610909861662
60 120 1.2 1.3 65 70 219.2053735536734 0.009984183799957691
60 120 1.2 1.3 70 80 333.918348301722 0.01339794060965005
60 120 1.2 1.3 80 90 235.1642641700086 0.009740167327890958
60 120 1.2 1.3 90 100 168.8247257115515 0.007324069401761335
60 120 1.3 1.4 0 0.5 -1.484591247757139 6.117878894196238e-05
60 120 1.3 1.4 0.5 1 -1814.311601373182 0.0196552058416728
60 120 1.3 1.4 1 1.5 259.6951041392078 0.009297671001149865
60 120 1.3 1.4 1.5 2 1492.377502703193 0.04750470459384815
60 120 1.3 1.4 2 2.5 1725.929753434147 0.005101147283994578
60 120 1.3 1.4 2.5 3 1697.453398041964 0.01782281124155816
60 120 1.3 1.4 3 3.5 1593.510590624656 0.07842807843007904
60 120 1.3 1.4 3.5 4 1472.164034632551 0.07016244161582108
60 120 1.3 1.4 4 4.5 1353.271679510078 0.06295362097171164
60 120 1.3 1.4 4.5 5 1243.282642651826 0.05671434869282166
60 120 1.3 1.4 5 5.5 1143.841296807825 0.0512620084007267
60 120 1.3 1.4 5.5 6 1054.795515435963 0.046544717627512
60 120 1.3 1.4 6 6.5 975.2698341375275 0.0424273262318593
60 120 1.3 1.4 6.5 7 904.1880013473478 0.03883697211449544
60 120 1.3 1.4 7 7.5 840.524995333198 0.03569060882171016
60 120 1.3 1.4 7.5 8 783.3638036069175 0.03289359332586628
60 120 1.3 1.4 8 8.5 731.8909472465666 0.03041099563836269
60 120 1.3 1.4 8.5 9 685.3772160919485 0.02820265027912683
60 120 1.3 1.4 9 9.5 643.2009069701596 0.02621790064006291
60 120 1.3 1.4 9.5 10 604.8372022719149 0.02443346245104294
60 120 1.3 1.4 10 10.5 569.8416021876927 0.02664221186182658
60 120 1.3 1.4 10.5 11 537.8306427335172 0.02329903736404049
60 120 1.3 1.4 11 11.5 508.4659313232773 0.02034941134104429
60 120 1.3 1.4 11.5 12 481.4533965364911 0.01879945124665028
60 120 1.3 1.4 12 12.5 456.5410203788696 0.0176951639065237
60 120 1.3 1.4 12.5 13 433.5132613036911 0.01667757891488009
60 120 1.3 1.4 13 13.5 412.1820201034481 0.01573756556558692
60 120 1.3 1.4 13.5 14 392.3834987907123 0.014869999927555
60 120 1.3 1.4 14 14.5 373.971362252369 0.01406782924556182
60 120 1.3 1.4 14.5 15 356.8138842603382 0.01332574777336504
60 120 1.3 1.4 15 16 666.6100741139679 0.02463356107068648
60 120 1.3 1.4 16 17 610.40353711963 0.0222468362650261
60 120 1.3 1.4 17 18 560.8847995415512 0.02016799991486096
60 120 1.3 1.4 18 19 517.0176996896004 0.01833950793434269
60 120 1.3 1.4 19 20 477.9498215100829 0.01672632855792244
60 120 1.3 1.4 20 21 442.9945381142248 0.01529548074637432
60 120 1.3 1.4 21 22 411.590585140058 0.01855351339560229
60 120 1.3 1.4 22 23 383.2686074119298 0.01617108638788523
60 120 1.3 1.4 23 24 357.6282318583461 0.01385446656178146
60 120 1.3 1.4 24 25 334.3358376416866 0.01174379743645204
60 120 1.3 1.4 25 26 313.112324577817 0.01012949967457644
60 120 1.3 1.4 26 27 293.7191263172288 0.009326869480105415
60 120 1.3 1.4 27 28 275.950534088862 0.009043039700088684
60 120 1.3 1.4 28 29 259.6262462223563 0.008707644302774042
60 120 1.3 1.4 29 30 244.5928714235819 0.007711251113562412
60 120 1.3 1.4 30 31 230.718643191074 0.007054644889507244
60 120 1.3 1.4 31 32 217.8878213856859 0.006432375317643846
60 120 1.3 1.4 32 33 205.9991091587102 0.006903891993914613
60 120 1.3 1.4 33 34 194.9612966893122 0.006763298635604542
60 120 1.3 1.4 34 35 184.6952153897953 0.006151379955554148
60 120 1.3 1.4 35 36 175.1313157569178 0.005539815785738256
60 120 1.3 1.4 36 37 166.2081872833895 0.005039256972310113
60 120 1.3 1.4 37 38 157.8706075198256 0.004661610747319855
60 120 1.3 1.4 38 39 150.0696089924556 0.004926558840026019
60 120 1.3 1.4 39 40 142.7601161916717 0.004952088134842825
60 120 1.3 1.4 40 42 265.363273006529 0.01170393621617905
60 120 1.3 1.4 42 44 241.1057511389176 0.00909004606671715
60 120 1.3 1.4 44 46 219.591318327391 0.007629590832010535
60 120 1.3 1.4 46 48 200.4329208306667 0.007271568830304886
60 120 1.3 1.4 48 50 183.3113263744896 0.006255628846901118
60 120 1.3 1.4 50 52 167.9614581699773 0.005695508482261857
60 120 1.3 1.4 52 54 154.1597896399142 0.00578635878665068
60 120 1.3 1.4 54 56 141.7154449340327 0.005091364091924788
60 120 1.3 1.4 56 58 130.4678383270469 0.004387969536594483
60 120 1.3 1.4 58 60 120.2793696632481 0.004252344742141645
60 120 1.3 1.4 60 65 262.0407528347237 0.009904775214010897
60 120 1.3 1.4 65 70 216.084294336191 0.01031895957493134
60 120 1.3 1.4 70 80 329.0936674989273 0.01290261825465677
60 120 1.3 1.4 80 90 231.7044749127694 0.009861742261762174
60 120 1.3 1.4 90 100 166.2979842936642 0.007476512053727902
60 120 1.4 1.5 0 0.5 -1.458591618129452 3.640548277883404e-05
60 120 1.4 1.5 0.5 1 -1748.201031231919 0.07394145257967466
60 120 1.4 1.5 1 1.5 304.7390412725994 0.006455382561512124
60 120 1.4 1.5 1.5 2 1503.225261352614 0.008980793045566315
60 120 1.4 1.5 2 2.5 1724.284525391706 0.004800659893589909
60 120 1.4 1.5 2.5 3 1690.65641536158 0.01258055454968598
60 120 1.4 1.5 3 3.5 1584.416656393943 0.0781548960701457
60 120 1.4 1.5 3.5 4 1462.267850997602 0.06991649975952896
60 120 1.4 1.5 4 4.5 1343.144386694636 0.06269896183448509
60 120 1.4 1.5 4.5 5 1233.242385291309 0.0563475072701749
60 120 1.4 1.5 5 5.5 1134.123573202106 0.05088222906738338
60 120 1.4 1.5 5.5 6 1045.46168641932 0.04620001860644152
60 120 1.4 1.5 6 6.5 966.3103732443037 0.04212731217160126
60 120 1.4 1.5 6.5 7 895.6185226467308 0.03857733139466291
60 120 1.4 1.5 7 7.5 832.370258067825 0.03544650248431935
60 120 1.4 1.5 7.5 8 775.6101896225873 0.03266022075752062
60 120 1.4 1.5 8 8.5 724.4951112739479 0.03019633360668195
60 120 1.4 1.5 8.5 9 678.3123990545772 0.02799381946022095
60 120 1.4 1.5 9 9.5 636.4569892220641 0.02601948502183404
60 120 1.4 1.5 9.5 10 598.4099617150953 0.02424186320979516
60 120 1.4 1.5 10 10.5 563.7130506429031 0.02685430929204813
60 120 1.4 1.5 10.5 11 531.9719178614301 0.0232668897970143
60 120 1.4 1.5 11 11.5 502.8538011166016 0.02016776470816239
60 120 1.4 1.5 11.5 12 476.0745899049471 0.01866420604193308
60 120 1.4 1.5 12 12.5 451.3879634018373 0.01756216149993861
60 120 1.4 1.5 12.5 13 428.5794578450361 0.0165490356842497
60 120 1.4 1.5 13 13.5 407.4553458072514 0.01561870263788023
60 120 1.4 1.5 13.5 14 387.8478961034882 0.0147590949180767
60 120 1.4 1.5 14 14.5 369.6112368322621 0.01396264821158866
60 120 1.4 1.5 14.5 15 352.6188006658937 0.01322125724107082
60 120 1.4 1.5 15 16 658.6896179069074 0.02444646962658226
60 120 1.4 1.5 16 17 603.0704408820835 0.02208567567060982
60 120 1.4 1.5 17 18 554.072569687722 0.02001680466355538
60 120 1.4 1.5 18 19 510.6625774552258 0.01820061070606016
60 120 1.4 1.5 19 20 472.0138439716518 0.01659330217393062
60 120 1.4 1.5 20 21 437.446764081425 0.01517255648946048
60 120 1.4 1.5 21 22 406.3912437861694 0.0187792968133067
60 120 1.4 1.5 22 23 378.379896719257 0.0157509382322587
60 120 1.4 1.5 23 24 353.0258144823644 0.01341492956464663
60 120 1.4 1.5 24 25 330.0012661362614 0.01155469413555466
60 120 1.4 1.5 25 26 309.0248065714919 0.01005529169788133
60 120 1.4 1.5 26 27 289.8564811288907 0.009257801928526987
60 120 1.4 1.5 27 28 272.2939215199621 0.008571739919318588
60 120 1.4 1.5 28 29 256.162694929546 0.00794642550926028
60 120 1.4 1.5 29 30 241.3116298405176 0.007377208614173014
60 120 1.4 1.5 30 31 227.6069857001029 0.00735508787667527
60 120 1.4 1.5 31 32 214.9327677563116 0.006634612070087087
60 120 1.4 1.5 32 33 203.1889964830256 0.006185548171572464
60 120 1.4 1.5 33 34 192.2872296050105 0.005532532529684886
60 120 1.4 1.5 34 35 182.150121827417 0.005643160174628292
60 120 1.4 1.5 35 36 172.7076617383816 0.005901282203240044
60 120 1.4 1.5 36 37 163.8977535188454 0.005657717926709438
60 120 1.4 1.5 37 38 155.665923498777 0.005117649890792109
60 120 1.4 1.5 38 39 147.9638210968793 0.004699431476154814
60 120 1.4 1.5 39 40 140.7477651462558 0.00429829242921187
60 120 1.4 1.5 40 42 261.6009524840802 0.01160576923916778
60 120 1.4 1.5 42 44 237.660771628702 0.009012995547124092
60 120 1.4 1.5 44 46 216.4285585148218 0.00697173141512053
60 120 1.4 1.5 46 48 197.5254752550183 0.006568335645226853
60 120 1.4 1.5 48 50 180.6349904629938 0.006367951092812518
60 120 1.4 1.5 50 52 165.4933919402033 0.005555322346225466
60 120 1.4 1.5 52 54 151.8800044951153 0.004934709878540389
60 120 1.4 1.5 54 56 139.6082140312042 0.005098308923294326
60 120 1.4 1.5 56 58 128.517297261534 0.004736366464555886
60 120 1.4 1.5 58 60 118.4711339177303 0.004120379151174802
60 120 1.4 1.5 60 65 258.0661490186845 0.009778128037567058
60 120 1.4 1.5 65 70 212.7664000295361 0.01047127409577797
60 120 1.4 1.5 70 80 323.9565897210094 0.01308911218598041
60 120 1.4 1.5 80 90 228.008618098248 0.01009473875240019
60 120 1.4 1.5 90 100 163.5898608076645 0.007750554858830583
60 120 1.5 1.6 0 0.5 -1.431580290915899 3.524542103083839e-05
60 120 1.5 1.6 0.5 1 -1679.672847836971 0.01321918878534234
60 120 1.5 1.6 1 1.5 351.2947625786116 0.01287845393966336
60 120 1.5 1.6 1.5 2 1514.379869833271 0.01201627096520497
60 120 1.5 1.6 2 2.5 1722.703013682987 0.01184864346532777
60 120 1.5 1.6 2.5 3 1683.548466374332 0.006796998186473502
60 120 1.5 1.6 3 3.5 1575.014919850159 0.07793092549491121
60 120 1.5 1.6 3.5 4 1451.884180972 0.06963699057246231
60 120 1.5 1.6 4 4.5 1332.449763133243 0.06241442841201206
60 120 1.5 1.6 4.5 5 1222.691879674305 0.05609490408915008
60 120 1.5 1.6 5 5.5 1123.854840581176 0.05065430245849711
60 120 1.5 1.6 5.5 6 1035.534160924792 0.04598373949488632
60 120 1.5 1.6 6 6.5 956.8029399343411 0.0419229374842871
60 120 1.5 1.6 6.5 7 886.569494150435 0.03835470888452619
60 120 1.5 1.6 7 7.5 823.745958188583 0.03518715345376222
60 120 1.5 1.6 7.5 8 767.379476106833 0.03241093519227434
60 120 1.5 1.6 8 8.5 716.6524195991913 0.02996775760368564
60 120 1.5 1.6 8.5 9 670.8556615414279 0.02778262929552966
60 120 1.5 1.6 9 9.5 629.3634263140235 0.02583071564083639
60 120 1.5 1.6 9.5 10 591.6420984671604 0.02407818403366946
60 120 1.5 1.6 10 10.5 557.2441070431031 0.02641774245557826
60 120 1.5 1.6 10.5 11 525.7881602562242 0.0225581493965592
60 120 1.5 1.6 11 11.5 496.9463496675214 0.01972268084898587
60 120 1.5 1.6 11.5 12 470.4298317403543 0.01852277208956821
60 120 1.5 1.6 12 12.5 445.9852854873319 0.01742643457453141
60 120 1.5 1.6 12.5 13 423.3968293345974 0.01642366583445209
60 120 1.5 1.6 13 13.5 402.4780185782009 0.01549520488833878
60 120 1.5 1.6 13.5 14 383.0667866102129 0.01464045521862545
60 120 1.5 1.6 14 14.5 365.0191293990627 0.01385436303564802
60 120 1.5 1.6 14.5 15 348.2080233830175 0.01312675036604105
60 120 1.5 1.6 15 16 650.3650180429609 0.02426554713360929
60 120 1.5 1.6 16 17 595.3363712579171 0.02191399814751094
60 120 1.5 1.6 17 18 546.8747962176154 0.01986070870293588
60 120 1.5 1.6 18 19 503.9610169359678 0.0180570372361899
60 120 1.5 1.6 19 20 465.7575648646348 0.01646236454251948
60 120 1.5 1.6 20 21 431.5878738381425 0.0150551302549502
60 120 1.5 1.6 21 22 400.8983132642767 0.01800015613292771
60 120 1.5 1.6 22 23 373.2273391196854 0.015743493364198
60 120 1.5 1.6 23 24 348.182148601073 0.01339151825749241
60 120 1.5 1.6 24 25 325.4369150358286 0.01133333667075931
60 120 1.5 1.6 25 26 304.7172907261446 0.009923718248614932
60 120 1.5 1.6 26 27 285.7891928028401 0.009177957748363497
60 120 1.5 1.6 27 28 268.4489554631879 0.008905089100323949
60 120 1.5 1.6 28 29 252.5218638045079 0.007966872232287869
60 120 1.5 1.6 29 30 237.8581977576263 0.007314267037600075
60 120 1.5 1.6 30 31 224.3285687444312 0.006797108790919992
60 120 1.5 1.6 31 32 211.8194889213209 0.006399531171666695
60 120 1.5 1.6 32 33 200.2298646066411 0.006447175356413481
60 120 1.5 1.6 33 34 189.4716701075755 0.00581039232613989
60 120 1.5 1.6 34 35 179.468120731645 0.005248420222955019
60 120 1.5 1.6 35 36 170.1508855910791 0.004777838367033382
60 120 1.5 1.6 36 37 161.4598665207287 0.004884564032010985
60 120 1.5 1.6 37 38 153.3403421121957 0.005013491640994516
60 120 1.5 1.6 38 39 145.7436907452089 0.004815348364189731
60 120 1.5 1.6 39 40 138.62680202316 0.004366424823444959
60 120 1.5 1.6 40 42 257.6329473667819 0.01106037327002696
60 120 1.5 1.6 42 44 234.0277665152986 0.008904154929609831
60 120 1.5 1.6 44 46 213.0953425160095 0.007356548847269551
60 120 1.5 1.6 46 48 194.4598196327679 0.00612677439090703
60 120 1.5 1.6 48 50 177.8112233733725 0.005949333526842793
60 120 1.5 1.6 50 52 162.8888727282141 0.005812528599847155
60 120 1.5 1.6 52 54 149.4739910275544 0.004951014933908482
60 120 1.5 1.6 54 56 137.3820532488407 0.004632980171322743
60 120 1.5 1.6 56 58 126.4559252092168 0.004902692483554461
60 120 1.5 1.6 58 60 116.559759760859 0.004416125230633838
60 120 1.5 1.6 60 65 253.8612097141474 0.009569031970158903
60 120 1.5 1.6 65 70 209.2527484377372 0.01040510575754183
60 120 1.5 1.6 70 80 318.504685526848 0.01347171295543603
60 120 1.5 1.6 80 90 224.0725261296834 0.01039312201803
60 120 1.5 1.6 90 100 160.6945118423648 0.002166722375449126
60 120 1.6 1.7 0 0.5 -1.403021523443055 3.348957731952318e-05
60 120 1.6 1.7 0.5 1 -1607.598853301269 0.07441685832668554
60 120 1.6 1.7 1 1.5 399.6876042476436 0.003753474935479062
60 120 1.6 1.7 1.5 2 1525.47868627861 0.0005869985316167003
60 120 1.6 1.7 2 2.5 1720.606727716272 0.04517659331668256
60 120 1.6 1.7 2.5 3 1676.027461568938 0.04857309670205723
60 120 1.6 1.7 3 3.5 1565.123727767962 0.07763271442854602
60 120 1.6 1.7 3.5 4 1440.980973030024 0.06930924336779754
60 120 1.6 1.7 4 4.5 1321.349189016826 0.06204355247155036
60 120 1.6 1.7 4.5 5 1211.667610789004 0.05578085259503496
60 120 1.6 1.7 5 5.5 1113.08627581779 0.0503791562407514
60 120 1.6 1.7 5.5 6 1025.173388103811 0.04570506703271349
60 120 1.6 1.7 6 6.5 946.879743441468 0.04166230305941099
60 120 1.6 1.7 6.5 7 877.0608232502449 0.03811098671530999
60 120 1.6 1.7 7 7.5 814.6621424828069 0.03497886139780348
60 120 1.6 1.7 7.5 8 758.7348378723474 0.03221424689638752
60 120 1.6 1.7 8 8.5 708.4273114021961 0.02977960060457008
60 120 1.6 1.7 8.5 9 663.0101456940796 0.02761248271576733
60 120 1.6 1.7 9 9.5 621.8732832339575 0.02565877866152277
60 120 1.6 1.7 9.5 10 584.4975008106705 0.02389646578626525
60 120 1.6 1.7 10 10.5 550.4344688786728 0.02618490012253005
60 120 1.6 1.7 10.5 11 519.2914653309401 0.02258145904261255
60 120 1.6 1.7 11 11.5 490.7356975800202 0.01966436630027601
60 120 1.6 1.7 11.5 12 464.4835872276964 0.0183712117958521
60 120 1.6 1.7 12 12.5 440.2907081639778 0.01728376920192431
60 120 1.6 1.7 12.5 13 417.9440777489706 0.0162861688949647
60 120 1.6 1.7 13 13.5 397.2553407407833 0.01537065883042033
60 120 1.6 1.7 13.5 14 378.0580880775349 0.01452561897173155
60 120 1.6 1.7 14 14.5 360.2083681191344 0.0137412417974474
60 120 1.6 1.7 14.5 15 343.5810835316067 0.01301488459426992
60 120 1.6 1.7 15 16 641.6276622607901 0.0240581663526882
60 120 1.6 1.7 16 17 587.2383801269521 0.02172299225503593
60 120 1.6 1.7 17 18 539.345914352544 0.019686294325993
60 120 1.6 1.7 18 19 496.9362024450771 0.017899848136949
60 120 1.6 1.7 19 20 459.1939267826393 0.01632358512523524
60 120 1.6 1.7 20 21 425.447956591501 0.01492478017678422
60 120 1.6 1.7 21 22 395.1406152756106 0.01800285923746969
60 120 1.6 1.7 22 23 367.815416268716 0.01523324261046355
60 120 1.6 1.7 23 24 343.0907475876969 0.01296087178423022
60 120 1.6 1.7 24 25 320.6431103231614 0.01125465201033649
60 120 1.6 1.7 25 26 300.1961585861234 0.009838612037015082
60 120 1.6 1.7 26 27 281.5179407068387 0.009100425629526399
60 120 1.6 1.7 27 28 264.409046328345 0.008425960431679869
60 120 1.6 1.7 28 29 248.698766438528 0.007810757132887147
60 120 1.6 1.7 29 30 234.2361426706148 0.007475041128799376
60 120 1.6 1.7 30 31 220.8923099502589 0.006746404349826207
60 120 1.6 1.7 31 32 208.5550675822853 0.00626939620929079
60 120 1.6 1.7 32 33 197.1260835837034 0.005838804717001267
60 120 1.6 1.7 33 34 186.5192104140689 0.006075210526631736
60 120 1.6 1.7 34 35 176.6567084676343 0.005713387451578456
60 120 1.6 1.7 35 36 167.47163276547 0.005204439876706601
60 120 1.6 1.7 36 37 158.9038162267296 0.004501364832663057
60 120 1.6 1.7 37 38 150.9002814507103 0.004248963483519219
60 120 1.6 1.7 38 39 143.4135612013707 0.004383718897685185
60 120 1.6 1.7 39 40 136.4003956869147 0.00450526965556719
60 120 1.6 1.7 40 42 253.4674273111752 0.01084911599213001
60 120 1.6 1.7 42 44 230.2100539349264 0.008357758820920935
60 120 1.6 1.7 44 46 209.5912630009962 0.007303911355279524
60 120 1.6 1.7 46 48 191.2378477704717 0.006469560684365661
60 120 1.6 1.7 48 50 174.8427729106432 0.005735447136089533
60 120 1.6 1.7 50 52 160.1502766132909 0.006073416309561708
60 120 1.6 1.7 52 54 146.9433272094445 0.005524029254985408
60 120 1.6 1.7 54 56 135.0395273770949 0.004708798462161212
60 120 1.6 1.7 56 58 124.2847079903181 0.004802197887229909
60 120 1.6 1.7 58 60 114.5451030872081 0.004501223255758191
60 120 1.6 1.7 60 65 249.4248540411069 0.009390215419699643
60 120 1.6 1.7 65 70 205.539537819753 0.008295761818800429
60 120 1.6 1.7 70 80 312.7297327306541 0.01416402898627211
60 120 1.6 1.7 80 90 219.8887179773543 0.0109864042826473
60 120 1.6 1.7 90 100 157.6027020021447 0.002154288096562595
60 120 1.7 1.8 0 0.5 -1.373492978194293 4.066772722044476e-05
60 120 1.7 1.8 0.5 1 -1532.922813653919 0.02103990131035971
60 120 1.7 1.8 1 1.5 449.5436132967707 0.0001878674485737974
60 120 1.7 1.8 1.5 2 1536.557894292426 0.01369744333328526
60 120 1.7 1.8 2 2.5 1717.748027269885 0.003072537947218734
60 120 1.7 1.8 2.5 3 1667.595416413442 0.0240630106345634
60 120 1.7 1.8 3 3.5 1554.298306547935 0.07731181448889402
60 120 1.7 1.8 3.5 4 1429.365275014507 0.06898836960954213
60 120 1.7 1.8 4 4.5 1309.518968173835 0.06171417773339272
60 120 1.7 1.8 4.5 5 1200.005291602034 0.05544662648958365
60 120 1.7 1.8 5 5.5 1101.805432462713 0.05005420020529527
60 120 1.7 1.8 5.5 6 1014.30186770096 0.04540004948114529
60 120 1.7 1.8 6 6.5 936.4517020772514 0.04135214996756531
60 120 1.7 1.8 6.5 7 867.1178036634425 0.03781414356876667
60 120 1.7 1.8 7 7.5 805.1942037055273 0.0347238058984658
60 120 1.7 1.8 7.5 8 749.7022135348113 0.03198411231733189
60 120 1.7 1.8 8 8.5 699.8089396176321 0.02955474544546632
60 120 1.7 1.8 8.5 9 654.798892904359 0.02739516644555806
60 120 1.7 1.8 9 9.5 614.0527364804251 0.02545791298541644
60 120 1.7 1.8 9.5 10 577.03731205979 0.02371273541541541
60 120 1.7 1.8 10 10.5 543.3056724634063 0.0256731071555123
60 120 1.7 1.8 10.5 11 512.4765943882391 0.0219462327962674
60 120 1.7 1.8 11 11.5 484.2227899495604 0.01940814616904163
60 120 1.7 1.8 11.5 12 458.257761031717 0.01822874384913575
60 120 1.7 1.8 12 12.5 434.3320958995202 0.01715080279331005
60 120 1.7 1.8 12.5 13 412.2329052020336 0.01615774208676157
60 120 1.7 1.8 13 13.5 391.7754608982341 0.01524045214631542
60 120 1.7 1.8 13.5 14 372.7984038594666 0.01439572880542528
60 120 1.7 1.8 14 14.5 355.1596833902905 0.0136148631848414
60 120 1.7 1.8 14.5 15 338.7325270507842 0.01289373258327942
60 120 1.7 1.8 15 16 632.4818548109691 0.02384263005581033
60 120 1.7 1.8 16 17 578.7558248725342 0.02153445097030726
60 120 1.7 1.8 17 18 531.4644261481759 0.01951597370339186
60 120 1.7 1.8 18 19 489.5989241480895 0.01774471501448716
60 120 1.7 1.8 19 20 452.3425463366895 0.01618018160473866
60 120 1.7 1.8 20 21 419.034051609937 0.02084587088529588
60 120 1.7 1.8 21 22 389.1289585801889 0.01788937173358818
60 120 1.7 1.8 22 23 362.169881670209 0.01495800791559532
60 120 1.7 1.8 23 24 337.7783754146514 0.01278577070218034
60 120 1.7 1.8 24 25 315.6356515190114 0.01088841621282199
60 120 1.7 1.8 25 26 295.4721415287937 0.009752902962475218
60 120 1.7 1.8 26 27 277.055233012651 0.009019017983064259
60 120 1.7 1.8 27 28 260.1876548099116 0.008352904309049336
60 120 1.7 1.8 28 29 244.6994119276771 0.007742178938201505
60 120 1.7 1.8 29 30 230.4449886375058 0.007186818013764196
60 120 1.7 1.8 30 31 217.2953174634875 0.006679959666001878
60 120 1.7 1.8 31 32 205.1388661972309 0.006214342074599699
60 120 1.7 1.8 32 33 193.8785097602548 0.005786842675917114
60 120 1.7 1.8 33 34 183.4287075477521 0.005393109682444219
60 120 1.7 1.8 34 35 173.7146801453812 0.005546770488308539
60 120 1.7 1.8 35 36 164.6682323853917 0.005594960152649264
60 120 1.7 1.8 36 37 156.230665662899 0.005156645126106696
60 120 1.7 1.8 37 38 148.3489730699861 0.004588492572281666
60 120 1.7 1.8 38 39 140.9764267760501 0.004405743929396522
60 120 1.7 1.8 39 40 134.071280376616 0.004617427251162098
60 120 1.7 1.8 40 42 249.1086783006786 0.01064613979332307
60 120 1.7 1.8 42 44 226.2141237734623 0.008209808753719017
60 120 1.7 1.8 44 46 205.9204084138983 0.007199742175629353
60 120 1.7 1.8 46 48 187.8597937993015 0.006775737235102497
60 120 1.7 1.8 48 50 171.728685425087 0.005737626852123867
60 120 1.7 1.8 50 52 157.27500427865 0.006012030483589115
60 120 1.7 1.8 52 54 144.2845683260669 0.005497268318379156
60 120 1.7 1.8 54 56 132.5778186173904 0.00469458624939989
60 120 1.7 1.8 56 58 122.0026029176502 0.00491623558026788
60 120 1.7 1.8 58 60 112.4266247119966 0.004643131035422243
60 120 1.7 1.8 60 65 244.7548419690858 0.01010596574042211
60 120 1.7 1.8 65 70 201.6218806330647 0.008793266720459769
60 120 1.7 1.8 70 80 306.6175470599426 0.01512154957640632
60 120 1.7 1.8 80 90 215.4411840412905 0.003240716593694515
60 120 1.7 1.8 90 100 154.3000545829173 0.002140264343807985
60 120 1.8 1.9 0 0.5 -1.343029124724189 3.283002496234921e-05
60 120 1.8 1.9 0.5 1 -1455.755966642528 0.01584640740111354
60 120 1.8 1.9 1 1.5 501.1102785022768 0.003884144878384177
60 120 1.8 1.9 1.5 2 1547.988253986078 0.01455890838019513
60 120 1.8 1.9 2 2.5 1714.871345170973 0.01400345578213091
60 120 1.8 1.9 2.5 3 1658.685370724275 0.003145602219319699
60 120 1.8 1.9 3 3.5 1542.946593707713 0.07683120394176512
60 120 1.8 1.9 3.5 4 1417.013206445798 0.06847870283149859
60 120 1.8 1.9 4 4.5 1297.019119876242 0.06129948015973241
60 120 1.8 1.9 4.5 5 1187.725887232369 0.05511788686180807
60 120 1.8 1.9 5 5.5 1089.892082419567 0.04974061594475643
60 120 1.8 1.9 5.5 6 1002.882236078032 0.0451007983430145
60 120 1.8 1.9 6 6.5 925.5599081868741 0.0410703736929463
60 120 1.8 1.9 6.5 7 856.7268460494447 0.03754827625107282
60 120 1.8 1.9 7 7.5 795.2912186226592 0.03446589954728552
60 120 1.8 1.9 7.5 8 740.2830303590561 0.0317430010506996
60 120 1.8 1.9 8 8.5 690.8474657706138 0.02932830438510337
60 120 1.8 1.9 8.5 9 646.2592399778825 0.02717852102307461
60 120 1.8 1.9 9 9.5 605.9069746732105 0.02524503626864316
60 120 1.8 1.9 9.5 10 569.2695450223116 0.02351431243130264
60 120 1.8 1.9 10 10.5 535.8969974662305 0.02551575069639966
60 120 1.8 1.9 10.5 11 505.4013633553986 0.02184776208679295
60 120 1.8 1.9 11 11.5 477.4560457663383 0.01924882490965274
60 120 1.8 1.9 11.5 12 451.7793293425044 0.01807882125689275
60 120 1.8 1.9 12 12.5 428.1274583335482 0.01700504797940994
60 120 1.8 1.9 12.5 13 406.2889206618405 0.01601811678375498
60 120 1.8 1.9 13 13.5 386.0755231652607 0.01511193461766425
60 120 1.8 1.9 13.5 14 367.3273889593806 0.01427776025377625
60 120 1.8 1.9 14 14.5 349.9027290019965 0.01350445832616742
60 120 1.8 1.9 14.5 15 333.6776607926709 0.01279011582840894
60 120 1.8 1.9 15 16 622.9432340891672 0.02364376482728403
60 120 1.8 1.9 16 17 569.9128063103364 0.02134703544743388
60 120 1.8 1.9 17 18 523.2415646802639 0.01933544980659008
60 120 1.8 1.9 18 19 481.9361656046269 0.01757412026165639
60 120 1.8 1.9 19 20 445.1902282269446 0.01602405842311327
60 120 1.8 1.9 20 21 412.3437924236968 0.02056758331281117
60 120 1.8 1.9 21 22 382.8571231593136 0.01720434120460368
60 120 1.8 1.9 22 23 356.2831004881629 0.01491009162617729
60 120 1.8 1.9 23 24 332.2430452348174 0.01249444374502673
60 120 1.8 1.9 24 25 310.4218095721724 0.01080521279982349
60 120 1.8 1.9 25 26 290.5520369909193 0.009659909050469651
60 120 1.8 1.9 26 27 272.4071360106168 0.008933241314423412
60 120 1.8 1.9 27 28 255.7903521014456 0.008272064188133754
60 120 1.8 1.9 28 29 240.5346030896746 0.007670220497175251
60 120 1.8 1.9 29 30 226.4944672662636 0.007121990191933492
60 120 1.8 1.9 30 31 213.5456517891517 0.006647013242684352
60 120 1.8 1.9 31 32 201.5762013782203 0.006610170432281848
60 120 1.8 1.9 32 33 190.4906062010948 0.005856251072430041
60 120 1.8 1.9 33 34 180.2038266860154 0.00534413299027392
60 120 1.8 1.9 34 35 170.6422906880464 0.00524138430853327
60 120 1.8 1.9 35 36 161.7395816755694 0.005577752347846854
60 120 1.8 1.9 36 37 153.4365870825516 0.005254534119615073
60 120 1.8 1.9 37 38 145.6817536148402 0.004632592410359848
60 120 1.8 1.9 38 39 138.4284064197917 0.0043077704669372
60 120 1.8 1.9 39 40 131.6357736587329 0.004456517588295128
60 120 1.8 1.9 40 42 244.5506584076194 0.01022526668180035
60 120 1.8 1.9 42 44 222.0358162571773 0.007942656089397815
60 120 1.8 1.9 44 46 202.0812852886538 0.007728799722315216
60 120 1.8 1.9 46 48 184.3247352127733 0.00705429003838276
60 120 1.8 1.9 48 50 168.4675105885019 0.006035471566605111
60 120 1.8 1.9 50 52 154.2614475050293 0.006174617966479445
60 120 1.8 1.9 52 54 141.4958849189293 0.005516301830965631
60 120 1.8 1.9 54 56 129.9940001691576 0.005172156513310711
60 120 1.8 1.9 56 58 119.6050102509482 0.005296654382334509
60 120 1.8 1.9 58 60 110.1988582604007 0.004789936992224852
60 120 1.8 1.9 60 65 239.8376996610475 0.01126691393554324
60 120 1.8 1.9 65 70 197.4895265168721 0.009732149967192072
60 120 1.8 1.9 70 80 300.1462327709597 0.005049763256067763
60 120 1.8 1.9 80 90 210.7078980729335 0.003216552174052367
60 120 1.8 1.9 90 100 150.7675254990774 0.002124419784991005
60 120 1.9 2 0 0.5 -1.311663490793337 5.156730789845909e-05
60 120 1.9 2 0.5 1 -1376.814983603853 0.03993254854322004
60 120 1.9 2 1 1.5 553.8606241595994 0.001703555738913565
60 120 1.9 2 1.5 2 1559.535584001597 0.04214770331350337
60 120 1.9 2 2 2.5 1711.607768938617 0.02427792887738178
60 120 1.9 2 2.5 3 1649.441316718265 0.04266774333814283
60 120 1.9 2 3 3.5 1531.078592199848 0.07654805400557052
60 120 1.9 2 3.5 4 1404.200777293762 0.06820611921739328
60 120 1.9 2 4 4.5 1283.973956908698 0.06099067308468875
60 120 1.9 2 4.5 5 1174.858927777336 0.05470496903512867
60 120 1.9 2 5 5.5 1077.436788144605 0.04930061481331904
60 120 1.9 2 5.5 6 990.9076503186728 0.04470295312114558
60 120 1.9 2 6 6.5 914.1081096355454 0.04072814157404991
60 120 1.9 2 6.5 7 845.8250692088617 0.03725247202737592
60 120 1.9 2 7 7.5 784.9225618271172 0.03418183704866351
60 120 1.9 2 7.5 8 730.4167088608023 0.0314804518143319
60 120 1.9 2 8 8.5 681.4624322154966 0.02907837566385751
60 120 1.9 2 8.5 9 637.33590028071 0.0269371014231865
60 120 1.9 2 9 9.5 597.41474401108 0.0250265241438683
60 120 1.9 2 9.5 10 561.1754460409421 0.02330060716792559
60 120 1.9 2 10 10.5 528.1733235105427 0.0247781063515049
60 120 1.9 2 10.5 11 498.0291343760798 0.02168750260256047
60 120 1.9 2 11 11.5 470.4130693353861 0.01907121121342925
60 120 1.9 2 11.5 12 445.0437992669805 0.01790066609049745
60 120 1.9 2 12 12.5 421.6786431121143 0.0168407230117964
60 120 1.9 2 12.5 13 400.1075773267312 0.01586416184807149
60 120 1.9 2 13 13.5 380.1488010750961 0.0149656153092792
60 120 1.9 2 13.5 14 361.6404812856395 0.01413903084340973
60 120 1.9 2 14 14.5 344.4419111918187 0.01337566292659176
60 120 1.9 2 14.5 15 328.4292327632358 0.01266675650492743
60 120 1.9 2 15 16 613.0333051369324 0.02341599938301897
60 120 1.9 2 16 17 560.7198038938354 0.02113780850299918
60 120 1.9 2 17 18 514.6928789034869 0.01915059979398848
60 120 1.9 2 18 19 473.9660899272037 0.01741087559383914
60 120 1.9 2 19 20 437.745027720811 0.01587809473465995
60 120 1.9 2 20 21 405.3767688367972 0.02018464198897618
60 120 1.9 2 21 22 376.3253303436741 0.01691884463895121
60 120 1.9 2 22 23 350.1476089592793 0.0142949996058519
60 120 1.9 2 23 24 326.4724002047256 0.01236805248953488
60 120 1.9 2 24 25 304.9857512024656 0.01064180240047108
60 120 1.9 2 25 26 285.423549563683 0.00956989114638418
60 120 1.9 2 26 27 267.5626158451772 0.008848204776768398
60 120 1.9 2 27 28 251.2086313078225 0.00854276887818628
60 120 1.9 2 28 29 236.1959020213356 0.007632369264541694
60 120 1.9 2 29 30 222.381414067224 0.007052118994295142
60 120 1.9 2 30 31 209.6413001929323 0.00709845786269625
60 120 1.9 2 31 32 197.8663213118101 0.00704958358809904
60 120 1.9 2 32 33 186.9617814131604 0.006203180365275784
60 120 1.9 2 33 34 176.8440594852238 0.005538340866934277
60 120 1.9 2 34 35 167.4408138185701 0.005582893603019556
60 120 1.9 2 35 36 158.6861396124303 0.005687151639023114
60 120 1.9 2 36 37 150.5226311086865 0.005271813097920131
60 120 1.9 2 37 38 142.8986653244981 0.004679108767476237
60 120 1.9 2 38 39 135.7691248104124 0.004597168888096803
60 120 1.9 2 39 40 129.0927145343546 0.004752615407426219
60 120 1.9 2 40 42 239.787728403727 0.01007064526632462
60 120 1.9 2 42 44 217.6653563957394 0.007986719734219605
60 120 1.9 2 44 46 198.0627920624011 0.008118374559444419
60 120 1.9 2 46 48 180.6225304981825 0.00714318752667964
60 120 1.9 2 48 50 165.0516621610714 0.007096443089750437
60 120 1.9 2 50 52 151.1034030718876 0.006793010631497509
60 120 1.9 2 52 54 138.5710876581945 0.006120304286326927
60 120 1.9 2 54 56 127.2814624690202 0.006029309023631413
60 120 1.9 2 56 58 117.084707844026 0.005471977423269436
60 120 1.9 2 58 60 107.8549323814729 0.005132377620654438
60 120 1.9 2 60 65 234.6550226797371 0.004618340149789901
60 120 1.9 2 65 70 193.1236285039977 0.003573674754562717
60 120 1.9 2 70 80 293.2856692893302 0.005007740236294467
60 120 1.9 2 80 90 205.6607325154512 0.00318914067759124
60 120 1.9 2 90 100 146.9795616407311 0.00210575123614376
60 120 2 2.1 0 0.5 -1.279415667885897 3.242960496829816e-05
60 120 2 2.1 0.5 1 -1296.589035724867 0.01980559797220849
60 120 2 2.1 1 1.5 606.4017656448731 0.007641849582455507
60 120 2 2.1 1.5 2 1570.393010933833 0.06291016057502929
60 120 2 2.1 2 2.5 1707.670457734253 0.02407724279805734
60 120 2 2.1 2.5 3 1639.384402926308 0.01648727496444735
60 120 2 2.1 3 3.5 1518.527655935725 0.02538586503442275
60 120 2 2.1 3.5 4 1390.69893778077 0.06794001814955664
60 120 2 2.1 4 4.5 1270.337709657409 0.06068353524165104
60 120 2 2.1 4.5 5 1161.454466773554 0.0544499708037165
60 120 2 2.1 5 5.5 1064.446583900655 0.04906497939032306
60 120 2 2.1 5.5 6 978.439628784743 0.04447835053042581
60 120 2 2.1 6 6.5 902.1887479877767 0.04048835798562322
60 120 2 2.1 6.5 7 834.4517087588772 0.03697834976003378
60 120 2 2.1 7 7.5 774.0948035756455 0.03390326149394696
60 120 2 2.1 7.5 8 720.1160224977203 0.03120113066336216
60 120 2 2.1 8 8.5 671.6621091798867 0.02883247863542238
60 120 2 2.1 8.5 9 628.0066371315324 0.02671912393213915
60 120 2 2.1 9 9.5 588.5341874185926 0.02482153913888396
60 120 2 2.1 9.5 10 552.7170098469915 0.02311962996236616
60 120 2 2.1 10 10.5 520.1102574467811 0.02447421463818955
60 120 2 2.1 10.5 11 490.3337850894473 0.02104707546982354
60 120 2 2.1 11 11.5 463.0644844052729 0.01890652363846357
60 120 2 2.1 11.5 12 438.0201557722789 0.01775250856024968
60 120 2 2.1 12 12.5 414.95993447816 0.01669458415756253
60 120 2 2.1 12.5 13 393.6745736524961 0.01571678120041042
60 120 2 2.1 13 13.5 373.9821525707061 0.01483001093089342
60 120 2 2.1 13.5 14 355.7253423002825 0.0140101704558333
60 120 2 2.1 14 14.5 338.7628335149333 0.01325458424679482
60 120 2 2.1 14.5 15 322.9729162653911 0.01255088394719905
60 120 2 2.1 15 16 602.7370007159961 0.02318881146402418
60 120 2 2.1 16 17 551.1703059421519 0.02093839408530584
60 120 2 2.1 17 18 505.8139147544223 0.01896766599736566
60 120 2 2.1 18 19 465.6909255387729 0.01724290740355627
60 120 2 2.1 19 20 430.0146880568573 0.01572491792740038
60 120 2 2.1 20 21 398.1405289583341 0.01962489203992845
60 120 2 2.1 21 22 369.5386450689557 0.01662385816001688
60 120 2 2.1 22 23 343.7709392492754 0.01414849307855093
60 120 2 2.1 23 24 320.4707628610297 0.01209737985533366
60 120 2 2.1 24 25 299.3286697720429 0.01026085042059321
60 120 2 2.1 25 26 280.0845439291898 0.009472224163687315
60 120 2 2.1 26 27 262.5170629748356 0.008841757627237712
60 120 2 2.1 27 28 246.4344973135718 0.008597232504598651
60 120 2 2.1 28 29 231.6732481908641 0.007629060298938839
60 120 2 2.1 29 30 218.0927057853288 0.007473964264221422
60 120 2 2.1 30 31 205.5698917162569 0.007643471625613074
60 120 2 2.1 31 32 193.9972527499754 0.007256571114396593
60 120 2 2.1 32 33 183.2811905450617 0.006560562339700482
60 120 2 2.1 33 34 173.3404129084689 0.006515418876944068
60 120 2 2.1 34 35 164.1023528982533 0.006631488611390068
60 120 2 2.1 35 36 155.5020192397441 0.006252115953031989
60 120 2 2.1 36 37 147.4830935894116 0.005713227985836511
60 120 2 2.1 37 38 139.995350972988 0.005501466370475327
60 120 2 2.1 38 39 132.9938537844728 0.005502546661602992
60 120 2 2.1 39 40 126.4374510076488 0.005290528512105652
60 120 2 2.1 40 42 234.8103651573392 0.009570862810903691
60 120 2 2.1 42 44 213.0945542899111 0.009230314372643988
60 120 2 2.1 44 46 193.8549108088189 0.008486845461561643
60 120 2 2.1 46 48 176.7429539685301 0.008095949578176942
60 120 2 2.1 48 50 161.4670904234596 0.007713208114779491
60 120 2 2.1 50 52 147.7859228521686 0.00716564571578715
60 120 2 2.1 52 54 135.4966214897417 0.003070769103658222
60 120 2 2.1 54 56 124.4273527933359 0.002742255704418994
60 120 2 2.1 56 58 114.4320515148836 0.002452196474393986
60 120 2 2.1 58 60 105.3857303336146 0.002200277723403588
60 120 2 2.1 60 65 229.1841076971354 0.004576748712992185
60 120 2 2.1 65 70 188.5008256755956 0.003541175536213359
60 120 2 2.1 70 80 285.9917811207816 0.004960706511667468
60 120 2 2.1 80 90 200.2647354679885 0.003158625139349169
60 120 2 2.1 90 100 142.9060967268423 0.002084213090569165
60 120 2.1 2.2 0 0.5 -1.247072606441693 3.16540007054833e-05
60 120 2.1 2.2 0.5 1 -1213.756280388255 0.04853287343303236
60 120 2.1 2.2 1 1.5 659.9517555826912 0.02264842324825622
60 120 2.1 2.2 1.5 2 1580.714334100811 0.03565786860667686
60 120 2.1 2.2 2 2.5 1702.901582006521 0.0511639445471701
60 120 2.1 2.2 2.5 3 1628.585006563902 0.05457618351078963
60 120 2.1 2.2 3 3.5 1505.227387964637 0.05412622980065862
60 120 2.1 2.2 3.5 4 1376.506918269312 0.06761895618410563
60 120 2.1 2.2 4 4.5 1256.023597989672 0.06037067858596856
60 120 2.1 2.2 4.5 5 1147.429612701459 0.05411078569363781
60 120 2.1 2.2 5 5.5 1050.891863880036 0.04880517392916772
60 120 2.1 2.2 5.5 6 965.4397210716268 0.044196946050306
60 120 2.1 2.2 6 6.5 889.7789611303143 0.04019846655785386
60 120 2.1 2.2 6.5 7 822.6291139679204 0.03674741922100111
60 120 2.1 2.2 7 7.5 762.8411828093655 0.03367592612198678
60 120 2.1 2.2 7.5 8 709.4115955031523 0.03099140800065925
60 120 2.1 2.2 8 8.5 661.4770400236262 0.02864162148898686
60 120 2.1 2.2 8.5 9 618.3101724332782 0.02652012166845452
60 120 2.1 2.2 9 9.5 579.2967792586256 0.02461111394427462
60 120 2.1 2.2 9.5 10 543.911909756302 0.02290041266871867
60 120 2.1 2.2 10 10.5 511.7106270171098 0.02412996686763336
60 120 2.1 2.2 10.5 11 482.315023235859 0.02086835140994481
60 120 2.1 2.2 11 11.5 455.4023370343042 0.01872550256007344
60 120 2.1 2.2 11.5 12 430.6950292158226 0.01758403112671658
60 120 2.1 2.2 12 12.5 407.9508975399275 0.01654457134799259
60 120 2.1 2.2 12.5 13 386.9626281853865 0.01558175607584644
60 120 2.1 2.2 13 13.5 367.5498761314214 0.01469391008214416
60 120 2.1 2.2 13.5 14 349.5557008944022 0.0138724520010669
60 120 2.1 2.2 14 14.5 332.8410864722792 0.01312590901881094
60 120 2.1 2.2 14.5 15 317.2843752762136 0.01243177114247374
60 120 2.1 2.2 15 16 592.0075075383551 0.02296819350613077
60 120 2.1 2.2 16 17 541.2264282455675 0.02071953485688027
60 120 2.1 2.2 17 18 496.5728410928251 0.01878246146588936
60 120 2.1 2.2 18 19 457.0807287652722 0.01706057587438181
60 120 2.1 2.2 19 20 421.9736056310675 0.01555958821035119
60 120 2.1 2.2 20 21 390.6136328326506 0.01938008247861944
60 120 2.1 2.2 21 22 362.4788897891161 0.01621626814380761
60 120 2.1 2.2 22 23 337.1380344107836 0.01393943959743638
60 120 2.1 2.2 23 24 314.2271544638371 0.01179337210749054
60 120 2.1 2.2 24 25 293.4426998446749 0.01023779614718023
60 120 2.1 2.2 25 26 274.528604123925 0.01013399286330241
60 120 2.1 2.2 26 27 257.2638660045361 0.009732482142567278
60 120 2.1 2.2 27 28 241.4606791666965 0.008912630112433817
60 120 2.1 2.2 28 29 226.9594091944384 0.008576675721371885
60 120 2.1 2.2 29 30 213.6199659142538 0.008451775382695814
60 120 2.1 2.2 30 31 201.3204333001617 0.007879711228468977
60 120 2.1 2.2 31 32 189.9568440986626 0.007441483512394598
60 120 2.1 2.2 32 33 179.4371184126524 0.007415808007380065
60 120 2.1 2.2 33 34 169.6789722538603 0.007200269784817692
60 120 2.1 2.2 34 35 160.6112813239363 0.006879544009592564
60 120 2.1 2.2 35 36 152.1716251366472 0.006596624093987202
60 120 2.1 2.2 36 37 144.3038072792393 0.006495490688223526
60 120 2.1 2.2 37 38 136.9573652327243 0.006317809291289223
60 120 2.1 2.2 38 39 130.0882991476649 0.006005951774596952
60 120 2.1 2.2 39 40 123.6574825577881 0.005808915023848726
60 120 2.1 2.2 40 42 229.5992937107331 0.01116185549943793
60 120 2.1 2.2 42 44 208.3040431449703 0.01027981395321831
60 120 2.1 2.2 44 46 189.4422317526 0.005718710950759487
60 120 2.1 2.2 46 48 172.668576076165 0.004341116098800057
60 120 2.1 2.2 48 50 157.6986624150737 0.003836420096604343
60 120 2.1 2.2 50 52 144.2946626250724 0.003413049034520554
60 120 2.1 2.2 52 54 132.2571717147877 0.003039260128161914
60 120 2.1 2.2 54 56 121.4168586718146 0.002715279857952169
60 120 2.1 2.2 56 58 111.6303954595428 0.002428779318137231
60 120 2.1 2.2 58 60 102.7748805912446 0.002177511021187684
60 120 2.1 2.2 60 65 223.3905246270932 0.00453009743102939
60 120 2.1 2.2 65 70 183.5923057269635 0.003505734028180996
60 120 2.1 2.2 70 80 278.211409067429 0.00490944665364168
60 120 2.1 2.2 80 90 194.4774569671432 0.003123721735789786
60 120 2.1 2.2 90 100 138.5137042015873 0.002058933603791502
60 120 2.2 2.3 0 0.5 -1.213949825048555 5.004311948342277e-05
60 120 2.2 2.3 0.5 1 -1128.994999102287 0.05632612385261382
60 120 2.2 2.3 1 1.5 714.4992705025581 0.03296964366359134
60 120 2.2 2.3 1.5 2 1590.581778583158 0.03151572088381727
60 120 2.2 2.3 2 2.5 1697.149497936245 0.029635293486308
60 120 2.2 2.3 2.5 3 1616.66465181405 0.04492522341524818
60 120 2.2 2.3 3 3.5 1490.872386239667 0.04451923031638216
60 120 2.2 2.3 3.5 4 1361.382522636921 0.06720375608824725
60 120 2.2 2.3 4 4.5 1240.893169191993 0.05993443111083252
60 120 2.2 2.3 4.5 5 1132.6541323185 0.05373397259359081
60 120 2.2 2.3 5 5.5 1036.647762499659 0.04836003498667196
60 120 2.2 2.3 5.5 6 951.8001410594916 0.04384339138346149
60 120 2.2 2.3 6 6.5 876.7724411715667 0.03983566961278484
60 120 2.2 2.3 6.5 7 810.255472222118 0.03638891881428208
60 120 2.2 2.3 7 7.5 751.0801774124269 0.0334081783714737
60 120 2.2 2.3 7.5 8 698.2336294251927 0.03070527673253309
60 120 2.2 2.3 8 8.5 650.8503679169729 0.02835409024419278
60 120 2.2 2.3 8.5 9 608.2018305983614 0.02628086004528996
60 120 2.2 2.3 9 9.5 569.673596039621 0.02438749725240541
60 120 2.2 2.3 9.5 10 534.7421026927254 0.02267579629426564
60 120 2.2 2.3 10 10.5 502.9654349687796 0.02374315713893793
60 120 2.2 2.3 10.5 11 473.9680658175103 0.02038128745459744
60 120 2.2 2.3 11 11.5 447.4288465007648 0.01855183692174478
60 120 2.2 2.3 11.5 12 423.0695259784715 0.01740634253951612
60 120 2.2 2.3 12 12.5 400.6516688266024 0.01637684353653412
60 120 2.2 2.3 12.5 13 379.9701313457334 0.01541911279929309
60 120 2.2 2.3 13 13.5 360.8466521591495 0.01453286648455787
60 120 2.2 2.3 13.5 14 343.1235596037091 0.01371687684491008
60 120 2.2 2.3 14 14.5 326.6638038556102 0.01298817933923146
60 120 2.2 2.3 14.5 15 311.3477580393791 0.01230536491323164
60 120 2.2 2.3 15 16 580.8078739726191 0.02272581202680612
60 120 2.2 2.3 16 17 530.8438811961928 0.02051302769916674
60 120 2.2 2.3 17 18 486.9226243469212 0.01858804651112678
60 120 2.2 2.3 18 19 448.0923335349147 0.01763738457776753
60 120 2.2 2.3 19 20 413.5789606348877 0.01663694543401562
60 120 2.2 2.3 20 21 382.7578024213968 0.01890049950685579
60 120 2.2 2.3 21 22 355.1134238153372 0.01602653268935228
60 120 2.2 2.3 22 23 330.2168708305621 0.01397588429978214
60 120 2.2 2.3 23 24 307.713578470987 0.01289170198964484
60 120 2.2 2.3 24 25 287.302625556724 0.01231912384241696
60 120 2.2 2.3 25 26 268.729381462013 0.01154206868153551
60 120 2.2 2.3 26 27 251.7798129923989 0.01094041261410439
60 120 2.2 2.3 27 28 236.2684592074457 0.01044693152647369
60 120 2.2 2.3 28 29 222.0359679507855 0.009918974444616424
60 120 2.2 2.3 29 30 208.9465030573641 0.009409853058400586
60 120 2.2 2.3 30 31 196.8805396406949 0.009131502783759515
60 120 2.2 2.3 31 32 185.7332826048989 0.008749405899493468
60 120 2.2 2.3 32 33 175.4148342082836 0.008391825081616844
60 120 2.2 2.3 33 34 165.8456530014374 0.008033740006965218
60 120 2.2 2.3 34 35 156.9548174959822 0.007778111509423979
60 120 2.2 2.3 35 36 148.680597502994 0.004468848913120382
60 120 2.2 2.3 36 37 140.9683092653057 0.004177292769128371
60 120 2.2 2.3 37 38 133.7687292290948 0.003907322788762713
60 120 2.2 2.3 38 39 127.0380647002774 0.003656191814883414
60 120 2.2 2.3 39 40 120.7373773314765 0.00342438152429736
60 120 2.2 2.3 40 42 224.1207105111301 0.00922590351837016
60 120 2.2 2.3 42 44 203.2647797750484 0.007124581425102861
60 120 2.2 2.3 44 46 184.7959366554825 0.005550310957005422
60 120 2.2 2.3 46 48 168.3756531615724 0.004279556885251168
60 120 2.2 2.3 48 50 153.7244771963295 0.003797525373585131
60 120 2.2 2.3 50 52 140.60857478027 0.003376198304977152
60 120 2.2 2.3 52 54 128.8323680840124 0.003007647299511973
60 120 2.2 2.3 54 56 118.2299911581651 0.002685866902751854
60 120 2.2 2.3 56 58 108.6609402229648 0.00240177252682372
60 120 2.2 2.3 58 60 100.0044097551741 0.002154461557580589
60 120 2.2 2.3 60 65 217.229939088228 0.004917521671956138
60 120 2.2 2.3 65 70 178.3585950009852 0.003465342380508218
60 120 2.2 2.3 70 80 269.8849199107864 0.004850608434026071
60 120 2.2 2.3 80 90 188.2501380885907 0.003084649227787395
60 120 2.2 2.3 90 100 133.7671911023648 0.002029622783368268
60 120 2.3 2.4 0 0.5 -1.17993940213396 3.092842761520664e-05
60 120 2.3 2.4 0.5 1 -1042.431209136064 0.02117634329624707
60 120 2.3 2.4 1 1.5 769.6744536667022 0.03481487692499741
60 120 2.3 2.4 1.5 2 1600.124435465143 0.026365738516688
60 120 2.3 2.4 2 2.5 1690.702940659354 0.03543344403556148
60 120 2.3 2.4 2.5 3 1603.834925042092 0.03959810591595669
60 120 2.3 2.4 3 3.5 1475.516459730897 0.03703088180145642
60 120 2.3 2.4 3.5 4 1345.23757971648 0.06686071500917024
60 120 2.3 2.4 4 4.5 1224.784512218951 0.05956669475745002
60 120 2.3 2.4 4.5 5 1116.974052340169 0.05339385229217442
60 120 2.3 2.4 5 5.5 1021.578180091096 0.04806729433516921
60 120 2.3 2.4 5.5 6 937.4175245247993 0.04353642735929952
60 120 2.3 2.4 6 6.5 863.0871609026901 0.03953108823611728
60 120 2.3 2.4 6.5 7 797.2551121194018 0.03614504708934874
60 120 2.3 2.4 7 7.5 738.7353812351956 0.03312298637490585
60 120 2.3 2.4 7.5 8 686.5058542556553 0.03044855744485631
60 120 2.3 2.4 8 8.5 639.706567598738 0.02814500480985771
60 120 2.3 2.4 8.5 9 597.6077390402833 0.02603332538251379
60 120 2.3 2.4 9 9.5 559.5918137060769 0.02417395290206059
60 120 2.3 2.4 9.5 10 525.1414717967834 0.0224952707965258
60 120 2.3 2.4 10 10.5 493.8164280073202 0.02325700021560806
60 120 2.3 2.4 10.5 11 465.240049243481 0.02012771286888437
60 120 2.3 2.4 11 11.5 439.0921639101311 0.01838810676173352
60 120 2.3 2.4 11.5 12 415.0998209460443 0.01726228426826992
60 120 2.3 2.4 12 12.5 393.0268194985986 0.0166119757976162
60 120 2.3 2.4 12.5 13 372.6674519000183 0.01588639112327428
60 120 2.3 2.4 13 13.5 353.8447339845353 0.01508777052737287
60 120 2.3 2.4 13.5 14 336.4051771208653 0.01415421393585348
60 120 2.3 2.4 14 14.5 320.2135377984205 0.01361235876078126
60 120 2.3 2.4 14.5 15 305.1498804172942 0.01314434127095865
60 120 2.3 2.4 15 16 569.1088321819692 0.02460225200297828
60 120 2.3 2.4 16 17 519.9922202080757 0.022624038428944
60 120 2.3 2.4 17 18 476.8301501997714 0.02114164186406242
60 120 2.3 2.4 18 19 438.6816557094562 0.0196454909691397
60 120 2.3 2.4 19 20 404.7872786887747 0.01842314440784776
60 120 2.3 2.4 20 21 374.5271652008391 0.01840769732120862
60 120 2.3 2.4 21 22 347.393780313906 0.01672493385109419
60 120 2.3 2.4 22 23 322.9635585250504 0.01598528631558338
60 120 2.3 2.4 23 24 300.885585039749 0.01124461309007074
60 120 2.3 2.4 24 25 280.8642441810476 0.009935179263607097
60 120 2.3 2.4 25 26 262.6495543941475 0.009175578382837557
60 120 2.3 2.4 26 27 246.029925872595 0.008483176117465518
60 120 2.3 2.4 27 28 230.8230779471346 0.007855112410084075
60 120 2.3 2.4 28 29 216.8726744154403 0.007284195642455416
60 120 2.3 2.4 29 30 204.0440700293625 0.006761557237979332
60 120 2.3 2.4 30 31 192.2198854693256 0.006283738739682576
60 120 2.3 2.4 31 32 181.2981988635271 0.005845724361080329
60 120 2.3 2.4 32 33 171.1902063251838 0.005443996427572984
60 120 2.3 2.4 33 34 161.8173761821883 0.005075474384454992
60 120 2.3 2.4 34 35 153.1107313089878 0.004733750233356204
60 120 2.3 2.4 35 36 145.0094297576222 0.004419557978508237
60 120 2.3 2.4 36 37 137.4590970127639 0.004132293853388092
60 120 2.3 2.4 37 38 130.4115885657624 0.003862694498707242
60 120 2.3 2.4 38 39 123.8241623160553 0.003614494036597193
60 120 2.3 2.4 39 40 117.6584130640693 0.003386702795069141
60 120 2.3 2.4 40 42 218.3377943571767 0.008790825235820421
60 120 2.3 2.4 42 44 197.9389944472512 0.006881932749251973
60 120 2.3 2.4 44 46 179.8805870021986 0.005304260844127384
60 120 2.3 2.4 46 48 163.8299127142944 0.004232315151853072
60 120 2.3 2.4 48 50 149.5119450595404 0.003752006921502016
60 120 2.3 2.4 50 52 136.6979050480262 0.003336933798266273
60 120 2.3 2.4 52 54 125.1957039268004 0.002971863747987413
60 120 2.3 2.4 54 56 114.8429209980826 0.00265375584154981
60 120 2.3 2.4 56 58 105.5013928298029 0.002373632881628396
60 120 2.3 2.4 58 60 97.05303880629593 0.002127448316983305
60 120 2.3 2.4 60 65 210.6538209331478 0.005647401397794738
60 120 2.3 2.4 65 70 172.7570218221809 0.003421815430897368
60 120 2.3 2.4 70 80 260.9433355379805 0.004784928633853269
60 120 2.3 2.4 80 90 181.5382030961445 0.003036309939943749
60 120 2.3 2.4 90 100 128.6307521920388 0.001994617117219377
60 120 2.4 2.5 0 0.5 -1.145415486124223 5.365248051836247e-05
60 120 2.4 2.5 0.5 1 -953.9001823883118 0.02107086585067464
60 120 2.4 2.5 1 1.5 825.2020646894331 0.03125644706619823
60 120 2.4 2.5 1.5 2 1608.814269214818 0.04643603583576805
60 120 2.4 2.5 2 2.5 1683.186196137754 0.06125266243702754
60 120 2.4 2.5 2.5 3 1589.934346893102 0.06230702853781622
60 120 2.4 2.5 3 3.5 1459.134729925765 0.05964583248101007
60 120 2.4 2.5 3.5 4 1328.09186415727 0.05338594528984686
60 120 2.4 2.5 4 4.5 1207.690890119118 0.05927296688150818
60 120 2.4 2.5 4.5 5 1100.332369453782 0.05303297838281651
60 120 2.4 2.5 5 5.5 1005.586325110853 0.04774371232031172
60 120 2.4 2.5 5.5 6 922.1556808320707 0.0431670339678476
60 120 2.4 2.5 6 6.5 848.5795347291423 0.03924890739904185
60 120 2.4 2.5 6.5 7 783.4860073664184 0.03597206012295828
60 120 2.4 2.5 7 7.5 725.6755730030045 0.03433298778793414
60 120 2.4 2.5 7.5 8 674.1191545000034 0.03285956275271928
60 120 2.4 2.5 8 8.5 627.9501015206708 0.0313474464102228
60 120 2.4 2.5 8.5 9 586.4408578199991 0.02578127117362783
60 120 2.4 2.5 9 9.5 548.9754654332656 0.02393106340332452
60 120 2.4 2.5 9.5 10 515.0367910705306 0.02227004478140771
60 120 2.4 2.5 10 10.5 484.1875112224531 0.02281292754861397
60 120 2.4 2.5 10.5 11 456.0550953986601 0.01975433929811743
60 120 2.4 2.5 11 11.5 430.3219728050297 0.02144891887377298
60 120 2.4 2.5 11.5 12 406.7173834872461 0.01707127229269645
60 120 2.4 2.5 12 12.5 385.0068722040443 0.01604516721596383
60 120 2.4 2.5 12.5 13 364.9882347265692 0.01510958504371729
60 120 2.4 2.5 13 13.5 346.4859062396923 0.01425458119121004
60 120 2.4 2.5 13.5 14 329.3469935385248 0.01345994355131097
60 120 2.4 2.5 14 14.5 313.4370772542051 0.01272216485529043
60 120 2.4 2.5 14.5 15 298.6387080074605 0.01204682412776492
60 120 2.4 2.5 15 16 556.8225971085197 0.02225981816866351
60 120 2.4 2.5 16 17 508.5953498896176 0.02007638935202749
60 120 2.4 2.5 17 18 466.2298089792304 0.01819373460585894
60 120 2.4 2.5 18 19 428.7979727418987 0.01652187352368628
60 120 2.4 2.5 19 20 395.5497617214079 0.01506503231217948
60 120 2.4 2.5 20 21 365.8749420270831 0.01810364167408807
60 120 2.4 2.5 21 22 339.2718787941362 0.01520429956104863
60 120 2.4 2.5 22 23 315.3260808336134 0.01283149592410382
60 120 2.4 2.5 23 24 293.6917886084335 0.01092341269657027
60 120 2.4 2.5 24 25 274.0782202053341 0.009823861972279246
60 120 2.4 2.5 25 26 256.2393054057492 0.009064425871940784
60 120 2.4 2.5 26 27 239.9654699352461 0.008383294663104834
60 120 2.4 2.5 27 28 225.0779232036096 0.007766700669719739
60 120 2.4 2.5 28 29 211.423050836674 0.007194119956068334
60 120 2.4 2.5 29 30 198.868295745611 0.006682490621102488
60 120 2.4 2.5 30 31 187.2988866464325 0.006211823231467406
60 120 2.4 2.5 31 32 176.614588197537 0.005772286854920594
60 120 2.4 2.5 32 33 166.7277096446253 0.005382806729699041
60 120 2.4 2.5 33 34 157.5612939940452 0.005014806823623985
60 120 2.4 2.5 34 35 149.0475942079478 0.004673870534389835
60 120 2.4 2.5 35 36 141.1268180505371 0.004372119137570962
60 120 2.4 2.5 36 37 133.7459608177704 0.004082017683742833
60 120 2.4 2.5 37 38 126.8579583841994 0.003812979735627664
60 120 2.4 2.5 38 39 120.4207350159666 0.003576014673882355
60 120 2.4 2.5 39 40 114.3966345690099 0.003345991584552621
60 120 2.4 2.5 40 42 212.2080063735594 0.00853545630477015
60 120 2.4 2.5 42 44 192.2868097339237 0.006609367488408679
60 120 2.4 2.5 44 46 174.6568311563836 0.005049741655824391
60 120 2.4 2.5 46 48 158.9927507734809 0.004175700921507541
60 120 2.4 2.5 48 50 145.0251390700524 0.003708441074820712
60 120 2.4 2.5 50 52 132.5290069056574 0.003292025710038615
60 120 2.4 2.5 52 54 121.3157106827601 0.00293485355244627
60 120 2.4 2.5 54 56 111.2261581130823 0.002618212814965659
60 120 2.4 2.5 56 58 102.1252527818407 0.002342490239556128
60 120 2.4 2.5 58 60 93.89736597055941 0.002099027597580516
60 120 2.4 2.5 60 65 203.6145342990185 0.0063532124995902
60 120 2.4 2.5 65 70 166.7500095509609 0.003371175906039525
60 120 2.4 2.5 70 80 251.3266499170694 0.004708683347331544
60 120 2.4 2.5 80 90 174.2819911015023 0.002981684404602447
60 120 2.4 2.5 90 100 123.0491128841245 0.001953559475467159
60 120 2.5 2.75 0 0.5 -2.707266484307847 7.341008281969152e-05
60 120 2.5 2.75 0.5 1 -1987.065391357339 0.05222021704685176
60 120 2.5 2.75 1 1.5 2301.646126154395 0.0806866726975386
60 120 2.5 2.75 1.5 2 4048.284787832893 0.1185005216202626
60 120 2.5 2.75 2 2.5 4161.990616746521 0.08421820212151943
60 120 2.5 2.75 2.5 3 3901.552526504236 0.182461268708721
60 120 2.5 2.75 3 3.5 3564.640254782943 0.1272254377554418
60 120 2.5 2.75 3.5 4 3234.720776800081 0.08813772830581001
60 120 2.5 2.75 4 4.5 2934.917061779112 0.146268401629186
60 120 2.5 2.75 4.5 5 2669.349476993558 0.130640392343139
60 120 2.5 2.75 5 5.5 2436.01752283879 0.1174923016683351
60 120 2.5 2.75 5.5 6 2231.205918206424 0.1063922827170245
60 120 2.5 2.75 6 6.5 2051.033313615621 0.09656012929099234
60 120 2.5 2.75 6.5 7 1891.960491539509 0.08813861348335195
60 120 2.5 2.75 7 7.5 1750.92507228926 0.08074318588023743
60 120 2.5 2.75 7.5 8 1625.331538179296 0.07422060921135198
60 120 2.5 2.75 8 8.5 1513.003629613198 0.06853695240261004
60 120 2.5 2.75 8.5 9 1412.11839282187 0.06341960298482263
60 120 2.5 2.75 9 9.5 1321.149709135736 0.05879284476009161
60 120 2.5 2.75 9.5 10 1238.815741284715 0.05473914915205569
60 120 2.5 2.75 10 10.5 1164.032676689274 0.05482293447971642
60 120 2.5 2.75 10.5 11 1095.884023384441 0.0476815141832958
60 120 2.5 2.75 11 11.5 1033.58802607015 0.04466280006295165
60 120 2.5 2.75 11.5 12 976.475898918875 0.04194692727310212
60 120 2.5 2.75 12 12.5 923.9738591508378 0.03940134742447299
60 120 2.5 2.75 12.5 13 875.585445387056 0.03707316487100343
60 120 2.5 2.75 13 13.5 830.8822508463784 0.03498250662880764
60 120 2.5 2.75 13.5 14 789.4895770698998 0.03304309639565872
60 120 2.5 2.75 14 14.5 751.08101586533 0.03121100207749805
60 120 2.5 2.75 14.5 15 715.3692601384842 0.0295453094018967
60 120 2.5 2.75 15 16 1333.159496413169 0.05461760614957711
60 120 2.5 2.75 16 17 1216.897846007649 0.04922740916390467
60 120 2.5 2.75 17 18 1114.831075921061 0.04460748587393937
60 120 2.5 2.75 18 19 1024.699671860401 0.04049954364518271
60 120 2.5 2.75 19 20 944.6834799232699 0.03692185885950039
60 120 2.5 2.75 20 21 873.3031284545922 0.04326754599048854
60 120 2.5 2.75 21 22 809.3432192448201 0.03619945165871741
60 120 2.5 2.75 22 23 751.7991229237573 0.03083032782171813
60 120 2.5 2.75 23 24 699.8314332640433 0.0260746487230108
60 120 2.5 2.75 24 25 652.7370225920704 0.0240431828083274
60 120 2.5 2.75 25 26 609.9206494506456 0.0221900598752427
60 120 2.5 2.75 26 27 570.8770480323229 0.02050673963697136
60 120 2.5 2.75 27 28 535.1742260763892 0.01898739901832869
60 120 2.5 2.75 28 29 502.4406763798894 0.01760402467476752
60 120 2.5 2.75 29 30 472.3568042266197 0.01633365375198537
60 120 2.5 2.75 30 31 444.643926623623 0.01518208008036481
60 120 2.5 2.75 31 32 419.0605549965478 0.01411826788017834
60 120 2.5 2.75 32 33 395.3948684668689 0.01314684532525234
60 120 2.5 2.75 33 34 373.4619095261659 0.01225563126615725
60 120 2.5 2.75 34 35 353.0976985411292 0.0114290927091929
60 120 2.5 2.75 35 36 334.1583772154396 0.01067347348566727
60 120 2.5 2.75 36 37 316.5162452657744 0.009971320610645762
60 120 2.5 2.75 37 38 300.0570581147722 0.009322032220836718
60 120 2.5 2.75 38 39 284.6799064646478 0.008723823026627997
60 120 2.5 2.75 39 40 270.2938620220056 0.008168690255388356
60 120 2.5 2.75 40 42 500.9979255552307 0.01998498904026746
60 120 2.5 2.75 42 44 453.4705925735922 0.01513880561225278
60 120 2.5 2.75 44 46 411.4382698119285 0.0116371495608405
60 120 2.5 2.75 46 48 374.1166809436205 0.01018320937680528
60 120 2.5 2.75 48 50 340.8590580387552 0.009027941220097091
60 120 2.5 2.75 50 52 311.1259368480631 0.008020310508186412
60 120 2.5 2.75 52 54 284.4650492337448 0.007140327332592733
60 120 2.5 2.75 54 56 260.493064061666 0.006370169215415444
60 120 2.5 2.75 56 58 238.8859147901663 0.00569247004628437
60 120 2.5 2.75 58 60 219.3653240201004 0.005098247289083702
60 120 2.5 2.75 60 65 474.6399024319853 0.01940530250948314
60 120 2.5 2.75 65 70 387.4028227954021 0.008160389654506162
60 120 2.5 2.75 70 80 580.8705976768546 0.01135966690264922
60 120 2.5 2.75 80 90 399.7213630584535 0.007151900727819793
60 120 2.5 2.75 90 100 279.8746244058603 0.004654739433590294
60 120 2.75 3 0 0.5 -2.471665453886266 6.976665959479433e-05
60 120 2.75 3 0.5 1 -1398.897450215086 0.04895967824973013
60 120 2.75 3 1 1.5 2629.401394785466 0.07566602322322069
60 120 2.75 3 1.5 2 4055.422340097229 0.02160265342354251
60 120 2.75 3 2 2.5 4064.274001294606 0.03408198210445335
60 120 2.75 3 2.5 3 3766.294700032322 0.01527420704042015
60 120 2.75 3 3 3.5 3417.655170790355 0.007230850700125302
60 120 2.75 3 3.5 4 3086.930364189376 0.007505816527554998
60 120 2.75 3 4 4.5 2791.125491854493 0.003097095221164636
60 120 2.75 3 4.5 5 2531.630113429651 0.01256355107170748
60 120 2.75 3 5 5.5 2305.14703378797 0.009770816574018681
60 120 2.75 3 5.5 6 2107.320625419323 0.1047343913596706
60 120 2.75 3 6 6.5 1933.953213161447 0.09511964016678576
60 120 2.75 3 6.5 7 1781.355502872346 0.08670541389005848
60 120 2.75 3 7 7.5 1646.399848050241 0.07935190434500328
60 120 2.75 3 7.5 8 1526.476425380681 0.07283401847394089
60 120 2.75 3 8 8.5 1419.416590247724 0.06716656570574742
60 120 2.75 3 8.5 9 1323.41834654575 0.06214482774089447
60 120 2.75 3 9 9.5 1236.979468360112 0.05761481085778541
60 120 2.75 3 9.5 10 1158.845615105108 0.05354732197974954
60 120 2.75 3 10 10.5 1087.960162395114 0.05184533634883337
60 120 2.75 3 10.5 11 1023.430339775835 0.04660209347366617
60 120 2.75 3 11 11.5 964.5013130066094 0.04363096977567693
60 120 2.75 3 11.5 12 910.5241065259462 0.04090866432068196
60 120 2.75 3 12 12.5 860.9466837899604 0.03841735953437819
60 120 2.75 3 12.5 13 815.2904978022699 0.0361451454842836
60 120 2.75 3 13 13.5 773.143066914555 0.0340587275048847
60 120 2.75 3 13.5 14 734.144239535784 0.03214111942747877
60 120 2.75 3 14 14.5 697.9808035801127 0.03037079702664869
60 120 2.75 3 14.5 15 664.3777052698764 0.02873562987861078
60 120 2.75 3 15 16 1237.010663009328 0.05303039443151647
60 120 2.75 3 16 17 1127.800277555459 0.04777390623667088
60 120 2.75 3 17 18 1032.023422459465 0.04321637613134044
60 120 2.75 3 18 19 947.5260141976137 0.03921541940269435
60 120 2.75 3 19 20 872.5775998346007 0.03571220444723622
60 120 2.75 3 20 21 805.7729929451087 0.03260158975456307
60 120 2.75 3 21 22 745.9594739530619 0.03394562506468901
60 120 2.75 3 22 23 692.1854218992175 0.0284746767647448
60 120 2.75 3 23 24 643.6572473767795 0.02517873284352845
60 120 2.75 3 24 25 599.7091900597932 0.02320036258868186
60 120 2.75 3 25 26 559.7799153507718 0.02141070955565283
60 120 2.75 3 26 27 523.3932019357533 0.01979691041060505
60 120 2.75 3 27 28 490.1413355812663 0.01832708164943142
60 120 2.75 3 28 29 459.6748969978423 0.01698733523716101
60 120 2.75 3 29 30 431.6910196217728 0.01576844852866088
60 120 2.75 3 30 31 405.9297903937014 0.01464781609075771
60 120 2.75 3 31 32 382.162777797239 0.01361837401844923
60 120 2.75 3 32 33 360.191778658008 0.01267464088289216
60 120 2.75 3 33 34 339.8419289082552 0.01180403371023431
60 120 2.75 3 34 35 320.9601824276202 0.0110008138719877
60 120 2.75 3 35 36 303.4103381627989 0.01026408064694806
60 120 2.75 3 36 37 287.0733281564976 0.009580643827575841
60 120 2.75 3 37 38 271.8417853984112 0.008950368954515397
60 120 2.75 3 38 39 257.620987915391 0.008371111381279661
60 120 2.75 3 39 40 244.3257348493498 0.007833065025096175
60 120 2.75 3 40 42 452.0952983941019 0.01744703193662644
60 120 2.75 3 42 44 408.2593730768288 0.01307833618648147
60 120 2.75 3 44 46 369.5445520585185 0.01101575654138287
60 120 2.75 3 46 48 335.2163972392547 0.009728265294143057
60 120 2.75 3 48 50 304.6693145281344 0.008612806142878071
60 120 2.75 3 50 52 277.3996528440695 0.007637410592394644
60 120 2.75 3 52 54 252.9837164377241 0.006790009613268921
60 120 2.75 3 54 56 231.0639856496228 0.006045895759626774
60 120 2.75 3 56 58 211.3382034549493 0.005395871628564919
60 120 2.75 3 58 60 193.5472049969685 0.004823162320974461
60 120 2.75 3 60 65 416.7978185664904 0.009982856247290783
60 120 2.75 3 65 70 337.7652283324479 0.007656092810293558
60 120 2.75 3 70 80 500.8969463732375 0.0105693285715347
60 120 2.75 3 80 90 339.1146641408602 0.006567313995958557
60 120 2.75 3 90 100 233.287267996272 0.004210022535147573
60 120 3 3.25 0 0.5 -2.21398600686302 6.606120164098783e-05
60 120 3 3.25 0.5 1 -766.9499163461963 0.01654222409376871
60 120 3 3.25 1 1.5 2937.052665052105 0.07078213228578534
60 120 3 3.25 1.5 2 4008.853256506042 0.01138210605131462
60 120 3 3.25 2 2.5 3907.543318686438 0.007453572390659247
60 120 3 3.25 2.5 3 3574.188973514258 0.005489807050253148
60 120 3 3.25 3 3.5 3217.87997690028 0.01453993462973813
60 120 3 3.25 3.5 4 2890.704898043726 0.002729117105900514
60 120 3 3.25 4 4.5 2603.061037589716 0.002491149667548598
60 120 3 3.25 4.5 5 2353.41486421654 0.009001532064758067
60 120 3 3.25 5 5.5 2137.140606722701 0.007958075477290549
60 120 3 3.25 5.5 6 1949.269642633885 0.001976626698251494
60 120 3 3.25 6 6.5 1785.331336476166 0.001077969395964828
60 120 3 3.25 6.5 7 1641.527831954969 0.002075683489465519
60 120 3 3.25 7 7.5 1514.712734617395 0.0004563227316793927
60 120 3 3.25 7.5 8 1402.296862974644 0.003229147280535472
60 120 3 3.25 8 8.5 1302.148560472958 0.06505508800796633
60 120 3 3.25 8.5 9 1212.514580550388 0.06013124156561389
60 120 3 3.25 9 9.5 1131.940545675555 0.05573732672792175
60 120 3 3.25 9.5 10 1059.214138103739 0.05179115441728754
60 120 3 3.25 10 10.5 993.3232307399768 0.04823841609561441
60 120 3 3.25 10.5 11 933.4159180433328 0.04503320614833228
60 120 3 3.25 11 11.5 878.7676992785568 0.04212808654767741
60 120 3 3.25 11.5 12 828.7670630519591 0.03949841983092028
60 120 3 3.25 12 12.5 782.8870861099065 0.03710083869270875
60 120 3 3.25 12.5 13 740.674062624272 0.03489301047875415
60 120 3 3.25 13 13.5 701.7390871644629 0.03286403992444775
60 120 3 3.25 13.5 14 665.7420868591497 0.03100399863535586
60 120 3 3.25 14 14.5 632.3890853393343 0.02929037388207689
60 120 3 3.25 14.5 15 601.4199989515128 0.02770971709298919
60 120 3 3.25 15 16 1118.366258758997 0.05113780457509165
60 120 3 3.25 16 17 1017.920398440267 0.04605447536050633
60 120 3 3.25 17 18 929.938830261661 0.04164954391694664
60 120 3 3.25 18 19 852.4112273765724 0.03779939040350655
60 120 3 3.25 19 20 783.7225604726879 0.0344016292277729
60 120 3 3.25 20 21 722.5635568964025 0.03139869862081923
60 120 3 3.25 21 22 667.8627202754872 0.03094829835686141
60 120 3 3.25 22 23 618.7355097056808 0.02634297647273343
60 120 3 3.25 23 24 574.4449671060073 0.02420141084473926
60 120 3 3.25 24 25 534.3738235430417 0.02227639829334294
60 120 3 3.25 25 26 498.0022182499643 0.02053871746119285
60 120 3 3.25 26 27 464.8895521720639 0.0189624887627815
60 120 3 3.25 27 28 434.6576844414161 0.0175348824970456
60 120 3 3.25 28 29 406.9831482494266 0.01623495833280231
60 120 3 3.25 29 30 381.5874475792544 0.01504657606545834
60 120 3 3.25 30 31 358.2300929611001 0.01396461552053552
60 120 3 3.25 31 32 336.7013029906386 0.01296987524597171
60 120 3 3.25 32 33 316.817407415406 0.01205873857878714
60 120 3 3.25 33 34 298.4173633097625 0.01122456089893831
60 120 3 3.25 34 35 281.3603666131955 0.01045366689555749
60 120 3 3.25 35 36 265.5224041854726 0.009743463880624859
60 120 3 3.25 36 37 250.7930922367004 0.009091738042855013
60 120 3 3.25 37 38 237.0742552063251 0.008487352458047326
60 120 3 3.25 38 39 224.2779726211164 0.007927763017846701
60 120 3 3.25 39 40 212.3263809339007 0.007412719133839119
60 120 3 3.25 40 42 391.8365616290427 0.01410192392569343
60 120 3 3.25 42 44 352.5552537931067 0.01177465239447884
60 120 3 3.25 44 46 317.9370690864981 0.01034974115447085
60 120 3 3.25 46 48 287.3110013368382 0.009120097010566042
60 120 3 3.25 48 50 260.12324837646 0.008050850932932008
60 120 3 3.25 50 52 235.9098470803139 0.007123325942529846
60 120 3 3.25 52 54 214.2839993626732 0.006312779239465272
60 120 3 3.25 54 56 194.919955952604 0.005605563729261576
60 120 3 3.25 56 58 177.5390493945355 0.004986945734486881
60 120 3 3.25 58 60 161.90437285489 0.004443525029273587
60 120 3 3.25 60 65 346.0633155235322 0.00914353914640742
60 120 3 3.25 65 70 277.2891644836546 0.006950344490462612
60 120 3 3.25 70 80 404.1438355870262 0.009458800265917944
60 120 3 3.25 80 90 266.6816788922476 0.005746971496250808
60 120 3 3.25 90 100 178.4335292509051 0.003593110726114901
60 120 3.25 3.5 0 0.5 -1.917066252719661 6.126425954344761e-05
60 120 3.25 3.5 0.5 1 -111.3923496143218 0.00382094850893111
60 120 3.25 3.5 1 1.5 3167.162564926334 0.06587862443620907
60 120 3.25 3.5 1.5 2 3854.070822016528 0.02456208885996602
60 120 3.25 3.5 2 2.5 3644.744860538131 0.004580541117775283
60 120 3.25 3.5 2.5 3 3284.682560396707 0.01240497542539742
60 120 3.25 3.5 3 3.5 2930.089731609667 0.009484168587732711
60 120 3.25 3.5 3.5 4 2615.119664878313 0.003772658654270344
60 120 3.25 3.5 4 4.5 2343.233406650938 0.003000223943217861
60 120 3.25 3.5 4.5 5 2110.046129833545 0.008080514138782746
60 120 3.25 3.5 5 5.5 1909.720861494352 0.004597449952825627
60 120 3.25 3.5 5.5 6 1736.806510219992 0.001174322556380503
60 120 3.25 3.5 6 6.5 1586.676900312495 0.001205580203986756
60 120 3.25 3.5 6.5 7 1455.528080955921 0.003165403370985587
60 120 3.25 3.5 7 7.5 1340.268909793387 0.002091973478627551
60 120 3.25 3.5 7.5 8 1238.396650917068 0.0006381131477155577
60 120 3.25 3.5 8 8.5 1147.876581660121 0.001744359049325794
60 120 3.25 3.5 8.5 9 1067.043695981417 0.003246928715498143
60 120 3.25 3.5 9 9.5 994.5263071190551 0.00246630360288691
60 120 3.25 3.5 9.5 10 929.1903459681922 0.001399780833594377
60 120 3.25 3.5 10 10.5 870.0931827455938 0.04265894803961601
60 120 3.25 3.5 10.5 11 816.4446698820266 0.03690884962952623
60 120 3.25 3.5 11 11.5 767.5759821085052 0.03203934361761185
60 120 3.25 3.5 11.5 12 722.9194625048901 0.02784664889463784
60 120 3.25 3.5 12 12.5 681.9913399894542 0.02442092609771862
60 120 3.25 3.5 12.5 13 644.3773313191655 0.02127522295359086
60 120 3.25 3.5 13 13.5 609.7219846173373 0.0188079134718464
60 120 3.25 3.5 13.5 14 577.7155983935093 0.01660313915783718
60 120 3.25 3.5 14 14.5 548.0889230303585 0.01479276354814374
60 120 3.25 3.5 14.5 15 520.6058009831054 0.01318481268970118
60 120 3.25 3.5 15 16 966.3303890057599 0.003478059192275396
60 120 3.25 3.5 16 17 877.4187277338015 0.002353259670371699
60 120 3.25 3.5 17 18 799.6703830349385 0.03982468599235744
60 120 3.25 3.5 18 19 731.2655834911869 0.03609483266438929
60 120 3.25 3.5 19 20 670.750027394686 0.03280884119214988
60 120 3.25 3.5 20 21 616.9487128090581 0.02989931000706747
60 120 3.25 3.5 21 22 568.8979965157478 0.02731797755905063
60 120 3.25 3.5 22 23 525.8016770431476 0.02501623533487418
60 120 3.25 3.5 23 24 487.0018065888148 0.02294850440324581
60 120 3.25 3.5 24 25 451.947880051794 0.02109444906727731
60 120 3.25 3.5 25 26 420.1739584952307 0.01942259493233678
60 120 3.25 3.5 26 27 391.2848489539007 0.01790293004211208
60 120 3.25 3.5 27 28 364.9455540078167 0.01653081787679866
60 120 3.25 3.5 28 29 340.868963960023 0.01528323677399612
60 120 3.25 3.5 29 30 318.8064601272109 0.01414154869814865
60 120 3.25 3.5 30 31 298.5428640331481 0.01310114690926412
60 120 3.25 3.5 31 32 279.8921292747254 0.01215153482752385
60 120 3.25 3.5 32 33 262.6918403959891 0.01128047507785368
60 120 3.25 3.5 33 34 246.7998049677202 0.01047807405825552
60 120 3.25 3.5 34 35 232.0898020008 0.009742528811273132
60 120 3.25 3.5 35 36 218.4515901712857 0.009068830394966199
60 120 3.25 3.5 36 37 205.7873164380713 0.008444722283087458
60 120 3.25 3.5 37 38 194.0104581598806 0.007867162445108988
60 120 3.25 3.5 38 39 183.0434204234074 0.007336295028522954
60 120 3.25 3.5 39 40 172.8169650970126 0.006846693441019625
60 120 3.25 3.5 40 42 317.6147463781719 0.01236260341732986
60 120 3.25 3.5 42 44 284.1682307224311 0.01079850697198026
60 120 3.25 3.5 44 46 254.7960841108174 0.00945422925008188
60 120 3.25 3.5 46 48 228.9051359722591 0.008291820870169886
60 120 3.25 3.5 48 50 206.0065673849235 0.007290217338947969
60 120 3.25 3.5 50 52 185.692702002236 0.006416914094842241
60 120 3.25 3.5 52 54 167.6228171175056 0.005661550027014073
60 120 3.25 3.5 54 56 151.5094921524307 0.005001000369986741
60 120 3.25 3.5 56 58 137.1083929641716 0.004425417139401588
60 120 3.25 3.5 58 60 124.2118161157093 0.00392318697969074
60 120 3.25 3.5 60 65 262.4346870835238 0.007996320175664096
60 120 3.25 3.5 65 70 206.6100672331275 0.005988217157749887
60 120 3.25 3.5 70 80 293.1095930385774 0.007959821263398226
60 120 3.25 3.5 80 90 185.8018666997532 0.004666089841407484
60 120 3.25 3.5 90 100 119.0111872310481 0.002804526016177533
60 120 3.5 4 0 0.5 -2.691368991828037 0.0001015450929595652
60 120 3.5 4 0.5 1 1433.293453425852 0.06985287517318284
60 120 3.5 4 1 1.5 6124.114223832576 0.08088632679209695
60 120 3.5 4 1.5 2 6378.273548467335 0.02027084889596154
60 120 3.5 4 2 2.5 5743.54358839236 0.008087495634754305
60 120 3.5 4 2.5 3 5045.167677393139 0.01873834776779404
60 120 3.5 4 3 3.5 4426.716521062909 0.006009735219777212
60 120 3.5 4 3.5 4 3903.797772399672 0.003153724042476824
60 120 3.5 4 4 4.5 3465.353678254711 0.00380052984746726
60 120 3.5 4 4.5 5 3096.598868656258 0.00404196109957411
60 120 3.5 4 5 5.5 2784.29313938417 0.002488133253791602
60 120 3.5 4 5.5 6 2517.659508676042 0.001333951592187077
60 120 3.5 4 6 6.5 2288.185847961558 0.0001822557242121547
60 120 3.5 4 6.5 7 2089.177522958064 0.0001536608651804272
60 120 3.5 4 7 7.5 1915.359359443737 0.001327427733258446
60 120 3.5 4 7.5 8 1762.550003771393 0.001730065308720441
60 120 3.5 4 8 8.5 1627.405019903146 0.001516619049425572
60 120 3.5 4 8.5 9 1507.227882680934 0.0008379957198485499
60 120 3.5 4 9 9.5 1399.823927695111 0.0003793104983742523
60 120 3.5 4 9.5 10 1303.394410722341 0.0007953757612995105
60 120 3.5 4 10 10.5 1216.452900860157 0.0003289225612661539
60 120 3.5 4 10.5 11 1137.761528965271 0.05458150189838307
60 120 3.5 4 11 11.5 1066.281391208865 0.0472452444157625
60 120 3.5 4 11.5 12 1001.135396119421 0.04104443045230255
60 120 3.5 4 12 12.5 941.5796062177634 0.03569206183215101
60 120 3.5 4 12.5 13 886.9792979098146 0.03130673246550941
60 120 3.5 4 13 13.5 836.7883877566127 0.02748953134982912
60 120 3.5 4 13.5 14 790.5355806199647 0.02428630473764315
60 120 3.5 4 14 14.5 747.8120130469883 0.02145831365282902
60 120 3.5 4 14.5 15 708.2624692569492 0.01902411396940806
60 120 3.5 4 15 16 1309.056505984018 0.0001578424471517792
60 120 3.5 4 16 17 1181.856760513557 0.0007132240598366479
60 120 3.5 4 17 18 1071.038700398826 0.0009773704114195425
60 120 3.5 4 18 19 973.894445760238 0.0001605935698307803
60 120 3.5 4 19 20 888.2597043234966 0.0005344220634242447
60 120 3.5 4 20 21 812.3893648903174 0.0005506879878112159
60 120 3.5 4 21 22 744.861799244774 0.03706986464305828
60 120 3.5 4 22 23 684.5082312918138 0.03080624209178495
60 120 3.5 4 23 24 630.3595084249605 0.02564884544801771
60 120 3.5 4 24 25 581.6064203385286 0.02135102106205977
60 120 3.5 4 25 26 537.5692963657457 0.01783837021957879
60 120 3.5 4 26 27 497.6725461687387 0.01493765727144591
60 120 3.5 4 27 28 461.4265772945433 0.01247237080815466
60 120 3.5 4 28 29 428.4131399670446 0.01041784707888382
60 120 3.5 4 29 30 398.2720426935033 0.008717421839435247
60 120 3.5 4 30 31 370.691780371821 0.007254592531978687
60 120 3.5 4 31 32 345.4024423395022 0.005990686753989394
60 120 3.5 4 32 33 322.1692209212109 0.004927370342272752
60 120 3.5 4 33 34 300.7864913284076 0.004041620918201261
60 120 3.5 4 34 35 281.0731824331231 0.003280442952359408
60 120 3.5 4 35 36 262.869991678345 0.002587148179145515
60 120 3.5 4 36 37 246.0366576911784 0.002041443511132002
60 120 3.5 4 37 38 230.4480678826421 0.00155421646064724
60 120 3.5 4 38 39 215.9932882038333 0.001100300679553357
60 120 3.5 4 39 40 202.5739260228364 0.0007437203697406858
60 120 3.5 4 40 42 368.5970576157687 0.002543399140449765
60 120 3.5 4 42 44 325.2933842473988 0.001314517448747665
60 120 3.5 4 44 46 287.6228880269076 0.004001512561558229
60 120 3.5 4 46 48 254.7406812221799 0.005978990233813875
60 120 3.5 4 48 50 225.9507473949589 0.01120487583915519
60 120 3.5 4 50 52 200.6756602208679 0.00974003531763401
60 120 3.5 4 52 54 178.433558841527 0.008477640747315718
60 120 3.5 4 54 56 158.8188153439162 0.00738958043999105
60 120 3.5 4 56 58 141.4881856065137 0.006454117294367734
60 120 3.5 4 58 60 126.149668859946 0.005634417063802744
60 120 3.5 4 60 65 259.1897421971843 0.01238434596234583
60 120 3.5 4 65 70 195.5758162564433 0.008063975041665117
60 120 3.5 4 70 80 260.1522151927769 0.01009516514386632
60 120 3.5 4 80 90 149.8598017569869 0.005402892433778561
60 120 3.5 4 90 100 86.59140628480618 0.002930912299035526
60 120 4 5 0 0.5 -0.7086907019840316 9.738266433911846e-06
60 120 4 5 0.5 1 1806.819830747328 0.06500193339979887
60 120 4 5 1 1.5 3457.011090039565 0.1031325227349953
60 120 4 5 1.5 2 2993.75005113814 0.06206959358087261
60 120 4 5 2 2.5 2503.724196807642 0.03587427451793701
60 120 4 5 2.5 3 2106.636487002957 0.02415969832827614
60 120 4 5 3 3.5 1794.21410923455 0.01871642652395167
60 120 4 5 3.5 4 1546.338665364858 0.06760258886265547
60 120 4 5 4 4.5 1347.495339128205 0.04856032534871702
60 120 4 5 4.5 5 1185.256310546391 0.03417280696135094
60 120 4 5 5 5.5 1051.007561898168 0.02282496175917004
60 120 4 5 5.5 6 938.5092356822126 0.01415436604713705
60 120 4 5 6 6.5 843.1761644342456 0.007272482572034278
60 120 4 5 6.5 7 761.5874958988928 0.001764959479601202
60 120 4 5 7 7.5 691.1470512775801 0.002661235589926036
60 120 4 5 7.5 8 629.8564477201792 0.006087443501542111
60 120 4 5 8 8.5 576.1552193007417 0.009000326034765749
60 120 4 5 8.5 9 528.8082937530185 0.01133705337065294
60 120 4 5 9 9.5 486.8286014032166 0.01323014064035988
60 120 4 5 9.5 10 449.418457805927 0.01474901735042522
60 120 4 5 10 10.5 415.9260474267245 0.01599148844115916
60 120 4 5 10.5 11 385.8141132689424 0.01699031853939914
60 120 4 5 11 11.5 358.6366127625469 0.017850742635801
60 120 4 5 11.5 12 334.0980691536302 0.01534875654920143
60 120 4 5 12 12.5 311.7234913304354 0.01321440357571646
60 120 4 5 12.5 13 291.329994879663 0.011421151337629
60 120 4 5 13 13.5 272.6900055888669 0.009911919636692801
60 120 4 5 13.5 14 255.6082786616239 0.008619607162756893
60 120 4 5 14 14.5 239.9165676126734 0.007509169367295954
60 120 4 5 14.5 15 225.4691188821921 0.006564264210084048
60 120 4 5 15 16 411.9549924420872 0.003122512216805262
60 120 4 5 16 17 366.2146143470914 0.002746312548595142
60 120 4 5 17 18 326.7799849003975 0.002712996274226498
60 120 4 5 18 19 292.5686812216196 0.002661450886307648
60 120 4 5 19 20 262.7231495590621 0.002543581447184806
60 120 4 5 20 21 236.5549348574497 0.002493568316566552
60 120 4 5 21 22 213.5068835931654 0.009146749068207782
60 120 4 5 22 23 193.1239894600122 0.007014180350012111
60 120 4 5 23 24 175.0307210481479 0.005276393669845447
60 120 4 5 24 25 158.9154957348348 0.003900177994779597
60 120 4 5 25 26 144.5174810555176 0.002795183142808355
60 120 4 5 26 27 131.6172641265277 0.002442581657732035
60 120 4 5 27 28 120.0289925017298 0.002398903611720016
60 120 4 5 28 29 109.594366224626 0.002430646246736501
60 120 4 5 29 30 100.1777560222707 0.002308813590104819
60 120 4 5 30 31 91.66254383617651 0.002150462180068757
60 120 4 5 31 32 83.94822243013117 0.002148874094231701
60 120 4 5 32 33 76.94749063413271 0.002066932023240042
60 120 4 5 33 34 70.58429808081048 0.00185289652868903
60 120 4 5 34 35 64.79214695949652 0.00169578399986392
60 120 4 5 35 36 59.51283785772529 0.001602660322596705
60 120 4 5 36 37 54.694934408946 0.001506638165466256
60 120 4 5 37 38 50.29310650344775 0.001319044921963552
60 120 4 5 38 39 46.26712973405741 0.001302583627285969
60 120 4 5 39 40 42.58133750705594 0.001322532974043611
60 120 4 5 40 42 75.3107326849041 0.001795660524663845
60 120 4 5 42 44 63.91783127915564 0.001334078222903656
60 120 4 5 44 46 54.30289227048055 0.0009784349393768821
60 120 4 5 46 48 46.1696482834428 0.0006874565869310345
60 120 4 5 48 50 39.27615935131512 0.0004034253986873182
60 120 4 5 50 52 33.42420166135296 0.0002362666700292948
60 120 4 5 52 54 28.44971872750102 4.78457807027155e-05
60 120 4 5 54 56 24.21678886348611 4.508553651660918e-05
60 120 4 5 56 58 20.61185682170176 0.000144571975766894
60 120 4 5 58 60 17.53997604128398 0.0001985233372501227
60 120 4 5 60 65 33.22087785308869 0.0005951011336264855
60 120 4 5 65 70 22.10781866613423 0.0005633886895353157
60 120 4 5 70 80 24.30364878532549 0.00051076258303695
60 120 4 5 80 90 10.42738613914632 0.0001610360308230696
60 120 4 5 90 100 4.332060095315136 0.0001007250151641159
10 120 -5 5 0 100 1283838.551235351 29.55681842606182
