#q2lo q2hi ylo yhi qTlo qThi PDF0  uncertainty
10 60 -5 -4 0 0.5 -507214.0631478737 9.676871915173251
10 60 -5 -4 0.5 1 86678.40181626553 0.3438145839172648
10 60 -5 -4 1 1.5 90730.46151363585 3.423645697068423
10 60 -5 -4 1.5 2 72106.97118258417 2.376168853661511
10 60 -5 -4 2 2.5 57179.63227354964 1.715940184927604
10 60 -5 -4 2.5 3 46197.44844470811 1.810803438216681
10 60 -5 -4 3 3.5 38033.27798842505 0.9970952151779784
10 60 -5 -4 3.5 4 31820.14622947696 0.7866697490244405
10 60 -5 -4 4 4.5 26979.67443357102 0.6384284620617109
10 60 -5 -4 4.5 5 23129.04068369191 0.621169868936704
10 60 -5 -4 5 5.5 20010.12002677643 0.9034398656294798
10 60 -5 -4 5.5 6 17444.69986908992 0.367130244809232
10 60 -5 -4 6 6.5 15306.6767912772 0.307573368147132
10 60 -5 -4 6.5 7 13504.80209498751 0.2584115674417262
10 60 -5 -4 7 7.5 11971.64613396234 0.2167699372621428
10 60 -5 -4 7.5 8 10656.37973621675 0.1821446800131525
10 60 -5 -4 8 8.5 9520.030435919878 0.153675744209977
10 60 -5 -4 8.5 9 8532.223422316889 0.1300019640257233
10 60 -5 -4 9 9.5 7668.92661149983 0.1104450634638852
10 60 -5 -4 9.5 10 6910.897989188128 0.09381604802274524
10 60 -5 -4 10 10.5 6242.519494344097 0.08027033896723879
10 60 -5 -4 10.5 11 5650.996333028049 0.06943076830066275
10 60 -5 -4 11 11.5 5125.747025421687 0.250454975480352
10 60 -5 -4 11.5 12 4657.933472262369 0.1880276727297314
10 60 -5 -4 12 12.5 4240.127894558438 0.1382645824533029
10 60 -5 -4 12.5 13 3866.044872843557 0.09866077028391373
10 60 -5 -4 13 13.5 3530.329099138152 0.06744007864790547
10 60 -5 -4 13.5 14 3228.39244552533 0.04258443300204817
10 60 -5 -4 14 14.5 2956.289764046212 0.02850861286697182
10 60 -5 -4 14.5 15 2710.611566546399 0.02537753699516543
10 60 -5 -4 15 16 4775.468289716518 0.06956867057488125
10 60 -5 -4 16 17 4042.720760460847 0.180544383416418
10 60 -5 -4 17 18 3436.757358443259 0.0284192800877463
10 60 -5 -4 18 19 2932.880554529259 0.02339370624622461
10 60 -5 -4 19 20 2511.784380791556 0.01941288203806835
10 60 -5 -4 20 21 2158.240185607305 0.01625765468497775
10 60 -5 -4 21 22 1860.13953491419 0.01365634710418817
10 60 -5 -4 22 23 1607.790346819748 0.01163353750871465
10 60 -5 -4 23 24 1393.381697015212 0.01228966399480669
10 60 -5 -4 24 25 1210.580450246046 0.01285564359545788
10 60 -5 -4 25 26 1054.223744647864 0.01354686188437881
10 60 -5 -4 26 27 920.0816740613052 0.01416741906871266
10 60 -5 -4 27 28 804.6713557668131 0.014283103188518
10 60 -5 -4 28 29 705.111359636491 0.01429980656519092
10 60 -5 -4 29 30 619.0090023624094 0.01399434235588615
10 60 -5 -4 30 31 544.368582858046 0.01378381848633126
10 60 -5 -4 31 32 479.5189412500312 0.01357190280788245
10 60 -5 -4 32 33 423.0564178136415 0.01334807032083063
10 60 -5 -4 33 34 373.7976634410606 0.0131223999667327
10 60 -5 -4 34 35 330.7420151298808 0.01281080358967301
10 60 -5 -4 35 36 293.0403669671271 0.01230723683113411
10 60 -5 -4 36 37 259.9700687595747 0.01183272425629411
10 60 -5 -4 37 38 230.9147997401656 0.01124759477968951
10 60 -5 -4 38 39 205.3475759531372 0.001254591976447728
10 60 -5 -4 39 40 182.8163002839797 0.001111640275127002
10 60 -5 -4 40 42 308.2927118019176 0.001865262993533179
10 60 -5 -4 42 44 245.8498690503859 0.001481112142357688
10 60 -5 -4 44 46 196.7881265547992 0.001178512645822138
10 60 -5 -4 46 48 158.0627383720058 0.0009459716877984192
10 60 -5 -4 48 50 127.3655487092665 0.005612173661958764
10 60 -5 -4 50 52 102.9364201427943 0.002433289462118182
10 60 -5 -4 52 54 83.42335498685625 0.0004965058374324371
10 60 -5 -4 54 56 67.78349863266416 0.003149811996081553
10 60 -5 -4 56 58 55.20738644846743 0.0003286082073401531
10 60 -5 -4 58 60 45.06431555422941 0.000268478803384653
10 60 -5 -4 60 65 80.07353418160046 0.0004796068355119587
10 60 -5 -4 65 70 48.96422043950027 0.0002951696878454868
10 60 -5 -4 70 80 48.96027383118175 0.0009434892191961808
10 60 -5 -4 80 90 19.01389212947062 0.0005192685189747692
10 60 -5 -4 90 100 7.4423723859768 0.0002364240323924349
10 60 -4 -3.5 0 0.5 -339433.4284011791 5.584201674966607
10 60 -4 -3.5 0.5 1 36787.73861138804 0.2536162935357424
10 60 -4 -3.5 1 1.5 48144.39345459706 2.130665081778716
10 60 -4 -3.5 1.5 2 39957.83394307169 1.355512166410335
10 60 -4 -3.5 2 2.5 32369.57282693083 0.9546722029081138
10 60 -4 -3.5 2.5 3 26515.4687923552 0.7526849475507333
10 60 -4 -3.5 3 3.5 22053.51133300926 0.6246521046523412
10 60 -4 -3.5 3.5 4 18603.39946785203 0.5128143762631225
10 60 -4 -3.5 4 4.5 15885.09175663963 0.4152305273455568
10 60 -4 -3.5 4.5 5 13704.16707296507 0.3328367912108661
10 60 -4 -3.5 5 5.5 11925.74086462088 0.2671001036724192
10 60 -4 -3.5 5.5 6 10454.80661634717 0.2176548727456975
10 60 -4 -3.5 6 6.5 9223.193665021025 0.1795811059037078
10 60 -4 -3.5 6.5 7 8180.997562023179 0.1499477928855413
10 60 -4 -3.5 7 7.5 7291.007877751736 0.125585678499192
10 60 -4 -3.5 7.5 8 6524.967594322036 0.1055197245314048
10 60 -4 -3.5 8 8.5 5861.080216748497 0.08895236598254996
10 60 -4 -3.5 8.5 9 5282.256249366206 0.07511016436637874
10 60 -4 -3.5 9 9.5 4774.929085729877 0.06371740445683827
10 60 -4 -3.5 9.5 10 4328.180643660452 0.05436057651422743
10 60 -4 -3.5 10 10.5 3933.12910298935 0.04670281918060937
10 60 -4 -3.5 10.5 11 3582.47927883296 0.04049020625188859
10 60 -4 -3.5 11 11.5 3270.178061836444 0.1554060308280896
10 60 -4 -3.5 11.5 12 2991.163502923956 0.1197216024970658
10 60 -4 -3.5 12 12.5 2741.17531618134 0.09117996172881249
10 60 -4 -3.5 12.5 13 2516.601782658483 0.06850278098090712
10 60 -4 -3.5 13 13.5 2314.361473022229 0.05033885905959323
10 60 -4 -3.5 13.5 14 2131.814075851982 0.03587035583632314
10 60 -4 -3.5 14 14.5 1966.686236734154 0.02432848509192809
10 60 -4 -3.5 14.5 15 1817.011859087313 0.01529740563205451
10 60 -4 -3.5 15 16 3238.490703477667 0.04218602283526707
10 60 -4 -3.5 16 17 2786.471888898138 0.02830731825770272
10 60 -4 -3.5 17 18 2409.199589789887 0.06892558237814228
10 60 -4 -3.5 18 19 2092.372919473401 0.09108143077219211
10 60 -4 -3.5 19 20 1824.796719073014 0.01221985315874008
10 60 -4 -3.5 20 21 1597.625637848604 0.01040307625953574
10 60 -4 -3.5 21 22 1403.809373501997 0.008837452462785222
10 60 -4 -3.5 22 23 1237.693170455259 0.007629243612655046
10 60 -4 -3.5 23 24 1094.706458950132 0.006543724043012844
10 60 -4 -3.5 24 25 971.1300368256111 0.005716007325986538
10 60 -4 -3.5 25 26 863.9234768445733 0.004962440633903498
10 60 -4 -3.5 26 27 770.5854374986018 0.004358253663895084
10 60 -4 -3.5 27 28 689.0465206428091 0.003836090202412379
10 60 -4 -3.5 28 29 617.5870648440449 0.004731129611172946
10 60 -4 -3.5 29 30 554.7714389852571 0.005852418045947161
10 60 -4 -3.5 30 31 499.3953358225913 0.006461711270787873
10 60 -4 -3.5 31 32 450.4446619689016 0.007076068262279023
10 60 -4 -3.5 32 33 407.0620312664447 0.00772456300938984
10 60 -4 -3.5 33 34 368.5194784837034 0.007996048750044338
10 60 -4 -3.5 34 35 334.1967544287558 0.008099939541693857
10 60 -4 -3.5 35 36 303.5636227134399 0.008318063000558595
10 60 -4 -3.5 36 37 276.1653102831518 0.008501713087355256
10 60 -4 -3.5 37 38 251.6105259488519 0.008581978241295474
10 60 -4 -3.5 38 39 229.561531009071 0.008691810270448741
10 60 -4 -3.5 39 40 209.7259495239286 0.008810308950415902
10 60 -4 -3.5 40 42 367.5629497771016 0.01776016323555041
10 60 -4 -3.5 42 44 309.029659291824 0.001516683943464159
10 60 -4 -3.5 44 46 260.9624951951525 0.001273548008327907
10 60 -4 -3.5 46 48 221.2629567800577 0.001074482821024958
10 60 -4 -3.5 48 50 188.3006309520816 0.0009115146411602382
10 60 -4 -3.5 50 52 160.7981462634484 0.0007766981289023533
10 60 -4 -3.5 52 54 137.7471704000382 0.0006646065611164431
10 60 -4 -3.5 54 56 118.3460211534153 0.0005707232738387802
10 60 -4 -3.5 56 58 101.9530813639374 0.0004917619836817266
10 60 -4 -3.5 58 60 88.0516860483017 0.0004249978424013534
10 60 -4 -3.5 60 65 172.0912781983413 0.0008330375067941986
10 60 -4 -3.5 65 70 121.4858345771913 0.0005916858930987701
10 60 -4 -3.5 70 80 149.1283303684718 0.0007353909535936509
10 60 -4 -3.5 80 90 78.39146696028162 0.0003949939855800721
10 60 -4 -3.5 90 100 42.20999278132202 0.0002178881981080849
10 60 -3.5 -3.25 0 0.5 -190883.8271243692 2.881175736052683
10 60 -3.5 -3.25 0.5 1 16374.62110207349 0.01791439711269049
10 60 -3.5 -3.25 1 1.5 24364.80711350321 0.987397930399311
10 60 -3.5 -3.25 1.5 2 20627.32128605694 0.8021563397705904
10 60 -3.5 -3.25 2 2.5 16861.40929160609 0.6585343060905871
10 60 -3.5 -3.25 2.5 3 13886.70900115694 0.548445424217789
10 60 -3.5 -3.25 3 3.5 11592.34328453345 0.4701739561951399
10 60 -3.5 -3.25 3.5 4 9805.097609230097 0.4107842301546043
10 60 -3.5 -3.25 4 4.5 8389.667467352208 0.3646373730880441
10 60 -3.5 -3.25 4.5 5 7249.705144089748 0.3310724040165951
10 60 -3.5 -3.25 5 5.5 6317.374726218898 0.306702581026002
10 60 -3.5 -3.25 5.5 6 5544.440861055502 0.118014058445624
10 60 -3.5 -3.25 6 6.5 4896.039560872523 0.09736556573534472
10 60 -3.5 -3.25 6.5 7 4346.519123619101 0.08026126717231818
10 60 -3.5 -3.25 7 7.5 3876.663584653159 0.06664455117743273
10 60 -3.5 -3.25 7.5 8 3471.830681611193 0.05583076021321176
10 60 -3.5 -3.25 8 8.5 3120.683775748988 0.04683635802848585
10 60 -3.5 -3.25 8.5 9 2814.31599328843 0.03950126350446226
10 60 -3.5 -3.25 9 9.5 2545.634052118011 0.03364043834881159
10 60 -3.5 -3.25 9.5 10 2308.920587930691 0.02895528212684439
10 60 -3.5 -3.25 10 10.5 2099.515124900796 0.02485847579691836
10 60 -3.5 -3.25 10.5 11 1913.581056143623 0.02147061458867938
10 60 -3.5 -3.25 11 11.5 1747.932347024879 0.08215490351494736
10 60 -3.5 -3.25 11.5 12 1599.901688070686 0.06318608722381214
10 60 -3.5 -3.25 12 12.5 1467.240015046435 0.04800607178867722
10 60 -3.5 -3.25 12.5 13 1348.039390027298 0.03593168762085952
10 60 -3.5 -3.25 13 13.5 1240.671454697545 0.02630757165024988
10 60 -3.5 -3.25 13.5 14 1143.739534872391 0.01867546370090167
10 60 -3.5 -3.25 14 14.5 1056.040048522473 0.01261329177555126
10 60 -3.5 -3.25 14.5 15 976.5316635229774 0.008003845266784992
10 60 -3.5 -3.25 15 16 1742.894659256512 0.02068626256709649
10 60 -3.5 -3.25 16 17 1502.62267593189 0.01585501763474895
10 60 -3.5 -3.25 17 18 1301.977849746764 0.03697293992399864
10 60 -3.5 -3.25 18 19 1133.379886677418 0.04816189304710861
10 60 -3.5 -3.25 19 20 990.8924475114775 0.006462559457418138
10 60 -3.5 -3.25 20 21 869.8254029661442 0.005486485711458045
10 60 -3.5 -3.25 21 22 766.4429689905157 0.004665671203156307
10 60 -3.5 -3.25 22 23 677.7468427909237 0.004025965028063183
10 60 -3.5 -3.25 23 24 601.3154330715963 0.003475556174976191
10 60 -3.5 -3.25 24 25 535.1788235582081 0.003028579206556969
10 60 -3.5 -3.25 25 26 477.726265074539 0.002642672328647677
10 60 -3.5 -3.25 26 27 427.6328310945151 0.002321751707881958
10 60 -3.5 -3.25 27 28 383.8028305817574 0.002048804180901698
10 60 -3.5 -3.25 28 29 345.3259795153477 0.001812366995807224
10 60 -3.5 -3.25 29 30 311.4421574224852 0.001613288111286693
10 60 -3.5 -3.25 30 31 281.5139173906637 0.001434146153371785
10 60 -3.5 -3.25 31 32 255.0043958046899 0.001289376006440079
10 60 -3.5 -3.25 32 33 231.4596044814809 0.001151627530703081
10 60 -3.5 -3.25 33 34 210.4941089009947 0.001040209646475887
10 60 -3.5 -3.25 34 35 191.7795155998531 0.0009371440928589436
10 60 -3.5 -3.25 35 36 175.035047109528 0.0008484096223639881
10 60 -3.5 -3.25 36 37 160.0197538561259 0.0007694604422567863
10 60 -3.5 -3.25 37 38 146.5262431667987 0.0006992144521404953
10 60 -3.5 -3.25 38 39 134.3754610722221 0.0006372117411217459
10 60 -3.5 -3.25 39 40 123.4123423272733 0.0005815277426677312
10 60 -3.5 -3.25 40 42 218.0300889866217 0.001019286254432927
10 60 -3.5 -3.25 42 44 185.3762454332532 0.0008585355121795146
10 60 -3.5 -3.25 44 46 158.377773341279 0.0007278344552901217
10 60 -3.5 -3.25 46 48 135.917486497432 0.0006207598435707951
10 60 -3.5 -3.25 48 50 117.125813912561 0.0005322101478242303
10 60 -3.5 -3.25 50 52 101.3201998479613 0.0004585178691201008
10 60 -3.5 -3.25 52 54 87.96065051009016 0.0003969195790318736
10 60 -3.5 -3.25 54 56 76.6167270859338 0.000344884067871476
10 60 -3.5 -3.25 56 58 66.94301987893044 0.0003009781924276922
10 60 -3.5 -3.25 58 60 58.66047370953957 0.0002633640694043038
10 60 -3.5 -3.25 60 65 117.6088678191804 0.0005280898318744676
10 60 -3.5 -3.25 65 70 86.37416264900001 0.0003886328089350854
10 60 -3.5 -3.25 70 80 112.6406710400169 0.0006396461244690954
10 60 -3.5 -3.25 80 90 64.93758237756209 0.0005414824246514627
10 60 -3.5 -3.25 90 100 38.67610253848251 0.0004352989198395107
10 60 -3.25 -3 0 0.5 -205068.3278147432 4.2613232016447
10 60 -3.25 -3 0.5 1 14989.6844473363 0.02477779034779815
10 60 -3.25 -3 1 1.5 24519.83745845291 1.059928310620307
10 60 -3.25 -3 1.5 2 21027.15085952985 0.7362824831980106
10 60 -3.25 -3 2 2.5 17286.05882063189 0.5794766940562113
10 60 -3.25 -3 2.5 3 14283.91076367194 0.4552784905426961
10 60 -3.25 -3 3 3.5 11950.40691273064 0.3589037287474639
10 60 -3.25 -3 3.5 4 10123.9886218239 0.286683062569864
10 60 -3.25 -3 4 4.5 8672.75693434367 0.2514820572159806
10 60 -3.25 -3 4.5 5 7501.100329307795 0.2246591178000017
10 60 -3.25 -3 5 5.5 6541.035278257078 0.2031140654607952
10 60 -3.25 -3 5.5 6 5743.91734791011 0.1862784539589484
10 60 -3.25 -3 6 6.5 5074.425670069324 0.1722710773346989
10 60 -3.25 -3 6.5 7 4506.478825466967 0.1609303809445919
10 60 -3.25 -3 7 7.5 4020.483581125669 0.1514708266522575
10 60 -3.25 -3 7.5 8 3601.474979100735 0.1436787850880137
10 60 -3.25 -3 8 8.5 3237.842225507008 0.1372062697309957
10 60 -3.25 -3 8.5 9 2920.448596715047 0.1323269460422125
10 60 -3.25 -3 9 9.5 2642.003140034576 0.1279063361330373
10 60 -3.25 -3 9.5 10 2396.624179103751 0.029897647279995
10 60 -3.25 -3 10 10.5 2179.507663531475 0.02559520967133722
10 60 -3.25 -3 10.5 11 1986.696974768671 0.02213724392481708
10 60 -3.25 -3 11 11.5 1814.902207593942 0.08544153304137581
10 60 -3.25 -3 11.5 12 1661.366952199962 0.06557341249890669
10 60 -3.25 -3 12 12.5 1523.765303495508 0.04971933537444784
10 60 -3.25 -3 12.5 13 1400.122615676 0.0370970742424106
10 60 -3.25 -3 13 13.5 1288.752653972326 0.02707565864761818
10 60 -3.25 -3 13.5 14 1188.208354089694 0.01909938969038194
10 60 -3.25 -3 14 14.5 1097.242542407485 0.01280968399123594
10 60 -3.25 -3 14.5 15 1014.77523497693 0.008130369331297516
10 60 -3.25 -3 15 16 1811.570268962188 0.0192644176217982
10 60 -3.25 -3 16 17 1562.385012573995 0.01831126450792908
10 60 -3.25 -3 17 18 1354.314487579191 0.03996762133920129
10 60 -3.25 -3 18 19 1179.490634214526 0.05124847124170628
10 60 -3.25 -3 19 20 1031.750736136285 0.006595095864440736
10 60 -3.25 -3 20 21 906.2261692877508 0.005634127267626354
10 60 -3.25 -3 21 22 799.0387598220594 0.004793851345425537
10 60 -3.25 -3 22 23 707.076957053469 0.004128565993937627
10 60 -3.25 -3 23 24 627.8269986677903 0.003570462550669617
10 60 -3.25 -3 24 25 559.2455371541084 0.003100859487631169
10 60 -3.25 -3 25 26 499.6615170008392 0.002715435103198161
10 60 -3.25 -3 26 27 447.7009018857144 0.00238088053276897
10 60 -3.25 -3 27 28 402.2277840434723 0.002103611252721294
10 60 -3.25 -3 28 29 362.2983930622404 0.001866623272519519
10 60 -3.25 -3 29 30 327.1251997315252 0.001653061342040019
10 60 -3.25 -3 30 31 296.0477340353826 0.001482440560721443
10 60 -3.25 -3 31 32 268.509814179368 0.00132115047466641
10 60 -3.25 -3 32 33 244.0413249729317 0.001191130137470964
10 60 -3.25 -3 33 34 222.2432570073309 0.001070962745785664
10 60 -3.25 -3 34 35 202.7756314152707 0.0009676402747231805
10 60 -3.25 -3 35 36 185.3478026312021 0.0008771554169868523
10 60 -3.25 -3 36 37 169.7105147551365 0.0007956012530883072
10 60 -3.25 -3 37 38 155.6492144693188 0.0007245449013453253
10 60 -3.25 -3 38 39 142.9786225354931 0.0006605547603157902
10 60 -3.25 -3 39 40 131.538353060244 0.0006038897785742847
10 60 -3.25 -3 40 42 232.9988112114337 0.001060196321390094
10 60 -3.25 -3 42 44 198.8435529263954 0.0008954370493086117
10 60 -3.25 -3 44 46 170.5532414493467 0.0007615325179131105
10 60 -3.25 -3 46 48 146.9723404522057 0.000651504543526471
10 60 -3.25 -3 48 50 127.2014556554363 0.0005605393137813053
10 60 -3.25 -3 50 52 110.5345011239038 0.000484577377989126
10 60 -3.25 -3 52 54 96.41264291338764 0.0004211130747364678
10 60 -3.25 -3 54 56 84.39033982095071 0.0003674128767698903
10 60 -3.25 -3 56 58 74.10991367422773 0.0003218792026586925
10 60 -3.25 -3 58 60 65.28233297599384 0.0002831024280709471
10 60 -3.25 -3 60 65 132.1126731759659 0.0005720661408190608
10 60 -3.25 -3 65 70 98.45402897700669 0.0004262507199683796
10 60 -3.25 -3 70 80 131.3595080838114 0.0005711996715263012
10 60 -3.25 -3 80 90 78.4471794976282 0.0003447540151455541
10 60 -3.25 -3 90 100 48.59022402155708 0.000258330906497406
10 60 -3 -2.75 0 0.5 -219148.1464886089 3.285307803889737
10 60 -3 -2.75 0.5 1 13603.66829158349 0.005284115302856662
10 60 -3 -2.75 1 1.5 24660.76893730192 1.068255832215073
10 60 -3 -2.75 1.5 2 21413.4575888736 0.8417489534440392
10 60 -3 -2.75 2 2.5 17699.09227997123 0.6015135286397708
10 60 -3 -2.75 2.5 3 14671.27971072945 0.4465791256170633
10 60 -3 -2.75 3 3.5 12300.06029669321 0.3591871853950579
10 60 -3 -2.75 3.5 4 10435.59430645095 0.308921232677676
10 60 -3 -2.75 4 4.5 8949.443354534296 0.2721935993922671
10 60 -3 -2.75 4.5 5 7746.782712536283 0.2387853126238042
10 60 -3 -2.75 5 5.5 6759.534489558245 0.2102845452563997
10 60 -3 -2.75 5.5 6 5938.673779274595 0.1861800773558571
10 60 -3 -2.75 6 6.5 5248.446638361722 0.1660435644771496
10 60 -3 -2.75 6.5 7 4662.361232795392 0.1491132828577975
10 60 -3 -2.75 7 7.5 4160.461228376812 0.1352334757593781
10 60 -3 -2.75 7.5 8 3727.471204147429 0.1236076510876956
10 60 -3 -2.75 8 8.5 3351.51449732837 0.1138253555795927
10 60 -3 -2.75 8.5 9 3023.228501181999 0.1054999628790938
10 60 -3 -2.75 9 9.5 2735.134155853121 0.09850624282398712
10 60 -3 -2.75 9.5 10 2481.18457826784 0.09210412213678865
10 60 -3 -2.75 10 10.5 2256.440891704954 0.08670190130305855
10 60 -3 -2.75 10.5 11 2056.827402577899 0.08231078998187513
10 60 -3 -2.75 11 11.5 1878.952605571985 0.08900324556475425
10 60 -3 -2.75 11.5 12 1719.972260941129 0.07512770289804394
10 60 -3 -2.75 12 12.5 1577.485171049955 0.07242195591356904
10 60 -3 -2.75 12.5 13 1449.451103201743 0.07007749433046229
10 60 -3 -2.75 13 13.5 1334.126677578729 0.02793402915426668
10 60 -3 -2.75 13.5 14 1230.015183972831 0.01963534584592708
10 60 -3 -2.75 14 14.5 1135.82596055674 0.01308467586727602
10 60 -3 -2.75 14.5 15 1050.441103155965 0.008362805992192079
10 60 -3 -2.75 15 16 1875.211554222985 0.01818109067153273
10 60 -3 -2.75 16 17 1617.2686831735 0.02081223337222582
10 60 -3 -2.75 17 18 1401.924684246316 0.04302831266545581
10 60 -3 -2.75 18 19 1221.024460850169 0.05454845481426673
10 60 -3 -2.75 19 20 1068.179776085553 0.006761537819329533
10 60 -3 -2.75 20 21 938.3430138469712 0.00571157590184157
10 60 -3 -2.75 21 22 827.4937871107674 0.004930256627517338
10 60 -3 -2.75 22 23 732.4067270051218 0.004203384083325545
10 60 -3 -2.75 23 24 650.4766231146585 0.003639688428847876
10 60 -3 -2.75 24 25 579.5858673793059 0.003169255234297452
10 60 -3 -2.75 25 26 518.0031907304725 0.002770639240338824
10 60 -3 -2.75 26 27 464.3052293194847 0.002433169571872895
10 60 -3 -2.75 27 28 417.315566233247 0.002143610236828408
10 60 -3 -2.75 28 29 376.057033703219 0.001897833131010884
10 60 -3 -2.75 29 30 339.7142020251607 0.00169822192231095
10 60 -3 -2.75 30 31 307.6036956096504 0.001500926491758037
10 60 -3 -2.75 31 32 279.1500835675971 0.001356116132114948
10 60 -3 -2.75 32 33 253.8670230158151 0.001212453405315728
10 60 -3 -2.75 33 34 231.3418816405866 0.00109334714542797
10 60 -3 -2.75 34 35 211.2231478950472 0.0009893530875899614
10 60 -3 -2.75 35 36 193.2103654744039 0.0008944599595395175
10 60 -3 -2.75 36 37 177.0459102005996 0.0008136014433830496
10 60 -3 -2.75 37 38 162.5080986541772 0.0007403069943165974
10 60 -3 -2.75 38 39 149.4055548537333 0.0006753295993178199
10 60 -3 -2.75 39 40 137.5726028635117 0.0006178592271908201
10 60 -3 -2.75 40 42 244.0242579561278 0.001085881641586184
10 60 -3 -2.75 42 44 208.6672876651763 0.0009179069193976375
10 60 -3 -2.75 44 46 179.3611242548712 0.0007815205422900817
10 60 -3 -2.75 46 48 154.9140143402381 0.0006698213922220475
10 60 -3 -2.75 48 50 134.3983029947384 0.0005773191757043605
10 60 -3 -2.75 50 52 117.0860021787969 0.0005000379801316512
10 60 -3 -2.75 52 54 102.4010284870361 0.0004353207866358844
10 60 -3 -2.75 54 56 89.88419040508134 0.0003807314701873565
10 60 -3 -2.75 56 58 79.16684022972998 0.0003342706433215881
10 60 -3 -2.75 58 60 69.9510465792374 0.0002946593579338241
10 60 -3 -2.75 60 65 142.3440941370822 0.0005981937178489716
10 60 -3 -2.75 65 70 107.0092842836308 0.0004490959012173334
10 60 -3 -2.75 70 80 144.7720625889664 0.0006088633170122648
10 60 -3 -2.75 80 90 88.35328174943611 0.0003744429506298275
10 60 -3 -2.75 90 100 56.0746095413301 0.000240368180591588
10 60 -2.75 -2.5 0 0.5 -232937.3793564802 3.163801708404208
10 60 -2.75 -2.5 0.5 1 12241.0410271872 0.08979521469154861
10 60 -2.75 -2.5 1 1.5 24794.33326768796 1.126814822357119
10 60 -2.75 -2.5 1.5 2 21788.36981214186 0.8168525801847863
10 60 -2.75 -2.5 2 2.5 18101.01324139658 0.6317226710561954
10 60 -2.75 -2.5 2.5 3 15048.6514175641 0.5224261125877092
10 60 -2.75 -2.5 3 3.5 12640.93575641935 0.4703214936816948
10 60 -2.75 -2.5 3.5 4 10739.53889934561 0.416373339623533
10 60 -2.75 -2.5 4 4.5 9219.425198050922 0.3654481009980373
10 60 -2.75 -2.5 4.5 5 7986.579244503418 0.3202415405430656
10 60 -2.75 -2.5 5 5.5 6972.835998713315 0.2811223326043546
10 60 -2.75 -2.5 5.5 6 6128.809575333709 0.2476508922345602
10 60 -2.75 -2.5 6 6.5 5418.330518829834 0.2183397295657414
10 60 -2.75 -2.5 6.5 7 4814.513448890805 0.1937073612552922
10 60 -2.75 -2.5 7 7.5 4297.05208098565 0.1724652804305151
10 60 -2.75 -2.5 7.5 8 3850.368497636934 0.1538902640327251
10 60 -2.75 -2.5 8 8.5 3462.331650314062 0.1378166351064465
10 60 -2.75 -2.5 8.5 9 3123.361522480805 0.1238596860307553
10 60 -2.75 -2.5 9 9.5 2825.794032263666 0.1115480880312134
10 60 -2.75 -2.5 9.5 10 2563.427682960757 0.1012192925732052
10 60 -2.75 -2.5 10 10.5 2331.187601319127 0.09237122352396909
10 60 -2.75 -2.5 10.5 11 2124.883210725783 0.0845434027301053
10 60 -2.75 -2.5 11 11.5 1941.025136868114 0.09273382889546156
10 60 -2.75 -2.5 11.5 12 1776.684164494819 0.0720073082648014
10 60 -2.75 -2.5 12 12.5 1629.384920008882 0.06680181422007081
10 60 -2.75 -2.5 12.5 13 1497.023511141904 0.06222636294864969
10 60 -2.75 -2.5 13 13.5 1377.801422921492 0.05827593387471097
10 60 -2.75 -2.5 13.5 14 1270.17330853136 0.05476294521940872
10 60 -2.75 -2.5 14 14.5 1172.805957349796 0.0515996638755496
10 60 -2.75 -2.5 14.5 15 1084.544622558932 0.04888287337530528
10 60 -2.75 -2.5 15 16 1935.836244120404 0.09143854279250263
10 60 -2.75 -2.5 16 17 1669.261517016338 0.02285989971687741
10 60 -2.75 -2.5 17 18 1446.752005832881 0.04580356373412542
10 60 -2.75 -2.5 18 19 1259.870866284728 0.05766069072751634
10 60 -2.75 -2.5 19 20 1102.008210531581 0.006950556508172667
10 60 -2.75 -2.5 20 21 967.9403386302604 0.005829192893656909
10 60 -2.75 -2.5 21 22 853.5065882258891 0.004986495938737789
10 60 -2.75 -2.5 22 23 755.3686538073388 0.004298673816720111
10 60 -2.75 -2.5 23 24 670.8304342556122 0.003707009660047333
10 60 -2.75 -2.5 24 25 597.7006555791378 0.003219032248466647
10 60 -2.75 -2.5 25 26 534.1877881880343 0.002815457973042612
10 60 -2.75 -2.5 26 27 478.8193434160813 0.002473235784066219
10 60 -2.75 -2.5 27 28 430.378364983931 0.00218027755465755
10 60 -2.75 -2.5 28 29 387.8544083494835 0.001930017259667238
10 60 -2.75 -2.5 29 30 350.4043713788196 0.001714396751253844
10 60 -2.75 -2.5 30 31 317.3215551659378 0.001533385622110472
10 60 -2.75 -2.5 31 32 288.0113051144792 0.001369881277298646
10 60 -2.75 -2.5 32 33 261.9711386957426 0.00123141648185765
10 60 -2.75 -2.5 33 34 238.7746962469462 0.001109555107746019
10 60 -2.75 -2.5 34 35 218.0589713370486 0.00100211085091928
10 60 -2.75 -2.5 35 36 199.5137432336728 0.0009078278075946855
10 60 -2.75 -2.5 36 37 182.8729890961009 0.0008247537360830393
10 60 -2.75 -2.5 37 38 167.9079771890745 0.000750205052469255
10 60 -2.75 -2.5 38 39 154.4212779081619 0.0006849341042141077
10 60 -2.75 -2.5 39 40 142.2419616422604 0.000626470189530437
10 60 -2.75 -2.5 40 42 252.4532087256742 0.001100242891169501
10 60 -2.75 -2.5 42 44 216.0627587772098 0.0009311972337684438
10 60 -2.75 -2.5 44 46 185.8984314743508 0.0007932429704453625
10 60 -2.75 -2.5 46 48 160.732415437811 0.0006798734966935172
10 60 -2.75 -2.5 48 50 139.6093237127494 0.0005862066159068036
10 60 -2.75 -2.5 50 52 121.779776335254 0.0005082999573176039
10 60 -2.75 -2.5 52 54 106.6511156021997 0.0004429086056063625
10 60 -2.75 -2.5 54 56 93.75091745154812 0.0003876408962213418
10 60 -2.75 -2.5 56 58 82.70015410505295 0.0003408043394870219
10 60 -2.75 -2.5 58 60 73.19262505219997 0.0003007686422051847
10 60 -2.75 -2.5 60 65 149.388029381402 0.0006118040742251196
10 60 -2.75 -2.5 65 70 112.8502087734322 0.0004610605690373859
10 60 -2.75 -2.5 70 80 153.8911719813565 0.0006288145811765844
10 60 -2.75 -2.5 80 90 95.12079470988969 0.000390815416579926
10 60 -2.75 -2.5 90 100 61.25801517152633 0.0002541029750062762
10 60 -2.5 -2.4 0 0.5 -96926.38451029078 1.360692339061643
10 60 -2.5 -2.4 0.5 1 4528.076481409231 0.2222476154647666
10 60 -2.5 -2.4 1 1.5 9955.424510204743 0.3466650618374842
10 60 -2.5 -2.4 1.5 2 8818.171464968613 0.2707723107923812
10 60 -2.5 -2.4 2 2.5 7350.315694781656 0.2135329240045394
10 60 -2.5 -2.4 2.5 3 6122.558871428305 0.1822246976362294
10 60 -2.5 -2.4 3 3.5 5149.473091139477 0.1536000086671265
10 60 -2.5 -2.4 3.5 4 4378.819284063167 0.125526605068444
10 60 -2.5 -2.4 4 4.5 3761.504578967527 0.1017397403811628
10 60 -2.5 -2.4 4.5 5 3260.132102131725 0.08322517654323747
10 60 -2.5 -2.4 5 5.5 2847.408619693927 0.06744478494192663
10 60 -2.5 -2.4 5.5 6 2503.481036416571 0.05471055164889549
10 60 -2.5 -2.4 6 6.5 2213.766768030377 0.04454017054376891
10 60 -2.5 -2.4 6.5 7 1967.402155724744 0.03652244366867308
10 60 -2.5 -2.4 7 7.5 1756.169757731544 0.03028622942701986
10 60 -2.5 -2.4 7.5 8 1573.756566112485 0.02543782043198917
10 60 -2.5 -2.4 8 8.5 1415.240992668194 0.02142856991440567
10 60 -2.5 -2.4 8.5 9 1276.731932375002 0.01801517528747354
10 60 -2.5 -2.4 9 9.5 1155.113580684644 0.01519727330514797
10 60 -2.5 -2.4 9.5 10 1047.862516221266 0.01291513828869029
10 60 -2.5 -2.4 10 10.5 952.9125352583177 0.01109444985559094
10 60 -2.5 -2.4 10.5 11 868.5564990230235 0.009589186794187299
10 60 -2.5 -2.4 11 11.5 793.3720307498886 0.03816840135061739
10 60 -2.5 -2.4 11.5 12 726.1643194441448 0.02920657355252843
10 60 -2.5 -2.4 12 12.5 665.9231937955808 0.02206372123453093
10 60 -2.5 -2.4 12.5 13 611.7896855474037 0.01638171732849969
10 60 -2.5 -2.4 13 13.5 563.0293243535381 0.01188036191524589
10 60 -2.5 -2.4 13.5 14 519.010849436095 0.008318076298792221
10 60 -2.5 -2.4 14 14.5 479.1893996384577 0.005506518102265545
10 60 -2.5 -2.4 14.5 15 443.0928758782952 0.003502817786795731
10 60 -2.5 -2.4 15 16 790.7954884012312 0.007002371033081545
10 60 -2.5 -2.4 16 17 681.786317207533 0.009626580468193424
10 60 -2.5 -2.4 17 18 590.8072582115001 0.01905107719221633
10 60 -2.5 -2.4 18 19 514.4064849907393 0.02388715259428409
10 60 -2.5 -2.4 19 20 449.8788866175345 0.003803118688665563
10 60 -2.5 -2.4 20 21 395.0863906525972 0.003532771979564586
10 60 -2.5 -2.4 21 22 348.3258554035964 0.003263034867757142
10 60 -2.5 -2.4 22 23 308.2310355032881 0.00298184570686999
10 60 -2.5 -2.4 23 24 273.6986152199254 0.002776482410979497
10 60 -2.5 -2.4 24 25 243.8318010980857 0.002644248026143714
10 60 -2.5 -2.4 25 26 217.8973436960641 0.002513241148477618
10 60 -2.5 -2.4 26 27 195.2925350989787 0.002400196445222491
10 60 -2.5 -2.4 27 28 175.5194068898926 0.002305018184728169
10 60 -2.5 -2.4 28 29 158.1645115387426 0.002172307208013535
10 60 -2.5 -2.4 29 30 142.8830143942617 0.002038909932707611
10 60 -2.5 -2.4 30 31 129.3859638994497 0.001996855215338655
10 60 -2.5 -2.4 31 32 117.4300394550141 0.001974064171733403
10 60 -2.5 -2.4 32 33 106.8096233085202 0.001905880217378808
10 60 -2.5 -2.4 33 34 97.35040115531842 0.001818108559874076
10 60 -2.5 -2.4 34 35 88.90401061598934 0.001736407386601968
10 60 -2.5 -2.4 35 36 81.34369615019294 0.001682047546665899
10 60 -2.5 -2.4 36 37 74.56074862454163 0.001635480255686161
10 60 -2.5 -2.4 37 38 68.46165141351231 0.001595617735631549
10 60 -2.5 -2.4 38 39 62.96570967710829 0.001568418132428917
10 60 -2.5 -2.4 39 40 58.00308943768584 0.0015344309205787
10 60 -2.5 -2.4 40 42 102.9565303357601 0.002884246015270264
10 60 -2.5 -2.4 42 44 88.13302441859385 0.002711112215067146
10 60 -2.5 -2.4 44 46 75.84778206316047 0.00263892427403789
10 60 -2.5 -2.4 46 48 65.59942038157477 0.002430068686777531
10 60 -2.5 -2.4 48 50 56.99843941760988 0.002297326497370022
10 60 -2.5 -2.4 50 52 49.73916019659767 0.002231556827346992
10 60 -2.5 -2.4 52 54 43.57971764981749 0.002105042584723549
10 60 -2.5 -2.4 54 56 38.32759032088122 0.0001560989270501523
10 60 -2.5 -2.4 56 58 33.82834059011385 0.0001372336488927317
10 60 -2.5 -2.4 58 60 29.95718397129642 0.0001211247743988508
10 60 -2.5 -2.4 60 65 61.2126457024895 0.000246561804267742
10 60 -2.5 -2.4 65 70 46.32865595487394 0.0001859830230159787
10 60 -2.5 -2.4 70 80 63.38200861289715 0.0002542893822052861
10 60 -2.5 -2.4 80 90 39.38746393827021 0.000158729886621245
10 60 -2.5 -2.4 90 100 25.52736556166737 0.0001037279888329579
10 60 -2.4 -2.3 0 0.5 -99016.74852829856 1.560530902468599
10 60 -2.4 -2.3 0.5 1 4325.42149260464 0.1361977532505989
10 60 -2.4 -2.3 1 1.5 9978.053145233815 0.1350570070699177
10 60 -2.4 -2.3 1.5 2 8876.533587752048 0.4108956916370516
10 60 -2.4 -2.3 2 2.5 7412.291520590887 0.3083178632386989
10 60 -2.4 -2.3 2.5 3 6180.520044328488 0.2257348109696977
10 60 -2.4 -2.3 3 3.5 5201.712509582559 0.165452302670019
10 60 -2.4 -2.3 3.5 4 4425.331047902938 0.1264347448750414
10 60 -2.4 -2.3 4 4.5 3802.779689886152 0.1006558456006132
10 60 -2.4 -2.3 4.5 5 3296.768973739532 0.08061513589882452
10 60 -2.4 -2.3 5 5.5 2879.984507372894 0.06452993064931434
10 60 -2.4 -2.3 5.5 6 2532.514078455627 0.05276191614939307
10 60 -2.4 -2.3 6 6.5 2239.707720482616 0.04419572357664947
10 60 -2.4 -2.3 6.5 7 1990.639315536371 0.03730503890437831
10 60 -2.4 -2.3 7 7.5 1777.035761386398 0.03130867584468433
10 60 -2.4 -2.3 7.5 8 1592.537178332008 0.02596713052525956
10 60 -2.4 -2.3 8 8.5 1432.180981129588 0.02153068138136405
10 60 -2.4 -2.3 8.5 9 1292.042607852122 0.01802563761998499
10 60 -2.4 -2.3 9 9.5 1168.978220916081 0.01528214856648447
10 60 -2.4 -2.3 9.5 10 1060.440176276243 0.01307398444464525
10 60 -2.4 -2.3 10 10.5 964.3429092558948 0.01125119655011986
10 60 -2.4 -2.3 10.5 11 878.9619837259881 0.009747792907546682
10 60 -2.4 -2.3 11 11.5 802.8595965589768 0.03879696920853348
10 60 -2.4 -2.3 11.5 12 734.8284061218368 0.02966830518289498
10 60 -2.4 -2.3 12 12.5 673.8474811489325 0.02241114617265794
10 60 -2.4 -2.3 12.5 13 619.0481536068427 0.01664322248404915
10 60 -2.4 -2.3 13 13.5 569.6874317986008 0.01206143617923772
10 60 -2.4 -2.3 13.5 14 525.1268120976423 0.008437998853651152
10 60 -2.4 -2.3 14 14.5 484.8150975318108 0.005578590410436846
10 60 -2.4 -2.3 14.5 15 448.2746036730447 0.003598801450607425
10 60 -2.4 -2.3 15 16 799.9878506089138 0.007030509654214256
10 60 -2.4 -2.3 16 17 689.6442538926945 0.009832863043698126
10 60 -2.4 -2.3 17 18 597.5561620306182 0.01939508627629039
10 60 -2.4 -2.3 18 19 520.2287848633517 0.02431848724586416
10 60 -2.4 -2.3 19 20 454.9235245543197 0.003723257195019869
10 60 -2.4 -2.3 20 21 399.4756560371407 0.003397844872438327
10 60 -2.4 -2.3 21 22 352.1603448431836 0.003108001314558351
10 60 -2.4 -2.3 22 23 311.5937284987845 0.00283552455039171
10 60 -2.4 -2.3 23 24 276.6582518662022 0.00262480468410331
10 60 -2.4 -2.3 24 25 246.4456260987459 0.00244593823342143
10 60 -2.4 -2.3 25 26 220.2133953827808 0.002224972710394013
10 60 -2.4 -2.3 26 27 197.3514733241413 0.002063162420171238
10 60 -2.4 -2.3 27 28 177.3556667410348 0.002000538338734259
10 60 -2.4 -2.3 28 29 159.8071444045077 0.001926177556697439
10 60 -2.4 -2.3 29 30 144.3565879112184 0.001812323896473345
10 60 -2.4 -2.3 30 31 130.7114308025648 0.00170045778071426
10 60 -2.4 -2.3 31 32 118.6255039508257 0.001602935957564
10 60 -2.4 -2.3 32 33 107.8908001372367 0.001537999615365493
10 60 -2.4 -2.3 33 34 98.33084036909355 0.001497831745680855
10 60 -2.4 -2.3 34 35 89.79534878367167 0.001456608025094397
10 60 -2.4 -2.3 35 36 82.15593660293217 0.001421601821903096
10 60 -2.4 -2.3 36 37 75.30256580182208 0.001384393788569582
10 60 -2.4 -2.3 37 38 69.14061766851567 0.001311361303336867
10 60 -2.4 -2.3 38 39 63.58851348566454 0.001237537724442461
10 60 -2.4 -2.3 39 40 58.57566424291786 0.001201518479810204
10 60 -2.4 -2.3 40 42 103.9711990067917 0.002364914194004086
10 60 -2.4 -2.3 42 44 89.00122695779646 0.00222497030350155
10 60 -2.4 -2.3 44 46 76.59626455653664 0.002071150130916521
10 60 -2.4 -2.3 46 48 66.24957428558058 0.001989569307852435
10 60 -2.4 -2.3 48 50 57.56698532352642 0.001913811125128007
10 60 -2.4 -2.3 50 52 50.23941902154556 0.001758985658014467
10 60 -2.4 -2.3 52 54 44.0227293260437 0.0016772716419311
10 60 -2.4 -2.3 54 56 38.7222900496585 0.001637034284584615
10 60 -2.4 -2.3 56 58 34.18188320164462 0.001540893930737752
10 60 -2.4 -2.3 58 60 30.27549561851022 0.001442656060962832
10 60 -2.4 -2.3 60 65 61.88479770612332 0.00024697381716976
10 60 -2.4 -2.3 65 70 46.86638341866617 0.0001863552035601401
10 60 -2.4 -2.3 70 80 64.1899387022769 0.0002550017125599879
10 60 -2.4 -2.3 80 90 39.96826605873609 0.0001593935317103501
10 60 -2.4 -2.3 90 100 25.96709882178181 0.0001043755694318804
10 60 -2.3 -2.2 0 0.5 -101069.2492308635 1.935938057446037
10 60 -2.3 -2.2 0.5 1 4126.342649345504 0.1635098433080202
10 60 -2.3 -2.2 1 1.5 10000.28185483094 0.3614221907300816
10 60 -2.3 -2.2 1.5 2 8933.902782571955 0.293486072718224
10 60 -2.3 -2.2 2 2.5 7473.245152281078 0.2220446074188658
10 60 -2.3 -2.2 2.5 3 6237.554039592585 0.1790862969364753
10 60 -2.3 -2.2 3 3.5 5253.135793395699 0.1517196570293891
10 60 -2.3 -2.2 3.5 4 4471.128875727943 0.127050910024991
10 60 -2.3 -2.2 4 4.5 3843.427885378921 0.1037296410731869
10 60 -2.3 -2.2 4.5 5 3332.849368294225 0.08407853941389476
10 60 -2.3 -2.2 5 5.5 2912.062671076118 0.06912075329910294
10 60 -2.3 -2.2 5.5 6 2561.096666562208 0.05752746566167843
10 60 -2.3 -2.2 6 6.5 2265.237179713327 0.04736743765306528
10 60 -2.3 -2.2 6.5 7 2013.497742385785 0.03846701083534754
10 60 -2.3 -2.2 7 7.5 1797.552901536983 0.03113113868357686
10 60 -2.3 -2.2 7.5 8 1610.996227934366 0.02546155285881468
10 60 -2.3 -2.2 8 8.5 1448.826499932444 0.02124592099880829
10 60 -2.3 -2.2 8.5 9 1307.084855460912 0.018131918776362
10 60 -2.3 -2.2 9 9.5 1182.599353477508 0.01562732173215409
10 60 -2.3 -2.2 9.5 10 1072.798526110124 0.01336988724892763
10 60 -2.3 -2.2 10 10.5 975.5754537457269 0.01143747095738945
10 60 -2.3 -2.2 10.5 11 889.188479170044 0.009840314039934128
10 60 -2.3 -2.2 11 11.5 812.1854607821233 0.03941488193117948
10 60 -2.3 -2.2 11.5 12 743.3461884182383 0.03015076882559242
10 60 -2.3 -2.2 12 12.5 681.6387165695254 0.02277080046280844
10 60 -2.3 -2.2 12.5 13 626.1851112936306 0.01689971734583651
10 60 -2.3 -2.2 13 13.5 576.2343287695846 0.01224648031120523
10 60 -2.3 -2.2 13.5 14 531.1407333107314 0.008563369749708727
10 60 -2.3 -2.2 14 14.5 490.3469096262362 0.005657185166228373
10 60 -2.3 -2.2 14.5 15 453.3696695502177 0.003963454515201192
10 60 -2.3 -2.2 15 16 809.0254065662192 0.007086424522412926
10 60 -2.3 -2.2 16 17 697.368111070858 0.01003867789268043
10 60 -2.3 -2.2 17 18 604.1882829193896 0.01973243274153447
10 60 -2.3 -2.2 18 19 525.9488287019708 0.02471778922688372
10 60 -2.3 -2.2 19 20 459.8775926888612 0.004014199593370904
10 60 -2.3 -2.2 20 21 403.7831264994705 0.003444847797652528
10 60 -2.3 -2.2 21 22 355.9201087081879 0.003020987613183479
10 60 -2.3 -2.2 22 23 314.8878874181398 0.002830400765731156
10 60 -2.3 -2.2 23 24 279.5546764393235 0.002544978771538808
10 60 -2.3 -2.2 24 25 249.0010237400085 0.002275609927863798
10 60 -2.3 -2.2 25 26 222.4753860043338 0.002164862303601467
10 60 -2.3 -2.2 26 27 199.3597780183706 0.002021624012769507
10 60 -2.3 -2.2 27 28 179.1437947393407 0.001790203366397236
10 60 -2.3 -2.2 28 29 161.4038950823083 0.001629516230650552
10 60 -2.3 -2.2 29 30 145.7866678380497 0.00159328721653651
10 60 -2.3 -2.2 30 31 131.9957688547597 0.001525229377762116
10 60 -2.3 -2.2 31 32 119.7819004656248 0.001418651551063022
10 60 -2.3 -2.2 32 33 108.934531406813 0.001364084242666763
10 60 -2.3 -2.2 33 34 99.2750813947227 0.00130978263304371
10 60 -2.3 -2.2 34 35 90.6515365985574 0.001203392588465135
10 60 -2.3 -2.2 35 36 82.93412072962821 0.001130265579917022
10 60 -2.3 -2.2 36 37 76.01153680189492 0.001120261398384059
10 60 -2.3 -2.2 37 38 69.78800724757278 0.00110796544568359
10 60 -2.3 -2.2 38 39 64.18090448112987 0.001061226135831816
10 60 -2.3 -2.2 39 40 59.11878885785396 0.001010039259703888
10 60 -2.3 -2.2 40 42 104.9293079994342 0.001907911295134568
10 60 -2.3 -2.2 42 44 89.81596731563505 0.00178508067007499
10 60 -2.3 -2.2 44 46 77.29431551120841 0.00170414397794616
10 60 -2.3 -2.2 46 48 66.85180002563688 0.001595670130598137
10 60 -2.3 -2.2 48 50 58.09007100157806 0.00151945772380202
10 60 -2.3 -2.2 50 52 50.6967591035692 0.001437724854532973
10 60 -2.3 -2.2 52 54 44.42497985436839 0.001372902057447334
10 60 -2.3 -2.2 54 56 39.07807376045368 0.001285719808322483
10 60 -2.3 -2.2 56 58 34.49839909848917 0.001236551067641756
10 60 -2.3 -2.2 58 60 30.55859156996872 0.001188894980131749
10 60 -2.3 -2.2 60 65 62.47568849474889 0.002730898466239751
10 60 -2.3 -2.2 65 70 47.3317559584172 0.0001865166415484509
10 60 -2.3 -2.2 70 80 64.87598526344681 0.0002553097898925216
10 60 -2.3 -2.2 80 90 40.45171423802037 0.0001597119136889091
10 60 -2.3 -2.2 90 100 26.32859334444007 0.0001047344239175629
10 60 -2.2 -2.1 0 0.5 -103075.4383200225 2.180432455235859
10 60 -2.2 -2.1 0.5 1 3931.201983333639 0.1885298559091098
10 60 -2.2 -2.1 1 1.5 10021.87113017105 0.1303751965406263
10 60 -2.2 -2.1 1.5 2 8989.951295256653 0.3844368279496848
10 60 -2.2 -2.1 2 2.5 7532.850251782439 0.2917863391403444
10 60 -2.2 -2.1 2.5 3 6293.363316554559 0.2250429313844506
10 60 -2.2 -2.1 3 3.5 5303.483681238612 0.1719208606727989
10 60 -2.2 -2.1 3.5 4 4515.995031590999 0.1326714645720131
10 60 -2.2 -2.1 4 4.5 3883.269917362052 0.1048293572275725
10 60 -2.2 -2.1 4.5 5 3368.232513085093 0.08518606303323395
10 60 -2.2 -2.1 5 5.5 2943.535897932659 0.06923251971466016
10 60 -2.2 -2.1 5.5 6 2589.151959620768 0.05568214831873775
10 60 -2.2 -2.1 6 6.5 2290.303213513032 0.04472027776455434
10 60 -2.2 -2.1 6.5 7 2035.945661836634 0.03653903329200148
10 60 -2.2 -2.1 7 7.5 1817.702114292317 0.03060150454052746
10 60 -2.2 -2.1 7.5 8 1629.122081401517 0.0259740447038439
10 60 -2.2 -2.1 8 8.5 1465.166164474728 0.0221604984408259
10 60 -2.2 -2.1 8.5 9 1321.84532812748 0.0189001429680502
10 60 -2.2 -2.1 9 9.5 1195.960335655491 0.01599902322595881
10 60 -2.2 -2.1 9.5 10 1084.916467586177 0.01348063197292504
10 60 -2.2 -2.1 10 10.5 986.587351396054 0.01141855071591635
10 60 -2.2 -2.1 10.5 11 899.2136472082 0.009838035278676216
10 60 -2.2 -2.1 11 11.5 821.3278842452202 0.03999587926102777
10 60 -2.2 -2.1 11.5 12 751.6971566231235 0.0305963025418805
10 60 -2.2 -2.1 12 12.5 689.2786001336782 0.02311047037358094
10 60 -2.2 -2.1 12.5 13 633.1847560060331 0.01716022067842005
10 60 -2.2 -2.1 13 13.5 582.6564026704839 0.01243701375312867
10 60 -2.2 -2.1 13.5 14 537.0408882466116 0.008696088122746914
10 60 -2.2 -2.1 14 14.5 495.7746580140897 0.005746656268001971
10 60 -2.2 -2.1 14.5 15 458.3691626751295 0.004485778975436006
10 60 -2.2 -2.1 15 16 817.8934575001481 0.007838384576416502
10 60 -2.2 -2.1 16 17 704.9466080589665 0.01023534693331385
10 60 -2.2 -2.1 17 18 610.6949040648202 0.02005069945096238
10 60 -2.2 -2.1 18 19 531.5596672763705 0.02510638977969393
10 60 -2.2 -2.1 19 20 464.7361545960913 0.004228861659214544
10 60 -2.2 -2.1 20 21 408.0071023643773 0.003779321874787911
10 60 -2.2 -2.1 21 22 359.6057328606359 0.00329574313724379
10 60 -2.2 -2.1 22 23 318.1148645645495 0.002818726854002307
10 60 -2.2 -2.1 23 24 282.3899910132979 0.00254428352081959
10 60 -2.2 -2.1 24 25 251.5005189013497 0.002321638468828269
10 60 -2.2 -2.1 25 26 224.6857001465704 0.002076060069583718
10 60 -2.2 -2.1 26 27 201.3204360213176 0.001899382943719274
10 60 -2.2 -2.1 27 28 180.8882172919519 0.00175472678205324
10 60 -2.2 -2.1 28 29 162.9601671793247 0.001622895128150503
10 60 -2.2 -2.1 29 30 147.178578245859 0.001509714530357087
10 60 -2.2 -2.1 30 31 133.2437971295816 0.001366763717555841
10 60 -2.2 -2.1 31 32 120.9037653630378 0.001233107468564754
10 60 -2.2 -2.1 32 33 109.9455260171439 0.001200741354210777
10 60 -2.2 -2.1 33 34 100.1883222088983 0.001170687473745602
10 60 -2.2 -2.1 34 35 91.47832550739807 0.00109016429846065
10 60 -2.2 -2.1 35 36 83.68420801006862 0.00101057621922962
10 60 -2.2 -2.1 36 37 76.69342917855052 0.0009563303098900633
10 60 -2.2 -2.1 37 38 70.4091758371855 0.00090631523282525
10 60 -2.2 -2.1 38 39 64.74794723288494 0.0008649720547992956
10 60 -2.2 -2.1 39 40 59.63747897636993 0.0008403039604516493
10 60 -2.2 -2.1 40 42 105.841195177651 0.001610786611266235
10 60 -2.2 -2.1 42 44 90.58743845990395 0.001476167486998747
10 60 -2.2 -2.1 44 46 77.95150288608411 0.001401510043677945
10 60 -2.2 -2.1 46 48 67.41537792156981 0.001274886079258408
10 60 -2.2 -2.1 48 50 58.5765788370508 0.00120057226854442
10 60 -2.2 -2.1 50 52 51.11941108488276 0.001177215292514688
10 60 -2.2 -2.1 52 54 44.79428202515336 0.001114286630652828
10 60 -2.2 -2.1 54 56 39.40258802671141 0.001033505745660079
10 60 -2.2 -2.1 56 58 34.78508822680504 0.001000659301688245
10 60 -2.2 -2.1 58 60 30.81316372483009 0.0009658409303341386
10 60 -2.2 -2.1 60 65 63.00066253643062 0.002179761327042229
10 60 -2.2 -2.1 65 70 47.73819501033542 0.001977314621292692
10 60 -2.2 -2.1 70 80 65.46188024932664 0.0002552554820596242
10 60 -2.2 -2.1 80 90 40.85438311140708 0.0001597570458216069
10 60 -2.2 -2.1 90 100 26.62436249086592 0.0001048579041338371
10 60 -2.1 -2 0 0.5 -105029.3291085322 2.395986241768696
10 60 -2.1 -2 0.5 1 3740.602310930698 0.008237591554916435
10 60 -2.1 -2 1 1.5 10042.71921109108 0.4449832234859059
10 60 -2.1 -2 1.5 2 9044.502690000631 0.3373854908841167
10 60 -2.1 -2 2 2.5 7590.92025617204 0.2558588632546162
10 60 -2.1 -2 2.5 3 6347.763879373034 0.1972476274804649
10 60 -2.1 -2 3 3.5 5352.584010420114 0.1577235922741238
10 60 -2.1 -2 3.5 4 4559.767047065493 0.128560585073501
10 60 -2.1 -2 4 4.5 3922.15583546637 0.1045481410637876
10 60 -2.1 -2 4.5 5 3402.781065348383 0.0843134165866104
10 60 -2.1 -2 5 5.5 2974.278482048822 0.0679950922021817
10 60 -2.1 -2 5.5 6 2616.566304616425 0.05561332714160017
10 60 -2.1 -2 6 6.5 2314.807082972139 0.04639472985581961
10 60 -2.1 -2 6.5 7 2057.900337378741 0.03905763852526434
10 60 -2.1 -2 7 7.5 1837.417502152026 0.03265319297770475
10 60 -2.1 -2 7.5 8 1646.864278786623 0.0271449952401781
10 60 -2.1 -2 8 8.5 1481.16592493945 0.02262273020869543
10 60 -2.1 -2 8.5 9 1336.301667663413 0.01885357720266256
10 60 -2.1 -2 9 9.5 1209.0468837056 0.01578738602574958
10 60 -2.1 -2 9.5 10 1096.784553535649 0.0133493730952523
10 60 -2.1 -2 10 10.5 997.3692516320493 0.01144857011638578
10 60 -2.1 -2 10.5 11 909.0258345471092 0.009956678710182132
10 60 -2.1 -2 11 11.5 830.2730613353269 0.04052925193366264
10 60 -2.1 -2 11.5 12 759.8658389837215 0.03099399675966197
10 60 -2.1 -2 12 12.5 696.7505255885418 0.02340824868474556
10 60 -2.1 -2 12.5 13 640.030234117785 0.01738311649796742
10 60 -2.1 -2 13 13.5 588.9374628935317 0.0126058295685425
10 60 -2.1 -2 13.5 14 542.8122624593573 0.008821588996397622
10 60 -2.1 -2 14 14.5 501.0848102030431 0.005839021302108449
10 60 -2.1 -2 14.5 15 463.2611510585222 0.005056011708632013
10 60 -2.1 -2 15 16 826.5729106229832 0.008820029011076258
10 60 -2.1 -2 16 17 712.3655317453341 0.01034078711552411
10 60 -2.1 -2 17 18 617.0645834519401 0.02037566749470443
10 60 -2.1 -2 18 19 537.0524650685295 0.02545781612604969
10 60 -2.1 -2 19 20 469.492129570996 0.004662832269218598
10 60 -2.1 -2 20 21 412.1410166211127 0.00399392256883857
10 60 -2.1 -2 21 22 363.2125915796626 0.003568240236972997
10 60 -2.1 -2 22 23 321.2728673039989 0.003114680837029482
10 60 -2.1 -2 23 24 285.1638379203671 0.002729595518360384
10 60 -2.1 -2 24 25 253.944513399341 0.002392790219829521
10 60 -2.1 -2 25 26 226.8457238774523 0.002077544518073182
10 60 -2.1 -2 26 27 203.2352244475447 0.001913939525906017
10 60 -2.1 -2 27 28 182.5904108611013 0.001772251543485481
10 60 -2.1 -2 28 29 164.477443315322 0.001564462604562777
10 60 -2.1 -2 29 30 148.5346116286618 0.001433511293811307
10 60 -2.1 -2 30 31 134.4587905419716 0.001365655073186645
10 60 -2.1 -2 31 32 121.9948756316314 0.00125415150318986
10 60 -2.1 -2 32 33 110.9274795723464 0.001115120513290435
10 60 -2.1 -2 33 34 101.0740236990005 0.0009972778137381511
10 60 -2.1 -2 34 35 92.27906884597722 0.0009435616963884286
10 60 -2.1 -2 35 36 84.40974988047859 0.0009354233692135949
10 60 -2.1 -2 36 37 77.35212766108515 0.0008938654308110472
10 60 -2.1 -2 37 38 71.00830512801961 0.0008204162683398408
10 60 -2.1 -2 38 39 65.29388854599321 0.000753937190012266
10 60 -2.1 -2 39 40 60.13586539178394 0.0007190031839527933
10 60 -2.1 -2 40 42 106.7145733019089 0.00136804204272778
10 60 -2.1 -2 42 44 91.32301954246238 0.00121436203816927
10 60 -2.1 -2 44 46 78.57532188442069 0.001127782646122455
10 60 -2.1 -2 46 48 67.94788257574757 0.001105900436201068
10 60 -2.1 -2 48 50 59.03370077265837 0.001016116901610076
10 60 -2.1 -2 50 52 51.5140012479433 0.0009108630635310533
10 60 -2.1 -2 52 54 45.13693915183438 0.0008875317935235216
10 60 -2.1 -2 54 56 39.70180344218738 0.0008674824381671442
10 60 -2.1 -2 56 58 35.04766600312443 0.0008061887532235801
10 60 -2.1 -2 58 60 31.04474451324063 0.0007529030472319675
10 60 -2.1 -2 60 65 63.47273980185656 0.001770118313608293
10 60 -2.1 -2 65 70 48.09716226981822 0.001562544517597075
10 60 -2.1 -2 70 80 65.96656830106615 0.00270344353867813
10 60 -2.1 -2 80 90 41.19081425293644 0.0001595904955777883
10 60 -2.1 -2 90 100 26.86577512895845 0.0001047798921511855
10 60 -2 -1.9 0 0.5 -106925.7432724412 2.619686886144336
10 60 -2 -1.9 0.5 1 3555.272245053012 0.003775819790462265
10 60 -2 -1.9 1 1.5 10062.80819847115 0.4593440349854063
10 60 -2 -1.9 1.5 2 9097.379040082718 0.3628700977260451
10 60 -2 -1.9 2 2.5 7647.27504658029 0.2682021724322112
10 60 -2 -1.9 2.5 3 6400.591545618187 0.2107785009566214
10 60 -2 -1.9 3 3.5 5400.282984535014 0.1686172464505944
10 60 -2 -1.9 3.5 4 4602.303640381326 0.1332850856088044
10 60 -2 -1.9 4 4.5 3959.9557115264 0.1063348752300044
10 60 -2 -1.9 4.5 5 3436.376583921567 0.08639876697998261
10 60 -2 -1.9 5 5.5 3004.183153520572 0.07126989727430555
10 60 -2 -1.9 5.5 6 2643.242514815501 0.05891922270893701
10 60 -2 -1.9 6 6.5 2338.660575344674 0.04834084758886092
10 60 -2 -1.9 6.5 7 2079.280017247246 0.03931709920698268
10 60 -2 -1.9 7 7.5 1856.623524113167 0.03212674949691063
10 60 -2 -1.9 7.5 8 1664.155345032443 0.02649265815580293
10 60 -2 -1.9 8 8.5 1496.7653803422 0.02215712128554514
10 60 -2 -1.9 8.5 9 1350.403327137281 0.01868461450476389
10 60 -2 -1.9 9 9.5 1221.818087198109 0.01579221513907214
10 60 -2 -1.9 9.5 10 1108.371153764161 0.01362791186079448
10 60 -2 -1.9 10 10.5 1007.898736566363 0.01221060813475106
10 60 -2 -1.9 10.5 11 918.6099837410359 0.01090021318793788
10 60 -2 -1.9 11 11.5 839.0105739821412 0.0411050242979627
10 60 -2 -1.9 11.5 12 767.8439840672003 0.0314175875738556
10 60 -2 -1.9 12 12.5 704.0465748144677 0.02371894979876288
10 60 -2 -1.9 12.5 13 646.7126127283012 0.01760677599054361
10 60 -2 -1.9 13 13.5 595.0668703908631 0.01275122304775778
10 60 -2 -1.9 13.5 14 548.4427544360199 0.008914281799320634
10 60 -2 -1.9 14 14.5 506.2645348913495 0.005891400411314862
10 60 -2 -1.9 14.5 15 468.0329297661784 0.005308143432557699
10 60 -2 -1.9 15 16 835.0403158403334 0.009559996159623552
10 60 -2 -1.9 16 17 719.6059018862881 0.01046115411736537
10 60 -2 -1.9 17 18 623.2835305516331 0.02057886777811291
10 60 -2 -1.9 18 19 542.4157910859383 0.02582103111694778
10 60 -2 -1.9 19 20 474.1362650047748 0.005103122124353376
10 60 -2 -1.9 20 21 416.1779682448384 0.004422266692756693
10 60 -2 -1.9 21 22 366.7344005413956 0.003837544251098279
10 60 -2 -1.9 22 23 324.3560595484381 0.003330627485411242
10 60 -2 -1.9 23 24 287.8721612128388 0.002922153373845049
10 60 -2 -1.9 24 25 256.331050957763 0.002637005635335754
10 60 -2 -1.9 25 26 228.954719071084 0.00231209217318451
10 60 -2 -1.9 26 27 205.1039372905905 0.001985202302364542
10 60 -2 -1.9 27 28 184.2507233996365 0.0017817030422691
10 60 -2 -1.9 28 29 165.9565501079192 0.001607779551449084
10 60 -2 -1.9 29 30 149.8556321621902 0.001450037026870632
10 60 -2 -1.9 30 31 135.6415089586837 0.001294552349662581
10 60 -2 -1.9 31 32 123.0563809364525 0.001192639857222844
10 60 -2 -1.9 32 33 111.8824152469045 0.001134649760842876
10 60 -2 -1.9 33 34 101.9348542977663 0.001055373758660494
10 60 -2 -1.9 34 35 93.05650630417045 0.0009402729426994938
10 60 -2 -1.9 35 36 85.11318362008738 0.0008321310162955342
10 60 -2 -1.9 36 37 77.98989188906008 0.0007720477658779146
10 60 -2 -1.9 37 38 71.5877028423084 0.0007467330053003707
10 60 -2 -1.9 38 39 65.82124692427222 0.0007163239157961243
10 60 -2 -1.9 39 40 60.61667814640809 0.0006602444406595964
10 60 -2 -1.9 40 42 107.5553913593325 0.001168906128938829
10 60 -2 -1.9 42 44 92.02894472821495 0.001118867337893903
10 60 -2 -1.9 44 46 79.17147554436744 0.0009787046934803811
10 60 -2 -1.9 46 48 68.45428910375526 0.0008751006903366942
10 60 -2 -1.9 48 50 59.4665319017315 0.0008535904186004473
10 60 -2 -1.9 50 52 51.88597677489506 0.0008043969800581863
10 60 -2 -1.9 52 54 45.45813058565447 0.0007348874483597001
10 60 -2 -1.9 54 56 39.98051000101606 0.000672994468281729
10 60 -2 -1.9 56 58 35.29078820061235 0.0006377740709311297
10 60 -2 -1.9 58 60 31.25788573076735 0.000618059704898144
10 60 -2 -1.9 60 65 63.90234623253552 0.001417718750836627
10 60 -2 -1.9 65 70 48.41826399616131 0.001254325225893638
10 60 -2 -1.9 70 80 66.40617876955751 0.002130162166253058
10 60 -2 -1.9 80 90 41.47373255520385 0.001772505962939874
10 60 -2 -1.9 90 100 27.06287682140877 0.0001045733746707356
10 60 -1.9 -1.8 0 0.5 -108759.2523292249 2.836955975726596
10 60 -1.9 -1.8 0.5 1 3375.836537128554 0.01717470889752803
10 60 -1.9 -1.8 1 1.5 10082.20489389979 0.1395088096851396
10 60 -1.9 -1.8 1.5 2 9148.515623688128 0.350244855551864
10 60 -1.9 -1.8 2 2.5 7701.773563272634 0.277372732085496
10 60 -1.9 -1.8 2.5 3 6451.686873235221 0.2224653059111006
10 60 -1.9 -1.8 3 3.5 5446.435298319633 0.1718132965033874
10 60 -1.9 -1.8 3.5 4 4643.476082082975 0.1352692396367274
10 60 -1.9 -1.8 4 4.5 3996.555079108253 0.1097622204965774
10 60 -1.9 -1.8 4.5 5 3468.912816018623 0.08918434710949441
10 60 -1.9 -1.8 5 5.5 3033.152600984328 0.07213290252138904
10 60 -1.9 -1.8 5.5 6 2669.092953722545 0.05795841772123822
10 60 -1.9 -1.8 6 6.5 2361.783070698874 0.04691932399327925
10 60 -1.9 -1.8 6.5 7 2100.01117907474 0.03838867432614279
10 60 -1.9 -1.8 7 7.5 1875.252620694323 0.03200590877122522
10 60 -1.9 -1.8 7.5 8 1680.93308630236 0.02685907092927664
10 60 -1.9 -1.8 8 8.5 1511.907621956993 0.02252665879518645
10 60 -1.9 -1.8 8.5 9 1364.096475032823 0.01906349632417914
10 60 -1.9 -1.8 9 9.5 1234.224155320973 0.01715542270153492
10 60 -1.9 -1.8 9.5 10 1119.631044226766 0.01541889534701113
10 60 -1.9 -1.8 10 10.5 1018.135862095518 0.01383220263812746
10 60 -1.9 -1.8 10.5 11 927.932697757617 0.01243503464138485
10 60 -1.9 -1.8 11 11.5 847.5138795502828 0.04170676559783715
10 60 -1.9 -1.8 11.5 12 775.6112240577793 0.03188179588335061
10 60 -1.9 -1.8 12 12.5 711.1514129593364 0.02406786980543529
10 60 -1.9 -1.8 12.5 13 653.2205778500983 0.01784254964945831
10 60 -1.9 -1.8 13 13.5 601.0364506681013 0.01292667135442116
10 60 -1.9 -1.8 13.5 14 553.9259192433418 0.009031092026361875
10 60 -1.9 -1.8 14 14.5 511.307643957454 0.00609912897760978
10 60 -1.9 -1.8 14.5 15 472.6775654709617 0.005553578533636028
10 60 -1.9 -1.8 15 16 843.2792883594607 0.009963897489456031
10 60 -1.9 -1.8 16 17 726.6487260569105 0.01070141395075552
10 60 -1.9 -1.8 17 18 629.3332159679112 0.02087203764813239
10 60 -1.9 -1.8 18 19 547.6355133729518 0.02610785182139352
10 60 -1.9 -1.8 19 20 478.657605246355 0.005737518489183913
10 60 -1.9 -1.8 20 21 420.1087607273963 0.004849433303888873
10 60 -1.9 -1.8 21 22 370.1641041253559 0.004140941536149967
10 60 -1.9 -1.8 22 23 327.3589588985895 0.003708103199187462
10 60 -1.9 -1.8 23 24 290.5097717904386 0.003176222135721218
10 60 -1.9 -1.8 24 25 258.6550025356064 0.002775410837159598
10 60 -1.9 -1.8 25 26 231.008543622556 0.002498279086040611
10 60 -1.9 -1.8 26 27 206.9241333075813 0.002201070910018643
10 60 -1.9 -1.8 27 28 185.8680118201125 0.001927455117311183
10 60 -1.9 -1.8 28 29 167.3971105793054 0.001700390150404019
10 60 -1.9 -1.8 29 30 151.1418511847723 0.001526926175614562
10 60 -1.9 -1.8 30 31 136.7925806452658 0.001353038589968492
10 60 -1.9 -1.8 31 32 124.088817663848 0.001204246028862599
10 60 -1.9 -1.8 32 33 112.8104954675315 0.001092409400257566
10 60 -1.9 -1.8 33 34 102.7709664247941 0.001019550250020984
10 60 -1.9 -1.8 34 35 93.81134325688271 0.0009501836022849375
10 60 -1.9 -1.8 35 36 85.79595482551473 0.0008639532504730596
10 60 -1.9 -1.8 36 37 78.60857006333518 0.0007832075520326498
10 60 -1.9 -1.8 37 38 72.14924187374517 0.0007127567417199998
10 60 -1.9 -1.8 38 39 66.33180426716558 0.0006648575279086799
10 60 -1.9 -1.8 39 40 61.08166998552996 0.0006182362454794088
10 60 -1.9 -1.8 40 42 108.3671733891973 0.001115903810529062
10 60 -1.9 -1.8 42 44 92.70859760953472 0.0009953303884486786
10 60 -1.9 -1.8 44 46 79.7438925123508 0.0008940313428666968
10 60 -1.9 -1.8 46 48 68.93900534274626 0.0008122434120991784
10 60 -1.9 -1.8 48 50 59.87900769539466 0.0007070393266843666
10 60 -1.9 -1.8 50 52 52.23883448573962 0.0006505801937919387
10 60 -1.9 -1.8 52 54 45.76159421801359 0.0006104005769955734
10 60 -1.9 -1.8 54 56 40.24275323378362 0.000584782871698053
10 60 -1.9 -1.8 56 58 35.51835449522638 0.0005502092783302714
10 60 -1.9 -1.8 58 60 31.45616111125851 0.0004929190713909293
10 60 -1.9 -1.8 60 65 64.29785681765169 0.001116493556608589
10 60 -1.9 -1.8 65 70 48.70912878930558 0.001003494153664519
10 60 -1.9 -1.8 70 80 66.79427929295932 0.001690445795091478
10 60 -1.9 -1.8 80 90 41.71399933963761 0.001381452030607022
10 60 -1.9 -1.8 90 100 27.22428998960773 0.001183990364395981
10 60 -1.8 -1.7 0 0.5 -110524.7984425321 3.006561918766238
10 60 -1.8 -1.7 0.5 1 3202.796200230795 0.003321351006889017
10 60 -1.8 -1.7 1 1.5 10100.87551580068 0.4636563732801733
10 60 -1.8 -1.7 1.5 2 9197.781888319838 0.3832195719896845
10 60 -1.8 -1.7 2 2.5 7754.294118183159 0.2883273894485683
10 60 -1.8 -1.7 2.5 3 6500.930364191384 0.2106294633667858
10 60 -1.8 -1.7 3 3.5 5490.918657075309 0.1649505179784683
10 60 -1.8 -1.7 3.5 4 4683.162493965017 0.1356986165437775
10 60 -1.8 -1.7 4 4.5 4031.844101573623 0.1097742650345026
10 60 -1.8 -1.7 4.5 5 3500.292885779623 0.08732184534846965
10 60 -1.8 -1.7 5 5.5 3061.099500114274 0.07025778235947655
10 60 -1.8 -1.7 5.5 6 2694.038024765735 0.05734289842303042
10 60 -1.8 -1.7 6 6.5 2384.100682394905 0.04734653020568658
10 60 -1.8 -1.7 6.5 7 2120.024923378482 0.0394475231778415
10 60 -1.8 -1.7 7 7.5 1893.242863625246 0.03286934378388651
10 60 -1.8 -1.7 7.5 8 1697.140288199089 0.02742026447845092
10 60 -1.8 -1.7 8 8.5 1526.539515298736 0.02336673057129701
10 60 -1.8 -1.7 8.5 9 1377.33213291725 0.02103647940066367
10 60 -1.8 -1.7 9 9.5 1246.219131871089 0.01883403516671933
10 60 -1.8 -1.7 9.5 10 1130.521685482056 0.01696960105482503
10 60 -1.8 -1.7 10 10.5 1028.041279198742 0.01536356018368679
10 60 -1.8 -1.7 10.5 11 936.9568467574404 0.01388190882698837
10 60 -1.8 -1.7 11 11.5 855.7480259737403 0.0422599020389498
10 60 -1.8 -1.7 11.5 12 783.1359986327685 0.03232059867104908
10 60 -1.8 -1.7 12 12.5 718.0378818231231 0.02441001507804685
10 60 -1.8 -1.7 12.5 13 659.5314823905035 0.01810411443750581
10 60 -1.8 -1.7 13 13.5 606.8275177696416 0.01310804657214248
10 60 -1.8 -1.7 13.5 14 559.2469746718214 0.009157159428468731
10 60 -1.8 -1.7 14 14.5 516.2031078633803 0.006948787844862636
10 60 -1.8 -1.7 14.5 15 477.1869565955295 0.00629887857922995
10 60 -1.8 -1.7 15 16 851.2780000778931 0.01103732862952711
10 60 -1.8 -1.7 16 17 733.4842081032842 0.01087431840232966
10 60 -1.8 -1.7 17 18 635.201882472637 0.02121617948262156
10 60 -1.8 -1.7 18 19 552.6972281196205 0.02651713094212482
10 60 -1.8 -1.7 19 20 483.0426417227092 0.006022169118750753
10 60 -1.8 -1.7 20 21 423.9227771664991 0.005376408128427101
10 60 -1.8 -1.7 21 22 373.4930767623699 0.004646906703783316
10 60 -1.8 -1.7 22 23 330.2740637964192 0.004021187391174408
10 60 -1.8 -1.7 23 24 293.0706871680683 0.003465784195725519
10 60 -1.8 -1.7 24 25 260.9116689332095 0.003041103038299298
10 60 -1.8 -1.7 25 26 233.00290052617 0.002639889017387986
10 60 -1.8 -1.7 26 27 208.6917303559154 0.002356630246026725
10 60 -1.8 -1.7 27 28 187.4388471502158 0.002117225705575265
10 60 -1.8 -1.7 28 29 168.7965451545514 0.001838703243862483
10 60 -1.8 -1.7 29 30 152.3915521852053 0.001626153273576847
10 60 -1.8 -1.7 30 31 137.9110922351106 0.001497465740783355
10 60 -1.8 -1.7 31 32 125.0919497054596 0.001340274864645608
10 60 -1.8 -1.7 32 33 113.7118985508335 0.00114024702472193
10 60 -1.8 -1.7 33 34 103.5825971147034 0.0009877200081831461
10 60 -1.8 -1.7 34 35 94.54368984315381 0.0009320397278713699
10 60 -1.8 -1.7 35 36 86.45808646834863 0.0008905973602253425
10 60 -1.8 -1.7 36 37 79.20830115092713 0.0008125325555710106
10 60 -1.8 -1.7 37 38 72.69339212955678 0.0007303778949818707
10 60 -1.8 -1.7 38 39 66.8263126184156 0.0006667442794281442
10 60 -1.8 -1.7 39 40 61.53178212870434 0.00063316320744633
10 60 -1.8 -1.7 40 42 109.1519508713658 0.001138488279053718
10 60 -1.8 -1.7 42 44 93.36422653042568 0.0009085317450114871
10 60 -1.8 -1.7 44 46 80.2948030042752 0.0008278288198795281
10 60 -1.8 -1.7 46 48 69.40441192537016 0.0007406335056856506
10 60 -1.8 -1.7 48 50 60.2741441916414 0.0006416614628506068
10 60 -1.8 -1.7 50 52 52.57585462874225 0.0006107397736059283
10 60 -1.8 -1.7 52 54 46.05023344131671 0.0005265871063215855
10 60 -1.8 -1.7 54 56 40.4910415248489 0.0004618598597545542
10 60 -1.8 -1.7 56 58 35.73294093666534 0.000443420606337952
10 60 -1.8 -1.7 58 60 31.64243100293975 0.0004293199197569209
10 60 -1.8 -1.7 60 65 64.66617593987721 0.0009296564743550562
10 60 -1.8 -1.7 65 70 48.97588873001031 0.0007881732056986834
10 60 -1.8 -1.7 70 80 67.14162257147218 0.001326565457119955
10 60 -1.8 -1.7 80 90 41.92078834180725 0.001099436093092265
10 60 -1.8 -1.7 90 100 27.35723962850462 0.0009209370534541961
10 60 -1.7 -1.6 0 0.5 -112218.0562361203 3.202907117156428
10 60 -1.7 -1.6 0.5 1 3036.677497750319 0.01033846090649604
10 60 -1.7 -1.6 1 1.5 10118.77309562548 0.1534146752564993
10 60 -1.7 -1.6 1.5 2 9245.061020280293 0.3562121240283886
10 60 -1.7 -1.6 2 2.5 7804.707748670774 0.2634146256887107
10 60 -1.7 -1.6 2.5 3 6548.202729718371 0.215785412859077
10 60 -1.7 -1.6 3 3.5 5533.621325028077 0.1752370957756284
10 60 -1.7 -1.6 3.5 4 4721.264772374899 0.136768753151955
10 60 -1.7 -1.6 4 4.5 4065.725860902002 0.1073968581977169
10 60 -1.7 -1.6 4.5 5 3530.423913709976 0.08711106486134668
10 60 -1.7 -1.6 5 5.5 3087.940690075513 0.07216777391840878
10 60 -1.7 -1.6 5.5 6 2718.001193970292 0.05941935748751348
10 60 -1.7 -1.6 6 6.5 2405.543957462257 0.0487108616275691
10 60 -1.7 -1.6 6.5 7 2139.259409112855 0.0402352311461982
10 60 -1.7 -1.6 7 7.5 1910.536487986656 0.03327630910393964
10 60 -1.7 -1.6 7.5 8 1712.724157089277 0.02812457654590617
10 60 -1.7 -1.6 8 8.5 1540.611386230434 0.02528515137851173
10 60 -1.7 -1.6 8.5 9 1390.064159712399 0.02271950749513962
10 60 -1.7 -1.6 9 9.5 1257.761543304995 0.02049707404216861
10 60 -1.7 -1.6 9.5 10 1141.004762294064 0.0185600900490499
10 60 -1.7 -1.6 10 10.5 1037.578663652662 0.01672350892113172
10 60 -1.7 -1.6 10.5 11 945.6483580117809 0.01517813070245211
10 60 -1.7 -1.6 11 11.5 863.6812330811749 0.04281977767186618
10 60 -1.7 -1.6 11.5 12 790.3878841500199 0.03272108449993993
10 60 -1.7 -1.6 12 12.5 724.676975598346 0.02470826901458167
10 60 -1.7 -1.6 12.5 13 665.6185642134483 0.01834544583039133
10 60 -1.7 -1.6 13 13.5 612.4161545346896 0.01329558291456578
10 60 -1.7 -1.6 13.5 14 564.3845568710573 0.009297903523815876
10 60 -1.7 -1.6 14 14.5 520.9318526364077 0.00784445899637376
10 60 -1.7 -1.6 14.5 15 481.5446251401601 0.007145641470799546
10 60 -1.7 -1.6 15 16 859.0116500601063 0.01236769324350462
10 60 -1.7 -1.6 16 17 740.096367966118 0.0109700242908275
10 60 -1.7 -1.6 17 18 640.880209713975 0.02147110504120064
10 60 -1.7 -1.6 18 19 557.5943913884823 0.02681139772164443
10 60 -1.7 -1.6 19 20 487.2830542329754 0.006271341433318867
10 60 -1.7 -1.6 20 21 427.6094573066399 0.005473654190836896
10 60 -1.7 -1.6 21 22 376.7110319275525 0.004894785577789662
10 60 -1.7 -1.6 22 23 333.0928954472229 0.004280638047987395
10 60 -1.7 -1.6 23 24 295.5480446485131 0.003785198561786274
10 60 -1.7 -1.6 24 25 263.095474963506 0.003396087498629186
10 60 -1.7 -1.6 25 26 234.9332607082212 0.002889001533191049
10 60 -1.7 -1.6 26 27 210.4027191133976 0.00249892353107839
10 60 -1.7 -1.6 27 28 188.9595054569929 0.002267167777944223
10 60 -1.7 -1.6 28 29 170.1514833565019 0.002038691596254694
10 60 -1.7 -1.6 29 30 153.601617136646 0.001776345778409905
10 60 -1.7 -1.6 30 31 138.9942022879985 0.001544447285624528
10 60 -1.7 -1.6 31 32 126.0636411919351 0.001403814568973871
10 60 -1.7 -1.6 32 33 114.5854770135832 0.001306980264217827
10 60 -1.7 -1.6 33 34 104.3693668776558 0.001174000732433456
10 60 -1.7 -1.6 34 35 95.25339454249793 0.001017465013205765
10 60 -1.7 -1.6 35 36 87.09935308078678 0.000890864346303033
10 60 -1.7 -1.6 36 37 79.78877829420776 0.00080964207373313
10 60 -1.7 -1.6 37 38 73.21978326247756 0.0007587368637160807
10 60 -1.7 -1.6 38 39 67.3044534348335 0.000698417514911398
10 60 -1.7 -1.6 39 40 61.96676733778436 0.0006307917899022186
10 60 -1.7 -1.6 40 42 109.9099997994348 0.001121482585119793
10 60 -1.7 -1.6 42 44 93.9972010474889 0.0009661487823251491
10 60 -1.7 -1.6 44 46 80.82589406829321 0.0008251349768499949
10 60 -1.7 -1.6 46 48 69.85213141169153 0.000678523410030607
10 60 -1.7 -1.6 48 50 60.65344824199942 0.0006136083304184581
10 60 -1.7 -1.6 50 52 52.898632521897 0.0005389658044308021
10 60 -1.7 -1.6 52 54 46.32612558896028 0.0004789599394428024
10 60 -1.7 -1.6 54 56 40.72778229489676 0.0004517446739953357
10 60 -1.7 -1.6 56 58 35.93675694860102 0.0003914322664257952
10 60 -1.7 -1.6 58 60 31.81853406109327 0.0003300344523147203
10 60 -1.7 -1.6 60 65 65.01215510455795 0.0007875828394077189
10 60 -1.7 -1.6 65 70 49.22349524545168 0.0006491687382990108
10 60 -1.7 -1.6 70 80 67.4568537185574 0.001065428084004338
10 60 -1.7 -1.6 80 90 42.10114135211094 0.0008483451304144296
10 60 -1.7 -1.6 90 100 27.46791834200376 0.0007180651598837073
10 60 -1.6 -1.5 0 0.5 -113834.5680704816 3.336403624649392
10 60 -1.6 -1.5 0.5 1 2877.860564827535 0.001638368297790294
10 60 -1.6 -1.5 1 1.5 10135.87233962066 0.4506102825653215
10 60 -1.6 -1.5 1.5 2 9290.239354337918 0.3641446465062472
10 60 -1.6 -1.5 2 2.5 7852.875807849911 0.2920129823205571
10 60 -1.6 -1.5 2.5 3 6593.378459278789 0.2207503780400657
10 60 -1.6 -1.5 3 3.5 5574.434188507507 0.1680758026113836
10 60 -1.6 -1.5 3.5 4 4757.685133245041 0.134878409267003
10 60 -1.6 -1.5 4 4.5 4098.112508114476 0.1117508970155541
10 60 -1.6 -1.5 4.5 5 3559.228274818331 0.09158748642676073
10 60 -1.6 -1.5 5 5.5 3113.602557548612 0.07376841164523285
10 60 -1.6 -1.5 5.5 6 2740.912824464119 0.05952793734422812
10 60 -1.6 -1.5 6 6.5 2426.049393147237 0.04869163715102331
10 60 -1.6 -1.5 6.5 7 2157.656587787547 0.0402992543927212
10 60 -1.6 -1.5 7 7.5 1927.081013456432 0.03342165686922272
10 60 -1.6 -1.5 7.5 8 1727.634247575816 0.02989146566642376
10 60 -1.6 -1.5 8 8.5 1554.077357688022 0.02693302035368106
10 60 -1.6 -1.5 8.5 9 1402.250994527796 0.02433423212983143
10 60 -1.6 -1.5 9 9.5 1268.812162347019 0.0219366516955688
10 60 -1.6 -1.5 9.5 10 1151.043678219972 0.01994668906809238
10 60 -1.6 -1.5 10 10.5 1046.714321519679 0.01813049559109459
10 60 -1.6 -1.5 10.5 11 953.9754665622523 0.01634460166928875
10 60 -1.6 -1.5 11 11.5 871.2837756346728 0.04330466377325592
10 60 -1.6 -1.5 11.5 12 797.3400903088358 0.03312022905174672
10 60 -1.6 -1.5 12 12.5 731.0438810901736 0.02501221545742283
10 60 -1.6 -1.5 12.5 13 671.4577271563078 0.01857335946726835
10 60 -1.6 -1.5 13 13.5 617.7787393551741 0.01345928345904213
10 60 -1.6 -1.5 13.5 14 569.3161320837816 0.009421810104299766
10 60 -1.6 -1.5 14 14.5 525.4729294349972 0.008612112013338447
10 60 -1.6 -1.5 14.5 15 485.7313256866149 0.007929551956181058
10 60 -1.6 -1.5 15 16 866.4474266709008 0.01377640546945713
10 60 -1.6 -1.5 16 17 746.4601803415898 0.01164051930766163
10 60 -1.6 -1.5 17 18 646.3491968394986 0.02164006626264836
10 60 -1.6 -1.5 18 19 562.3133283507577 0.02709562390543852
10 60 -1.6 -1.5 19 20 491.3709652379715 0.007068085548667113
10 60 -1.6 -1.5 20 21 431.1635530078649 0.0059503272552206
10 60 -1.6 -1.5 21 22 379.8122232645492 0.005061335300126757
10 60 -1.6 -1.5 22 23 335.8088489044142 0.004502672537569197
10 60 -1.6 -1.5 23 24 297.9346611604543 0.003929935035216658
10 60 -1.6 -1.5 24 25 265.1994777184009 0.003446315634107577
10 60 -1.6 -1.5 25 26 236.7939481086278 0.003171243178655914
10 60 -1.6 -1.5 26 27 212.0526016727874 0.002833372810385981
10 60 -1.6 -1.5 27 28 190.425989483851 0.002405873168896733
10 60 -1.6 -1.5 28 29 171.4582482078954 0.00212281935040437
10 60 -1.6 -1.5 29 30 154.76899180381 0.001961364952649092
10 60 -1.6 -1.5 30 31 140.0393700995929 0.001747305985901448
10 60 -1.6 -1.5 31 32 127.0012747231405 0.001531236069567399
10 60 -1.6 -1.5 32 33 115.4283341904524 0.001377679479602989
10 60 -1.6 -1.5 33 34 105.1285379865904 0.001250112693469418
10 60 -1.6 -1.5 34 35 95.9384891014159 0.001119227160444325
10 60 -1.6 -1.5 35 36 87.71864732892006 0.001008224956891013
10 60 -1.6 -1.5 36 37 80.3494522905463 0.0009183626266064948
10 60 -1.6 -1.5 37 38 73.72810396302668 0.0008202216739618962
10 60 -1.6 -1.5 38 39 67.76599664252512 0.0007143265659976805
10 60 -1.6 -1.5 39 40 62.38648994672374 0.0006289288987630925
10 60 -1.6 -1.5 40 42 110.6410048511128 0.001148151500672157
10 60 -1.6 -1.5 42 44 94.60704620397951 0.0009916272858561115
10 60 -1.6 -1.5 44 46 81.33732982589211 0.0008286242540691546
10 60 -1.6 -1.5 46 48 70.28309869131211 0.0007109998069978474
10 60 -1.6 -1.5 48 50 61.0180866894459 0.000620923619152336
10 60 -1.6 -1.5 50 52 53.2083692889674 0.0005042517926696632
10 60 -1.6 -1.5 52 54 46.59031429784076 0.0004438157437931523
10 60 -1.6 -1.5 54 56 40.95400088755184 0.0004042227944793808
10 60 -1.6 -1.5 56 58 36.13119391306238 0.0003647657510583713
10 60 -1.6 -1.5 58 60 31.98620525691683 0.0003337934743754545
10 60 -1.6 -1.5 60 65 65.33936042593434 0.0006538146553936031
10 60 -1.6 -1.5 65 70 49.45541499610447 0.0005473473617172431
10 60 -1.6 -1.5 70 80 67.74642955040767 0.0008693829758499305
10 60 -1.6 -1.5 80 90 42.26081799938586 0.0006894694075185726
10 60 -1.6 -1.5 90 100 27.56127369550001 0.0005468206503671524
10 60 -1.5 -1.4 0 0.5 -115370.8211735975 3.535950479301391
10 60 -1.5 -1.4 0.5 1 2726.847095824896 0.0007817484183760826
10 60 -1.5 -1.4 1 1.5 10152.10643879391 0.154652486100531
10 60 -1.5 -1.4 1.5 2 9333.197282293651 0.3857174184358882
10 60 -1.5 -1.4 2 2.5 7898.68736207581 0.2743832791511522
10 60 -1.5 -1.4 2.5 3 6636.342808424983 0.215580555221095
10 60 -1.5 -1.4 3 3.5 5613.249301483804 0.1765105072854567
10 60 -1.5 -1.4 3.5 4 4792.325234348772 0.1431180986537584
10 60 -1.5 -1.4 4 4.5 4128.917792195463 0.1130797613895993
10 60 -1.5 -1.4 4.5 5 3586.6298514731 0.0894507458588123
10 60 -1.5 -1.4 5 5.5 3138.015578641701 0.07238546971530013
10 60 -1.5 -1.4 5.5 6 2762.710070483208 0.05980503948694604
10 60 -1.5 -1.4 6 6.5 2445.55990351883 0.04948019503353862
10 60 -1.5 -1.4 6.5 7 2175.163304353427 0.04072073932275089
10 60 -1.5 -1.4 7 7.5 1942.825784254667 0.03519086860819698
10 60 -1.5 -1.4 7.5 8 1741.826336967061 0.03178152329633122
10 60 -1.5 -1.4 8 8.5 1566.896998075598 0.02849964385177373
10 60 -1.5 -1.4 8.5 9 1413.854897597799 0.02572017266174953
10 60 -1.5 -1.4 9 9.5 1279.335881533159 0.02335852338455879
10 60 -1.5 -1.4 9.5 10 1160.604724212633 0.02110725156671833
10 60 -1.5 -1.4 10 10.5 1055.416232807296 0.01918404784851191
10 60 -1.5 -1.4 10.5 11 961.9094303279202 0.0174698658190664
10 60 -1.5 -1.4 11 11.5 878.5293980279939 0.04379598707384957
10 60 -1.5 -1.4 11.5 12 803.9673397551362 0.03349950831932347
10 60 -1.5 -1.4 12 12.5 737.1146600086614 0.0252908738024189
10 60 -1.5 -1.4 12.5 13 677.0269279723047 0.01879417951022333
10 60 -1.5 -1.4 13 13.5 622.8948562038931 0.01363312745331768
10 60 -1.5 -1.4 13.5 14 574.02216847504 0.01014102664464644
10 60 -1.5 -1.4 14 14.5 529.8074605679411 0.009206560888742388
10 60 -1.5 -1.4 14.5 15 489.7289707358889 0.008505661520246122
10 60 -1.5 -1.4 15 16 873.5521612877334 0.0150762823830064
10 60 -1.5 -1.4 16 17 752.5461463934106 0.01268426840135817
10 60 -1.5 -1.4 17 18 651.5849664836607 0.02172981532964968
10 60 -1.5 -1.4 18 19 566.834986291974 0.02730456674703419
10 60 -1.5 -1.4 19 20 495.2904841315504 0.007595516782657796
10 60 -1.5 -1.4 20 21 434.5741710281982 0.006688423675655031
10 60 -1.5 -1.4 21 22 382.7900201129498 0.005682552756354653
10 60 -1.5 -1.4 22 23 338.417010885701 0.00487151977921485
10 60 -1.5 -1.4 23 24 300.2264569280607 0.004263923640053235
10 60 -1.5 -1.4 24 25 267.2194722247523 0.00366356951826674
10 60 -1.5 -1.4 25 26 238.5796739878204 0.003212177482652123
10 60 -1.5 -1.4 26 27 213.6359934302914 0.002896072353053114
10 60 -1.5 -1.4 27 28 191.8339203822947 0.002608139783575325
10 60 -1.5 -1.4 28 29 172.7132002280684 0.002354007724164831
10 60 -1.5 -1.4 29 30 155.8900272299504 0.002093762516693687
10 60 -1.5 -1.4 30 31 141.0430067201811 0.001853280526006529
10 60 -1.5 -1.4 31 32 127.9017947105613 0.001661059830453837
10 60 -1.5 -1.4 32 33 116.2379711956625 0.001496255900605092
10 60 -1.5 -1.4 33 34 105.85786699852 0.001346499456602146
10 60 -1.5 -1.4 34 35 96.59668434534061 0.001209343539585461
10 60 -1.5 -1.4 35 36 88.3137048573298 0.001075398656112725
10 60 -1.5 -1.4 36 37 80.88835930469799 0.0009677928678115677
10 60 -1.5 -1.4 37 38 74.21697452152924 0.0008875628992655038
10 60 -1.5 -1.4 38 39 68.21013380326342 0.0008154072116042244
10 60 -1.5 -1.4 39 40 62.7905005387812 0.0007428888998788352
10 60 -1.5 -1.4 40 42 111.344386151366 0.001236759822290878
10 60 -1.5 -1.4 42 44 95.19334341951298 0.0009733274259531299
10 60 -1.5 -1.4 44 46 81.82871565383196 0.0008641674684071177
10 60 -1.5 -1.4 46 48 70.69691576611224 0.000730963047672617
10 60 -1.5 -1.4 48 50 61.36811771126332 0.0006111813108589104
10 60 -1.5 -1.4 50 52 53.50566877186414 0.0005522653836393943
10 60 -1.5 -1.4 52 54 46.84362549042473 0.0004701771436046442
10 60 -1.5 -1.4 54 56 41.17050644693312 0.0003764064493196884
10 60 -1.5 -1.4 56 58 36.31689212512556 0.0003309099186807885
10 60 -1.5 -1.4 58 60 32.14602585554431 0.0003026880887944117
10 60 -1.5 -1.4 60 65 65.65051224379404 0.0006424220429011029
10 60 -1.5 -1.4 65 70 49.67403741107861 0.0004827130042173167
10 60 -1.5 -1.4 70 80 68.01500698838309 0.0007446075155002063
10 60 -1.5 -1.4 80 90 42.40401846837889 0.0005214083478364273
10 60 -1.5 -1.4 90 100 27.64138419582062 0.0004305207772894448
10 60 -1.4 -1.3 0 0.5 -116822.4024452041 3.698930791477324
10 60 -1.4 -1.3 0.5 1 2584.022546148187 0.002306009521362284
10 60 -1.4 -1.3 1 1.5 10167.49015466594 0.4782865368160856
10 60 -1.4 -1.3 1.5 2 9373.823400897605 0.362814913109105
10 60 -1.4 -1.3 2 2.5 7942.009765070237 0.2938432099917918
10 60 -1.4 -1.3 2.5 3 6676.980827986707 0.2317139244250939
10 60 -1.4 -1.3 3 3.5 5649.969414599843 0.1768149642975914
10 60 -1.4 -1.3 3.5 4 4825.094844067291 0.1372563902623369
10 60 -1.4 -1.3 4 4.5 4158.061544120535 0.1108350038084609
10 60 -1.4 -1.3 4.5 5 3612.554932722591 0.09132167787402068
10 60 -1.4 -1.3 5 5.5 3161.112624875028 0.07531639032140447
10 60 -1.4 -1.3 5.5 6 2783.334614373297 0.06121017089662928
10 60 -1.4 -1.3 6 6.5 2464.022416348844 0.04961420819427076
10 60 -1.4 -1.3 6.5 7 2191.729869136833 0.0411670948928986
10 60 -1.4 -1.3 7 7.5 1957.725459834506 0.03695902208369262
10 60 -1.4 -1.3 7.5 8 1755.257749939273 0.03315399369853367
10 60 -1.4 -1.3 8 8.5 1579.032393410394 0.03010052380705019
10 60 -1.4 -1.3 8.5 9 1424.840908447559 0.02720321441029228
10 60 -1.4 -1.3 9 9.5 1289.299834355537 0.02460887767324493
10 60 -1.4 -1.3 9.5 10 1169.658628167375 0.02229451726066145
10 60 -1.4 -1.3 10 10.5 1063.657856428849 0.02023028762096146
10 60 -1.4 -1.3 10.5 11 969.4245323441475 0.0183934793036542
10 60 -1.4 -1.3 11 11.5 885.3934525744269 0.04424354104571648
10 60 -1.4 -1.3 11.5 12 810.246847101565 0.03386010849749255
10 60 -1.4 -1.3 12 12.5 742.8679785460446 0.02557935158711189
10 60 -1.4 -1.3 12.5 13 682.3055722002319 0.01898871863727436
10 60 -1.4 -1.3 13 13.5 627.7450008150627 0.0137594977848039
10 60 -1.4 -1.3 13.5 14 578.4850843722851 0.01077949034959147
10 60 -1.4 -1.3 14 14.5 533.9196178930579 0.009940280646674182
10 60 -1.4 -1.3 14.5 15 493.5225386378016 0.009130825639374507
10 60 -1.4 -1.3 15 16 880.2963966385345 0.01607493037579388
10 60 -1.4 -1.3 16 17 758.3269013641743 0.01374383905852028
10 60 -1.4 -1.3 17 18 656.561761769402 0.02193660863747482
10 60 -1.4 -1.3 18 19 571.1381529498206 0.02747842128940192
10 60 -1.4 -1.3 19 20 499.0251433453171 0.008557684188019721
10 60 -1.4 -1.3 20 21 437.8260451936088 0.007256802908955251
10 60 -1.4 -1.3 21 22 385.6312100591938 0.006228215067892506
10 60 -1.4 -1.3 22 23 340.9075827542849 0.005386228439249408
10 60 -1.4 -1.3 23 24 302.4163739432644 0.004688404047669792
10 60 -1.4 -1.3 24 25 269.1506211130938 0.004117303731788979
10 60 -1.4 -1.3 25 26 240.2871941180601 0.003552932209913706
10 60 -1.4 -1.3 26 27 215.1497221972747 0.003096114945691397
10 60 -1.4 -1.3 27 28 193.1793758596309 0.002755960997518514
10 60 -1.4 -1.3 28 29 173.912140762511 0.002423946636668006
10 60 -1.4 -1.3 29 30 156.96109232176 0.002149313181718071
10 60 -1.4 -1.3 30 31 142.002101085876 0.00197358535902481
10 60 -1.4 -1.3 31 32 128.7624232314246 0.001787292358756076
10 60 -1.4 -1.3 32 33 117.0117714333623 0.001569473833427537
10 60 -1.4 -1.3 33 34 106.5549991999757 0.001406249756001898
10 60 -1.4 -1.3 34 35 97.2259832711421 0.001304657218611283
10 60 -1.4 -1.3 35 36 88.88276920693771 0.001188243154757629
10 60 -1.4 -1.3 36 37 81.40377648584635 0.001060839656787493
10 60 -1.4 -1.3 37 38 74.68452004263199 0.0009494207572799951
10 60 -1.4 -1.3 38 39 68.63491005338217 0.0008517338883393677
10 60 -1.4 -1.3 39 40 63.17702827370621 0.000776703634969067
10 60 -1.4 -1.3 40 42 112.0180620833021 0.001368224656602024
10 60 -1.4 -1.3 42 44 95.7554865998185 0.001131519854240537
10 60 -1.4 -1.3 44 46 82.29965209730942 0.0008912619865100169
10 60 -1.4 -1.3 46 48 71.09322414740247 0.0007501437169281644
10 60 -1.4 -1.3 48 50 61.70312645502606 0.0006485930134090268
10 60 -1.4 -1.3 50 52 53.78998235227208 0.0005425361293163178
10 60 -1.4 -1.3 52 54 47.08587956280007 0.0004668003666665754
10 60 -1.4 -1.3 54 56 41.37764842151665 0.0004164030091331483
10 60 -1.4 -1.3 56 58 36.49446384170157 0.0003677810114126601
10 60 -1.4 -1.3 58 60 32.29859220530552 0.0003080363807654862
10 60 -1.4 -1.3 60 65 65.946293276717 0.0006072574884115056
10 60 -1.4 -1.3 65 70 49.88082647460953 0.000462846985207932
10 60 -1.4 -1.3 70 80 68.2657537859556 0.0006373461572053429
10 60 -1.4 -1.3 80 90 42.53441702102023 0.0004448781055188533
10 60 -1.4 -1.3 90 100 27.71115335620991 0.0003156852107046859
10 60 -1.3 -1.2 0 0.5 -118185.2256188934 3.830805472665816
10 60 -1.3 -1.2 0.5 1 2449.663383671926 0.005094393227409455
10 60 -1.3 -1.2 1 1.5 10181.9458930896 0.1469192831355031
10 60 -1.3 -1.2 1.5 2 9412.042354395537 0.3843769369123038
10 60 -1.3 -1.2 2 2.5 7982.754321779623 0.2854199873208927
10 60 -1.3 -1.2 2.5 3 6715.18841477139 0.2171501769471433
10 60 -1.3 -1.2 3 3.5 5684.492209334077 0.1736585010839917
10 60 -1.3 -1.2 3.5 4 4855.9051924039 0.1430606254361919
10 60 -1.3 -1.2 4 4.5 4185.466805065169 0.116509093917557
10 60 -1.3 -1.2 4.5 5 3636.933744043996 0.09330966681773134
10 60 -1.3 -1.2 5 5.5 3182.832773664166 0.07468893896520967
10 60 -1.3 -1.2 5.5 6 2802.731283198412 0.06044516028305225
10 60 -1.3 -1.2 6 6.5 2481.386033225031 0.04965930791377104
10 60 -1.3 -1.2 6.5 7 2207.309625909236 0.04281198586977553
10 60 -1.3 -1.2 7 7.5 1971.739022703021 0.03853760330684963
10 60 -1.3 -1.2 7.5 8 1767.892114098505 0.03475876093239094
10 60 -1.3 -1.2 8 8.5 1590.446875939499 0.03135363035858063
10 60 -1.3 -1.2 8.5 9 1435.174408775177 0.02839402836934823
10 60 -1.3 -1.2 9 9.5 1298.673495891581 0.02578363257907768
10 60 -1.3 -1.2 9.5 10 1178.177660527278 0.02337024758230655
10 60 -1.3 -1.2 10 10.5 1071.414093398391 0.021212951862708
10 60 -1.3 -1.2 10.5 11 976.498292389576 0.01940968429744316
10 60 -1.3 -1.2 11 11.5 891.8547848884264 0.01766597618723154
10 60 -1.3 -1.2 11.5 12 816.1577167912276 0.03416611960972205
10 60 -1.3 -1.2 12 12.5 748.2840037655943 0.02579966623841301
10 60 -1.3 -1.2 12.5 13 687.2760835369259 0.0191787883870802
10 60 -1.3 -1.2 13 13.5 632.3132036843988 0.01390890579841653
10 60 -1.3 -1.2 13.5 14 582.6892259177673 0.01134370105251037
10 60 -1.3 -1.2 14 14.5 537.7939129621481 0.01050092828700144
10 60 -1.3 -1.2 14.5 15 497.0974804364905 0.009707137424470602
10 60 -1.3 -1.2 15 16 886.6540843708156 0.0170146383231895
10 60 -1.3 -1.2 16 17 763.779345318525 0.01456291876309024
10 60 -1.3 -1.2 17 18 661.2593798875591 0.0220422698399716
10 60 -1.3 -1.2 18 19 575.2021628075756 0.02770102002443764
10 60 -1.3 -1.2 19 20 502.5550429088353 0.009249473027693966
10 60 -1.3 -1.2 20 21 440.9032954130026 0.007931387152211755
10 60 -1.3 -1.2 21 22 388.3227194805248 0.006901956508500007
10 60 -1.3 -1.2 22 23 343.2687118004009 0.005945097385165354
10 60 -1.3 -1.2 23 24 304.4936808123117 0.005065700862985523
10 60 -1.3 -1.2 24 25 270.9836507232218 0.004498112109558861
10 60 -1.3 -1.2 25 26 241.909146684381 0.003945879067714486
10 60 -1.3 -1.2 26 27 216.5885241788341 0.003428709606851044
10 60 -1.3 -1.2 27 28 194.4587795311604 0.003019634337789512
10 60 -1.3 -1.2 28 29 175.0524731618491 0.002643401907789666
10 60 -1.3 -1.2 29 30 157.9797828371222 0.002321740527150951
10 60 -1.3 -1.2 30 31 142.9141324458088 0.002067207023458195
10 60 -1.3 -1.2 31 32 129.580760041061 0.001836101088372288
10 60 -1.3 -1.2 32 33 117.7476255360222 0.001653719948876642
10 60 -1.3 -1.2 33 34 107.2179655862218 0.001514988724707678
10 60 -1.3 -1.2 34 35 97.8243103807277 0.001354266108677393
10 60 -1.3 -1.2 35 36 89.42374052756811 0.001205441288774978
10 60 -1.3 -1.2 36 37 81.89379684507364 0.001099043329702454
10 60 -1.3 -1.2 37 38 75.12917931398694 0.001029978909230067
10 60 -1.3 -1.2 38 39 69.03903189911033 0.0009405448995210008
10 60 -1.3 -1.2 39 40 63.54481552000955 0.0008334999959274114
10 60 -1.3 -1.2 40 42 112.6591376025743 0.001446392736056623
10 60 -1.3 -1.2 42 44 96.2907639942792 0.00122178488649638
10 60 -1.3 -1.2 44 46 82.74874044148207 0.001015672680921398
10 60 -1.3 -1.2 46 48 71.47142423454831 0.0008374233207320003
10 60 -1.3 -1.2 48 50 62.02272237531627 0.0006627042038758191
10 60 -1.3 -1.2 50 52 54.06111598630542 0.000567150846883635
10 60 -1.3 -1.2 52 54 47.31675239661612 0.0005198440089415612
10 60 -1.3 -1.2 54 56 41.57483838907424 0.0004318619429568571
10 60 -1.3 -1.2 56 58 36.66340280552842 0.0003654277887292778
10 60 -1.3 -1.2 58 60 32.44375044983207 0.0003345928551823363
10 60 -1.3 -1.2 60 65 66.22732830134552 0.0006368489362671426
10 60 -1.3 -1.2 65 70 50.07635376996421 0.0004614356029719602
10 60 -1.3 -1.2 70 80 68.5010194102727 0.0005917045038614788
10 60 -1.3 -1.2 80 90 42.65415421958709 0.0003591478510713841
10 60 -1.3 -1.2 90 100 27.77312231379855 0.0002664571834607443
10 60 -1.2 -1.1 0 0.5 -119455.9607736652 4.014823571997113
10 60 -1.2 -1.1 0.5 1 2324.311417256396 0.00692912780232291
10 60 -1.2 -1.1 1 1.5 10195.41595230367 0.4800332677132246
10 60 -1.2 -1.1 1.5 2 9447.703194105332 0.3811540250644612
10 60 -1.2 -1.1 2 2.5 8020.79579797629 0.2947439805238901
10 60 -1.2 -1.1 2.5 3 6750.874611675138 0.2283594526552406
10 60 -1.2 -1.1 3 3.5 5716.736332209302 0.1814094123756149
10 60 -1.2 -1.1 3.5 4 4884.678163327479 0.1437587613927462
10 60 -1.2 -1.1 4 4.5 4211.05964604615 0.1136118335825813
10 60 -1.2 -1.1 4.5 5 3659.698423644023 0.09154468532051396
10 60 -1.2 -1.1 5 5.5 3203.117532519504 0.07499069162122396
10 60 -1.2 -1.1 5.5 6 2820.848021889617 0.06186008517215669
10 60 -1.2 -1.1 6 6.5 2497.602036259031 0.05084495368646458
10 60 -1.2 -1.1 6.5 7 2221.861102336076 0.04448996943392558
10 60 -1.2 -1.1 7 7.5 1984.828688713567 0.03993089156301721
10 60 -1.2 -1.1 7.5 8 1779.693071744865 0.03607382819313898
10 60 -1.2 -1.1 8 8.5 1601.108537893429 0.03262790692429007
10 60 -1.2 -1.1 8.5 9 1444.826570951145 0.02949279242648117
10 60 -1.2 -1.1 9 9.5 1307.429448077987 0.02665654403836015
10 60 -1.2 -1.1 9.5 10 1186.136206438232 0.02431981482732226
10 60 -1.2 -1.1 10 10.5 1078.660643275134 0.02219996316648576
10 60 -1.2 -1.1 10.5 11 983.107409437192 0.02015376717247364
10 60 -1.2 -1.1 11 11.5 897.8927512088002 0.01842446605235182
10 60 -1.2 -1.1 11.5 12 821.682922450491 0.03448677833182501
10 60 -1.2 -1.1 12 12.5 753.3474538090824 0.02604318910130132
10 60 -1.2 -1.1 12.5 13 691.9230459487592 0.01934069263916172
10 60 -1.2 -1.1 13 13.5 636.5842361334899 0.01404159776416236
10 60 -1.2 -1.1 13.5 14 586.6202069322818 0.01190178428521449
10 60 -1.2 -1.1 14 14.5 541.4167623864636 0.01093143495518234
10 60 -1.2 -1.1 14.5 15 500.4408523548224 0.01006121718819486
10 60 -1.2 -1.1 15 16 892.6024464947203 0.01795063169436162
10 60 -1.2 -1.1 16 17 768.8833350412365 0.01528300082645728
10 60 -1.2 -1.1 17 18 665.6585783456517 0.02216754401513299
10 60 -1.2 -1.1 18 19 579.0098479554848 0.02787449397953878
10 60 -1.2 -1.1 19 20 505.8639056633394 0.009787167705667343
10 60 -1.2 -1.1 20 21 443.7897268197189 0.008538780438641425
10 60 -1.2 -1.1 21 22 390.8493764630993 0.007387743787148793
10 60 -1.2 -1.1 22 23 345.4876364307848 0.006480114382043212
10 60 -1.2 -1.1 23 24 306.447994726061 0.005646708470919748
10 60 -1.2 -1.1 24 25 272.7092759640648 0.004861497461433828
10 60 -1.2 -1.1 25 26 243.4369135790026 0.004207817926612734
10 60 -1.2 -1.1 26 27 217.9448144873008 0.003713238464399637
10 60 -1.2 -1.1 27 28 195.6658826491651 0.0033011843335089
10 60 -1.2 -1.1 28 29 176.1292737382745 0.002923303676908517
10 60 -1.2 -1.1 29 30 158.9423780606731 0.002578662542362054
10 60 -1.2 -1.1 30 31 143.7763694388142 0.002268574466597784
10 60 -1.2 -1.1 31 32 130.3546294716476 0.002001939498683214
10 60 -1.2 -1.1 32 33 118.4435136834409 0.001790659228277036
10 60 -1.2 -1.1 33 34 107.8448843558953 0.001598518046051822
10 60 -1.2 -1.1 34 35 98.39016377123623 0.001412891324278576
10 60 -1.2 -1.1 35 36 89.9354084047495 0.001267752955584456
10 60 -1.2 -1.1 36 37 82.35724318464734 0.001158684201698179
10 60 -1.2 -1.1 37 38 75.54959272462553 0.001053828630190878
10 60 -1.2 -1.1 38 39 69.42101673935379 0.0009520451139763964
10 60 -1.2 -1.1 39 40 63.89245090972877 0.0008661984222655406
10 60 -1.2 -1.1 40 42 113.2652146322644 0.001561986452443875
10 60 -1.2 -1.1 42 44 96.79693431714013 0.001286163595594303
10 60 -1.2 -1.1 44 46 83.17358419043398 0.001070554792804046
10 60 -1.2 -1.1 46 48 71.82965203676018 0.0009265241985048078
10 60 -1.2 -1.1 48 50 62.3259132614846 0.0007995284614139564
10 60 -1.2 -1.1 50 52 54.31838100042921 0.0006527411275456529
10 60 -1.2 -1.1 52 54 47.53558564978673 0.0005234529832662815
10 60 -1.2 -1.1 54 56 41.7615956264122 0.0004398854597056356
10 60 -1.2 -1.1 56 58 36.82330699782722 0.0003994157650595298
10 60 -1.2 -1.1 58 60 32.58101974268677 0.0003500535446434583
10 60 -1.2 -1.1 60 65 66.49300756072778 0.0006729290267486476
10 60 -1.2 -1.1 65 70 50.2609608698917 0.0004662395642540673
10 60 -1.2 -1.1 70 80 68.7218481886286 0.0005736411067687186
10 60 -1.2 -1.1 80 90 42.76506052785182 0.0003409360025088404
10 60 -1.2 -1.1 90 100 27.82883404123103 0.0002104385328962621
10 60 -1.1 -1 0 0.5 -120630.4943758569 4.141589603066677
10 60 -1.1 -1 0.5 1 2208.303021777891 0.003960803600875806
10 60 -1.1 -1 1 1.5 10207.92258373322 0.1540067209443805
10 60 -1.1 -1 1.5 2 9480.734755782512 0.3826459433803393
10 60 -1.1 -1 2 2.5 8056.026227606248 0.2848795042882557
10 60 -1.1 -1 2.5 3 6783.921487872972 0.22786682026981
10 60 -1.1 -1 3 3.5 5746.603784818239 0.1818429079376074
10 60 -1.1 -1 3.5 4 4911.339180213765 0.143548142781583
10 60 -1.1 -1 4 4.5 4234.77397570288 0.1148912577946248
10 60 -1.1 -1 4.5 5 3680.791557764795 0.0935805119656834
10 60 -1.1 -1 5 5.5 3221.914244366367 0.07612467209310125
10 60 -1.1 -1 5.5 6 2837.63245571394 0.06196264006030106
10 60 -1.1 -1 6 6.5 2512.627473338728 0.05133811280484224
10 60 -1.1 -1 6.5 7 2235.345801099063 0.04596965662631192
10 60 -1.1 -1 7 7.5 1996.958987515502 0.04150537225382323
10 60 -1.1 -1 7.5 8 1790.628228599865 0.03737348329627821
10 60 -1.1 -1 8 8.5 1610.987820177722 0.0335608851669349
10 60 -1.1 -1 8.5 9 1453.771700732403 0.0304393068479385
10 60 -1.1 -1 9 9.5 1315.544787263316 0.02773627259011846
10 60 -1.1 -1 9.5 10 1193.511618800361 0.02509781501498765
10 60 -1.1 -1 10 10.5 1085.375702344139 0.022870966525943
10 60 -1.1 -1 10.5 11 989.2323219567958 0.02085905266949339
10 60 -1.1 -1 11 11.5 903.4889785206224 0.01898023129263038
10 60 -1.1 -1 11.5 12 826.8046601822226 0.03476093794949975
10 60 -1.1 -1 12 12.5 758.0422825808265 0.02628153480247875
10 60 -1.1 -1 12.5 13 696.232570150113 0.01952743854860728
10 60 -1.1 -1 13 13.5 640.5453601044416 0.01414639522636207
10 60 -1.1 -1 13.5 14 590.2661975754369 0.01236077020325865
10 60 -1.1 -1 14 14.5 544.7772402545672 0.01130318836555944
10 60 -1.1 -1 14.5 15 503.5424372945265 0.0103853424159297
10 60 -1.1 -1 15 16 898.1212648738431 0.01868471251827941
10 60 -1.1 -1 16 17 773.6197032181967 0.01603549368758195
10 60 -1.1 -1 17 18 669.741883171307 0.02229486357384758
10 60 -1.1 -1 18 19 582.5455038378735 0.02804395068437771
10 60 -1.1 -1 19 20 508.9377247999069 0.01030502683511259
10 60 -1.1 -1 20 21 446.4720407485439 0.009024472076760048
10 60 -1.1 -1 21 22 393.1983436395466 0.007800265429978026
10 60 -1.1 -1 22 23 347.5516933616411 0.006863659355303753
10 60 -1.1 -1 23 24 308.2675274119094 0.005997684477847542
10 60 -1.1 -1 24 25 274.3180578875069 0.005253654328782886
10 60 -1.1 -1 25 26 244.8630394219446 0.004669590737933049
10 60 -1.1 -1 26 27 219.2117962137803 0.004067258841928378
10 60 -1.1 -1 27 28 196.7939918470043 0.003504679626075813
10 60 -1.1 -1 28 29 177.1361911348361 0.003103031157792202
10 60 -1.1 -1 29 30 159.8432702176877 0.002799804847910536
10 60 -1.1 -1 30 31 144.5840818141189 0.0024959849041295
10 60 -1.1 -1 31 32 131.0801833776601 0.002212429995353205
10 60 -1.1 -1 32 33 119.0964376091633 0.001941231774836183
10 60 -1.1 -1 33 34 108.4335323091789 0.001728382115103955
10 60 -1.1 -1 34 35 98.92178414052228 0.001566392258382621
10 60 -1.1 -1 35 36 90.41626479722926 0.001416269559982197
10 60 -1.1 -1 36 37 82.79280933019135 0.001257808492880486
10 60 -1.1 -1 37 38 75.9447231752772 0.001105570135194966
10 60 -1.1 -1 38 39 69.7800239848964 0.0009981155407956521
10 60 -1.1 -1 39 40 64.21911631945495 0.0009134061935043292
10 60 -1.1 -1 40 42 113.8344112506394 0.001564192982655754
10 60 -1.1 -1 42 44 97.2721620307769 0.001341211365456729
10 60 -1.1 -1 44 46 83.57242253158344 0.001186399370368463
10 60 -1.1 -1 46 48 72.16577368350251 0.0009788984202714346
10 60 -1.1 -1 48 50 62.61034302639729 0.0008317749766106886
10 60 -1.1 -1 50 52 54.56002733942426 0.0007056196345800458
10 60 -1.1 -1 52 54 47.74155302449456 0.0006230715150792321
10 60 -1.1 -1 54 56 41.93749693072272 0.0005281732529098804
10 60 -1.1 -1 56 58 36.97376137185076 0.000414770464814751
10 60 -1.1 -1 58 60 32.71002826968831 0.0003376527952241304
10 60 -1.1 -1 60 65 66.74243497091469 0.0006955685953897728
10 60 -1.1 -1 65 70 50.43435539417295 0.0005229807202198344
10 60 -1.1 -1 70 80 68.92873459014788 0.000582393920851132
10 60 -1.1 -1 80 90 42.86794305307331 0.0003112031890708522
10 60 -1.1 -1 90 100 27.87936363866216 0.0001841839068355
10 60 -1 -0.95 0 0.5 -60724.75356119214 0.7685913244495168
10 60 -1 -0.95 0.5 1 1063.635938542113 0.0531069909091002
10 60 -1 -0.95 1 1.5 5108.338357391487 0.2370144482374599
10 60 -1 -0.95 1.5 2 4751.915195463463 0.1964065111023956
10 60 -1 -0.95 2 2.5 4040.325574289697 0.1512696401350695
10 60 -1 -0.95 2.5 3 3403.508432824195 0.1111961015703855
10 60 -1 -0.95 3 3.5 2883.736469853075 0.08808921497120537
10 60 -1 -0.95 3.5 4 2464.984434043384 0.07211792025282193
10 60 -1 -0.95 4 4.5 2125.672702016856 0.05887774810071278
10 60 -1 -0.95 4.5 5 1847.768285379576 0.0472854139577521
10 60 -1 -0.95 5 5.5 1617.526475804427 0.03807429107905591
10 60 -1 -0.95 5.5 6 1424.682503832071 0.0311685483918609
10 60 -1 -0.95 6 6.5 1261.565154328948 0.02554593445506725
10 60 -1 -0.95 6.5 7 1122.386259984875 0.02099163851403318
10 60 -1 -0.95 7 7.5 1002.718949270639 0.0173890375974679
10 60 -1 -0.95 7.5 8 899.1359578123454 0.0144671574619224
10 60 -1 -0.95 8 8.5 808.9474495712385 0.01205396885484333
10 60 -1 -0.95 8.5 9 730.0128065650986 0.01012588802404935
10 60 -1 -0.95 9 9.5 660.6088783973805 0.008628664530078822
10 60 -1 -0.95 9.5 10 599.3338967859386 0.007391255357219961
10 60 -1 -0.95 10 10.5 545.03520828316 0.006302396363935259
10 60 -1 -0.95 10.5 11 496.7573063501402 0.005384588700849235
10 60 -1 -0.95 11 11.5 453.7009973396125 0.004645202220615374
10 60 -1 -0.95 11.5 12 415.1927647852924 0.01748466360936618
10 60 -1 -0.95 12 12.5 380.6620915865804 0.01320266375358869
10 60 -1 -0.95 12.5 13 349.6227057638209 0.009816513039652364
10 60 -1 -0.95 13 13.5 321.6577027213034 0.007119319716878181
10 60 -1 -0.95 13.5 14 296.4082975636015 0.004985808769504274
10 60 -1 -0.95 14 14.5 273.5643088706639 0.00331069122239569
10 60 -1 -0.95 14.5 15 252.8564177355338 0.001992071570271037
10 60 -1 -0.95 15 16 450.9910067118159 0.00430910942321816
10 60 -1 -0.95 16 17 388.466280355422 0.005589090439855227
10 60 -1 -0.95 17 18 336.2992590696614 0.01120674632693408
10 60 -1 -0.95 18 19 292.5098237838711 0.01407591598376712
10 60 -1 -0.95 19 20 255.5445625609698 0.001514381522156327
10 60 -1 -0.95 20 21 224.1749014122414 0.001280034632060278
10 60 -1 -0.95 21 22 197.4217166049316 0.001087408500580977
10 60 -1 -0.95 22 23 174.4988883848621 0.0009290070650820326
10 60 -1 -0.95 23 24 154.7714293367627 0.0008007712131359312
10 60 -1 -0.95 24 25 137.7231336707323 0.0006938208778706212
10 60 -1 -0.95 25 26 122.9319036408319 0.0006058420300405487
10 60 -1 -0.95 26 27 110.0509679181454 0.0005346378734856216
10 60 -1 -0.95 27 28 98.79379838207082 0.0004775412376289978
10 60 -1 -0.95 28 29 88.92248294436176 0.0004145998344284862
10 60 -1 -0.95 29 30 80.23875028590332 0.0003626744661033854
10 60 -1 -0.95 30 31 72.57648292068035 0.0003232946900766365
10 60 -1 -0.95 31 32 65.79582689544121 0.0002940169226093303
10 60 -1 -0.95 32 33 59.77857992451629 0.0002628444600745183
10 60 -1 -0.95 33 34 54.4245973217914 0.0002348788801711521
10 60 -1 -0.95 34 35 49.64867790452453 0.0002098242403505424
10 60 -1 -0.95 35 36 45.37806691135043 0.0001889542232831332
10 60 -1 -0.95 36 37 41.55043831813285 0.0001711774228283502
10 60 -1 -0.95 37 38 38.11220629109488 0.000155466313444208
10 60 -1 -0.95 38 39 35.01714704101945 0.0001414288550520837
10 60 -1 -0.95 39 40 32.22528117095364 0.0001290827769224734
10 60 -1 -0.95 40 42 57.11889642530483 0.000226076876693071
10 60 -1 -0.95 42 44 48.80424854329539 0.0001905521493625884
10 60 -1 -0.95 44 46 41.92706097730363 0.000161743687179694
10 60 -1 -0.95 46 48 36.20159639535098 0.0001380488084166132
10 60 -1 -0.95 48 50 31.40565879298402 0.0001186420604604166
10 60 -1 -0.95 50 52 27.36534304666517 0.000102538523783835
10 60 -1 -0.95 52 54 23.94346148330954 8.906451595436238e-05
10 60 -1 -0.95 54 56 21.03089486374436 7.774570342178322e-05
10 60 -1 -0.95 56 58 18.54018166714792 6.817313047946527e-05
10 60 -1 -0.95 58 60 16.40078076949346 6.002422597717327e-05
10 60 -1 -0.95 60 65 33.45956976012274 0.0001216746507495259
10 60 -1 -0.95 65 70 25.27839792966794 9.128079971532088e-05
10 60 -1 -0.95 70 80 34.53756646633619 0.0001240680338270295
10 60 -1 -0.95 80 90 21.47014514890461 7.701162754969459e-05
10 60 -1 -0.95 90 100 13.95723095061429 5.019693737118303e-05
10 60 -0.95 -0.9 0 0.5 -60981.09449164887 0.843026375536283
10 60 -0.95 -0.9 0.5 1 1038.306083025963 0.003258727517504667
10 60 -0.95 -0.9 1 1.5 5111.076803202307 0.08408888489884703
10 60 -0.95 -0.9 1.5 2 4759.150993083859 0.1818681851664223
10 60 -0.95 -0.9 2 2.5 4048.043129187482 0.1506861633047265
10 60 -0.95 -0.9 2.5 3 3410.747526555896 0.1182229358250879
10 60 -0.95 -0.9 3 3.5 2890.276658298678 0.08958108147589883
10 60 -0.95 -0.9 3.5 4 2470.822843598484 0.07086113483683221
10 60 -0.95 -0.9 4 4.5 2130.865164901241 0.05748425980209504
10 60 -0.95 -0.9 4.5 5 1852.388870359421 0.04719195653819952
10 60 -0.95 -0.9 5 5.5 1621.644271203789 0.03846701025759103
10 60 -0.95 -0.9 5.5 6 1428.359502126026 0.03118384399954266
10 60 -0.95 -0.9 6 6.5 1264.857624007434 0.02560892790870639
10 60 -0.95 -0.9 6.5 7 1125.340744264562 0.02113687351879889
10 60 -0.95 -0.9 7 7.5 1005.376162072085 0.01740901282016694
10 60 -0.95 -0.9 7.5 8 901.5320307031844 0.0144526271644736
10 60 -0.95 -0.9 8 8.5 811.1126889844543 0.01214225983630968
10 60 -0.95 -0.9 8.5 9 731.9730799012322 0.01024223234071542
10 60 -0.95 -0.9 9 9.5 662.38724076326 0.008621229198524816
10 60 -0.95 -0.9 9.5 10 600.950028006221 0.007309905944225648
10 60 -0.95 -0.9 10 10.5 546.5069237082486 0.006277354881149222
10 60 -0.95 -0.9 10.5 11 498.0999919972928 0.005445167359084735
10 60 -0.95 -0.9 11 11.5 454.9276622815221 0.004724371330439681
10 60 -0.95 -0.9 11.5 12 416.3152503209848 0.01753880112255501
10 60 -0.95 -0.9 12 12.5 381.6909243412215 0.013255391780433
10 60 -0.95 -0.9 12.5 13 350.5670751910818 0.009841356108893251
10 60 -0.95 -0.9 13 13.5 322.5259713433336 0.007137728227235129
10 60 -0.95 -0.9 13.5 14 297.207844686113 0.005011744208957225
10 60 -0.95 -0.9 14 14.5 274.3014636753359 0.003328021597326369
10 60 -0.95 -0.9 14.5 15 253.5368619397517 0.001999220999095996
10 60 -0.95 -0.9 15 16 452.2018573466605 0.004375250292014243
10 60 -0.95 -0.9 16 17 389.5051269778204 0.005631083596256303
10 60 -0.95 -0.9 17 18 337.1949684743004 0.01122163527605835
10 60 -0.95 -0.9 18 19 293.2855152354063 0.01412527724858137
10 60 -0.95 -0.9 19 20 256.2191687755026 0.001518448158094543
10 60 -0.95 -0.9 20 21 224.7639287582864 0.001281527696022522
10 60 -0.95 -0.9 21 22 197.9377961082779 0.00108787468235505
10 60 -0.95 -0.9 22 23 174.9527417642301 0.0009304977890849386
10 60 -0.95 -0.9 23 24 155.1718010560345 0.00080412829532861
10 60 -0.95 -0.9 24 25 138.0772922919906 0.0006993341964687261
10 60 -0.95 -0.9 25 26 123.2461883461872 0.0006208836305177101
10 60 -0.95 -0.9 26 27 110.3306632998378 0.0005506817410747544
10 60 -0.95 -0.9 27 28 99.0433334677475 0.0004919756882060256
10 60 -0.95 -0.9 28 29 89.14563359978635 0.0004366455177944317
10 60 -0.95 -0.9 29 30 80.43863861382874 0.0003779492958528863
10 60 -0.95 -0.9 30 31 72.75582918181658 0.0003313020199158245
10 60 -0.95 -0.9 31 32 65.95706632633396 0.0002983697334144608
10 60 -0.95 -0.9 32 33 59.92386415794516 0.0002738843922358569
10 60 -0.95 -0.9 33 34 54.55573213921569 0.0002453808680655811
10 60 -0.95 -0.9 34 35 49.76723447743069 0.0002154159394578414
10 60 -0.95 -0.9 35 36 45.48544809966636 0.0001910988345628084
10 60 -0.95 -0.9 36 37 41.64786470413854 0.0001728475611386671
10 60 -0.95 -0.9 37 38 38.200724285287 0.0001592503218859065
10 60 -0.95 -0.9 38 39 35.09765869212089 0.0001470829614973468
10 60 -0.95 -0.9 39 40 32.29856858133788 0.0001318835165449173
10 60 -0.95 -0.9 40 42 57.24656866809051 0.0002262722930126415
10 60 -0.95 -0.9 42 44 48.91083721430939 0.0001905962552797291
10 60 -0.95 -0.9 44 46 42.01643050946955 0.0001617430946225795
10 60 -0.95 -0.9 46 48 36.27669521213415 0.0001381200897156987
10 60 -0.95 -0.9 48 50 31.46911856137829 0.0001186870899338999
10 60 -0.95 -0.9 50 52 27.41923985043348 0.0001025596068551238
10 60 -0.95 -0.9 52 54 23.98941240352217 8.907363811161417e-05
10 60 -0.95 -0.9 54 56 21.07017040962682 7.773857113946292e-05
10 60 -0.95 -0.9 56 58 18.5738528363349 6.81500642620847e-05
10 60 -0.95 -0.9 58 60 16.42976357670479 6.000596462740759e-05
10 60 -0.95 -0.9 60 65 33.51557114880037 0.0001216197300308863
10 60 -0.95 -0.9 65 70 25.31724079301245 9.121734864336872e-05
10 60 -0.95 -0.9 70 80 34.5838302635876 0.0001239451259138491
10 60 -0.95 -0.9 80 90 21.49297850174603 7.690246050273686e-05
10 60 -0.95 -0.9 90 100 13.96828135181886 5.010279492267955e-05
10 60 -0.9 -0.85 0 0.5 -61224.83244528571 0.9145708071810077
10 60 -0.9 -0.85 0.5 1 1014.281247374806 0.003849947201615578
10 60 -0.9 -0.85 1 1.5 5113.694317724797 0.08673616548730934
10 60 -0.9 -0.85 1.5 2 4766.03077905563 0.1955367197188025
10 60 -0.9 -0.85 2 2.5 4055.385758118328 0.1412487178549782
10 60 -0.9 -0.85 2.5 3 3417.634943860228 0.116498647548724
10 60 -0.9 -0.85 3 3.5 2896.500625801831 0.09388993509173815
10 60 -0.9 -0.85 3.5 4 2476.377672452275 0.07286317373745987
10 60 -0.9 -0.85 4 4.5 2135.805820100138 0.05776838721067179
10 60 -0.9 -0.85 4.5 5 1856.784809007054 0.04670090671947946
10 60 -0.9 -0.85 5 5.5 1625.561401488222 0.03821737220528121
10 60 -0.9 -0.85 5.5 6 1431.858092928034 0.03135926062077488
10 60 -0.9 -0.85 6 6.5 1267.990634640628 0.02555354371452268
10 60 -0.9 -0.85 6.5 7 1128.151806364855 0.02102782532210767
10 60 -0.9 -0.85 7 7.5 1007.904843535478 0.01754083165076281
10 60 -0.9 -0.85 7.5 8 903.8122409130756 0.01460218650004208
10 60 -0.9 -0.85 8 8.5 813.1729673309839 0.01214421911561203
10 60 -0.9 -0.85 8.5 9 733.8386420231385 0.01019142582777022
10 60 -0.9 -0.85 9 9.5 664.0794529365078 0.008659923903792333
10 60 -0.9 -0.85 9.5 10 602.4881088930357 0.007398709480867183
10 60 -0.9 -0.85 10 10.5 547.9077108273708 0.006320687852735318
10 60 -0.9 -0.85 10.5 11 499.3776628085406 0.005402750777307119
10 60 -0.9 -0.85 11 11.5 456.0949913246818 0.004664710280223971
10 60 -0.9 -0.85 11.5 12 417.3834910898573 0.01760221527723616
10 60 -0.9 -0.85 12 12.5 382.6699650336807 0.01328982248668353
10 60 -0.9 -0.85 12.5 13 351.4658829773488 0.009874754572194888
10 60 -0.9 -0.85 13 13.5 323.3523265477148 0.00717158772312132
10 60 -0.9 -0.85 13.5 14 297.9685084386033 0.005027140674940256
10 60 -0.9 -0.85 14 14.5 275.0026347770184 0.003331532758522826
10 60 -0.9 -0.85 14.5 15 254.1841844634299 0.002007880066571488
10 60 -0.9 -0.85 15 16 453.3540718110236 0.004410848009342772
10 60 -0.9 -0.85 16 17 390.4942113863167 0.005604813727416058
10 60 -0.9 -0.85 17 18 338.0474177729085 0.01127819852564471
10 60 -0.9 -0.85 18 19 294.0236767693005 0.01416133933014407
10 60 -0.9 -0.85 19 20 256.8611222015114 0.00152150976265375
10 60 -0.9 -0.85 20 21 225.3244664627213 0.001281758664362087
10 60 -0.9 -0.85 21 22 198.4291791915884 0.001089618048013108
10 60 -0.9 -0.85 22 23 175.3848162097839 0.0009315803916081222
10 60 -0.9 -0.85 23 24 155.5529385405636 0.0008131609800727801
10 60 -0.9 -0.85 24 25 138.4146184845208 0.0007175753926560446
10 60 -0.9 -0.85 25 26 123.5455927117376 0.0006335797483529859
10 60 -0.9 -0.85 26 27 110.5971274406908 0.0005669239667724923
10 60 -0.9 -0.85 27 28 99.28108622226733 0.0004987791589314838
10 60 -0.9 -0.85 28 29 89.35834340631324 0.0004438461031668339
10 60 -0.9 -0.85 29 30 80.62943359524604 0.0004017490607850505
10 60 -0.9 -0.85 30 31 72.92719716927839 0.00035603320378641
10 60 -0.9 -0.85 31 32 66.11112273971835 0.0003078887920366924
10 60 -0.9 -0.85 32 33 60.06260784875045 0.0002726366243948064
10 60 -0.9 -0.85 33 34 54.68100944094809 0.000246917817705139
10 60 -0.9 -0.85 34 35 49.88061147124507 0.0002232171895002466
10 60 -0.9 -0.85 35 36 45.58821952482469 0.0002048697468879368
10 60 -0.9 -0.85 36 37 41.74112210792099 0.000186704699437712
10 60 -0.9 -0.85 37 38 38.28542473340347 0.0001688576304701428
10 60 -0.9 -0.85 38 39 35.17467176610236 0.0001488998222498594
10 60 -0.9 -0.85 39 40 32.36870818396021 0.0001339646696294494
10 60 -0.9 -0.85 40 42 57.36898280228747 0.0002316739181864591
10 60 -0.9 -0.85 42 44 49.0130840894078 0.0001905735441383172
10 60 -0.9 -0.85 44 46 42.1021864471291 0.0001628402627105174
10 60 -0.9 -0.85 46 48 36.34880716378 0.0001381811223950535
10 60 -0.9 -0.85 48 50 31.5299298505455 0.0001186974994027423
10 60 -0.9 -0.85 50 52 27.47084833473009 0.0001025663067615312
10 60 -0.9 -0.85 52 54 24.03339124295237 8.907775838906673e-05
10 60 -0.9 -0.85 54 56 21.10778130472771 7.774311833941283e-05
10 60 -0.9 -0.85 56 58 18.60610374030735 6.814812418198812e-05
10 60 -0.9 -0.85 58 60 16.45743835799742 5.998001131857222e-05
10 60 -0.9 -0.85 60 65 33.56930762421385 0.0001215519537609566
10 60 -0.9 -0.85 65 70 25.35450541452854 9.117089175703086e-05
10 60 -0.9 -0.85 70 80 34.62814948305792 0.0001238429208996195
10 60 -0.9 -0.85 80 90 21.51484577116751 7.679632741997011e-05
10 60 -0.9 -0.85 90 100 13.97879809372226 5.001424909067964e-05
10 60 -0.85 -0.8 0 0.5 -61455.80464507759 0.9799434228989412
10 60 -0.85 -0.8 0.5 1 991.5808647047415 0.004924275592202321
10 60 -0.85 -0.8 1 1.5 5116.197998896247 0.2371955738290126
10 60 -0.85 -0.8 1.5 2 4772.561209399826 0.2022970244479438
10 60 -0.85 -0.8 2 2.5 4062.344101342759 0.1484191392323737
10 60 -0.85 -0.8 2.5 3 3424.165648329056 0.1108970246568788
10 60 -0.85 -0.8 3 3.5 2902.402375038222 0.0904811703926498
10 60 -0.85 -0.8 3.5 4 2481.64567505673 0.07434670600287063
10 60 -0.85 -0.8 4 4.5 2140.492051481727 0.05913169948598807
10 60 -0.85 -0.8 4.5 5 1860.953896044519 0.04722995299607646
10 60 -0.85 -0.8 5 5.5 1629.275728447205 0.03817969068836646
10 60 -0.85 -0.8 5.5 6 1435.176686078873 0.03129022459779662
10 60 -0.85 -0.8 6 6.5 1270.961708242055 0.02584930161060583
10 60 -0.85 -0.8 6.5 7 1130.817917332339 0.02120655572207397
10 60 -0.85 -0.8 7 7.5 1010.303411913658 0.017382781457286
10 60 -0.85 -0.8 7.5 8 905.9749155125357 0.014498135564736
10 60 -0.85 -0.8 8 8.5 815.1272779682276 0.01221218103876254
10 60 -0.85 -0.8 8.5 9 735.607940650116 0.01029355016180489
10 60 -0.85 -0.8 9 9.5 665.6845313922971 0.008665364391163166
10 60 -0.85 -0.8 9.5 10 603.947418168795 0.007352014475259239
10 60 -0.85 -0.8 10 10.5 549.2364795538264 0.006304157557110557
10 60 -0.85 -0.8 10.5 11 500.5895403764141 0.005464104018244598
10 60 -0.85 -0.8 11 11.5 457.2021315599719 0.004740393656732067
10 60 -0.85 -0.8 11.5 12 418.3966266870797 0.01764651965339681
10 60 -0.85 -0.8 12 12.5 383.5987278281141 0.01333732412746258
10 60 -0.85 -0.8 12.5 13 352.318494005119 0.00991561275333197
10 60 -0.85 -0.8 13 13.5 324.1359796128116 0.007193100541940112
10 60 -0.85 -0.8 13.5 14 298.6898030228836 0.005038954341443969
10 60 -0.85 -0.8 14 14.5 275.6675163160517 0.003344140323918054
10 60 -0.85 -0.8 14.5 15 254.7978824275993 0.002009465936396282
10 60 -0.85 -0.8 15 16 454.446454132521 0.004414472995165397
10 60 -0.85 -0.8 16 17 391.4323638592044 0.005568575933807551
10 60 -0.85 -0.8 17 18 338.8562263015623 0.0112928791147624
10 60 -0.85 -0.8 18 19 294.7237609150939 0.01422461039726386
10 60 -0.85 -0.8 19 20 257.4699380306478 0.001519544639052128
10 60 -0.85 -0.8 20 21 225.8561541702262 0.001286041008711436
10 60 -0.85 -0.8 21 22 198.8951972446933 0.001089177042587153
10 60 -0.85 -0.8 22 23 175.7946564742189 0.0009442133194283997
10 60 -0.85 -0.8 23 24 155.9145527418904 0.0008228947338011494
10 60 -0.85 -0.8 24 25 138.7347363882091 0.0007344523085066612
10 60 -0.85 -0.8 25 26 123.8297640232768 0.0006512496392048206
10 60 -0.85 -0.8 26 27 110.8500370774063 0.0005699902860101247
10 60 -0.85 -0.8 27 28 99.50684215035814 0.0005099950885778526
10 60 -0.85 -0.8 28 29 89.56038097463114 0.0004596033842005909
10 60 -0.85 -0.8 29 30 80.81062509224409 0.0004096779405813322
10 60 -0.85 -0.8 30 31 73.09005728172654 0.0003698757876122727
10 60 -0.85 -0.8 31 32 66.25775835983856 0.0003272086112673378
10 60 -0.85 -0.8 32 33 60.19478666557124 0.0002788761443568433
10 60 -0.85 -0.8 33 34 54.80036454949668 0.0002503308669474791
10 60 -0.85 -0.8 34 35 49.98861073930631 0.00023522575507684
10 60 -0.85 -0.8 35 36 45.68608727032304 0.0002156020506944856
10 60 -0.85 -0.8 36 37 41.82991460143923 0.0001931020473904255
10 60 -0.85 -0.8 37 38 38.36609875739577 0.0001715773942478904
10 60 -0.85 -0.8 38 39 35.24809355583574 0.0001541545050471882
10 60 -0.85 -0.8 39 40 32.4356254384982 0.0001390874568159006
10 60 -0.85 -0.8 40 42 57.48584694528498 0.0002432018553335524
10 60 -0.85 -0.8 42 44 49.11078352848302 0.0002053425281900445
10 60 -0.85 -0.8 44 46 42.18407625497958 0.0001618039358319834
10 60 -0.85 -0.8 46 48 36.41781215112645 0.0001381239845699156
10 60 -0.85 -0.8 48 50 31.58822242612547 0.0001187708846721591
10 60 -0.85 -0.8 50 52 27.5201630445646 0.0001025662379667835
10 60 -0.85 -0.8 52 54 24.07537328924569 8.908582574207458e-05
10 60 -0.85 -0.8 54 56 21.14365456199086 7.833350050034937e-05
10 60 -0.85 -0.8 56 58 18.63680994957172 6.813284059248303e-05
10 60 -0.85 -0.8 58 60 16.48384680084686 5.99694428551345e-05
10 60 -0.85 -0.8 60 65 33.62061749491608 0.000121508656555136
10 60 -0.85 -0.8 65 70 25.39012643043515 9.113166446894638e-05
10 60 -0.85 -0.8 70 80 34.67046800847771 0.0001237453325657611
10 60 -0.85 -0.8 80 90 21.53577812696022 7.669104113006142e-05
10 60 -0.85 -0.8 90 100 13.98882361704885 4.993335017466904e-05
10 60 -0.8 -0.75 0 0.5 -61673.81100082777 1.04427532817499
10 60 -0.8 -0.75 0.5 1 970.1692838097637 0.001432492902495142
10 60 -0.8 -0.75 1 1.5 5118.588006030298 0.2473734934910681
10 60 -0.8 -0.75 1.5 2 4778.733203996748 0.1865966133836992
10 60 -0.8 -0.75 2 2.5 4068.918391023431 0.1536976781635531
10 60 -0.8 -0.75 2.5 3 3430.331658847744 0.116453559709953
10 60 -0.8 -0.75 3 3.5 2907.976660832303 0.08875581925485676
10 60 -0.8 -0.75 3.5 4 2486.622105724585 0.07166321411341414
10 60 -0.8 -0.75 4 4.5 2144.919385320224 0.05927653561593615
10 60 -0.8 -0.75 4.5 5 1864.892894447047 0.04804468684096719
10 60 -0.8 -0.75 5 5.5 1632.785200455014 0.03868507645165664
10 60 -0.8 -0.75 5.5 6 1438.311936922367 0.03123559172604473
10 60 -0.8 -0.75 6 6.5 1273.768577484326 0.02550491670717747
10 60 -0.8 -0.75 6.5 7 1133.337321125653 0.02122929865186052
10 60 -0.8 -0.75 7 7.5 1012.570002323532 0.01771492193142876
10 60 -0.8 -0.75 7.5 8 908.0187981505305 0.0145928849728989
10 60 -0.8 -0.75 8 8.5 816.973953879387 0.01213812626360777
10 60 -0.8 -0.75 8.5 9 737.2797687453308 0.01022706106402893
10 60 -0.8 -0.75 9 9.5 667.2017386080983 0.008704677314199216
10 60 -0.8 -0.75 9.5 10 605.3265784557676 0.007428695835415056
10 60 -0.8 -0.75 10 10.5 550.4922165473783 0.006351410681759262
10 60 -0.8 -0.75 10.5 11 501.7348073352158 0.00543241583670806
10 60 -0.8 -0.75 11 11.5 458.2483457684426 0.004679735136221552
10 60 -0.8 -0.75 11.5 12 419.3541450199893 0.01770234664365944
10 60 -0.8 -0.75 12 12.5 384.4763949590341 0.01338430041005267
10 60 -0.8 -0.75 12.5 13 353.124045504263 0.009945167384159959
10 60 -0.8 -0.75 13 13.5 324.8764201230047 0.007215788443772908
10 60 -0.8 -0.75 13.5 14 299.3713469204343 0.00505807370433331
10 60 -0.8 -0.75 14 14.5 276.2956689875394 0.003350124195378612
10 60 -0.8 -0.75 14.5 15 255.3776785343751 0.002012691117812437
10 60 -0.8 -0.75 15 16 455.4783517808775 0.004436413234202519
10 60 -0.8 -0.75 16 17 392.3183371239626 0.005595979475856439
10 60 -0.8 -0.75 17 18 339.6205768843145 0.01127530714251179
10 60 -0.8 -0.75 18 19 295.3855237759142 0.0142635029872622
10 60 -0.8 -0.75 19 20 258.0452571446661 0.001526722534151759
10 60 -0.8 -0.75 20 21 226.358523532058 0.001283411464413575
10 60 -0.8 -0.75 21 22 199.3353769456494 0.00109287988465212
10 60 -0.8 -0.75 22 23 176.1818595188017 0.0009518762337279441
10 60 -0.8 -0.75 23 24 156.2563671987807 0.0008513223224042576
10 60 -0.8 -0.75 24 25 139.0372594352243 0.0007403727046835229
10 60 -0.8 -0.75 25 26 124.0983425357403 0.0006559249730173633
10 60 -0.8 -0.75 26 27 111.089226091694 0.0005885270466592374
10 60 -0.8 -0.75 27 28 99.7203550452995 0.0005206334483887076
10 60 -0.8 -0.75 28 29 89.75142002775627 0.0004673641517882743
10 60 -0.8 -0.75 29 30 80.98196042454018 0.0004203686861927736
10 60 -0.8 -0.75 30 31 73.2440801004869 0.0003692434768112207
10 60 -0.8 -0.75 31 32 66.39659678325819 0.0003329217272209917
10 60 -0.8 -0.75 32 33 60.32019260299199 0.0003078430190583958
10 60 -0.8 -0.75 33 34 54.91366299358972 0.0002727736155847538
10 60 -0.8 -0.75 34 35 50.0910052872635 0.000236004155638625
10 60 -0.8 -0.75 35 36 45.77880851414903 0.0002134889379235005
10 60 -0.8 -0.75 36 37 41.91408194773724 0.0001963582893083071
10 60 -0.8 -0.75 37 38 38.44264690428654 0.000176328511251711
10 60 -0.8 -0.75 38 39 35.31781382807812 0.0001609538016751344
10 60 -0.8 -0.75 39 40 32.49919924608076 0.0001471116035389741
10 60 -0.8 -0.75 40 42 57.59685817725392 0.0002582187621840148
10 60 -0.8 -0.75 42 44 49.20359622356415 0.0002085094412578314
10 60 -0.8 -0.75 44 46 42.2620525497499 0.0001713979359578843
10 60 -0.8 -0.75 46 48 36.48352729000501 0.0001418174639198355
10 60 -0.8 -0.75 48 50 31.64382592996171 0.0001198710989456231
10 60 -0.8 -0.75 50 52 27.56729562699736 0.0001025692788836352
10 60 -0.8 -0.75 52 54 24.11533751333042 8.906243916584344e-05
10 60 -0.8 -0.75 54 56 21.17771431491671 7.771737153916547e-05
10 60 -0.8 -0.75 56 58 18.66603521257299 6.812605157335838e-05
10 60 -0.8 -0.75 58 60 16.50899428575682 5.995790945334534e-05
10 60 -0.8 -0.75 60 65 33.66928045990176 0.0001214713084962682
10 60 -0.8 -0.75 65 70 25.42407275639125 9.107573441013983e-05
10 60 -0.8 -0.75 70 80 34.71072175735438 0.0001236470871859296
10 60 -0.8 -0.75 80 90 21.55568274919774 7.659577772400894e-05
10 60 -0.8 -0.75 90 100 13.99840353211623 4.985730138784561e-05
10 60 -0.75 -0.7 0 0.5 -61878.65031639345 1.088797603377316
10 60 -0.75 -0.7 0.5 1 950.0070127921741 0.002273471730859455
10 60 -0.75 -0.7 1 1.5 5120.852008601665 0.07972418480312626
10 60 -0.75 -0.7 1.5 2 4784.548145372901 0.1883233053004005
10 60 -0.75 -0.7 2 2.5 4075.099405933744 0.1454599344447161
10 60 -0.75 -0.7 2.5 3 3436.129161869534 0.119029383441557
10 60 -0.75 -0.7 3 3.5 2913.215421321656 0.0932142557962834
10 60 -0.75 -0.7 3.5 4 2491.300163077357 0.07215157236623782
10 60 -0.75 -0.7 4 4.5 2149.082769820806 0.05749598839929604
10 60 -0.75 -0.7 4.5 5 1868.597148134546 0.04741259876391268
10 60 -0.75 -0.7 5 5.5 1636.086878456508 0.03896957889310215
10 60 -0.75 -0.7 5.5 6 1441.260841510692 0.03181285505206688
10 60 -0.75 -0.7 6 6.5 1276.408617768152 0.02585446800912905
10 60 -0.75 -0.7 6.5 7 1135.706966361238 0.02103007498817533
10 60 -0.75 -0.7 7 7.5 1014.702611668201 0.017418401441887
10 60 -0.75 -0.7 7.5 8 909.9419113780334 0.01470015862048513
10 60 -0.75 -0.7 8 8.5 818.7111068692651 0.01232695935277661
10 60 -0.75 -0.7 8.5 9 738.8529494420563 0.01031273135367883
10 60 -0.75 -0.7 9 9.5 668.6292611228683 0.008690132695278407
10 60 -0.75 -0.7 9.5 10 606.6241453384184 0.007375019211963263
10 60 -0.75 -0.7 10 10.5 551.673635046253 0.00631607815262214
10 60 -0.75 -0.7 10.5 11 502.812259368362 0.005475927305042205
10 60 -0.75 -0.7 11 11.5 459.2328698369832 0.004764125840551969
10 60 -0.75 -0.7 11.5 12 420.2551119535098 0.0177605220040391
10 60 -0.75 -0.7 12 12.5 385.302013988096 0.01341827476534263
10 60 -0.75 -0.7 12.5 13 353.8818000733622 0.009972029785728864
10 60 -0.75 -0.7 13 13.5 325.5729275751674 0.007238480900809918
10 60 -0.75 -0.7 13.5 14 300.0124541812779 0.005066473335148203
10 60 -0.75 -0.7 14 14.5 276.886676789498 0.003361068814513146
10 60 -0.75 -0.7 14.5 15 255.9232101301747 0.002023498424875925
10 60 -0.75 -0.7 15 16 456.448946950429 0.004447541197862392
10 60 -0.75 -0.7 16 17 393.1514422606089 0.005612555781226547
10 60 -0.75 -0.7 17 18 340.3392508969701 0.01132371144848321
10 60 -0.75 -0.7 18 19 296.0084465243437 0.01425698162933031
10 60 -0.75 -0.7 19 20 258.5868504921405 0.00152351135079698
10 60 -0.75 -0.7 20 21 226.8310005628954 0.001283586435562256
10 60 -0.75 -0.7 21 22 199.749514446305 0.001104627149743465
10 60 -0.75 -0.7 22 23 176.5461535054921 0.0009742735770714717
10 60 -0.75 -0.7 23 24 156.577849677402 0.0008537704460707118
10 60 -0.75 -0.7 24 25 139.3219534451008 0.0007609826280656762
10 60 -0.75 -0.7 25 26 124.3511596476966 0.0006702421095639011
10 60 -0.75 -0.7 26 27 111.3143387077406 0.0005943897919848951
10 60 -0.75 -0.7 27 28 99.92134508340615 0.0005390019110222966
10 60 -0.75 -0.7 28 29 89.93124165471751 0.0004729382035861818
10 60 -0.75 -0.7 29 30 81.14326351176688 0.0004157759435230446
10 60 -0.75 -0.7 30 31 73.38919845490589 0.0003810161271928791
10 60 -0.75 -0.7 31 32 66.52741018357989 0.0003497910945071681
10 60 -0.75 -0.7 32 33 60.43827834959073 0.0003139270559771035
10 60 -0.75 -0.7 33 34 55.02044987779243 0.0002851012764963912
10 60 -0.75 -0.7 34 35 50.18768174811321 0.0002521787369929029
10 60 -0.75 -0.7 35 36 45.86639146811527 0.0002165455568245989
10 60 -0.75 -0.7 36 37 41.99356548312942 0.0001928617733071292
10 60 -0.75 -0.7 37 38 38.51494721657156 0.0001842214601239789
10 60 -0.75 -0.7 38 39 35.38366906905756 0.0001701115937464692
10 60 -0.75 -0.7 39 40 32.55923572364208 0.0001546761431896471
10 60 -0.75 -0.7 40 42 57.70170816937625 0.0002619616515247003
10 60 -0.75 -0.7 42 44 49.29139282573976 0.0002150593463738915
10 60 -0.75 -0.7 44 46 42.3359098552952 0.0001821250337954439
10 60 -0.75 -0.7 46 48 36.54583926979205 0.0001475375204620377
10 60 -0.75 -0.7 48 50 31.69655198918098 0.0001273844132327895
10 60 -0.75 -0.7 50 52 27.61204046643428 0.0001067790193864937
10 60 -0.75 -0.7 52 54 24.15335636491403 8.905505014666915e-05
10 60 -0.75 -0.7 54 56 21.21011655583331 7.768367060734249e-05
10 60 -0.75 -0.7 56 58 18.69375899885168 6.810644063648397e-05
10 60 -0.75 -0.7 58 60 16.53276903287071 5.994546419785252e-05
10 60 -0.75 -0.7 60 65 33.71526654227201 0.0001214316583073582
10 60 -0.75 -0.7 65 70 25.45619054024425 9.10218462806256e-05
10 60 -0.75 -0.7 70 80 34.74893449096093 0.0001235480944359324
10 60 -0.75 -0.7 80 90 21.57449405332615 7.650663030389637e-05
10 60 -0.75 -0.7 90 100 14.0074789345458 4.978460493099135e-05
10 60 -0.7 -0.65 0 0.5 -62070.14922731272 1.088906291181047
10 60 -0.7 -0.65 0.5 1 931.0969964135857 0.006498874524822895
10 60 -0.7 -0.65 1 1.5 5122.976192470437 0.2509266178894904
10 60 -0.7 -0.65 1.5 2 4789.999158914275 0.2036323330121377
10 60 -0.7 -0.65 2 2.5 4080.890361627835 0.1446807593620179
10 60 -0.7 -0.65 2.5 3 3441.554340152762 0.1135330796873859
10 60 -0.7 -0.65 3 3.5 2918.117772125537 0.09311425106625393
10 60 -0.7 -0.65 3.5 4 2495.6760075883 0.07490583462049472
10 60 -0.7 -0.65 4 4.5 2152.978019115325 0.05912841306053451
10 60 -0.7 -0.65 4.5 5 1872.062935834214 0.04690529721892744
10 60 -0.7 -0.65 5 5.5 1639.1775009613 0.03821256909236581
10 60 -0.7 -0.65 5.5 6 1444.021425134405 0.03157936174420684
10 60 -0.7 -0.65 6 6.5 1278.879920274789 0.02613069408403135
10 60 -0.7 -0.65 6.5 7 1137.925211851348 0.02154955718447127
10 60 -0.7 -0.65 7 7.5 1016.699135886882 0.01763674905839707
10 60 -0.7 -0.65 7.5 8 911.7418609895042 0.01447199361462026
10 60 -0.7 -0.65 8 8.5 820.3377224233577 0.01215784199507652
10 60 -0.7 -0.65 8.5 9 740.326083939307 0.01031795157450688
10 60 -0.7 -0.65 9 9.5 669.9656909367209 0.008743575734342812
10 60 -0.7 -0.65 9.5 10 607.8386816239661 0.007460392390157722
10 60 -0.7 -0.65 10 10.5 552.7794041610493 0.006383560162703361
10 60 -0.7 -0.65 10.5 11 503.8210348096907 0.005450236504032091
10 60 -0.7 -0.65 11 11.5 460.1546245432994 0.004692079402161653
10 60 -0.7 -0.65 11.5 12 421.0985013996801 0.01780742105495392
10 60 -0.7 -0.65 12 12.5 386.0748666434571 0.01345522499434537
10 60 -0.7 -0.65 12.5 13 354.5910408989333 0.009997323977415817
10 60 -0.7 -0.65 13 13.5 326.2247857443679 0.007248676705955859
10 60 -0.7 -0.65 13.5 14 300.6125625527192 0.005082007696216806
10 60 -0.7 -0.65 14 14.5 277.4398940717541 0.003374379648391823
10 60 -0.7 -0.65 14.5 15 256.4338113935405 0.002028302845872076
10 60 -0.7 -0.65 15 16 457.3574013058976 0.004472372492500654
10 60 -0.7 -0.65 16 17 393.930940027863 0.005639367933440553
10 60 -0.7 -0.65 17 18 341.0116205436865 0.0113649934788782
10 60 -0.7 -0.65 18 19 296.591317582765 0.01427141648758834
10 60 -0.7 -0.65 19 20 259.0939547405659 0.001526336592633015
10 60 -0.7 -0.65 20 21 227.2735228751126 0.001292000420932027
10 60 -0.7 -0.65 21 22 200.1371495945201 0.001114016765797032
10 60 -0.7 -0.65 22 23 176.887121472874 0.0009902051178016791
10 60 -0.7 -0.65 23 24 156.87877688315 0.0008699512602277082
10 60 -0.7 -0.65 24 25 139.5884273987794 0.0007705754193523262
10 60 -0.7 -0.65 25 26 124.5878814004366 0.0006903675239016138
10 60 -0.7 -0.65 26 27 111.5251295421823 0.0006159747860010611
10 60 -0.7 -0.65 27 28 100.1094700803328 0.0005349709495163779
10 60 -0.7 -0.65 28 29 90.09970706610444 0.0004820168940398162
10 60 -0.7 -0.65 29 30 81.29450293894298 0.0004376166311601537
10 60 -0.7 -0.65 30 31 73.52517465106708 0.0003932621777522627
10 60 -0.7 -0.65 31 32 66.6498758558464 0.000353826577324412
10 60 -0.7 -0.65 32 33 60.54881376345114 0.0003199753316636134
10 60 -0.7 -0.65 33 34 55.12043310352307 0.0002848886202428957
10 60 -0.7 -0.65 34 35 50.27834330615 0.0002563102215589197
10 60 -0.7 -0.65 35 36 45.94873511434521 0.0002365397088368582
10 60 -0.7 -0.65 36 37 42.06834673606942 0.0002104746494140386
10 60 -0.7 -0.65 37 38 38.58286422416889 0.0001853652830021701
10 60 -0.7 -0.65 38 39 35.44545999078706 0.0001681785191323115
10 60 -0.7 -0.65 39 40 32.61558003995547 0.0001560143628438482
10 60 -0.7 -0.65 40 42 57.80026022896793 0.0002684528624499194
10 60 -0.7 -0.65 42 44 49.37401565933383 0.0002254783110231529
10 60 -0.7 -0.65 44 46 42.40542575455116 0.0001853314520374738
10 60 -0.7 -0.65 46 48 36.6045749747995 0.0001634285730744978
10 60 -0.7 -0.65 48 50 31.74624697858668 0.0001263954786701049
10 60 -0.7 -0.65 50 52 27.65425519724849 0.0001024927056505476
10 60 -0.7 -0.65 52 54 24.18941475750161 9.611655479346837e-05
10 60 -0.7 -0.65 54 56 21.24085309844051 7.769888248176926e-05
10 60 -0.7 -0.65 56 58 18.71992558004776 6.810051790751004e-05
10 60 -0.7 -0.65 58 60 16.55515979324274 5.994296654421305e-05
10 60 -0.7 -0.65 60 65 33.75863752386477 0.0001214089353780423
10 60 -0.7 -0.65 65 70 25.486297036906 9.098068018786876e-05
10 60 -0.7 -0.65 70 80 34.78502831062976 0.0001234420349902621
10 60 -0.7 -0.65 80 90 21.59225049729431 7.643648800481628e-05
10 60 -0.7 -0.65 90 100 14.016059040896 4.97229118803233e-05
10 60 -0.65 -0.6 0 0.5 -62248.1738732454 1.039138268926763
10 60 -0.65 -0.6 0.5 1 913.482718391801 0.007320165841179005
10 60 -0.65 -0.6 1 1.5 5124.944820786422 0.2424902175926036
10 60 -0.65 -0.6 1.5 2 4795.083740688925 0.1957303136759947
10 60 -0.65 -0.6 2 2.5 4086.286820324077 0.1539436935181584
10 60 -0.65 -0.6 2.5 3 3446.608869772995 0.1136926097237847
10 60 -0.65 -0.6 3 3.5 2922.682126583905 0.08918755537388279
10 60 -0.65 -0.6 3.5 4 2499.749670802767 0.07328260953318022
10 60 -0.65 -0.6 4 4.5 2156.602658643768 0.06019410600447372
10 60 -0.65 -0.6 4.5 5 1875.289212808447 0.04851512322034068
10 60 -0.65 -0.6 5 5.5 1642.054295830956 0.03867585806710849
10 60 -0.65 -0.6 5.5 6 1446.591786223724 0.03115730704939779
10 60 -0.65 -0.6 6 6.5 1281.181206543155 0.02561754191924592
10 60 -0.65 -0.6 6.5 7 1139.991549631642 0.02129957397028193
10 60 -0.65 -0.6 7 7.5 1018.557767677835 0.0177815215024566
10 60 -0.65 -0.6 7.5 8 913.4176282587824 0.01482995265223508
10 60 -0.65 -0.6 8 8.5 821.8525796218913 0.01226093189427502
10 60 -0.65 -0.6 8.5 9 741.6979843215298 0.01027771705571467
10 60 -0.65 -0.6 9 9.5 671.2100448890678 0.008741481537981599
10 60 -0.65 -0.6 9.5 10 608.9693378251701 0.007397456035619143
10 60 -0.65 -0.6 10 10.5 553.8089100565224 0.006333738675493805
10 60 -0.65 -0.6 10.5 11 504.7601843818637 0.005495526212939694
10 60 -0.65 -0.6 11 11.5 461.0126759963848 0.004784860043514527
10 60 -0.65 -0.6 11.5 12 421.8836440924674 0.01785529527597873
10 60 -0.65 -0.6 12 12.5 386.7943040401976 0.01348777119841316
10 60 -0.65 -0.6 12.5 13 355.2512667608474 0.01001615278084955
10 60 -0.65 -0.6 13 13.5 326.8316338802613 0.007267466507812514
10 60 -0.65 -0.6 13.5 14 301.171139305519 0.005095437015484094
10 60 -0.65 -0.6 14 14.5 277.954737891057 0.003380283043895815
10 60 -0.65 -0.6 14.5 15 256.909004326078 0.002038333107464041
10 60 -0.65 -0.6 15 16 458.2027665828559 0.004490603392923731
10 60 -0.65 -0.6 16 17 394.6563554138004 0.005675521715716059
10 60 -0.65 -0.6 17 18 341.637273569723 0.01137166332819106
10 60 -0.65 -0.6 18 19 297.1332353799581 0.01431712001942742
10 60 -0.65 -0.6 19 20 259.5656202421009 0.001536806423246162
10 60 -0.65 -0.6 20 21 227.6856468579055 0.00130979904048445
10 60 -0.65 -0.6 21 22 200.4980672318644 0.001121032949697565
10 60 -0.65 -0.6 22 23 177.2043597155096 0.0009904211220828074
10 60 -0.65 -0.6 23 24 157.1588251245209 0.0008887200446565657
10 60 -0.65 -0.6 24 25 139.8363903146866 0.0007859579758360269
10 60 -0.65 -0.6 25 26 124.8080514001541 0.0007019131743248863
10 60 -0.65 -0.6 26 27 111.7212115735931 0.000616063549671253
10 60 -0.65 -0.6 27 28 100.2846740752385 0.0005542440052010988
10 60 -0.65 -0.6 28 29 90.25659347874287 0.0004980107662788669
10 60 -0.65 -0.6 29 30 81.43526726851475 0.0004497654539221685
10 60 -0.65 -0.6 30 31 73.65171467958304 0.0004065017978120977
10 60 -0.65 -0.6 31 32 66.76383753304751 0.0003588906627243205
10 60 -0.65 -0.6 32 33 60.6516958098785 0.0003182282742102416
10 60 -0.65 -0.6 33 34 55.2135671083529 0.0002912508659633772
10 60 -0.65 -0.6 34 35 50.36281354003735 0.0002688725474229159
10 60 -0.65 -0.6 35 36 46.02544289599509 0.0002456983386522893
10 60 -0.65 -0.6 36 37 42.1380896061358 0.0002228156391552716
10 60 -0.65 -0.6 37 38 38.64630714606868 0.0001962716925802965
10 60 -0.65 -0.6 38 39 35.50319782574147 0.000168646518588389
10 60 -0.65 -0.6 39 40 32.66821428304857 0.0001525185705446575
10 60 -0.65 -0.6 40 42 57.8923452445178 0.000278836983710562
10 60 -0.65 -0.6 42 44 49.45124429031495 0.000230782612369751
10 60 -0.65 -0.6 44 46 42.47045403475987 0.0001997738724526243
10 60 -0.65 -0.6 46 48 36.65947052506212 0.0001556191650351479
10 60 -0.65 -0.6 48 50 31.79287503618849 0.0001339058128841941
10 60 -0.65 -0.6 50 52 27.69395842803828 0.0001155306360303143
10 60 -0.65 -0.6 52 54 24.22322133746038 9.675497154404411e-05
10 60 -0.65 -0.6 54 56 21.26973317952424 8.32851597643014e-05
10 60 -0.65 -0.6 56 58 18.74460543258641 6.809331988577583e-05
10 60 -0.65 -0.6 58 60 16.57626946277351 5.991709865682537e-05
10 60 -0.65 -0.6 60 65 33.79931179485534 0.0001213862774491759
10 60 -0.65 -0.6 65 70 25.51442918883657 9.094627905170682e-05
10 60 -0.65 -0.6 70 80 34.81885657822927 0.0001233621642384719
10 60 -0.65 -0.6 80 90 21.60890398638988 7.637548663197435e-05
10 60 -0.65 -0.6 90 100 14.02409984050734 4.966765619762725e-05
10 60 -0.6 -0.55 0 0.5 -62412.68161719535 0.9524318318071892
10 60 -0.6 -0.55 0.5 1 897.2136701755614 0.002530867724544805
10 60 -0.6 -0.55 1 1.5 5126.760587054332 0.0755341157591829
10 60 -0.6 -0.55 1.5 2 4799.788051318503 0.1852897866365311
10 60 -0.6 -0.55 2 2.5 4091.290227696198 0.150447432591136
10 60 -0.6 -0.55 2.5 3 3451.290431935222 0.1203425080111629
10 60 -0.6 -0.55 3 3.5 2926.909901628056 0.09185808325173639
10 60 -0.6 -0.55 3.5 4 2503.521308421213 0.07155584151496441
10 60 -0.6 -0.55 4 4.5 2159.956932912222 0.05792317827399529
10 60 -0.6 -0.55 4.5 5 1878.274882949307 0.0478749058752328
10 60 -0.6 -0.55 5 5.5 1644.716419236003 0.03944269777866793
10 60 -0.6 -0.55 5.5 6 1448.970132954024 0.0320224627873813
10 60 -0.6 -0.55 6 6.5 1283.31166268983 0.02581980363015646
10 60 -0.6 -0.55 6.5 7 1141.904629497565 0.02111731826562391
10 60 -0.6 -0.55 7 7.5 1020.278039216881 0.01755594608664524
10 60 -0.6 -0.55 7.5 8 914.9687870184061 0.01470736864473565
10 60 -0.6 -0.55 8 8.5 823.2546765526073 0.01239675187650846
10 60 -0.6 -0.55 8.5 9 742.9676529144632 0.01036374480304403
10 60 -0.6 -0.55 9 9.5 672.3616608547258 0.00870758260873572
10 60 -0.6 -0.55 9.5 10 610.0158556925967 0.0074906192612616
10 60 -0.6 -0.55 10 10.5 554.7617447688591 0.006410483789181853
10 60 -0.6 -0.55 10.5 11 505.6292169632299 0.005461561910408363
10 60 -0.6 -0.55 11 11.5 461.8065212500685 0.004697053793222494
10 60 -0.6 -0.55 11.5 12 422.6099349072821 0.01789157237379868
10 60 -0.6 -0.55 12 12.5 387.4598868502571 0.01351523584060033
10 60 -0.6 -0.55 12.5 13 355.8621835790368 0.01004039152957148
10 60 -0.6 -0.55 13 13.5 327.3931546235099 0.007289035944836542
10 60 -0.6 -0.55 13.5 14 301.6878951207527 0.005106335173081789
10 60 -0.6 -0.55 14 14.5 278.4309289950828 0.003390353073939423
10 60 -0.6 -0.55 14.5 15 257.3483776878668 0.002039816421813612
10 60 -0.6 -0.55 15 16 458.9844002223844 0.004480525733868035
10 60 -0.6 -0.55 16 17 395.3273460178055 0.005653529276173686
10 60 -0.6 -0.55 17 18 342.2156683077745 0.01139501000028531
10 60 -0.6 -0.55 18 19 297.6340000179429 0.01436509739994563
10 60 -0.6 -0.55 19 20 260.001331002713 0.001523641661719921
10 60 -0.6 -0.55 20 21 228.0664406167524 0.001323099607901668
10 60 -0.6 -0.55 21 22 200.83200074066 0.001157693661895109
10 60 -0.6 -0.55 22 23 177.497803728726 0.0009947104431375919
10 60 -0.6 -0.55 23 24 157.4176005293919 0.0008884319075548319
10 60 -0.6 -0.55 24 25 140.0654784808899 0.0008030930083577914
10 60 -0.6 -0.55 25 26 125.0114399775198 0.000696581786556294
10 60 -0.6 -0.55 26 27 111.9024477919734 0.0006299944877241614
10 60 -0.6 -0.55 27 28 100.4465934294545 0.0005707026017205408
10 60 -0.6 -0.55 28 29 90.40153350397357 0.0005122903995840034
10 60 -0.6 -0.55 29 30 81.5652368847073 0.0004577963486411818
10 60 -0.6 -0.55 30 31 73.76855054890262 0.0004045419296403452
10 60 -0.6 -0.55 31 32 66.86918406158716 0.0003650488348938552
10 60 -0.6 -0.55 32 33 60.74688987199546 0.0003321391182709021
10 60 -0.6 -0.55 33 34 55.29969872501032 0.0003031741136894084
10 60 -0.6 -0.55 34 35 50.44084900310828 0.000274934941970173
10 60 -0.6 -0.55 35 36 46.09627249359319 0.0002475657494329653
10 60 -0.6 -0.55 36 37 42.20252073519283 0.0002213101232584336
10 60 -0.6 -0.55 37 38 38.70505940538492 0.0002030744294003739
10 60 -0.6 -0.55 38 39 35.55682924938277 0.0001875796733443735
10 60 -0.6 -0.55 39 40 32.71713984542954 0.0001634422625897969
10 60 -0.6 -0.55 40 42 57.97779293540558 0.0002754410467105117
10 60 -0.6 -0.55 42 44 49.52289398707467 0.0002462710239470312
10 60 -0.6 -0.55 44 46 42.53076813662987 0.0001911025449601311
10 60 -0.6 -0.55 46 48 36.71056996587368 0.0001653410150979084
10 60 -0.6 -0.55 48 50 31.83628994436375 0.0001430015909953397
10 60 -0.6 -0.55 50 52 27.73090495737651 0.0001222943727050563
10 60 -0.6 -0.55 52 54 24.25470278623453 9.778222230494293e-05
10 60 -0.6 -0.55 54 56 21.29664517503179 7.985923672038098e-05
10 60 -0.6 -0.55 56 58 18.76773554790944 7.310317678488332e-05
10 60 -0.6 -0.55 58 60 16.59610593150152 6.431375152970986e-05
10 60 -0.6 -0.55 60 65 33.83721068462578 0.0001213511474489337
10 60 -0.6 -0.55 65 70 25.54072966701541 9.090354123841848e-05
10 60 -0.6 -0.55 70 80 34.85028252895736 0.0001232875930341493
10 60 -0.6 -0.55 80 90 21.624436763847 7.631761688031702e-05
10 60 -0.6 -0.55 90 100 14.03154857938252 4.961828026495141e-05
10 60 -0.55 -0.5 0 0.5 -62563.738961061 0.8589322535917745
10 60 -0.55 -0.5 0.5 1 882.316076068117 0.003371768273154885
10 60 -0.55 -0.5 1 1.5 5128.429970137456 0.0765241052095007
10 60 -0.55 -0.5 1.5 2 4804.107479993047 0.2028536295238155
10 60 -0.55 -0.5 2 2.5 4095.888948842677 0.1432023991924325
10 60 -0.55 -0.5 2.5 3 3455.598315675588 0.1155868955438564
10 60 -0.55 -0.5 3 3.5 2930.798631441618 0.09465557592648111
10 60 -0.55 -0.5 3.5 4 2506.989979053907 0.07498341011250886
10 60 -0.55 -0.5 4 4.5 2163.041451963833 0.05898948390358782
10 60 -0.55 -0.5 4.5 5 1881.018802632241 0.04707797890819165
10 60 -0.55 -0.5 5 5.5 1647.163053827412 0.03837710827565388
10 60 -0.55 -0.5 5.5 6 1451.155207855284 0.0318809937948572
10 60 -0.55 -0.5 6 6.5 1285.270197705369 0.02643106240111592
10 60 -0.55 -0.5 6.5 7 1143.662512809538 0.02158235094566407
10 60 -0.55 -0.5 7 7.5 1021.859610949932 0.01763313034098246
10 60 -0.55 -0.5 7.5 8 916.3949183630745 0.01460392086414686
10 60 -0.55 -0.5 8 8.5 824.5432294350285 0.01224823584936985
10 60 -0.55 -0.5 8.5 9 744.134132489566 0.01039727460135964
10 60 -0.55 -0.5 9 9.5 673.4199499071246 0.008811792349320058
10 60 -0.55 -0.5 9.5 10 610.977885551107 0.007393275949425515
10 60 -0.55 -0.5 10 10.5 555.63765077645 0.006340174696902068
10 60 -0.55 -0.5 10.5 11 506.4277866442525 0.005536381672470725
10 60 -0.55 -0.5 11 11.5 462.535807140714 0.004799024908209049
10 60 -0.55 -0.5 11.5 12 423.2771290055456 0.01792146172459752
10 60 -0.55 -0.5 12 12.5 388.0713481295026 0.01354245791583253
10 60 -0.55 -0.5 12.5 13 356.4234381991305 0.01006633905154786
10 60 -0.55 -0.5 13 13.5 327.9089928000198 0.00730584704086823
10 60 -0.55 -0.5 13.5 14 302.1625928065179 0.005122987718323202
10 60 -0.55 -0.5 14 14.5 278.8682632969808 0.00339777651112172
10 60 -0.55 -0.5 14.5 15 257.7518187156154 0.002040085977341732
10 60 -0.55 -0.5 15 16 459.7021035949401 0.004461645553590188
10 60 -0.55 -0.5 16 17 395.9433166496303 0.005631583500019133
10 60 -0.55 -0.5 17 18 342.7464913871132 0.01142448071499302
10 60 -0.55 -0.5 18 19 298.0935898064271 0.01439148708817584
10 60 -0.55 -0.5 19 20 260.4009431583831 0.001531707806918803
10 60 -0.55 -0.5 20 21 228.4154994559269 0.001326339949770272
10 60 -0.55 -0.5 21 22 201.138222268228 0.001168733286220913
10 60 -0.55 -0.5 22 23 177.767284598135 0.001033248037174417
10 60 -0.55 -0.5 23 24 157.6550321299103 0.000888300453368629
10 60 -0.55 -0.5 24 25 140.2754261687921 0.0007809666799403203
10 60 -0.55 -0.5 25 26 125.1980116896911 0.0007216861144172526
10 60 -0.55 -0.5 26 27 112.0685803183283 0.0006396203235965459
10 60 -0.55 -0.5 27 28 100.594854680863 0.0005757681725100383
10 60 -0.55 -0.5 28 29 90.53418613170322 0.0005169120835404328
10 60 -0.55 -0.5 29 30 81.68426011980227 0.0004565613380549394
10 60 -0.55 -0.5 30 31 73.87564613104234 0.0004108032005945006
10 60 -0.55 -0.5 31 32 66.96575895757435 0.0003760908703043242
10 60 -0.55 -0.5 32 33 60.83411270628266 0.0003449276893405795
10 60 -0.55 -0.5 33 34 55.37857326033041 0.000308593077576802
10 60 -0.55 -0.5 34 35 50.5123051574427 0.0002735529158073291
10 60 -0.55 -0.5 35 36 46.16117178700333 0.000246994960789948
10 60 -0.55 -0.5 36 37 42.2616087872977 0.0002293460125102342
10 60 -0.55 -0.5 37 38 38.75893366707937 0.000208022314019729
10 60 -0.55 -0.5 38 39 35.60602486617084 0.0001885291113552512
10 60 -0.55 -0.5 39 40 32.76213615149618 0.0001764399664381244
10 60 -0.55 -0.5 40 42 58.05652416326069 0.0003014442624120761
10 60 -0.55 -0.5 42 44 49.58875613047335 0.0002277282966360872
10 60 -0.55 -0.5 44 46 42.5864150844597 0.0002070695340776751
10 60 -0.55 -0.5 46 48 36.75770624248204 0.0001750982015238378
10 60 -0.55 -0.5 48 50 31.8762815608845 0.000146753282759704
10 60 -0.55 -0.5 50 52 27.76494584492788 0.0001203071095865482
10 60 -0.55 -0.5 52 54 24.28382712972578 0.000102808814961719
10 60 -0.55 -0.5 54 56 21.32160774613863 8.746276715143608e-05
10 60 -0.55 -0.5 56 58 18.78911662500802 7.945959951172199e-05
10 60 -0.55 -0.5 58 60 16.61443971615641 6.454474933548227e-05
10 60 -0.55 -0.5 60 65 33.8725616479809 0.0001212999014015281
10 60 -0.55 -0.5 65 70 25.56502196220661 9.086766497645726e-05
10 60 -0.55 -0.5 70 80 34.87924752924414 0.0001232208654542433
10 60 -0.55 -0.5 80 90 21.63886424154547 7.626520345382914e-05
10 60 -0.55 -0.5 90 100 14.03845670991256 4.957632701518833e-05
10 60 -0.5 -0.45 0 0.5 -62701.44036581401 0.7535554528440116
10 60 -0.5 -0.45 0.5 1 868.7889300731716 0.004618019557028674
10 60 -0.5 -0.45 1 1.5 5129.959002626614 0.2414050644465533
10 60 -0.5 -0.45 1.5 2 4808.036427555443 0.2007916192787889
10 60 -0.5 -0.45 2 2.5 4100.077272009246 0.1539713983038382
10 60 -0.5 -0.45 2.5 3 3459.523651448751 0.1133741790767999
10 60 -0.5 -0.45 3 3.5 2934.345434149657 0.09042696515871285
10 60 -0.5 -0.45 3.5 4 2510.153608933503 0.07409246463748786
10 60 -0.5 -0.45 4 4.5 2165.853908344619 0.06027668388924212
10 60 -0.5 -0.45 4.5 5 1883.521294195145 0.0484973186219122
10 60 -0.5 -0.45 5 5.5 1649.392258557342 0.03891174537852748
10 60 -0.5 -0.45 5.5 6 1453.146836681131 0.03134422833727513
10 60 -0.5 -0.45 6 6.5 1287.054480035817 0.02576216024135647
10 60 -0.5 -0.45 6.5 7 1145.263915069867 0.02151575486573165
10 60 -0.5 -0.45 7 7.5 1023.300965972875 0.01786948388746623
10 60 -0.5 -0.45 7.5 8 917.6951795178895 0.01477006941922809
10 60 -0.5 -0.45 8 8.5 825.7177632896926 0.01229888699140247
10 60 -0.5 -0.45 8.5 9 745.1970140254165 0.01034246093604452
10 60 -0.5 -0.45 9 9.5 674.3841281572697 0.008772936917694096
10 60 -0.5 -0.45 9.5 10 611.8545969803217 0.007549397884304199
10 60 -0.5 -0.45 10 10.5 556.4359541386132 0.006397779165013162
10 60 -0.5 -0.45 10.5 11 507.1556294536506 0.005426750755304965
10 60 -0.5 -0.45 11 11.5 463.2003561137199 0.004727184792443495
10 60 -0.5 -0.45 11.5 12 423.8850075923794 0.01794851072634174
10 60 -0.5 -0.45 12 12.5 388.6284036376359 0.01356705151385995
10 60 -0.5 -0.45 12.5 13 356.9346979824337 0.01008913259988731
10 60 -0.5 -0.45 13 13.5 328.3788182128708 0.007324651924591308
10 60 -0.5 -0.45 13.5 14 302.594848665295 0.00513214932163919
10 60 -0.5 -0.45 14 14.5 279.26651174587 0.003397494015757729
10 60 -0.5 -0.45 14.5 15 258.119333346776 0.00204162495640503
10 60 -0.5 -0.45 15 16 460.3558240452337 0.00453315204407545
10 60 -0.5 -0.45 16 17 396.5037201613317 0.005685933247264074
10 60 -0.5 -0.45 17 18 343.2295658894928 0.01143250663000117
10 60 -0.5 -0.45 18 19 298.5117882895324 0.01441381823332222
10 60 -0.5 -0.45 19 20 260.7644793073663 0.001541686767041028
10 60 -0.5 -0.45 20 21 228.7327642901358 0.00131850006155787
10 60 -0.5 -0.45 21 22 201.4163855145581 0.001179275480524211
10 60 -0.5 -0.45 22 23 178.0120575364153 0.00103979084693151
10 60 -0.5 -0.45 23 24 157.8711043666833 0.0009084643042456264
10 60 -0.5 -0.45 24 25 140.4665023039641 0.000796163558590024
10 60 -0.5 -0.45 25 26 125.3673914782286 0.0007085667993322886
10 60 -0.5 -0.45 26 27 112.219333176503 0.000656375556317812
10 60 -0.5 -0.45 27 28 100.7293096461292 0.0005746879079850942
10 60 -0.5 -0.45 28 29 90.6544864410178 0.0005071078890352965
10 60 -0.5 -0.45 29 30 81.79228917587449 0.0004641442185118194
10 60 -0.5 -0.45 30 31 73.97285867987627 0.0004271941283633396
10 60 -0.5 -0.45 31 32 67.05331599108008 0.0003824376059355927
10 60 -0.5 -0.45 32 33 60.91310984561886 0.0003400098084824776
10 60 -0.5 -0.45 33 34 55.45006151196251 0.0003066529323163536
10 60 -0.5 -0.45 34 35 50.57716976652939 0.0002810731093489949
10 60 -0.5 -0.45 35 36 46.22011306845467 0.0002544610925241386
10 60 -0.5 -0.45 36 37 42.31523111741142 0.0002284014015998537
10 60 -0.5 -0.45 37 38 38.80781616120743 0.0002123364821855489
10 60 -0.5 -0.45 38 39 35.65065664539397 0.0001999385966513501
10 60 -0.5 -0.45 39 40 32.80292117421074 0.0001776735935408169
10 60 -0.5 -0.45 40 42 58.12811912928228 0.0003007374662757911
10 60 -0.5 -0.45 42 44 49.64901625536067 0.0002506052166424411
10 60 -0.5 -0.45 44 46 42.63714577163018 0.0002085862957272866
10 60 -0.5 -0.45 46 48 36.80064519019736 0.0001804086800518689
10 60 -0.5 -0.45 48 50 31.91276023536484 0.0001472897713554744
10 60 -0.5 -0.45 50 52 27.79608278738186 0.0001243059696172111
10 60 -0.5 -0.45 52 54 24.31048785160764 0.0001107990342141818
10 60 -0.5 -0.45 54 56 21.34444013534915 9.823916031237445e-05
10 60 -0.5 -0.45 56 58 18.80864429581022 7.294271376068195e-05
10 60 -0.5 -0.45 58 60 16.63124371713258 5.987642279947636e-05
10 60 -0.5 -0.45 60 65 33.9052660551179 0.0001353064211713217
10 60 -0.5 -0.45 65 70 25.58739049523405 9.083989678870807e-05
10 60 -0.5 -0.45 70 80 34.90575356956744 0.0001231797459055883
10 60 -0.5 -0.45 80 90 21.65208260974254 7.621510400213083e-05
10 60 -0.5 -0.45 90 100 14.04479955411643 4.953650622319117e-05
10 60 -0.45 -0.4 0 0.5 -62825.84757724396 0.6575428448413732
10 60 -0.45 -0.4 0.5 1 856.6196752319172 0.001574828836396591
10 60 -0.45 -0.4 1 1.5 5131.350523788431 0.07722458414082212
10 60 -0.45 -0.4 1.5 2 4811.582149805653 0.188397817767509
10 60 -0.45 -0.4 2 2.5 4103.850401910919 0.1541628063796452
10 60 -0.45 -0.4 2.5 3 3463.0628945982 0.1206862688550245
10 60 -0.45 -0.4 3 3.5 2937.544788773475 0.0912963747118738
10 60 -0.45 -0.4 3.5 4 2513.008944580279 0.07253086896162131
10 60 -0.45 -0.4 4 4.5 2168.392683961044 0.05873794329772863
10 60 -0.45 -0.4 4.5 5 1885.779780713221 0.04795620369782227
10 60 -0.45 -0.4 5 5.5 1651.403272419677 0.03926425195777483
10 60 -0.45 -0.4 5.5 6 1454.944171131707 0.03203576679425169
10 60 -0.45 -0.4 6 6.5 1288.663108291617 0.02602401334638671
10 60 -0.45 -0.4 6.5 7 1146.708073581951 0.02128707384008521
10 60 -0.45 -0.4 7 7.5 1024.600804193458 0.01774382336066083
10 60 -0.45 -0.4 7.5 8 918.8677943659085 0.01485310145528729
10 60 -0.45 -0.4 8 8.5 826.7773333858322 0.01236874081905626
10 60 -0.45 -0.4 8.5 9 746.1561059991081 0.01032543382689255
10 60 -0.45 -0.4 9 9.5 675.254074716711 0.00875324449020809
10 60 -0.45 -0.4 9.5 10 612.6451035457756 0.007428633230119885
10 60 -0.45 -0.4 10 10.5 557.1556645009823 0.006447856119621065
10 60 -0.45 -0.4 10.5 11 507.8120336707991 0.00558506165344852
10 60 -0.45 -0.4 11 11.5 463.7999378801241 0.004758084995899026
10 60 -0.45 -0.4 11.5 12 424.4334695804828 0.01798146791730915
10 60 -0.45 -0.4 12 12.5 389.1308184080122 0.01359544925099954
10 60 -0.45 -0.4 12.5 13 357.395538843046 0.01010395880007309
10 60 -0.45 -0.4 13 13.5 328.802160777552 0.007333988901564226
10 60 -0.45 -0.4 13.5 14 302.9844025010013 0.005131866137162433
10 60 -0.45 -0.4 14 14.5 279.6256178478599 0.003406764405497142
10 60 -0.45 -0.4 14.5 15 258.450756886248 0.002055212301399933
10 60 -0.45 -0.4 15 16 460.9449012327331 0.004517633754119288
10 60 -0.45 -0.4 16 17 397.0086421244479 0.00568132058089077
10 60 -0.45 -0.4 17 18 343.6645022471797 0.01147298608469782
10 60 -0.45 -0.4 18 19 298.8883715426283 0.01441794202219171
10 60 -0.45 -0.4 19 20 261.0917169071035 0.001526618244099609
10 60 -0.45 -0.4 20 21 229.0182879110619 0.001339746508733697
10 60 -0.45 -0.4 21 22 201.6663136544512 0.001168429198600052
10 60 -0.45 -0.4 22 23 178.2319012133986 0.001035054433003779
10 60 -0.45 -0.4 23 24 158.0653629628257 0.0009319594931014308
10 60 -0.45 -0.4 24 25 140.6384594972439 0.0008227102380544693
10 60 -0.45 -0.4 25 26 125.5196583661777 0.0007209100281073688
10 60 -0.45 -0.4 26 27 112.3544804965112 0.0006279134094455685
10 60 -0.45 -0.4 27 28 100.8499665040266 0.0005771332501325332
10 60 -0.45 -0.4 28 29 90.76253899277339 0.0005222095432202423
10 60 -0.45 -0.4 29 30 81.88917559055896 0.0004734522644440631
10 60 -0.45 -0.4 30 31 74.05988040166964 0.0004226492702485984
10 60 -0.45 -0.4 31 32 67.13171038590622 0.000380675626402649
10 60 -0.45 -0.4 32 33 60.98392848999314 0.0003428063578212459
10 60 -0.45 -0.4 33 34 55.5141693368181 0.0003093805469163158
10 60 -0.45 -0.4 34 35 50.63531767737162 0.0002807832234594798
10 60 -0.45 -0.4 35 36 46.27295983711645 0.0002596163606085611
10 60 -0.45 -0.4 36 37 42.36332179341962 0.0002420505303248888
10 60 -0.45 -0.4 37 38 38.8515940484996 0.0002148947457598638
10 60 -0.45 -0.4 38 39 35.69057843312977 0.0001875021597612658
10 60 -0.45 -0.4 39 40 32.83945697581339 0.000173262887585679
10 60 -0.45 -0.4 40 42 58.19243761419542 0.0003162393570121935
10 60 -0.45 -0.4 42 44 49.70329386035328 0.0002685879915489409
10 60 -0.45 -0.4 44 46 42.68284907581738 0.0002128241933121444
10 60 -0.45 -0.4 46 48 36.83927725478932 0.0001763235437195476
10 60 -0.45 -0.4 48 50 31.94568783654775 0.0001529136390843178
10 60 -0.45 -0.4 50 52 27.82421817482486 0.0001379885626064947
10 60 -0.45 -0.4 52 54 24.33449283582793 0.0001141268907574045
10 60 -0.45 -0.4 54 56 21.36498049257357 8.639544358857165e-05
10 60 -0.45 -0.4 56 58 18.82640294216617 7.734560583827488e-05
10 60 -0.45 -0.4 58 60 16.64659788471223 7.64743146106639e-05
10 60 -0.45 -0.4 60 65 33.93486544902643 0.0001211951627055896
10 60 -0.45 -0.4 65 70 25.6079865992682 9.08784463398149e-05
10 60 -0.45 -0.4 70 80 34.92981050017497 0.0001231334510478632
10 60 -0.45 -0.4 80 90 21.66401971121456 7.617499147372087e-05
10 60 -0.45 -0.4 90 100 14.05057803095087 4.949760695360794e-05
10 60 -0.4 -0.35 0 0.5 -62936.96397555002 0.5577087808414944
10 60 -0.4 -0.35 0.5 1 845.8053998636806 0.0006255661435261572
10 60 -0.4 -0.35 1 1.5 5132.603991704473 0.08016680933451426
10 60 -0.4 -0.35 1.5 2 4814.744240070049 0.1931710079306868
10 60 -0.4 -0.35 2 2.5 4107.211563719523 0.1443798693671852
10 60 -0.4 -0.35 2.5 3 3466.214578853088 0.117817486011063
10 60 -0.4 -0.35 3 3.5 2940.392767420652 0.0950586060284877
10 60 -0.4 -0.35 3.5 4 2515.55335476078 0.07414545964684294
10 60 -0.4 -0.35 4 4.5 2170.655290864648 0.05922305435569797
10 60 -0.4 -0.35 4.5 5 1887.792059915962 0.04794723929785505
10 60 -0.4 -0.35 5 5.5 1653.19577620438 0.03884652070337324
10 60 -0.4 -0.35 5.5 6 1456.544898173975 0.03180299061091318
10 60 -0.4 -0.35 6 6.5 1290.09597971529 0.02619387715685662
10 60 -0.4 -0.35 6.5 7 1147.994082922094 0.02149197618609833
10 60 -0.4 -0.35 7 7.5 1025.758429135368 0.01765413404791616
10 60 -0.4 -0.35 7.5 8 919.9116808312624 0.01474647020484099
10 60 -0.4 -0.35 8 8.5 827.7206106890494 0.01245634656254424
10 60 -0.4 -0.35 8.5 9 747.0105654217863 0.01047107416195558
10 60 -0.4 -0.35 9 9.5 676.0293827189372 0.008766701064473637
10 60 -0.4 -0.35 9.5 10 613.3492685352832 0.007436596095431014
10 60 -0.4 -0.35 10 10.5 557.7963423050142 0.006329842476247904
10 60 -0.4 -0.35 10.5 11 508.3962599641377 0.005445509064259113
10 60 -0.4 -0.35 11 11.5 464.3338914038219 0.004812951567373602
10 60 -0.4 -0.35 11.5 12 424.9221385725799 0.01803189286204088
10 60 -0.4 -0.35 12 12.5 389.5782885393205 0.01361839334833803
10 60 -0.4 -0.35 12.5 13 357.8057443677614 0.01011429618148441
10 60 -0.4 -0.35 13 13.5 329.1788953494981 0.007327490495015354
10 60 -0.4 -0.35 13.5 14 303.3311714573209 0.005142970653992052
10 60 -0.4 -0.35 14 14.5 279.9452208333647 0.003418947681495865
10 60 -0.4 -0.35 14.5 15 258.7455865235973 0.002059049171293736
10 60 -0.4 -0.35 15 16 461.4690201070648 0.004539797435199944
10 60 -0.4 -0.35 16 17 397.457806147456 0.005711730285952399
10 60 -0.4 -0.35 17 18 344.0513103091063 0.01147154138669748
10 60 -0.4 -0.35 18 19 299.2228995744389 0.0144581507328212
10 60 -0.4 -0.35 19 20 261.3824824100237 0.001544999745078712
10 60 -0.4 -0.35 20 21 229.2717343226232 0.00133800601946632
10 60 -0.4 -0.35 21 22 201.8881498719804 0.001171599453272165
10 60 -0.4 -0.35 22 23 178.4268650684846 0.001042011801843046
10 60 -0.4 -0.35 23 24 158.2373334698673 0.0009324491810787094
10 60 -0.4 -0.35 24 25 140.7906746811 0.0008405378339375602
10 60 -0.4 -0.35 25 26 125.6546574142636 0.0007273823406279689
10 60 -0.4 -0.35 26 27 112.4744387112622 0.0006342700374659671
10 60 -0.4 -0.35 27 28 100.9568142435623 0.000571848949419973
10 60 -0.4 -0.35 28 29 90.85805931354645 0.0005337164184595622
10 60 -0.4 -0.35 29 30 81.97474148495056 0.0004708898620151558
10 60 -0.4 -0.35 30 31 74.13673989358011 0.0004208033047348181
10 60 -0.4 -0.35 31 32 67.20097038594724 0.0003786650370471989
10 60 -0.4 -0.35 32 33 61.04652276395866 0.0003443175626429706
10 60 -0.4 -0.35 33 34 55.57084917622998 0.0003163664538021749
10 60 -0.4 -0.35 34 35 50.6866921501862 0.0002904570132784556
10 60 -0.4 -0.35 35 36 46.31956811538507 0.0002630163406962538
10 60 -0.4 -0.35 36 37 42.40568766479684 0.0002305775202913196
10 60 -0.4 -0.35 37 38 38.89024347833347 0.0002094147203308694
10 60 -0.4 -0.35 38 39 35.72592631667527 0.0001961244294079734
10 60 -0.4 -0.35 39 40 32.87180261180959 0.0001808291992375644
10 60 -0.4 -0.35 40 42 58.24920724546992 0.000320274301955692
10 60 -0.4 -0.35 42 44 49.75116683684722 0.0002692146193297162
10 60 -0.4 -0.35 44 46 42.72343246163437 0.0002234757674202115
10 60 -0.4 -0.35 46 48 36.87365707256694 0.0001777551092558838
10 60 -0.4 -0.35 48 50 31.97491542902285 0.0001664207643159443
10 60 -0.4 -0.35 50 52 27.84909913811633 0.0001357942497648423
10 60 -0.4 -0.35 52 54 24.35578753834355 0.000102672589399333
10 60 -0.4 -0.35 54 56 21.38338822530703 9.846344858743805e-05
10 60 -0.4 -0.35 56 58 18.84226626436251 9.386780094544633e-05
10 60 -0.4 -0.35 58 60 16.66020255362976 6.613892091067441e-05
10 60 -0.4 -0.35 60 65 33.96149589604412 0.0001332860767533361
10 60 -0.4 -0.35 65 70 25.62649001488347 9.074172313461304e-05
10 60 -0.4 -0.35 70 80 34.95148713104471 0.0001230850255424798
10 60 -0.4 -0.35 80 90 21.67466131249524 7.613707785836255e-05
10 60 -0.4 -0.35 90 100 14.0557969791702 4.945965091529558e-05
10 60 -0.35 -0.3 0 0.5 -63034.66470180496 0.5684982247257722
10 60 -0.35 -0.3 0.5 1 836.331197131113 0.000336208017415629
10 60 -0.35 -0.3 1 1.5 5133.71648309554 0.2530864771015331
10 60 -0.35 -0.3 1.5 2 4817.526925910148 0.2018008054446909
10 60 -0.35 -0.3 2 2.5 4110.160978388104 0.1482985292341255
10 60 -0.35 -0.3 2.5 3 3468.979266923632 0.1133926582206186
10 60 -0.35 -0.3 3 3.5 2942.887912742575 0.09221839347947025
10 60 -0.35 -0.3 3.5 4 2517.78269783295 0.07514417365700865
10 60 -0.35 -0.3 4 4.5 2172.639321559589 0.05976160269892716
10 60 -0.35 -0.3 4.5 5 1889.55669145685 0.04804749317372625
10 60 -0.35 -0.3 5 5.5 1654.768187337987 0.03927685056669361
10 60 -0.35 -0.3 5.5 6 1457.948325486341 0.03195257760239656
10 60 -0.35 -0.3 6 6.5 1291.352018210755 0.02611187912293644
10 60 -0.35 -0.3 6.5 7 1149.121247564489 0.02152102262198241
10 60 -0.35 -0.3 7 7.5 1026.772902395692 0.01777407186318669
10 60 -0.35 -0.3 7.5 8 920.8261878822831 0.01464186858868288
10 60 -0.35 -0.3 8 8.5 828.5470667949355 0.01222446578196923
10 60 -0.35 -0.3 8.5 9 747.7594408179299 0.0104324608960269
10 60 -0.35 -0.3 9 9.5 676.7088832621824 0.008924867255018398
10 60 -0.35 -0.3 9.5 10 613.9666513078605 0.007582594895211514
10 60 -0.35 -0.3 10 10.5 558.3579669343541 0.006445358405244406
10 60 -0.35 -0.3 10.5 11 508.908302602553 0.005530671197902848
10 60 -0.35 -0.3 11 11.5 464.8017136780293 0.004676239261868886
10 60 -0.35 -0.3 11.5 12 425.3500783853023 0.01805770610326363
10 60 -0.35 -0.3 12 12.5 389.9702502685911 0.01364093371205399
10 60 -0.35 -0.3 12.5 13 358.1652800268552 0.01011948604605095
10 60 -0.35 -0.3 13 13.5 329.5092463431084 0.007348141178226797
10 60 -0.35 -0.3 13.5 14 303.6349793880138 0.005152039498568683
10 60 -0.35 -0.3 14 14.5 280.2249312234718 0.003419333782858303
10 60 -0.35 -0.3 14.5 15 259.003533932473 0.002056862491770062
10 60 -0.35 -0.3 15 16 461.9276711720113 0.004546506120505001
10 60 -0.35 -0.3 16 17 397.8510609763435 0.005677644081458766
10 60 -0.35 -0.3 17 18 344.3896705420387 0.0115059962918167
10 60 -0.35 -0.3 18 19 299.5153779476098 0.01446761855078194
10 60 -0.35 -0.3 19 20 261.6362773672518 0.001539567992722368
10 60 -0.35 -0.3 20 21 229.4930259615318 0.001348731719019725
10 60 -0.35 -0.3 21 22 202.0818272598056 0.001187344896692366
10 60 -0.35 -0.3 22 23 178.5968337628834 0.001049846640114538
10 60 -0.35 -0.3 23 24 158.3869003730216 0.0009340750995079361
10 60 -0.35 -0.3 24 25 140.9228457357483 0.000817945321557545
10 60 -0.35 -0.3 25 26 125.7721671689135 0.0007398840901942094
10 60 -0.35 -0.3 26 27 112.5791047222765 0.0006691494958914745
10 60 -0.35 -0.3 27 28 101.0498758458346 0.0005819277769774089
10 60 -0.35 -0.3 28 29 90.94090636849296 0.0005073851346395486
10 60 -0.35 -0.3 29 30 82.0489688570778 0.0004719543750155708
10 60 -0.35 -0.3 30 31 74.20349953361439 0.0004233759787979352
10 60 -0.35 -0.3 31 32 67.2611312666977 0.0003816286268119029
10 60 -0.35 -0.3 32 33 61.10082849468645 0.0003518659076604536
10 60 -0.35 -0.3 33 34 55.61993624418519 0.0003239971896249472
10 60 -0.35 -0.3 34 35 50.73113276079393 0.0002844850407086597
10 60 -0.35 -0.3 35 36 46.35992326158971 0.0002511717799862367
10 60 -0.35 -0.3 36 37 42.44246847275786 0.0002347228540031665
10 60 -0.35 -0.3 37 38 38.92381466048511 0.0002185579419560213
10 60 -0.35 -0.3 38 39 35.75658481271027 0.0002026725664165951
10 60 -0.35 -0.3 39 40 32.89981857553582 0.0001842836890517674
10 60 -0.35 -0.3 40 42 58.2983116342505 0.0003165872819437254
10 60 -0.35 -0.3 42 44 49.79258561320351 0.0002670695589301886
10 60 -0.35 -0.3 44 46 42.75867110284227 0.0002269897729334502
10 60 -0.35 -0.3 46 48 36.90368061992169 0.0002052460064092543
10 60 -0.35 -0.3 48 50 32.00025725600985 0.0001516620963286641
10 60 -0.35 -0.3 50 52 27.87074267527631 0.0001232540683240302
10 60 -0.35 -0.3 52 54 24.3745083345991 0.0001261140849706521
10 60 -0.35 -0.3 54 56 21.3994339519951 0.0001070933392419704
10 60 -0.35 -0.3 56 58 18.8560086421335 7.204646497172007e-05
10 60 -0.35 -0.3 58 60 16.67217009558695 7.067174467678683e-05
10 60 -0.35 -0.3 60 65 33.98491338391038 0.0001487755456892614
10 60 -0.35 -0.3 65 70 25.64290071120671 9.772050233891605e-05
10 60 -0.35 -0.3 70 80 34.97077753369773 0.0001230535828611323
10 60 -0.35 -0.3 80 90 21.68400920841103 7.610059470408714e-05
10 60 -0.35 -0.3 90 100 14.06041771025337 4.942877194480388e-05
10 60 -0.3 -0.25 0 0.5 -63118.71896913125 0.5788604325134656
10 60 -0.3 -0.25 0.5 1 828.1681759343984 0.003458807713400347
10 60 -0.3 -0.25 1 1.5 5134.688356827981 0.09292753521549457
10 60 -0.3 -0.25 1.5 2 4819.928460614585 0.197879324789028
10 60 -0.3 -0.25 2 2.5 4112.700493785923 0.1555020006207997
10 60 -0.3 -0.25 2.5 3 3471.356372521458 0.1179430650422546
10 60 -0.3 -0.25 3 3.5 2945.031520034241 0.09074836128547759
10 60 -0.3 -0.25 3.5 4 2519.695634074898 0.07341473158430745
10 60 -0.3 -0.25 4 4.5 2174.341973068727 0.05996104223959264
10 60 -0.3 -0.25 4.5 5 1891.071747057214 0.04809526140411435
10 60 -0.3 -0.25 5 5.5 1656.118473749673 0.03876753102508701
10 60 -0.3 -0.25 5.5 6 1459.153950218806 0.03180540622520311
10 60 -0.3 -0.25 6 6.5 1292.430255664608 0.02615914395892105
10 60 -0.3 -0.25 6.5 7 1150.089280472283 0.02159400170876324
10 60 -0.3 -0.25 7 7.5 1027.643249212177 0.01794554038815477
10 60 -0.3 -0.25 7.5 8 921.6106508736394 0.01495133968626305
10 60 -0.3 -0.25 8 8.5 829.2563548818814 0.01235083136953108
10 60 -0.3 -0.25 8.5 9 748.4020034715853 0.01020573362870891
10 60 -0.3 -0.25 9 9.5 677.2917703225985 0.008628317421539577
10 60 -0.3 -0.25 9.5 10 614.4963077671762 0.007431649866134649
10 60 -0.3 -0.25 10 10.5 558.8403390333914 0.006421903932732675
10 60 -0.3 -0.25 10.5 11 509.3482192981997 0.005548677720753403
10 60 -0.3 -0.25 11 11.5 465.2030272499048 0.004879651921498862
10 60 -0.3 -0.25 11.5 12 425.7168220108589 0.0180571480003664
10 60 -0.3 -0.25 12 12.5 390.3063286637624 0.01364190711746005
10 60 -0.3 -0.25 12.5 13 358.4739282843165 0.0101497702765414
10 60 -0.3 -0.25 13 13.5 329.7928117536701 0.007365893208145735
10 60 -0.3 -0.25 13.5 14 303.8955958360337 0.005158557798608854
10 60 -0.3 -0.25 14 14.5 280.4647477929197 0.003417601879277754
10 60 -0.3 -0.25 14.5 15 259.2245867111398 0.002056879963845404
10 60 -0.3 -0.25 15 16 462.3205401212002 0.004540436199874875
10 60 -0.3 -0.25 16 17 398.1877707831207 0.005686956367355833
10 60 -0.3 -0.25 17 18 344.6794714003636 0.01148463323227134
10 60 -0.3 -0.25 18 19 299.7655169468331 0.01448468843250339
10 60 -0.3 -0.25 19 20 261.8530939995353 0.001538534661619906
10 60 -0.3 -0.25 20 21 229.6819525360775 0.001357608289282553
10 60 -0.3 -0.25 21 22 202.2470346067639 0.001202267810725743
10 60 -0.3 -0.25 22 23 178.7415762228409 0.001059595255014756
10 60 -0.3 -0.25 23 24 158.514124055382 0.0009170002738017047
10 60 -0.3 -0.25 24 25 141.0353025715897 0.0008214551453988861
10 60 -0.3 -0.25 25 26 125.8719201213129 0.0007486981518098901
10 60 -0.3 -0.25 26 27 112.6678198585373 0.0006708775678134771
10 60 -0.3 -0.25 27 28 101.1289649056308 0.0005946872789479585
10 60 -0.3 -0.25 28 29 91.01144847751669 0.0005165685599450853
10 60 -0.3 -0.25 29 30 82.11196790123222 0.0004513110094421791
10 60 -0.3 -0.25 30 31 74.26008116416412 0.0004273946290993536
10 60 -0.3 -0.25 31 32 67.31208412082249 0.0004003328886597046
10 60 -0.3 -0.25 32 33 61.1467002596851 0.0003498441116747131
10 60 -0.3 -0.25 33 34 55.66135156388115 0.0003047012766828061
10 60 -0.3 -0.25 34 35 50.76872975815061 0.0002813138995207964
10 60 -0.3 -0.25 35 36 46.39415818399007 0.0002673179818373228
10 60 -0.3 -0.25 36 37 42.47361624931376 0.0002433591138810698
10 60 -0.3 -0.25 37 38 38.95215706828679 0.0002194857696551367
10 60 -0.3 -0.25 38 39 35.78241652967577 0.0001975578156674374
10 60 -0.3 -0.25 39 40 32.9234291405238 0.0001819625041861173
10 60 -0.3 -0.25 40 42 58.33979194141215 0.0003213001777666591
10 60 -0.3 -0.25 42 44 49.82760356207935 0.0002652210081279804
10 60 -0.3 -0.25 44 46 42.78839013834003 0.0002440784118107331
10 60 -0.3 -0.25 46 48 36.92891894591366 0.0001899204118487319
10 60 -0.3 -0.25 48 50 32.02192412529547 0.0001538170520944959
10 60 -0.3 -0.25 50 52 27.88931323712001 0.0001479859434994069
10 60 -0.3 -0.25 52 54 24.39028667426577 0.000116743753739712
10 60 -0.3 -0.25 54 56 21.41300919048132 8.722763964641445e-05
10 60 -0.3 -0.25 56 58 18.86787537049434 9.368625962125066e-05
10 60 -0.3 -0.25 58 60 16.68242424990082 8.512192752974101e-05
10 60 -0.3 -0.25 60 65 34.00485198877374 0.0001342972041129542
10 60 -0.3 -0.25 65 70 25.6570087208801 0.0001009751708771489
10 60 -0.3 -0.25 70 80 34.98767395968644 0.0001230521317339139
10 60 -0.3 -0.25 80 90 21.69212756541176 7.607457222746916e-05
10 60 -0.3 -0.25 90 100 14.06438556524149 4.939846282780991e-05
10 60 -0.25 -0.2 0 0.5 -63188.9306671438 0.5779278194459039
10 60 -0.25 -0.2 0.5 1 821.2968069594896 0.004398332157620644
10 60 -0.25 -0.2 1 1.5 5135.519260795209 0.2546555260450987
10 60 -0.25 -0.2 1.5 2 4821.945510930899 0.1935360584748196
10 60 -0.25 -0.2 2 2.5 4114.826439017663 0.1499153518134335
10 60 -0.25 -0.2 2.5 3 3473.345123255648 0.1192360451527748
10 60 -0.25 -0.2 3 3.5 2946.82424137966 0.09342566159557464
10 60 -0.25 -0.2 3.5 4 2521.292885214846 0.07320459040738569
10 60 -0.25 -0.2 4 4.5 2175.762150964324 0.05926018508125708
10 60 -0.25 -0.2 4.5 5 1892.335891672994 0.04869846181577486
10 60 -0.25 -0.2 5 5.5 1657.244902485152 0.03937467951232065
10 60 -0.25 -0.2 5.5 6 1460.159952604963 0.03173130018853954
10 60 -0.25 -0.2 6 6.5 1293.330515576731 0.02596535436396152
10 60 -0.25 -0.2 6.5 7 1150.897134106062 0.02135127240580914
10 60 -0.25 -0.2 7 7.5 1028.369119591522 0.01766285609187435
10 60 -0.25 -0.2 7.5 8 922.264889282753 0.01481535631080533
10 60 -0.25 -0.2 8 8.5 829.8479237635006 0.01259579560314705
10 60 -0.25 -0.2 8.5 9 748.9375522760278 0.01065089801875274
10 60 -0.25 -0.2 9 9.5 677.7774587580423 0.008897181362158335
10 60 -0.25 -0.2 9.5 10 614.937930424435 0.00746121023030355
10 60 -0.25 -0.2 10 10.5 559.2429437103958 0.0063526730986041
10 60 -0.25 -0.2 10.5 11 509.7151925904918 0.005461294226734026
10 60 -0.25 -0.2 11 11.5 465.5377038231881 0.004684661937176315
10 60 -0.25 -0.2 11.5 12 426.0226621334634 0.01805619089623178
10 60 -0.25 -0.2 12 12.5 390.5865422659042 0.01365696539926375
10 60 -0.25 -0.2 12.5 13 358.7310547998273 0.01016445570002134
10 60 -0.25 -0.2 13 13.5 330.0289829718607 0.007375454338330201
10 60 -0.25 -0.2 13.5 14 304.1127768326448 0.00516701982411405
10 60 -0.25 -0.2 14 14.5 280.6646638631288 0.003423137955962829
10 60 -0.25 -0.2 14.5 15 259.4088139281536 0.002058781634332263
10 60 -0.25 -0.2 15 16 462.6474947777668 0.004548026283430318
10 60 -0.25 -0.2 16 17 398.4675957427615 0.005694974217647086
10 60 -0.25 -0.2 17 18 344.9201530400016 0.01148454827580281
10 60 -0.25 -0.2 18 19 299.9731696184713 0.01450429748513216
10 60 -0.25 -0.2 19 20 262.0329723228129 0.001544637451445396
10 60 -0.25 -0.2 20 21 229.8383207228097 0.001363762283659753
10 60 -0.25 -0.2 21 22 202.3833883542906 0.001207563301022674
10 60 -0.25 -0.2 22 23 178.8609694302871 0.001045352920357345
10 60 -0.25 -0.2 23 24 158.6192484124396 0.0009332502932011266
10 60 -0.25 -0.2 24 25 141.1280027784033 0.0008354194197011111
10 60 -0.25 -0.2 25 26 125.9537710819978 0.0007385035744391644
10 60 -0.25 -0.2 26 27 112.7404561316597 0.0006617194031974805
10 60 -0.25 -0.2 27 28 101.193830038342 0.0005904361129722702
10 60 -0.25 -0.2 28 29 91.06958781352868 0.0005319632537634789
10 60 -0.25 -0.2 29 30 82.16397831732237 0.0004802952759916934
10 60 -0.25 -0.2 30 31 74.30643321347951 0.000424103254374586
10 60 -0.25 -0.2 31 32 67.35357193482818 0.000369675432295935
10 60 -0.25 -0.2 32 33 61.18418554535376 0.0003438915931539555
10 60 -0.25 -0.2 33 34 55.69534700331582 0.0003208177716587102
10 60 -0.25 -0.2 34 35 50.79952876365245 0.0002943397867696262
10 60 -0.25 -0.2 35 36 46.42204598945122 0.000261872015940412
10 60 -0.25 -0.2 36 37 42.49895347880222 0.0002407976773355358
10 60 -0.25 -0.2 37 38 38.97523666192453 0.0002200167782575591
10 60 -0.25 -0.2 38 39 35.80347432914152 0.000200185345406112
10 60 -0.25 -0.2 39 40 32.942667989211 0.0001818995487425923
10 60 -0.25 -0.2 40 42 58.37360952404942 0.0003161436977876519
10 60 -0.25 -0.2 42 44 49.85614740838759 0.0002892155773182026
10 60 -0.25 -0.2 44 46 42.81239489804881 0.0002161326310954337
10 60 -0.25 -0.2 46 48 36.94956515861667 0.0001895549895394311
10 60 -0.25 -0.2 48 50 32.03978659330515 0.0001894358749865432
10 60 -0.25 -0.2 50 52 27.90447201999397 0.0001296122976341962
10 60 -0.25 -0.2 52 54 24.40328220750751 0.0001035569679217474
10 60 -0.25 -0.2 54 56 21.42432180795685 0.0001160079038626805
10 60 -0.25 -0.2 56 58 18.87756989343841 9.228130321048411e-05
10 60 -0.25 -0.2 58 60 16.6907628020484 6.470534839309039e-05
10 60 -0.25 -0.2 60 65 34.02143584167889 0.0001571653653655858
10 60 -0.25 -0.2 65 70 25.66872935377967 9.608339574285196e-05
10 60 -0.25 -0.2 70 80 35.00201235269478 0.0001230000329499603
10 60 -0.25 -0.2 80 90 21.69902020851518 7.604345057288242e-05
10 60 -0.25 -0.2 90 100 14.06767856972813 4.937175644315062e-05
10 60 -0.2 -0.15 0 0.5 -63245.2760194822 0.5794026900621247
10 60 -0.2 -0.15 0.5 1 815.7192058589299 0.004525859717546155
10 60 -0.2 -0.15 1 1.5 5136.179129979355 0.2505948774496574
10 60 -0.2 -0.15 1.5 2 4823.574585186266 0.196993231167653
10 60 -0.2 -0.15 2 2.5 4116.538793397741 0.1484407357729651
10 60 -0.2 -0.15 2.5 3 3474.942263610862 0.116167154840241
10 60 -0.2 -0.15 3 3.5 2948.264900071984 0.09378543769207681
10 60 -0.2 -0.15 3.5 4 2522.574310623711 0.07480732670410362
10 60 -0.2 -0.15 4 4.5 2176.900901285206 0.0592564869839407
10 60 -0.2 -0.15 4.5 5 1893.34799572783 0.04781679079019341
10 60 -0.2 -0.15 5 5.5 1658.147205474238 0.03954237133984861
10 60 -0.2 -0.15 5.5 6 1460.965147855096 0.03243122945445975
10 60 -0.2 -0.15 6 6.5 1294.051945116641 0.02628105099552158
10 60 -0.2 -0.15 6.5 7 1151.543861106354 0.02151579576570839
10 60 -0.2 -0.15 7 7.5 1028.950142436715 0.01770511332256319
10 60 -0.2 -0.15 7.5 8 922.7889241082572 0.01456695382103135
10 60 -0.2 -0.15 8 8.5 830.3212553313251 0.01210001861272758
10 60 -0.2 -0.15 8.5 9 749.3656717751001 0.01028632845918764
10 60 -0.2 -0.15 9 9.5 678.1657627118853 0.008859167365812937
10 60 -0.2 -0.15 9.5 10 615.2914858284537 0.007597683576932468
10 60 -0.2 -0.15 10 10.5 559.5647804509144 0.006493539016560135
10 60 -0.2 -0.15 10.5 11 510.0084583466879 0.005579019021638487
10 60 -0.2 -0.15 11 11.5 465.805658533779 0.004828797167363064
10 60 -0.2 -0.15 11.5 12 426.267866949056 0.01809316294543351
10 60 -0.2 -0.15 12 12.5 390.8108327777789 0.01367829779121621
10 60 -0.2 -0.15 12.5 13 358.9363290043001 0.01015377188713273
10 60 -0.2 -0.15 13 13.5 330.21744081473 0.007372078040361885
10 60 -0.2 -0.15 13.5 14 304.2862438314987 0.00517311614726168
10 60 -0.2 -0.15 14 14.5 280.8245059186339 0.003437438798243875
10 60 -0.2 -0.15 14.5 15 259.5560620639731 0.002065769299633757
10 60 -0.2 -0.15 15 16 462.9083949969402 0.004511489169829019
10 60 -0.2 -0.15 16 17 398.6904118921038 0.005689697905438607
10 60 -0.2 -0.15 17 18 345.1112977779287 0.01150853189267309
10 60 -0.2 -0.15 18 19 300.138117885046 0.01449987416606291
10 60 -0.2 -0.15 19 20 262.1757504310995 0.001567098743521456
10 60 -0.2 -0.15 20 21 229.9619490863318 0.001367725254539209
10 60 -0.2 -0.15 21 22 202.4908563263959 0.001181279457540541
10 60 -0.2 -0.15 22 23 178.9551857400494 0.001061563883610006
10 60 -0.2 -0.15 23 24 158.7019849329673 0.0009447166957556874
10 60 -0.2 -0.15 24 25 141.2006936968203 0.0008355092889189564
10 60 -0.2 -0.15 25 26 126.0178585739299 0.0007361425179084335
10 60 -0.2 -0.15 26 27 112.7972611441883 0.0006443206856232564
10 60 -0.2 -0.15 27 28 101.2445053615273 0.0005931055032277754
10 60 -0.2 -0.15 28 29 91.11492794490216 0.0005528360421038769
10 60 -0.2 -0.15 29 30 82.20451260197555 0.0004855316405354415
10 60 -0.2 -0.15 30 31 74.34268011902168 0.0004121150818150454
10 60 -0.2 -0.15 31 32 67.38606194661806 0.0003722060333188892
10 60 -0.2 -0.15 32 33 61.21338774223204 0.0003477201571584487
10 60 -0.2 -0.15 33 34 55.72168493968739 0.0003244658919498988
10 60 -0.2 -0.15 34 35 50.82332535573792 0.0002893615833201579
10 60 -0.2 -0.15 35 36 46.44360743512517 0.0002652468951183096
10 60 -0.2 -0.15 36 37 42.51851513314038 0.0002390879998870332
10 60 -0.2 -0.15 37 38 38.99304079740396 0.0002182699222004203
10 60 -0.2 -0.15 38 39 35.81973771799294 0.0001949967996424107
10 60 -0.2 -0.15 39 40 32.95757391422664 0.0001841923745118379
10 60 -0.2 -0.15 40 42 58.39970983891502 0.0003401474447741748
10 60 -0.2 -0.15 42 44 49.87793166893029 0.0002548817810534842
10 60 -0.2 -0.15 44 46 42.83110589595712 0.0002289139951372476
10 60 -0.2 -0.15 46 48 36.9655704702201 0.0002155770233542853
10 60 -0.2 -0.15 48 50 32.05335237801769 0.0001482594580579644
10 60 -0.2 -0.15 50 52 27.9163997658184 0.000144959472713424
10 60 -0.2 -0.15 52 54 24.41364889779561 0.0001391216378614502
10 60 -0.2 -0.15 54 56 21.43301717241545 8.917620943194038e-05
10 60 -0.2 -0.15 56 58 18.88509169752048 8.061179590157508e-05
10 60 -0.2 -0.15 58 60 16.69740774627027 8.833720256973265e-05
10 60 -0.2 -0.15 60 65 34.03437026284083 0.0001417165059649506
10 60 -0.2 -0.15 65 70 25.67808268908854 0.0001083668288401896
10 60 -0.2 -0.15 70 80 35.01359050185178 0.0001229571791370176
10 60 -0.2 -0.15 80 90 21.70470553317872 7.602092859215759e-05
10 60 -0.2 -0.15 90 100 14.07035389052735 4.935631712577049e-05
10 60 -0.15 -0.1 0 0.5 -63287.73082956514 0.6138394777517533
10 60 -0.15 -0.1 0.5 1 811.4702129691307 0.01774512624831459
10 60 -0.15 -0.1 1 1.5 5136.651005869643 0.08097462181740411
10 60 -0.15 -0.1 1.5 2 4824.805442818377 0.1946000806692609
10 60 -0.15 -0.1 2 2.5 4117.836692898337 0.1514692306936922
10 60 -0.15 -0.1 2.5 3 3476.146624695469 0.1171236132358899
10 60 -0.15 -0.1 3 3.5 2949.351899469358 0.09184278592738337
10 60 -0.15 -0.1 3.5 4 2523.538909380874 0.0740918071219312
10 60 -0.15 -0.1 4 4.5 2177.758740173425 0.05972877831527512
10 60 -0.15 -0.1 4.5 5 1894.108129523354 0.04775781120997635
10 60 -0.15 -0.1 5 5.5 1658.824768932591 0.03843800475601711
10 60 -0.15 -0.1 5.5 6 1461.569673435394 0.03171250495302047
10 60 -0.15 -0.1 6 6.5 1294.593477894926 0.02641905903828956
10 60 -0.15 -0.1 6.5 7 1152.029021818548 0.02180746808153344
10 60 -0.15 -0.1 7 7.5 1029.386278662989 0.01809627162583638
10 60 -0.15 -0.1 7.5 8 923.1821591311902 0.01509896278366796
10 60 -0.15 -0.1 8 8.5 830.6758894465662 0.01252430668705529
10 60 -0.15 -0.1 8.5 9 749.6862702618365 0.01035918520540235
10 60 -0.15 -0.1 9 9.5 678.4571358034888 0.008663627028454357
10 60 -0.15 -0.1 9.5 10 615.5562009796611 0.007393660584170902
10 60 -0.15 -0.1 10 10.5 559.8054002159362 0.006367213489966161
10 60 -0.15 -0.1 10.5 11 510.2279808442712 0.005487481272894001
10 60 -0.15 -0.1 11 11.5 466.0065617595778 0.004761117855707653
10 60 -0.15 -0.1 11.5 12 426.4517043790029 0.01812808392281795
10 60 -0.15 -0.1 12 12.5 390.9789021263839 0.01368655057785872
10 60 -0.15 -0.1 12.5 13 359.0901489364581 0.01016092048553219
10 60 -0.15 -0.1 13 13.5 330.3584278973076 0.007370084025069445
10 60 -0.15 -0.1 13.5 14 304.4157390390237 0.00517359261425554
10 60 -0.15 -0.1 14 14.5 280.9436741250354 0.003434871126160033
10 60 -0.15 -0.1 14.5 15 259.6659493601205 0.002070397847774075
10 60 -0.15 -0.1 15 16 463.1032757007678 0.00459087784690837
10 60 -0.15 -0.1 16 17 398.8559967022833 0.005729242805330159
10 60 -0.15 -0.1 17 18 345.2528942323696 0.01153667698417848
10 60 -0.15 -0.1 18 19 300.2600806412016 0.01449481327983904
10 60 -0.15 -0.1 19 20 262.2809187335655 0.001582056914628538
10 60 -0.15 -0.1 20 21 230.0527991749736 0.001355795777783442
10 60 -0.15 -0.1 21 22 202.5698759080294 0.001194762346017342
10 60 -0.15 -0.1 22 23 179.023977396587 0.001059609888244495
10 60 -0.15 -0.1 23 24 158.7620413378775 0.0009494680798809441
10 60 -0.15 -0.1 24 25 141.2533508283657 0.000825618865604838
10 60 -0.15 -0.1 25 26 126.0643393961812 0.0007240889808741713
10 60 -0.15 -0.1 26 27 112.8384701833358 0.0006690212967299658
10 60 -0.15 -0.1 27 28 101.280919365683 0.0006042108695254456
10 60 -0.15 -0.1 28 29 91.1471633170684 0.0005172695621808998
10 60 -0.15 -0.1 29 30 82.23345977815167 0.00047058852865689
10 60 -0.15 -0.1 30 31 74.36888420211247 0.0004451322913894273
10 60 -0.15 -0.1 31 32 67.40957312103836 0.0003980430282837233
10 60 -0.15 -0.1 32 33 61.2342748035304 0.0003385642347168982
10 60 -0.15 -0.1 33 34 55.74031216759353 0.000305763441133422
10 60 -0.15 -0.1 34 35 50.84013171412259 0.0002935940787978097
10 60 -0.15 -0.1 35 36 46.45882562512268 0.0002643398089361426
10 60 -0.15 -0.1 36 37 42.53233425109767 0.0002339075463311246
10 60 -0.15 -0.1 37 38 39.00563947552285 0.0002163408201880657
10 60 -0.15 -0.1 38 39 35.83123951364277 0.0002126080919921947
10 60 -0.15 -0.1 39 40 32.96801362141651 0.0001932196070839609
10 60 -0.15 -0.1 40 42 58.41783711548614 0.0003034881497612218
10 60 -0.15 -0.1 42 44 49.89345693387303 0.0002716249738483612
10 60 -0.15 -0.1 44 46 42.84428688345497 0.0002502182004420206
10 60 -0.15 -0.1 46 48 36.97665187681793 0.0001700714542423043
10 60 -0.15 -0.1 48 50 32.06311840386567 0.0001751116259498531
10 60 -0.15 -0.1 50 52 27.9248580780379 0.000161415350323324
10 60 -0.15 -0.1 52 54 24.42088976782305 0.0001097513386127957
10 60 -0.15 -0.1 54 56 21.43941136504899 0.0001045592745789747
10 60 -0.15 -0.1 56 58 18.89060222287716 9.702226267194192e-05
10 60 -0.15 -0.1 58 60 16.70207823854629 6.933258937991127e-05
10 60 -0.15 -0.1 60 65 34.04379788452889 0.0001537578203354428
10 60 -0.15 -0.1 65 70 25.68489576515032 0.0001006841772692724
10 60 -0.15 -0.1 70 80 35.0222650083257 0.0001285080595607724
10 60 -0.15 -0.1 80 90 21.70915895357034 7.599902001587111e-05
10 60 -0.15 -0.1 90 100 14.07244741505127 4.934759783026266e-05
10 60 -0.1 -0.05 0 0.5 -63316.29013044859 0.7399420745277894
10 60 -0.1 -0.05 0.5 1 808.5848612622858 0.02177527034291415
10 60 -0.1 -0.05 1 1.5 5136.944118851101 0.07939772938789247
10 60 -0.1 -0.05 1.5 2 4825.625984691354 0.1956622109910313
10 60 -0.1 -0.05 2 2.5 4118.714323204187 0.1498961966944989
10 60 -0.1 -0.05 2.5 3 3476.959742166596 0.1178271406733984
10 60 -0.1 -0.05 3 3.5 2950.083117914314 0.09285266311781015
10 60 -0.1 -0.05 3.5 4 2524.187769024929 0.07407634029596011
10 60 -0.1 -0.05 4 4.5 2178.333510049731 0.06002475863351719
10 60 -0.1 -0.05 4.5 5 1894.617839310735 0.04871956184729243
10 60 -0.1 -0.05 5 5.5 1659.277200218957 0.03924660933307678
10 60 -0.1 -0.05 5.5 6 1461.973575694455 0.03153873948554065
10 60 -0.1 -0.05 6 6.5 1294.954508891789 0.02572019830859062
10 60 -0.1 -0.05 6.5 7 1152.352474457311 0.02127913588697083
10 60 -0.1 -0.05 7 7.5 1029.677476784881 0.01761085486486991
10 60 -0.1 -0.05 7.5 8 923.4439996502589 0.01471152253759556
10 60 -0.1 -0.05 8 8.5 830.9115569680372 0.01248040528480487
10 60 -0.1 -0.05 8.5 9 749.899882764876 0.01061322957912125
10 60 -0.1 -0.05 9 9.5 678.6508569067367 0.008963301883795793
10 60 -0.1 -0.05 9.5 10 615.7316597139826 0.007548378188062088
10 60 -0.1 -0.05 10 10.5 559.9651206222107 0.006427193530043951
10 60 -0.1 -0.05 10.5 11 510.3739717120846 0.005535998651623686
10 60 -0.1 -0.05 11 11.5 466.1398494052848 0.004763637730775372
10 60 -0.1 -0.05 11.5 12 426.5733859194801 0.01811436673852995
10 60 -0.1 -0.05 12 12.5 391.0904445398482 0.0136928136950587
10 60 -0.1 -0.05 12.5 13 359.1925089503108 0.01018448710885878
10 60 -0.1 -0.05 13 13.5 330.4520826124784 0.007384672037005657
10 60 -0.1 -0.05 13.5 14 304.5013025785055 0.005163013839421637
10 60 -0.1 -0.05 14 14.5 281.0221385323759 0.003426724963048855
10 60 -0.1 -0.05 14.5 15 259.7381951106871 0.002068681565219777
10 60 -0.1 -0.05 15 16 463.2312747154523 0.004647855779467136
10 60 -0.1 -0.05 16 17 398.9644764398114 0.005724818105306895
10 60 -0.1 -0.05 17 18 345.345097252388 0.01155048157932015
10 60 -0.1 -0.05 18 19 300.338714417006 0.01449430798442108
10 60 -0.1 -0.05 19 20 262.3482142439387 0.001561954801957199
10 60 -0.1 -0.05 20 21 230.1110570986493 0.001368937548107851
10 60 -0.1 -0.05 21 22 202.6202203879291 0.001211530495879742
10 60 -0.1 -0.05 22 23 179.0672800043722 0.001067472594741048
10 60 -0.1 -0.05 23 24 158.7994283930984 0.0009131720750019667
10 60 -0.1 -0.05 24 25 141.2861907798797 0.0008226730666649473
10 60 -0.1 -0.05 25 26 126.0932834286361 0.0007604027014451731
10 60 -0.1 -0.05 26 27 112.8636984288095 0.0006660391879336203
10 60 -0.1 -0.05 27 28 101.3030043822171 0.0005688997115527172
10 60 -0.1 -0.05 28 29 91.16683111263073 0.0005252837367777374
10 60 -0.1 -0.05 29 30 82.25101706380609 0.0004872800851956072
10 60 -0.1 -0.05 30 31 74.38453091208196 0.0004348695430422822
10 60 -0.1 -0.05 31 32 67.42363458590938 0.0003947794554903794
10 60 -0.1 -0.05 32 33 61.24692292145286 0.0003622829472647027
10 60 -0.1 -0.05 33 34 55.75151190879377 0.0003128784480139757
10 60 -0.1 -0.05 34 35 50.85000574228171 0.0002688049875345655
10 60 -0.1 -0.05 35 36 46.4677268282659 0.0002516994002590422
10 60 -0.1 -0.05 36 37 42.5404646729994 0.0002564210541322609
10 60 -0.1 -0.05 37 38 39.01295904979288 0.0002336164381802064
10 60 -0.1 -0.05 38 39 35.83775749737118 0.0001961993623567082
10 60 -0.1 -0.05 39 40 32.97392089818204 0.000162578513723588
10 60 -0.1 -0.05 40 42 58.42851979279295 0.0003249492144448141
10 60 -0.1 -0.05 42 44 49.90244110584027 0.0002911253945470094
10 60 -0.1 -0.05 44 46 42.85172365869655 0.0001981266685504579
10 60 -0.1 -0.05 46 48 36.98333916882411 0.0002147563326957425
10 60 -0.1 -0.05 48 50 32.06876829662695 0.0001753527748249439
10 60 -0.1 -0.05 50 52 27.92964706399394 0.0001248543656444667
10 60 -0.1 -0.05 52 54 24.4252887557087 0.0001358061094300922
10 60 -0.1 -0.05 54 56 21.44329607229493 0.0001149827873447862
10 60 -0.1 -0.05 56 58 18.89392520878163 7.909448158116561e-05
10 60 -0.1 -0.05 58 60 16.7049919133564 7.475316973071244e-05
10 60 -0.1 -0.05 60 65 34.04959779706344 0.0001499935538120667
10 60 -0.1 -0.05 65 70 25.68922244401642 0.0001104213685607647
10 60 -0.1 -0.05 70 80 35.02792119436723 0.0001245382942300921
10 60 -0.1 -0.05 80 90 21.71231625048949 7.598215063353564e-05
10 60 -0.1 -0.05 90 100 14.07396270364157 4.933968301656932e-05
10 60 -0.05 0 0 0.5 -63330.97546446356 0.8939577944547636
10 60 -0.05 0 0.5 1 807.0751093373131 0.01330896829449557
10 60 -0.05 0 1 1.5 5137.067553428971 0.2466391827565531
10 60 -0.05 0 1.5 2 4826.032432638197 0.2049741979935789
10 60 -0.05 0 2 2.5 4119.162950696596 0.1490936273394254
10 60 -0.05 0 2.5 3 3477.37991313243 0.1168533265354199
10 60 -0.05 0 3 3.5 2950.4580075999 0.09346612469425963
10 60 -0.05 0 3.5 4 2524.52042938079 0.07421230509498855
10 60 -0.05 0 4 4.5 2178.625016166297 0.05967294579613736
10 60 -0.05 0 4.5 5 1894.876292848006 0.04864126151551318
10 60 -0.05 0 5 5.5 1659.505405333923 0.03987109664785748
10 60 -0.05 0 5.5 6 1462.176531841544 0.03247064154220425
10 60 -0.05 0 6 6.5 1295.134974797989 0.0263236158939435
10 60 -0.05 0 6.5 7 1152.514434553629 0.02151464217604371
10 60 -0.05 0 7 7.5 1029.822932879706 0.01783037016980416
10 60 -0.05 0 7.5 8 923.5742045508711 0.01471948662936029
10 60 -0.05 0 8 8.5 831.0290488732973 0.01216430554450199
10 60 -0.05 0 8.5 9 750.0061233595444 0.01025193073758146
10 60 -0.05 0 9 9.5 678.7462897747439 0.008774689995220797
10 60 -0.05 0 9.5 10 615.8181680697122 0.007542964626054527
10 60 -0.05 0 10 10.5 560.0441389165732 0.006450535168710303
10 60 -0.05 0 10.5 11 510.4458813468604 0.005527072638813024
10 60 -0.05 0 11 11.5 466.2051950271885 0.004799325772069096
10 60 -0.05 0 11.5 12 426.6331937834588 0.01811699926986421
10 60 -0.05 0 12 12.5 391.1452777715372 0.01370916855796622
10 60 -0.05 0 12.5 13 359.2425962079799 0.01018574661173943
10 60 -0.05 0 13 13.5 330.4978751844031 0.007384019691471622
10 60 -0.05 0 13.5 14 304.5432079753365 0.005180070353958399
10 60 -0.05 0 14 14.5 281.0602905537074 0.003432114600741443
10 60 -0.05 0 14.5 15 259.7728214253729 0.002071556467342361
10 60 -0.05 0 15 16 463.2915778091338 0.004560341303545101
10 60 -0.05 0 16 17 399.0156452687081 0.005694501690641118
10 60 -0.05 0 17 18 345.387941061966 0.01149202829543583
10 60 -0.05 0 18 19 300.3738940675728 0.01456072104576833
10 60 -0.05 0 19 20 262.3779940699408 0.001558753382937539
10 60 -0.05 0 20 21 230.1364318587284 0.001391912599927991
10 60 -0.05 0 21 22 202.6414837292639 0.001219794965294341
10 60 -0.05 0 22 23 179.0851010515838 0.001033813134739603
10 60 -0.05 0 23 24 158.814746561593 0.0009280597848260186
10 60 -0.05 0 24 25 141.2992024612156 0.000845430494791799
10 60 -0.05 0 25 26 126.1041449434799 0.0007352866512633227
10 60 -0.05 0 26 27 112.8730283137754 0.0006429822126676754
10 60 -0.05 0 27 28 101.3112286966929 0.000596505944812975
10 60 -0.05 0 28 29 91.17389484705855 0.0005365907898919886
10 60 -0.05 0 29 30 82.25699378718281 0.0004694557247688635
10 60 -0.05 0 30 31 74.38970097226905 0.0004319455845802622
10 60 -0.05 0 31 32 67.42818867995315 0.0003973207300731474
10 60 -0.05 0 32 33 61.25098959118835 0.0003533002555542453
10 60 -0.05 0 33 34 55.75521574321835 0.0003120657290267559
10 60 -0.05 0 34 35 50.85330855949573 0.0002964634550011169
10 60 -0.05 0 35 36 46.4704463648987 0.0002713422833124923
10 60 -0.05 0 36 37 42.54260824602438 0.0002286173458827534
10 60 -0.05 0 37 38 39.01481927806678 0.0001963102586941545
10 60 -0.05 0 38 39 35.83957653082501 0.0001905052277137997
10 60 -0.05 0 39 40 32.97570601115726 0.0001961910791763444
10 60 -0.05 0 40 42 58.43140088554302 0.0003384911321546724
10 60 -0.05 0 42 44 49.90470539572991 0.0002388288504135971
10 60 -0.05 0 44 46 42.85402963682589 0.0002572786993866316
10 60 -0.05 0 46 48 36.98508787225239 0.0001901949797797897
10 60 -0.05 0 48 50 32.07029857673518 0.0001534041756556803
10 60 -0.05 0 50 52 27.9312007897904 0.0001609366081467556
10 60 -0.05 0 52 54 24.42657068856836 0.0001178215974313446
10 60 -0.05 0 54 56 21.44450651789046 9.996179593940724e-05
10 60 -0.05 0 56 58 18.89520404100828 0.0001017872136941378
10 60 -0.05 0 58 60 16.70612744248077 7.719252906923657e-05
10 60 -0.05 0 60 65 34.0517935109559 0.0001457374895892372
10 60 -0.05 0 65 70 25.69095300797722 0.0001033763157103351
10 60 -0.05 0 70 80 35.03056339859091 0.0001306210468428048
10 60 -0.05 0 80 90 21.71406813385149 7.597077932786078e-05
10 60 -0.05 0 90 100 14.07487310817061 4.933334785839349e-05
10 60 0 0.05 0 0.5 -63331.81224408849 1.06193178272224
10 60 0 0.05 0.5 1 806.93898654681 0.005423982934189553
10 60 0 0.05 1 1.5 5137.029189076862 0.2489424825062088
10 60 0 0.05 1.5 2 4826.027455531934 0.195504755292859
10 60 0 0.05 2 2.5 4119.178954770869 0.1547344984528536
10 60 0 0.05 2.5 3 3477.401874124612 0.1157057540458482
10 60 0 0.05 3 3.5 2950.47411801087 0.09159923722381791
10 60 0 0.05 3.5 4 2524.536304310162 0.07384297517728555
10 60 0 0.05 4 4.5 2178.633642496324 0.0588417237449903
10 60 0 0.05 4.5 5 1894.88279016971 0.04733648253522915
10 60 0 0.05 5 5.5 1659.509456224583 0.03865213209155627
10 60 0 0.05 5.5 6 1462.178399017122 0.0319895012953566
10 60 0 0.05 6 6.5 1295.135837651582 0.0264696722890676
10 60 0 0.05 6.5 7 1152.514567379665 0.02174411888108807
10 60 0 0.05 7 7.5 1029.822198115604 0.01793979778040011
10 60 0 0.05 7.5 8 923.5732828135658 0.0150305621722282
10 60 0 0.05 8 8.5 831.0282603220619 0.01260278883728461
10 60 0 0.05 8.5 9 750.004358420715 0.01047593373607469
10 60 0 0.05 9 9.5 678.7440815078261 0.008743654441900617
10 60 0 0.05 9.5 10 615.8161877743778 0.007406819980360524
10 60 0 0.05 10 10.5 560.0418843770442 0.006385073047681544
10 60 0 0.05 10.5 11 510.443322194809 0.005524125538329372
10 60 0 0.05 11 11.5 466.2029125570261 0.0047596256870861
10 60 0 0.05 11.5 12 426.6311502064917 0.01814728032320545
10 60 0 0.05 12 12.5 391.1429727931044 0.01369924695933378
10 60 0 0.05 12.5 13 359.2401932245277 0.01017476274876117
10 60 0 0.05 13 13.5 330.4955881233131 0.00738533007222486
10 60 0 0.05 13.5 14 304.5410040538414 0.005191458298838825
10 60 0 0.05 14 14.5 281.0578636900387 0.00345188834540977
10 60 0 0.05 14.5 15 259.7698580193897 0.002061815861679861
10 60 0 0.05 15 16 463.2848252310599 0.004487667998546385
10 60 0 0.05 16 17 399.0089553448519 0.005613172776975262
10 60 0 0.05 17 18 345.3807305758428 0.01151653772870986
10 60 0 0.05 18 19 300.366404548425 0.01456378835075611
10 60 0 0.05 19 20 262.3703236716431 0.001569542291576909
10 60 0 0.05 20 21 230.1284425798691 0.001387377227871411
10 60 0 0.05 21 22 202.6336291025664 0.001180282548205014
10 60 0 0.05 22 23 179.0779181523989 0.001063003927811224
10 60 0 0.05 23 24 158.8077505886435 0.0009559356652175666
10 60 0 0.05 24 25 141.2920809560087 0.0008110944224313243
10 60 0 0.05 25 26 126.097343016046 0.0007180691872576972
10 60 0 0.05 26 27 112.8667603937289 0.0006722983436162622
10 60 0 0.05 27 28 101.3052372803299 0.000592224516111628
10 60 0 0.05 28 29 91.1681703907726 0.0005263400382915506
10 60 0 0.05 29 30 82.25157729429934 0.0004834419560779679
10 60 0 0.05 30 31 74.38450990881739 0.000427869666253855
10 60 0 0.05 31 32 67.42329540779336 0.0003679986298266158
10 60 0 0.05 32 33 61.24659491702529 0.000352512066598365
10 60 0 0.05 33 34 55.75126921219218 0.0003482032603088214
10 60 0 0.05 34 35 50.84955991518657 0.0003028079777394055
10 60 0 0.05 35 36 46.46682872403628 0.000237096063393949
10 60 0 0.05 36 37 42.53925361588472 0.00021358525202686
10 60 0 0.05 37 38 39.01176271864173 0.0002195519761585274
10 60 0 0.05 38 39 35.83670685799613 0.0002225045230161982
10 60 0 0.05 39 40 32.97289900097165 0.0001798244766462176
10 60 0 0.05 40 42 58.42642339827741 0.0002845900546333269
10 60 0 0.05 42 44 49.90085295764088 0.0003020038203516151
10 60 0 0.05 44 46 42.85048106518941 0.0002157451199948923
10 60 0 0.05 46 48 36.98218978834044 0.0001881882958656433
10 60 0 0.05 48 50 32.06798223665084 0.0001832089884672428
10 60 0 0.05 50 52 27.92912653690985 0.0001305264236108883
10 60 0 0.05 52 54 24.42493836232692 0.0001209608412189311
10 60 0 0.05 54 56 21.44323759466455 0.0001126606771251204
10 60 0 0.05 56 58 18.89416674736822 8.743172072200878e-05
10 60 0 0.05 58 60 16.7053849229656 8.089799739963155e-05
10 60 0 0.05 60 65 34.0504677571917 0.0001482421209786366
10 60 0 0.05 65 70 25.69015354619799 0.0001084409907363693
10 60 0 0.05 70 80 35.03011353203495 0.0001295529535099149
10 60 0 0.05 80 90 21.71434021849183 7.596415943567081e-05
10 60 0 0.05 90 100 14.07519425737279 4.933841268695005e-05
10 60 0.05 0.1 0 0.5 -63318.8758951063 1.197055808181176
10 60 0.05 0.1 0.5 1 808.1639833057274 0.01989538151337911
10 60 0.05 0.1 1 1.5 5136.838082273865 0.0779509763679016
10 60 0.05 0.1 1.5 2 4825.621770444956 0.1870889837700815
10 60 0.05 0.1 2 2.5 4118.76067250305 0.1511488608739455
10 60 0.05 0.1 2.5 3 3477.022522708649 0.1208721177322332
10 60 0.05 0.1 3 3.5 2950.130625184855 0.09211832147866517
10 60 0.05 0.1 3.5 4 2524.232074943938 0.0737316548020317
10 60 0.05 0.1 4 4.5 2178.359997977685 0.0602298171406801
10 60 0.05 0.1 4.5 5 1894.637877712842 0.04851038364063243
10 60 0.05 0.1 5 5.5 1659.288559970348 0.03888423782518657
10 60 0.05 0.1 5.5 6 1461.980008468989 0.03145656134711317
10 60 0.05 0.1 6 6.5 1294.957094127081 0.02583883872671322
10 60 0.05 0.1 6.5 7 1152.352882984683 0.0214563557854035
10 60 0.05 0.1 7 7.5 1029.675988926126 0.01773821886195037
10 60 0.05 0.1 7.5 8 923.4414683014148 0.01464013951726884
10 60 0.05 0.1 8 8.5 830.9082605117218 0.01231149230193296
10 60 0.05 0.1 8.5 9 749.8950096168566 0.01050929383256971
10 60 0.05 0.1 9 9.5 678.644920892518 0.008957658849453765
10 60 0.05 0.1 9.5 10 615.7252357081604 0.007592558721853493
10 60 0.05 0.1 10 10.5 559.9582505638328 0.00642544397931033
10 60 0.05 0.1 10.5 11 510.3669446763793 0.005511327815895584
10 60 0.05 0.1 11 11.5 466.1330136771498 0.004783891937222506
10 60 0.05 0.1 11.5 12 426.5665122888915 0.01811409603635639
10 60 0.05 0.1 12 12.5 391.0834803766882 0.01369009806552413
10 60 0.05 0.1 12.5 13 359.1855575517022 0.01017593177414255
10 60 0.05 0.1 13 13.5 330.4452447992488 0.007405206482587801
10 60 0.05 0.1 13.5 14 304.494156217226 0.005193372622045445
10 60 0.05 0.1 14 14.5 281.0141568408396 0.00343169831552359
10 60 0.05 0.1 14.5 15 259.7293321893803 0.002066331480989447
10 60 0.05 0.1 15 16 463.2118527041384 0.004602884111079675
10 60 0.05 0.1 16 17 398.9438142911649 0.005731770279453485
10 60 0.05 0.1 17 18 345.3234721581227 0.01154122462423857
10 60 0.05 0.1 18 19 300.316280226331 0.01448277021444255
10 60 0.05 0.1 19 20 262.3249806843058 0.001572116451598049
10 60 0.05 0.1 20 21 230.0873642671997 0.001319561089530907
10 60 0.05 0.1 21 22 202.5972217929532 0.001209242513965592
10 60 0.05 0.1 22 23 179.0452376106442 0.001087265180643726
10 60 0.05 0.1 23 24 158.7780213005993 0.0009133211537175612
10 60 0.05 0.1 24 25 141.2653518917578 0.0008202863039912245
10 60 0.05 0.1 25 26 126.0731604212054 0.0007508632448178787
10 60 0.05 0.1 26 27 112.8445473763294 0.0006416237016964033
10 60 0.05 0.1 27 28 101.2850095067088 0.0005932889787487738
10 60 0.05 0.1 28 29 91.14973080545055 0.0005407398100913952
10 60 0.05 0.1 29 30 82.23466161225713 0.0004639834614579286
10 60 0.05 0.1 30 31 74.36912238671663 0.0004077299255129674
10 60 0.05 0.1 31 32 67.40935016603092 0.0004063681514168138
10 60 0.05 0.1 32 33 61.23367345897338 0.0003672240875047805
10 60 0.05 0.1 33 34 55.73923940910264 0.000296285891344894
10 60 0.05 0.1 34 35 50.83871276029132 0.0002618983050837187
10 60 0.05 0.1 35 36 46.45726512709194 0.0002790705646589231
10 60 0.05 0.1 36 37 42.53055617922723 0.0002715238924508867
10 60 0.05 0.1 37 38 39.00349552080237 0.0002121287789123016
10 60 0.05 0.1 38 39 35.8288622188232 0.0001559786315468159
10 60 0.05 0.1 39 40 32.96577388659757 0.0001632039099135341
10 60 0.05 0.1 40 42 58.41419080241515 0.0003590923913563415
10 60 0.05 0.1 42 44 49.89013789100409 0.000247163808197115
10 60 0.05 0.1 44 46 42.84155129747212 0.0002268175120434535
10 60 0.05 0.1 46 48 36.97470767051686 0.0002102259179679322
10 60 0.05 0.1 48 50 32.06149606179351 0.0001492257652628837
10 60 0.05 0.1 50 52 27.9237533340396 0.0001448363365419425
10 60 0.05 0.1 52 54 24.42040654388178 0.0001254393451439739
10 60 0.05 0.1 54 56 21.4393680991615 9.91931822689196e-05
10 60 0.05 0.1 56 58 18.89094730105966 9.206673485095962e-05
10 60 0.05 0.1 58 60 16.70270302735678 8.41430022511247e-05
10 60 0.05 0.1 60 65 34.04557222517541 0.0001518864641454343
10 60 0.05 0.1 65 70 25.68679993057996 0.0001001545536638559
10 60 0.05 0.1 70 80 35.026572098756 0.0001299110832064798
10 60 0.05 0.1 80 90 21.71308844419585 7.597105325984899e-05
10 60 0.05 0.1 90 100 14.07494243117918 4.934105367482289e-05
10 60 0.1 0.15 0 0.5 -63292.25754470282 1.254651427872886
10 60 0.1 0.15 0.5 1 810.7347969110178 0.01929795902833575
10 60 0.1 0.15 1 1.5 5136.488137903594 0.07449259727854951
10 60 0.1 0.15 1.5 2 4824.820796324581 0.1996503527234381
10 60 0.1 0.15 2 2.5 4117.916379782803 0.1455383882475871
10 60 0.1 0.15 2.5 3 3476.241103003251 0.1176899945371588
10 60 0.1 0.15 3 3.5 2949.428968639083 0.09609530173429448
10 60 0.1 0.15 3.5 4 2523.605281324154 0.07461530433829466
10 60 0.1 0.15 4 4.5 2177.804018740414 0.0595475100863041
10 60 0.1 0.15 4.5 5 1894.140906788075 0.04883944753191827
10 60 0.1 0.15 5 5.5 1658.843464245127 0.03992815808487649
10 60 0.1 0.15 5.5 6 1461.581918931317 0.03232326366241978
10 60 0.1 0.15 6 6.5 1294.598494917843 0.02614931754283134
10 60 0.1 0.15 6.5 7 1152.029943498997 0.02140427734639161
10 60 0.1 0.15 7 7.5 1029.385271134286 0.01782599785110506
10 60 0.1 0.15 7.5 8 923.178099689842 0.01488552406260624
10 60 0.1 0.15 8 8.5 830.669400416539 0.01233458202307247
10 60 0.1 0.15 8.5 9 749.6789525133552 0.0102717700424364
10 60 0.1 0.15 9 9.5 678.4479856670091 0.008703288544097632
10 60 0.1 0.15 9.5 10 615.5451894866017 0.007472637624005074
10 60 0.1 0.15 10 10.5 559.7941190064572 0.00645514154950888
10 60 0.1 0.15 10.5 11 510.2169019812456 0.005551874193997719
10 60 0.1 0.15 11 11.5 465.9948185907295 0.004779006102523908
10 60 0.1 0.15 11.5 12 426.4396049499805 0.0181001897157671
10 60 0.1 0.15 12 12.5 390.9671124045243 0.01368654208204134
10 60 0.1 0.15 12.5 13 359.0785923669016 0.01020343946731828
10 60 0.1 0.15 13 13.5 330.3462490245139 0.007393813570729435
10 60 0.1 0.15 13.5 14 304.4025092966901 0.005167921120516894
10 60 0.1 0.15 14 14.5 280.9296141719901 0.003427625223935138
10 60 0.1 0.15 14.5 15 259.6512884040127 0.002080035196058816
10 60 0.1 0.15 15 16 463.0716430557541 0.004682337346196164
10 60 0.1 0.15 16 17 398.821134115471 0.005802254469358559
10 60 0.1 0.15 17 18 345.2165750604406 0.01151801935736785
10 60 0.1 0.15 18 19 300.2224331554163 0.01446804247501632
10 60 0.1 0.15 19 20 262.2420757096841 0.00153683832849083
10 60 0.1 0.15 20 21 230.0142573363641 0.001367371480256452
10 60 0.1 0.15 21 22 202.5319020284212 0.001204862278910923
10 60 0.1 0.15 22 23 178.9867166324361 0.001026714632928361
10 60 0.1 0.15 23 24 158.7261184827052 0.0009474153877704339
10 60 0.1 0.15 24 25 141.2188993135292 0.0008421482101255151
10 60 0.1 0.15 25 26 126.0312048015706 0.0007171312890505988
10 60 0.1 0.15 26 27 112.8066955988232 0.0006703730457786605
10 60 0.1 0.15 27 28 101.2505831393163 0.0005850710773529499
10 60 0.1 0.15 28 29 91.11848422434556 0.0004980974910182567
10 60 0.1 0.15 29 30 82.2065696885771 0.0004744503337832384
10 60 0.1 0.15 30 31 74.34365918001077 0.0004625826187094617
10 60 0.1 0.15 31 32 67.38586611575757 0.000377997844765332
10 60 0.1 0.15 32 33 61.2121892168739 0.0003039750209836711
10 60 0.1 0.15 33 34 55.71992492732977 0.0003099935780639385
10 60 0.1 0.15 34 35 50.82123668552686 0.0003204931535520927
10 60 0.1 0.15 35 36 46.44114211116282 0.0002696185228145964
10 60 0.1 0.15 36 37 42.51574519062206 0.0002092829926780837
10 60 0.1 0.15 37 38 38.9901610298226 0.0002050629496324063
10 60 0.1 0.15 38 39 35.81683309699503 0.000216512561976856
10 60 0.1 0.15 39 40 32.95459084584521 0.0001950825397472045
10 60 0.1 0.15 40 42 58.39384722833752 0.0002784410664276038
10 60 0.1 0.15 42 44 49.87319087691072 0.0002746352877167624
10 60 0.1 0.15 44 46 42.82719533147634 0.000235635288348135
10 60 0.1 0.15 46 48 36.96238867281403 0.0001743155912166117
10 60 0.1 0.15 48 50 32.05122309851327 0.000175167731889303
10 60 0.1 0.15 50 52 27.91497411211959 0.0001374788684920247
10 60 0.1 0.15 52 54 24.41291318570429 0.0001155540499695462
10 60 0.1 0.15 54 56 21.43304302740002 0.0001107215019544583
10 60 0.1 0.15 56 58 18.88552514209959 8.865288221571177e-05
10 60 0.1 0.15 58 60 16.69806732533996 7.239947137449576e-05
10 60 0.1 0.15 60 65 34.037009670059 0.0001591927443271857
10 60 0.1 0.15 65 70 25.68100062853379 0.0001014039811586542
10 60 0.1 0.15 70 80 35.01995155440751 0.0001271705389456201
10 60 0.1 0.15 80 90 21.71032219703773 7.599321709150786e-05
10 60 0.1 0.15 90 100 14.07408582728437 4.934372195108949e-05
10 60 0.15 0.2 0 0.5 -63252.01949422702 1.218223838717677
10 60 0.15 0.2 0.5 1 814.6378024484852 0.01899087058507121
10 60 0.15 0.2 1 1.5 5135.978058042599 0.2538825462333989
10 60 0.15 0.2 1.5 2 4823.621439552494 0.2028444420075175
10 60 0.15 0.2 2 2.5 4116.652041814516 0.1510468283340742
10 60 0.15 0.2 2.5 3 3475.059814388937 0.1133225399471485
10 60 0.15 0.2 3 3.5 2948.368999773582 0.09140570215413391
10 60 0.15 0.2 3.5 4 2522.657897733371 0.07507711934113104
10 60 0.15 0.2 4 4.5 2176.964887849374 0.05940817134933241
10 60 0.15 0.2 4.5 5 1893.391818216857 0.04736812397936774
10 60 0.15 0.2 5 5.5 1658.175696014827 0.03877524861127313
10 60 0.15 0.2 5.5 6 1460.983340804416 0.03206616489228509
10 60 0.15 0.2 6 6.5 1294.060695849558 0.02651197209843303
10 60 0.15 0.2 6.5 7 1151.547019663669 0.02172277330987527
10 60 0.15 0.2 7 7.5 1028.949227743077 0.0178105996924387
10 60 0.15 0.2 7.5 8 922.7835758050995 0.01483693243994821
10 60 0.15 0.2 8 8.5 830.313035517479 0.01250087347295903
10 60 0.15 0.2 8.5 9 749.3553078503066 0.01052847262235446
10 60 0.15 0.2 9 9.5 678.1530617628507 0.008832051118474737
10 60 0.15 0.2 9.5 10 615.2770702855011 0.007453702106431592
10 60 0.15 0.2 10 10.5 559.5495601417217 0.006361062449173005
10 60 0.15 0.2 10.5 11 509.9922504422742 0.005500035550710436
10 60 0.15 0.2 11 11.5 465.788914411117 0.004784967609396062
10 60 0.15 0.2 11.5 12 426.2510911217285 0.01810173171134011
10 60 0.15 0.2 12 12.5 390.7939133094421 0.01371990632293318
10 60 0.15 0.2 12.5 13 358.9185806909118 0.01016757005663749
10 60 0.15 0.2 13 13.5 330.1986591765003 0.007362774195428301
10 60 0.15 0.2 13.5 14 304.2667524456954 0.005172465682960592
10 60 0.15 0.2 14 14.5 280.8044448903867 0.003453851639164895
10 60 0.15 0.2 14.5 15 259.5351933037546 0.002087285664345018
10 60 0.15 0.2 15 16 462.8634383002228 0.004522354916787208
10 60 0.15 0.2 16 17 398.6418347495837 0.00567107789157717
10 60 0.15 0.2 17 18 345.0598156856643 0.01151115046189943
10 60 0.15 0.2 18 19 300.0847727273547 0.01457237325240612
10 60 0.15 0.2 19 20 262.1222020532425 0.001589418713706436
10 60 0.15 0.2 20 21 229.9084842081641 0.001373202375930305
10 60 0.15 0.2 21 22 202.4377989946943 0.001157170846852296
10 60 0.15 0.2 22 23 178.903246944685 0.001059092684499774
10 60 0.15 0.2 23 24 158.6516517552263 0.0009290574791691597
10 60 0.15 0.2 24 25 141.1524090283202 0.0008233255691436625
10 60 0.15 0.2 25 26 125.9717145070862 0.00076356496850849
10 60 0.15 0.2 26 27 112.7529724875946 0.0006392301041415749
10 60 0.15 0.2 27 28 101.2022004623243 0.0005490469563511624
10 60 0.15 0.2 28 29 91.07500618479962 0.0005485933237565632
10 60 0.15 0.2 29 30 82.16701609840555 0.0004930472920108286
10 60 0.15 0.2 30 31 74.30753255439939 0.0003846782212093558
10 60 0.15 0.2 31 32 67.35333015079568 0.0003560977824434985
10 60 0.15 0.2 32 33 61.18293805807787 0.00037637558896364
10 60 0.15 0.2 33 34 55.69312915125791 0.000335811082415205
10 60 0.15 0.2 34 35 50.79650256428692 0.0002487790692526914
10 60 0.15 0.2 35 36 46.41866523848624 0.0002302513941785378
10 60 0.15 0.2 36 37 42.49552271239455 0.0002536728064228555
10 60 0.15 0.2 37 38 38.97176008776712 0.0002467467750690844
10 60 0.15 0.2 38 39 35.79986267570055 0.0001977468425238271
10 60 0.15 0.2 39 40 32.93896730958925 0.0001577222374535836
10 60 0.15 0.2 40 42 58.36644000018574 0.0003097357333672335
10 60 0.15 0.2 42 44 49.84977302465942 0.0002638868508242354
10 60 0.15 0.2 44 46 42.8073076102694 0.0002084469355310148
10 60 0.15 0.2 46 48 36.94568040056778 0.0002033702644652635
10 60 0.15 0.2 48 50 32.03690988712966 0.0001525287350645499
10 60 0.15 0.2 50 52 27.90284063712066 0.0001401601175317069
10 60 0.15 0.2 52 54 24.40258958510233 0.0001266439024405486
10 60 0.15 0.2 54 56 21.42415302434969 9.590850399376905e-05
10 60 0.15 0.2 56 58 18.87795396435687 8.814009660440547e-05
10 60 0.15 0.2 58 60 16.69162224646596 8.030206579690002e-05
10 60 0.15 0.2 60 65 34.02467333028563 0.0001506335352985388
10 60 0.15 0.2 65 70 25.67275891394968 0.0001054059948408792
10 60 0.15 0.2 70 80 35.01030410015157 0.0001229016411556927
10 60 0.15 0.2 80 90 21.70608702866773 7.600835805021688e-05
10 60 0.15 0.2 90 100 14.07257126763416 4.935441103270932e-05
10 60 0.2 0.25 0 0.5 -63198.19523608288 1.108387996835518
10 60 0.2 0.25 0.5 1 819.8658966036897 0.02282501133561254
10 60 0.2 0.25 1 1.5 5135.304874357077 0.07532062465088529
10 60 0.2 0.25 1.5 2 4822.025155304333 0.1928540390345006
10 60 0.2 0.25 2 2.5 4114.969217333112 0.1537644989884939
10 60 0.2 0.25 2.5 3 3473.482830118484 0.1179826015195431
10 60 0.2 0.25 3 3.5 2946.95141176467 0.09014056698833883
10 60 0.2 0.25 3.5 4 2521.392147401032 0.07296671377889652
10 60 0.2 0.25 4 4.5 2175.841921517051 0.06027543673781111
10 60 0.2 0.25 4.5 5 1892.391156184924 0.048544859819458
10 60 0.2 0.25 5 5.5 1657.285469711829 0.03883755945321354
10 60 0.2 0.25 5.5 6 1460.184681309958 0.03155168125431373
10 60 0.2 0.25 6 6.5 1293.345123438036 0.02590297461824775
10 60 0.2 0.25 6.5 7 1150.903583926076 0.02152164182257366
10 60 0.2 0.25 7 7.5 1028.368012484972 0.01785744006929235
10 60 0.2 0.25 7.5 8 922.2593781587904 0.01476685655745769
10 60 0.2 0.25 8 8.5 829.8384651233471 0.01227875982635851
10 60 0.2 0.25 8.5 9 748.9236732112115 0.01038086031280727
10 60 0.2 0.25 9 9.5 677.76147874065 0.008861895143013498
10 60 0.2 0.25 9.5 10 614.9208790003424 0.007564840460304367
10 60 0.2 0.25 10 10.5 559.2233745228065 0.006453445110309985
10 60 0.2 0.25 10.5 11 509.6939097446821 0.005515704103061125
10 60 0.2 0.25 11 11.5 465.5161730231436 0.004755799825545637
10 60 0.2 0.25 11.5 12 426.000713116721 0.01813036582649374
10 60 0.2 0.25 12 12.5 390.5630844641196 0.01366091820466409
10 60 0.2 0.25 12.5 13 358.7061890867917 0.01013016098039543
10 60 0.2 0.25 13 13.5 330.0035210589527 0.007379538044915535
10 60 0.2 0.25 13.5 14 304.0868253458473 0.005192353607071709
10 60 0.2 0.25 14 14.5 280.637801883935 0.003445628432132253
10 60 0.2 0.25 14.5 15 259.3807559182175 0.002058256040470496
10 60 0.2 0.25 15 16 462.5884672048427 0.004580654450819566
10 60 0.2 0.25 16 17 398.40481350032 0.005600936354028363
10 60 0.2 0.25 17 18 344.8533491735152 0.01157563955689511
10 60 0.2 0.25 18 19 299.9047786782664 0.0145337922108979
10 60 0.2 0.25 19 20 261.9644286202288 0.001572347181650002
10 60 0.2 0.25 20 21 229.7698215860608 0.001350879376758485
10 60 0.2 0.25 21 22 202.3156082169823 0.001204488529765513
10 60 0.2 0.25 22 23 178.7945780930811 0.00102792101526461
10 60 0.2 0.25 23 24 158.554879070709 0.0009265490424184009
10 60 0.2 0.25 24 25 141.0659830556521 0.000842749429750711
10 60 0.2 0.25 25 26 125.8942442305782 0.0007052445986346356
10 60 0.2 0.25 26 27 112.683845582028 0.0006397863095344292
10 60 0.2 0.25 27 28 101.1402247894285 0.0006288027818328601
10 60 0.2 0.25 28 29 91.01865550557082 0.0005103454238764016
10 60 0.2 0.25 29 30 82.11596526611373 0.0004071942947803109
10 60 0.2 0.25 30 31 74.2617826748891 0.0004279374012980952
10 60 0.2 0.25 31 32 67.31196648075874 0.0004251214440955664
10 60 0.2 0.25 32 33 61.14502648791208 0.0003243057505031288
10 60 0.2 0.25 33 34 55.65861586874642 0.0002702321861036694
10 60 0.2 0.25 34 35 50.76539416657972 0.00028821760537312
10 60 0.2 0.25 35 36 46.39036813479014 0.0002886961780674824
10 60 0.2 0.25 36 37 42.46942550428981 0.0002317955113895209
10 60 0.2 0.25 37 38 38.94777510418884 0.0001839350246584104
10 60 0.2 0.25 38 39 35.7781107382412 0.0001873847908129278
10 60 0.2 0.25 39 40 32.91928140476842 0.0002021504795877149
10 60 0.2 0.25 40 42 58.33169594909137 0.0003172198196566001
10 60 0.2 0.25 42 44 49.82009414133779 0.0002315792699008057
10 60 0.2 0.25 44 46 42.78223286153727 0.0002346178810270771
10 60 0.2 0.25 46 48 36.92430156834678 0.000176150615281756
10 60 0.2 0.25 48 50 32.0187877880574 0.0001646077588191019
10 60 0.2 0.25 50 52 27.88735442172034 0.0001393909364040269
10 60 0.2 0.25 52 54 24.38933110661672 0.0001121623423436802
10 60 0.2 0.25 54 56 21.41286762586765 0.0001053949335982907
10 60 0.2 0.25 56 58 18.86826928008064 8.577935668796499e-05
10 60 0.2 0.25 58 60 16.68330585770227 7.423717415733222e-05
10 60 0.2 0.25 60 65 34.00869313379117 0.0001481618117509242
10 60 0.2 0.25 65 70 25.66198031972214 0.0001086482002321532
10 60 0.2 0.25 70 80 34.99774276741898 0.0001228999274047737
10 60 0.2 0.25 80 90 21.70042933673801 7.601417899394391e-05
10 60 0.2 0.25 90 100 14.0703610404161 4.93735742335133e-05
10 60 0.25 0.3 0 0.5 -63130.86222549465 0.9413111566464067
10 60 0.25 0.3 0.5 1 826.4088086861319 0.01250277021040347
10 60 0.25 0.3 1 1.5 5134.4606908254 0.08880669670816133
10 60 0.25 0.3 1.5 2 4820.025279294353 0.1958719991907856
10 60 0.25 0.3 2 2.5 4112.865566228909 0.1500833726940982
10 60 0.25 0.3 2.5 3 3471.515361973012 0.1201557866197618
10 60 0.25 0.3 3 3.5 2945.176756457477 0.09492890746605553
10 60 0.25 0.3 3.5 4 2519.810572300312 0.07361029269304709
10 60 0.25 0.3 4 4.5 2174.434793607592 0.05914613339291463
10 60 0.25 0.3 4.5 5 1891.140973199559 0.04877656821531673
10 60 0.25 0.3 5 5.5 1656.170926762233 0.03969892830741628
10 60 0.25 0.3 5.5 6 1459.187482467638 0.03197106545371753
10 60 0.25 0.3 6 6.5 1292.452588151402 0.0260450016608047
10 60 0.25 0.3 6.5 7 1150.09905909491 0.02131785344840864
10 60 0.25 0.3 7 7.5 1027.643449893614 0.01771098618314682
10 60 0.25 0.3 7.5 8 921.6055089215125 0.01482870034965345
10 60 0.25 0.3 8 8.5 829.2447793843768 0.01242319902291911
10 60 0.25 0.3 8.5 9 748.3857661383572 0.01037768832668462
10 60 0.25 0.3 9 9.5 677.2733489348275 0.008736895357401409
10 60 0.25 0.3 9.5 10 614.475139227314 0.007455630727690732
10 60 0.25 0.3 10 10.5 558.8166107948903 0.006413192805439394
10 60 0.25 0.3 10.5 11 509.3229158083943 0.005540290275746429
10 60 0.25 0.3 11 11.5 465.1761728747784 0.004794052976990315
10 60 0.25 0.3 11.5 12 425.6878492396736 0.01804889309511282
10 60 0.25 0.3 12 12.5 390.2756975733935 0.01361403741771028
10 60 0.25 0.3 12.5 13 358.442416367124 0.01016260961955595
10 60 0.25 0.3 13 13.5 329.760418261502 0.007391296276125559
10 60 0.25 0.3 13.5 14 303.8620257516544 0.005171106963985039
10 60 0.25 0.3 14 14.5 280.4299915387213 0.003408154112833017
10 60 0.25 0.3 14.5 15 259.1889518342653 0.002062559364219396
10 60 0.25 0.3 15 16 462.2465303604802 0.004666221882189348
10 60 0.25 0.3 16 17 398.1093743221926 0.005718668280280781
10 60 0.25 0.3 17 18 344.5981212125753 0.0114870354821619
10 60 0.25 0.3 18 19 299.6823175193285 0.01449311403194997
10 60 0.25 0.3 19 20 261.7690324801437 0.001534415464846006
10 60 0.25 0.3 20 21 229.5985337239887 0.001384820089697314
10 60 0.25 0.3 21 22 202.1647163230413 0.001184805127820709
10 60 0.25 0.3 22 23 178.6610644858408 0.001057342829710706
10 60 0.25 0.3 23 24 158.4358644072844 0.0009290272331838878
10 60 0.25 0.3 24 25 140.9596027464567 0.0007682031940703382
10 60 0.25 0.3 25 26 125.7996214165021 0.0007320005203723667
10 60 0.25 0.3 26 27 112.5991352731046 0.0006988370435152547
10 60 0.25 0.3 27 28 101.063708553195 0.0005383601971828966
10 60 0.25 0.3 28 29 90.95007364126201 0.0004805919050880902
10 60 0.25 0.3 29 30 82.05451755921203 0.0005036750726219452
10 60 0.25 0.3 30 31 74.20588305165784 0.00043310120908302
10 60 0.25 0.3 31 32 67.26098848962535 0.0003193094963620524
10 60 0.25 0.3 32 33 61.09911521835335 0.0003309991838520432
10 60 0.25 0.3 33 34 55.61717816881919 0.000345965885102828
10 60 0.25 0.3 34 35 50.72746789650091 0.0002937190811422852
10 60 0.25 0.3 35 36 46.35555761649335 0.0002191382250131824
10 60 0.25 0.3 36 37 42.43776402926293 0.0002152110353250691
10 60 0.25 0.3 37 38 38.9190148751337 0.0002275738952661754
10 60 0.25 0.3 38 39 35.7517547179322 0.0002057461154265638
10 60 0.25 0.3 39 40 32.89503334899982 0.0001618474337448106
10 60 0.25 0.3 40 42 58.28939094850293 0.0003041432544108602
10 60 0.25 0.3 42 44 49.78463074800988 0.0002720081383742468
10 60 0.25 0.3 44 46 42.75179333457397 0.0001900805443924014
10 60 0.25 0.3 46 48 36.89851307729559 0.0001960205938829063
10 60 0.25 0.3 48 50 31.99678149452492 0.0001549274648446897
10 60 0.25 0.3 50 52 27.86855522369381 0.0001300976050906399
10 60 0.25 0.3 52 54 24.37330092405325 0.0001202161843991689
10 60 0.25 0.3 54 56 21.39912491316648 9.691515770171577e-05
10 60 0.25 0.3 56 58 18.85649664400859 8.775300677754672e-05
10 60 0.25 0.3 58 60 16.67318583970159 7.438519401858912e-05
10 60 0.25 0.3 60 65 33.98915942986235 0.0001437660383558637
10 60 0.25 0.3 65 70 25.64862639942673 0.000102161292240055
10 60 0.25 0.3 70 80 34.98237708340976 0.0001229311008472678
10 60 0.25 0.3 80 90 21.69338776680697 7.60426534220926e-05
10 60 0.25 0.3 90 100 14.06741835126894 4.940689106192053e-05
10 60 0.3 0.35 0 0.5 -63050.00491530582 0.7300285866658669
10 60 0.3 0.35 0.5 1 834.2479148298754 0.01710714554099013
10 60 0.3 0.35 1 1.5 5133.449006241626 0.2532753387731645
10 60 0.3 0.35 1.5 2 4817.625399180608 0.1966537552416412
10 60 0.3 0.35 2 2.5 4110.339889015248 0.1484568793866856
10 60 0.3 0.35 2.5 3 3469.158099288799 0.1159837567774957
10 60 0.3 0.35 3 3.5 2943.047764348206 0.09352651233621145
10 60 0.3 0.35 3.5 4 2517.915533360062 0.07496211270472486
10 60 0.3 0.35 4 4.5 2172.745824522335 0.059075663472413
10 60 0.3 0.35 4.5 5 1889.642412571433 0.04738388915848191
10 60 0.3 0.35 5 5.5 1654.832094294564 0.0391077140516245
10 60 0.3 0.35 5.5 6 1457.993380570503 0.03226880766760587
10 60 0.3 0.35 6 6.5 1291.381413996726 0.02636451096668679
10 60 0.3 0.35 6.5 7 1149.135332652978 0.02163624403033282
10 60 0.3 0.35 7 7.5 1026.77663524632 0.01780616750511399
10 60 0.3 0.35 7.5 8 920.8205776891092 0.01475600350522654
10 60 0.3 0.35 8 8.5 828.5341748971443 0.01237718901302287
10 60 0.3 0.35 8.5 9 747.7422927292765 0.01044689656248465
10 60 0.3 0.35 9 9.5 676.6871420589372 0.008825606714026435
10 60 0.3 0.35 9.5 10 613.9409960783281 0.00747186034607239
10 60 0.3 0.35 10 10.5 558.3304459510447 0.006383350917985808
10 60 0.3 0.35 10.5 11 508.878409700758 0.005496119463316518
10 60 0.3 0.35 11 11.5 464.7682830848935 0.004757000606900874
10 60 0.3 0.35 11.5 12 425.3139954092789 0.01800898191265787
10 60 0.3 0.35 12 12.5 389.9328669910608 0.01365962478627125
10 60 0.3 0.35 12.5 13 358.1265862436891 0.0101532986122379
10 60 0.3 0.35 13 13.5 329.4688369855901 0.00735035155236119
10 60 0.3 0.35 13.5 14 303.593080289582 0.005138901352950143
10 60 0.3 0.35 14 14.5 280.1820604838749 0.003425208930480039
10 60 0.3 0.35 14.5 15 258.9597657895882 0.00207560250834149
10 60 0.3 0.35 15 16 461.836893976586 0.004589978791727845
10 60 0.3 0.35 16 17 397.7568449827431 0.005709744486637192
10 60 0.3 0.35 17 18 344.293385209881 0.01144971607345724
10 60 0.3 0.35 18 19 299.4171264126944 0.01448701609450609
10 60 0.3 0.35 19 20 261.5371315966905 0.001547506731867543
10 60 0.3 0.35 20 21 229.3943530638707 0.001304936928647749
10 60 0.3 0.35 21 22 201.9851911988027 0.001224934612793049
10 60 0.3 0.35 22 23 178.5022729394541 0.001066763600761078
10 60 0.3 0.35 23 24 158.2947659690746 0.0008559615798446885
10 60 0.3 0.35 24 25 140.8343711656814 0.0008344366136441295
10 60 0.3 0.35 25 26 125.6874145175186 0.0007506714491398725
10 60 0.3 0.35 26 27 112.4982639924514 0.0005677356919733256
10 60 0.3 0.35 27 28 100.9738974757062 0.0005760792971045703
10 60 0.3 0.35 28 29 90.86957214368948 0.0005713435706553582
10 60 0.3 0.35 29 30 81.98146448103627 0.0004340212637714558
10 60 0.3 0.35 30 31 74.13990670562833 0.0003674782965248369
10 60 0.3 0.35 31 32 67.20167714905719 0.0003976345311258456
10 60 0.3 0.35 32 33 61.04520503959664 0.000366326151613805
10 60 0.3 0.35 33 34 55.56787649359374 0.000274695438527317
10 60 0.3 0.35 34 35 50.68270065738022 0.0002548389759908787
10 60 0.3 0.35 35 36 46.31504248437462 0.0002657251534614602
10 60 0.3 0.35 36 37 42.40079639200591 0.0002481479248501728
10 60 0.3 0.35 37 38 38.88506043249572 0.0001910650760095223
10 60 0.3 0.35 38 39 35.72066738752216 0.0001713569503394297
10 60 0.3 0.35 39 40 32.86668253106229 0.0001729715650071739
10 60 0.3 0.35 40 42 58.23970047106051 0.0003179441486054202
10 60 0.3 0.35 42 44 49.74286244411604 0.0002506384891276525
10 60 0.3 0.35 44 46 42.71653058151493 0.0002238759941732837
10 60 0.3 0.35 46 48 36.86820762808672 0.0001614878042914825
10 60 0.3 0.35 48 50 31.97099841318616 0.0001571075672970323
10 60 0.3 0.35 50 52 27.84658634641404 0.0001348046645794909
10 60 0.3 0.35 52 54 24.3544671409127 0.0001093761406210092
10 60 0.3 0.35 54 56 21.38299655617363 0.0001008452995527875
10 60 0.3 0.35 56 58 18.84264509718237 8.235026654190847e-05
10 60 0.3 0.35 58 60 16.66128558038768 7.245391306653914e-05
10 60 0.3 0.35 60 65 33.96617815175307 0.0001399485138904311
10 60 0.3 0.35 65 70 25.63281602205948 9.72925874478392e-05
10 60 0.3 0.35 70 80 34.9642642556061 0.0001229465757077719
10 60 0.3 0.35 80 90 21.68496087889839 7.607117872865388e-05
10 60 0.3 0.35 90 100 14.06371994001825 4.943072281626826e-05
10 60 0.35 0.4 0 0.5 -62955.57565338071 0.5655633101632702
10 60 0.35 0.4 0.5 1 843.3395056229044 0.001389335464637043
10 60 0.35 0.4 1 1.5 5132.26883590778 0.1094310345379199
10 60 0.35 0.4 1.5 2 4814.823414904348 0.195342990878089
10 60 0.35 0.4 2 2.5 4107.394176500175 0.1501720581027257
10 60 0.35 0.4 2.5 3 3466.410392028733 0.115527621858746
10 60 0.35 0.4 3 3.5 2940.568778436949 0.09088483197911046
10 60 0.35 0.4 3.5 4 2515.706583718831 0.07388917718390076
10 60 0.35 0.4 4 4.5 2170.779742206453 0.06006541923852637
10 60 0.35 0.4 4.5 5 1887.894392121337 0.04810769321079533
10 60 0.35 0.4 5 5.5 1653.272122984274 0.03865631682924686
10 60 0.35 0.4 5.5 6 1456.601940577702 0.03171821055434521
10 60 0.35 0.4 6 6.5 1290.131805774358 0.02618770481853971
10 60 0.35 0.4 6.5 7 1148.014563209218 0.0215828721024991
10 60 0.35 0.4 7 7.5 1025.765751521951 0.01785693192869076
10 60 0.35 0.4 7.5 8 919.9062473496917 0.01479982571981964
10 60 0.35 0.4 8 8.5 827.7081922416933 0.01231269889638043
10 60 0.35 0.4 8.5 9 746.9918747314257 0.01036905836861024
10 60 0.35 0.4 9 9.5 676.004160278474 0.008812609800997961
10 60 0.35 0.4 9.5 10 613.3202175824877 0.007514406932045858
10 60 0.35 0.4 10 10.5 557.7639734285825 0.006413673324004776
10 60 0.35 0.4 10.5 11 508.3597902556784 0.005509303261931109
10 60 0.35 0.4 11 11.5 464.2939600848169 0.004766707400108317
10 60 0.35 0.4 11.5 12 424.8798476763818 0.01805647555227097
10 60 0.35 0.4 12 12.5 389.5336668229772 0.01364622503018609
10 60 0.35 0.4 12.5 13 357.7587422133452 0.01010375932730767
10 60 0.35 0.4 13 13.5 329.1300314328482 0.007323726620597881
10 60 0.35 0.4 13.5 14 303.2809067131804 0.005153360799965867
10 60 0.35 0.4 14 14.5 279.8936406063865 0.003428625681920039
10 60 0.35 0.4 14.5 15 258.6927334801162 0.002061608410770077
10 60 0.35 0.4 15 16 461.3606059301 0.004472212475889137
10 60 0.35 0.4 16 17 397.3474124619718 0.005622490403368374
10 60 0.35 0.4 17 18 343.9388947395637 0.01149250068743868
10 60 0.35 0.4 18 19 299.1093319397253 0.01442995509154343
10 60 0.35 0.4 19 20 261.2682915030393 0.001533151072464989
10 60 0.35 0.4 20 21 229.1584488025881 0.001358639081360025
10 60 0.35 0.4 21 22 201.7766154483735 0.001164540996626329
10 60 0.35 0.4 22 23 178.3181644135714 0.0009846064435521384
10 60 0.35 0.4 23 24 158.1324796427804 0.000986268445103633
10 60 0.35 0.4 24 25 140.6893772645874 0.0008065677396587034
10 60 0.35 0.4 25 26 125.5577094647973 0.0006212442027617726
10 60 0.35 0.4 26 27 112.3829723558458 0.0006729911308553937
10 60 0.35 0.4 27 28 100.8703025315678 0.0006059592720930596
10 60 0.35 0.4 28 29 90.77605143264603 0.0004484305017626866
10 60 0.35 0.4 29 30 81.89771003304746 0.0004496393588766523
10 60 0.35 0.4 30 31 74.06460442837698 0.0004606168198932892
10 60 0.35 0.4 31 32 67.13317073810308 0.000365222564795431
10 60 0.35 0.4 32 33 60.98292496845275 0.0002891822671742261
10 60 0.35 0.4 33 34 55.51158090747794 0.0003013982648809588
10 60 0.35 0.4 34 35 50.63160039131856 0.0002979825083073706
10 60 0.35 0.4 35 36 46.26835292525161 0.0002403112491720094
10 60 0.35 0.4 36 37 42.3581806293251 0.0002046246758169445
10 60 0.35 0.4 37 38 38.84629228041203 0.0002048501235023537
10 60 0.35 0.4 38 39 35.68528822402882 0.0002000013568874692
10 60 0.35 0.4 39 40 32.83421927431747 0.0001683972700092795
10 60 0.35 0.4 40 42 58.18256502791116 0.0002810829373203205
10 60 0.35 0.4 42 44 49.69493901827655 0.0002686033294381218
10 60 0.35 0.4 44 46 42.67607667827542 0.0002077846746644241
10 60 0.35 0.4 46 48 36.83383706986581 0.000177607028668092
10 60 0.35 0.4 48 50 31.94151268114297 0.0001393885747944523
10 60 0.35 0.4 50 52 27.82141166477821 0.0001304956799970114
10 60 0.35 0.4 52 54 24.33295060366425 0.0001136691334160389
10 60 0.35 0.4 54 56 21.36451278832273 9.102199832611291e-05
10 60 0.35 0.4 56 58 18.82677906882889 8.143812481620216e-05
10 60 0.35 0.4 58 60 16.64765791128149 6.938386800570129e-05
10 60 0.35 0.4 60 65 33.93984917356064 0.000135310940486022
10 60 0.35 0.4 65 70 25.61466752791144 9.289984543769947e-05
10 60 0.35 0.4 70 80 34.94345063324763 0.0001229455028521897
10 60 0.35 0.4 80 90 21.67512211612513 7.611274998353679e-05
10 60 0.35 0.4 90 100 14.05923830037597 4.945574149850529e-05
10 60 0.4 0.45 0 0.5 -62847.60193801755 0.5598723516741302
10 60 0.4 0.45 0.5 1 853.6505205439463 0.001571657717249764
10 60 0.4 0.45 1 1.5 5130.900849900643 0.1002916171755714
10 60 0.4 0.45 1.5 2 4811.624236409247 0.1972835127362487
10 60 0.4 0.45 2 2.5 4104.028369758619 0.1516041770610173
10 60 0.4 0.45 2.5 3 3463.273291187108 0.1181473847650523
10 60 0.4 0.45 3 3.5 2937.740470886879 0.092748530807512
10 60 0.4 0.45 3.5 4 2513.184202183936 0.07346359752909848
10 60 0.4 0.45 4 4.5 2168.539133398944 0.05950854153206819
10 60 0.4 0.45 4.5 5 1885.89772584089 0.04848083692581895
10 60 0.4 0.45 5 5.5 1651.494532743044 0.03910023809203267
10 60 0.4 0.45 5.5 6 1455.011622753654 0.03154349596889006
10 60 0.4 0.45 6 6.5 1288.706877770704 0.02586224010337901
10 60 0.4 0.45 6.5 7 1146.735717816455 0.02138785031479529
10 60 0.4 0.45 7 7.5 1024.611040259831 0.01770645725514441
10 60 0.4 0.45 7.5 8 918.8651399312361 0.01481137995108384
10 60 0.4 0.45 8 8.5 826.7653792108015 0.0124076638767292
10 60 0.4 0.45 8.5 9 746.1351813226173 0.01039903248818064
10 60 0.4 0.45 9 9.5 675.2266862540072 0.008759538341564621
10 60 0.4 0.45 9.5 10 612.6121949801027 0.007456688092815966
10 60 0.4 0.45 10 10.5 557.1168667291003 0.006408097237681432
10 60 0.4 0.45 10.5 11 507.7688147226476 0.005517965655428725
10 60 0.4 0.45 11 11.5 463.7538757805642 0.004760564291188984
10 60 0.4 0.45 11.5 12 424.3842251490931 0.01802677034964972
10 60 0.4 0.45 12 12.5 389.0781049239178 0.01357426283203722
10 60 0.4 0.45 12.5 13 357.3401305392478 0.01009333427435877
10 60 0.4 0.45 13 13.5 328.7447910422949 0.007349090673187675
10 60 0.4 0.45 13.5 14 302.9252022206175 0.005146278246115799
10 60 0.4 0.45 14 14.5 279.5646713140774 0.003397210315199573
10 60 0.4 0.45 14.5 15 258.3885606502752 0.002036478015725152
10 60 0.4 0.45 15 16 460.8186977764427 0.004587843610579512
10 60 0.4 0.45 16 17 396.8805753355324 0.005696929946168439
10 60 0.4 0.45 17 18 343.5354091317631 0.01141194402680412
10 60 0.4 0.45 18 19 298.7585293655524 0.01448785374913086
10 60 0.4 0.45 19 20 260.9627236736922 0.001581171650741453
10 60 0.4 0.45 20 21 228.8901746615918 0.001347940372028233
10 60 0.4 0.45 21 22 201.5401958629787 0.001094911507493634
10 60 0.4 0.45 22 23 178.1097800373512 0.001091731974639742
10 60 0.4 0.45 23 24 157.9472339940684 0.0008872209095898143
10 60 0.4 0.45 24 25 140.5251982931062 0.0007460431422714464
10 60 0.4 0.45 25 26 125.4121239570481 0.0007773119105678461
10 60 0.4 0.45 26 27 112.2520485728829 0.000613928286085752
10 60 0.4 0.45 27 28 100.7526928375378 0.0004934873597051137
10 60 0.4 0.45 28 29 90.67101525274128 0.0005370140180929184
10 60 0.4 0.45 29 30 81.80309452275171 0.0004940489992435459
10 60 0.4 0.45 30 31 73.97885429608525 0.0003626894372672496
10 60 0.4 0.45 31 32 67.05587415928355 0.0003458235138680266
10 60 0.4 0.45 32 33 60.91320449294349 0.0003616984258414391
10 60 0.4 0.45 33 34 55.44813403751558 0.0003002370059235204
10 60 0.4 0.45 34 35 50.57373387551921 0.0002365968499375981
10 60 0.4 0.45 35 36 46.21578833232897 0.000236358557344829
10 60 0.4 0.45 36 37 42.31040213595404 0.000238032139471045
10 60 0.4 0.45 37 38 38.80264399127834 0.0002060021677507962
10 60 0.4 0.45 38 39 35.6453330429509 0.0001703142239506406
10 60 0.4 0.45 39 40 32.79770038435014 0.0001633979292918752
10 60 0.4 0.45 40 42 58.11848561292607 0.000304246763903393
10 60 0.4 0.45 42 44 49.64077646915479 0.0002301466435667976
10 60 0.4 0.45 44 46 42.63050493533332 0.000219796977603437
10 60 0.4 0.45 46 48 36.79529626950086 0.0001749740611742823
10 60 0.4 0.45 48 50 31.90858509768829 0.0001433524003893183
10 60 0.4 0.45 50 52 27.79312994430179 0.0001172551424915014
10 60 0.4 0.45 52 54 24.30875371223604 0.0001068219047155594
10 60 0.4 0.45 54 56 21.34379897739316 9.241311138552533e-05
10 60 0.4 0.45 56 58 18.80898213500929 7.617945320603781e-05
10 60 0.4 0.45 58 60 16.63235275528184 6.710335519599653e-05
10 60 0.4 0.45 60 65 33.91027599382291 0.0001299793170446151
10 60 0.4 0.45 65 70 25.59429272687371 9.059306191261385e-05
10 60 0.4 0.45 70 80 34.91992187470019 0.0001229209586597335
10 60 0.4 0.45 80 90 21.66390038204917 7.613903361658458e-05
10 60 0.4 0.45 90 100 14.05396105530267 4.948679851857207e-05
10 60 0.45 0.5 0 0.5 -62726.22724077194 0.5527536571025848
10 60 0.45 0.5 0.5 1 865.178753843061 0.02931989103035448
10 60 0.45 0.5 1 1.5 5129.323603117175 0.2456998992347508
10 60 0.45 0.5 1.5 2 4808.028206987207 0.197614350632648
10 60 0.45 0.5 2 2.5 4100.248426134426 0.14870081987101
10 60 0.45 0.5 2.5 3 3459.746956772104 0.1171735792004256
10 60 0.45 0.5 3 3.5 2934.565432049224 0.09304982315779853
10 60 0.45 0.5 3.5 4 2510.350393725485 0.07370613257489822
10 60 0.45 0.5 4 4.5 2166.023670727392 0.05885966913319862
10 60 0.45 0.5 4.5 5 1883.655748991646 0.04791017320758328
10 60 0.45 0.5 5 5.5 1649.498980740305 0.03931666614721507
10 60 0.45 0.5 5.5 6 1453.224517139191 0.0320473031988513
10 60 0.45 0.5 6 6.5 1287.108795876125 0.02601124412171885
10 60 0.45 0.5 6.5 7 1145.297328996862 0.02138527710576454
10 60 0.45 0.5 7 7.5 1023.316010369316 0.01776189145641638
10 60 0.45 0.5 7.5 8 917.6966150149193 0.01472076725178795
10 60 0.45 0.5 8 8.5 825.7056811549189 0.01230504279601519
10 60 0.45 0.5 8.5 9 745.1748600852333 0.01038849956046306
10 60 0.45 0.5 9 9.5 674.3542535125766 0.008816065242854165
10 60 0.45 0.5 9.5 10 611.816435543224 0.007474065015117048
10 60 0.45 0.5 10 10.5 556.3911644682477 0.006369493998590769
10 60 0.45 0.5 10.5 11 507.106474001747 0.005489226313272866
10 60 0.45 0.5 11 11.5 463.1470085318592 0.004771989779897012
10 60 0.45 0.5 11.5 12 423.8275258012072 0.01793605468884607
10 60 0.45 0.5 12 12.5 388.5675316854305 0.01357118542131275
10 60 0.45 0.5 12.5 13 356.8709704795408 0.01011085005012546
10 60 0.45 0.5 13 13.5 328.3124012748025 0.007326469048678064
10 60 0.45 0.5 13.5 14 302.5262240226318 0.005121362995623713
10 60 0.45 0.5 14 14.5 279.1963507088508 0.00339409490777598
10 60 0.45 0.5 14.5 15 258.0480452084843 0.002050473128520025
10 60 0.45 0.5 15 16 460.2106548221054 0.004434414105276119
10 60 0.45 0.5 16 17 396.3572311261228 0.00562675512514943
10 60 0.45 0.5 17 18 343.0824581527354 0.01150131623319339
10 60 0.45 0.5 18 19 298.3657900263256 0.01435938189644048
10 60 0.45 0.5 19 20 260.6195568368457 0.00153742685705538
10 60 0.45 0.5 20 21 228.589840859951 0.001295016686555073
10 60 0.45 0.5 21 22 201.2769747895513 0.001261970261822398
10 60 0.45 0.5 22 23 177.8760171116456 0.00093626944712355
10 60 0.45 0.5 23 24 157.7405450741347 0.0008427096945808898
10 60 0.45 0.5 24 25 140.3424487872604 0.0008915709099142077
10 60 0.45 0.5 25 26 125.2487172993061 0.0006626707510264396
10 60 0.45 0.5 26 27 112.1063043870538 0.0005878860726085122
10 60 0.45 0.5 27 28 100.6225129782287 0.0006112849928427977
10 60 0.45 0.5 28 29 90.5535212411306 0.0004859694199552678
10 60 0.45 0.5 29 30 81.69714081651711 0.0003941708169463709
10 60 0.45 0.5 30 31 73.88380935896036 0.0004229016456491763
10 60 0.45 0.5 31 32 66.97007908970205 0.000390564269537208
10 60 0.45 0.5 32 33 60.83529016906365 0.0002954220981905564
10 60 0.45 0.5 33 34 55.37755704135094 0.0002780042820376138
10 60 0.45 0.5 34 35 50.50979661971992 0.0002806110493906999
10 60 0.45 0.5 35 36 46.15752972534713 0.0002462206169795422
10 60 0.45 0.5 36 37 42.25716659460016 0.0001982128991713239
10 60 0.45 0.5 37 38 38.75410657331359 0.0001902361579269041
10 60 0.45 0.5 38 39 35.60109374345227 0.0001908841664928218
10 60 0.45 0.5 39 40 32.75722778030617 0.0001712499266659506
10 60 0.45 0.5 40 42 58.0473164922936 0.0002708988238708798
10 60 0.45 0.5 42 44 49.58088976186517 0.0002441538897812734
10 60 0.45 0.5 44 46 42.57981629452887 0.0001927424248862053
10 60 0.45 0.5 46 48 36.75248983478661 0.0001809334271669627
10 60 0.45 0.5 48 50 31.87225312258555 0.0001430111035141124
10 60 0.45 0.5 50 52 27.76198968982259 0.0001138495945127715
10 60 0.45 0.5 52 54 24.28200301327597 9.662137368593449e-05
10 60 0.45 0.5 54 56 21.3208907394796 8.86964121065148e-05
10 60 0.45 0.5 56 58 18.78933091201812 7.566135002434748e-05
10 60 0.45 0.5 58 60 16.6154481601352 6.423055403104172e-05
10 60 0.45 0.5 60 65 33.87758338871268 0.0001225606286325842
10 60 0.45 0.5 65 70 25.57179747103446 9.06171416446e-05
10 60 0.45 0.5 70 80 34.89365555038389 0.0001229183980555604
10 60 0.45 0.5 80 90 21.65130204824476 7.616655442888032e-05
10 60 0.45 0.5 90 100 14.04790833622205 4.952426948179323e-05
10 60 0.5 0.55 0 0.5 -62591.59841445175 0.5597993234914611
10 60 0.5 0.55 0.5 1 877.9341602864364 0.002073847314704835
10 60 0.5 0.55 1 1.5 5127.55891237128 0.04816944740741747
10 60 0.5 0.55 1.5 2 4804.040231485737 0.1900128153038168
10 60 0.5 0.55 2 2.5 4096.058961934998 0.149878926549718
10 60 0.5 0.55 2.5 3 3455.837283714895 0.1154008234307184
10 60 0.5 0.55 3 3.5 2931.043946711295 0.09159167144252933
10 60 0.5 0.55 3.5 4 2507.210607179808 0.07432527616265361
10 60 0.5 0.55 4 4.5 2163.231643333715 0.05953973793702971
10 60 0.5 0.55 4.5 5 1881.172934962041 0.04771870993886296
10 60 0.5 0.55 5 5.5 1647.283709661207 0.03890080853375366
10 60 0.5 0.55 5.5 6 1451.245348913626 0.03202778368381587
10 60 0.5 0.55 6 6.5 1285.335419917505 0.02632335823523135
10 60 0.5 0.55 6.5 7 1143.702416256279 0.02147868829342769
10 60 0.5 0.55 7 7.5 1021.881840659106 0.01766462168666294
10 60 0.5 0.55 7.5 8 916.3996588548991 0.01473617457975251
10 60 0.5 0.55 8 8.5 824.5321072243792 0.0123315303895879
10 60 0.5 0.55 8.5 9 744.1111759928987 0.0103518409479193
10 60 0.5 0.55 9 9.5 673.3860779474528 0.008750343610017808
10 60 0.5 0.55 9.5 10 610.9349432385131 0.007470957376654042
10 60 0.5 0.55 10 10.5 555.5878999035384 0.006407344309536711
10 60 0.5 0.55 10.5 11 506.3717822144046 0.005497854523639489
10 60 0.5 0.55 11 11.5 462.4742587397421 0.004735392204736399
10 60 0.5 0.55 11.5 12 423.2113380695175 0.01792784836351302
10 60 0.5 0.55 12 12.5 388.0019855623027 0.01356988020904737
10 60 0.5 0.55 12.5 13 356.3506759995055 0.01006456608092776
10 60 0.5 0.55 13 13.5 327.8333969740608 0.007299235876416788
10 60 0.5 0.55 13.5 14 302.084815336935 0.005123549948223172
10 60 0.5 0.55 14 14.5 278.7887554805988 0.003398934952770105
10 60 0.5 0.55 14.5 15 257.67093436568 0.002024160343523818
10 60 0.5 0.55 15 16 459.5379050840291 0.004523266334274467
10 60 0.5 0.55 16 17 395.7771007211704 0.005745561478704531
10 60 0.5 0.55 17 18 342.5813507333295 0.01140391034471122
10 60 0.5 0.55 18 19 297.9301263186945 0.01438224527794318
10 60 0.5 0.55 19 20 260.2397634150591 0.001533158070003537
10 60 0.5 0.55 20 21 228.2584004376096 0.001432612383325704
10 60 0.5 0.55 21 22 200.9846446260625 0.001099591950946888
10 60 0.5 0.55 22 23 177.6191106141452 0.0009999530653601596
10 60 0.5 0.55 23 24 157.513142511068 0.0009586383090720574
10 60 0.5 0.55 24 25 140.1394155566253 0.0006980732364638698
10 60 0.5 0.55 25 26 125.068785981394 0.0007115511684361309
10 60 0.5 0.55 26 27 111.9460730240649 0.0006978341726977533
10 60 0.5 0.55 27 28 100.478407473568 0.000499644075077299
10 60 0.5 0.55 28 29 90.42427398352118 0.0004595701544474196
10 60 0.5 0.55 29 30 81.58115459012706 0.0004783644361907591
10 60 0.5 0.55 30 31 73.77893434803079 0.0003777284670718473
10 60 0.5 0.55 31 32 66.87531010922666 0.0003273905832941182
10 60 0.5 0.55 32 33 60.74986539552039 0.0003344447254605143
10 60 0.5 0.55 33 34 55.30018125246803 0.0003074824263364917
10 60 0.5 0.55 34 35 50.43938529525645 0.0002427491504803925
10 60 0.5 0.55 35 36 46.09349472951278 0.0002232910596191573
10 60 0.5 0.55 36 37 42.19892611734442 0.0002207833049396868
10 60 0.5 0.55 37 38 38.70093624713006 0.0001991737503246327
10 60 0.5 0.55 38 39 35.55243460900253 0.0001626115232440384
10 60 0.5 0.55 39 40 32.71275122631135 0.000152585497851021
10 60 0.5 0.55 40 42 57.96944618214544 0.0002881138953796381
10 60 0.5 0.55 42 44 49.51529347077847 0.0002241151660982155
10 60 0.5 0.55 44 46 42.52437099624329 0.0001961399783922957
10 60 0.5 0.55 46 48 36.70545552674996 0.0001579218399925253
10 60 0.5 0.55 48 50 31.83244505778032 0.0001464364860659373
10 60 0.5 0.55 50 52 27.72812244008309 0.0001165970781613623
10 60 0.5 0.55 52 54 24.25290949470886 9.243465757435843e-05
10 60 0.5 0.55 54 56 21.2958650910573 8.012267841195353e-05
10 60 0.5 0.55 56 58 18.76786504341489 7.350336279188241e-05
10 60 0.5 0.55 58 60 16.59700485113382 6.077963796968788e-05
10 60 0.5 0.55 60 65 33.84194608047555 0.0001208699736920948
10 60 0.5 0.55 65 70 25.54723347541666 9.065997057078334e-05
10 60 0.5 0.55 70 80 34.86467956610947 0.0001229698640443644
10 60 0.5 0.55 80 90 21.63726045267498 7.619484034648849e-05
10 60 0.5 0.55 90 100 14.04110715563984 4.957000688854407e-05
10 60 0.55 0.6 0 0.5 -62443.68980965612 0.6640246323368046
10 60 0.55 0.6 0.5 1 891.9444634012605 0.03493367583007512
10 60 0.55 0.6 1 1.5 5125.620915086654 0.04120870594215376
10 60 0.55 0.6 1.5 2 4799.648653473663 0.1945372420386775
10 60 0.55 0.6 2 2.5 4091.461366341502 0.1496683741938796
10 60 0.55 0.6 2.5 3 3451.548994495055 0.11755690312566
10 60 0.55 0.6 3 3.5 2927.177198307641 0.09195269841711706
10 60 0.55 0.6 3.5 4 2503.766787933989 0.07296219675163229
10 60 0.55 0.6 4 4.5 2160.165955981994 0.05940164215871846
10 60 0.55 0.6 4.5 5 1878.449404466684 0.0480891342265295
10 60 0.55 0.6 5 5.5 1644.85162264195 0.03856769163621721
10 60 0.55 0.6 5.5 6 1449.075257386357 0.03131306506065812
10 60 0.55 0.6 6 6.5 1283.387320098426 0.02587124879050862
10 60 0.55 0.6 6.5 7 1141.954450732034 0.02150515294692923
10 60 0.55 0.6 7 7.5 1020.306429162292 0.01774555222937124
10 60 0.55 0.6 7.5 8 914.9768734500761 0.0146807140204146
10 60 0.55 0.6 8 8.5 823.2459051036221 0.01231469940273655
10 60 0.55 0.6 8.5 9 742.9432939674656 0.0103666543318468
10 60 0.55 0.6 9 9.5 672.3244133183697 0.00877837412849658
10 60 0.55 0.6 9.5 10 609.968952487115 0.007441221062777004
10 60 0.55 0.6 10 10.5 554.7061146388488 0.006352984962632036
10 60 0.55 0.6 10.5 11 505.5658636860625 0.00549244012535155
10 60 0.55 0.6 11 11.5 461.7371041345875 0.004763177059373902
10 60 0.55 0.6 11.5 12 422.5355792197041 0.0179056105786799
10 60 0.55 0.6 12 12.5 387.3813158132231 0.01350571425547287
10 60 0.55 0.6 12.5 13 355.780237190301 0.01004283720465082
10 60 0.55 0.6 13 13.5 327.3083713448107 0.007302154861179133
10 60 0.55 0.6 13.5 14 301.6006456438089 0.005109183400861639
10 60 0.55 0.6 14 14.5 278.3417609176832 0.003374371532800069
10 60 0.55 0.6 14.5 15 257.257935471387 0.002055050803619451
10 60 0.55 0.6 15 16 458.8001896279016 0.004420370995717349
10 60 0.55 0.6 16 17 395.1418233364491 0.005761493589432121
10 60 0.55 0.6 17 18 342.0315560803833 0.01136882890284596
10 60 0.55 0.6 18 19 297.4522945880912 0.01454044854955328
10 60 0.55 0.6 19 20 259.8246144514191 0.001635166067558202
10 60 0.55 0.6 20 21 227.8938387316304 0.001288621465988626
10 60 0.55 0.6 21 22 200.6656895059178 0.00115630262237687
10 60 0.55 0.6 22 23 177.3381862488695 0.001086764933717177
10 60 0.55 0.6 23 24 157.2637605644684 0.0008036518436256301
10 60 0.55 0.6 24 25 139.9186759805509 0.0008049391857696264
10 60 0.55 0.6 25 26 124.8719186642094 0.0007222603229308788
10 60 0.55 0.6 26 27 111.7700007854467 0.0005493768097721841
10 60 0.55 0.6 27 28 100.3216146613906 0.0005657306392379269
10 60 0.55 0.6 28 29 90.28374490697234 0.0005202924822498289
10 60 0.55 0.6 29 30 81.45435414872178 0.0003843049104546026
10 60 0.55 0.6 30 31 73.66478426785571 0.0003754695603532809
10 60 0.55 0.6 31 32 66.7723699948931 0.0003680309977482921
10 60 0.55 0.6 32 33 60.65661478095542 0.0003042097875507466
10 60 0.55 0.6 33 34 55.21570288977705 0.0002684729353745752
10 60 0.55 0.6 34 35 50.36289396495357 0.0002627089882309974
10 60 0.55 0.6 35 36 46.02399018535411 0.0002415074408403939
10 60 0.55 0.6 36 37 42.13554146884398 0.0001934889192867217
10 60 0.55 0.6 37 38 38.64312637414108 0.0001769107519749014
10 60 0.55 0.6 38 39 35.4997032916199 0.0001740792061681873
10 60 0.55 0.6 39 40 32.66453298820169 0.0001561956619795524
10 60 0.55 0.6 40 42 57.88483926740462 0.0002614767984354671
10 60 0.55 0.6 42 44 49.44420684272305 0.0002289737372507261
10 60 0.55 0.6 44 46 42.46430598942077 0.0001818779112880975
10 60 0.55 0.6 46 48 36.65454230331108 0.0001552333864296429
10 60 0.55 0.6 48 50 31.78919464067828 0.0001315088237809903
10 60 0.55 0.6 50 52 27.69142903477782 0.0001208009913717945
10 60 0.55 0.6 52 54 24.22159575678623 9.628604780331784e-05
10 60 0.55 0.6 54 56 21.26890343017244 7.735872419800671e-05
10 60 0.55 0.6 56 58 18.74465481885096 6.787914907491199e-05
10 60 0.55 0.6 58 60 16.57708784359712 5.969004133632438e-05
10 60 0.55 0.6 60 65 33.80349187313409 0.0001209067643301864
10 60 0.55 0.6 65 70 25.52061748071705 9.066486983400068e-05
10 60 0.55 0.6 70 80 34.83302559291901 0.0001230160094607413
10 60 0.55 0.6 80 90 21.62173998496102 7.621964670789794e-05
10 60 0.55 0.6 90 100 14.03360441205939 4.961000382586178e-05
10 60 0.6 0.65 0 0.5 -62282.31584866028 0.7743837973102927
10 60 0.6 0.65 0.5 1 907.2626249163231 0.001729258001660128
10 60 0.6 0.65 1 1.5 5123.50579846374 0.2401021309478892
10 60 0.6 0.65 1.5 2 4794.860553608712 0.2025194683610607
10 60 0.6 0.65 2 2.5 4086.451600303365 0.1456941906571956
10 60 0.6 0.65 2.5 3 3446.883391655763 0.1155872106633069
10 60 0.6 0.65 3 3.5 2922.970187391023 0.09231094175493126
10 60 0.6 0.65 3.5 4 2500.017902995776 0.07310281213312919
10 60 0.6 0.65 4 4.5 2156.832671636371 0.05838240153343577
10 60 0.6 0.65 4.5 5 1875.48260145717 0.04767239541411072
10 60 0.6 0.65 5 5.5 1642.208264765608 0.03913492724632306
10 60 0.6 0.65 5.5 6 1446.711439918781 0.0317563639009677
10 60 0.6 0.65 6 6.5 1281.26919388198 0.02574632615460359
10 60 0.6 0.65 6.5 7 1140.052080447424 0.02121941331733979
10 60 0.6 0.65 7 7.5 1018.591616541502 0.01774635958145154
10 60 0.6 0.65 7.5 8 913.4302543190688 0.0147719093449723
10 60 0.6 0.65 8 8.5 821.8455360431454 0.01227467030696516
10 60 0.6 0.65 8.5 9 741.6731252547504 0.01029644272375663
10 60 0.6 0.65 9 9.5 671.1708206269615 0.008740231635783857
10 60 0.6 0.65 9.5 10 608.9178717698129 0.007471192495700052
10 60 0.6 0.65 10 10.5 553.7471549874028 0.006393825153281796
10 60 0.6 0.65 10.5 11 504.6899795405658 0.005465781981172313
10 60 0.6 0.65 11 11.5 460.9352983366421 0.004731488212996737
10 60 0.6 0.65 11.5 12 421.8004383472227 0.01783421870464963
10 60 0.6 0.65 12 12.5 386.7066523587117 0.01349555866642049
10 60 0.6 0.65 12.5 13 355.1598413578407 0.01002612894325239
10 60 0.6 0.65 13 13.5 326.7370144134065 0.007253181116880114
10 60 0.6 0.65 13.5 14 301.074209079446 0.005089647252475515
10 60 0.6 0.65 14 14.5 277.855989657996 0.003412078826443121
10 60 0.6 0.65 14.5 15 256.808338704298 0.002025426230773064
10 60 0.6 0.65 15 16 457.9984598935924 0.004269841791312956
10 60 0.6 0.65 16 17 394.4517729354928 0.005530603322256411
10 60 0.6 0.65 17 18 341.4333033230869 0.0116708027882737
10 60 0.6 0.65 18 19 296.9345229844811 0.01419228191764432
10 60 0.6 0.65 19 20 259.3717068278036 0.001525245596951663
10 60 0.6 0.65 20 21 227.4991072344672 0.001324483619470129
10 60 0.6 0.65 21 22 200.3191443411374 0.001205667007496913
10 60 0.6 0.65 22 23 177.0321720512092 0.0009359790915937083
10 60 0.6 0.65 23 24 156.9944233974876 0.0009548899016920132
10 60 0.6 0.65 24 25 139.6791241320624 0.0007651446201464296
10 60 0.6 0.65 25 26 124.6582304681097 0.0006066674284141982
10 60 0.6 0.65 26 27 111.5798864767037 0.0006370999547584688
10 60 0.6 0.65 27 28 100.1515102267032 0.0005394774107543299
10 60 0.6 0.65 28 29 90.1312740466574 0.0004457083075095625
10 60 0.6 0.65 29 30 81.31772658546129 0.000442292130514943
10 60 0.6 0.65 30 31 73.54161560893958 0.0003870286688396618
10 60 0.6 0.65 31 32 66.66096570890404 0.0003108231618114132
10 60 0.6 0.65 32 33 60.555938692914 0.0002967940219491538
10 60 0.6 0.65 33 34 55.12460039875836 0.0002871472773691153
10 60 0.6 0.65 34 35 50.28021268959163 0.0002403940852175879
10 60 0.6 0.65 35 36 45.948898237638 0.0002137728575135611
10 60 0.6 0.65 36 37 42.06732266459245 0.0002073957555168704
10 60 0.6 0.65 37 38 38.58097095800885 0.0001864785363423493
10 60 0.6 0.65 38 39 35.44291739040565 0.0001550831298189337
10 60 0.6 0.65 39 40 32.61262402141136 0.0001456756045072893
10 60 0.6 0.65 40 42 57.79383750239236 0.0002612767561060991
10 60 0.6 0.65 42 44 49.36771611602297 0.0002134719439226274
10 60 0.6 0.65 44 46 42.39981863381141 0.0001801700637855674
10 60 0.6 0.65 46 48 36.59992136359438 0.0001516513391663921
10 60 0.6 0.65 48 50 31.7427484859885 0.0001254104989243388
10 60 0.6 0.65 50 52 27.65188651326046 0.0001094291102106126
10 60 0.6 0.65 52 54 24.18797285846864 9.717313341184308e-05
10 60 0.6 0.65 54 56 21.24015930433108 7.769797764822783e-05
10 60 0.6 0.65 56 58 18.719880953875 6.7825703577995e-05
10 60 0.6 0.65 58 60 16.55574880338017 5.970244719577522e-05
10 60 0.6 0.65 60 65 33.76227107640253 0.000120929370702072
10 60 0.6 0.65 65 70 25.49195514598742 9.066285984360434e-05
10 60 0.6 0.65 70 80 34.79871429752533 0.0001230750005518644
10 60 0.6 0.65 80 90 21.60475415786973 7.625277541833952e-05
10 60 0.6 0.65 90 100 14.02543946105046 4.964937292584182e-05
10 60 0.65 0.7 0 0.5 -62107.48338509409 0.8933682996503194
10 60 0.65 0.7 0.5 1 923.8898999339342 0.001168823435364175
10 60 0.65 0.7 1 1.5 5121.235133956859 0.2436956714336702
10 60 0.65 0.7 1.5 2 4789.679559495088 0.1931653163710507
10 60 0.65 0.7 2 2.5 4081.028673227253 0.152869180282778
10 60 0.65 0.7 2.5 3 3441.837906188641 0.1140742339148346
10 60 0.65 0.7 3 3.5 2918.42560713066 0.09151305244085961
10 60 0.65 0.7 3.5 4 2495.964432938285 0.07414107751446863
10 60 0.65 0.7 4 4.5 2153.232281479125 0.05945753207333837
10 60 0.65 0.7 4.5 5 1872.275571633361 0.04768465267920874
10 60 0.65 0.7 5 5.5 1639.352642458794 0.03870343981407132
10 60 0.65 0.7 5.5 6 1444.156336185441 0.0318686609764427
10 60 0.65 0.7 6 6.5 1278.982021332932 0.02614746088897846
10 60 0.65 0.7 6.5 7 1137.995027746098 0.02132270464790054
10 60 0.65 0.7 7 7.5 1016.740302789241 0.01746793230995536
10 60 0.65 0.7 7.5 8 911.7583286293042 0.01460967197567697
10 60 0.65 0.7 8 8.5 820.33250259023 0.01232682822990228
10 60 0.65 0.7 8.5 9 740.3019311114439 0.01036224653523732
10 60 0.65 0.7 9 9.5 669.9244119733445 0.008723494335868054
10 60 0.65 0.7 9.5 10 607.7831706663839 0.007396847498739589
10 60 0.65 0.7 10 10.5 552.7122428102208 0.006337002356758603
10 60 0.65 0.7 10.5 11 503.7438647849912 0.005494893675688672
10 60 0.65 0.7 11 11.5 460.06943379527 0.004741421123242162
10 60 0.65 0.7 11.5 12 421.0069681443011 0.01783151821445017
10 60 0.65 0.7 12 12.5 385.9777397649299 0.01344280730353375
10 60 0.65 0.7 12.5 13 354.4895851121945 0.009954678583483201
10 60 0.65 0.7 13 13.5 326.1204894680978 0.007270869483306797
10 60 0.65 0.7 13.5 14 300.5056715699424 0.00511769952765917
10 60 0.65 0.7 14 14.5 277.3304131205572 0.003343800884692882
10 60 0.65 0.7 14.5 15 256.3228670138528 0.0019943000713738
10 60 0.65 0.7 15 16 457.1341085642338 0.004727726082933259
10 60 0.65 0.7 16 17 393.7057260298587 0.00599601825621221
10 60 0.65 0.7 17 18 340.7901092864086 0.01124657091776271
10 60 0.65 0.7 18 19 296.3740550252446 0.01452169845617846
10 60 0.65 0.7 19 20 258.8846443626254 0.00152703930905318
10 60 0.65 0.7 20 21 227.0729364753985 0.001336705883460354
10 60 0.65 0.7 21 22 199.9445127813253 0.001092787685536223
10 60 0.65 0.7 22 23 176.7034680522238 0.001081876616524369
10 60 0.65 0.7 23 24 156.703161986162 0.0008176279702638567
10 60 0.65 0.7 24 25 139.4212345879384 0.0007208631037656232
10 60 0.65 0.7 25 26 124.4294309432291 0.000717330285965545
10 60 0.65 0.7 26 27 111.3751169590353 0.0005300991888788076
10 60 0.65 0.7 27 28 99.96847455473186 0.000498388742954603
10 60 0.65 0.7 28 29 89.96769150423086 0.0005064251359385707
10 60 0.65 0.7 29 30 81.17075414175558 0.0004055981637804962
10 60 0.65 0.7 30 31 73.40935377276574 0.0003532537307222583
10 60 0.65 0.7 31 32 66.54178122572564 0.0003400394074759561
10 60 0.65 0.7 32 33 60.44812242330124 0.0002925301375142908
10 60 0.65 0.7 33 34 55.02686615245764 0.00024487914434701
10 60 0.65 0.7 34 35 50.19164971458002 0.0002370833327987043
10 60 0.65 0.7 35 36 45.86854538774012 0.0002248032483294082
10 60 0.65 0.7 36 37 41.99423952567211 0.0001896227016402463
10 60 0.65 0.7 37 38 38.5144349215027 0.0001772988231820705
10 60 0.65 0.7 38 39 35.38226512557254 0.0001662599262459707
10 60 0.65 0.7 39 40 32.55719718306761 0.0001427669860945002
10 60 0.65 0.7 40 42 57.69664749645421 0.0002420105132401318
10 60 0.65 0.7 42 44 49.28606737510237 0.0002065952071177435
10 60 0.65 0.7 44 46 42.33100810552258 0.0001785887261078756
10 60 0.65 0.7 46 48 36.54167656009518 0.0001434749471513896
10 60 0.65 0.7 48 50 31.69327440228198 0.0001234651556174526
10 60 0.65 0.7 50 52 27.60972182846002 0.0001020514290281938
10 60 0.65 0.7 52 54 24.152036036463 8.857115606275556e-05
10 60 0.65 0.7 54 56 21.20956388939529 7.983065840733161e-05
10 60 0.65 0.7 56 58 18.69367933722545 6.775026304595144e-05
10 60 0.65 0.7 58 60 16.53311015735066 5.970275049449469e-05
10 60 0.65 0.7 60 65 33.71829046450332 0.0001209363447358669
10 60 0.65 0.7 65 70 25.46127826985711 9.066838364901741e-05
10 60 0.65 0.7 70 80 34.76178190893321 0.0001231242405452804
10 60 0.65 0.7 80 90 21.58636152669662 7.629136300835171e-05
10 60 0.65 0.7 90 100 14.01660623626006 4.969275208743795e-05
10 60 0.7 0.75 0 0.5 -61919.26050654053 0.9708507851537433
10 60 0.7 0.75 0.5 1 941.8128978316659 0.01179617955085632
10 60 0.7 0.75 1 1.5 5118.812771453338 0.1286208014716976
10 60 0.7 0.75 1.5 2 4784.108657706905 0.1877143372839782
10 60 0.7 0.75 2 2.5 4075.195167299114 0.1519206520424632
10 60 0.7 0.75 2.5 3 3436.408625443562 0.1193337323657033
10 60 0.7 0.75 3 3.5 2913.541240810807 0.09113532883202424
10 60 0.7 0.75 3.5 4 2491.610243430901 0.07302562095264875
10 60 0.7 0.75 4 4.5 2149.361234459372 0.05912133888159588
10 60 0.7 0.75 4.5 5 1868.833409283011 0.04789338493378636
10 60 0.7 0.75 5 5.5 1636.281782551089 0.03861024861771511
10 60 0.7 0.75 5.5 6 1441.414360910591 0.03130106225376039
10 60 0.7 0.75 6 6.5 1276.523205306457 0.02576671579640788
10 60 0.7 0.75 6.5 7 1135.78706031965 0.02141998820820845
10 60 0.7 0.75 7 7.5 1014.751609024125 0.01772498018715396
10 60 0.7 0.75 7.5 8 909.9624101444117 0.01461308504940462
10 60 0.7 0.75 8 8.5 818.7085422575421 0.01216782937524385
10 60 0.7 0.75 8.5 9 738.8288578216797 0.01028644268114931
10 60 0.7 0.75 9 9.5 668.5865704580909 0.008740325314647635
10 60 0.7 0.75 9.5 10 606.5655647562477 0.007452335209222838
10 60 0.7 0.75 10 10.5 551.6011009488786 0.006350897381594223
10 60 0.7 0.75 10.5 11 502.7288462108373 0.005437733030191794
10 60 0.7 0.75 11 11.5 459.1404981883784 0.004735860529024194
10 60 0.7 0.75 11.5 12 420.1545921048114 0.01772622079874964
10 60 0.7 0.75 12 12.5 385.1954444594743 0.0133702619335736
10 60 0.7 0.75 12.5 13 353.7710938968315 0.01001949090147036
10 60 0.7 0.75 13 13.5 325.4582551692256 0.007243762184145908
10 60 0.7 0.75 13.5 14 299.8944608205153 0.005002136446023542
10 60 0.7 0.75 14 14.5 276.7671187466818 0.003347527932987759
10 60 0.7 0.75 14.5 15 255.8028053104463 0.002073919252580936
10 60 0.7 0.75 15 16 456.2045378181053 0.00414689207173069
10 60 0.7 0.75 16 17 392.9081680516549 0.005538151439964167
10 60 0.7 0.75 17 18 340.0990150708784 0.01152597034064229
10 60 0.7 0.75 18 19 295.7749237176705 0.01435783201691265
10 60 0.7 0.75 19 20 258.3623270717166 0.001522153282849104
10 60 0.7 0.75 20 21 226.6154153728036 0.00128480989397417
10 60 0.7 0.75 21 22 199.5442081207797 0.001205229204117586
10 60 0.7 0.75 22 23 176.3500747990601 0.000931410805435462
10 60 0.7 0.75 23 24 156.391679006118 0.0008355193454292476
10 60 0.7 0.75 24 25 139.14570353874 0.000786887415046067
10 60 0.7 0.75 25 26 124.184290233903 0.0006034301470663195
10 60 0.7 0.75 26 27 111.1570180150052 0.0005823629035006661
10 60 0.7 0.75 27 28 99.77334356106797 0.0005153198712122276
10 60 0.7 0.75 28 29 89.79251134111293 0.0004104234389785688
10 60 0.7 0.75 29 30 81.01381636866853 0.0004145956111898386
10 60 0.7 0.75 30 31 73.26842310022477 0.0003835114750643243
10 60 0.7 0.75 31 32 66.41467864060654 0.0003049142088826784
10 60 0.7 0.75 32 33 60.33332001578284 0.0002769075888622297
10 60 0.7 0.75 33 34 54.92302257646814 0.0002657742025604648
10 60 0.7 0.75 34 35 50.09743644466726 0.00022410049011512
10 60 0.7 0.75 35 36 45.78295450196501 0.0002031489312770418
10 60 0.7 0.75 36 37 41.91646243222705 0.0001950095062710488
10 60 0.7 0.75 37 38 38.44364143927474 0.0001728004886345502
10 60 0.7 0.75 38 39 35.3177323392055 0.0001516652197040003
10 60 0.7 0.75 39 40 32.49832164171221 0.0001419914119082932
10 60 0.7 0.75 40 42 57.59359084316922 0.000241489430472086
10 60 0.7 0.75 42 44 49.19945894023414 0.0001982711457273467
10 60 0.7 0.75 44 46 42.25796298190618 0.0001651704002725296
10 60 0.7 0.75 46 48 36.47993952579988 0.000143619505657
10 60 0.7 0.75 48 50 31.64087816897153 0.0001181104768477326
10 60 0.7 0.75 50 52 27.56513679946502 0.000101964547436495
10 60 0.7 0.75 52 54 24.11398383982682 8.861104846502599e-05
10 60 0.7 0.75 54 56 21.17707033946509 7.731086128615061e-05
10 60 0.7 0.75 56 58 18.66593341265403 6.775785985269067e-05
10 60 0.7 0.75 58 60 16.50927108230499 5.967390544370232e-05
10 60 0.7 0.75 60 65 33.67161476559123 0.0001209228098986159
10 60 0.7 0.75 65 70 25.42861015291346 9.069355838065007e-05
10 60 0.7 0.75 70 80 34.72232543693329 0.000123195353637584
10 60 0.7 0.75 80 90 21.56663026597459 7.634571640124932e-05
10 60 0.7 0.75 90 100 14.00708565412005 4.974115249112288e-05
10 60 0.75 0.8 0 0.5 -61717.78323578482 0.9612313866527984
10 60 0.75 0.8 0.5 1 961.0234042197169 0.003246945792511724
10 60 0.75 0.8 1 1.5 5116.210933621397 0.1267842625320554
10 60 0.75 0.8 1.5 2 4778.150987832051 0.1964053516794593
10 60 0.75 0.8 2 2.5 4068.958208601574 0.1428612613663063
10 60 0.75 0.8 2.5 3 3430.598260268256 0.1165081622934849
10 60 0.75 0.8 3 3.5 2908.314067113055 0.09247022354702494
10 60 0.75 0.8 3.5 4 2486.957799139097 0.07220071752544754
10 60 0.75 0.8 4 4.5 2145.221816040262 0.05815585280834057
10 60 0.75 0.8 4.5 5 1865.155228183176 0.04738120968113435
10 60 0.75 0.8 5 5.5 1633.000675112128 0.03881181735027894
10 60 0.75 0.8 5.5 6 1438.483942570265 0.03159001650806204
10 60 0.75 0.8 6 6.5 1273.896378142132 0.0257338975525272
10 60 0.75 0.8 6.5 7 1133.428887714374 0.02116629604097398
10 60 0.75 0.8 7 7.5 1012.626360849678 0.017589412676557
10 60 0.75 0.8 7.5 8 908.0455245987853 0.01468526669100356
10 60 0.75 0.8 8 8.5 816.9730698096294 0.01224336991037944
10 60 0.75 0.8 8.5 9 737.2560495637618 0.01026260659648415
10 60 0.75 0.8 9 9.5 667.1583074223261 0.008683402039537214
10 60 0.75 0.8 9.5 10 605.2646060545022 0.007403727201563015
10 60 0.75 0.8 10 10.5 550.4154512783959 0.006353655294674354
10 60 0.75 0.8 10.5 11 501.6457771746671 0.005484912746680948
10 60 0.75 0.8 11 11.5 458.1480167250295 0.004703849656038983
10 60 0.75 0.8 11.5 12 419.2453294440629 0.01764925722301314
10 60 0.75 0.8 12 12.5 384.3614269723118 0.01346247685421531
10 60 0.75 0.8 12.5 13 353.0030744376998 0.009922603783650175
10 60 0.75 0.8 13 13.5 324.7509458591776 0.007124119569255072
10 60 0.75 0.8 13.5 14 299.2437604085709 0.005076781434070199
10 60 0.75 0.8 14 14.5 276.1662811762629 0.003405150940977819
10 60 0.75 0.8 14.5 15 255.2461424168291 0.001964457959360288
10 60 0.75 0.8 15 16 455.2145277735431 0.004320297936033057
10 60 0.75 0.8 16 17 392.0563965249079 0.005650305794461019
10 60 0.75 0.8 17 18 339.3634033347067 0.01145293579850204
10 60 0.75 0.8 18 19 295.1367304652069 0.01421077369474233
10 60 0.75 0.8 19 20 257.804928162435 0.001518852933543258
10 60 0.75 0.8 20 21 226.1291470421096 0.001338193273795696
10 60 0.75 0.8 21 22 199.1164218266362 0.001088590936547007
10 60 0.75 0.8 22 23 175.9743985824276 0.0009552917226187674
10 60 0.75 0.8 23 24 156.0601737590895 0.0008463799668163574
10 60 0.75 0.8 24 25 138.8519575304913 0.0006948793619869775
10 60 0.75 0.8 25 26 123.924034164562 0.0006780278002906925
10 60 0.75 0.8 26 27 110.9251669913916 0.0005659529748243131
10 60 0.75 0.8 27 28 99.56614111481002 0.0004701160066957755
10 60 0.75 0.8 28 29 89.60697655848114 0.0004460769650052043
10 60 0.75 0.8 29 30 80.84708624844164 0.0003733775556042929
10 60 0.75 0.8 30 31 73.11858494349738 0.0003428150457551737
10 60 0.75 0.8 31 32 66.27998855259484 0.0003331468686837979
10 60 0.75 0.8 32 33 60.2118009242399 0.0002835851596145744
10 60 0.75 0.8 33 34 54.81301838223432 0.000240733638584345
10 60 0.75 0.8 34 35 49.99773463717584 0.0002263306194905113
10 60 0.75 0.8 35 36 45.69242531601299 0.0002028567778538104
10 60 0.75 0.8 36 37 41.83411279390769 0.0001740227774362779
10 60 0.75 0.8 37 38 38.3687063204483 0.0001649009570954263
10 60 0.75 0.8 38 39 35.24948909865174 0.0001518655947165826
10 60 0.75 0.8 39 40 32.43607432708466 0.0001348145026440761
10 60 0.75 0.8 40 42 57.48473164631916 0.0002392173416652099
10 60 0.75 0.8 42 44 49.10811093239202 0.0001913763466419027
10 60 0.75 0.8 44 46 42.18092118886301 0.0001609169355845097
10 60 0.75 0.8 46 48 36.41480382245965 0.0001373738684478099
10 60 0.75 0.8 48 50 31.58571985079958 0.0001179975098857255
10 60 0.75 0.8 50 52 27.51822511234815 0.0001020253687009642
10 60 0.75 0.8 52 54 24.07394806836655 8.857296769093637e-05
10 60 0.75 0.8 54 56 21.14279769446053 7.728521944017075e-05
10 60 0.75 0.8 56 58 18.63656581550644 6.776010794951048e-05
10 60 0.75 0.8 58 60 16.4840725666961 5.965047905220899e-05
10 60 0.75 0.8 60 65 33.6224461231334 0.0001209501435610605
10 60 0.75 0.8 65 70 25.39394076528181 9.072873876903031e-05
10 60 0.75 0.8 70 80 34.68046652586062 0.0001232422909680508
10 60 0.75 0.8 80 90 21.54559261736211 7.641443257710989e-05
10 60 0.75 0.8 90 100 13.99684756952988 4.97913327333066e-05
10 60 0.8 0.85 0 0.5 -61503.1634592011 0.8955029986973386
10 60 0.8 0.85 0.5 1 981.501697506002 0.002366445170991938
10 60 0.8 0.85 1 1.5 5113.456961828984 0.2309881160599616
10 60 0.8 0.85 1.5 2 4771.818996170307 0.1990468133199101
10 60 0.8 0.85 2 2.5 4062.321199937254 0.145611424366507
10 60 0.8 0.85 2.5 3 3424.417855527867 0.1114114913611957
10 60 0.8 0.85 3 3.5 2902.74656938991 0.09144654069268654
10 60 0.8 0.85 3.5 4 2482.005349555189 0.07381673832196611
10 60 0.8 0.85 4 4.5 2140.821937788021 0.05863288237287634
10 60 0.8 0.85 4.5 5 1861.23922932557 0.04728877445518265
10 60 0.8 0.85 5 5.5 1629.515027953865 0.0384183422913793
10 60 0.8 0.85 5.5 6 1435.365333493839 0.03155202658740563
10 60 0.8 0.85 6 6.5 1271.106254335798 0.02589555962003942
10 60 0.8 0.85 6.5 7 1130.919980842679 0.0211643852655925
10 60 0.8 0.85 7 7.5 1010.3692628875 0.01743632130592232
10 60 0.8 0.85 7.5 8 906.0070163950961 0.014555942200559
10 60 0.8 0.85 8 8.5 815.129034077518 0.01225322958657671
10 60 0.8 0.85 8.5 9 735.5855078490863 0.01030360879781256
10 60 0.8 0.85 9 9.5 665.6391644549217 0.008683186251118968
10 60 0.8 0.85 9.5 10 603.8830802538109 0.007370023896669409
10 60 0.8 0.85 10 10.5 549.1560779084047 0.006315441569768154
10 60 0.8 0.85 10.5 11 500.4938253864314 0.005434562972311596
10 60 0.8 0.85 11 11.5 457.0950437199087 0.004732199017269068
10 60 0.8 0.85 11.5 12 418.2808022059649 0.01777750973457159
10 60 0.8 0.85 12 12.5 383.4740810565359 0.01327604206051092
10 60 0.8 0.85 12.5 13 352.1876752447429 0.009816073789352231
10 60 0.8 0.85 13 13.5 324.0018305144401 0.007257976304856584
10 60 0.8 0.85 13.5 14 298.5521291023737 0.005053939556034948
10 60 0.8 0.85 14 14.5 275.5268194101874 0.003235944539312641
10 60 0.8 0.85 14.5 15 254.6565959393403 0.001988923276343257
10 60 0.8 0.85 15 16 454.1641042367104 0.004591513165621564
10 60 0.8 0.85 16 17 391.1521768373314 0.005920509740292346
10 60 0.8 0.85 17 18 338.5838266928123 0.01116651547482661
10 60 0.8 0.85 18 19 294.4589017847974 0.01446048929000199
10 60 0.8 0.85 19 20 257.2156598392511 0.001520452711645248
10 60 0.8 0.85 20 21 225.6123526058963 0.001280115438845542
10 60 0.8 0.85 21 22 198.6640203653945 0.001087459676313074
10 60 0.8 0.85 22 23 175.5761701309958 0.0009308449181446576
10 60 0.8 0.85 23 24 155.7086533510827 0.0008001054709154687
10 60 0.8 0.85 24 25 138.5413528274209 0.0007618074628794602
10 60 0.8 0.85 25 26 123.6480233181888 0.0006034107782397768
10 60 0.8 0.85 26 27 110.6796877493567 0.0005490210612748569
10 60 0.8 0.85 27 28 99.34736653772616 0.000516488187471964
10 60 0.8 0.85 28 29 89.41105259381874 0.0004092374928035269
10 60 0.8 0.85 29 30 80.67121964152763 0.0003662068075556135
10 60 0.8 0.85 30 31 72.9604084969168 0.0003377118688376868
10 60 0.8 0.85 31 32 66.13754680704717 0.000300722717440749
10 60 0.8 0.85 32 33 60.0834515301183 0.0002847089645712231
10 60 0.8 0.85 33 34 54.69709690340663 0.0002555085965880721
10 60 0.8 0.85 34 35 49.89268784173092 0.0002098609344827196
10 60 0.8 0.85 35 36 45.59707876103178 0.0001892935895426717
10 60 0.8 0.85 36 37 41.74747882998697 0.0001752354013007107
10 60 0.8 0.85 37 38 38.28984858355135 0.0001547682222451385
10 60 0.8 0.85 38 39 35.17763321638699 0.0001448156166716785
10 60 0.8 0.85 39 40 32.37054236939168 0.0001332996326084412
10 60 0.8 0.85 40 42 57.37018883133025 0.0002266072903509553
10 60 0.8 0.85 42 44 49.01215214168948 0.000189552483952582
10 60 0.8 0.85 44 46 42.10014252864639 0.0001607839410908696
10 60 0.8 0.85 46 48 36.3465122592932 0.0001373070145191946
10 60 0.8 0.85 48 50 31.52784559060465 0.0001179622431273231
10 60 0.8 0.85 50 52 27.46905351018222 0.0001019982215453297
10 60 0.8 0.85 52 54 24.0319811350081 8.859980466979778e-05
10 60 0.8 0.85 54 56 21.10681925613529 7.729025474034756e-05
10 60 0.8 0.85 56 58 18.60561800112802 6.774700290534952e-05
10 60 0.8 0.85 58 60 16.45746176673848 5.966050139960544e-05
10 60 0.8 0.85 60 65 33.57077380708156 0.0001209287354910771
10 60 0.8 0.85 65 70 25.35737600747106 9.075098164146311e-05
10 60 0.8 0.85 70 80 34.63630569677134 0.0001232925035310473
10 60 0.8 0.85 80 90 21.52331031614788 7.649916648588828e-05
10 60 0.8 0.85 90 100 13.9858710118362 4.984353759063254e-05
10 60 0.85 0.9 0 0.5 -61275.44449135064 0.815766882195021
10 60 0.85 0.9 0.5 1 1003.250439012025 0.0009939385395227873
10 60 0.85 0.9 1 1.5 5110.578157203718 0.2519908689200747
10 60 0.85 0.9 1.5 2 4765.121549821712 0.1880526700751943
10 60 0.85 0.9 2 2.5 4055.293947195603 0.153439298158446
10 60 0.85 0.9 2.5 3 3417.871954697351 0.1148982183544831
10 60 0.85 0.9 3 3.5 2896.85282279174 0.08963979413101697
10 60 0.85 0.9 3.5 4 2476.753632452939 0.07302983824411058
10 60 0.85 0.9 4 4.5 2136.16394655186 0.0590499109753182
10 60 0.85 0.9 4.5 5 1857.093959929201 0.04730848684721423
10 60 0.85 0.9 5 5.5 1625.82309482736 0.03827007052927911
10 60 0.85 0.9 5.5 6 1432.067077021835 0.03107634540083382
10 60 0.85 0.9 6 6.5 1268.151399678711 0.02559120967566741
10 60 0.85 0.9 6.5 7 1128.266251964818 0.0212408310835599
10 60 0.85 0.9 7 7.5 1007.980627466202 0.01759250289148895
10 60 0.85 0.9 7.5 8 903.8494531706846 0.01451977737735888
10 60 0.85 0.9 8 8.5 813.179753909708 0.01211410987446015
10 60 0.85 0.9 8.5 9 733.8161014831667 0.01023502530790665
10 60 0.85 0.9 9 9.5 664.0329880390262 0.008720797491946541
10 60 0.85 0.9 9.5 10 602.4220392020495 0.00739774678311278
10 60 0.85 0.9 10 10.5 547.8219403279633 0.006333726051593658
10 60 0.85 0.9 10.5 11 499.2770005040107 0.005437660962797963
10 60 0.85 0.9 11 11.5 455.9823139915825 0.004688311346285445
10 60 0.85 0.9 11.5 12 417.2588894533944 0.01748978646583055
10 60 0.85 0.9 12 12.5 382.5372543615203 0.01322953013249162
10 60 0.85 0.9 12.5 13 351.3276066041333 0.009984523678326696
10 60 0.85 0.9 13 13.5 323.2080842558215 0.007125957298853791
10 60 0.85 0.9 13.5 14 297.8203309855531 0.004913221755714403
10 60 0.85 0.9 14 14.5 274.8533779638466 0.003362228236369447
10 60 0.85 0.9 14.5 15 254.0339301252834 0.002034246846136512
10 60 0.85 0.9 15 16 453.0522280897621 0.003829159933218307
10 60 0.85 0.9 16 17 390.1985052592872 0.005396842937898327
10 60 0.85 0.9 17 18 337.7582825848093 0.01157936302740836
10 60 0.85 0.9 18 19 293.7448161482014 0.01408187871231803
10 60 0.85 0.9 19 20 256.5924033460435 0.001516594409679328
10 60 0.85 0.9 20 21 225.0684100755824 0.00127792425976736
10 60 0.85 0.9 21 22 198.186329289491 0.001087530392140934
10 60 0.85 0.9 22 23 175.1559774817474 0.0009281723721699109
10 60 0.85 0.9 23 24 155.3382204956346 0.0008348029606395357
10 60 0.85 0.9 24 25 138.2131739300869 0.0006918361307555188
10 60 0.85 0.9 25 26 123.3571827698218 0.0006287501037718357
10 60 0.85 0.9 26 27 110.4210029920977 0.0005420504847251095
10 60 0.85 0.9 27 28 99.116627910406 0.0004620551832630326
10 60 0.85 0.9 28 29 89.20505873849537 0.0004428896410360039
10 60 0.85 0.9 29 30 80.48654903359595 0.0003676351643520093
10 60 0.85 0.9 30 31 72.7942388925141 0.0003216112314419206
10 60 0.85 0.9 31 32 65.98777221059379 0.0002904280150914929
10 60 0.85 0.9 32 33 59.94834682986762 0.0002596410378643554
10 60 0.85 0.9 33 34 54.57516325799915 0.0002405068032516056
10 60 0.85 0.9 34 35 49.78247933549884 0.0002210160305651243
10 60 0.85 0.9 35 36 45.49717194050778 0.0001881655405142624
10 60 0.85 0.9 36 37 41.65668927554802 0.0001702082648336045
10 60 0.85 0.9 37 38 38.20722642634689 0.0001546338628273247
10 60 0.85 0.9 38 39 35.10233127866395 0.0001408472259711857
10 60 0.85 0.9 39 40 32.30184581146708 0.0001284115726818413
10 60 0.85 0.9 40 42 57.25018029081702 0.0002246983116691581
10 60 0.85 0.9 42 44 48.9117536274938 0.0001895043048847356
10 60 0.85 0.9 44 46 42.01577534743841 0.0001607890378494403
10 60 0.85 0.9 46 48 36.27526123075235 0.0001372619657473706
10 60 0.85 0.9 48 50 31.46738273796203 0.0001179458363864683
10 60 0.85 0.9 50 52 27.41761260418671 0.0001019363114949101
10 60 0.85 0.9 52 54 23.98805999436059 8.857352219848735e-05
10 60 0.85 0.9 54 56 21.06915726633309 7.730318931109537e-05
10 60 0.85 0.9 56 58 18.57320968451075 6.774742200121864e-05
10 60 0.85 0.9 58 60 16.4294835510136 5.964420601856091e-05
10 60 0.85 0.9 60 65 33.51646612795886 0.0001209258806511571
10 60 0.85 0.9 65 70 25.31913064642341 9.077665468382179e-05
10 60 0.85 0.9 70 80 34.58989364381729 0.0001233682261840841
10 60 0.85 0.9 80 90 21.4998386301028 7.658763739470942e-05
10 60 0.85 0.9 90 100 13.97419531475075 4.990694940865126e-05
10 60 0.9 0.95 0 0.5 -61034.80382075028 0.7359936214706977
10 60 0.9 0.95 0.5 1 1026.260896079587 0.002487921463853127
10 60 0.9 0.95 1 1.5 5107.541663138189 0.01999720683761552
10 60 0.9 0.95 1.5 2 4758.068536148679 0.1873969597590985
10 60 0.9 0.95 2 2.5 4047.880535967782 0.1477845601607441
10 60 0.9 0.95 2.5 3 3410.965972809647 0.1181792948550537
10 60 0.9 0.95 3 3.5 2890.638529394138 0.09042933821729093
10 60 0.9 0.95 3.5 4 2471.214844567187 0.07156365890887173
10 60 0.9 0.95 4 4.5 2131.244366051337 0.05836457503892234
10 60 0.9 0.95 4.5 5 1852.726583597347 0.0475601166585875
10 60 0.9 0.95 5 5.5 1621.926001706848 0.03848945089271183
10 60 0.9 0.95 5.5 6 1428.591757069526 0.03145933461701134
10 60 0.9 0.95 6 6.5 1265.033896541952 0.02565749617156143
10 60 0.9 0.95 6.5 7 1125.470824602283 0.021029549356399
10 60 0.9 0.95 7 7.5 1005.459748600295 0.01747020427319512
10 60 0.9 0.95 7.5 8 901.5777531517313 0.01462451625070571
10 60 0.9 0.95 8 8.5 811.1227193766899 0.01220751008088428
10 60 0.9 0.95 8.5 9 731.9517710919619 0.01019768754861161
10 60 0.9 0.95 9 9.5 662.3412039841063 0.008631877383663777
10 60 0.9 0.95 9.5 10 600.8796613628205 0.007364902514495952
10 60 0.9 0.95 10 10.5 546.4178427318271 0.006324292282215538
10 60 0.9 0.95 10.5 11 497.9952572316676 0.005427537614366429
10 60 0.9 0.95 11 11.5 454.8074479826467 0.004692191878802987
10 60 0.9 0.95 11.5 12 416.1844828386014 0.01752717823455896
10 60 0.9 0.95 12 12.5 381.5519032071113 0.01339056185298659
10 60 0.9 0.95 12.5 13 350.4195089353519 0.009730644558601398
10 60 0.9 0.95 13 13.5 322.3731027200883 0.00705937302438997
10 60 0.9 0.95 13.5 14 297.0522263875284 0.005070836618529029
10 60 0.9 0.95 14 14.5 274.1430325811963 0.003306836728938833
10 60 0.9 0.95 14.5 15 253.3768953008416 0.001939086428762948
10 60 0.9 0.95 15 16 451.8845719279149 0.004574228144292647
10 60 0.9 0.95 16 17 389.1920783801107 0.006005347024370167
10 60 0.9 0.95 17 18 336.8911864858921 0.01113986657003352
10 60 0.9 0.95 18 19 292.9917965984825 0.01435879459415901
10 60 0.9 0.95 19 20 255.9382734615443 0.001515459851759715
10 60 0.9 0.95 20 21 224.4963842538454 0.001277224223116491
10 60 0.9 0.95 21 22 197.6847118655254 0.001087110021529725
10 60 0.9 0.95 22 23 174.7145999405706 0.0009276287829038665
10 60 0.9 0.95 23 24 154.9484341193691 0.0007985574691531383
10 60 0.9 0.95 24 25 137.8687302357164 0.0007038497237203956
10 60 0.9 0.95 25 26 123.0515585252556 0.0006019897250553186
10 60 0.9 0.95 26 27 110.1493465116743 0.0005254429660652704
10 60 0.9 0.95 27 28 98.87463152367685 0.0004779327959312241
10 60 0.9 0.95 28 29 88.98875820579778 0.0004082848262783045
10 60 0.9 0.95 29 30 80.29294447277759 0.0003780024355677369
10 60 0.9 0.95 30 31 72.62041067850379 0.0003253640964544502
10 60 0.9 0.95 31 32 65.83112453472783 0.0002875115651619353
10 60 0.9 0.95 32 33 59.80694291371508 0.0002572030624818922
10 60 0.9 0.95 33 34 54.44745327769526 0.0002308973728233354
10 60 0.9 0.95 34 35 49.66706194605308 0.0002110944802495851
10 60 0.9 0.95 35 36 45.39270245324498 0.0001928506580739509
10 60 0.9 0.95 36 37 41.56189034010323 0.0001701527971960104
10 60 0.9 0.95 37 38 38.12099692358878 0.0001545875000772412
10 60 0.9 0.95 38 39 35.02377702632099 0.0001406380695314624
10 60 0.9 0.95 39 40 32.23018936674853 0.0001284230198095315
10 60 0.9 0.95 40 42 57.12497106290467 0.0002248880336352954
10 60 0.9 0.95 42 44 48.80711977705776 0.0001892581236049296
10 60 0.9 0.95 44 46 41.92791095906047 0.0001606477149920238
10 60 0.9 0.95 46 48 36.20108964917073 0.0001372121869209764
10 60 0.9 0.95 48 50 31.40444732689079 0.0001179811001179587
10 60 0.9 0.95 50 52 27.36393399115632 0.0001019034666462915
10 60 0.9 0.95 52 54 23.94217427819212 8.85168653788071e-05
10 60 0.9 0.95 54 56 21.02982287566431 7.729111386822751e-05
10 60 0.9 0.95 56 58 18.53935402509711 6.776533466990031e-05
10 60 0.9 0.95 58 60 16.40025457320768 5.966216466646301e-05
10 60 0.9 0.95 60 65 33.4595274236507 0.000120932868767909
10 60 0.9 0.95 65 70 25.27933924677039 9.076664538554269e-05
10 60 0.9 0.95 70 80 34.54129831806834 0.0001234386029196344
10 60 0.9 0.95 80 90 21.47519978978709 7.666844026488207e-05
10 60 0.9 0.95 90 100 13.96187750205006 4.998375449005721e-05
10 60 0.95 1 0 0.5 -60781.48287047503 0.7143050780068734
10 60 0.95 1 0.5 1 1050.51620951209 0.0499350095049067
10 60 0.95 1 1 1.5 5104.379152934726 0.253488310978355
10 60 0.95 1 1.5 2 4750.653455661881 0.2002033166481851
10 60 0.95 1 2 2.5 4040.088951476718 0.1418617392296255
10 60 0.95 1 2.5 3 3403.701813844894 0.1147464649220638
10 60 0.95 1 3 3.5 2884.103366793186 0.09241775117061479
10 60 0.95 1 3.5 4 2465.397228818045 0.07218314044575891
10 60 0.95 1 4 4.5 2126.069697744139 0.0575800630381309
10 60 0.95 1 4.5 5 1848.132018518423 0.04716887318863883
10 60 0.95 1 5 5.5 1617.833606598426 0.0384802116436731
10 60 0.95 1 5.5 6 1424.934587691016 0.03124817952743797
10 60 0.95 1 6 6.5 1261.761570886627 0.02569196965100673
10 60 0.95 1 6.5 7 1122.529516269644 0.02108567984168985
10 60 0.95 1 7 7.5 1002.813384410898 0.01737106279222189
10 60 0.95 1 7.5 8 899.1895602551444 0.01442987524831096
10 60 0.95 1 8 8.5 808.9609953015165 0.01211977849186496
10 60 0.95 1 8.5 9 729.9954053239896 0.01023133631792916
10 60 0.95 1 9 9.5 660.5608810655255 0.008639863511803014
10 60 0.95 1 9.5 10 599.2616920523328 0.007323074585997347
10 60 0.95 1 10 10.5 544.9435961695509 0.006270174468909318
10 60 0.95 1 10.5 11 496.6463270176773 0.005416639435168236
10 60 0.95 1 11 11.5 453.5764663955856 0.004700297202873571
10 60 0.95 1 11.5 12 415.0568207178001 0.0176182227407935
10 60 0.95 1 12 12.5 380.5148862002517 0.01303245750045789
10 60 0.95 1 12.5 13 349.4686058405562 0.009796009773822334
10 60 0.95 1 13 13.5 321.4986266025445 0.007196814502094639
10 60 0.95 1 13.5 14 296.2441680200906 0.004883119483508835
10 60 0.95 1 14 14.5 273.3976905095931 0.003230693418572628
10 60 0.95 1 14.5 15 252.6895537347754 0.002024093394879856
10 60 0.95 1 15 16 450.6571004569446 0.003966784244141763
10 60 0.95 1 16 17 388.1383417940454 0.00557436129446387
10 60 0.95 1 17 18 335.9802137561747 0.01147850626546187
10 60 0.95 1 18 19 292.2033891908017 0.01412640389168018
10 60 0.95 1 19 20 255.2520503571688 0.001514767185426535
10 60 0.95 1 20 21 223.8974503525477 0.001273421824038223
10 60 0.95 1 21 22 197.1596229643829 0.001083022014569224
10 60 0.95 1 22 23 174.2522716181099 0.0009277398991400787
10 60 0.95 1 23 24 154.540741946611 0.00079760462645595
10 60 0.95 1 24 25 137.5079267167232 0.0006901929178866339
10 60 0.95 1 25 26 122.7318239079572 0.0006005751229878342
10 60 0.95 1 26 27 109.8651673393114 0.0005259383975015908
10 60 0.95 1 27 28 98.62138534315315 0.0004609677301772308
10 60 0.95 1 28 29 88.76261539398293 0.0004099767315892677
10 60 0.95 1 29 30 80.09043749132515 0.0003607448684732617
10 60 0.95 1 30 31 72.43882214443533 0.0003214360289831575
10 60 0.95 1 31 32 65.66792309892458 0.0002868285497328316
10 60 0.95 1 32 33 59.65973482271798 0.0002565996741665799
10 60 0.95 1 33 34 54.31434362912174 0.0002310760595491956
10 60 0.95 1 34 35 49.54660924809951 0.0002076287944277055
10 60 0.95 1 35 36 45.28367617814149 0.0001879323336524408
10 60 0.95 1 36 37 41.46308761682107 0.0001700003189455401
10 60 0.95 1 37 38 38.03127990525096 0.0001544784098399532
10 60 0.95 1 38 39 34.94212759688805 0.0001406010451603379
10 60 0.95 1 39 40 32.15576418670555 0.000128249962052962
10 60 0.95 1 40 42 56.99498739970122 0.0002246771128824321
10 60 0.95 1 42 44 48.69834930274799 0.0001891726359417589
10 60 0.95 1 44 46 41.83660330726056 0.0001605370652555393
10 60 0.95 1 46 48 36.12401149747016 0.0001370988203817092
10 60 0.95 1 48 50 31.33900335816724 0.0001178696568580051
10 60 0.95 1 50 52 27.30812514172963 0.0001018993271699742
10 60 0.95 1 52 54 23.89438467717799 8.851529089071164e-05
10 60 0.95 1 54 56 20.9888093871142 7.726321028656002e-05
10 60 0.95 1 56 58 18.50407867954679 6.776513708572907e-05
10 60 0.95 1 58 60 16.3698288880148 5.967506093540464e-05
10 60 0.95 1 60 65 33.40018025583405 0.0001209417073013697
10 60 0.95 1 65 70 25.23790990944259 9.078711820720287e-05
10 60 0.95 1 70 80 34.49069861333329 0.0001235207786933756
10 60 0.95 1 80 90 21.44940593951244 7.67421027205728e-05
10 60 0.95 1 90 100 13.94892318482915 5.006525570294684e-05
10 60 1 1.1 0 0.5 -120753.939551134 3.942017073146417
10 60 1 1.1 0.5 1 2178.551520614365 0.006286450100105867
10 60 1 1.1 1 1.5 10198.75167031901 0.4923381742864876
10 60 1 1.1 1.5 2 9477.642018112096 0.3761031240355805
10 60 1 1.1 2 2.5 8055.32161141499 0.2979130776702732
10 60 1 1.1 2.5 3 6784.229695582601 0.2252152014025341
10 60 1 1.1 3 3.5 5747.333862966861 0.1777765809756602
10 60 1 1.1 3.5 4 4912.216164259083 0.1448002174147405
10 60 1 1.1 4 4.5 4235.64620105837 0.1166700934481923
10 60 1 1.1 4.5 5 3681.585540651861 0.09342100879712234
10 60 1 1.1 5 5.5 3222.606950919852 0.07565979297260128
10 60 1 1.1 5.5 6 2838.200262410249 0.06214788052329823
10 60 1 1.1 6 6.5 2513.077578140129 0.05203834876783731
10 60 1 1.1 6.5 7 2235.677459261725 0.04479661988079897
10 60 1 1.1 7 7.5 1997.185575527336 0.04220055117639276
10 60 1 1.1 7.5 8 1790.75716127106 0.03548492395862013
10 60 1 1.1 8 8.5 1611.036400871301 0.03509397265338521
10 60 1 1.1 8.5 9 1453.742588233109 0.02838942636867614
10 60 1 1.1 9 9.5 1315.453711691859 0.0282361958106776
10 60 1 1.1 9.5 10 1193.365130466151 0.02474798260027455
10 60 1 1.1 10 10.5 1085.182481636207 0.02121429851376888
10 60 1 1.1 10.5 11 989.0031566663155 0.02200289384825282
10 60 1 1.1 11 11.5 903.2265020785612 0.01789270121537356
10 60 1 1.1 11.5 12 826.516217357715 0.03466497999420426
10 60 1 1.1 12 12.5 757.7342671606712 0.02636887868118265
10 60 1 1.1 12.5 13 695.9072872449178 0.01938611792741085
10 60 1 1.1 13 13.5 640.208068706829 0.01407769270622339
10 60 1 1.1 13.5 14 589.9211805097336 0.01292471730380385
10 60 1 1.1 14 14.5 544.4260471177035 0.01096920174325078
10 60 1 1.1 14.5 15 503.1875798959053 0.009387161381539499
10 60 1 1.1 15 16 897.4121928089995 0.0186027853262658
10 60 1 1.1 16 17 772.9217783019832 0.01471464181531701
10 60 1 1.1 17 18 669.0669070356582 0.02245995293753822
10 60 1 1.1 18 19 581.8986273079686 0.02838079639491298
10 60 1 1.1 19 20 508.3232863473661 0.0102088086281924
10 60 1 1.1 20 21 445.8910206150193 0.008363300878102109
10 60 1 1.1 21 22 392.6517398565279 0.007568721902373454
10 60 1 1.1 22 23 347.0390399051628 0.006326173624074727
10 60 1 1.1 23 24 307.7886589033471 0.005578348662709232
10 60 1 1.1 24 25 273.8723744537962 0.004865501076437795
10 60 1 1.1 25 26 244.4495985337725 0.004326515600979519
10 60 1 1.1 26 27 218.8291106375584 0.003887517795874373
10 60 1 1.1 27 28 196.439974572893 0.003384583055549228
10 60 1 1.1 28 29 176.8086033063761 0.003032849466904963
10 60 1 1.1 29 30 159.5398837393639 0.002687105727176231
10 60 1 1.1 30 31 144.3030164127577 0.002383844126654822
10 60 1 1.1 31 32 130.8196949026353 0.002108210136242405
10 60 1 1.1 32 33 118.8549229136432 0.001897136412466693
10 60 1 1.1 33 34 108.2094257836315 0.001669382714808876
10 60 1 1.1 34 35 98.71378385853913 0.001396585191741906
10 60 1 1.1 35 36 90.22346192383954 0.001209817605413832
10 60 1 1.1 36 37 82.61439671453248 0.001137109106934986
10 60 1 1.1 37 38 75.77974104619797 0.00107716193386409
10 60 1 1.1 38 39 69.62736630883906 0.0009922213337745234
10 60 1 1.1 39 40 64.07771555291576 0.0008976582867887828
10 60 1 1.1 40 42 113.581799562222 0.001499588455573075
10 60 1 1.1 42 44 97.05489700190004 0.001279715370273493
10 60 1 1.1 44 46 83.38549762255998 0.001070197201997303
10 60 1 1.1 46 48 72.00500974593666 0.0009761215324886052
10 60 1 1.1 48 50 62.47181496903422 0.0008306080172602037
10 60 1 1.1 50 52 54.44041779125064 0.0006777105821313967
10 60 1 1.1 52 54 47.6382159662041 0.0005584702578005363
10 60 1 1.1 54 56 41.84833041295544 0.0004741877121858806
10 60 1 1.1 56 58 36.89693839743124 0.0004187749589377177
10 60 1 1.1 58 60 32.64379918261079 0.0003652432548051365
10 60 1 1.1 60 65 66.61352669666536 0.0007221606535523506
10 60 1 1.1 65 70 50.34456976412653 0.0005042131276198347
10 60 1 1.1 70 80 68.82214915127119 0.0006280163573677555
10 60 1 1.1 80 90 42.81704320639061 0.0003639230598793119
10 60 1 1.1 90 100 27.85636534080667 0.0002175088582987428
10 60 1.1 1.2 0 0.5 -119595.8023264634 4.034343006351264
10 60 1.1 1.2 0.5 1 2289.824041396652 0.07354394582671375
10 60 1.1 1.2 1 1.5 10184.42887231407 0.5061510116665886
10 60 1.1 1.2 1.5 2 9443.824478882909 0.3883819336897432
10 60 1.1 1.2 2 2.5 8019.766986536836 0.2867400900449866
10 60 1.1 1.2 2.5 3 6751.083486560622 0.2281707343081507
10 60 1.1 1.2 3 3.5 5717.485472695299 0.1823945390779045
10 60 1.1 1.2 3.5 4 4885.619405204061 0.1433474964424022
10 60 1.1 1.2 4 4.5 4212.021764284081 0.1141929541126956
10 60 1.1 1.2 4.5 5 3660.601483279878 0.09299875478063768
10 60 1.1 1.2 5 5.5 3203.90473402021 0.07625407016257668
10 60 1.1 1.2 5.5 6 2821.506825536128 0.06205369545841677
10 60 1.1 1.2 6 6.5 2498.130221251065 0.05055318668382824
10 60 1.1 1.2 6.5 7 2222.260645285786 0.04339016996755163
10 60 1.1 1.2 7 7.5 1985.110251420367 0.04013079651372209
10 60 1.1 1.2 7.5 8 1779.865081807179 0.03519202863617465
10 60 1.1 1.2 8 8.5 1601.184630293099 0.0316288435055867
10 60 1.1 1.2 8.5 9 1444.820813559907 0.03000383069297641
10 60 1.1 1.2 9 9.5 1307.349505278197 0.02452071906532183
10 60 1.1 1.2 9.5 10 1185.997033596104 0.02555744296023477
10 60 1.1 1.2 10 10.5 1078.46711080836 0.02040214307976385
10 60 1.1 1.2 10.5 11 982.8713414221485 0.01980420035226871
10 60 1.1 1.2 11 11.5 897.6218265461649 0.0188258982516345
10 60 1.1 1.2 11.5 12 821.3818434745344 0.0342572885865593
10 60 1.1 1.2 12 12.5 753.024755086663 0.02603552922437302
10 60 1.1 1.2 12.5 13 691.5829002450363 0.01934561372036114
10 60 1.1 1.2 13 13.5 636.2299211282644 0.0138911129445205
10 60 1.1 1.2 13.5 14 586.2568131632958 0.01174450645930847
10 60 1.1 1.2 14 14.5 541.0471300929024 0.01098814512420176
10 60 1.1 1.2 14.5 15 500.067009003835 0.009206453893739308
10 60 1.1 1.2 15 16 891.8536747184443 0.01727413438732128
10 60 1.1 1.2 16 17 768.1458080813815 0.01403160495419797
10 60 1.1 1.2 17 18 664.9455109677017 0.02248687415976747
10 60 1.1 1.2 18 19 578.3285155616744 0.02824548283058448
10 60 1.1 1.2 19 20 505.2188437055385 0.009360861099651174
10 60 1.1 1.2 20 21 443.182649308137 0.007849287571900732
10 60 1.1 1.2 21 22 390.2811652292758 0.007068652405848752
10 60 1.1 1.2 22 23 344.957408012167 0.006050526413218904
10 60 1.1 1.2 23 24 305.9545383917454 0.005325753551971957
10 60 1.1 1.2 24 25 272.2509299779152 0.004544567729851678
10 60 1.1 1.2 25 26 243.0119576627487 0.003948233911643229
10 60 1.1 1.2 26 27 217.5513714130574 0.003444801873797587
10 60 1.1 1.2 27 28 195.3021731760114 0.003105595415178186
10 60 1.1 1.2 28 29 175.7932824619971 0.002750974995706201
10 60 1.1 1.2 29 30 158.6320642351008 0.002454299003233018
10 60 1.1 1.2 30 31 143.4896723617618 0.002209350245863106
10 60 1.1 1.2 31 32 130.0895484340933 0.001943065210326722
10 60 1.1 1.2 32 33 118.1982194685939 0.001701485153645876
10 60 1.1 1.2 33 34 107.617776853697 0.00150904098212834
10 60 1.1 1.2 34 35 98.17977767219182 0.001375412369583273
10 60 1.1 1.2 35 36 89.74032422150425 0.001242216239020877
10 60 1.1 1.2 36 37 82.17620056898983 0.001072134465402996
10 60 1.1 1.2 37 38 75.38161268703305 0.0009371342270156902
10 60 1.1 1.2 38 39 69.26529349148433 0.0008865405712157326
10 60 1.1 1.2 39 40 63.74813857600299 0.000873656540726131
10 60 1.1 1.2 40 42 113.0070586355487 0.001556473143281778
10 60 1.1 1.2 42 44 96.57384873098941 0.001274830257230519
10 60 1.1 1.2 44 46 82.980264297074 0.001033148956679497
10 60 1.1 1.2 46 48 71.66201689291537 0.0008550310603965272
10 60 1.1 1.2 48 50 62.18061151074863 0.0007253159668323406
10 60 1.1 1.2 50 52 54.19246615198014 0.0006388904957219665
10 60 1.1 1.2 52 54 47.42630573035872 0.0005401841696155429
10 60 1.1 1.2 54 56 41.66652083750516 0.0004544308136402719
10 60 1.1 1.2 56 58 36.74042231136242 0.0003834964237228178
10 60 1.1 1.2 58 60 32.50873034715764 0.000322163311821555
10 60 1.1 1.2 60 65 66.35022412506419 0.0006647829597312693
10 60 1.1 1.2 65 70 50.15939565411285 0.0004762805771534318
10 60 1.1 1.2 70 80 68.59737025501957 0.0006330996817069945
10 60 1.1 1.2 80 90 42.70076642774785 0.0003324091095748827
10 60 1.1 1.2 90 100 27.79663629962146 0.0002384672737854032
10 60 1.2 1.3 0 0.5 -118341.785271763 3.964164524164516
10 60 1.2 1.3 0.5 1 2410.62789114857 0.05912395872792331
10 60 1.2 1.3 1 1.5 10169.2006616845 0.4945654016701155
10 60 1.2 1.3 1.5 2 9407.41983733304 0.370504515212815
10 60 1.2 1.3 2 2.5 7981.396745602391 0.2899028804913542
10 60 1.2 1.3 2.5 3 6715.284286622174 0.2246257365468409
10 60 1.2 1.3 3 3.5 5685.236099286565 0.1752737341275861
10 60 1.2 1.3 3.5 4 4856.905003731115 0.1415211524481492
10 60 1.2 1.3 4 4.5 4186.522039170811 0.1151635971491487
10 60 1.2 1.3 4.5 5 3637.926156802 0.09312584324470663
10 60 1.2 1.3 5 5.5 3183.721449342618 0.07505018958227083
10 60 1.2 1.3 5.5 6 2803.489625223708 0.06085069185337488
10 60 1.2 1.3 6 6.5 2481.997782423228 0.05026978338992194
10 60 1.2 1.3 6.5 7 2207.788484163232 0.0446093108093919
10 60 1.2 1.3 7 7.5 1972.084657872363 0.03570926135034824
10 60 1.2 1.3 7.5 8 1768.122057493877 0.03642831460410889
10 60 1.2 1.3 8 8.5 1590.566492662921 0.02866960449932776
10 60 1.2 1.3 8.5 9 1435.203113132638 0.02931937969788123
10 60 1.2 1.3 9 9.5 1298.619976807002 0.02396479711592292
10 60 1.2 1.3 9.5 10 1178.056048716113 0.02303244176869157
10 60 1.2 1.3 10 10.5 1071.234458900051 0.02113563161992715
10 60 1.2 1.3 10.5 11 976.26861391642 0.01761100020587492
10 60 1.2 1.3 11 11.5 891.586528547988 0.01796242249838542
10 60 1.2 1.3 11.5 12 815.8568028162618 0.03404097628606451
10 60 1.2 1.3 12 12.5 747.9575441317118 0.02573775233645392
10 60 1.2 1.3 12.5 13 686.9301562436486 0.01921693334350039
10 60 1.2 1.3 13 13.5 631.951686888159 0.01377652463952472
10 60 1.2 1.3 13.5 14 582.3171505485469 0.01067104049616319
10 60 1.2 1.3 14 14.5 537.4151770032893 0.01037681192724449
10 60 1.2 1.3 14.5 15 496.7147173495079 0.00902000935985825
10 60 1.2 1.3 15 16 885.8877599558739 0.01627897919240695
10 60 1.2 1.3 16 17 763.0238964483409 0.01345176364327472
10 60 1.2 1.3 17 18 660.5269695321555 0.02246345980915976
10 60 1.2 1.3 18 19 574.5020204811743 0.02813266883697452
10 60 1.2 1.3 19 20 501.8934727881937 0.008672595032521713
10 60 1.2 1.3 20 21 440.2826098958562 0.0073673822408864
10 60 1.2 1.3 21 22 387.7433744616614 0.006437626663057472
10 60 1.2 1.3 22 23 342.7299510669076 0.005568395786326619
10 60 1.2 1.3 23 24 303.9937606420739 0.00488950433714308
10 60 1.2 1.3 24 25 270.5199845045808 0.004266245263238488
10 60 1.2 1.3 25 26 241.4792925600335 0.003678446571171889
10 60 1.2 1.3 26 27 216.1903480363608 0.00318695681033887
10 60 1.2 1.3 27 28 194.0902998193333 0.002787216137988935
10 60 1.2 1.3 28 29 174.7118770635639 0.002409704291750359
10 60 1.2 1.3 29 30 157.6653184072512 0.002149096122877836
10 60 1.2 1.3 30 31 142.6239359653759 0.001937290032316241
10 60 1.2 1.3 31 32 129.3129316695199 0.001750352767601271
10 60 1.2 1.3 32 33 117.5003036854023 0.001598860092485666
10 60 1.2 1.3 33 34 106.9893694076898 0.001473449837007479
10 60 1.2 1.3 34 35 97.61280159332166 0.001361487428582109
10 60 1.2 1.3 35 36 89.22775354420457 0.001237087896925004
10 60 1.2 1.3 36 37 81.71189959228926 0.001119821138459542
10 60 1.2 1.3 37 38 74.96007257876455 0.001019532354575858
10 60 1.2 1.3 38 39 68.88161281128171 0.0009048497252450716
10 60 1.2 1.3 39 40 63.39817926374639 0.0007732884074442836
10 60 1.2 1.3 40 42 112.3954814731947 0.001327426024332112
10 60 1.2 1.3 42 44 96.06236195764392 0.001226654707195962
10 60 1.2 1.3 44 46 82.55026285650345 0.001007726604385084
10 60 1.2 1.3 46 48 71.29841159717624 0.0007768487240298327
10 60 1.2 1.3 48 50 61.87179935970387 0.0006595194896803491
10 60 1.2 1.3 50 52 53.92930587588838 0.0005690391108146287
10 60 1.2 1.3 52 54 47.20145957301482 0.000508289508893256
10 60 1.2 1.3 54 56 41.47381986378062 0.0004266029149277983
10 60 1.2 1.3 56 58 36.57471558829198 0.0003658458774893347
10 60 1.2 1.3 58 60 32.36576825483489 0.000321029255374583
10 60 1.2 1.3 60 65 66.07099988699271 0.0006050398403800727
10 60 1.2 1.3 65 70 49.96279953172807 0.0004583003382023776
10 60 1.2 1.3 70 80 68.35745582458914 0.0006238785288417148
10 60 1.2 1.3 80 90 42.57622681643777 0.0003676788372786177
10 60 1.2 1.3 90 100 27.73116712504517 0.0002778770250628781
10 60 1.3 1.4 0 0.5 -116993.0816677381 3.768921640017652
10 60 1.3 1.4 0.5 1 2540.547452762494 0.08530937310388254
10 60 1.3 1.4 1 1.5 10153.12266535252 0.5075497394336708
10 60 1.3 1.4 1.5 2 9368.444832695861 0.3833927633604617
10 60 1.3 1.4 2 2.5 7940.304434788103 0.2884455685280045
10 60 1.3 1.4 2.5 3 6676.944161198236 0.2233512332741157
10 60 1.3 1.4 3 3.5 5650.693824871238 0.1779374045363511
10 60 1.3 1.4 3.5 4 4826.133863610956 0.1418807640529849
10 60 1.3 1.4 4 4.5 4159.186153077906 0.112918198819898
10 60 1.3 1.4 4.5 5 3613.64334479134 0.09118338419830252
10 60 1.3 1.4 5 5.5 3162.102282344779 0.07458448837951437
10 60 1.3 1.4 5.5 6 2784.188319985817 0.06125969883669313
10 60 1.3 1.4 6 6.5 2464.735202834758 0.0503151601819809
10 60 1.3 1.4 6.5 7 2192.294696282563 0.04099300307552767
10 60 1.3 1.4 7 7.5 1958.152547865627 0.03659052265129503
10 60 1.3 1.4 7.5 8 1755.555895890634 0.03245511080535834
10 60 1.3 1.4 8 8.5 1579.214803596368 0.02939691875258177
10 60 1.3 1.4 8.5 9 1424.91996565585 0.02611872948955352
10 60 1.3 1.4 9 9.5 1289.290251496297 0.02435713463114553
10 60 1.3 1.4 9.5 10 1169.571142007661 0.02040437542336804
10 60 1.3 1.4 10 10.5 1063.506908351142 0.02026127041858672
10 60 1.3 1.4 10.5 11 969.2189021563678 0.01685605513910104
10 60 1.3 1.4 11 11.5 885.1437495565106 0.04423408552418095
10 60 1.3 1.4 11.5 12 809.9605934813021 0.03383981137528735
10 60 1.3 1.4 12 12.5 742.5522618259014 0.0254902048935719
10 60 1.3 1.4 12.5 13 681.9676914410688 0.01893890923679464
10 60 1.3 1.4 13 13.5 627.3899414867415 0.01365221258402016
10 60 1.3 1.4 13.5 14 578.1177118887866 0.009923647559617166
10 60 1.3 1.4 14 14.5 533.5442893910545 0.009540946067659206
10 60 1.3 1.4 14.5 15 493.1424359995823 0.008437659427841027
10 60 1.3 1.4 15 16 879.5337315856541 0.0150604822187006
10 60 1.3 1.4 16 17 757.5749964641323 0.01265692503920945
10 60 1.3 1.4 17 18 655.8329212405976 0.02223973317268246
10 60 1.3 1.4 18 19 570.439750218441 0.02787682184043661
10 60 1.3 1.4 19 20 498.3633421380926 0.007701210690072458
10 60 1.3 1.4 20 21 437.2048922313943 0.006682434238086898
10 60 1.3 1.4 21 22 385.0516284096778 0.005840836080665213
10 60 1.3 1.4 22 23 340.3685091028781 0.005039381559868161
10 60 1.3 1.4 23 24 301.9160879775479 0.004357031323309002
10 60 1.3 1.4 24 25 268.687164803152 0.003867027376202259
10 60 1.3 1.4 25 26 239.8582138485586 0.003381517082772234
10 60 1.3 1.4 26 27 214.7526665888935 0.002926750011312151
10 60 1.3 1.4 27 28 192.8118332917493 0.002533870916010983
10 60 1.3 1.4 28 29 173.5720467134131 0.002231232828933116
10 60 1.3 1.4 29 30 156.6465721543484 0.001982259332578451
10 60 1.3 1.4 30 31 141.7114087597757 0.001793588682119207
10 60 1.3 1.4 31 32 128.4939318865642 0.001695325375777657
10 60 1.3 1.4 32 33 116.7637358612747 0.001568714401770421
10 60 1.3 1.4 33 34 106.3255882151644 0.001399906081061886
10 60 1.3 1.4 34 35 97.01350940265723 0.00127338072330474
10 60 1.3 1.4 35 36 88.68574755318126 0.001171995741557907
10 60 1.3 1.4 36 37 81.22084294899319 0.001072318979268516
10 60 1.3 1.4 37 38 74.51441922398176 0.0009677585864693583
10 60 1.3 1.4 38 39 68.47651311744642 0.0008681993069217242
10 60 1.3 1.4 39 40 63.02931659744865 0.0007911617550249161
10 60 1.3 1.4 40 42 111.7511818971676 0.001322945756982108
10 60 1.3 1.4 42 44 95.52227641637751 0.0009550722704574355
10 60 1.3 1.4 44 46 82.09633988515229 0.0009039184831323155
10 60 1.3 1.4 46 48 70.91559616360968 0.0008290239931199039
10 60 1.3 1.4 48 50 61.54707629494926 0.0006497940763239285
10 60 1.3 1.4 50 52 53.65248467228716 0.0005067504981752791
10 60 1.3 1.4 52 54 46.96464704908208 0.0004441689453855702
10 60 1.3 1.4 54 56 41.2707216912349 0.0003923577609086237
10 60 1.3 1.4 56 58 36.40013030385857 0.0003703884793253565
10 60 1.3 1.4 58 60 32.21523469087347 0.0003062966023037461
10 60 1.3 1.4 60 65 65.77710927169386 0.0005973183975243046
10 60 1.3 1.4 65 70 49.75519346309525 0.0004433896069642174
10 60 1.3 1.4 70 80 68.10255928850751 0.0006376161266388181
10 60 1.3 1.4 80 90 42.44276905653061 0.0004610226658456895
10 60 1.3 1.4 90 100 27.6590170575577 0.0003131953630202133
10 60 1.4 1.5 0 0.5 -115553.91602472 3.538959848199738
10 60 1.4 1.5 0.5 1 2678.742680335453 0.02177825792387011
10 60 1.4 1.5 1 1.5 10135.98449202811 0.4951605327041761
10 60 1.4 1.5 1.5 2 9327.004160427125 0.3762364057092782
10 60 1.4 1.5 2 2.5 7896.587033790432 0.2866189391152147
10 60 1.4 1.5 2.5 3 6636.137177801115 0.2238724364333393
10 60 1.4 1.5 3 3.5 5613.928109845351 0.1755032139208197
10 60 1.4 1.5 3.5 4 4793.394519605815 0.1399282598267746
10 60 1.4 1.5 4 4.5 4130.113126199435 0.1128936833811167
10 60 1.4 1.5 4.5 5 3587.810263976594 0.09158247232062422
10 60 1.4 1.5 5 5.5 3139.099812950345 0.07429900010220081
10 60 1.4 1.5 5.5 6 2763.667243139188 0.06035209994752222
10 60 1.4 1.5 6 6.5 2446.372698855486 0.04904397991822407
10 60 1.4 1.5 6.5 7 2175.825059277166 0.04053437737093191
10 60 1.4 1.5 7 7.5 1943.345783417847 0.03633750984135986
10 60 1.4 1.5 7.5 8 1742.210077552917 0.02974585222773385
10 60 1.4 1.5 8 8.5 1567.159449793701 0.02883998141487609
10 60 1.4 1.5 8.5 9 1414.005264537873 0.02375372092751604
10 60 1.4 1.5 9 9.5 1279.389964510354 0.02321880539852827
10 60 1.4 1.5 9.5 10 1160.574336442943 0.01958447576021172
10 60 1.4 1.5 10 10.5 1055.314675521002 0.01886345592083671
10 60 1.4 1.5 10.5 11 961.7467151521148 0.01621011274642115
10 60 1.4 1.5 11 11.5 878.316263805259 0.04373333949081371
10 60 1.4 1.5 11.5 12 803.7132697868165 0.03347908972500591
10 60 1.4 1.5 12 12.5 736.8275037946087 0.02520160080030109
10 60 1.4 1.5 12.5 13 676.7141398619432 0.01872802011212116
10 60 1.4 1.5 13 13.5 622.562215115056 0.01351786589441417
10 60 1.4 1.5 13.5 14 573.6751791560656 0.009449564040778569
10 60 1.4 1.5 14 14.5 529.450650552741 0.008742542440586476
10 60 1.4 1.5 14.5 15 489.3656887418804 0.007812787926695819
10 60 1.4 1.5 15 16 872.8190086330334 0.01392115535225003
10 60 1.4 1.5 16 17 751.8201347395159 0.01163421020680744
10 60 1.4 1.5 17 18 650.8796141635693 0.0221374328669981
10 60 1.4 1.5 18 19 566.1586437055086 0.02757938837396523
10 60 1.4 1.5 19 20 494.6474761695802 0.007100950793244465
10 60 1.4 1.5 20 21 433.9667952098288 0.005962252053109296
10 60 1.4 1.5 21 22 382.2204557255974 0.005073799715489713
10 60 1.4 1.5 22 23 337.886104162155 0.00449758419358659
10 60 1.4 1.5 23 24 299.7332072631934 0.003912745610875845
10 60 1.4 1.5 24 25 266.76216517657 0.003369736515537625
10 60 1.4 1.5 25 26 238.1563598222326 0.002992882814481845
10 60 1.4 1.5 26 27 213.244475569037 0.002723339313746465
10 60 1.4 1.5 27 28 191.4718428593766 0.002497585381263434
10 60 1.4 1.5 28 29 172.3781322420669 0.0022952969294181
10 60 1.4 1.5 29 30 155.5796305583474 0.002040105679952831
10 60 1.4 1.5 30 31 140.7551864802705 0.001763390200437698
10 60 1.4 1.5 31 32 127.6347767165559 0.001549870349947469
10 60 1.4 1.5 32 33 115.9902509730351 0.001384407853905145
10 60 1.4 1.5 33 34 105.6280949974197 0.001275573044907219
10 60 1.4 1.5 34 35 96.38350949022224 0.001189283588615808
10 60 1.4 1.5 35 36 88.11574483167622 0.001063871818757889
10 60 1.4 1.5 36 37 80.7043261703114 0.0009553301848654883
10 60 1.4 1.5 37 38 74.04570133218392 0.0008695776760703211
10 60 1.4 1.5 38 39 68.05056443740494 0.0007919115294328094
10 60 1.4 1.5 39 40 62.64168290589197 0.0007209014471882824
10 60 1.4 1.5 40 42 111.0755880099396 0.001270850416091207
10 60 1.4 1.5 42 44 94.9577444038872 0.00108454145788528
10 60 1.4 1.5 44 46 81.62095844745818 0.0007774697004947484
10 60 1.4 1.5 46 48 70.51368892671947 0.0006364944973284992
10 60 1.4 1.5 48 50 61.2067026822835 0.0006492052742288479
10 60 1.4 1.5 50 52 53.36299085094103 0.0005708912198940652
10 60 1.4 1.5 52 54 46.71708911758735 0.0004408771554835766
10 60 1.4 1.5 54 56 41.05814647052527 0.0003612089476803249
10 60 1.4 1.5 56 58 36.21704285418178 0.0003163472583835869
10 60 1.4 1.5 58 60 32.05723982811548 0.0002919505092862096
10 60 1.4 1.5 60 65 65.46868156839277 0.0006411616479482518
10 60 1.4 1.5 65 70 49.53691475785613 0.0004643255002179103
10 60 1.4 1.5 70 80 67.83232753974082 0.0007039006993494468
10 60 1.4 1.5 80 90 42.29833359226864 0.0005356414805817167
10 60 1.4 1.5 90 100 27.57908057404991 0.0004120885048628509
10 60 1.5 1.6 0 0.5 -114028.9126344931 3.566831004107371
10 60 1.5 1.6 0.5 1 2825.033693517357 0.04693091547778749
10 60 1.5 1.6 1 1.5 10117.78499412835 0.4745302271057881
10 60 1.5 1.6 1.5 2 9283.150413398673 0.3568402957625949
10 60 1.5 1.6 2 2.5 7850.346390096714 0.277743654659389
10 60 1.5 1.6 2.5 3 6592.972877884742 0.2172204244179738
10 60 1.5 1.6 3 3.5 5575.051605900574 0.1725135765864252
10 60 1.5 1.6 3.5 4 4758.768863474548 0.1383213079207053
10 60 1.5 1.6 4 4.5 4099.36462757871 0.1115718621040287
10 60 1.5 1.6 4.5 5 3560.492253159985 0.09039218537418492
10 60 1.5 1.6 5 5.5 3114.78760160895 0.07351711033015818
10 60 1.5 1.6 5.5 6 2741.975888693532 0.05973179645616256
10 60 1.5 1.6 6 6.5 2426.968786864318 0.04956075161180706
10 60 1.5 1.6 6.5 7 2158.427835386321 0.04116894650405811
10 60 1.5 1.6 7 7.5 1927.706029240238 0.03338187585700325
10 60 1.5 1.6 7.5 8 1728.121158016049 0.02846472634610109
10 60 1.5 1.6 8 8.5 1554.43782231683 0.02705360190429928
10 60 1.5 1.6 8.5 9 1402.494824381777 0.02297226680457243
10 60 1.5 1.6 9 9.5 1268.952647959905 0.02164628247396649
10 60 1.5 1.6 9.5 10 1151.091979022706 0.01833303860121305
10 60 1.5 1.6 10 10.5 1046.6839879782 0.01723069568538449
10 60 1.5 1.6 10.5 11 953.8782857907925 0.01527207296999222
10 60 1.5 1.6 11 11.5 871.1303392649381 0.04327349501761546
10 60 1.5 1.6 11.5 12 797.1400689744949 0.03310461527792086
10 60 1.5 1.6 12 12.5 730.8058552412529 0.02493006238967155
10 60 1.5 1.6 12.5 13 671.189775539302 0.0185143186829464
10 60 1.5 1.6 13 13.5 617.4872283631709 0.01334151401033523
10 60 1.5 1.6 13.5 14 569.0068677286602 0.009333635591929124
10 60 1.5 1.6 14 14.5 525.1506071540813 0.00787649911853805
10 60 1.5 1.6 14.5 15 485.4001258836535 0.007140976028892965
10 60 1.5 1.6 15 16 865.7722629774761 0.0125871011223353
10 60 1.5 1.6 16 17 745.7846449050769 0.01142932550578735
10 60 1.5 1.6 17 18 645.6878210908176 0.02202691199738638
10 60 1.5 1.6 18 19 561.6751143565004 0.02739996731406791
10 60 1.5 1.6 19 20 490.7611158043738 0.006466673355134844
10 60 1.5 1.6 20 21 430.5850452151491 0.005469259845938268
10 60 1.5 1.6 21 22 379.2663784309523 0.004603516686984221
10 60 1.5 1.6 22 23 335.2964346471851 0.003894601926788255
10 60 1.5 1.6 23 24 297.456450153719 0.00346005743705291
10 60 1.5 1.6 24 25 264.7551319454096 0.003219247046558849
10 60 1.5 1.6 25 26 236.381760442192 0.002951941834481886
10 60 1.5 1.6 26 27 211.6705661663404 0.002656848954160296
10 60 1.5 1.6 27 28 190.072028147486 0.002334392623339454
10 60 1.5 1.6 28 29 171.1301356189995 0.002084580181815454
10 60 1.5 1.6 29 30 154.464500595003 0.001902018406497064
10 60 1.5 1.6 30 31 139.7564590394301 0.001723225623379676
10 60 1.5 1.6 31 32 126.7380602173119 0.001518768309210827
10 60 1.5 1.6 32 33 115.1831371455901 0.001315083521248539
10 60 1.5 1.6 33 34 104.9000110345914 0.001141791193731478
10 60 1.5 1.6 34 35 95.72551963354965 0.0009983852538226756
10 60 1.5 1.6 35 36 87.52027729328897 0.0009057973974506695
10 60 1.5 1.6 36 37 80.16472896636203 0.0008687483225457981
10 60 1.5 1.6 37 38 73.55602344331045 0.0008165656629017803
10 60 1.5 1.6 38 39 67.60551701870557 0.00074416605848171
10 60 1.5 1.6 39 40 62.2366208877318 0.0006771302037051896
10 60 1.5 1.6 40 42 110.3694718132787 0.001178639428744077
10 60 1.5 1.6 42 44 94.36814687651378 0.0009886749169254472
10 60 1.5 1.6 44 46 81.12618248334408 0.0008653156189524225
10 60 1.5 1.6 46 48 70.09560809743245 0.0007046804312551558
10 60 1.5 1.6 48 50 60.85129089734851 0.0004922454674129995
10 60 1.5 1.6 50 52 53.06032467087229 0.0004988238039089765
10 60 1.5 1.6 52 54 46.4587456459009 0.0004839491423922482
10 60 1.5 1.6 54 56 40.83661166648316 0.0004234525530719679
10 60 1.5 1.6 56 58 36.02614785350148 0.0003312368748282779
10 60 1.5 1.6 58 60 31.89214838308609 0.000294012811647093
10 60 1.5 1.6 60 65 65.14509980710551 0.0006371536726277327
10 60 1.5 1.6 65 70 49.30734262753179 0.0005378255527261899
10 60 1.5 1.6 70 80 67.54509339678421 0.0008224311433622233
10 60 1.5 1.6 80 90 42.14090683059923 0.0006529425170356262
10 60 1.5 1.6 90 100 27.48919094455197 0.0005573903953433046
10 60 1.6 1.7 0 0.5 -112419.4446213919 3.286471409519436
10 60 1.6 1.7 0.5 1 2979.613454850422 0.05288144775431647
10 60 1.6 1.7 1 1.5 10098.68097918055 0.4925844394711021
10 60 1.6 1.7 1.5 2 9236.963511162396 0.3731334455369506
10 60 1.6 1.7 2 2.5 7801.683198458857 0.2816930186236277
10 60 1.6 1.7 2.5 3 6547.560160192496 0.215813801083641
10 60 1.6 1.7 3 3.5 5534.147603310251 0.1710880405280477
10 60 1.6 1.7 3.5 4 4722.340868027635 0.1360684754545218
10 60 1.6 1.7 4 4.5 4067.027534594698 0.1093695678709992
10 60 1.6 1.7 4.5 5 3531.769648099082 0.08886158802897626
10 60 1.6 1.7 5 5.5 3089.22964301994 0.07257879146209234
10 60 1.6 1.7 5.5 6 2719.178865369593 0.05967277307581753
10 60 1.6 1.7 6 6.5 2406.583781641699 0.04890471747512493
10 60 1.6 1.7 6.5 7 2140.153701125093 0.04016607320863841
10 60 1.6 1.7 7 7.5 1911.284211458533 0.03367715466788468
10 60 1.6 1.7 7.5 8 1713.330250414306 0.0281011146430501
10 60 1.6 1.7 8 8.5 1541.086542106595 0.02470460097561045
10 60 1.6 1.7 8.5 9 1390.419838179521 0.02152870196209733
10 60 1.6 1.7 9 9.5 1258.009772132019 0.01993287701975532
10 60 1.6 1.7 9.5 10 1141.156707083966 0.01747262830394902
10 60 1.6 1.7 10 10.5 1037.645788400609 0.01600688882899703
10 60 1.6 1.7 10.5 11 945.6415327770602 0.01398091468524854
10 60 1.6 1.7 11 11.5 863.6119574575144 0.04280996120780856
10 60 1.6 1.7 11.5 12 790.2661331088144 0.03266661332531839
10 60 1.6 1.7 12 12.5 724.5114580908711 0.02467792603306407
10 60 1.6 1.7 12.5 13 665.4167782354239 0.01825399661549909
10 60 1.6 1.7 13 13.5 612.1853638355539 0.01319844527847636
10 60 1.6 1.7 13.5 14 564.1313200746258 0.00920457979236744
10 60 1.6 1.7 14 14.5 520.6617064362921 0.00708055522147788
10 60 1.6 1.7 14.5 15 481.2621575195924 0.006532457798300584
10 60 1.6 1.7 15 16 858.4235680283439 0.01127694465583318
10 60 1.6 1.7 16 17 739.4953459381491 0.01143098721161095
10 60 1.6 1.7 17 18 640.2819917578546 0.02185689037969496
10 60 1.6 1.7 18 19 557.0099910122126 0.02715777087246352
10 60 1.6 1.7 19 20 486.7200497451217 0.005734211370793219
10 60 1.6 1.7 20 21 427.0719390709544 0.005003777111596719
10 60 1.6 1.7 21 22 376.2010842224861 0.004441601542566787
10 60 1.6 1.7 22 23 332.6114809652343 0.003918534506340166
10 60 1.6 1.7 23 24 295.0952725661055 0.003480605344009291
10 60 1.6 1.7 24 25 262.6711175229001 0.002993305170264193
10 60 1.6 1.7 25 26 234.5371022083054 0.002606727996038671
10 60 1.6 1.7 26 27 210.0337905265115 0.002403614732230608
10 60 1.6 1.7 27 28 188.6160536142916 0.002160917918615723
10 60 1.6 1.7 28 29 169.8317331227078 0.001913487319995966
10 60 1.6 1.7 29 30 153.3039401321799 0.001687812900399877
10 60 1.6 1.7 30 31 138.7169959091224 0.001512693753653593
10 60 1.6 1.7 31 32 125.8052672113473 0.00135949529656898
10 60 1.6 1.7 32 33 114.3444203036066 0.001248565867498996
10 60 1.6 1.7 33 34 104.1442424035138 0.00113674027446109
10 60 1.6 1.7 34 35 95.04295202996137 0.001011100208785365
10 60 1.6 1.7 35 36 86.90245105763496 0.0008859849890825444
10 60 1.6 1.7 36 37 79.60442169689973 0.0007685655654654511
10 60 1.6 1.7 37 38 73.0471282993645 0.0006784985454828529
10 60 1.6 1.7 38 39 67.14278073520781 0.0006465314929187116
10 60 1.6 1.7 39 40 61.81534748012529 0.0006271317608153026
10 60 1.6 1.7 40 42 109.6348829039772 0.001118916925960889
10 60 1.6 1.7 42 44 93.75454521963276 0.0009688593821266522
10 60 1.6 1.7 44 46 80.61102061503078 0.0008157713842251724
10 60 1.6 1.7 46 48 69.66111130640196 0.0007103911891306325
10 60 1.6 1.7 48 50 60.48285058285011 0.000641689204236684
10 60 1.6 1.7 50 52 52.74569940279893 0.0004812374665306152
10 60 1.6 1.7 52 54 46.18909133981796 0.0003881526694371473
10 60 1.6 1.7 54 56 40.60523234474113 0.0004352744117070984
10 60 1.6 1.7 56 58 35.82698580657203 0.0004123706476093503
10 60 1.6 1.7 58 60 31.71988414440207 0.0003510944029905261
10 60 1.6 1.7 60 65 64.80612306747689 0.0007068955624731643
10 60 1.6 1.7 65 70 49.06467299198994 0.0006188781789546738
10 60 1.6 1.7 70 80 67.23794421550988 0.001020705842677216
10 60 1.6 1.7 80 90 41.96767990123326 0.0008175901497935456
10 60 1.6 1.7 90 100 27.38597346161752 0.000705567776925875
10 60 1.7 1.8 0 0.5 -110730.8924944967 3.035189433780033
10 60 1.7 1.8 0.5 1 3141.721159622672 0.03832651674792942
10 60 1.7 1.8 1 1.5 10078.73480962911 0.4838379649081617
10 60 1.7 1.8 1.5 2 9188.551481098986 0.3609863325182232
10 60 1.7 1.8 2 2.5 7750.663165113306 0.2745234004332815
10 60 1.7 1.8 2.5 3 6499.988773440376 0.217363511053918
10 60 1.7 1.8 3 3.5 5491.316290670593 0.1699457848444581
10 60 1.7 1.8 3.5 4 4684.216155745229 0.1352567457179248
10 60 1.7 1.8 4 4.5 4033.188639321721 0.1092585928872722
10 60 1.7 1.8 4.5 5 3501.719514182543 0.08805876797032397
10 60 1.7 1.8 5 5.5 3062.499006288396 0.07096158556623777
10 60 1.7 1.8 5.5 6 2695.34241045297 0.05790038499253569
10 60 1.7 1.8 6 6.5 2385.275718301835 0.04770144269605225
10 60 1.7 1.8 6.5 7 2121.058285785344 0.0395620813487767
10 60 1.7 1.8 7 7.5 1894.130648741203 0.0327955301795555
10 60 1.7 1.8 7.5 8 1697.886025608866 0.02758603408460658
10 60 1.7 1.8 8 8.5 1527.151111851617 0.02319728111797303
10 60 1.7 1.8 8.5 9 1377.820143556103 0.01987372394955855
10 60 1.7 1.8 9 9.5 1246.595750878911 0.01815489017894834
10 60 1.7 1.8 9.5 10 1130.797809327909 0.01603738643893848
10 60 1.7 1.8 10 10.5 1028.228419536008 0.01462168718785506
10 60 1.7 1.8 10.5 11 937.0652320968539 0.01306078365178109
10 60 1.7 1.8 11 11.5 855.7874694641936 0.04229704524220779
10 60 1.7 1.8 11.5 12 783.1157012663908 0.03233822596030222
10 60 1.7 1.8 12 12.5 717.9669325879903 0.02434415472350793
10 60 1.7 1.8 12.5 13 659.418579453313 0.01806408994957565
10 60 1.7 1.8 13 13.5 606.6798348076107 0.01307019316652713
10 60 1.7 1.8 13.5 14 559.0704984518575 0.009090325788065456
10 60 1.7 1.8 14 14.5 516.0033528959032 0.00620030247057457
10 60 1.7 1.8 14.5 15 476.9688749014438 0.005593111632322234
10 60 1.7 1.8 15 16 850.8036775994368 0.009793875711125111
10 60 1.7 1.8 16 17 732.9804632054754 0.01132025907634215
10 60 1.7 1.8 17 18 634.6871226874515 0.02159495672037792
10 60 1.7 1.8 18 19 552.1843348483111 0.0268283213478071
10 60 1.7 1.8 19 20 482.5405528923414 0.005361889216771942
10 60 1.7 1.8 20 21 423.4378306878902 0.004803282636601125
10 60 1.7 1.8 21 22 373.0291273536501 0.004361102766210934
10 60 1.7 1.8 22 23 329.8325003477314 0.003791697701899466
10 60 1.7 1.8 23 24 292.65178909598 0.003237178920755923
10 60 1.7 1.8 24 25 260.5153162931248 0.002802629785549016
10 60 1.7 1.8 25 26 232.6288670159992 0.002432978714693945
10 60 1.7 1.8 26 27 208.3397230826591 0.002072197739238391
10 60 1.7 1.8 27 28 187.1086489779813 0.001853105615651884
10 60 1.7 1.8 28 29 168.4875647934397 0.001702477493694232
10 60 1.7 1.8 29 30 152.1026535261754 0.001536617862171852
10 60 1.7 1.8 30 31 137.6410065263931 0.001407014681660712
10 60 1.7 1.8 31 32 124.8394626782907 0.001264662081339907
10 60 1.7 1.8 32 33 113.475802323831 0.001144784030287838
10 60 1.7 1.8 33 34 103.3615769909568 0.001029472978572699
10 60 1.7 1.8 34 35 94.33644221291205 0.0009421702426379852
10 60 1.7 1.8 35 36 86.26346694443797 0.000871990147231827
10 60 1.7 1.8 36 37 79.02533152681707 0.0007870520112334134
10 60 1.7 1.8 37 38 72.52124524534422 0.0007032328352352124
10 60 1.7 1.8 38 39 66.66428737066134 0.0006308289288057267
10 60 1.7 1.8 39 40 61.37927743549971 0.0005565610500326557
10 60 1.7 1.8 40 42 108.8735453905044 0.00100264760399682
10 60 1.7 1.8 42 44 93.11784389190557 0.0009272669409625678
10 60 1.7 1.8 44 46 80.07601069334545 0.0008391608772626569
10 60 1.7 1.8 46 48 69.20936856596545 0.0007339287045056153
10 60 1.7 1.8 48 50 60.0996549783758 0.0006381779450208569
10 60 1.7 1.8 50 52 52.41922136125967 0.0006036964118294463
10 60 1.7 1.8 52 54 45.90916862191869 0.0005234102659699147
10 60 1.7 1.8 54 56 40.36375448675591 0.0003813727002750511
10 60 1.7 1.8 56 58 35.61828115192322 0.0003949558197859915
10 60 1.7 1.8 58 60 31.53921216109345 0.0004377124848637948
10 60 1.7 1.8 60 65 64.4497500533042 0.0008851268706138171
10 60 1.7 1.8 65 70 48.80703174585474 0.0007564818973406773
10 60 1.7 1.8 70 80 66.90609997895699 0.001270580250832154
10 60 1.7 1.8 80 90 41.7746102191469 0.001052667128789153
10 60 1.7 1.8 90 100 27.26568239586183 0.0009044960874327046
10 60 1.8 1.9 0 0.5 -108968.8193269885 2.956165604453417
10 60 1.8 1.9 0.5 1 3310.742593520941 0.02361354494860279
10 60 1.8 1.9 1 1.5 10057.96240017251 0.5005916364298173
10 60 1.8 1.9 1.5 2 9138.106030719271 0.3743347606268799
10 60 1.8 1.9 2 2.5 7697.457274420772 0.2851739065426955
10 60 1.8 1.9 2.5 3 6450.376488456296 0.2156486507865338
10 60 1.8 1.9 3 3.5 5446.659313343524 0.1717920884257182
10 60 1.8 1.9 3.5 4 4644.48899276758 0.1380936256646237
10 60 1.8 1.9 4 4.5 3997.934918748092 0.1103517864648893
10 60 1.8 1.9 4.5 5 3470.428606624207 0.08894126153882098
10 60 1.8 1.9 5 5.5 3034.672019513328 0.07219713011636486
10 60 1.8 1.9 5.5 6 2670.537083236525 0.05871486827436456
10 60 1.8 1.9 6 6.5 2363.111293191331 0.04763332158518097
10 60 1.8 1.9 6.5 7 2101.20321817604 0.03893017811333266
10 60 1.8 1.9 7 7.5 1876.301053125482 0.03228343314049198
10 60 1.8 1.9 7.5 8 1681.839237348983 0.02681822915542398
10 60 1.8 1.9 8 8.5 1512.677941680737 0.02253434770500462
10 60 1.8 1.9 8.5 9 1364.739373216103 0.01932710468645382
10 60 1.8 1.9 9 9.5 1234.750123218373 0.01640828457516363
10 60 1.8 1.9 9.5 10 1120.051787685107 0.014517245228717
10 60 1.8 1.9 10 10.5 1018.462268264709 0.01293362277726828
10 60 1.8 1.9 10.5 11 928.1754085891899 0.01172029290978571
10 60 1.8 1.9 11 11.5 847.6822493323559 0.04176152704883407
10 60 1.8 1.9 11.5 12 775.7144826216759 0.03190974117239875
10 60 1.8 1.9 12 12.5 711.1977887773281 0.02409861780847677
10 60 1.8 1.9 12.5 13 653.2173937722654 0.01782695706492632
10 60 1.8 1.9 13 13.5 600.9906389495842 0.0128765849441379
10 60 1.8 1.9 13.5 14 553.8441544706701 0.008978263536278064
10 60 1.8 1.9 14 14.5 511.1958495222599 0.005908841826851585
10 60 1.8 1.9 14.5 15 472.5407194840947 0.004957975392983371
10 60 1.8 1.9 15 16 842.9479359110204 0.008639339913202093
10 60 1.8 1.9 16 17 726.2658307907402 0.01119885726120629
10 60 1.8 1.9 17 18 628.9217610428861 0.02125254062684689
10 60 1.8 1.9 18 19 547.2113159455478 0.02642555404815994
10 60 1.8 1.9 19 20 478.2317438535267 0.005224627343068278
10 60 1.8 1.9 20 21 419.6885554329743 0.004443695146562732
10 60 1.8 1.9 21 22 369.7544915877609 0.003766864532963154
10 60 1.8 1.9 22 23 326.9633335869415 0.003350579585514879
10 60 1.8 1.9 23 24 290.1301993954043 0.003003290920844393
10 60 1.8 1.9 24 25 258.2921639348767 0.002636116812197997
10 60 1.8 1.9 25 26 230.6625697051209 0.002269903592349465
10 60 1.8 1.9 26 27 206.5951918487636 0.001945168349067217
10 60 1.8 1.9 27 28 185.5562719335866 0.001727962604036293
10 60 1.8 1.9 28 29 167.1025573496042 0.001505841946539022
10 60 1.8 1.9 29 30 150.8643265463081 0.001364970321304781
10 60 1.8 1.9 30 31 136.5315643045722 0.001271287643021424
10 60 1.8 1.9 31 32 123.8434056768955 0.001150774227767215
10 60 1.8 1.9 32 33 112.5797222276862 0.001066683365877452
10 60 1.8 1.9 33 34 102.5538898814786 0.0009755546226841716
10 60 1.8 1.9 34 35 93.60710656493438 0.0009011893748862576
10 60 1.8 1.9 35 36 85.60372252556405 0.0008366877633250169
10 60 1.8 1.9 36 37 78.42750007809359 0.0007639523415292615
10 60 1.8 1.9 37 38 71.97854304241854 0.00070412041439738
10 60 1.8 1.9 38 39 66.17072136572507 0.0006537884891884005
10 60 1.8 1.9 39 40 60.92953628523045 0.0005936586223427298
10 60 1.8 1.9 40 42 108.0875414085738 0.001055121565372019
10 60 1.8 1.9 42 44 92.45888095612068 0.0008713669860611617
10 60 1.8 1.9 44 46 79.52109874056022 0.0008374235279688946
10 60 1.8 1.9 46 48 68.73995088033682 0.0007882960868812461
10 60 1.8 1.9 48 50 59.70071007144752 0.0007069247323769901
10 60 1.8 1.9 50 52 52.07859767795964 0.0006440070781721374
10 60 1.8 1.9 52 54 45.61710639918614 0.0006257638216027317
10 60 1.8 1.9 54 56 40.11202785768804 0.0005879714538750136
10 60 1.8 1.9 56 58 35.39976473530593 0.0004693819596468529
10 60 1.8 1.9 58 60 31.34865904832719 0.0004095419854834859
10 60 1.8 1.9 60 65 64.07168116546629 0.001116240272125424
10 60 1.8 1.9 65 70 48.53146187560012 0.000948614707461104
10 60 1.8 1.9 70 80 66.54337435665217 0.001604711675895487
10 60 1.8 1.9 80 90 41.55614862904005 0.001344006739465442
10 60 1.8 1.9 90 100 27.12364160374051 0.001147653356412093
10 60 1.9 2 0 0.5 -107136.7392538003 2.63443517225096
10 60 1.9 2 0.5 1 3486.202839159513 0.01986402435113632
10 60 1.9 2 1 1.5 10036.3431871621 0.4599088188588212
10 60 1.9 2 1.5 2 9085.698696311134 0.355181563516453
10 60 1.9 2 2 2.5 7642.221171971953 0.2691787441563065
10 60 1.9 2 2.5 3 6398.862637504776 0.2130138061302205
10 60 1.9 2 3 3.5 5400.309915041685 0.1690668748569806
10 60 1.9 2 3.5 4 4603.258622823365 0.1335832291815677
10 60 1.9 2 4 4.5 3961.371268490531 0.1082876901732561
10 60 1.9 2 4.5 5 3437.989508611175 0.0881791544711632
10 60 1.9 2 5 5.5 3005.831461119155 0.07183565238165102
10 60 1.9 2 5.5 6 2644.841459555604 0.05884696690827695
10 60 1.9 2 6 6.5 2340.159577358236 0.04834786171977612
10 60 1.9 2 6.5 7 2080.649231819446 0.03975173400340282
10 60 1.9 2 7 7.5 1857.85293952243 0.03261591107070672
10 60 1.9 2 7.5 8 1665.244325248007 0.02687984366821183
10 60 1.9 2 8 8.5 1497.716385661077 0.02230221083777906
10 60 1.9 2 8.5 9 1351.223001053701 0.0187129588798598
10 60 1.9 2 9 9.5 1222.516251201817 0.01593689568289847
10 60 1.9 2 9.5 10 1108.958231269467 0.01368841343219174
10 60 1.9 2 10 10.5 1008.384869201718 0.01184874395778479
10 60 1.9 2 10.5 11 919.0054222177054 0.01028409876198566
10 60 1.9 2 11 11.5 839.3252792220195 0.04119540975682412
10 60 1.9 2 11.5 12 768.0869278518475 0.03149541389871047
10 60 1.9 2 12 12.5 704.2257895825668 0.02378977913838298
10 60 1.9 2 12.5 13 646.8353072758071 0.01762065675086433
10 60 1.9 2 13 13.5 595.1398393317558 0.01275170952760618
10 60 1.9 2 13.5 14 548.4722434085924 0.008911677385526673
10 60 1.9 2 14 14.5 506.2562422398985 0.00584477486643209
10 60 1.9 2 14.5 15 467.9923756846177 0.004667016159999093
10 60 1.9 2 15 16 834.8816222069867 0.008665862872248908
10 60 1.9 2 16 17 719.3693845419915 0.01092533879455004
10 60 1.9 2 17 18 622.9956353892347 0.0210110008860056
10 60 1.9 2 18 19 542.0967384942414 0.02608123633001469
10 60 1.9 2 19 20 473.7993260599755 0.004563108378476954
10 60 1.9 2 20 21 415.8328387041964 0.003995832792440979
10 60 1.9 2 21 22 366.3881257817535 0.003500980812191301
10 60 1.9 2 22 23 324.0135887748556 0.003019860673418862
10 60 1.9 2 23 24 287.537123475059 0.002584678140635788
10 60 1.9 2 24 25 256.0061554949519 0.002354221151620095
10 60 1.9 2 25 26 228.6416274729258 0.002162575483282581
10 60 1.9 2 26 27 204.8033102259446 0.001923097916488814
10 60 1.9 2 27 28 183.9626337221794 0.00166256983374069
10 60 1.9 2 28 29 165.6810723301737 0.00145244163792313
10 60 1.9 2 29 30 149.5928961323391 0.00128833579819343
10 60 1.9 2 30 31 135.3916564480575 0.001139276968928016
10 60 1.9 2 31 32 122.8194314590039 0.001061590523065092
10 60 1.9 2 32 33 111.6581461655442 0.001025762171281031
10 60 1.9 2 33 34 101.722786791438 0.0009252795556591309
10 60 1.9 2 34 35 92.85615265930673 0.0008571019424579163
10 60 1.9 2 35 36 84.92397195910488 0.0008084101185374948
10 60 1.9 2 36 37 77.81116718166429 0.0007679171641399307
10 60 1.9 2 37 38 71.41878923640925 0.0007370723825772529
10 60 1.9 2 38 39 65.66148444728047 0.0006823625295595548
10 60 1.9 2 39 40 60.46547432479852 0.0006252001262581075
10 60 1.9 2 40 42 107.2764723224298 0.001147064684076327
10 60 1.9 2 42 44 91.77815165935429 0.001026501433187832
10 60 1.9 2 44 46 78.94600353552254 0.0008527204689556811
10 60 1.9 2 46 48 68.25185936136205 0.0008536474432645491
10 60 1.9 2 48 50 59.28457161623293 0.0008363361005336856
10 60 1.9 2 50 52 51.72208434565873 0.0007431957128787303
10 60 1.9 2 52 54 45.31025886917915 0.0007059984903108329
10 60 1.9 2 54 56 39.84676287262466 0.0006974388829590339
10 60 1.9 2 56 58 35.16943571970108 0.0006457631841740863
10 60 1.9 2 58 60 31.14742431915637 0.000586749340126147
10 60 1.9 2 60 65 63.66733858584807 0.001260415886136457
10 60 1.9 2 65 70 48.23305627675846 0.001239966422488692
10 60 1.9 2 70 80 66.1417457851646 0.002036560546301303
10 60 1.9 2 80 90 41.30513994358679 0.001728931046478976
10 60 1.9 2 90 100 26.95393786515999 0.000103387419930101
10 60 2 2.1 0 0.5 -105241.2889504465 2.4503602237819
10 60 2 2.1 0.5 1 3667.278432001281 0.01105929103550807
10 60 2 2.1 1 1.5 10013.870306669 0.438296651460405
10 60 2 2.1 1.5 2 9031.440512008734 0.3317778226974042
10 60 2 2.1 2 2.5 7585.079833787598 0.2566761122916432
10 60 2 2.1 2.5 3 6345.597242830763 0.2002559996199125
10 60 2 2.1 3 3.5 5352.401317348132 0.1586817089855685
10 60 2 2.1 3.5 4 4560.64983819705 0.1290724362697802
10 60 2 2.1 4 4.5 3923.606084089295 0.1041237086033107
10 60 2 2.1 4.5 5 3404.491398457565 0.08406325950500104
10 60 2 2.1 5 5.5 2976.071774581911 0.06885406215724288
10 60 2 2.1 5.5 6 2618.338377936117 0.05672219125972333
10 60 2 2.1 6 6.5 2316.492402957934 0.04715825657149253
10 60 2 2.1 6.5 7 2059.467911707241 0.03930193684436745
10 60 2 2.1 7 7.5 1838.851440751929 0.03283714646840963
10 60 2 2.1 7.5 8 1648.156480077729 0.02735177879571893
10 60 2 2.1 8 8.5 1482.318054288835 0.02274168635585738
10 60 2 2.1 8.5 9 1337.320369465084 0.01902580495470829
10 60 2 2.1 9 9.5 1209.938730534212 0.01601135611781501
10 60 2 2.1 9.5 10 1097.55768424722 0.01349625788020603
10 60 2 2.1 10 10.5 998.0339341850969 0.01153806208549213
10 60 2 2.1 10.5 11 909.5922612576148 0.01004787232102444
10 60 2 2.1 11 11.5 830.7504784669637 0.04069958786931238
10 60 2 2.1 11.5 12 760.2626876454453 0.03108285665337007
10 60 2 2.1 12 12.5 697.0753591937017 0.02345084311843948
10 60 2 2.1 12.5 13 640.2911835921564 0.01741621002031479
10 60 2 2.1 13 13.5 589.1416803367633 0.01262472224107114
10 60 2 2.1 13.5 14 542.9660600290453 0.008847017928019341
10 60 2 2.1 14 14.5 501.1936937683201 0.005832813301026363
10 60 2 2.1 14.5 15 463.3303066491764 0.004668491059931057
10 60 2 2.1 15 16 826.6112042459835 0.007886755542472201
10 60 2 2.1 16 17 712.2993009087648 0.01059556526456618
10 60 2 2.1 17 18 616.9210051383504 0.02067438407470945
10 60 2 2.1 18 19 536.8533425785372 0.02583516711820266
10 60 2 2.1 19 20 469.2560165141756 0.00411408763216059
10 60 2 2.1 20 21 411.8812002568995 0.00365374619616432
10 60 2 2.1 21 22 362.938226820086 0.003074374675463787
10 60 2 2.1 22 23 320.9914051259299 0.002793514579536804
10 60 2 2.1 23 24 284.880657707035 0.002478651035744406
10 60 2 2.1 24 25 253.6634421922852 0.002158839301785065
10 60 2 2.1 25 26 226.5694922190739 0.00190396893916045
10 60 2 2.1 26 27 202.9656978922377 0.001771266776700031
10 60 2 2.1 27 28 182.3287792280675 0.001635390067150411
10 60 2 2.1 28 29 164.2243978731366 0.001487454076823269
10 60 2 2.1 29 30 148.2904937596668 0.001328266542174106
10 60 2 2.1 30 31 134.2239010004137 0.001167833982577804
10 60 2 2.1 31 32 121.7696779856025 0.001045287260268424
10 60 2 2.1 32 33 110.7123583747293 0.0009479960589970915
10 60 2 2.1 33 34 100.869161656908 0.0009205723287948331
10 60 2 2.1 34 35 92.08430742120566 0.0009102607701123588
10 60 2 2.1 35 36 84.2246883984661 0.0008252104737778154
10 60 2 2.1 36 37 77.17644018046215 0.0007594233294554442
10 60 2 2.1 37 38 70.84165887485938 0.0007426217557906512
10 60 2 2.1 38 39 65.13589590742049 0.0007379983378257293
10 60 2 2.1 39 40 59.98604217165159 0.0007104131542661207
10 60 2 2.1 40 42 106.4375518050522 0.00127980113113324
10 60 2 2.1 42 44 91.07320653026849 0.001226351804660908
10 60 2 2.1 44 46 78.34934381059857 0.001102174045826132
10 60 2 2.1 46 48 67.74327666725499 0.000930312354185503
10 60 2 2.1 48 50 58.84889962184478 0.0009393941489577173
10 60 2 2.1 50 52 51.34721136948432 0.0009248474359111469
10 60 2 2.1 52 54 44.98608250886814 0.0008321797826766897
10 60 2 2.1 54 56 39.56514929415 0.0008290151349257258
10 60 2 2.1 56 58 34.92365119299901 0.0007863168003510168
10 60 2 2.1 58 60 30.9319483064411 0.0007223059944827526
10 60 2 2.1 60 65 63.23210534200977 0.001722302326662373
10 60 2 2.1 65 70 47.90519014483697 0.001477608038015887
10 60 2 2.1 70 80 65.69069599732731 0.002606392653802914
10 60 2 2.1 80 90 41.01254106413555 0.0001577068226765732
10 60 2 2.1 90 100 26.74949289494325 0.0001035118827985571
10 60 2.1 2.2 0 0.5 -103287.7026939889 2.12768751999829
10 60 2.1 2.2 0.5 1 3853.395385051092 0.1819644929196329
10 60 2.1 2.2 1 1.5 9990.538184210302 0.125386866984627
10 60 2.1 2.2 1.5 2 8975.467169875788 0.3925510707958892
10 60 2.1 2.2 2 2.5 7526.169868391887 0.2918278216066028
10 60 2.1 2.2 2.5 3 6290.729788661068 0.2212382545267246
10 60 2.1 2.2 3 3.5 5303.059864546249 0.1734795664697231
10 60 2.1 2.2 3.5 4 4516.802196435003 0.1353510849185113
10 60 2.1 2.2 4 4.5 3884.746557850198 0.1074202451113706
10 60 2.1 2.2 4.5 5 3370.045704024722 0.08632731812394923
10 60 2.1 2.2 5 5.5 2945.487614862734 0.06911825755605605
10 60 2.1 2.2 5.5 6 2591.110259801452 0.05547066657209143
10 60 2.1 2.2 6 6.5 2292.198283629918 0.04503448618424954
10 60 2.1 2.2 6.5 7 2037.734286937826 0.0371118022835617
10 60 2.1 2.2 7 7.5 1819.358131057457 0.03116996467292665
10 60 2.1 2.2 7.5 8 1630.638468096207 0.02626223833340191
10 60 2.1 2.2 8 8.5 1466.542361292621 0.02233898007830248
10 60 2.1 2.2 8.5 9 1323.081699817459 0.01902268397088847
10 60 2.1 2.2 9 9.5 1197.062938399596 0.01610566882641251
10 60 2.1 2.2 9.5 10 1085.89424206735 0.0136027645021386
10 60 2.1 2.2 10 10.5 987.448584717607 0.01156351308964076
10 60 2.1 2.2 10.5 11 899.9665214119655 0.009943769476649322
10 60 2.1 2.2 11 11.5 821.9820029308929 0.04013486902931618
10 60 2.1 2.2 11.5 12 752.2621785690467 0.03070742506361057
10 60 2.1 2.2 12 12.5 689.763146682018 0.02322695782186202
10 60 2.1 2.2 12.5 13 633.5963343386563 0.0172301442510161
10 60 2.1 2.2 13 13.5 583.0022224419024 0.01245752486158835
10 60 2.1 2.2 13.5 14 537.3280438647254 0.008712564539791856
10 60 2.1 2.2 14 14.5 496.0096065471617 0.005753031288293187
10 60 2.1 2.2 14.5 15 458.5575295620272 0.004294658585138222
10 60 2.1 2.2 15 16 818.1489868900236 0.007523025445834719
10 60 2.1 2.2 16 17 705.0676540894741 0.01044124303416538
10 60 2.1 2.2 17 18 610.7116269005166 0.02032332192413833
10 60 2.1 2.2 18 19 531.4972554808157 0.02532953890113276
10 60 2.1 2.2 19 20 464.6142433074405 0.003586554370826889
10 60 2.1 2.2 20 21 407.8428378490554 0.003178085902106886
10 60 2.1 2.2 21 22 359.4127990376387 0.002947861486859438
10 60 2.1 2.2 22 23 317.9026282488618 0.002567420880723148
10 60 2.1 2.2 23 24 282.1651908938992 0.002282251375163469
10 60 2.1 2.2 24 25 251.2685211662265 0.002078860326747645
10 60 2.1 2.2 25 26 224.4507059510548 0.001871758160007175
10 60 2.1 2.2 26 27 201.0855801966133 0.001709890196224251
10 60 2.1 2.2 27 28 180.6558794090618 0.001548093848043663
10 60 2.1 2.2 28 29 162.7322056584754 0.001446425363894832
10 60 2.1 2.2 29 30 146.9562301697059 0.001364716745456462
10 60 2.1 2.2 30 31 133.0278085319175 0.001315591061569421
10 60 2.1 2.2 31 32 120.6944646561786 0.001181275690257166
10 60 2.1 2.2 32 33 109.7431950291303 0.001029032201287805
10 60 2.1 2.2 33 34 99.99339185980745 0.0009477349286157732
10 60 2.1 2.2 34 35 91.29125671432003 0.0009287960798332051
10 60 2.1 2.2 35 36 83.50527622702381 0.0009094784797127886
10 60 2.1 2.2 36 37 76.52268386083172 0.0008722284506461619
10 60 2.1 2.2 37 38 70.24642962571394 0.0008163817766160264
10 60 2.1 2.2 38 39 64.59294153200054 0.000805537190089467
10 60 2.1 2.2 39 40 59.48990344825216 0.0008114376778962651
10 60 2.1 2.2 40 42 105.5670317954246 0.001500249862218084
10 60 2.1 2.2 42 44 90.33919844840489 0.001379632110044327
10 60 2.1 2.2 44 46 77.72655995515322 0.001391803420204951
10 60 2.1 2.2 46 48 67.21107735209127 0.00122051309266169
10 60 2.1 2.2 48 50 58.39080199539311 0.001125427121436928
10 60 2.1 2.2 50 52 50.95059827598108 0.001070653368863361
10 60 2.1 2.2 52 54 44.6411855680828 0.001020209036362019
10 60 2.1 2.2 54 56 39.26379179089574 0.00101811830020182
10 60 2.1 2.2 56 58 34.65904329667487 0.0009850707072942555
10 60 2.1 2.2 58 60 30.69848819583359 0.0009255605656761645
10 60 2.1 2.2 60 65 62.75596469236768 0.002169036923888257
10 60 2.1 2.2 65 70 47.54147895746484 0.00186383736874518
10 60 2.1 2.2 70 80 65.17664787324838 0.0002523880866789341
10 60 2.1 2.2 80 90 40.66794095966578 0.0001578059477367333
10 60 2.1 2.2 90 100 26.50171818808158 0.0001035197386833886
10 60 2.2 2.3 0 0.5 -101282.0940576572 1.923998362151906
10 60 2.2 2.3 0.5 1 4043.924987274897 0.1567142114913622
10 60 2.2 2.3 1 1.5 9966.390944066236 0.3512247447361005
10 60 2.2 2.3 1.5 2 8917.918325497838 0.2869942895140412
10 60 2.2 2.3 2 2.5 7465.669899493965 0.22801709135274
10 60 2.2 2.3 2.5 3 6234.409428009651 0.1856433451976045
10 60 2.2 2.3 3 3.5 5252.451443650018 0.1504603055618645
10 60 2.2 2.3 3.5 4 4471.845905546117 0.1240132351558714
10 60 2.2 2.3 4 4.5 3844.926940906822 0.1034642813092432
10 60 2.2 2.3 4.5 5 3334.771329646328 0.0856082182863247
10 60 2.2 2.3 5 5.5 2914.172299405373 0.07067584350670586
10 60 2.2 2.3 5.5 6 2563.257212264026 0.05826599378724495
10 60 2.2 2.3 6 6.5 2267.359377680101 0.04770461774887735
10 60 2.2 2.3 6.5 7 2015.524194851095 0.03877257397789435
10 60 2.2 2.3 7 7.5 1799.456150770737 0.03143227810414828
10 60 2.2 2.3 7.5 8 1612.759301476334 0.02572622581601536
10 60 2.2 2.3 8 8.5 1450.441790834186 0.02167443541861758
10 60 2.2 2.3 8.5 9 1308.555878638504 0.01842854246410752
10 60 2.2 2.3 9 9.5 1183.931268598494 0.01576607461129242
10 60 2.2 2.3 9.5 10 1073.995947673664 0.01345880086728357
10 60 2.2 2.3 10 10.5 976.6463129822238 0.01152886324382507
10 60 2.2 2.3 10.5 11 890.1424470272809 0.009936212457432703
10 60 2.2 2.3 11 11.5 813.031395305905 0.03966943286343394
10 60 2.2 2.3 11.5 12 744.0922786964084 0.03031735733725327
10 60 2.2 2.3 12 12.5 682.2935891716543 0.02286331466598313
10 60 2.2 2.3 12.5 13 626.7574914125154 0.01696921240886695
10 60 2.2 2.3 13 13.5 576.7321974722072 0.01232814935883653
10 60 2.2 2.3 13.5 14 531.5708957358104 0.008620828350331067
10 60 2.2 2.3 14 14.5 490.7156518311265 0.00568759124718099
10 60 2.2 2.3 14.5 15 453.6830119115264 0.003623709088628857
10 60 2.2 2.3 15 16 809.5081811361104 0.007120574714122085
10 60 2.2 2.3 16 17 697.6898791273923 0.01002534195276894
10 60 2.2 2.3 17 18 604.3792298342366 0.01986561642934248
10 60 2.2 2.3 18 19 526.0356331562014 0.02498657340640875
10 60 2.2 2.3 19 20 459.8840034110718 0.003628901445324573
10 60 2.2 2.3 20 21 403.727572470374 0.00302990099788758
10 60 2.2 2.3 21 22 355.8177722016983 0.002608482678624569
10 60 2.2 2.3 22 23 314.7515847940357 0.002395645251795031
10 60 2.2 2.3 23 24 279.3943899003156 0.002281221186819948
10 60 2.2 2.3 24 25 248.8238239443214 0.002075932734470598
10 60 2.2 2.3 25 26 222.2867617272001 0.001845949385653967
10 60 2.2 2.3 26 27 199.1644184556975 0.001712028806281296
10 60 2.2 2.3 27 28 178.9453491290394 0.001652146324573778
10 60 2.2 2.3 28 29 161.2048864031672 0.001531205004852154
10 60 2.2 2.3 29 30 145.5889652791668 0.001360187069366248
10 60 2.2 2.3 30 31 131.8009765150996 0.001344186576659467
10 60 2.2 2.3 31 32 119.5911257745547 0.001366554463345437
10 60 2.2 2.3 32 33 108.7483658668863 0.00129238336919002
10 60 2.2 2.3 33 34 99.09397178886087 0.001134109405342087
10 60 2.2 2.3 34 35 90.47594477255721 0.001072548577468524
10 60 2.2 2.3 35 36 82.76441791878621 0.001066311278478338
10 60 2.2 2.3 36 37 75.84794458121364 0.001012137876557517
10 60 2.2 2.3 37 38 69.63081398727273 0.0009318362348551545
10 60 2.2 2.3 38 39 64.03029622559565 0.0009111802425678661
10 60 2.2 2.3 39 40 58.97481412800167 0.0009430257417122334
10 60 2.2 2.3 40 42 104.6604239978097 0.001841201757045496
10 60 2.2 2.3 42 44 89.57099555933493 0.001641689359715315
10 60 2.2 2.3 44 46 77.07147126455121 0.001625539693989708
10 60 2.2 2.3 46 48 66.64902752888202 0.001541107533881814
10 60 2.2 2.3 48 50 57.90528422444712 0.001447116456830599
10 60 2.2 2.3 50 52 50.5282052872285 0.001396363437066839
10 60 2.2 2.3 52 54 44.27122667736392 0.001270380754078815
10 60 2.2 2.3 54 56 38.93806611662375 0.001234434563613718
10 60 2.2 2.3 56 58 34.37096854326834 0.00121189261620458
10 60 2.2 2.3 58 60 30.44247997463594 0.00113688591779848
10 60 2.2 2.3 60 65 62.22775674886272 0.002675847248497121
10 60 2.2 2.3 65 70 47.13256062119879 0.0001844485518773809
10 60 2.2 2.3 70 80 64.5836558772514 0.0002523517015902144
10 60 2.2 2.3 80 90 40.25918082755872 0.0001577146815918695
10 60 2.2 2.3 90 100 26.20047181732612 0.0001033685012075125
10 60 2.3 2.4 0 0.5 -99230.79700291521 1.576788359001512
10 60 2.3 2.4 0.5 1 4238.230684651429 0.122287095287902
10 60 2.3 2.4 1 1.5 9941.427623252135 0.1400997822129284
10 60 2.3 2.4 1.5 2 8858.937202674681 0.4154471907258994
10 60 2.3 2.4 2 2.5 7403.771887294385 0.302366415193319
10 60 2.3 2.4 2.5 3 6176.830700686351 0.2243421140819919
10 60 2.3 2.4 3 3.5 5200.754172596211 0.1699417052259378
10 60 2.3 2.4 3.5 4 4425.946668943059 0.1307522688839526
10 60 2.3 2.4 4 4.5 3804.306487028996 0.1010077456462568
10 60 2.3 2.4 4.5 5 3298.795450280898 0.07990792093642085
10 60 2.3 2.4 5 5.5 2882.262748050521 0.06493673377781306
10 60 2.3 2.4 5.5 6 2534.883346358613 0.05359972210681008
10 60 2.3 2.4 6 6.5 2242.063341628174 0.04478668499996274
10 60 2.3 2.4 6.5 7 1992.921408710957 0.03765452065249519
10 60 2.3 2.4 7 7.5 1779.201520700755 0.03140648874250473
10 60 2.3 2.4 7.5 8 1594.562277527554 0.02615580047540789
10 60 2.3 2.4 8 8.5 1434.05700202841 0.02186622300519048
10 60 2.3 2.4 8.5 9 1293.765742842627 0.01825644152881978
10 60 2.3 2.4 9 9.5 1170.550725669244 0.01557834512163936
10 60 2.3 2.4 9.5 10 1061.870069792176 0.01329399908081541
10 60 2.3 2.4 10 10.5 965.6378380018946 0.01139948598085994
10 60 2.3 2.4 10.5 11 880.128858225546 0.009836905027100329
10 60 2.3 2.4 11 11.5 803.9070126061955 0.03903279480800848
10 60 2.3 2.4 11.5 12 735.7658055080774 0.0298651936340093
10 60 2.3 2.4 12 12.5 674.6836040246694 0.02259405932852587
10 60 2.3 2.4 12.5 13 619.7908836284869 0.01676869432094463
10 60 2.3 2.4 13 13.5 570.3446621804386 0.01214398960564722
10 60 2.3 2.4 13.5 14 525.7062566318431 0.0084855998210287
10 60 2.3 2.4 14 14.5 485.3240367816451 0.005633308480923915
10 60 2.3 2.4 14.5 15 448.7194050662691 0.0035735776895649
10 60 2.3 2.4 15 16 800.7081445722451 0.007121829707443794
10 60 2.3 2.4 16 17 690.1737627472824 0.009872497548599313
10 60 2.3 2.4 17 18 597.9307387863488 0.01944140459170285
10 60 2.3 2.4 18 19 520.4768612298353 0.02438352199305882
10 60 2.3 2.4 19 20 455.0683963853576 0.003372884200189219
10 60 2.3 2.4 20 21 399.5385876256165 0.003010231348525849
10 60 2.3 2.4 21 22 352.1590577558012 0.002800352048325294
10 60 2.3 2.4 22 23 311.5423815061753 0.002417453600230601
10 60 2.3 2.4 23 24 276.5693049967981 0.002095819428006962
10 60 2.3 2.4 24 25 246.3295367289618 0.002138519696273988
10 60 2.3 2.4 25 26 220.0776351671214 0.002077113646947737
10 60 2.3 2.4 26 27 197.2013924543068 0.001807963153112269
10 60 2.3 2.4 27 28 177.1957818295937 0.001725177956899415
10 60 2.3 2.4 28 29 159.6411676491132 0.001750251327052865
10 60 2.3 2.4 29 30 144.1873475479173 0.001638391444657827
10 60 2.3 2.4 30 31 130.541174948672 0.001471884685514624
10 60 2.3 2.4 31 32 118.4560313277248 0.001467073037687783
10 60 2.3 2.4 32 33 107.7233480239288 0.001506646645012211
10 60 2.3 2.4 33 34 98.16616364971384 0.001435009985357283
10 60 2.3 2.4 34 35 89.63400433198426 0.00132390172201724
10 60 2.3 2.4 35 36 81.99842800087796 0.001279058273880196
10 60 2.3 2.4 36 37 75.14933087700624 0.001283225415491529
10 60 2.3 2.4 37 38 68.99200337050719 0.001212489585853405
10 60 2.3 2.4 38 39 63.44483428706734 0.001105335999845636
10 60 2.3 2.4 39 40 58.4371882856849 0.00104849970968246
10 60 2.3 2.4 40 42 103.7106021981267 0.002197022177838903
10 60 2.3 2.4 42 44 88.76209478612137 0.002057626752133501
10 60 2.3 2.4 44 46 76.37753849753037 0.001991115866232462
10 60 2.3 2.4 46 48 66.04980119489596 0.001913464874093052
10 60 2.3 2.4 48 50 57.38457009559852 0.001819637565034782
10 60 2.3 2.4 50 52 50.07274620221715 0.001760330283602229
10 60 2.3 2.4 52 54 43.87013051746219 0.001625894143394646
10 60 2.3 2.4 54 56 38.58250914242615 0.00153992244111123
10 60 2.3 2.4 56 58 34.0540350305029 0.001453315926788434
10 60 2.3 2.4 58 60 30.15875948657049 0.001417467868268574
10 60 2.3 2.4 60 65 61.63504784999375 0.0002445165760391887
10 60 2.3 2.4 65 70 46.66566179950026 0.0001843382072763688
10 60 2.3 2.4 70 80 63.89383726551766 0.0002519940307834645
10 60 2.3 2.4 80 90 39.77142442364492 0.0001574141198830148
10 60 2.3 2.4 90 100 25.83472878199533 0.0001029907655905049
10 60 2.4 2.5 0 0.5 -97142.12459619733 1.659573800046928
10 60 2.4 2.5 0.5 1 4435.699388757902 0.1827319871199506
10 60 2.4 2.5 1 1.5 9915.866403660137 0.3164693892176729
10 60 2.4 2.5 1.5 2 8798.857626300542 0.2683001395071187
10 60 2.4 2.5 2 2.5 7340.789802182755 0.2202672356197581
10 60 2.4 2.5 2.5 3 6118.307146849775 0.1819524381407973
10 60 2.4 2.5 3 3.5 5148.222640848078 0.1527055321166699
10 60 2.4 2.5 3.5 4 4379.336589778924 0.1258415171332672
10 60 2.4 2.5 4 4.5 3763.056004601503 0.1036783327549529
10 60 2.4 2.5 4.5 5 3262.275240250185 0.0845877144838596
10 60 2.4 2.5 5 5.5 2849.863518331092 0.06793971049773972
10 60 2.4 2.5 5.5 6 2506.066130672236 0.05487654692251454
10 60 2.4 2.5 6 6.5 2216.368680132765 0.04492737119517187
10 60 2.4 2.5 6.5 7 1969.943169026713 0.03710217873549482
10 60 2.4 2.5 7 7.5 1758.603647259732 0.0307760263219734
10 60 2.4 2.5 7.5 8 1576.056416801949 0.02568963775502198
10 60 2.4 2.5 8 8.5 1417.38852755319 0.02146576798486421
10 60 2.4 2.5 8.5 9 1278.720295662575 0.01817041369827166
10 60 2.4 2.5 9 9.5 1156.943578910039 0.01550541669371341
10 60 2.4 2.5 9.5 10 1049.537283629174 0.01310986942280579
10 60 2.4 2.5 10 10.5 954.439224858082 0.01127169515393689
10 60 2.4 2.5 10.5 11 869.9447246339299 0.009753058213846089
10 60 2.4 2.5 11 11.5 794.6303996490245 0.03851292405943241
10 60 2.4 2.5 11.5 12 727.3008874331982 0.02945854122117453
10 60 2.4 2.5 12 12.5 666.9466611604693 0.02224290217554881
10 60 2.4 2.5 12.5 13 612.7089679349999 0.01653789212900847
10 60 2.4 2.5 13 13.5 563.8527085386488 0.01199896949640333
10 60 2.4 2.5 13.5 14 519.7460996784052 0.008401578654456898
10 60 2.4 2.5 14 14.5 479.8439995434973 0.005567503007796404
10 60 2.4 2.5 14.5 15 443.6739424402263 0.003549815773340015
10 60 2.4 2.5 15 16 791.7630997316608 0.00715989529885519
10 60 2.4 2.5 16 17 682.5325848260685 0.009603993449559312
10 60 2.4 2.5 17 18 591.3712582318566 0.01909475179763831
10 60 2.4 2.5 18 19 514.8207849544729 0.02397891053090007
10 60 2.4 2.5 19 20 450.1703261163044 0.003733022668370722
10 60 2.4 2.5 20 21 395.2764312457103 0.003233333480523015
10 60 2.4 2.5 21 22 348.4340462312985 0.002705426701083979
10 60 2.4 2.5 22 23 308.274885838678 0.002803588287690673
10 60 2.4 2.5 23 24 273.6912442579762 0.002475241726074273
10 60 2.4 2.5 24 25 243.784470058841 0.00213020976889311
10 60 2.4 2.5 25 26 217.8201268632574 0.002189642473297226
10 60 2.4 2.5 26 27 195.1931725457347 0.002240012106142331
10 60 2.4 2.5 27 28 175.4034915606562 0.001997942230815397
10 60 2.4 2.5 28 29 158.0366500708851 0.001941732062334722
10 60 2.4 2.5 29 30 142.7468562985074 0.001980424764212785
10 60 2.4 2.5 30 31 129.2442061193434 0.001847616181720468
10 60 2.4 2.5 31 32 117.2849586794597 0.001706557876190118
10 60 2.4 2.5 32 33 106.6632901617624 0.001720604686269667
10 60 2.4 2.5 33 34 97.20430079431375 0.001736904651693294
10 60 2.4 2.5 34 35 88.75924804320066 0.001636397729214423
10 60 2.4 2.5 35 36 81.20098813564252 0.001553494461674632
10 60 2.4 2.5 36 37 74.42072017432507 0.001567339514110699
10 60 2.4 2.5 37 38 68.32461685854982 0.001543540048302816
10 60 2.4 2.5 38 39 62.83201650171795 0.001450716409394204
10 60 2.4 2.5 39 40 57.87302730364084 0.001365442494758895
10 60 2.4 2.5 40 42 102.7087431217667 0.002677717053487072
10 60 2.4 2.5 42 44 87.90297212840848 0.002551125502819218
10 60 2.4 2.5 44 46 75.635704960128 0.002491379510530578
10 60 2.4 2.5 46 48 65.40459606010106 0.002353252578842557
10 60 2.4 2.5 48 50 56.81976697324365 0.002227002975700998
10 60 2.4 2.5 50 52 49.57539665151462 0.002146615482544689
10 60 2.4 2.5 52 54 43.42958964726228 0.002048973436131973
10 60 2.4 2.5 54 56 38.18981077448009 0.0001548383125395958
10 60 2.4 2.5 56 58 33.7017648431394 0.0001360311872247166
10 60 2.4 2.5 58 60 29.84093264180865 0.0001200857334886507
10 60 2.4 2.5 60 65 60.96277734256697 0.0002441866833606809
10 60 2.4 2.5 65 70 46.12759640118409 0.000184011888812563
10 60 2.4 2.5 70 80 63.08517406212916 0.0002513071116965193
10 60 2.4 2.5 80 90 39.18787631557425 0.0001567509652815602
10 60 2.4 2.5 90 100 25.39244094581643 0.0001023199302032651
10 60 2.5 2.75 0 0.5 -233493.2804457244 3.394306714879349
10 60 2.5 2.75 0.5 1 11984.00650597886 0.09737168431274767
10 60 2.5 2.75 1 1.5 24681.26205431652 1.086763882827654
10 60 2.5 2.75 1.5 2 21732.02990771225 0.8350482819987519
10 60 2.5 2.75 2 2.5 18072.5345071289 0.6378217001474695
10 60 2.5 2.75 2.5 3 15035.41347864582 0.5101243065673771
10 60 2.5 2.75 3 3.5 12636.55533807928 0.47905317101322
10 60 2.5 2.75 3.5 4 10740.42735313852 0.4110618173344847
10 60 2.5 2.75 4 4.5 9223.486434189857 0.3660025097760808
10 60 2.5 2.75 4.5 5 7992.504171418589 0.3149996839101732
10 60 2.5 2.75 5 5.5 6979.801234155741 0.2794154024813906
10 60 2.5 2.75 5.5 6 6136.272656482375 0.2424962650038651
10 60 2.5 2.75 6 6.5 5425.942892754444 0.2161355202288178
10 60 2.5 2.75 6.5 7 4822.040576314924 0.1906417810205312
10 60 2.5 2.75 7 7.5 4304.34484166335 0.1696502622717162
10 60 2.5 2.75 7.5 8 3857.334545714929 0.1523544411170406
10 60 2.5 2.75 8 8.5 3468.911787749212 0.1370804845578277
10 60 2.5 2.75 8.5 9 3129.526208814514 0.123799379231059
10 60 2.5 2.75 9 9.5 2831.531864601296 0.1125220878716391
10 60 2.5 2.75 9.5 10 2568.7363827534 0.1022326833672196
10 60 2.5 2.75 10 10.5 2336.076784604455 0.09208081002088875
10 60 2.5 2.75 10.5 11 2129.369875827533 0.08248820752214669
10 60 2.5 2.75 11 11.5 1945.128803807906 0.09369066831868622
10 60 2.5 2.75 11.5 12 1780.428032450741 0.07167903185631985
10 60 2.5 2.75 12 12.5 1632.794561512132 0.06342139647267686
10 60 2.5 2.75 12.5 13 1500.123599068189 0.05990795898969736
10 60 2.5 2.75 13 13.5 1380.613800173481 0.05667482474837016
10 60 2.5 2.75 13.5 14 1272.720283397948 0.05355630188159921
10 60 2.5 2.75 14 14.5 1175.109014978892 0.05037960342588121
10 60 2.5 2.75 14.5 15 1086.623062385538 0.04739071178119048
10 60 2.5 2.75 15 16 1939.389199257854 0.08752853726628018
10 60 2.5 2.75 16 17 1672.121103825614 0.07988199275041552
10 60 2.5 2.75 17 18 1449.032613204184 0.04583318383129154
10 60 2.5 2.75 18 19 1261.670628392668 0.05790629077228004
10 60 2.5 2.75 19 20 1103.41024103889 0.007015933814045638
10 60 2.5 2.75 20 21 969.0130179572401 0.005927968857918131
10 60 2.5 2.75 21 22 854.3068953810923 0.005038997255269351
10 60 2.5 2.75 22 23 755.9434687554611 0.004335588483058928
10 60 2.5 2.75 23 24 671.2193918297916 0.003746857201576859
10 60 2.5 2.75 24 25 597.9381258466553 0.003251300676197388
10 60 2.5 2.75 25 26 534.3026289282244 0.002839031764551692
10 60 2.5 2.75 26 27 478.8359333787137 0.002489936572374063
10 60 2.5 2.75 27 28 430.317942445265 0.00219603025016113
10 60 2.5 2.75 28 29 387.7337236467597 0.001944329094669683
10 60 2.5 2.75 29 30 350.2371583429819 0.001725907523109527
10 60 2.5 2.75 30 31 317.1193890205652 0.001539949054119916
10 60 2.5 2.75 31 32 287.7829886919606 0.001377050018504633
10 60 2.5 2.75 32 33 261.7232028968486 0.001235812280185655
10 60 2.5 2.75 33 34 238.513110366124 0.001113036043193461
10 60 2.5 2.75 34 35 217.7885574976804 0.001004606917916817
10 60 2.5 2.75 35 36 199.2380360545651 0.0009098250055501467
10 60 2.5 2.75 36 37 182.5949954551557 0.0008256516493361232
10 60 2.5 2.75 37 38 167.6302925241006 0.0007513776791654436
10 60 2.5 2.75 38 39 154.1456231166914 0.0006851559781750893
10 60 2.5 2.75 39 40 141.9696067556211 0.0006261738775492631
10 60 2.5 2.75 40 42 251.9224637231851 0.001099665944508388
10 60 2.5 2.75 42 44 215.5553372126515 0.0009295125022958928
10 60 2.5 2.75 44 46 185.4187708449496 0.0007908700391396906
10 60 2.5 2.75 46 48 160.2834082565309 0.0006770918273275583
10 60 2.5 2.75 48 50 139.1921264404479 0.0005837836573903132
10 60 2.5 2.75 50 52 121.3938335353695 0.0005056588622380787
10 60 2.5 2.75 52 54 106.2948275750595 0.0004403044826375435
10 60 2.5 2.75 54 56 93.42246616677787 0.0003851522190103651
10 60 2.5 2.75 56 58 82.39742438671568 0.0003383247827457581
10 60 2.5 2.75 58 60 72.91346531225757 0.000298304449842135
10 60 2.5 2.75 60 65 148.7811845898689 0.0006065710037717054
10 60 2.5 2.75 65 70 112.3556458933151 0.0004564077668902655
10 60 2.5 2.75 70 80 153.1597166776575 0.0006215844904318146
10 60 2.5 2.75 80 90 94.62487549068284 0.000385833231007382
10 60 2.5 2.75 90 100 60.91969616129017 0.0002506766300385266
10 60 2.75 3 0 0.5 -219755.0215678901 9.927342824084917
10 60 2.75 3 0.5 1 13303.87355746259 0.05574127720683464
10 60 2.75 3 1 1.5 24525.82330211385 1.066805941649363
10 60 2.75 3 1.5 2 21344.91411897882 0.7969118828150386
10 60 2.75 3 2 2.5 17663.69431165654 0.6081593524213531
10 60 2.75 3 2.5 3 14654.25510935108 0.4696410168908187
10 60 2.75 3 3 3.5 12293.85264387115 0.3713367808268231
10 60 2.75 3 3.5 4 10435.93049568413 0.3041441593413765
10 60 2.75 3 4 4.5 8953.799101044466 0.2707052391833713
10 60 2.75 3 4.5 5 7753.57353927892 0.2396886946326049
10 60 2.75 3 5 5.5 6767.739300754608 0.2072158082701208
10 60 2.75 3 5.5 6 5947.62510167356 0.187154471111171
10 60 2.75 3 6 6.5 5257.697792677498 0.1659161783327363
10 60 2.75 3 6.5 7 4671.61221263689 0.1494695160208721
10 60 2.75 3 7 7.5 4169.519152978309 0.137178248552118
10 60 2.75 3 7.5 8 3736.199008407023 0.1229557229826241
10 60 2.75 3 8 8.5 3359.838186016744 0.1150635066601353
10 60 2.75 3 8.5 9 3031.097853442303 0.1054136474863299
10 60 2.75 3 9 9.5 2742.52457287166 0.09833764802579026
10 60 2.75 3 9.5 10 2488.093707946192 0.09328796659428917
10 60 2.75 3 10 10.5 2262.869244192264 0.08712389377569707
10 60 2.75 3 10.5 11 2062.787207805813 0.08282215252029346
10 60 2.75 3 11 11.5 1884.464333360829 0.09049923708107599
10 60 2.75 3 11.5 12 1725.054379837144 0.07642828940788604
10 60 2.75 3 12 12.5 1582.158847817563 0.07300623802029804
10 60 2.75 3 12.5 13 1453.742239950409 0.06975030060539211
10 60 2.75 3 13 13.5 1338.059840028836 0.0662528432471845
10 60 2.75 3 13.5 14 1233.613908475616 0.0200407448498936
10 60 2.75 3 14 14.5 1139.115698701624 0.01334255931556072
10 60 2.75 3 14.5 15 1053.446354874909 0.008564343576836109
10 60 2.75 3 15 16 1880.457131013105 0.01942914784262939
10 60 2.75 3 16 17 1621.626442692284 0.02014218941735635
10 60 2.75 3 17 18 1405.531902833134 0.04262020447822579
10 60 2.75 3 18 19 1223.997058174679 0.05465097392425378
10 60 2.75 3 19 20 1070.619131499015 0.00688929970033314
10 60 2.75 3 20 21 940.3333223969751 0.005835461243691498
10 60 2.75 3 21 22 829.108785000563 0.004983314893365787
10 60 2.75 3 22 23 733.7066044258592 0.00428049757476856
10 60 2.75 3 23 24 651.5129408162923 0.00369570004011166
10 60 2.75 3 24 25 580.4019258353659 0.003211098575548021
10 60 2.75 3 25 26 518.6335188003677 0.002806481370157599
10 60 2.75 3 26 27 464.7803456757453 0.00246281746223076
10 60 2.75 3 27 28 417.6606415528889 0.002169519786548335
10 60 2.75 3 28 29 376.2937938820033 0.001922452013843667
10 60 2.75 3 29 30 339.8621029526139 0.001708707797888565
10 60 2.75 3 30 31 307.678519918622 0.001523488962902775
10 60 2.75 3 31 32 279.1655886361901 0.001364639294592962
10 60 2.75 3 32 33 253.8350844256318 0.00122412527687743
10 60 2.75 3 33 34 231.2720124576068 0.001102589989557146
10 60 2.75 3 34 35 211.1233124920556 0.0009949543571963204
10 60 2.75 3 35 36 193.0870897343991 0.0009010641216491422
10 60 2.75 3 36 37 176.9042085269392 0.0008174362947670488
10 60 2.75 3 37 38 162.352221683702 0.0007438433968900426
10 60 2.75 3 38 39 149.2391218075829 0.0006784631135872132
10 60 2.75 3 39 40 137.3985348517604 0.0006200248529069086
10 60 2.75 3 40 42 243.6627124139724 0.001087766376031141
10 60 2.75 3 42 44 208.2994627416934 0.0009189628340777745
10 60 2.75 3 44 46 178.9965977990097 0.0007820550843007368
10 60 2.75 3 46 48 154.5585103912949 0.0006695603487116841
10 60 2.75 3 48 50 134.0557493400598 0.00057609523784663
10 60 2.75 3 50 52 116.7594662804237 0.0004990387965335685
10 60 2.75 3 52 54 102.0928204922954 0.0004338282558649098
10 60 2.75 3 54 56 89.59541589708778 0.0003790544671176121
10 60 2.75 3 56 58 78.8974899199289 0.0003325650195904473
10 60 2.75 3 58 60 69.70047963601777 0.000293030575861053
10 60 2.75 3 60 65 141.7938783483276 0.0005939088045749941
10 60 2.75 3 65 70 106.5534014537782 0.0004453001893125474
10 60 2.75 3 70 80 144.0848339515781 0.0006025340476298879
10 60 2.75 3 80 90 87.88792588471834 0.0003698012296382558
10 60 2.75 3 90 100 55.75434483835698 0.0002371365427791261
10 60 3 3.25 0 0.5 -205761.0194084839 4.163017614861019
10 60 3 3.25 0.5 1 14643.58065012266 0.2555528888624394
10 60 3 3.25 1 1.5 24361.79867464941 1.063577160079149
10 60 3 3.25 1.5 2 20945.8561001305 0.7783130970456114
10 60 3 3.25 2 2.5 17243.45600137524 0.5863405629097542
10 60 3 3.25 2.5 3 14262.9639102911 0.4516203559342102
10 60 3 3.25 3 3.5 11942.30914378591 0.3573387534033827
10 60 3 3.25 3.5 4 10123.75369298756 0.2943347291256941
10 60 3 3.25 4 4.5 8677.400777174418 0.2515051639511512
10 60 3 3.25 4.5 5 7508.761076081247 0.2360167504102719
10 60 3 3.25 5 5.5 6550.480014074908 0.2033084015456552
10 60 3 3.25 5.5 6 5754.358377341779 0.1922886574620861
10 60 3 3.25 6 6.5 5085.308591353464 0.1721866687703368
10 60 3 3.25 6.5 7 4517.452152519301 0.1642526447803903
10 60 3 3.25 7 7.5 4031.290066300977 0.1514360078558639
10 60 3 3.25 7.5 8 3611.963761874521 0.1461652835419045
10 60 3 3.25 8 8.5 3247.898087274171 0.1379112047779927
10 60 3 3.25 8.5 9 2930.013719582341 0.1328050041761344
10 60 3 3.25 9 9.5 2651.041409220313 0.1285823103476105
10 60 3 3.25 9.5 10 2405.11930071051 0.0305702484088215
10 60 3 3.25 10 10.5 2187.461239270595 0.02629966363110725
10 60 3 3.25 10.5 11 1994.118544850885 0.02271537680644542
10 60 3 3.25 11 11.5 1821.808875154832 0.08690666351503751
10 60 3 3.25 11.5 12 1667.780796062589 0.06690597087208516
10 60 3 3.25 12 12.5 1529.709748299606 0.05077712062302453
10 60 3 3.25 12.5 13 1405.623319337976 0.037918474974731
10 60 3 3.25 13 13.5 1293.836563746351 0.02785512683021807
10 60 3 3.25 13.5 14 1192.900606415265 0.01970724449051886
10 60 3 3.25 14 14.5 1101.567890006772 0.01326297628816064
10 60 3 3.25 14.5 15 1018.758822800761 0.008401812812508069
10 60 3 3.25 15 16 1818.604221760556 0.0214918628655596
10 60 3 3.25 16 17 1568.321365275364 0.01745299908202469
10 60 3 3.25 17 18 1359.317734743589 0.03976864079322695
10 60 3 3.25 18 19 1183.705379473765 0.05109811217857896
10 60 3 3.25 19 20 1035.29770177615 0.006771690941832276
10 60 3 3.25 20 21 909.2066285547965 0.005745164821405524
10 60 3 3.25 21 22 801.5375987532205 0.00489725125453333
10 60 3 3.25 22 23 709.1671580817571 0.004207436812862397
10 60 3 3.25 23 24 629.5704921863456 0.003643163910510339
10 60 3 3.25 24 25 560.6947490807879 0.003165637298820911
10 60 3 3.25 25 26 500.8613597068703 0.002761890397209754
10 60 3 3.25 26 27 448.6888904586957 0.002430515531898436
10 60 3 3.25 27 28 403.0362195423843 0.002138631533398438
10 60 3 3.25 28 29 362.954064493392 0.001892653367406183
10 60 3 3.25 29 30 327.6506398315447 0.001684114981912899
10 60 3 3.25 30 31 296.4620338031211 0.001498538462158194
10 60 3 3.25 31 32 268.829722152768 0.001341758219268741
10 60 3 3.25 32 33 244.2813358070019 0.001205947572515242
10 60 3 3.25 33 34 222.4159920896564 0.00108365528561194
10 60 3 3.25 34 35 202.8920259849234 0.0009799838613844258
10 60 3 3.25 35 36 185.4172875127609 0.0008865844244780874
10 60 3 3.25 36 37 169.7412652792432 0.0008041974061256951
10 60 3 3.25 37 38 155.6482103359837 0.0007319254509638995
10 60 3 3.25 38 39 142.9517567110966 0.0006667718422193047
10 60 3 3.25 39 40 131.4904491852856 0.0006087702971910858
10 60 3 3.25 40 42 232.854970207003 0.001067750206857454
10 60 3 3.25 42 44 198.6551137224187 0.0009007634587305802
10 60 3 3.25 44 46 170.3376639859825 0.0007647860368251713
10 60 3 3.25 46 48 146.7422900587262 0.0006538675073670674
10 60 3 3.25 48 50 126.9657251210582 0.0005616746192913524
10 60 3 3.25 50 52 110.2988617466476 0.0004853128080384295
10 60 3 3.25 52 54 96.18082948853818 0.0004210857497071174
10 60 3 3.25 54 56 84.16514377754015 0.0003671185571931801
10 60 3 3.25 56 58 73.89363029037735 0.0003212812212467497
10 60 3 3.25 58 60 65.07676778679982 0.0002822682826462142
10 60 3 3.25 60 65 131.6505775050444 0.0005695961548894957
10 60 3 3.25 65 70 98.06429620569301 0.0004236223552567253
10 60 3 3.25 70 80 130.7627049822298 0.0005662925028957488
10 60 3 3.25 80 90 78.03856823442185 0.0003409094449864369
10 60 3 3.25 90 100 48.31318798974802 0.000269272002590526
10 60 3.25 3.5 0 0.5 -191667.1889911819 2.733355098374886
10 60 3.25 3.5 0.5 1 15978.60012742534 0.02283388830619515
10 60 3.25 3.5 1 1.5 24183.12235786489 1.116570143560239
10 60 3.25 3.5 1.5 2 20533.19002887814 0.8763906983986089
10 60 3.25 3.5 2 2.5 16811.51076216046 0.6718334344514005
10 60 3.25 3.5 2.5 3 13861.71145374438 0.556712476463872
10 60 3.25 3.5 3 3.5 11582.21980296256 0.47681400365218
10 60 3.25 3.5 3.5 4 9804.172438918824 0.4221230607508915
10 60 3.25 3.5 4 4.5 8394.497220930049 0.3702451468143408
10 60 3.25 3.5 4.5 5 7258.126340246474 0.3362947052683012
10 60 3.25 3.5 5 5.5 6327.98726806209 0.3144209203874198
10 60 3.25 3.5 5.5 6 5556.294013456059 0.1198098148561257
10 60 3.25 3.5 6 6.5 4908.501275400798 0.09900555423428159
10 60 3.25 3.5 6.5 7 4359.159080026288 0.08182703737747943
10 60 3.25 3.5 7 7.5 3889.187103013955 0.06820533023301323
10 60 3.25 3.5 7.5 8 3484.040169291405 0.05704851328573568
10 60 3.25 3.5 8 8.5 3132.449486872501 0.04808045700201546
10 60 3.25 3.5 8.5 9 2825.555549070466 0.04065426613124146
10 60 3.25 3.5 9 9.5 2556.301622861309 0.03474470215951442
10 60 3.25 3.5 9.5 10 2318.991365937356 0.02968048582533811
10 60 3.25 3.5 10 10.5 2108.98559035103 0.02557866530878528
10 60 3.25 3.5 10.5 11 1922.457206566678 0.02204979445355093
10 60 3.25 3.5 11 11.5 1756.229612346649 0.08381358893780089
10 60 3.25 3.5 11.5 12 1607.64264864019 0.06485230512021189
10 60 3.25 3.5 12 12.5 1474.447514596104 0.04915656487128217
10 60 3.25 3.5 12.5 13 1354.74187769632 0.03693483714710055
10 60 3.25 3.5 13 13.5 1246.897148283105 0.02725126355016982
10 60 3.25 3.5 13.5 14 1149.515480055191 0.01926522598864722
10 60 3.25 3.5 14 14.5 1061.395783497451 0.0132161448836996
10 60 3.25 3.5 14.5 15 981.4940486730129 0.008360427147977134
10 60 3.25 3.5 15 16 1751.741537079314 0.02306936122090519
10 60 3.25 3.5 16 17 1510.193744073963 0.01401019380455182
10 60 3.25 3.5 17 18 1308.444420442371 0.03567006041521381
10 60 3.25 3.5 18 19 1138.892636616615 0.04781869516159531
10 60 3.25 3.5 19 20 995.5876158302417 0.006602865471563746
10 60 3.25 3.5 20 21 873.8241489474243 0.005641257390152532
10 60 3.25 3.5 21 22 769.8504373317331 0.004821661538926492
10 60 3.25 3.5 22 23 680.650637316897 0.004103759963186349
10 60 3.25 3.5 23 24 603.7882045830186 0.003567954292748254
10 60 3.25 3.5 24 25 537.2824579502596 0.003112872111501019
10 60 3.25 3.5 25 26 479.5136335961689 0.002700443680339504
10 60 3.25 3.5 26 27 429.1490158710112 0.002373747322053532
10 60 3.25 3.5 27 28 385.0865410254834 0.002096466153204801
10 60 3.25 3.5 28 29 346.4102643997211 0.00185238512176511
10 60 3.25 3.5 29 30 312.3552678689913 0.001647255616489929
10 60 3.25 3.5 30 31 282.280020243512 0.001466961851235737
10 60 3.25 3.5 31 32 255.6442349174254 0.001311896288626713
10 60 3.25 3.5 32 33 231.9907782935813 0.001175180413582666
10 60 3.25 3.5 33 34 210.9314617941322 0.001057348820978632
10 60 3.25 3.5 34 35 192.1358024922757 0.0009533668757057967
10 60 3.25 3.5 35 36 175.3214997865334 0.0008618822307937535
10 60 3.25 3.5 36 37 160.2462728033016 0.0007806942993795474
10 60 3.25 3.5 37 38 146.7015971227472 0.00070968859810705
10 60 3.25 3.5 38 39 134.5072209319978 0.000646073085874832
10 60 3.25 3.5 39 40 123.5070876028267 0.0005893663403355731
10 60 3.25 3.5 40 42 218.1310415540719 0.00103172300370602
10 60 3.25 3.5 42 44 185.3897306896978 0.0008681744646708012
10 60 3.25 3.5 44 46 158.3308165538046 0.0007346369128526931
10 60 3.25 3.5 46 48 135.8290184904702 0.0006254164144081642
10 60 3.25 3.5 48 50 117.0098137570744 0.0005356631768904663
10 60 3.25 3.5 50 52 101.186958530616 0.0004608248098207923
10 60 3.25 3.5 52 54 87.81771932650508 0.0003984592913894858
10 60 3.25 3.5 54 56 76.4694715155658 0.0003459013735636063
10 60 3.25 3.5 56 58 66.79495910211476 0.0003014376995196244
10 60 3.25 3.5 58 60 58.51409959797382 0.0002635986511378974
10 60 3.25 3.5 60 65 117.2623556135614 0.000527408468499857
10 60 3.25 3.5 65 70 86.07009124449137 0.0003872207763322422
10 60 3.25 3.5 70 80 112.1677089434776 0.0006406220234680404
10 60 3.25 3.5 80 90 64.61173003009327 0.0005402394743043715
10 60 3.25 3.5 90 100 38.45888654979327 0.0004416146159655909
10 60 3.5 4 0 0.5 -341266.9930252904 5.593216901819687
10 60 3.5 4 0.5 1 35841.66106698903 0.02228791501693195
10 60 3.5 4 1 1.5 47704.1022757094 1.804607866892184
10 60 3.5 4 1.5 2 39727.01309824838 1.332594776220503
10 60 3.5 4 2 2.5 32245.50091992497 1.033309373866359
10 60 3.5 4 2.5 3 26451.7918777753 0.7946957767453569
10 60 3.5 4 3 3.5 22026.1447549507 0.6403202143737872
10 60 3.5 4 3.5 4 18598.62832468165 0.5106366899999557
10 60 3.5 4 4 4.5 15894.62202800025 0.412832506111954
10 60 3.5 4 4.5 5 13722.75224331174 0.3366924487127108
10 60 3.5 4 5 5.5 11949.94857558641 0.2751446274942282
10 60 3.5 4 5.5 6 10482.3455158145 0.2258783685811068
10 60 3.5 4 6 6.5 9252.48357165201 0.1867625434497313
10 60 3.5 4 6.5 7 8210.965496973035 0.1550061317266227
10 60 3.5 4 7 7.5 7320.909872902435 0.1298993683358276
10 60 3.5 4 7.5 8 6554.297634178853 0.108978614033731
10 60 3.5 4 8 8.5 5889.493594203815 0.09074577038700227
10 60 3.5 4 8.5 9 5309.538219501685 0.07816219465439644
10 60 3.5 4 9 9.5 4800.938327032505 0.06542012219506432
10 60 3.5 4 9.5 10 4352.845391412057 0.05635730960148067
10 60 3.5 4 10 10.5 3956.420420896707 0.04862207145151842
10 60 3.5 4 10.5 11 3604.402210753303 0.04158234402711969
10 60 3.5 4 11 11.5 3290.754059625349 0.1596018930654282
10 60 3.5 4 11.5 12 3010.435114665311 0.1236681506420609
10 60 3.5 4 12 12.5 2759.192088221143 0.0942505342095501
10 60 3.5 4 12.5 13 2533.421977621817 0.07090434738393014
10 60 3.5 4 13 13.5 2330.047223280663 0.05256244475413041
10 60 3.5 4 13.5 14 2146.427128357952 0.03758775752112342
10 60 3.5 4 14 14.5 1980.289781467695 0.02582667895649138
10 60 3.5 4 14.5 15 1829.666769257966 0.01641637818715935
10 60 3.5 4 15 16 3261.196604607045 0.04914050262550518
10 60 3.5 4 16 17 2806.078212927958 0.0235905688573439
10 60 3.5 4 17 18 2426.110430882367 0.06649707226415558
10 60 3.5 4 18 19 2106.954259262745 0.08929969108339719
10 60 3.5 4 19 20 1837.363175259413 0.01268800945695148
10 60 3.5 4 20 21 1608.447818043973 0.01077278011098315
10 60 3.5 4 21 22 1413.127565807253 0.009164530049929454
10 60 3.5 4 22 23 1245.713607031035 0.007863600761766065
10 60 3.5 4 23 24 1101.607441797488 0.006792028657400806
10 60 3.5 4 24 25 977.0684512750006 0.005910705436690478
10 60 3.5 4 25 26 869.034721216151 0.005127348395944864
10 60 3.5 4 26 27 774.9855471264424 0.004492603481480728
10 60 3.5 4 27 28 692.8342560212033 0.003951933673533858
10 60 3.5 4 28 29 620.8477529453182 0.004613341567846874
10 60 3.5 4 29 30 557.5767220072885 0.006016023611891796
10 60 3.5 4 30 31 501.8067790399841 0.006643011802282217
10 60 3.5 4 31 32 452.5152086325364 0.007131998929423844
10 60 3.5 4 32 33 408.8374306381587 0.007704652472682483
10 60 3.5 4 33 34 370.0392786740635 0.008120436983460877
10 60 3.5 4 34 35 335.4951774445639 0.008170431183771143
10 60 3.5 4 35 36 304.6702044228161 0.008163210344491745
10 60 3.5 4 36 37 277.1054686259158 0.008166837675275929
10 60 3.5 4 37 38 252.4060513511881 0.008475047978095063
10 60 3.5 4 38 39 230.2313120627337 0.009027198915219969
10 60 3.5 4 39 40 210.2866788749737 0.009378004197600376
10 60 3.5 4 40 42 368.4126016845705 0.01754212947298583
10 60 3.5 4 42 44 309.5931554376963 0.001543401614981121
10 60 3.5 4 44 46 261.3138533070396 0.001293624218021705
10 60 3.5 4 46 48 221.4598217556866 0.001090580298722443
10 60 3.5 4 48 50 188.3862049842114 0.0009234712001671141
10 60 3.5 4 50 52 160.8049897646737 0.0007856895877011993
10 60 3.5 4 52 54 137.6989168660968 0.0006707309306079878
10 60 3.5 4 54 56 118.259938856268 0.0005752013629205521
10 60 3.5 4 56 58 101.8422168955644 0.000494934642432554
10 60 3.5 4 58 60 87.92559699820384 0.0004272761241992384
10 60 3.5 4 60 65 171.7499367228338 0.0008357607812570222
10 60 3.5 4 65 70 121.1514987334778 0.0005920058165145292
10 60 3.5 4 70 80 148.5836573373478 0.0007331069992631001
10 60 3.5 4 80 90 78.02566429366271 0.0003920474729852685
10 60 3.5 4 90 100 41.97905347017316 0.0002156148167884453
10 60 4 5 0 0.5 -512247.7294012801 9.302446266985498
10 60 4 5 0.5 1 84108.1615422055 0.3624183341744356
10 60 4 5 1 1.5 89518.39288616706 3.515081404446391
10 60 4 5 1.5 2 71460.30121027867 2.383667380854604
10 60 4 5 2 2.5 56823.28091934309 1.727429328937433
10 60 4 5 2.5 3 46006.67697525494 1.680411151632143
10 60 4 5 3 3.5 37942.7929584997 1.024075352179352
10 60 4 5 3.5 4 31792.59441614604 0.8175086537958123
10 60 4 5 4 4.5 26992.28802847926 0.6568163122828992
10 60 4 5 4.5 5 23167.31331954432 0.6140357849544671
10 60 4 5 5 5.5 20064.51805708019 0.9101629479155235
10 60 4 5 5.5 6 17508.80599592653 0.3812007596716285
10 60 4 5 6 6.5 15376.11926982646 0.3198270779976156
10 60 4 5 6.5 7 13576.56063610889 0.2697402629910357
10 60 4 5 7 7.5 12043.63680201871 0.2248075501120184
10 60 4 5 7.5 8 10727.18785221259 0.1901771360317071
10 60 4 5 8 8.5 9588.688992820318 0.1612681464685011
10 60 4 5 8.5 9 8598.106793957131 0.1358274200028973
10 60 4 5 9 9.5 7731.656824126049 0.116225917778138
10 60 4 5 9.5 10 6970.252806954625 0.09822450434785424
10 60 4 5 10 10.5 6298.414339787499 0.08465618378158979
10 60 4 5 10.5 11 5703.439556167274 0.07251346789598756
10 60 4 5 11 11.5 5174.797819235618 0.06379741493128677
10 60 4 5 11.5 12 4703.698958512476 0.1973774898442571
10 60 4 5 12 12.5 4282.742792494349 0.1461367317378972
10 60 4 5 12.5 13 3905.65703082793 0.1053456593640476
10 60 4 5 13 13.5 3567.095418178221 0.07265647863550839
10 60 4 5 13.5 14 3262.478771339348 0.04677968770783991
10 60 4 5 14 14.5 2987.862427896415 0.03004522518267549
10 60 4 5 14.5 15 2739.831498937592 0.02668008399132304
10 60 4 5 15 16 4827.469375516132 0.0539653012619965
10 60 4 5 16 17 4087.111397847874 0.1714272177705425
10 60 4 5 17 18 3474.600230503321 0.0299429534779847
10 60 4 5 18 19 2965.109842428828 0.02462492461427246
10 60 4 5 19 20 2539.216378851739 0.0204360128072949
10 60 4 5 20 21 2181.579047190667 0.01706237849475656
10 60 4 5 21 22 1879.992258226782 0.0143293466085197
10 60 4 5 22 23 1624.674396995158 0.01207641655264524
10 60 4 5 23 24 1407.738262859302 0.01255745110847784
10 60 4 5 24 25 1222.785786894928 0.01324965060757677
10 60 4 5 25 26 1064.59769805215 0.01407763166389486
10 60 4 5 26 27 928.8949195006417 0.01386169639397394
10 60 4 5 27 28 812.1542190896508 0.01356094329662483
10 60 4 5 28 29 711.4612267946945 0.01403852784756054
10 60 4 5 29 30 624.3945066199112 0.01450483616497422
10 60 4 5 30 31 548.933296515514 0.01469178284412465
10 60 4 5 31 32 483.3855078563683 0.01388231456724043
10 60 4 5 32 33 426.3300625239084 0.01298806559321974
10 60 4 5 33 34 376.5685201920591 0.01314944959153763
10 60 4 5 34 35 333.0861427825752 0.01282830669111945
10 60 4 5 35 36 295.02136339885 0.01237383594212815
10 60 4 5 36 37 261.6419204213478 0.01193611896479752
10 60 4 5 37 38 232.3237215031536 0.01153773303377648
10 60 4 5 38 39 206.5328459914869 0.001293142773960199
10 60 4 5 39 40 183.811372118625 0.001143288449952706
10 60 4 5 40 42 309.8226665708887 0.001922622583037992
10 60 4 5 42 44 246.9107306418193 0.00151898103732151
10 60 4 5 44 46 197.5110191860847 0.001209519983774499
10 60 4 5 46 48 158.5419624554299 0.0009657255851323043
10 60 4 5 48 50 127.6714234618185 0.005495867232269802
10 60 4 5 50 52 103.1205394780808 0.0024164320577853
10 60 4 5 52 54 83.52431223440945 0.0005038490032802656
10 60 4 5 54 56 67.82926925862259 0.003116676779995942
10 60 4 5 56 58 55.21674385191227 0.000332895787316545
10 60 4 5 58 60 45.05020961227078 0.0002715152547096977
10 60 4 5 60 65 79.9891578448898 0.0004815939629025934
10 60 4 5 65 70 48.86306650144996 0.0002958713893548293
10 60 4 5 70 80 48.80009975699519 0.001058842941830562
10 60 4 5 80 90 18.92657038595788 0.0005258030441268602
10 60 4 5 90 100 7.40066236810481 0.0002388590499595722
60 120 -5 -4 0 0.5 -0.6371085704151772 6.756212550307339e-06
60 120 -5 -4 0.5 1 1878.622338525702 0.08585016842721416
60 120 -5 -4 1 1.5 3540.425616164759 0.1197026629265565
60 120 -5 -4 1.5 2 3050.689168400207 0.06310289422708593
60 120 -5 -4 2 2.5 2545.526313513109 0.03829700852475071
60 120 -5 -4 2.5 3 2138.778735383116 0.0247263982532786
60 120 -5 -4 3 3.5 1819.740163321678 0.01655373723292541
60 120 -5 -4 3.5 4 1567.483207200924 0.01135273440172568
60 120 -5 -4 4 4.5 1364.679856944092 0.06303410085524774
60 120 -5 -4 4.5 5 1199.701354388343 0.04594472502412827
60 120 -5 -4 5 5.5 1063.293060115891 0.03269921016931221
60 120 -5 -4 5.5 6 949.0657934975609 0.02230486856444713
60 120 -5 -4 6 6.5 852.3274846316395 0.01405353342533999
60 120 -5 -4 6.5 7 769.5764681054328 0.00745577880888959
60 120 -5 -4 7 7.5 698.162626479315 0.002147610696852098
60 120 -5 -4 7.5 8 636.0505947956328 0.002147139770386275
60 120 -5 -4 8 8.5 581.6503036372528 0.005623319192295639
60 120 -5 -4 8.5 9 533.7050014440789 0.008440637180569865
60 120 -5 -4 9 9.5 491.2081762583783 0.01073464540769464
60 120 -5 -4 9.5 10 453.3480154146115 0.01260265732736343
60 120 -5 -4 10 10.5 419.4626361729397 0.01411985936942983
60 120 -5 -4 10.5 11 389.0055686928635 0.01535437165472331
60 120 -5 -4 11 11.5 361.5235277886416 0.0179702169954794
60 120 -5 -4 11.5 12 336.7165057759229 0.01541823282531141
60 120 -5 -4 12 12.5 314.1017260984268 0.01328172232376801
60 120 -5 -4 12.5 13 293.4936679199066 0.0114525214478931
60 120 -5 -4 13 13.5 274.6619285841966 0.00991031966140099
60 120 -5 -4 13.5 14 257.4086560267316 0.008631529819865591
60 120 -5 -4 14 14.5 241.562728742767 0.007524525465669285
60 120 -5 -4 14.5 15 226.9761576064243 0.0065681770273045
60 120 -5 -4 15 16 414.6035542682312 0.00297227929888777
60 120 -5 -4 16 17 368.4475920811049 0.00282024554309146
60 120 -5 -4 17 18 328.6690898900008 0.00270619913800374
60 120 -5 -4 18 19 294.1716058816539 0.002598354784254298
60 120 -5 -4 19 20 264.0862262510756 0.002525867028623452
60 120 -5 -4 20 21 237.716607900103 0.01180780892039479
60 120 -5 -4 21 22 214.4983456531771 0.009063609122023308
60 120 -5 -4 22 23 193.9706063110095 0.006901142077424538
60 120 -5 -4 23 24 175.7537672930598 0.005181132557424917
60 120 -5 -4 24 25 159.532757214158 0.003801032888617328
60 120 -5 -4 25 26 145.0441161735359 0.002711336476210136
60 120 -5 -4 26 27 132.0660258894448 0.002325286036210628
60 120 -5 -4 27 28 120.4108403133986 0.002301571354408338
60 120 -5 -4 28 29 109.9185931069506 0.002267135048768409
60 120 -5 -4 29 30 100.4523665028347 0.002204885799443446
60 120 -5 -4 30 31 91.89448238952133 0.002128335504636425
60 120 -5 -4 31 32 84.14333718067316 0.002030283447766124
60 120 -5 -4 32 33 77.1107626178086 0.001917220536270747
60 120 -5 -4 33 34 70.72008333062286 0.001789280166050844
60 120 -5 -4 34 35 64.90423259056494 0.001659919048719871
60 120 -5 -4 35 36 59.60440797366398 0.001521285369122438
60 120 -5 -4 36 37 54.76880983085447 0.00138555639317417
60 120 -5 -4 37 38 50.35170601896356 0.001300200599509083
60 120 -5 -4 38 39 46.31259383837904 0.001331596418907566
60 120 -5 -4 39 40 42.61549325502911 0.001352927611456778
60 120 -5 -4 40 42 75.35123857232196 0.001676986841445682
60 120 -5 -4 42 44 63.92941091525009 0.00127262062004263
60 120 -5 -4 44 46 54.29367281430944 0.0009245025327970779
60 120 -5 -4 46 48 46.14567756625927 0.0006292091011133039
60 120 -5 -4 48 50 39.24218153244054 0.0003812381233174733
60 120 -5 -4 50 52 33.3837169091097 0.0001931935441987775
60 120 -5 -4 52 54 28.40548112323212 5.775121117324034e-05
60 120 -5 -4 54 56 24.17071388163021 4.520053527912182e-05
60 120 -5 -4 56 58 20.56554602165274 0.0001198714117194299
60 120 -5 -4 58 60 17.49453945047879 0.0001709583997460129
60 120 -5 -4 60 65 33.11550627184109 0.0005411979504899023
60 120 -5 -4 65 70 22.01838517497119 0.000578541464111737
60 120 -5 -4 70 80 24.17440501554204 0.0004692528359271364
60 120 -5 -4 80 90 10.35220228789663 0.0001502200606342541
60 120 -5 -4 90 100 4.291985456536156 0.0001021227192099516
60 120 -4 -3.5 0 0.5 -2.652788747380227 0.0001016900571988444
60 120 -4 -3.5 0.5 1 1562.420506222962 0.0712423986617523
60 120 -4 -3.5 1 1.5 6310.308527789973 0.08725811528711347
60 120 -4 -3.5 1.5 2 6519.352091165615 0.01407328059303836
60 120 -4 -3.5 2 2.5 5854.000253079688 0.005830867922668403
60 120 -4 -3.5 2.5 3 5134.236737513658 0.003501361651615298
60 120 -4 -3.5 3 3.5 4500.322097639785 0.0004637317551896558
60 120 -4 -3.5 3.5 4 3965.800466755622 0.004260439522113302
60 120 -4 -3.5 4 4.5 3518.360667507385 0.003584704208151379
60 120 -4 -3.5 4.5 5 3142.470888293328 0.003870299155551038
60 120 -4 -3.5 5 5.5 2824.411756841595 0.003301296952940902
60 120 -4 -3.5 5.5 6 2553.054735239482 0.001558329131967184
60 120 -4 -3.5 6 6.5 2319.638165232739 0.001548836327856407
60 120 -4 -3.5 6.5 7 2117.300650574091 0.001080145048490522
60 120 -4 -3.5 7 7.5 1940.647702767767 0.0001812953667013062
60 120 -4 -3.5 7.5 8 1785.402329149473 0.0001412138585692446
60 120 -4 -3.5 8 8.5 1648.14823318454 0.0005085938237243681
60 120 -4 -3.5 8.5 9 1526.131016021763 0.0001190385025893193
60 120 -4 -3.5 9 9.5 1417.111171970711 0.0003132436179384968
60 120 -4 -3.5 9.5 10 1319.2543174552 0.000408900756838193
60 120 -4 -3.5 10 10.5 1231.044290834925 0.0006769422977868089
60 120 -4 -3.5 10.5 11 1151.219313287569 0.05521984551000969
60 120 -4 -3.5 11 11.5 1078.723318442374 0.04770508337446699
60 120 -4 -3.5 11.5 12 1012.664923814836 0.0413784686153349
60 120 -4 -3.5 12 12.5 952.2869903236789 0.03609405611064176
60 120 -4 -3.5 12.5 13 896.942078447589 0.03159008158468168
60 120 -4 -3.5 13 13.5 846.0746017932519 0.02779307944445009
60 120 -4 -3.5 13.5 14 799.2049007184054 0.02449407685276128
60 120 -4 -3.5 14 14.5 755.9178615052681 0.02164540400713122
60 120 -4 -3.5 14.5 15 715.8521473557618 0.01922246549281681
60 120 -4 -3.5 15 16 1322.850299552073 0.00159526661673226
60 120 -4 -3.5 16 17 1194.037351157607 0.0007780227256262151
60 120 -4 -3.5 17 18 1081.844153528097 0.0006257731304231129
60 120 -4 -3.5 18 19 983.5187434701023 0.0009081086188871268
60 120 -4 -3.5 19 20 896.8634836068463 0.000504860077057856
60 120 -4 -3.5 20 21 820.1056332156385 0.000261472955003228
60 120 -4 -3.5 21 22 751.8019361687981 0.03730382937726517
60 120 -4 -3.5 22 23 690.7663343900639 0.03085691897422294
60 120 -4 -3.5 23 24 636.0165893181775 0.02564870931746555
60 120 -4 -3.5 24 25 586.732510496478 0.02133680824749717
60 120 -4 -3.5 25 26 542.2243742162108 0.0178367856483419
60 120 -4 -3.5 26 27 501.9082298506071 0.01490394999279943
60 120 -4 -3.5 27 28 465.2874990637254 0.01246536739051862
60 120 -4 -3.5 28 29 431.9375036088032 0.01040519529874473
60 120 -4 -3.5 29 30 401.4934216801404 0.00868301862789167
60 120 -4 -3.5 30 31 373.6400953942626 0.007191193462233514
60 120 -4 -3.5 31 32 348.1043988864892 0.005952890961111734
60 120 -4 -3.5 32 33 324.6481007694139 0.004882036174535642
60 120 -4 -3.5 33 34 303.0630053049497 0.003992303966583677
60 120 -4 -3.5 34 35 283.1659677149312 0.003214985544843785
60 120 -4 -3.5 35 36 264.7958461827627 0.002563922318358891
60 120 -4 -3.5 36 37 247.810043605915 0.001998347728687122
60 120 -4 -3.5 37 38 232.0822157450595 0.001503248134270052
60 120 -4 -3.5 38 39 217.5001706769318 0.001085395619213614
60 120 -4 -3.5 39 40 203.9637701739467 0.0007149855972556907
60 120 -4 -3.5 40 42 371.0630951059929 0.002129753799863465
60 120 -4 -3.5 42 44 327.397226999642 0.001624434048153489
60 120 -4 -3.5 44 46 289.4204536188965 0.00431693939339084
60 120 -4 -3.5 46 48 256.2782159631496 0.006247850791339715
60 120 -4 -3.5 48 50 227.2668118418613 0.01130098567676896
60 120 -4 -3.5 50 52 201.8026936611722 0.009824070508756222
60 120 -4 -3.5 52 54 179.3987960125827 0.008551239329165128
60 120 -4 -3.5 54 56 159.6454165688963 0.00744794547151173
60 120 -4 -3.5 56 58 142.1959532980271 0.00650073470001189
60 120 -4 -3.5 58 60 126.7555120328709 0.005682320838388932
60 120 -4 -3.5 60 65 260.3463079140769 0.01129180058256907
60 120 -4 -3.5 65 70 196.3497296269083 0.008128972020386982
60 120 -4 -3.5 70 80 260.9925954573131 0.01017819098183281
60 120 -4 -3.5 80 90 150.1900544879352 0.005444465829725686
60 120 -4 -3.5 90 100 86.69078092076484 0.002956831627088263
60 120 -3.5 -3.25 0 0.5 -1.903270610464502 6.129409778221628e-05
60 120 -3.5 -3.25 0.5 1 -55.0188570033432 0.001387821679180945
60 120 -3.5 -3.25 1 1.5 3259.337501379899 0.05957697828762321
60 120 -3.5 -3.25 1.5 2 3928.564515237389 0.01201814854721306
60 120 -3.5 -3.25 2 2.5 3705.098555168223 0.001994298344925483
60 120 -3.5 -3.25 2.5 3 3334.461253489283 0.008178275084446796
60 120 -3.5 -3.25 3 3.5 2971.956561931368 0.009105040808663034
60 120 -3.5 -3.25 3.5 4 2650.83821826745 0.004928807012220204
60 120 -3.5 -3.25 4 4.5 2374.113996053941 0.002704943372918933
60 120 -3.5 -3.25 4.5 5 2137.056664191191 0.000521679461144231
60 120 -3.5 -3.25 5 5.5 1933.564456580919 0.00181714386440035
60 120 -3.5 -3.25 5.5 6 1758.018428795782 0.002263628151467856
60 120 -3.5 -3.25 6 6.5 1605.67086917873 0.003086781094452817
60 120 -3.5 -3.25 6.5 7 1472.636417195262 0.004646206630241068
60 120 -3.5 -3.25 7 7.5 1355.764000141517 0.004257552450553703
60 120 -3.5 -3.25 7.5 8 1252.500334709895 0.004140055293873957
60 120 -3.5 -3.25 8 8.5 1160.765065652512 0.004676199936966441
60 120 -3.5 -3.25 8.5 9 1078.86185300338 0.004617898400738341
60 120 -3.5 -3.25 9 9.5 1005.39866501189 0.004069654549539337
60 120 -3.5 -3.25 9.5 10 939.2236819989129 0.003426406212611255
60 120 -3.5 -3.25 10 10.5 879.3783245822837 0.04314338737742673
60 120 -3.5 -3.25 10.5 11 825.0604917980859 0.03721345000849396
60 120 -3.5 -3.25 11 11.5 775.5911049029042 0.03227342181651238
60 120 -3.5 -3.25 11.5 12 730.3932098276138 0.0281105152936334
60 120 -3.5 -3.25 12 12.5 688.9751942594655 0.02454643933322131
60 120 -3.5 -3.25 12.5 13 650.9165510886542 0.02155754449279357
60 120 -3.5 -3.25 13 13.5 615.8547506438263 0.01896357169425755
60 120 -3.5 -3.25 13.5 14 583.4762084511142 0.01677502890606775
60 120 -3.5 -3.25 14 14.5 553.5078739691188 0.01486694624588836
60 120 -3.5 -3.25 14.5 15 525.71156486862 0.01320360635463658
60 120 -3.5 -3.25 15 16 975.7036186267336 0.002914472294037296
60 120 -3.5 -3.25 16 17 885.8130256352129 0.00294641925279393
60 120 -3.5 -3.25 17 18 807.2201920670017 0.04024997942337905
60 120 -3.5 -3.25 18 19 738.0834092775989 0.03646276497977397
60 120 -3.5 -3.25 19 20 676.9291536613885 0.03313301327602858
60 120 -3.5 -3.25 20 21 622.5653125580818 0.0301946062324987
60 120 -3.5 -3.25 21 22 574.0182700630537 0.02758625807518911
60 120 -3.5 -3.25 22 23 530.4849883279167 0.0252598807345521
60 120 -3.5 -3.25 23 24 491.2970831260369 0.02317446132042278
60 120 -3.5 -3.25 24 25 455.8950026732276 0.02129728722826485
60 120 -3.5 -3.25 25 26 423.8079986822951 0.01960310561736378
60 120 -3.5 -3.25 26 27 394.6373838248504 0.01807013147225689
60 120 -3.5 -3.25 27 28 368.0439556364936 0.01668061714730129
60 120 -3.5 -3.25 28 29 343.7366598332597 0.01541825890780046
60 120 -3.5 -3.25 29 30 321.4650456838378 0.01426857487427924
60 120 -3.5 -3.25 30 31 301.0119742648488 0.01321915720347988
60 120 -3.5 -3.25 31 32 282.1885516333205 0.01225905684344752
60 120 -3.5 -3.25 32 33 264.8300402578748 0.01137867517905988
60 120 -3.5 -3.25 33 34 248.7920935819051 0.01057039411836058
60 120 -3.5 -3.25 34 35 233.9482420736414 0.009827125397890768
60 120 -3.5 -3.25 35 36 220.186749817558 0.009143020324557938
60 120 -3.5 -3.25 36 37 207.4089014287017 0.008513054060557579
60 120 -3.5 -3.25 37 38 195.5270538514919 0.007932437052147634
60 120 -3.5 -3.25 38 39 184.463169451002 0.007396510702733394
60 120 -3.5 -3.25 39 40 174.1474780793358 0.006901271804338194
60 120 -3.5 -3.25 40 42 320.03438452265 0.01246204580991161
60 120 -3.5 -3.25 42 44 286.302939462308 0.01088654968765468
60 120 -3.5 -3.25 44 46 256.6836471000807 0.009530847656094465
60 120 -3.5 -3.25 46 48 230.5775558774139 0.008358648686112247
60 120 -3.5 -3.25 48 50 207.4907159648068 0.007345202716805943
60 120 -3.5 -3.25 50 52 187.0123376947095 0.006469014418712504
60 120 -3.5 -3.25 52 54 168.7979641912061 0.00570597646611759
60 120 -3.5 -3.25 54 56 152.5570157067605 0.005039749527583126
60 120 -3.5 -3.25 56 58 138.0429743287834 0.004460279495077657
60 120 -3.5 -3.25 58 60 125.0460379974671 0.003953559511472804
60 120 -3.5 -3.25 60 65 264.1516232013091 0.008057727420123229
60 120 -3.5 -3.25 65 70 207.9093305516897 0.006033736820825197
60 120 -3.5 -3.25 70 80 294.841738395796 0.008024328759063337
60 120 -3.5 -3.25 80 90 186.794355955404 0.004703704567646128
60 120 -3.5 -3.25 90 100 119.5746520884932 0.002826395273984872
60 120 -3.25 -3 0 0.5 -2.203372452159574 6.679249045360436e-05
60 120 -3.25 -3 0.5 1 -721.6471110009934 0.03526635037405867
60 120 -3.25 -3 1 1.5 3014.540897461267 0.07496849026620112
60 120 -3.25 -3 1.5 2 4072.991852091257 0.006469749520874757
60 120 -3.25 -3 2 2.5 3959.968526657279 0.004953171191573347
60 120 -3.25 -3 2.5 3 3617.773288858626 0.002509484593701927
60 120 -3.25 -3 3 3.5 3254.661869689873 0.005143436381786159
60 120 -3.25 -3 3.5 4 2922.173376528823 0.003447762515861541
60 120 -3.25 -3 4 4.5 2630.342211629775 0.003889604933647206
60 120 -3.25 -3 4.5 5 2377.32007240653 0.002382626506914676
60 120 -3.25 -3 5 5.5 2158.266614545658 0.003214754891814664
60 120 -3.25 -3 5.5 6 1968.080148647211 0.003166524442804075
60 120 -3.25 -3 6 6.5 1802.197011177442 0.003104458638063079
60 120 -3.25 -3 6.5 7 1656.754874837742 0.002952637773660172
60 120 -3.25 -3 7 7.5 1528.538786643693 0.002966460185916731
60 120 -3.25 -3 7.5 8 1414.906970180369 0.001997700680476555
60 120 -3.25 -3 8 8.5 1313.697512869607 0.001630502304806214
60 120 -3.25 -3 8.5 9 1223.130301666424 0.06086673399477149
60 120 -3.25 -3 9 9.5 1141.733035586622 0.05639230158180908
60 120 -3.25 -3 9.5 10 1068.280064199713 0.05239088371172329
60 120 -3.25 -3 10 10.5 1001.74374464875 0.0487911495293929
60 120 -3.25 -3 10.5 11 941.2568022247874 0.04554388132828535
60 120 -3.25 -3 11 11.5 886.0871803228091 0.0426068441214511
60 120 -3.25 -3 11.5 12 835.612156402056 0.03993782242469024
60 120 -3.25 -3 12 12.5 789.3001732054609 0.0375008550287248
60 120 -3.25 -3 12.5 13 746.6942995903555 0.03527040384176416
60 120 -3.25 -3 13 13.5 707.4000851186337 0.03322442460910224
60 120 -3.25 -3 13.5 14 671.0752395169703 0.03134199305759466
60 120 -3.25 -3 14 14.5 637.4215916385106 0.02960550672207773
60 120 -3.25 -3 14.5 15 606.1770026437129 0.02800141469231221
60 120 -3.25 -3 15 16 1127.135377712821 0.05165309709241228
60 120 -3.25 -3 16 17 1025.813669022475 0.04651739016298961
60 120 -3.25 -3 17 18 937.0728518770729 0.04206027561258452
60 120 -3.25 -3 18 19 858.8836069268538 0.03816176532711779
60 120 -3.25 -3 19 20 789.6182350179236 0.03473092307694969
60 120 -3.25 -3 20 21 727.9543966356597 0.03169429849515382
60 120 -3.25 -3 21 22 672.8071244084996 0.03110844002151225
60 120 -3.25 -3 22 23 623.2811842075959 0.02657675230943823
60 120 -3.25 -3 23 24 578.6331760847771 0.02441350976698686
60 120 -3.25 -3 24 25 538.2413033577128 0.02246716805711912
60 120 -3.25 -3 25 26 501.5809459410074 0.02071075971525715
60 120 -3.25 -3 26 27 468.207669545357 0.01912178475424753
60 120 -3.25 -3 27 28 437.7410125541434 0.01768094980923252
60 120 -3.25 -3 28 29 409.8541478835475 0.01636954170078297
60 120 -3.25 -3 29 30 384.2651014438667 0.01517316323884188
60 120 -3.25 -3 30 31 360.7304434815988 0.01407892672267508
60 120 -3.25 -3 31 32 339.0388649871121 0.01307665603059149
60 120 -3.25 -3 32 33 319.0057356217604 0.01215819530602857
60 120 -3.25 -3 33 34 300.4692970003737 0.01131452560201751
60 120 -3.25 -3 34 35 283.2873218181678 0.01053855771806411
60 120 -3.25 -3 35 36 267.3340778194887 0.009823443309642244
60 120 -3.25 -3 36 37 252.4982140889536 0.00916382796799553
60 120 -3.25 -3 37 38 238.6806120449418 0.00855415343849586
60 120 -3.25 -3 38 39 225.792967759223 0.007990473753579863
60 120 -3.25 -3 39 40 213.7566502705401 0.007469135227552215
60 120 -3.25 -3 40 42 394.4643261727163 0.01424283819483207
60 120 -3.25 -3 42 44 354.9046282030808 0.01186285094797768
60 120 -3.25 -3 44 46 320.0443941078984 0.01042961261532582
60 120 -3.25 -3 46 48 289.206367460771 0.009189646317736333
60 120 -3.25 -3 48 50 261.8305670980201 0.008113486916215606
60 120 -3.25 -3 50 52 237.4508954503345 0.007177000975389092
60 120 -3.25 -3 52 54 215.6769794837392 0.00636086693086213
60 120 -3.25 -3 54 56 196.1799483309585 0.005647508985532568
60 120 -3.25 -3 56 58 178.6806889485458 0.005023224375918289
60 120 -3.25 -3 58 60 162.9407159291847 0.004476804158713321
60 120 -3.25 -3 60 65 348.2606128929196 0.0092134171344469
60 120 -3.25 -3 65 70 279.0280634703168 0.007000919655922644
60 120 -3.25 -3 70 80 406.6238445603558 0.009528980345692162
60 120 -3.25 -3 80 90 268.2617824319299 0.005790217961248345
60 120 -3.25 -3 90 100 179.4441425802565 0.003620340075372042
60 120 -3 -2.75 0 0.5 -2.463624366845063 7.025285942630077e-05
60 120 -3 -2.75 0.5 1 -1361.591485036485 0.045264464314414
60 120 -3 -2.75 1 1.5 2692.07478159954 0.08589134364819984
60 120 -3 -2.75 1.5 2 4106.747379007467 0.01174224759961362
60 120 -3 -2.75 2 2.5 4105.930623915136 0.008034717839109362
60 120 -3 -2.75 2.5 3 3800.788367089238 0.006354516295232315
60 120 -3 -2.75 3 3.5 3446.663409154424 0.0009341252443846315
60 120 -3 -2.75 3.5 4 3111.758320024101 0.002728599822148681
60 120 -3 -2.75 4 4.5 2812.696699622624 0.0005865336020178802
60 120 -3 -2.75 4.5 5 2550.556266487401 0.0007483948234039417
60 120 -3 -2.75 5 5.5 2321.894056003324 0.002207446552347392
60 120 -3 -2.75 5.5 6 2122.272774909653 0.1060087806931733
60 120 -3 -2.75 6 6.5 1947.41022987675 0.09616260171583235
60 120 -3 -2.75 6.5 7 1793.533098461937 0.08764647074463028
60 120 -3 -2.75 7 7.5 1657.46885167457 0.08021324127707885
60 120 -3 -2.75 7.5 8 1536.579822802172 0.07368556155893202
60 120 -3 -2.75 8 8.5 1428.677619887499 0.06792194699323773
60 120 -3 -2.75 8.5 9 1331.945382494692 0.06279357318612711
60 120 -3 -2.75 9 9.5 1244.862170247271 0.05821518952689075
60 120 -3 -2.75 9.5 10 1166.154201605705 0.05411062964140001
60 120 -3 -2.75 10 10.5 1094.753472300759 0.05201971703127128
60 120 -3 -2.75 10.5 11 1029.75979214126 0.04707261325370382
60 120 -3 -2.75 11 11.5 970.4095512601573 0.04404862901594697
60 120 -3 -2.75 11.5 12 916.0519935533135 0.04129782649488334
60 120 -3 -2.75 12 12.5 866.130243956346 0.03878637330672063
60 120 -3 -2.75 12.5 13 820.162640760425 0.03648847695251334
60 120 -3 -2.75 13 13.5 777.7315990249283 0.03438077694329422
60 120 -3 -2.75 13.5 14 738.4727281414287 0.03244149886688774
60 120 -3 -2.75 14 14.5 702.069447812471 0.03065406265250203
60 120 -3 -2.75 14.5 15 668.2448701561935 0.02900100302269948
60 120 -3 -2.75 15 16 1244.142309936136 0.05351437919853197
60 120 -3 -2.75 16 17 1134.221898158426 0.0482059811201907
60 120 -3 -2.75 17 18 1037.833905423685 0.0435943045665681
60 120 -3 -2.75 18 19 952.8109155898425 0.03956146611142231
60 120 -3 -2.75 19 20 877.4028526826631 0.03601401030039142
60 120 -3 -2.75 20 21 810.1907766477095 0.0405035210785627
60 120 -3 -2.75 21 22 750.0158803182472 0.03396283413758283
60 120 -3 -2.75 22 23 695.9207786149616 0.02853887329672489
60 120 -3 -2.75 23 24 647.1085275962085 0.02538425139584888
60 120 -3 -2.75 24 25 602.9087351384019 0.0233857319552726
60 120 -3 -2.75 25 26 562.7542913075306 0.02158400823020656
60 120 -3 -2.75 26 27 526.1634001141158 0.01995286375449723
60 120 -3 -2.75 27 28 492.7256597349638 0.01847107814768378
60 120 -3 -2.75 28 29 462.0893877543812 0.01712001968815002
60 120 -3 -2.75 29 30 433.9514378371987 0.0158861179997416
60 120 -3 -2.75 30 31 408.0494104463861 0.01475634571909268
60 120 -3 -2.75 31 32 384.1543090611688 0.01371982434159236
60 120 -3 -2.75 32 33 362.0658344076038 0.01276729348217032
60 120 -3 -2.75 33 34 341.6079387404777 0.01189098136609346
60 120 -3 -2.75 34 35 322.6259774030722 0.01108365106222209
60 120 -3 -2.75 35 36 304.9836249011093 0.01033869065491899
60 120 -3 -2.75 36 37 288.5600594118579 0.009651670962966818
60 120 -3 -2.75 37 38 273.2481453005519 0.009017058335530237
60 120 -3 -2.75 38 39 258.9524143276075 0.008430854687787814
60 120 -3 -2.75 39 40 245.5875329515012 0.007889333927295183
60 120 -3 -2.75 40 42 454.4292509026897 0.01739329817081625
60 120 -3 -2.75 42 44 410.3675920883479 0.0132232800847305
60 120 -3 -2.75 44 46 371.4535271711237 0.01109398055581323
60 120 -3 -2.75 46 48 336.9490022049261 0.009799282340395621
60 120 -3 -2.75 48 50 306.2457743771531 0.008672753955238477
60 120 -3 -2.75 50 52 278.8371856419249 0.007692033613352578
60 120 -3 -2.75 52 54 254.2979082384021 0.006836840972027858
60 120 -3 -2.75 54 56 232.2684715919238 0.006089350194343979
60 120 -3 -2.75 56 58 212.4434728992204 0.005433808290888464
60 120 -3 -2.75 58 60 194.5621136227541 0.004857591051973031
60 120 -3 -2.75 60 65 418.993873539446 0.01005284047261057
60 120 -3 -2.75 65 70 339.5569146545242 0.007710262964906178
60 120 -3 -2.75 70 80 503.5790005824353 0.01064417941461215
60 120 -3 -2.75 80 90 340.9461393298806 0.006613770487717829
60 120 -3 -2.75 90 100 234.5444541568112 0.004239726138763444
60 120 -2.75 -2.5 0 0.5 -2.700326964841538 7.457947613920268e-05
60 120 -2.75 -2.5 0.5 1 -1955.447711195098 0.04549503463977089
60 120 -2.75 -2.5 1 1.5 2352.784209269842 0.07098852639046527
60 120 -2.75 -2.5 1.5 2 4088.980590533625 0.1170213273712761
60 120 -2.75 -2.5 2 2.5 4194.971704307843 0.07929749065806391
60 120 -2.75 -2.5 2.5 3 3928.686388791736 0.1767318381662335
60 120 -2.75 -2.5 3 3.5 3587.413344802975 0.1197057287854477
60 120 -2.75 -2.5 3.5 4 3254.212330640465 0.08208626284931597
60 120 -2.75 -2.5 4 4.5 2951.770173115811 0.05547778451455088
60 120 -2.75 -2.5 4.5 5 2684.062685867903 0.1321925590777937
60 120 -2.75 -2.5 5 5.5 2449.017006645197 0.1189252201734234
60 120 -2.75 -2.5 5.5 6 2242.799144267142 0.1075125283382476
60 120 -2.75 -2.5 6 6.5 2061.430278299749 0.09764575557801436
60 120 -2.75 -2.5 6.5 7 1901.327226865493 0.08906169960641819
60 120 -2.75 -2.5 7 7.5 1759.405028103268 0.08155426704297497
60 120 -2.75 -2.5 7.5 8 1633.055422906931 0.07495798184709201
60 120 -2.75 -2.5 8 8.5 1520.07487140305 0.06912602991428685
60 120 -2.75 -2.5 8.5 9 1418.614835433051 0.06395365948037579
60 120 -2.75 -2.5 9 9.5 1327.134056466952 0.05934342506361645
60 120 -2.75 -2.5 9.5 10 1244.340304656289 0.05520545900844809
60 120 -2.75 -2.5 10 10.5 1169.145439942949 0.05496049898260935
60 120 -2.75 -2.5 10.5 11 1100.629853423406 0.04810880119430294
60 120 -2.75 -2.5 11 11.5 1038.009258419537 0.04505768586182057
60 120 -2.75 -2.5 11.5 12 980.6079367498002 0.04227718788183665
60 120 -2.75 -2.5 12 12.5 927.8441348022966 0.03973757417475099
60 120 -2.75 -2.5 12.5 13 879.2168951796677 0.03741114783952071
60 120 -2.75 -2.5 13 13.5 834.2936185711374 0.03527095443598682
60 120 -2.75 -2.5 13.5 14 792.6987157920313 0.03329645256098956
60 120 -2.75 -2.5 14 14.5 754.104402958588 0.03147515107480103
60 120 -2.75 -2.5 14.5 15 718.2231284104598 0.02979334991209726
60 120 -2.75 -2.5 15 16 1338.418262531648 0.05502082916837026
60 120 -2.75 -2.5 16 17 1221.639325337295 0.04962145199215229
60 120 -2.75 -2.5 17 18 1119.126005231017 0.04493021226790006
60 120 -2.75 -2.5 18 19 1028.602207923655 0.04082168489117066
60 120 -2.75 -2.5 19 20 948.2417532684116 0.03719911925554698
60 120 -2.75 -2.5 20 21 876.5617913742162 0.04309195675068622
60 120 -2.75 -2.5 21 22 812.3417724671026 0.03630649105775774
60 120 -2.75 -2.5 22 23 754.5674921587237 0.0308649003403616
60 120 -2.75 -2.5 23 24 702.3931392228691 0.0262775721636217
60 120 -2.75 -2.5 24 25 655.1114455224089 0.02421308661155308
60 120 -2.75 -2.5 25 26 612.1258690942168 0.02234965764864683
60 120 -2.75 -2.5 26 27 572.9297274080612 0.02066054975728093
60 120 -2.75 -2.5 27 28 537.0898593618455 0.01912479827217339
60 120 -2.75 -2.5 28 29 504.2332336608897 0.01772638543087623
60 120 -2.75 -2.5 29 30 474.0370882127964 0.0164493008397244
60 120 -2.75 -2.5 30 31 446.2213959259541 0.01528315299191263
60 120 -2.75 -2.5 31 32 420.5430681263648 0.0142155899145564
60 120 -2.75 -2.5 32 33 396.7898018545721 0.01323654451164202
60 120 -2.75 -2.5 33 34 374.7759341632323 0.01233734569950684
60 120 -2.75 -2.5 34 35 354.3379050341192 0.01150939695133957
60 120 -2.75 -2.5 35 36 335.3309534397647 0.01074466913462402
60 120 -2.75 -2.5 36 37 317.6265822564541 0.0100383787902274
60 120 -2.75 -2.5 37 38 301.1101484481148 0.009385380716992131
60 120 -2.75 -2.5 38 39 285.6797736633562 0.008781659861710978
60 120 -2.75 -2.5 39 40 271.244373884622 0.008222224607266071
60 120 -2.75 -2.5 40 42 502.7629860680888 0.01990104942495918
60 120 -2.75 -2.5 42 44 455.0736747537703 0.01523460486089334
60 120 -2.75 -2.5 44 46 412.8992889200499 0.01159014516576917
60 120 -2.75 -2.5 46 48 375.4540623489988 0.01025094428041484
60 120 -2.75 -2.5 48 50 342.0866219404466 0.009086702204456287
60 120 -2.75 -2.5 50 52 312.254791159964 0.008072664743394853
60 120 -2.75 -2.5 52 54 285.5040641593803 0.007186964482400526
60 120 -2.75 -2.5 54 56 261.451647152283 0.006411114884201652
60 120 -2.75 -2.5 56 58 239.7719701297611 0.005730161157003977
60 120 -2.75 -2.5 58 60 220.1861873654659 0.005131461413526495
60 120 -2.75 -2.5 60 65 476.4445091073883 0.01930480235904497
60 120 -2.75 -2.5 65 70 388.9109024684026 0.008213696744064691
60 120 -2.75 -2.5 70 80 583.2102326234804 0.0114330578735462
60 120 -2.75 -2.5 80 90 401.3960699734461 0.007198857646471879
60 120 -2.75 -2.5 90 100 281.0831553227933 0.004685170574020958
60 120 -2.5 -2.4 0 0.5 -1.142798819319504 4.437953686209362e-05
60 120 -2.5 -2.4 0.5 1 -941.1373625535377 0.02978748196676406
60 120 -2.5 -2.4 1 1.5 844.5223920953596 0.02838279923264508
60 120 -2.5 -2.4 1.5 2 1623.710923317669 0.03783754809501261
60 120 -2.5 -2.4 2 2.5 1695.017914462912 0.05102132201955101
60 120 -2.5 -2.4 2.5 3 1599.52453313882 0.0523806639423583
60 120 -2.5 -2.4 3 3.5 1467.145473346551 0.05250804239221907
60 120 -2.5 -2.4 3.5 4 1334.876218925311 0.04982239984724401
60 120 -2.5 -2.4 4 4.5 1213.4957578874 0.05997750027790971
60 120 -2.5 -2.4 4.5 5 1105.374473554003 0.05367748934963856
60 120 -2.5 -2.4 5 5.5 1010.019315747284 0.04827058305954779
60 120 -2.5 -2.4 5.5 6 926.0702956507989 0.04362362411825416
60 120 -2.5 -2.4 6 6.5 852.0507288459014 0.03962278740380043
60 120 -2.5 -2.4 6.5 7 786.5858503202488 0.03615826571262915
60 120 -2.5 -2.4 7 7.5 728.4702677625153 0.0331312611509702
60 120 -2.5 -2.4 7.5 8 676.6560579182216 0.03046706874135907
60 120 -2.5 -2.4 8 8.5 630.2628535417801 0.02810754914685276
60 120 -2.5 -2.4 8.5 9 588.5542219219736 0.02601068805688556
60 120 -2.5 -2.4 9 9.5 550.9123739497013 0.02458316401691718
60 120 -2.5 -2.4 9.5 10 516.8180288168365 0.02273752818075536
60 120 -2.5 -2.4 10 10.5 485.8355284624739 0.02263121702497983
60 120 -2.5 -2.4 10.5 11 457.5888311991381 0.02081002744938587
60 120 -2.5 -2.4 11 11.5 431.7529763380257 0.01998013440970681
60 120 -2.5 -2.4 11.5 12 408.0537635633071 0.01910043407502826
60 120 -2.5 -2.4 12 12.5 386.2554057098692 0.01799736221005332
60 120 -2.5 -2.4 12.5 13 366.1563090109325 0.01719679885246705
60 120 -2.5 -2.4 13 13.5 347.5801849722328 0.01634177777310697
60 120 -2.5 -2.4 13.5 14 330.3748080569045 0.01572576424092631
60 120 -2.5 -2.4 14 14.5 314.4054462393936 0.01502657409912445
60 120 -2.5 -2.4 14.5 15 299.554001115809 0.01455369447040766
60 120 -2.5 -2.4 15 16 558.5095695138883 0.02757843550932648
60 120 -2.5 -2.4 16 17 510.1115090315913 0.02023323293434487
60 120 -2.5 -2.4 17 18 467.5958150670221 0.01832060566368909
60 120 -2.5 -2.4 18 19 430.0330121972902 0.01664623269766707
60 120 -2.5 -2.4 19 20 396.6740866410865 0.01517120776605907
60 120 -2.5 -2.4 20 21 366.9041679684846 0.01822385057351994
60 120 -2.5 -2.4 21 22 340.2156315953866 0.01532253208335987
60 120 -2.5 -2.4 22 23 316.1923849185442 0.01285178945050802
60 120 -2.5 -2.4 23 24 294.4885827638168 0.01095963236394937
60 120 -2.5 -2.4 24 25 274.8126867887772 0.009887816593845855
60 120 -2.5 -2.4 25 26 256.9185693418075 0.009127860997523385
60 120 -2.5 -2.4 26 27 240.5966633855461 0.008439451521098817
60 120 -2.5 -2.4 27 28 225.6660476379624 0.007814152464248991
60 120 -2.5 -2.4 28 29 211.9718657099052 0.007244852637967369
60 120 -2.5 -2.4 29 30 199.3809374637019 0.00672511899333017
60 120 -2.5 -2.4 30 31 187.7784161279753 0.006249782742486332
60 120 -2.5 -2.4 31 32 177.0641393242334 0.005814132557617313
60 120 -2.5 -2.4 32 33 167.1504932881274 0.005413817015579525
60 120 -2.5 -2.4 33 34 157.9603422843461 0.005046000920799543
60 120 -2.5 -2.4 34 35 149.4252173897465 0.00470750297330369
60 120 -2.5 -2.4 35 36 141.4845090193134 0.004395502413018448
60 120 -2.5 -2.4 36 37 134.0848714608884 0.004107392568300838
60 120 -2.5 -2.4 37 38 127.179316635946 0.003840910172286272
60 120 -2.5 -2.4 38 39 120.7256718027194 0.003594116040716244
60 120 -2.5 -2.4 39 40 114.6863123229565 0.003365924812328558
60 120 -2.5 -2.4 40 42 212.745757391555 0.008453532952955811
60 120 -2.5 -2.4 42 44 192.7763787382126 0.006576349722791974
60 120 -2.5 -2.4 44 46 175.1048598965794 0.005115462308907581
60 120 -2.5 -2.4 46 48 159.4028757141435 0.004204628361804907
60 120 -2.5 -2.4 48 50 145.4008504469876 0.003728467961650495
60 120 -2.5 -2.4 50 52 132.874345934121 0.00331373040512517
60 120 -2.5 -2.4 52 54 121.6349076404977 0.002952006853149669
60 120 -2.5 -2.4 54 56 111.5225955855943 0.002634457781582
60 120 -2.5 -2.4 56 58 102.4007441894041 0.002356536766328077
60 120 -2.5 -2.4 58 60 94.15360027143977 0.002111982144427316
60 120 -2.5 -2.4 60 65 204.181956650089 0.006327498799180375
60 120 -2.5 -2.4 65 70 167.2300051274852 0.003391738525493793
60 120 -2.5 -2.4 70 80 252.0829386059079 0.00473793346839102
60 120 -2.5 -2.4 80 90 174.8375642788099 0.003000033563580473
60 120 -2.5 -2.4 90 100 123.4603705459251 0.001965582329333415
60 120 -2.4 -2.3 0 0.5 -1.177429982601441 3.102038767988091e-05
60 120 -2.4 -2.3 0.5 1 -1029.340804061547 0.02939553145915852
60 120 -2.4 -2.3 1 1.5 788.8296569771285 0.01687515034177522
60 120 -2.4 -2.3 1.5 2 1614.64932787834 0.02207878020612952
60 120 -2.4 -2.3 2 2.5 1702.125077837807 0.04239967294233793
60 120 -2.4 -2.3 2.5 3 1613.01805456652 0.04355693412003347
60 120 -2.4 -2.3 3 3.5 1483.135188489925 0.04175586696510436
60 120 -2.4 -2.3 3.5 4 1351.613560556882 0.03947319363965107
60 120 -2.4 -2.3 4 4.5 1230.187676238148 0.0602746127951832
60 120 -2.4 -2.3 4.5 5 1121.643880285166 0.05394431772242569
60 120 -2.4 -2.3 5 5.5 1025.657174611764 0.0485110177835395
60 120 -2.4 -2.3 5.5 6 941.0009044367939 0.0438566497600732
60 120 -2.4 -2.3 6 6.5 866.2596333640929 0.03985055903717694
60 120 -2.4 -2.3 6.5 7 800.0935825805611 0.03638176852609831
60 120 -2.4 -2.3 7 7.5 741.3004795615458 0.03336453588099175
60 120 -2.4 -2.3 7.5 8 688.8377007993956 0.0307164874626551
60 120 -2.4 -2.3 8 8.5 641.8298703759049 0.02836721280641541
60 120 -2.4 -2.3 8.5 9 599.5440205753006 0.02626675977910509
60 120 -2.4 -2.3 9 9.5 561.365640659378 0.02438232987708489
60 120 -2.4 -2.3 9.5 10 526.7779533412969 0.02268663688971628
60 120 -2.4 -2.3 10 10.5 495.3327064502695 0.02337449672330649
60 120 -2.4 -2.3 10.5 11 466.6476644947551 0.02022919958034208
60 120 -2.4 -2.3 11 11.5 440.4007044468171 0.0185307598777058
60 120 -2.4 -2.3 11.5 12 416.3167317018492 0.01739195216327971
60 120 -2.4 -2.3 12 12.5 394.1598245795577 0.01634956376483387
60 120 -2.4 -2.3 12.5 13 373.7251320777412 0.01539414318835952
60 120 -2.4 -2.3 13 13.5 354.8362823990312 0.01451440734291509
60 120 -2.4 -2.3 13.5 14 337.3378333741547 0.01370373374919609
60 120 -2.4 -2.3 14 14.5 321.0926696478656 0.0129574093903102
60 120 -2.4 -2.3 14.5 15 305.979162919192 0.01226808047607619
60 120 -2.4 -2.3 15 16 570.6303129868679 0.02314890794059465
60 120 -2.4 -2.3 16 17 521.3472493030775 0.02105377691464128
60 120 -2.4 -2.3 17 18 478.0440590328913 0.01949983795486787
60 120 -2.4 -2.3 18 19 439.778063342075 0.0184493231987517
60 120 -2.4 -2.3 19 20 405.782837801121 0.017466913992223
60 120 -2.4 -2.3 20 21 375.4323194045712 0.01858189293335499
60 120 -2.4 -2.3 21 22 348.2167459472852 0.01560390152644686
60 120 -2.4 -2.3 22 23 323.7142397121455 0.01471565916432382
60 120 -2.4 -2.3 23 24 301.5728224479964 0.01364288422661275
60 120 -2.4 -2.3 24 25 281.4976859847022 0.01293758287829405
60 120 -2.4 -2.3 25 26 263.2370253635879 0.01266363247293611
60 120 -2.4 -2.3 26 27 246.5750145178256 0.01220744948810193
60 120 -2.4 -2.3 27 28 231.3290959979895 0.007904972702533541
60 120 -2.4 -2.3 28 29 217.3431303836125 0.007328915386409562
60 120 -2.4 -2.3 29 30 204.4826725392068 0.006803004663595402
60 120 -2.4 -2.3 30 31 192.630318757014 0.006322048714736184
60 120 -2.4 -2.3 31 32 181.6838985358625 0.005881420882388966
60 120 -2.4 -2.3 32 33 171.5535120629353 0.005477505665965055
60 120 -2.4 -2.3 33 34 162.1599167601315 0.005105700942465319
60 120 -2.4 -2.3 34 35 153.4337183013463 0.004763292947274067
60 120 -2.4 -2.3 35 36 145.3139433925773 0.004447240170122768
60 120 -2.4 -2.3 36 37 137.7465956134332 0.004155588006511834
60 120 -2.4 -2.3 37 38 130.6833796537745 0.003885889147966282
60 120 -2.4 -2.3 38 39 124.0814801375398 0.003636700373448321
60 120 -2.4 -2.3 39 40 117.9025273592984 0.003405958106739604
60 120 -2.4 -2.3 40 42 218.7914664306494 0.008830449138628182
60 120 -2.4 -2.3 42 44 198.3508565718173 0.006933158924482541
60 120 -2.4 -2.3 44 46 180.2543775321208 0.005286117215632657
60 120 -2.4 -2.3 46 48 164.1704489503487 0.004255688242579936
60 120 -2.4 -2.3 48 50 149.8242057557048 0.003775182912988839
60 120 -2.4 -2.3 50 52 136.9862409041179 0.003355776481726025
60 120 -2.4 -2.3 52 54 125.462734213241 0.002989619984418823
60 120 -2.4 -2.3 54 56 115.0903147216677 0.002669124220986419
60 120 -2.4 -2.3 56 58 105.7311444885161 0.002387692953206511
60 120 -2.4 -2.3 58 60 97.26682113907435 0.002140150369342564
60 120 -2.4 -2.3 60 65 211.1280843521965 0.005753243442029543
60 120 -2.4 -2.3 65 70 173.1593947107469 0.003441201597127019
60 120 -2.4 -2.3 70 80 261.5803192525945 0.004813261613605846
60 120 -2.4 -2.3 80 90 182.0112622710368 0.003054248132741577
60 120 -2.4 -2.3 90 100 128.9848349967844 0.002006323382460096
60 120 -2.3 -2.2 0 0.5 -1.211450201027063 4.219736670241225e-05
60 120 -2.3 -2.2 0.5 1 -1115.39212884892 0.02118484811853705
60 120 -2.3 -2.2 1 1.5 733.8601000865009 0.03116898272674007
60 120 -2.3 -2.2 1.5 2 1605.028194252267 0.06295653700158255
60 120 -2.3 -2.2 2 2.5 1708.270183551804 0.03512501371665167
60 120 -2.3 -2.2 2.5 3 1625.49010641224 0.0325051637209981
60 120 -2.3 -2.2 3 3.5 1498.098103126576 0.03069089335917852
60 120 -2.3 -2.2 3.5 4 1367.375586995932 0.067920577484756
60 120 -2.3 -2.2 4 4.5 1245.984652525173 0.06047506499680821
60 120 -2.3 -2.2 4.5 5 1137.06199181126 0.05412446253762937
60 120 -2.3 -2.2 5 5.5 1040.501628473841 0.04874838161003936
60 120 -2.3 -2.2 5.5 6 955.189716213502 0.04414970853110844
60 120 -2.3 -2.2 6 6.5 879.7819788867378 0.04018122108868738
60 120 -2.3 -2.2 6.5 7 812.9643085190702 0.03673172071830777
60 120 -2.3 -2.2 7 7.5 753.5276396518971 0.03370420455973999
60 120 -2.3 -2.2 7.5 8 700.4455444462809 0.03102247459901264
60 120 -2.3 -2.2 8 8.5 652.8544928612539 0.02863130183072826
60 120 -2.3 -2.2 8.5 9 610.0266727227018 0.02649842744244779
60 120 -2.3 -2.2 9 9.5 571.348238109333 0.02458906097967883
60 120 -2.3 -2.2 9.5 10 536.2886023738911 0.02288110945551125
60 120 -2.3 -2.2 10 10.5 504.3969192550463 0.02393336868311735
60 120 -2.3 -2.2 10.5 11 475.2927109204522 0.02062263787615848
60 120 -2.3 -2.2 11 11.5 448.6537014638552 0.01868813077550158
60 120 -2.3 -2.2 11.5 12 424.2039617306724 0.0175354783357875
60 120 -2.3 -2.2 12 12.5 401.7060984826342 0.0164847036566016
60 120 -2.3 -2.2 12.5 13 380.9551876009657 0.01552332017445224
60 120 -2.3 -2.2 13 13.5 361.7696723441118 0.0146403605673413
60 120 -2.3 -2.2 13.5 14 343.9899905522461 0.01382693655477851
60 120 -2.3 -2.2 14 14.5 327.4773558991852 0.01307644081271064
60 120 -2.3 -2.2 14.5 15 312.1117062931607 0.01238242579927373
60 120 -2.3 -2.2 15 16 582.1976490865414 0.02288198148994525
60 120 -2.3 -2.2 16 17 532.0733966272363 0.02065521629901923
60 120 -2.3 -2.2 17 18 488.020782712947 0.01871325365760867
60 120 -2.3 -2.2 18 19 449.0795923244065 0.01700702116613684
60 120 -2.3 -2.2 19 20 414.4705089944409 0.01550144169226542
60 120 -2.3 -2.2 20 21 383.5634871943632 0.0190385762800247
60 120 -2.3 -2.2 21 22 355.8428583204197 0.01588974401607857
60 120 -2.3 -2.2 22 23 330.8823227882995 0.01329113994194131
60 120 -2.3 -2.2 23 24 308.3249172633581 0.01176048981551503
60 120 -2.3 -2.2 24 25 287.8662893310394 0.01143480760083548
60 120 -2.3 -2.2 25 26 269.2498567634086 0.01077847744028304
60 120 -2.3 -2.2 26 27 252.2600264756622 0.0101670476197171
60 120 -2.3 -2.2 27 28 236.7125386562294 0.00969238460712063
60 120 -2.3 -2.2 28 29 222.4485554729628 0.009297708699023133
60 120 -2.3 -2.2 29 30 209.3304375094967 0.008807562279542935
60 120 -2.3 -2.2 30 31 197.2390023329198 0.008501985906690379
60 120 -2.3 -2.2 31 32 186.069247479427 0.008237292374673189
60 120 -2.3 -2.2 32 33 175.7296246426633 0.007961905269866065
60 120 -2.3 -2.2 33 34 166.1402439345857 0.007676182345818461
60 120 -2.3 -2.2 34 35 157.2310560974002 0.007403498168315537
60 120 -2.3 -2.2 35 36 148.9399907466363 0.00711226300344947
60 120 -2.3 -2.2 36 37 141.211990754226 0.00674423311204464
60 120 -2.3 -2.2 37 38 133.9984153907742 0.006517019772104504
60 120 -2.3 -2.2 38 39 127.2553218826301 0.003677427481193263
60 120 -2.3 -2.2 39 40 120.9432035630812 0.003443978122049884
60 120 -2.3 -2.2 40 42 224.5000744353422 0.009207956468685552
60 120 -2.3 -2.2 42 44 203.6058318467482 0.007103933107970306
60 120 -2.3 -2.2 44 46 185.1044730647662 0.005481170721424178
60 120 -2.3 -2.2 46 48 168.6570876807702 0.004304571108320943
60 120 -2.3 -2.2 48 50 153.982915877188 0.003817855045952001
60 120 -2.3 -2.2 50 52 140.8465102642234 0.003394701699193092
60 120 -2.3 -2.2 52 54 129.0515934577122 0.003024839632246312
60 120 -2.3 -2.2 54 56 118.432561919723 0.002700555601975907
60 120 -2.3 -2.2 56 58 108.8482687927864 0.002415748908489945
60 120 -2.3 -2.2 58 60 100.178505983257 0.002166214612785211
60 120 -2.3 -2.2 60 65 217.6157273573138 0.004743443982306417
60 120 -2.3 -2.2 65 70 178.6838969174485 0.003485216135288738
60 120 -2.3 -2.2 70 80 270.4021073782901 0.004878666405886634
60 120 -2.3 -2.2 80 90 188.6353575507868 0.003100674368340606
60 120 -2.3 -2.2 90 100 134.0589445407458 0.002040661623595952
60 120 -2.2 -2.1 0 0.5 -1.244639724177621 3.176257160508733e-05
60 120 -2.2 -2.1 0.5 1 -1199.528637007332 0.02431671384147194
60 120 -2.2 -2.1 1 1.5 679.620318069715 0.02718888245419748
60 120 -2.2 -2.1 1.5 2 1595.015790029639 0.03224320324488872
60 120 -2.2 -2.1 2 2.5 1713.685393189923 0.02715564156846995
60 120 -2.2 -2.1 2.5 3 1637.156875550579 0.02615688454147858
60 120 -2.2 -2.1 3 3.5 1512.235475266695 0.02595083503547357
60 120 -2.2 -2.1 3.5 4 1382.355031426651 0.06819968749437066
60 120 -2.2 -2.1 4 4.5 1261.038387790651 0.0609231411563087
60 120 -2.2 -2.1 4.5 5 1151.773860556051 0.05463172992654108
60 120 -2.2 -2.1 5 5.5 1054.673826095526 0.04924932403400817
60 120 -2.2 -2.1 5.5 6 968.7562396384658 0.04461140506725769
60 120 -2.2 -2.1 6 6.5 892.7368327430136 0.04057158196314958
60 120 -2.2 -2.1 6.5 7 825.2888888452397 0.03704161179302901
60 120 -2.2 -2.1 7 7.5 765.2345191108997 0.03394825856139505
60 120 -2.2 -2.1 7.5 8 711.564868754226 0.03122688229291271
60 120 -2.2 -2.1 8 8.5 663.4239760487527 0.02882525603388331
60 120 -2.2 -2.1 8.5 9 620.0884592052487 0.02668905767677643
60 120 -2.2 -2.1 9 9.5 580.9309302469195 0.02478073407655756
60 120 -2.2 -2.1 9.5 10 545.4146701428408 0.02306789432498135
60 120 -2.2 -2.1 10 10.5 513.0919373863757 0.02419505593127269
60 120 -2.2 -2.1 10.5 11 483.5857759320742 0.02091511496001885
60 120 -2.2 -2.1 11 11.5 456.5732207590852 0.01886345187313054
60 120 -2.2 -2.1 11.5 12 431.7771078980492 0.01770831022855646
60 120 -2.2 -2.1 12 12.5 408.9573938132584 0.01665051603811207
60 120 -2.2 -2.1 12.5 13 387.9018282815097 0.01568249253398335
60 120 -2.2 -2.1 13 13.5 368.4266125639831 0.01479292506900265
60 120 -2.2 -2.1 13.5 14 350.3733874195412 0.01397346534866983
60 120 -2.2 -2.1 14 14.5 333.6040627276677 0.01321636462967035
60 120 -2.2 -2.1 14.5 15 317.9971834293769 0.0125168948686678
60 120 -2.2 -2.1 15 16 593.3010475880378 0.02312980589965719
60 120 -2.2 -2.1 16 17 542.3717809656542 0.02087208359125725
60 120 -2.2 -2.1 17 18 497.5989518882304 0.01890060795864201
60 120 -2.2 -2.1 18 19 458.0023607800459 0.01717323907638502
60 120 -2.2 -2.1 19 20 422.7998771395203 0.0156551515171941
60 120 -2.2 -2.1 20 21 391.3581412419778 0.01922174273857991
60 120 -2.2 -2.1 21 22 363.1554746088444 0.01611311683814165
60 120 -2.2 -2.1 22 23 337.7566589848504 0.01392474092290286
60 120 -2.2 -2.1 23 24 314.7939889121703 0.01180175007596063
60 120 -2.2 -2.1 24 25 293.961957935869 0.01021108939795567
60 120 -2.2 -2.1 25 26 275.0034425750462 0.009428707778283751
60 120 -2.2 -2.1 26 27 257.6994807742695 0.008941879245412565
60 120 -2.2 -2.1 27 28 241.8623772216916 0.008354789524190664
60 120 -2.2 -2.1 28 29 227.3310248359541 0.007916642152736131
60 120 -2.2 -2.1 29 30 213.9650762311086 0.007877714194421515
60 120 -2.2 -2.1 30 31 201.6415468054731 0.007586207134664846
60 120 -2.2 -2.1 31 32 190.2548431823325 0.007281922136399999
60 120 -2.2 -2.1 32 33 179.7128771789203 0.006892449474037221
60 120 -2.2 -2.1 33 34 169.9350674207862 0.006567622432811504
60 120 -2.2 -2.1 34 35 160.8500341413475 0.006259913679343754
60 120 -2.2 -2.1 35 36 152.3948179127878 0.006011609002456453
60 120 -2.2 -2.1 36 37 144.5132416306344 0.006002989954112081
60 120 -2.2 -2.1 37 38 137.1546208456043 0.005928826973530477
60 120 -2.2 -2.1 38 39 130.2741356986084 0.005685644202060303
60 120 -2.2 -2.1 39 40 123.832082884347 0.00536691519340593
60 120 -2.2 -2.1 40 42 229.9187037859791 0.01028286794905853
60 120 -2.2 -2.1 42 44 208.5901403032746 0.009660090970413648
60 120 -2.2 -2.1 44 46 189.7003403216498 0.009033820713966634
60 120 -2.2 -2.1 46 48 172.9035203577394 0.004421053642914785
60 120 -2.2 -2.1 48 50 157.9123322965945 0.003858464956408625
60 120 -2.2 -2.1 50 52 144.4891536466695 0.003430455524920717
60 120 -2.2 -2.1 52 54 132.4343142771132 0.003056326203903836
60 120 -2.2 -2.1 54 56 121.5793868655402 0.002729134195121219
60 120 -2.2 -2.1 56 58 111.780548857304 0.002442054169620178
60 120 -2.2 -2.1 58 60 102.9138257438967 0.002189058580995606
60 120 -2.2 -2.1 60 65 223.6943099937898 0.004555057780407878
60 120 -2.2 -2.1 65 70 183.8472038196518 0.003523984022450577
60 120 -2.2 -2.1 70 80 278.6144922076519 0.0049359472907895
60 120 -2.2 -2.1 80 90 194.7763132511517 0.003140430577616371
60 120 -2.2 -2.1 90 100 138.7401898291215 0.002069786984520761
60 120 -2.1 -2 0 0.5 -1.277490881431618 4.163924105293759e-05
60 120 -2.1 -2 0.5 1 -1281.791161925133 0.06081725217768508
60 120 -2.1 -2 1 1.5 626.1801607949845 0.009801949018765299
60 120 -2.1 -2 1.5 2 1584.650902813557 0.02224917989065034
60 120 -2.1 -2 2 2.5 1718.499090122039 0.006167744365711769
60 120 -2.1 -2 2.5 3 1648.112813388834 0.01781811645264497
60 120 -2.1 -2 3 3.5 1525.655878596587 0.02444993299945963
60 120 -2.1 -2 3.5 4 1396.666765623773 0.06861472212312947
60 120 -2.1 -2 4 4.5 1275.450969470132 0.06120265413710513
60 120 -2.1 -2 4.5 5 1165.867354550367 0.05484371549550815
60 120 -2.1 -2 5 5.5 1068.270888809726 0.04943792037602179
60 120 -2.1 -2 5.5 6 981.8041736996851 0.0448011292942283
60 120 -2.1 -2 6 6.5 905.1907334826461 0.04078573833760402
60 120 -2.1 -2 6.5 7 837.1334632891497 0.03727559537480829
60 120 -2.1 -2 7 7.5 776.4860402353476 0.03419110357049249
60 120 -2.1 -2 7.5 8 722.2593235346085 0.03146817608262609
60 120 -2.1 -2 8 8.5 673.6056654022707 0.02905669535311972
60 120 -2.1 -2 8.5 9 629.7818435058434 0.02691171841775031
60 120 -2.1 -2 9 9.5 590.1525419845595 0.0250002412512913
60 120 -2.1 -2 9.5 10 554.1930679101467 0.02328808404422489
60 120 -2.1 -2 10 10.5 521.4591858281228 0.02464518963529372
60 120 -2.1 -2 10.5 11 491.5708313610256 0.02102270910592097
60 120 -2.1 -2 11 11.5 464.2041581311679 0.01905096531839945
60 120 -2.1 -2 11.5 12 439.0776516423604 0.01788590257359601
60 120 -2.1 -2 12 12.5 415.9442296549105 0.01681843219432722
60 120 -2.1 -2 12.5 13 394.5914771783244 0.01583738453319938
60 120 -2.1 -2 13 13.5 374.8363521741077 0.01493600657306615
60 120 -2.1 -2 13.5 14 356.5200252719949 0.01410213046870012
60 120 -2.1 -2 14 14.5 339.5036442226983 0.01333386195489084
60 120 -2.1 -2 14.5 15 323.6652225711796 0.01262541237355208
60 120 -2.1 -2 15 16 604.0005091922228 0.0233316990363619
60 120 -2.1 -2 16 17 552.2982835848919 0.02106107607528429
60 120 -2.1 -2 17 18 506.8201360798374 0.01908058085939501
60 120 -2.1 -2 18 19 466.5885439918406 0.01734011221515175
60 120 -2.1 -2 19 20 430.8178567529084 0.01580815600499363
60 120 -2.1 -2 20 21 398.8646449668213 0.01964539679687505
60 120 -2.1 -2 21 22 370.1965833510914 0.01680958656112352
60 120 -2.1 -2 22 23 344.3684260454627 0.01415520284734839
60 120 -2.1 -2 23 24 321.0125871297055 0.01208695809862093
60 120 -2.1 -2 24 25 299.8208414555538 0.01032297756160006
60 120 -2.1 -2 25 26 280.5326540161165 0.009531287974823499
60 120 -2.1 -2 26 27 262.9263062812727 0.008810851747568904
60 120 -2.1 -2 27 28 246.8109737334331 0.008155521585791803
60 120 -2.1 -2 28 29 232.020135323906 0.007616192459011017
60 120 -2.1 -2 29 30 218.4110486014996 0.007123275447440847
60 120 -2.1 -2 30 31 205.8618371238401 0.006650335056860968
60 120 -2.1 -2 31 32 194.2658811381455 0.006292026919823002
60 120 -2.1 -2 32 33 183.529775212933 0.006063739788999101
60 120 -2.1 -2 33 34 173.571021114314 0.005752239971286599
60 120 -2.1 -2 34 35 164.3170750147088 0.005765318001607511
60 120 -2.1 -2 35 36 155.7026781029308 0.005651509555548273
60 120 -2.1 -2 36 37 147.6705004865953 0.005333424436173573
60 120 -2.1 -2 37 38 140.1702933838269 0.005128783756362054
60 120 -2.1 -2 38 39 133.1570455179681 0.004951556334248153
60 120 -2.1 -2 39 40 126.5904151375672 0.004862158428920793
60 120 -2.1 -2 40 42 235.0893156661319 0.009577706104693107
60 120 -2.1 -2 42 44 213.3422282222227 0.008524855228216666
60 120 -2.1 -2 44 46 194.0765753526756 0.008213005879696311
60 120 -2.1 -2 46 48 176.9399780509812 0.007701723958064122
60 120 -2.1 -2 48 50 161.6428883376793 0.00716536466077855
60 120 -2.1 -2 50 52 147.943944808035 0.006618425610668055
60 120 -2.1 -2 52 54 135.6401866948067 0.006501969662934926
60 120 -2.1 -2 54 56 124.5581260914509 0.002756388438044155
60 120 -2.1 -2 56 58 114.5510353510495 0.002465505715349536
60 120 -2.1 -2 58 60 105.4942800791773 0.002210530720603288
60 120 -2.1 -2 60 65 229.4193283245265 0.004599813862938618
60 120 -2.1 -2 65 70 188.6954672790473 0.003559405709211205
60 120 -2.1 -2 70 80 286.2896200718839 0.004986701960945084
60 120 -2.1 -2 80 90 200.4826000171454 0.003174726647444004
60 120 -2.1 -2 90 100 143.068900238193 0.002094281148259824
60 120 -2 -1.9 0 0.5 -1.30957635299588 3.334623349227073e-05
60 120 -2 -1.9 0.5 1 -1362.180085103774 0.01709264231294583
60 120 -2 -1.9 1 1.5 573.5731475315946 0.01029298256173661
60 120 -2 -1.9 1.5 2 1574.095845347809 0.0704033388717562
60 120 -2 -1.9 2 2.5 1722.858001009969 0.01931461741150997
60 120 -2 -1.9 2.5 3 1658.475541076944 0.03197676659692661
60 120 -2 -1.9 3 3.5 1538.45728772837 0.03152002632555195
60 120 -2 -1.9 3.5 4 1410.387333528565 0.06887282909951864
60 120 -2 -1.9 4 4.5 1289.264935543904 0.06151508007656048
60 120 -2 -1.9 4.5 5 1179.384503846607 0.05523148222800955
60 120 -2 -1.9 5 5.5 1081.35018057553 0.04985435120647708
60 120 -2 -1.9 5.5 6 994.3689646284791 0.04518883056550749
60 120 -2 -1.9 6 6.5 917.1722479799284 0.04113175262466484
60 120 -2 -1.9 6.5 7 848.5293843612568 0.03757920044620278
60 120 -2 -1.9 7 7.5 787.3270327240988 0.03446427385370043
60 120 -2 -1.9 7.5 8 732.5851129847572 0.03172488905477167
60 120 -2 -1.9 8 8.5 683.4337614057187 0.02929598771163455
60 120 -2 -1.9 8.5 9 639.1263325547027 0.0271331531382657
60 120 -2 -1.9 9 9.5 599.0437654546841 0.02519830128926515
60 120 -2 -1.9 9.5 10 562.6612972188492 0.02345831826926315
60 120 -2 -1.9 10 10.5 529.533885641802 0.02457500171931315
60 120 -2 -1.9 10.5 11 499.2829397125433 0.02139803497914272
60 120 -2 -1.9 11 11.5 471.5770211724799 0.01920130500337791
60 120 -2 -1.9 11.5 12 446.1268748065904 0.01802808396507771
60 120 -2 -1.9 12 12.5 422.68598723373 0.0169516134877199
60 120 -2 -1.9 12.5 13 401.0437944423895 0.01596582545772662
60 120 -2 -1.9 13 13.5 381.0179945290349 0.01505959385360711
60 120 -2 -1.9 13.5 14 362.4494256882499 0.01422591227725434
60 120 -2 -1.9 14 14.5 345.1978702820319 0.01345661458645964
60 120 -2 -1.9 14.5 15 329.1396655411656 0.01274637519890121
60 120 -2 -1.9 15 16 614.3339231097891 0.02356346943497556
60 120 -2 -1.9 16 17 561.8700428940529 0.02127627255151765
60 120 -2 -1.9 17 18 515.7108178500617 0.01927677416222195
60 120 -2 -1.9 18 19 474.8716836443507 0.01751975900663183
60 120 -2 -1.9 19 20 438.5555654527851 0.015972709036987
60 120 -2 -1.9 20 21 406.1076401643625 0.01460153416883259
60 120 -2 -1.9 21 22 376.9838399284456 0.01709574227459143
60 120 -2 -1.9 22 23 350.7392693191845 0.01447447793771062
60 120 -2 -1.9 23 24 327.0038206908262 0.01218947096253942
60 120 -2 -1.9 24 25 305.4663842981045 0.01041597180562803
60 120 -2 -1.9 25 26 285.8625189255724 0.009617690652703459
60 120 -2 -1.9 26 27 267.963641727083 0.008894168046367668
60 120 -2 -1.9 27 28 251.5743188396303 0.008236605347661907
60 120 -2 -1.9 28 29 236.5292149047582 0.007636542630052645
60 120 -2 -1.9 29 30 222.6862044570431 0.007089003234483471
60 120 -2 -1.9 30 31 209.920351135075 0.006587898831242001
60 120 -2 -1.9 31 32 198.1234225758446 0.006129089841323321
60 120 -2 -1.9 32 33 187.1999698293725 0.005707480458141845
60 120 -2 -1.9 33 34 177.0655447002593 0.005616812811808813
60 120 -2 -1.9 34 35 167.6456927761412 0.005282521084211567
60 120 -2 -1.9 35 36 158.8758805930899 0.005143211204199361
60 120 -2 -1.9 36 37 150.698343617697 0.00495265820552504
60 120 -2 -1.9 37 38 143.0617747872333 0.004776552952904467
60 120 -2 -1.9 38 39 135.9203508928492 0.004436117098350678
60 120 -2 -1.9 39 40 129.2333580885227 0.004195427385184303
60 120 -2 -1.9 40 42 240.0422885373435 0.01012811563177252
60 120 -2 -1.9 42 44 217.8878556106864 0.007932681457049284
60 120 -2 -1.9 44 46 198.256007183856 0.007340308676816676
60 120 -2 -1.9 46 48 180.7916759600487 0.006672175088738186
60 120 -2 -1.9 48 50 165.2009713352228 0.006414657482309849
60 120 -2 -1.9 50 52 151.2365208724949 0.006320894635138075
60 120 -2 -1.9 52 54 138.6899302304191 0.005806586437273609
60 120 -2 -1.9 54 56 127.387197991894 0.00549106714028369
60 120 -2 -1.9 56 58 117.1798971891769 0.005181349391932599
60 120 -2 -1.9 58 60 107.9409395314764 0.004895443064498295
60 120 -2 -1.9 60 65 234.8364929034461 0.01150590971792553
60 120 -2 -1.9 65 70 193.2663317233914 0.003591079968600752
60 120 -2 -1.9 70 80 293.494957477048 0.005031696543710495
60 120 -2 -1.9 80 90 205.8043346834445 0.003204397885241406
60 120 -2 -1.9 90 100 147.0827106571134 0.002115392438923891
60 120 -1.9 -1.8 0 0.5 -1.341009004672876 3.480833345359535e-05
60 120 -1.9 -1.8 0.5 1 -1440.615405322887 0.0201532319567832
60 120 -1.9 -1.8 1 1.5 522.217689531479 0.01568456152995168
60 120 -1.9 -1.8 1.5 2 1563.587033847085 0.01652740712006562
60 120 -1.9 -1.8 2 2.5 1726.842348601354 0.0115457416964091
60 120 -1.9 -1.8 2.5 3 1668.269399706647 0.01387254375140401
60 120 -1.9 -1.8 3 3.5 1550.690511028462 0.01029839570219337
60 120 -1.9 -1.8 3.5 4 1423.54298258694 0.06917634229239411
60 120 -1.9 -1.8 4 4.5 1302.513175692428 0.06185824110366411
60 120 -1.9 -1.8 4.5 5 1192.394368654062 0.05555535694634273
60 120 -1.9 -1.8 5 5.5 1093.979512237992 0.0501132469919412
60 120 -1.9 -1.8 5.5 6 1006.473646994106 0.04542975746812772
60 120 -1.9 -1.8 6 6.5 928.7150460549341 0.04137269172542801
60 120 -1.9 -1.8 6.5 7 859.5225247031775 0.03781506943471413
60 120 -1.9 -1.8 7 7.5 797.8022400511919 0.03469892326927493
60 120 -1.9 -1.8 7.5 8 742.5580533183777 0.03195697015814858
60 120 -1.9 -1.8 8 8.5 692.9134482304913 0.0295283977230838
60 120 -1.9 -1.8 8.5 9 648.1383780778095 0.02736521948907011
60 120 -1.9 -1.8 9 9.5 607.618166206675 0.02542120494956635
60 120 -1.9 -1.8 9.5 10 570.8327650296555 0.02367626594821104
60 120 -1.9 -1.8 10 10.5 537.3363304464593 0.02529081745228723
60 120 -1.9 -1.8 10.5 11 506.7358827850372 0.02203408417074115
60 120 -1.9 -1.8 11 11.5 478.6938427339942 0.01937638569256706
60 120 -1.9 -1.8 11.5 12 452.9251263001556 0.01819755773249199
60 120 -1.9 -1.8 12 12.5 429.1875041649279 0.01711369690121956
60 120 -1.9 -1.8 12.5 13 407.2699467377783 0.01611621360729032
60 120 -1.9 -1.8 13 13.5 386.9877770581754 0.01520156496439995
60 120 -1.9 -1.8 13.5 14 368.1801305364708 0.01435983609735558
60 120 -1.9 -1.8 14 14.5 350.7034779579197 0.01358260561534053
60 120 -1.9 -1.8 14.5 15 334.4298897657915 0.01286370552207927
60 120 -1.9 -1.8 15 16 624.3074090434438 0.02377568930728557
60 120 -1.9 -1.8 16 17 571.1088518913855 0.02145371971300847
60 120 -1.9 -1.8 17 18 524.2957837922626 0.01943273976382898
60 120 -1.9 -1.8 18 19 482.8741549832224 0.01766956501586492
60 120 -1.9 -1.8 19 20 446.0300089811761 0.0161158959249974
60 120 -1.9 -1.8 20 21 413.0946204864576 0.01473648853675513
60 120 -1.9 -1.8 21 22 383.5279182162168 0.01735129693105364
60 120 -1.9 -1.8 22 23 356.883008462249 0.01457093962864064
60 120 -1.9 -1.8 23 24 332.784765975561 0.01241349490771881
60 120 -1.9 -1.8 24 25 310.9150413176348 0.0108822485739779
60 120 -1.9 -1.8 25 26 291.0009962552832 0.009714246260614345
60 120 -1.9 -1.8 26 27 272.8143568781587 0.008984935053490517
60 120 -1.9 -1.8 27 28 256.1608851377782 0.008319313397691985
60 120 -1.9 -1.8 28 29 240.872760389615 0.007713398607535282
60 120 -1.9 -1.8 29 30 226.8045003668516 0.007159146875267197
60 120 -1.9 -1.8 30 31 213.8304363740769 0.006651793872634926
60 120 -1.9 -1.8 31 32 201.8386522404878 0.006187038260861755
60 120 -1.9 -1.8 32 33 190.731828273204 0.005760582895931066
60 120 -1.9 -1.8 33 34 180.4255419664036 0.005425884532627379
60 120 -1.9 -1.8 34 35 170.8455702126213 0.005262138236190594
60 120 -1.9 -1.8 35 36 161.9257783218671 0.004885177747468106
60 120 -1.9 -1.8 36 37 153.6080728118287 0.004489073906285057
60 120 -1.9 -1.8 37 38 145.8404837535359 0.004355743960019254
60 120 -1.9 -1.8 38 39 138.5760941600796 0.004486465041225074
60 120 -1.9 -1.8 39 40 131.7723157168305 0.004300319326461022
60 120 -1.9 -1.8 40 42 244.7931156320184 0.01035276868483948
60 120 -1.9 -1.8 42 44 222.242909031427 0.008006361342893342
60 120 -1.9 -1.8 44 46 202.2590841340443 0.006545779445986
60 120 -1.9 -1.8 46 48 184.4801552749378 0.006564532275234569
60 120 -1.9 -1.8 48 50 168.6036975222613 0.006130395380608888
60 120 -1.9 -1.8 50 52 154.3796496616837 0.00562174055005471
60 120 -1.9 -1.8 52 54 141.5989599087587 0.00535288396309852
60 120 -1.9 -1.8 54 56 130.0841023776605 0.004968177896671477
60 120 -1.9 -1.8 56 58 119.6840190853702 0.004820407681194183
60 120 -1.9 -1.8 58 60 110.268667623182 0.004598564186579779
60 120 -1.9 -1.8 60 65 239.9773931341393 0.01048338785216174
60 120 -1.9 -1.8 65 70 197.5924025818751 0.009093910915424885
60 120 -1.9 -1.8 70 80 300.2833539363309 0.005072422356477091
60 120 -1.9 -1.8 80 90 210.7879410178399 0.003230526524504285
60 120 -1.9 -1.8 90 100 150.8167176223981 0.002133136055249452
60 120 -1.8 -1.7 0 0.5 -1.371607132281898 3.999674238941431e-05
60 120 -1.8 -1.7 0.5 1 -1516.506328992854 0.0143778495528295
60 120 -1.8 -1.7 1 1.5 472.2572149581395 0.007577796582381779
60 120 -1.8 -1.7 1.5 2 1553.076989097066 0.02729410347865269
60 120 -1.8 -1.7 2 2.5 1730.541936385141 0.01002764243594356
60 120 -1.8 -1.7 2.5 3 1677.621523063119 0.02537794691215822
60 120 -1.8 -1.7 3 3.5 1562.51804614601 0.07790522667551159
60 120 -1.8 -1.7 3.5 4 1436.198855471229 0.06952131304569775
60 120 -1.8 -1.7 4 4.5 1315.267800162952 0.06223405403034121
60 120 -1.8 -1.7 4.5 5 1204.960383006862 0.05593850267905509
60 120 -1.8 -1.7 5 5.5 1106.136203712272 0.05049850827663249
60 120 -1.8 -1.7 5.5 6 1018.11215011975 0.04577193793670631
60 120 -1.8 -1.7 6 6.5 939.8168295336906 0.04164537454425954
60 120 -1.8 -1.7 6.5 7 870.1151040525958 0.03806030380769698
60 120 -1.8 -1.7 7 7.5 807.9007553420037 0.03493510748887729
60 120 -1.8 -1.7 7.5 8 752.1563467396026 0.03218543369723648
60 120 -1.8 -1.7 8 8.5 702.0317908581318 0.02974110574223232
60 120 -1.8 -1.7 8.5 9 656.811660035764 0.0275610361653662
60 120 -1.8 -1.7 9 9.5 615.8847076154533 0.02560572718971343
60 120 -1.8 -1.7 9.5 10 578.7240255207354 0.02384504009705779
60 120 -1.8 -1.7 10 10.5 544.8656255295264 0.02584806881338864
60 120 -1.8 -1.7 10.5 11 513.9172077748628 0.02251605961737368
60 120 -1.8 -1.7 11 11.5 485.5484939500634 0.0195335381436621
60 120 -1.8 -1.7 11.5 12 459.4773244059772 0.01834349706962257
60 120 -1.8 -1.7 12 12.5 435.458341565313 0.01725202165647488
60 120 -1.8 -1.7 12.5 13 413.2787522400699 0.01624907507084572
60 120 -1.8 -1.7 13 13.5 392.7529479219485 0.01532687460615989
60 120 -1.8 -1.7 13.5 14 373.7131640241076 0.01447955400038836
60 120 -1.8 -1.7 14 14.5 356.013780207781 0.01369747387940379
60 120 -1.8 -1.7 14.5 15 339.5283965889878 0.01297515110866243
60 120 -1.8 -1.7 15 16 633.9183088142049 0.02398706968972419
60 120 -1.8 -1.7 16 17 580.0157188262846 0.02166326913391003
60 120 -1.8 -1.7 17 18 532.5810683879893 0.01963070960823643
60 120 -1.8 -1.7 18 19 490.5935711572591 0.01784747503603512
60 120 -1.8 -1.7 19 20 453.2282374434933 0.01627123455472201
60 120 -1.8 -1.7 20 21 419.8247281421189 0.0209631184343948
60 120 -1.8 -1.7 21 22 389.8368698462245 0.01743305612814083
60 120 -1.8 -1.7 22 23 362.8105921861393 0.01497312889142677
60 120 -1.8 -1.7 23 24 338.361075084001 0.01297003067497826
60 120 -1.8 -1.7 24 25 316.1638615393015 0.01096546704138746
60 120 -1.8 -1.7 25 26 295.9495206263137 0.009800656709842315
60 120 -1.8 -1.7 26 27 277.4874595488976 0.009061716696919575
60 120 -1.8 -1.7 27 28 260.5803759027148 0.008390449281193924
60 120 -1.8 -1.7 28 29 245.0589554008519 0.007778834420918201
60 120 -1.8 -1.7 29 30 230.7740812474167 0.007220858650100581
60 120 -1.8 -1.7 30 31 217.5957192315632 0.006710681263967899
60 120 -1.8 -1.7 31 32 205.412875432556 0.006242642476422589
60 120 -1.8 -1.7 32 33 194.1285050066499 0.005813767998091635
60 120 -1.8 -1.7 33 34 183.6569516684299 0.00541950522418233
60 120 -1.8 -1.7 34 35 173.9231706976774 0.005055681526073386
60 120 -1.8 -1.7 35 36 164.860331882233 0.004719935316416013
60 120 -1.8 -1.7 36 37 156.4079010101491 0.004701302857966994
60 120 -1.8 -1.7 37 38 148.512354809472 0.004473046807078163
60 120 -1.8 -1.7 38 39 141.1266274633553 0.004151669541215597
60 120 -1.8 -1.7 39 40 134.209032131667 0.004001232324895909
60 120 -1.8 -1.7 40 42 249.3523501859067 0.01047183223070647
60 120 -1.8 -1.7 42 44 226.4232636860157 0.008222103061484631
60 120 -1.8 -1.7 44 46 206.100092269279 0.006921945878048064
60 120 -1.8 -1.7 46 48 188.0131313396261 0.006255767694256065
60 120 -1.8 -1.7 48 50 171.8595447332534 0.005828752879864396
60 120 -1.8 -1.7 50 52 157.3860752029094 0.005311025779207057
60 120 -1.8 -1.7 52 54 144.3800011305926 0.005108496427340015
60 120 -1.8 -1.7 54 56 132.6601091642121 0.004827515719767916
60 120 -1.8 -1.7 56 58 122.0725408484178 0.004554480520624793
60 120 -1.8 -1.7 58 60 112.4860812315497 0.004339945223648556
60 120 -1.8 -1.7 60 65 244.8673234438388 0.00947799754194989
60 120 -1.8 -1.7 65 70 201.6982723077979 0.008653250008080704
60 120 -1.8 -1.7 70 80 306.6967818774401 0.01413368220448774
60 120 -1.8 -1.7 80 90 215.4684578373899 0.003253554487514521
60 120 -1.8 -1.7 90 100 154.3044483912004 0.002148460735355684
60 120 -1.7 -1.6 0 0.5 -1.401159981335195 4.537939215554232e-05
60 120 -1.7 -1.6 0.5 1 -1590.297232853689 0.07352057393632094
60 120 -1.7 -1.6 1 1.5 423.7118021169112 0.0174380836812702
60 120 -1.7 -1.6 1.5 2 1542.773994659789 0.03044952768118492
60 120 -1.7 -1.6 2 2.5 1733.818873661153 0.03016161260825356
60 120 -1.7 -1.6 2.5 3 1686.397299978863 0.02347071409940327
60 120 -1.7 -1.6 3 3.5 1573.678268368106 0.0782917439596531
60 120 -1.7 -1.6 3.5 4 1448.163231508876 0.06990670147411038
60 120 -1.7 -1.6 4 4.5 1327.411948680136 0.06250649145408715
60 120 -1.7 -1.6 4.5 5 1216.961576248956 0.05618550163444525
60 120 -1.7 -1.6 5 5.5 1117.739039045949 0.05073389127346672
60 120 -1.7 -1.6 5.5 6 1029.237341925385 0.04599660679605222
60 120 -1.7 -1.6 6 6.5 950.4724959086579 0.04189047999796003
60 120 -1.7 -1.6 6.5 7 880.3021874750356 0.03832898318455591
60 120 -1.7 -1.6 7 7.5 817.5880061938857 0.03521109538462497
60 120 -1.7 -1.6 7.5 8 761.3591896648512 0.03245131671496893
60 120 -1.7 -1.6 8 8.5 710.7859536841282 0.02999184266889188
60 120 -1.7 -1.6 8.5 9 665.153048741557 0.02779030189446985
60 120 -1.7 -1.6 9 9.5 623.8420898419921 0.02582023876539097
60 120 -1.7 -1.6 9.5 10 586.3075387275576 0.02405301655937819
60 120 -1.7 -1.6 10 10.5 552.0912903815632 0.02645408525995663
60 120 -1.7 -1.6 10.5 11 520.8078746727778 0.02253409343359181
60 120 -1.7 -1.6 11 11.5 492.1294675497217 0.01968603112658229
60 120 -1.7 -1.6 11.5 12 465.7716050370823 0.01848334204169078
60 120 -1.7 -1.6 12 12.5 441.4883601684475 0.01738294581417676
60 120 -1.7 -1.6 12.5 13 419.0609311684555 0.01637314533411427
60 120 -1.7 -1.6 13 13.5 398.2945558644755 0.01544541935328425
60 120 -1.7 -1.6 13.5 14 379.02528991142 0.01459623566285018
60 120 -1.7 -1.6 14 14.5 361.1096325958686 0.01381360752213823
60 120 -1.7 -1.6 14.5 15 344.4230951777311 0.01308785097324972
60 120 -1.7 -1.6 15 16 643.1563883715258 0.02419603628652567
60 120 -1.7 -1.6 16 17 588.5919496675371 0.02184086587135425
60 120 -1.7 -1.6 17 18 540.5522639097629 0.01978935994520725
60 120 -1.7 -1.6 18 19 498.0112192609714 0.01799810362518883
60 120 -1.7 -1.6 19 20 460.1520089472521 0.01641198819316969
60 120 -1.7 -1.6 20 21 426.3042455103995 0.02097367748717716
60 120 -1.7 -1.6 21 22 395.9151596044185 0.01816769862068668
60 120 -1.7 -1.6 22 23 368.5169068985476 0.01547681184672456
60 120 -1.7 -1.6 23 24 343.7227752562648 0.01303352189859197
60 120 -1.7 -1.6 24 25 321.2115379115953 0.01121889862491798
60 120 -1.7 -1.6 25 26 300.7094333138063 0.009889550047432749
60 120 -1.7 -1.6 26 27 281.9847467286345 0.009145142612624113
60 120 -1.7 -1.6 27 28 264.8357726227489 0.008466817000567062
60 120 -1.7 -1.6 28 29 249.086372857309 0.007848222026325402
60 120 -1.7 -1.6 29 30 234.5882907686933 0.007283436633258589
60 120 -1.7 -1.6 30 31 221.2126899604957 0.00676692231263587
60 120 -1.7 -1.6 31 32 208.8475149068514 0.00629552873218131
60 120 -1.7 -1.6 32 33 197.3940765833551 0.005863452410750369
60 120 -1.7 -1.6 33 34 186.765702151876 0.005464971894610926
60 120 -1.7 -1.6 34 35 176.883746523647 0.005215797489370289
60 120 -1.7 -1.6 35 36 167.6803131080044 0.004915732382016813
60 120 -1.7 -1.6 36 37 159.0954790381241 0.004604433209806302
60 120 -1.7 -1.6 37 38 151.076210186462 0.004492077212773893
60 120 -1.7 -1.6 38 39 143.5746865942999 0.004263822592520228
60 120 -1.7 -1.6 39 40 136.5482770361329 0.003964099137306221
60 120 -1.7 -1.6 40 42 253.7300440239993 0.01087792453256498
60 120 -1.7 -1.6 42 44 230.4333967104331 0.00859521565172372
60 120 -1.7 -1.6 44 46 209.7789972157633 0.006664097919014011
60 120 -1.7 -1.6 46 48 191.3958483012622 0.005991037010090849
60 120 -1.7 -1.6 48 50 174.9764098717034 0.00550946025609278
60 120 -1.7 -1.6 50 52 160.2631803761414 0.005406835085324246
60 120 -1.7 -1.6 52 54 147.0385220284634 0.005028576968925336
60 120 -1.7 -1.6 54 56 135.1196508895866 0.004776649631082819
60 120 -1.7 -1.6 56 58 124.351122684513 0.004335948729661254
60 120 -1.7 -1.6 58 60 114.6004037677484 0.003962888041570523
60 120 -1.7 -1.6 60 65 249.5258550976019 0.009435415168866257
60 120 -1.7 -1.6 65 70 205.5971175234502 0.008007916866944242
60 120 -1.7 -1.6 70 80 312.7690266829495 0.01344933692166705
60 120 -1.7 -1.6 80 90 219.875670122058 0.01041549798694064
60 120 -1.7 -1.6 90 100 157.5687602944541 0.002161853699135463
60 120 -1.6 -1.5 0 0.5 -1.429683658690226 3.589783047130979e-05
60 120 -1.6 -1.5 0.5 1 -1662.143786267839 0.02766874799931429
60 120 -1.6 -1.5 1 1.5 375.6187249941095 0.01841919607744558
60 120 -1.6 -1.5 1.5 2 1532.109144055445 0.02583629303694579
60 120 -1.6 -1.5 2 2.5 1736.467801559881 0.01803022984972813
60 120 -1.6 -1.5 2.5 3 1694.639467626133 0.02976678399863886
60 120 -1.6 -1.5 3 3.5 1584.221238659155 0.0786386350871453
60 120 -1.6 -1.5 3.5 4 1459.527245214326 0.07015947473132655
60 120 -1.6 -1.5 4 4.5 1339.031317207173 0.06276522036000642
60 120 -1.6 -1.5 4.5 5 1228.382896315849 0.05640332226062128
60 120 -1.6 -1.5 5 5.5 1128.772497793158 0.05099100736492801
60 120 -1.6 -1.5 5.5 6 1039.852711886634 0.04628819451090749
60 120 -1.6 -1.5 6 6.5 960.6575890017551 0.04219524322274992
60 120 -1.6 -1.5 6.5 7 890.0043879439368 0.03860582254765177
60 120 -1.6 -1.5 7 7.5 826.8119920156367 0.03544279707205078
60 120 -1.6 -1.5 7.5 8 770.1364390345436 0.03264509384882786
60 120 -1.6 -1.5 8 8.5 719.1535106280986 0.03016949685104464
60 120 -1.6 -1.5 8.5 9 673.1395520645831 0.02796559077899019
60 120 -1.6 -1.5 9 9.5 631.4506992075992 0.02599366226002076
60 120 -1.6 -1.5 9.5 10 593.5523248446779 0.02421500921855113
60 120 -1.6 -1.5 10 10.5 558.9971539791369 0.0262194083011309
60 120 -1.6 -1.5 10.5 11 527.4036034646289 0.02268446930281698
60 120 -1.6 -1.5 11 11.5 498.4400531054127 0.0198228326276535
60 120 -1.6 -1.5 11.5 12 471.817502054264 0.01861783034320297
60 120 -1.6 -1.5 12 12.5 447.2785343121726 0.01751969619664351
60 120 -1.6 -1.5 12.5 13 424.6020042233696 0.01651161111880128
60 120 -1.6 -1.5 13 13.5 403.6024910719888 0.01558606218128489
60 120 -1.6 -1.5 13.5 14 384.1159342062053 0.01472969845684702
60 120 -1.6 -1.5 14 14.5 365.9989951539866 0.01393757359596748
60 120 -1.6 -1.5 14.5 15 349.1233063178314 0.01320130545974507
60 120 -1.6 -1.5 15 16 652.0356595209028 0.02439986874708211
60 120 -1.6 -1.5 16 17 596.8223391397605 0.02202155192287591
60 120 -1.6 -1.5 17 18 548.1919925111689 0.0199512204895882
60 120 -1.6 -1.5 18 19 505.1261374920676 0.01814124325522926
60 120 -1.6 -1.5 19 20 466.7979217521139 0.01654359028253793
60 120 -1.6 -1.5 20 21 432.5272975774656 0.0151233519434868
60 120 -1.6 -1.5 21 22 401.7436247350713 0.01847458369365995
60 120 -1.6 -1.5 22 23 373.98391477349 0.01551421462215785
60 120 -1.6 -1.5 23 24 348.8625235397071 0.01322888278701839
60 120 -1.6 -1.5 24 25 326.054014931036 0.01122361701936825
60 120 -1.6 -1.5 25 26 305.2811434195876 0.009970914698556044
60 120 -1.6 -1.5 26 27 286.3024023250464 0.009221364921017994
60 120 -1.6 -1.5 27 28 268.9148525319766 0.008538362482738648
60 120 -1.6 -1.5 28 29 252.9461463328018 0.007915115740217971
60 120 -1.6 -1.5 29 30 238.2459339574439 0.00734679904419977
60 120 -1.6 -1.5 30 31 224.6840531443171 0.006826731803528219
60 120 -1.6 -1.5 31 32 212.1458696750928 0.006461215134919485
60 120 -1.6 -1.5 32 33 200.529380510333 0.006226333287031593
60 120 -1.6 -1.5 33 34 189.7462365154283 0.005664755558996148
60 120 -1.6 -1.5 34 35 179.7198154513796 0.005380663620030646
60 120 -1.6 -1.5 35 36 170.3815608267424 0.005080108043387099
60 120 -1.6 -1.5 36 37 161.6708820030867 0.004705362067170427
60 120 -1.6 -1.5 37 38 153.5337151467592 0.004390301745701208
60 120 -1.6 -1.5 38 39 145.9216731177873 0.004449310551393637
60 120 -1.6 -1.5 39 40 138.7906554792454 0.004221228886166273
60 120 -1.6 -1.5 40 42 257.9219127862415 0.01119263638065604
60 120 -1.6 -1.5 42 44 234.2699745716721 0.008753901862093016
60 120 -1.6 -1.5 44 46 213.2989315125003 0.006720524620163815
60 120 -1.6 -1.5 46 48 194.6327994570873 0.006225888633593968
60 120 -1.6 -1.5 48 50 177.9573812335984 0.005930571119819206
60 120 -1.6 -1.5 50 52 163.0111770767759 0.005569853191786933
60 120 -1.6 -1.5 52 54 149.5754786145852 0.004927329894542254
60 120 -1.6 -1.5 54 56 137.466144652202 0.004457751714937785
60 120 -1.6 -1.5 56 58 126.5254042914977 0.004443015229696812
60 120 -1.6 -1.5 58 60 116.616811039592 0.004175267368069058
60 120 -1.6 -1.5 60 65 253.9579803333098 0.009133178312879409
60 120 -1.6 -1.5 65 70 209.3027233879528 0.007904226209547005
60 120 -1.6 -1.5 70 80 318.5190433857381 0.01255432195614503
60 120 -1.6 -1.5 80 90 224.0315217430834 0.009961422233004669
60 120 -1.6 -1.5 90 100 160.6319596126917 0.008005851729222968
60 120 -1.5 -1.4 0 0.5 -1.457172110090662 3.428775577996035e-05
60 120 -1.5 -1.4 0.5 1 -1731.16245173436 0.04880545780997636
60 120 -1.5 -1.4 1 1.5 329.4722800619842 0.009555600385567686
60 120 -1.5 -1.4 1.5 2 1521.791381543865 0.0122127543490933
60 120 -1.5 -1.4 2 2.5 1738.747046553757 0.00376807113070754
60 120 -1.5 -1.4 2.5 3 1702.330916867156 0.01450819671845238
60 120 -1.5 -1.4 3 3.5 1594.050186720805 0.07878186039192769
60 120 -1.5 -1.4 3.5 4 1470.292552047058 0.07039160080421425
60 120 -1.5 -1.4 4 4.5 1350.040725378064 0.06312719837546865
60 120 -1.5 -1.4 4.5 5 1239.204644561194 0.05684844143502232
60 120 -1.5 -1.4 5 5.5 1139.283644764326 0.0513775183890175
60 120 -1.5 -1.4 5.5 6 1050.014208637844 0.04660784517886896
60 120 -1.5 -1.4 6 6.5 970.3789151586132 0.04245303020513802
60 120 -1.5 -1.4 6.5 7 899.2559808199575 0.03882614018255026
60 120 -1.5 -1.4 7 7.5 835.619405986389 0.03565499988792453
60 120 -1.5 -1.4 7.5 8 778.5387048923951 0.03284764319357691
60 120 -1.5 -1.4 8 8.5 727.172466406397 0.03035603086618721
60 120 -1.5 -1.4 8.5 9 680.7670781344764 0.02814507680056977
60 120 -1.5 -1.4 9 9.5 638.7030561683256 0.02616414206079298
60 120 -1.5 -1.4 9.5 10 600.4612509215755 0.02438180423257563
60 120 -1.5 -1.4 10 10.5 565.5934805013418 0.02635807530953116
60 120 -1.5 -1.4 10.5 11 533.7123626140075 0.02302726116101894
60 120 -1.5 -1.4 11 11.5 504.4759810924514 0.02040668309956573
60 120 -1.5 -1.4 11.5 12 477.5861740357383 0.01877528553330876
60 120 -1.5 -1.4 12 12.5 452.7926306413831 0.01766276705052405
60 120 -1.5 -1.4 12.5 13 429.8822178895251 0.01663926652190639
60 120 -1.5 -1.4 13 13.5 408.6649076065203 0.01569518653997193
60 120 -1.5 -1.4 13.5 14 388.9760575034451 0.01483006647833918
60 120 -1.5 -1.4 14 14.5 370.6703213013457 0.01403325910035846
60 120 -1.5 -1.4 14.5 15 353.6172959432228 0.01329608152815354
60 120 -1.5 -1.4 15 16 660.5119272382899 0.0245802726481088
60 120 -1.5 -1.4 16 17 604.6720479653685 0.02219409837255171
60 120 -1.5 -1.4 17 18 555.4884858267287 0.02011049005136556
60 120 -1.5 -1.4 18 19 511.933317292379 0.01828995256005328
60 120 -1.5 -1.4 19 20 473.1595207731239 0.01668116335787317
60 120 -1.5 -1.4 20 21 438.4720095845703 0.01525398421904356
60 120 -1.5 -1.4 21 22 407.311565458417 0.01849515603345253
60 120 -1.5 -1.4 22 23 379.2125367949446 0.01559338436231883
60 120 -1.5 -1.4 23 24 353.7843908368811 0.01356230480257636
60 120 -1.5 -1.4 24 25 330.6912300196167 0.01170138313830194
60 120 -1.5 -1.4 25 26 309.6502749127507 0.01005146145223534
60 120 -1.5 -1.4 26 27 290.4251805624003 0.009292144667938373
60 120 -1.5 -1.4 27 28 272.8124148893788 0.008603894384009436
60 120 -1.5 -1.4 28 29 256.6367230404501 0.007977676890845942
60 120 -1.5 -1.4 29 30 241.7453306742046 0.007405777515913314
60 120 -1.5 -1.4 30 31 228.0036758596124 0.006908239115375636
60 120 -1.5 -1.4 31 32 215.2956575884826 0.006401031189852802
60 120 -1.5 -1.4 32 33 203.5212470383669 0.006030246730858835
60 120 -1.5 -1.4 33 34 192.591460670466 0.005619250095378447
60 120 -1.5 -1.4 34 35 182.4283392280295 0.00524124254684466
60 120 -1.5 -1.4 35 36 172.9627186986318 0.005059080420579676
60 120 -1.5 -1.4 36 37 164.1325719553912 0.005094988223618202
60 120 -1.5 -1.4 37 38 155.8822407863109 0.004795644133849919
60 120 -1.5 -1.4 38 39 148.1629462114244 0.00461912302375822
60 120 -1.5 -1.4 39 40 140.9309264453684 0.004507953476235116
60 120 -1.5 -1.4 40 42 261.9223404032839 0.01133551835403068
60 120 -1.5 -1.4 42 44 237.9326195398988 0.008861809611943272
60 120 -1.5 -1.4 44 46 216.660051660081 0.007201340530855305
60 120 -1.5 -1.4 46 48 197.7201868846988 0.006623620337478542
60 120 -1.5 -1.4 48 50 180.7971807219276 0.005949881256356093
60 120 -1.5 -1.4 50 52 165.6287124082543 0.005128938462917176
60 120 -1.5 -1.4 52 54 151.9936619946142 0.005168270084880078
60 120 -1.5 -1.4 54 56 139.7022442957843 0.004902957405704456
60 120 -1.5 -1.4 56 58 128.5940416683933 0.004525540746612933
60 120 -1.5 -1.4 58 60 118.5328888368245 0.003898495650943801
60 120 -1.5 -1.4 60 65 258.1712486085312 0.009293747849312695
60 120 -1.5 -1.4 65 70 212.8184481816333 0.01048221985269038
60 120 -1.5 -1.4 70 80 323.963355218141 0.01253377771507758
60 120 -1.5 -1.4 80 90 227.9491898366096 0.00948373917631784
60 120 -1.5 -1.4 90 100 163.5056245426784 0.007285453337715353
60 120 -1.4 -1.3 0 0.5 -1.4830786546449 5.801606756827837e-05
60 120 -1.4 -1.3 0.5 1 -1797.415456633247 0.03006172074015012
60 120 -1.4 -1.3 1 1.5 284.9310096663284 0.01106807996814041
60 120 -1.4 -1.3 1.5 2 1511.765925985081 0.008890285726920411
60 120 -1.4 -1.3 2 2.5 1740.927645525308 0.01288519032914337
60 120 -1.4 -1.3 2.5 3 1709.598619710145 0.01923172901797443
60 120 -1.4 -1.3 3 3.5 1603.389078978502 0.0790678384128114
60 120 -1.4 -1.3 3.5 4 1480.563217652841 0.07071748614544049
60 120 -1.4 -1.3 4 4.5 1360.437896991164 0.06338947507879311
60 120 -1.4 -1.3 4.5 5 1249.433472704972 0.05703735463271187
60 120 -1.4 -1.3 5 5.5 1149.267537655021 0.05155093372968622
60 120 -1.4 -1.3 5.5 6 1059.626285794016 0.04678362498862043
60 120 -1.4 -1.3 6 6.5 979.5448429718797 0.04264576109596874
60 120 -1.4 -1.3 6.5 7 908.000170015726 0.03903549951746754
60 120 -1.4 -1.3 7 7.5 843.9797532642721 0.03586340979609304
60 120 -1.4 -1.3 7.5 8 786.5245972457332 0.03306672418023027
60 120 -1.4 -1.3 8 8.5 734.7650736646634 0.03058562082480876
60 120 -1.4 -1.3 8.5 9 687.9874925144721 0.02836851703614229
60 120 -1.4 -1.3 9 9.5 645.5856591359139 0.02636864156886531
60 120 -1.4 -1.3 9.5 10 607.0344246806591 0.0245693715435209
60 120 -1.4 -1.3 10 10.5 571.8805926309719 0.02720725576875793
60 120 -1.4 -1.3 10.5 11 539.719499253169 0.02367457737932455
60 120 -1.4 -1.3 11 11.5 510.2099942823587 0.02066716959109272
60 120 -1.4 -1.3 11.5 12 483.0650742913867 0.018891941088782
60 120 -1.4 -1.3 12 12.5 458.0374330374452 0.01777345164543931
60 120 -1.4 -1.3 12.5 13 434.9083414638214 0.0167474298406205
60 120 -1.4 -1.3 13 13.5 413.490098180504 0.01580454080948357
60 120 -1.4 -1.3 13.5 14 393.6123175118574 0.01493679203230158
60 120 -1.4 -1.3 14 14.5 375.1221638718749 0.014136594343654
60 120 -1.4 -1.3 14.5 15 357.8898841672536 0.01339415137550759
60 120 -1.4 -1.3 15 16 668.5651002016798 0.02476401437081677
60 120 -1.4 -1.3 16 17 612.1390701815984 0.02235996803437956
60 120 -1.4 -1.3 17 18 562.441070500601 0.02026757232090404
60 120 -1.4 -1.3 18 19 518.4102738554311 0.01843617155964239
60 120 -1.4 -1.3 19 20 479.1973031878735 0.0168133493990581
60 120 -1.4 -1.3 20 21 444.1184108716931 0.0221850934452732
60 120 -1.4 -1.3 21 22 412.6079849337578 0.01880127544529842
60 120 -1.4 -1.3 22 23 384.1905942545118 0.0163893784987863
60 120 -1.4 -1.3 23 24 358.4628717609637 0.01375260576782011
60 120 -1.4 -1.3 24 25 335.0936112137297 0.01179328170292138
60 120 -1.4 -1.3 25 26 313.8018481109875 0.01016217708649947
60 120 -1.4 -1.3 26 27 294.3473214025415 0.009364944247408857
60 120 -1.4 -1.3 27 28 276.5241277670695 0.008717327258921159
60 120 -1.4 -1.3 28 29 260.1509072256849 0.008199715129933338
60 120 -1.4 -1.3 29 30 245.0737359959843 0.007820048602667384
60 120 -1.4 -1.3 30 31 231.1592859508351 0.007498350325050751
60 120 -1.4 -1.3 31 32 218.2912768368155 0.006971176376509902
60 120 -1.4 -1.3 32 33 206.368104986411 0.006357354606677745
60 120 -1.4 -1.3 33 34 195.300275643414 0.006249136121283527
60 120 -1.4 -1.3 34 35 185.0076385172048 0.006126655743145193
60 120 -1.4 -1.3 35 36 175.4192895899372 0.005711237647972212
60 120 -1.4 -1.3 36 37 166.4731787765982 0.00540902536195631
60 120 -1.4 -1.3 37 38 158.1140810367975 0.005204987643281811
60 120 -1.4 -1.3 38 39 150.2925158617829 0.004672997457305428
60 120 -1.4 -1.3 39 40 142.9647941305843 0.004330004257042219
60 120 -1.4 -1.3 40 42 265.7266769421674 0.01167732054892667
60 120 -1.4 -1.3 42 44 241.4150655978088 0.009236394397333925
60 120 -1.4 -1.3 44 46 219.8509825020016 0.00730896661616498
60 120 -1.4 -1.3 46 48 200.6503915801141 0.006137517572994966
60 120 -1.4 -1.3 48 50 183.4956943825454 0.006191591171472055
60 120 -1.4 -1.3 50 52 168.1170593481524 0.005956929987831927
60 120 -1.4 -1.3 52 54 154.28881880817 0.005571973880279302
60 120 -1.4 -1.3 54 56 141.821834124279 0.004640924325371998
60 120 -1.4 -1.3 56 58 130.5560169273012 0.004385187365272714
60 120 -1.4 -1.3 58 60 120.3519944843519 0.004492101472052923
60 120 -1.4 -1.3 60 65 262.1630674430211 0.009521017797624154
60 120 -1.4 -1.3 65 70 216.1453850203972 0.010543972159752
60 120 -1.4 -1.3 70 80 329.1050676370132 0.01248334027695819
60 120 -1.4 -1.3 80 90 231.6377196613977 0.009602695958704999
60 120 -1.4 -1.3 90 100 166.201402078659 0.007413359563571476
60 120 -1.3 -1.2 0 0.5 -1.507617687457745 4.271252519072455e-05
60 120 -1.3 -1.2 0.5 1 -1859.738075927929 0.02232880660380943
60 120 -1.3 -1.2 1 1.5 242.8238784930578 0.01122259413051552
60 120 -1.3 -1.2 1.5 2 1501.904229753108 0.0592960454596323
60 120 -1.3 -1.2 2 2.5 1742.930163838017 0.01026749640436719
60 120 -1.3 -1.2 2.5 3 1716.328852602545 0.01986264074935207
60 120 -1.3 -1.2 3 3.5 1612.267274035313 0.07926365998423535
60 120 -1.3 -1.2 3.5 4 1490.27090260656 0.07100907636913689
60 120 -1.3 -1.2 4 4.5 1370.25906521695 0.06371247698848492
60 120 -1.3 -1.2 4.5 5 1259.180542456509 0.05734131886833893
60 120 -1.3 -1.2 5 5.5 1158.761770054393 0.05183354743803648
60 120 -1.3 -1.2 5.5 6 1068.713413265077 0.04708349135444223
60 120 -1.3 -1.2 6 6.5 988.232745887076 0.04292883468508535
60 120 -1.3 -1.2 6.5 7 916.3170332390092 0.03930216648097939
60 120 -1.3 -1.2 7 7.5 851.9231660293499 0.03610136974532452
60 120 -1.3 -1.2 7.5 8 794.0664954469722 0.03326889135519195
60 120 -1.3 -1.2 8 8.5 741.9311965654232 0.03075505982315008
60 120 -1.3 -1.2 8.5 9 694.81279997734 0.02852398483923935
60 120 -1.3 -1.2 9 9.5 652.1016464632502 0.02652316976093516
60 120 -1.3 -1.2 9.5 10 613.260825381651 0.02471118638345615
60 120 -1.3 -1.2 10 10.5 577.8154773721481 0.02758568754745738
60 120 -1.3 -1.2 10.5 11 545.3769791090698 0.02389618255415371
60 120 -1.3 -1.2 11 11.5 515.6130839283445 0.02048937197923806
60 120 -1.3 -1.2 11.5 12 488.2357480232807 0.01902110315199934
60 120 -1.3 -1.2 12 12.5 462.9946102505601 0.01790090544335499
60 120 -1.3 -1.2 12.5 13 439.6675534131492 0.01687381230129859
60 120 -1.3 -1.2 13 13.5 418.0542931262287 0.01592795636355504
60 120 -1.3 -1.2 13.5 14 397.9858214507435 0.01505466729167892
60 120 -1.3 -1.2 14 14.5 379.3182572392288 0.01424662102397178
60 120 -1.3 -1.2 14.5 15 361.9216299160261 0.01349676818301759
60 120 -1.3 -1.2 15 16 676.18023245687 0.02494601542002783
60 120 -1.3 -1.2 16 17 619.2170679906462 0.022521089603174
60 120 -1.3 -1.2 17 18 569.0156988833742 0.02040919951741671
60 120 -1.3 -1.2 18 19 524.5283412398256 0.01855563950664418
60 120 -1.3 -1.2 19 20 484.9108185286145 0.01691941159083399
60 120 -1.3 -1.2 20 21 449.4706269335157 0.01547179270937704
60 120 -1.3 -1.2 21 22 417.6253567436694 0.01943765987078905
60 120 -1.3 -1.2 22 23 388.8954302193744 0.01630932907141869
60 120 -1.3 -1.2 23 24 362.8847757533987 0.01387478238234507
60 120 -1.3 -1.2 24 25 339.2585064206156 0.01181737773305258
60 120 -1.3 -1.2 25 26 317.7324614221112 0.0102723827801583
60 120 -1.3 -1.2 26 27 298.0605791016755 0.009686600916268162
60 120 -1.3 -1.2 27 28 280.0324838680165 0.008960806746983963
60 120 -1.3 -1.2 28 29 263.4696522088352 0.008459856549507094
60 120 -1.3 -1.2 29 30 248.2172795993297 0.007799062343934793
60 120 -1.3 -1.2 30 31 234.1413052786429 0.007005133614711667
60 120 -1.3 -1.2 31 32 221.1243599576302 0.00715234167790868
60 120 -1.3 -1.2 32 33 209.0613029350477 0.006806858704095475
60 120 -1.3 -1.2 33 34 197.8612571171158 0.006528081497350513
60 120 -1.3 -1.2 34 35 187.4440262882877 0.006248344803424288
60 120 -1.3 -1.2 35 36 177.7392734034584 0.005833569554170026
60 120 -1.3 -1.2 36 37 168.6845152149018 0.005153713383805325
60 120 -1.3 -1.2 37 38 160.2244834899913 0.005209341556792424
60 120 -1.3 -1.2 38 39 152.3083877460527 0.005277334521537114
60 120 -1.3 -1.2 39 40 144.8907174585615 0.005152980810322561
60 120 -1.3 -1.2 40 42 269.3247926086392 0.01194703876524272
60 120 -1.3 -1.2 42 44 244.7044987316089 0.00915517974129898
60 120 -1.3 -1.2 44 46 222.8684448442845 0.007488297259357068
60 120 -1.3 -1.2 46 48 203.4244275260868 0.007392317114636171
60 120 -1.3 -1.2 48 50 186.0460046347436 0.006634012675448275
60 120 -1.3 -1.2 50 52 170.4647649450864 0.005450215583095996
60 120 -1.3 -1.2 52 54 156.4561063278377 0.005346632149013431
60 120 -1.3 -1.2 54 56 143.8262671053807 0.005420536222629835
60 120 -1.3 -1.2 56 58 132.4097641412865 0.004953318216934122
60 120 -1.3 -1.2 58 60 122.0670971394228 0.004332568877956078
60 120 -1.3 -1.2 60 65 265.9286714355511 0.009728414744245129
60 120 -1.3 -1.2 65 70 219.2823180997898 0.01030616449486388
60 120 -1.3 -1.2 70 80 333.9434743000531 0.01296273013667815
60 120 -1.3 -1.2 80 90 235.0981238207642 0.009470675430350184
60 120 -1.3 -1.2 90 100 168.7223679255173 0.006982108977581447
60 120 -1.2 -1.1 0 0.5 -1.530945421897248 5.796838346472377e-05
60 120 -1.2 -1.1 0.5 1 -1917.828441636699 0.01346798601593946
60 120 -1.2 -1.1 1 1.5 203.9448927220028 0.006461381203394012
60 120 -1.2 -1.1 1.5 2 1493.026491616178 0.01291175688652402
60 120 -1.2 -1.1 2 2.5 1744.957620787944 0.02772387832533241
60 120 -1.2 -1.1 2.5 3 1722.63112039409 0.02088031560970194
60 120 -1.2 -1.1 3 3.5 1620.617217576893 0.0797327197501545
60 120 -1.2 -1.1 3.5 4 1499.258362930414 0.07144911071623028
60 120 -1.2 -1.1 4 4.5 1379.450182736524 0.06401689080757933
60 120 -1.2 -1.1 4.5 5 1268.333291405715 0.0575799311470746
60 120 -1.2 -1.1 5 5.5 1167.606990989177 0.0520431920408555
60 120 -1.2 -1.1 5.5 6 1077.215381200724 0.04726474222729848
60 120 -1.2 -1.1 6 6.5 996.4064228788098 0.04311849816690483
60 120 -1.2 -1.1 6.5 7 924.1448241596731 0.03948984762098462
60 120 -1.2 -1.1 7 7.5 859.3570219475343 0.0362882131510105
60 120 -1.2 -1.1 7.5 8 801.1327158365655 0.03346562104104578
60 120 -1.2 -1.1 8 8.5 748.6648353563397 0.03093807179197938
60 120 -1.2 -1.1 8.5 9 701.2478756965825 0.02868624701306999
60 120 -1.2 -1.1 9 9.5 658.2410310291865 0.02667285459745017
60 120 -1.2 -1.1 9.5 10 619.100050362024 0.02485766738732309
60 120 -1.2 -1.1 10 10.5 583.3787664030764 0.02778128573777394
60 120 -1.2 -1.1 10.5 11 550.688867131975 0.0236800189453561
60 120 -1.2 -1.1 11 11.5 520.6969943351631 0.02048997319639057
60 120 -1.2 -1.1 11.5 12 493.1095482671835 0.01914893852904243
60 120 -1.2 -1.1 12 12.5 467.6607920023424 0.01801753616831547
60 120 -1.2 -1.1 12.5 13 444.1296026690776 0.01697611390886777
60 120 -1.2 -1.1 13 13.5 422.3259015673208 0.01601549756338727
60 120 -1.2 -1.1 13.5 14 402.0837605590833 0.01513384716349719
60 120 -1.2 -1.1 14 14.5 383.2541074193342 0.01432306436493036
60 120 -1.2 -1.1 14.5 15 365.7088146483426 0.01357379384319302
60 120 -1.2 -1.1 15 16 683.3365065080458 0.02509948050555977
60 120 -1.2 -1.1 16 17 625.8417007110431 0.02265996947255644
60 120 -1.2 -1.1 17 18 575.1680118467389 0.02053718697823115
60 120 -1.2 -1.1 18 19 530.2651171961783 0.01868208514451908
60 120 -1.2 -1.1 19 20 490.2756583759484 0.017043800118131
60 120 -1.2 -1.1 20 21 454.4873392168564 0.01558679874023028
60 120 -1.2 -1.1 21 22 422.3239193042025 0.0194755290641524
60 120 -1.2 -1.1 22 23 393.3071677172017 0.016219273187005
60 120 -1.2 -1.1 23 24 367.0380125454972 0.01411386549392546
60 120 -1.2 -1.1 24 25 343.1740751205593 0.0122924225912584
60 120 -1.2 -1.1 25 26 321.4244560599591 0.01101988491700467
60 120 -1.2 -1.1 26 27 301.5447105893518 0.01065197857201383
60 120 -1.2 -1.1 27 28 283.3253764926893 0.009391627607271857
60 120 -1.2 -1.1 28 29 266.5875067636797 0.008562841936395671
60 120 -1.2 -1.1 29 30 251.1743473047164 0.008665298862212012
60 120 -1.2 -1.1 30 31 236.9472169567873 0.008189757246867657
60 120 -1.2 -1.1 31 32 223.7869589722021 0.00787147483245576
60 120 -1.2 -1.1 32 33 211.589719343901 0.007371825741529392
60 120 -1.2 -1.1 33 34 200.2646411171114 0.00640216888842815
60 120 -1.2 -1.1 34 35 189.7323387644877 0.006005740948921812
60 120 -1.2 -1.1 35 36 179.920866138727 0.006366565403709501
60 120 -1.2 -1.1 36 37 170.7651790662356 0.00618990054735491
60 120 -1.2 -1.1 37 38 162.2085212734407 0.00592768922012965
60 120 -1.2 -1.1 38 39 154.2004527332384 0.005547126700150784
60 120 -1.2 -1.1 39 40 146.6962613674249 0.004853095083575454
60 120 -1.2 -1.1 40 42 272.6999209824068 0.01188507011778484
60 120 -1.2 -1.1 42 44 247.7973236551884 0.009720072379963085
60 120 -1.2 -1.1 44 46 225.7034556468608 0.008331630120153477
60 120 -1.2 -1.1 46 48 206.0253113270007 0.00691317904056632
60 120 -1.2 -1.1 48 50 188.4400127277351 0.006579134348271509
60 120 -1.2 -1.1 50 52 172.6731876845221 0.006830269630313524
60 120 -1.2 -1.1 52 54 158.4925174361307 0.006152400918949752
60 120 -1.2 -1.1 54 56 145.7050801074704 0.005082664993778963
60 120 -1.2 -1.1 56 58 134.1475238248298 0.00467635650031184
60 120 -1.2 -1.1 58 60 123.6777787677574 0.004968390487761098
60 120 -1.2 -1.1 60 65 269.4605724987351 0.01027730100480539
60 120 -1.2 -1.1 65 70 222.221043317893 0.01023985147566009
60 120 -1.2 -1.1 70 80 338.4710234130784 0.0130965386856019
60 120 -1.2 -1.1 80 90 238.331116752381 0.009582739614131697
60 120 -1.2 -1.1 90 100 171.0723316869635 0.007356904575004819
60 120 -1.1 -1 0 0.5 -1.552910437717468 3.703981909120024e-05
60 120 -1.1 -1 0.5 1 -1972.976485844256 0.01735132327235078
60 120 -1.1 -1 1 1.5 166.9195793740408 0.0008877459562484091
60 120 -1.1 -1 1.5 2 1484.362398245028 0.0291007920982338
60 120 -1.1 -1 2 2.5 1746.48986998705 0.01448924501619331
60 120 -1.1 -1 2.5 3 1728.451931767939 0.01870613114942898
60 120 -1.1 -1 3 3.5 1628.238674012789 0.07981200903850549
60 120 -1.1 -1 3.5 4 1507.529457398542 0.07153682547118478
60 120 -1.1 -1 4 4.5 1387.986631825779 0.06411515041509119
60 120 -1.1 -1 4.5 5 1276.722252945805 0.05777563528931751
60 120 -1.1 -1 5 5.5 1175.724896901103 0.05231009358089977
60 120 -1.1 -1 5.5 6 1085.066983660733 0.04753834886469122
60 120 -1.1 -1 6 6.5 1003.957283382288 0.04337143002453558
60 120 -1.1 -1 6.5 7 931.3217871368364 0.03972398298697044
60 120 -1.1 -1 7 7.5 866.1903306134609 0.03649102342387778
60 120 -1.1 -1 7.5 8 807.6598284146887 0.03362174541962304
60 120 -1.1 -1 8 8.5 754.9131458934581 0.03107936814694767
60 120 -1.1 -1 8.5 9 707.1974172861979 0.0288212260400087
60 120 -1.1 -1 9 9.5 663.8989265683773 0.02679459462831346
60 120 -1.1 -1 9.5 10 624.4961115449528 0.0249756504265406
60 120 -1.1 -1 10 10.5 588.5370339702073 0.02722329387802347
60 120 -1.1 -1 10.5 11 555.6319211589873 0.02419148857075015
60 120 -1.1 -1 11 11.5 525.4284903659061 0.02151334743939515
60 120 -1.1 -1 11.5 12 497.6275654558151 0.0192527153810147
60 120 -1.1 -1 12 12.5 471.9812014686182 0.01811869539534428
60 120 -1.1 -1 12.5 13 448.2684562706414 0.01707563416317726
60 120 -1.1 -1 13 13.5 426.2981075567809 0.01611637936127863
60 120 -1.1 -1 13.5 14 405.9019837074556 0.01523222296344784
60 120 -1.1 -1 14 14.5 386.9269581921513 0.01441486319504293
60 120 -1.1 -1 14.5 15 369.23782507352 0.01365588640675242
60 120 -1.1 -1 15 16 689.9863710358085 0.02525016712206707
60 120 -1.1 -1 16 17 632.0058271242158 0.02280400279619244
60 120 -1.1 -1 17 18 580.9067191607136 0.02067863505567402
60 120 -1.1 -1 18 19 535.6175199491018 0.01880608776946247
60 120 -1.1 -1 19 20 495.2671753842251 0.01714716999123311
60 120 -1.1 -1 20 21 459.1536346376154 0.01567294135031716
60 120 -1.1 -1 21 22 426.6993535983246 0.01941550941847936
60 120 -1.1 -1 22 23 397.4212235563343 0.01696474188639741
60 120 -1.1 -1 23 24 370.9067396465659 0.01445478069121009
60 120 -1.1 -1 24 25 346.8141690940914 0.01234151481241952
60 120 -1.1 -1 25 26 324.8550958878272 0.01046235748208346
60 120 -1.1 -1 26 27 304.7860259143254 0.009559674686784092
60 120 -1.1 -1 27 28 286.3942949528807 0.009919077573329105
60 120 -1.1 -1 28 29 269.4940012829251 0.009666907847758921
60 120 -1.1 -1 29 30 253.9264585942425 0.009126313821553822
60 120 -1.1 -1 30 31 239.5558099559447 0.008178246600948569
60 120 -1.1 -1 31 32 226.2637351158388 0.007267564214430422
60 120 -1.1 -1 32 33 213.9460492804662 0.007636621384762066
60 120 -1.1 -1 33 34 202.5086014968534 0.007862345636880264
60 120 -1.1 -1 34 35 191.8684139441947 0.007425536250082132
60 120 -1.1 -1 35 36 181.9537435120088 0.007004067563315175
60 120 -1.1 -1 36 37 172.7011582010105 0.00610621064979
60 120 -1.1 -1 37 38 164.0546988511427 0.00542602069023701
60 120 -1.1 -1 38 39 155.963839559844 0.005549695015361067
60 120 -1.1 -1 39 40 148.3821318910282 0.005750127509429603
60 120 -1.1 -1 40 42 275.8513272455344 0.01247682984666199
60 120 -1.1 -1 42 44 250.6763420852596 0.009676922873495641
60 120 -1.1 -1 44 46 228.342777761068 0.007965498793083725
60 120 -1.1 -1 46 48 208.4525899842828 0.008356458609341644
60 120 -1.1 -1 48 50 190.6714585175018 0.007337688640006945
60 120 -1.1 -1 50 52 174.7258214079217 0.006015740252962587
60 120 -1.1 -1 52 54 160.3868288921933 0.005884935051227558
60 120 -1.1 -1 54 56 147.4569990405465 0.006083390143629686
60 120 -1.1 -1 56 58 135.7673309862552 0.005401165127977947
60 120 -1.1 -1 58 60 125.175838611006 0.004585884728882661
60 120 -1.1 -1 60 65 272.748543855041 0.01095566113656332
60 120 -1.1 -1 65 70 224.9555520873364 0.01029058303569741
60 120 -1.1 -1 70 80 342.6805574014451 0.01377018736394575
60 120 -1.1 -1 80 90 241.3325199232601 0.01005700221810457
60 120 -1.1 -1 90 100 173.2484062502217 0.007401817265360933
60 120 -1 -0.95 0 0.5 -0.7841670993227799 1.904065802549315e-05
60 120 -1 -0.95 0.5 1 -1006.223031758287 0.02668796711077448
60 120 -1 -0.95 1 1.5 70.0602985711687 0.0002333950144191022
60 120 -1 -0.95 1.5 2 739.0167536954116 0.003193192549701962
60 120 -1 -0.95 2 2.5 873.6594225132973 0.002508960301497609
60 120 -1 -0.95 2.5 3 866.2335406963321 0.003102972028955264
60 120 -1 -0.95 3 3.5 816.7285457042497 0.0400182959143649
60 120 -1 -0.95 3.5 4 756.6598953325566 0.0358613940717305
60 120 -1 -0.95 4 4.5 696.9722386526515 0.03220325088932441
60 120 -1 -0.95 4.5 5 641.282673365399 0.02901053876121296
60 120 -1 -0.95 5 5.5 590.7155680073059 0.02624991497384599
60 120 -1 -0.95 5.5 6 545.3053347569978 0.02384293407692439
60 120 -1 -0.95 6 6.5 504.6157181247923 0.02173302818192724
60 120 -1 -0.95 6.5 7 468.1737523045945 0.01989033689949338
60 120 -1 -0.95 7 7.5 435.4964491454766 0.01828255656431566
60 120 -1 -0.95 7.5 8 406.1303564829473 0.01687142143993015
60 120 -1 -0.95 8 8.5 379.6398500585233 0.0156174247381955
60 120 -1 -0.95 8.5 9 355.6730943767984 0.01449312568547612
60 120 -1 -0.95 9 9.5 333.9263996362719 0.01347876102624923
60 120 -1 -0.95 9.5 10 314.137562034013 0.01256098869492916
60 120 -1 -0.95 10 10.5 296.079412966599 0.01432975047248419
60 120 -1 -0.95 10.5 11 279.5438472841627 0.0123933008134145
60 120 -1 -0.95 11 11.5 264.3619560339221 0.01047198263870541
60 120 -1 -0.95 11.5 12 250.3904382176435 0.009660031388648349
60 120 -1 -0.95 12 12.5 237.5008207482261 0.009088557990338586
60 120 -1 -0.95 12.5 13 225.5846899221736 0.008566639313954738
60 120 -1 -0.95 13 13.5 214.5442396295138 0.008085604978930405
60 120 -1 -0.95 13.5 14 204.2901758945989 0.007644222152862312
60 120 -1 -0.95 14 14.5 194.7483539963603 0.007235940299892718
60 120 -1 -0.95 14.5 15 185.8530273242778 0.006857960849970368
60 120 -1 -0.95 15 16 347.3232998179902 0.01268180089232374
60 120 -1 -0.95 16 17 318.1687971788883 0.01145401190251505
60 120 -1 -0.95 17 18 292.4694468050381 0.01038127978966941
60 120 -1 -0.95 18 19 269.6848707616802 0.009441518683388495
60 120 -1 -0.95 19 20 249.3838049531974 0.008610949124829403
60 120 -1 -0.95 20 21 231.2166894986509 0.007874557719958375
60 120 -1 -0.95 21 22 214.8900936073848 0.01011920893580509
60 120 -1 -0.95 22 23 200.1556333035634 0.008563060813941092
60 120 -1 -0.95 23 24 186.8103748119141 0.007242151764160099
60 120 -1 -0.95 24 25 174.6845158132696 0.006033830348627589
60 120 -1 -0.95 25 26 163.6351046812384 0.005417938443599724
60 120 -1 -0.95 26 27 153.5344070240099 0.00479989019706295
60 120 -1 -0.95 27 28 144.2749099863585 0.004444383409719421
60 120 -1 -0.95 28 29 135.765319525332 0.004119817920923197
60 120 -1 -0.95 29 30 127.9276656958635 0.003824009767669168
60 120 -1 -0.95 30 31 120.6944249976546 0.003553006688633786
60 120 -1 -0.95 31 32 114.0033985402615 0.00330499164940079
60 120 -1 -0.95 32 33 107.8007613962793 0.003077707951334219
60 120 -1 -0.95 33 34 102.040150585342 0.002867830858633624
60 120 -1 -0.95 34 35 96.68131190285646 0.002674510339645053
60 120 -1 -0.95 35 36 91.68874407200036 0.002495852920006314
60 120 -1 -0.95 36 37 87.03054799205174 0.002330950562708267
60 120 -1 -0.95 37 38 82.67684593558303 0.002178755651087272
60 120 -1 -0.95 38 39 78.60161295083091 0.002038568629487258
60 120 -1 -0.95 39 40 74.7820352389062 0.001908494714484732
60 120 -1 -0.95 40 42 139.0291729887635 0.006084106341063489
60 120 -1 -0.95 42 44 126.3500770986293 0.004967572675994347
60 120 -1 -0.95 44 46 115.1000365081312 0.003970447405805544
60 120 -1 -0.95 46 48 105.077123367323 0.003005824403487622
60 120 -1 -0.95 48 50 96.11801710596787 0.002204435497063173
60 120 -1 -0.95 50 52 88.08516518937009 0.001869395839847243
60 120 -1 -0.95 52 54 80.85934544396267 0.001663760932459013
60 120 -1 -0.95 54 56 74.34230997934301 0.00148417263086742
60 120 -1 -0.95 56 58 68.45125248320477 0.001326595470004577
60 120 -1 -0.95 58 60 63.11432884547957 0.001188222100680036
60 120 -1 -0.95 60 65 137.5277517572714 0.002467847489697306
60 120 -1 -0.95 65 70 113.4371240967408 0.005055529606522668
60 120 -1 -0.95 70 80 172.8164879745621 0.002660186808526532
60 120 -1 -0.95 80 90 121.7170939915271 0.001687501326969709
60 120 -1 -0.95 90 100 87.38516199147256 0.001110580015449614
60 120 -0.95 -0.9 0 0.5 -0.7889899909224198 1.800905725546365e-05
60 120 -0.95 -0.9 0.5 1 -1018.54815743958 0.02948152860085429
60 120 -0.95 -0.9 1 1.5 61.60372275223497 0.0005639034948927701
60 120 -0.95 -0.9 1.5 2 736.9478511200283 0.007522129270682854
60 120 -0.95 -0.9 2 2.5 873.8799777521907 0.001867058031393753
60 120 -0.95 -0.9 2.5 3 867.4778649167043 0.004503351597577421
60 120 -0.95 -0.9 3 3.5 818.357355023738 0.04007566693701392
60 120 -0.95 -0.9 3.5 4 758.4942091676113 0.03592047150448252
60 120 -0.95 -0.9 4 4.5 698.8268987287721 0.03223970144347277
60 120 -0.95 -0.9 4.5 5 643.1163201572492 0.02904383352245077
60 120 -0.95 -0.9 5 5.5 592.5225603006746 0.02628632197252045
60 120 -0.95 -0.9 5.5 6 547.0386126012514 0.02388807445947805
60 120 -0.95 -0.9 6 6.5 506.2695331465038 0.02179071854732229
60 120 -0.95 -0.9 6.5 7 469.7562128335161 0.01995906916488366
60 120 -0.95 -0.9 7 7.5 437.0181935600343 0.0183426547123986
60 120 -0.95 -0.9 7.5 8 407.5757479086869 0.01690794470346191
60 120 -0.95 -0.9 8 8.5 381.0120096785139 0.01562944885796469
60 120 -0.95 -0.9 8.5 9 356.9806755105068 0.01449175392224333
60 120 -0.95 -0.9 9 9.5 335.1757315978753 0.01347655624834943
60 120 -0.95 -0.9 9.5 10 315.3355479071714 0.01256907481359804
60 120 -0.95 -0.9 10 10.5 297.2186849728909 0.01408522229553455
60 120 -0.95 -0.9 10.5 11 280.6290238994235 0.01223798918755392
60 120 -0.95 -0.9 11 11.5 265.3991808300138 0.01076240466210265
60 120 -0.95 -0.9 11.5 12 251.3820489565574 0.009700496044843021
60 120 -0.95 -0.9 12 12.5 238.4528380167581 0.009126775816611143
60 120 -0.95 -0.9 12.5 13 226.4988477471858 0.008599272439596461
60 120 -0.95 -0.9 13 13.5 215.4191916511304 0.008113578536722343
60 120 -0.95 -0.9 13.5 14 205.1288201452785 0.007664461815693357
60 120 -0.95 -0.9 14 14.5 195.5534062834005 0.007252288848491162
60 120 -0.95 -0.9 14.5 15 186.6268696576689 0.00686977448702919
60 120 -0.95 -0.9 15 16 348.7859671918911 0.01270306705544044
60 120 -0.95 -0.9 16 17 319.5301350572888 0.01147838381922384
60 120 -0.95 -0.9 17 18 293.7336528997191 0.01040992788313133
60 120 -0.95 -0.9 18 19 270.8618419496806 0.009469206125459095
60 120 -0.95 -0.9 19 20 250.4853772778801 0.008635996479284813
60 120 -0.95 -0.9 20 21 232.2507673735964 0.007895530090650027
60 120 -0.95 -0.9 21 22 215.8575471837813 0.01005862307832217
60 120 -0.95 -0.9 22 23 201.0623039371042 0.008527327000706464
60 120 -0.95 -0.9 23 24 187.6631925641818 0.007115421261943311
60 120 -0.95 -0.9 24 25 175.4908973911887 0.006256559778620385
60 120 -0.95 -0.9 25 26 164.3955424725168 0.005456908632822888
60 120 -0.95 -0.9 26 27 154.2509219466596 0.004814885287402149
60 120 -0.95 -0.9 27 28 144.951111335308 0.004458012623217655
60 120 -0.95 -0.9 28 29 136.4061004984008 0.004132764773657982
60 120 -0.95 -0.9 29 30 128.5372360155492 0.003835172060007608
60 120 -0.95 -0.9 30 31 121.2726652880293 0.003563366078097374
60 120 -0.95 -0.9 31 32 114.5511659565565 0.003314156967377357
60 120 -0.95 -0.9 32 33 108.3201605268648 0.003085146771653058
60 120 -0.95 -0.9 33 34 102.5339663737341 0.002874415698570942
60 120 -0.95 -0.9 34 35 97.15238878954636 0.002680771770130264
60 120 -0.95 -0.9 35 36 92.13855069647619 0.002502634374309309
60 120 -0.95 -0.9 36 37 87.45871913116881 0.002338051336224112
60 120 -0.95 -0.9 37 38 83.08428852602611 0.00218547070964803
60 120 -0.95 -0.9 38 39 78.9897881130225 0.002044245958160218
60 120 -0.95 -0.9 39 40 75.15273086753834 0.001913294134666899
60 120 -0.95 -0.9 40 42 139.7243755039355 0.006229313623833832
60 120 -0.95 -0.9 42 44 126.9866510084945 0.005058225939393424
60 120 -0.95 -0.9 44 46 115.681892809786 0.003907748319207371
60 120 -0.95 -0.9 46 48 105.6120441786601 0.002953016909145845
60 120 -0.95 -0.9 48 50 96.61165637403631 0.00243689740706543
60 120 -0.95 -0.9 50 52 88.53881831235114 0.001874106571918333
60 120 -0.95 -0.9 52 54 81.27703426798692 0.001668049814000483
60 120 -0.95 -0.9 54 56 74.72886135150864 0.001487705106058002
60 120 -0.95 -0.9 56 58 68.8095296995954 0.001329540202945623
60 120 -0.95 -0.9 58 60 63.44542098903607 0.001190678662005951
60 120 -0.95 -0.9 60 65 138.2521970159246 0.002473068196678696
60 120 -0.95 -0.9 65 70 114.0405719566111 0.004747893296524808
60 120 -0.95 -0.9 70 80 173.7441554196541 0.002665163545884752
60 120 -0.95 -0.9 80 90 122.3770991293452 0.001690253197509151
60 120 -0.95 -0.9 90 100 87.86273000556555 0.001112133498253343
60 120 -0.9 -0.85 0 0.5 -0.7935826135643558 1.887494486507713e-05
60 120 -0.9 -0.85 0.5 1 -1030.174358514335 0.03235282315540644
60 120 -0.9 -0.85 1 1.5 53.67428064671583 0.001427178658872208
60 120 -0.9 -0.85 1.5 2 735.0326088506358 0.009247430381265076
60 120 -0.9 -0.85 2 2.5 874.1195932049054 0.00777751645432545
60 120 -0.9 -0.85 2.5 3 868.6322499806467 0.002257504050248826
60 120 -0.9 -0.85 3 3.5 819.9157521567201 0.0401198264711411
60 120 -0.9 -0.85 3.5 4 760.2505614502032 0.03597183272256643
60 120 -0.9 -0.85 4 4.5 700.5979620081848 0.03229972186591112
60 120 -0.9 -0.85 4.5 5 644.880465340916 0.02910780418301329
60 120 -0.9 -0.85 5 5.5 594.2553128840509 0.02633583587396515
60 120 -0.9 -0.85 5.5 6 548.6905054825321 0.02392843947507117
60 120 -0.9 -0.85 6 6.5 507.8515560305977 0.02183177737566666
60 120 -0.9 -0.85 6.5 7 471.2767970474552 0.01999909763003416
60 120 -0.9 -0.85 7 7.5 438.4715168309146 0.01838699878402394
60 120 -0.9 -0.85 7.5 8 408.9519378746244 0.01695703918340996
60 120 -0.9 -0.85 8 8.5 382.3230579153224 0.01568198971955326
60 120 -0.9 -0.85 8.5 9 358.2318181714661 0.01454644458925713
60 120 -0.9 -0.85 9 9.5 336.3753418865189 0.01352643481055793
60 120 -0.9 -0.85 9.5 10 316.4773330533473 0.01260666755251805
60 120 -0.9 -0.85 10 10.5 298.3058923921476 0.01438156855635953
60 120 -0.9 -0.85 10.5 11 281.666816810771 0.01222467968301544
60 120 -0.9 -0.85 11 11.5 266.39104171829 0.01053374702604515
60 120 -0.9 -0.85 11.5 12 252.333655335081 0.009707036544938319
60 120 -0.9 -0.85 12 12.5 239.3657707535055 0.009140338435798867
60 120 -0.9 -0.85 12.5 13 227.3722969055307 0.008620108091946577
60 120 -0.9 -0.85 13 13.5 216.2552166545707 0.008140011739413922
60 120 -0.9 -0.85 13.5 14 205.9305163737848 0.007696411387001945
60 120 -0.9 -0.85 14 14.5 196.3223208597486 0.007283202788727294
60 120 -0.9 -0.85 14.5 15 187.366087299151 0.006899248849094874
60 120 -0.9 -0.85 15 16 350.1861162239733 0.01275037944350288
60 120 -0.9 -0.85 16 17 320.8263776193808 0.01151058009372719
60 120 -0.9 -0.85 17 18 294.9357820809583 0.01043066098304735
60 120 -0.9 -0.85 18 19 271.9826392531558 0.009485906240172426
60 120 -0.9 -0.85 19 20 251.5371876469635 0.008654761013190182
60 120 -0.9 -0.85 20 21 233.2336128206082 0.007916308557042839
60 120 -0.9 -0.85 21 22 216.7772276018161 0.0101966545219625
60 120 -0.9 -0.85 22 23 201.926140362345 0.008317448421053086
60 120 -0.9 -0.85 23 24 188.4794220355318 0.00730093656844133
60 120 -0.9 -0.85 24 25 176.2597093775672 0.006417239530719598
60 120 -0.9 -0.85 25 26 165.1184838182296 0.005500784456899055
60 120 -0.9 -0.85 26 27 154.9323500475361 0.004826646672512425
60 120 -0.9 -0.85 27 28 145.5967668004148 0.004469115317618844
60 120 -0.9 -0.85 28 29 137.0196514067557 0.004143345957714928
60 120 -0.9 -0.85 29 30 129.1181303293663 0.003845564612305452
60 120 -0.9 -0.85 30 31 121.822200078216 0.003572997645974851
60 120 -0.9 -0.85 31 32 115.0720282967889 0.003323117427228794
60 120 -0.9 -0.85 32 33 108.8155890863973 0.003093517959527503
60 120 -0.9 -0.85 33 34 103.0067878289624 0.002882458184814141
60 120 -0.9 -0.85 34 35 97.60303628520896 0.002688195239329616
60 120 -0.9 -0.85 35 36 92.56662934033407 0.002509327765125136
60 120 -0.9 -0.85 36 37 87.86593449877306 0.002343499509947833
60 120 -0.9 -0.85 37 38 83.47222795141589 0.002190297123561891
60 120 -0.9 -0.85 38 39 79.36061847443575 0.002048933519830598
60 120 -0.9 -0.85 39 40 75.50794926681245 0.001918363805998524
60 120 -0.9 -0.85 40 42 140.3883036606095 0.006488848752951526
60 120 -0.9 -0.85 42 44 127.5918440310649 0.005065866483221271
60 120 -0.9 -0.85 44 46 116.2369379274141 0.003820248346428912
60 120 -0.9 -0.85 46 48 106.1235175728255 0.003153895895039227
60 120 -0.9 -0.85 48 50 97.08112558066655 0.002387786259518521
60 120 -0.9 -0.85 50 52 88.97056414490061 0.001878459848853709
60 120 -0.9 -0.85 52 54 81.67638161851464 0.001671917067469053
60 120 -0.9 -0.85 54 56 75.0983855877391 0.001491130031752164
60 120 -0.9 -0.85 56 58 69.15038424853218 0.001332573350879329
60 120 -0.9 -0.85 58 60 63.76021355211103 0.00119329251493383
60 120 -0.9 -0.85 60 65 138.9448556548662 0.002478254481786735
60 120 -0.9 -0.85 65 70 114.6145071023252 0.005362550529511623
60 120 -0.9 -0.85 70 80 174.6282562461255 0.002669927867657407
60 120 -0.9 -0.85 80 90 123.0058661061287 0.001692867609492055
60 120 -0.9 -0.85 90 100 88.31772030089725 0.001113564016705482
60 120 -0.85 -0.8 0 0.5 -0.797884117603884 1.902434385270269e-05
60 120 -0.85 -0.8 0.5 1 -1041.062349927864 0.03447179380782472
60 120 -0.85 -0.8 1 1.5 46.31081649438173 0.0005749192779234136
60 120 -0.85 -0.8 1.5 2 733.3258117190569 0.005821266363341238
60 120 -0.85 -0.8 2 2.5 874.4465461200276 0.003806469404935342
60 120 -0.85 -0.8 2.5 3 869.7510696060735 0.002437057853171609
60 120 -0.85 -0.8 3 3.5 821.42295892045 0.039945195013388
60 120 -0.85 -0.8 3.5 4 761.9014614401163 0.03584679037021488
60 120 -0.85 -0.8 4 4.5 702.2799129451672 0.0322089440886657
60 120 -0.85 -0.8 4.5 5 646.5753065270338 0.02904539102337367
60 120 -0.85 -0.8 5 5.5 595.8974746336642 0.02630192965500555
60 120 -0.85 -0.8 5.5 6 550.2647125141934 0.02391084851046799
60 120 -0.85 -0.8 6 6.5 509.3638972905146 0.02182535769588867
60 120 -0.85 -0.8 6.5 7 472.7325548914942 0.01999660794513147
60 120 -0.85 -0.8 7 7.5 439.8486226839306 0.01838187782385603
60 120 -0.85 -0.8 7.5 8 410.2617588755887 0.01695663880053644
60 120 -0.85 -0.8 8 8.5 383.5714058049423 0.01568791429872363
60 120 -0.85 -0.8 8.5 9 359.4277715344534 0.01455739358829078
60 120 -0.85 -0.8 9 9.5 337.5155485761834 0.01354376134020185
60 120 -0.85 -0.8 9.5 10 317.5605863222588 0.01262775541340488
60 120 -0.85 -0.8 10 10.5 299.3388664865936 0.01415741967480244
60 120 -0.85 -0.8 10.5 11 282.6531211474756 0.01228616258015336
60 120 -0.85 -0.8 11 11.5 267.3362087874037 0.01057104473107984
60 120 -0.85 -0.8 11.5 12 253.2405594067701 0.009734152139770913
60 120 -0.85 -0.8 12 12.5 240.2331008281546 0.009160999631603772
60 120 -0.85 -0.8 12.5 13 228.2015746405966 0.00863304289481448
60 120 -0.85 -0.8 13 13.5 217.0500055953007 0.00814707879212051
60 120 -0.85 -0.8 13.5 14 206.6918993938262 0.00769963807243812
60 120 -0.85 -0.8 14 14.5 197.0550697325102 0.007286977437388487
60 120 -0.85 -0.8 14.5 15 188.072905208153 0.006906007208755227
60 120 -0.85 -0.8 15 16 351.5191221031116 0.01277841173543948
60 120 -0.85 -0.8 16 17 322.0576666637287 0.01155048423601102
60 120 -0.85 -0.8 17 18 296.0785881638961 0.01047143630643177
60 120 -0.85 -0.8 18 19 273.0529011677796 0.009517531288622649
60 120 -0.85 -0.8 19 20 252.5347665284692 0.008676500114489727
60 120 -0.85 -0.8 20 21 234.1638603405353 0.00793225379567275
60 120 -0.85 -0.8 21 22 217.6487535340273 0.009721676037770521
60 120 -0.85 -0.8 22 23 202.7490549116156 0.008649820684951237
60 120 -0.85 -0.8 23 24 189.2534218038612 0.007503569851110115
60 120 -0.85 -0.8 24 25 176.9864583541793 0.00636462580831676
60 120 -0.85 -0.8 25 26 165.8030903537025 0.005315986769119263
60 120 -0.85 -0.8 26 27 155.581226376989 0.00483919236728525
60 120 -0.85 -0.8 27 28 146.2127169516802 0.004480240636070221
60 120 -0.85 -0.8 28 29 137.6017451729438 0.004153127989212635
60 120 -0.85 -0.8 29 30 129.6680951698761 0.003854928758073584
60 120 -0.85 -0.8 30 31 122.3432646434944 0.00358157568986428
60 120 -0.85 -0.8 31 32 115.5680152154863 0.003331142898503003
60 120 -0.85 -0.8 32 33 109.2885885763898 0.003101122938488743
60 120 -0.85 -0.8 33 34 103.4563232177494 0.002889619832529888
60 120 -0.85 -0.8 34 35 98.02945320785361 0.002694573923832877
60 120 -0.85 -0.8 35 36 92.97228778255467 0.002515068203720716
60 120 -0.85 -0.8 36 37 88.25265781127734 0.002349124698213245
60 120 -0.85 -0.8 37 38 83.84238861813674 0.002195800821155558
60 120 -0.85 -0.8 38 39 79.71471906509204 0.002054256075865624
60 120 -0.85 -0.8 39 40 75.8456894269398 0.001923165621008138
60 120 -0.85 -0.8 40 42 141.0175211775405 0.006421988029330805
60 120 -0.85 -0.8 42 44 128.1674153260734 0.004866212929726998
60 120 -0.85 -0.8 44 46 116.7663721341258 0.004042585856382175
60 120 -0.85 -0.8 46 48 106.608390168086 0.003138148102507898
60 120 -0.85 -0.8 48 50 97.52608598869615 0.002285242992954295
60 120 -0.85 -0.8 50 52 89.3817962807552 0.001882694605043866
60 120 -0.85 -0.8 52 54 82.0564241573535 0.0016753809827037
60 120 -0.85 -0.8 54 56 75.44834966509421 0.001494197229135352
60 120 -0.85 -0.8 56 58 69.47353896312708 0.001335242099742118
60 120 -0.85 -0.8 58 60 64.06040724570691 0.001195726112854345
60 120 -0.85 -0.8 60 65 139.602160255643 0.002483050245615459
60 120 -0.85 -0.8 65 70 115.1612201181046 0.005008223385900124
60 120 -0.85 -0.8 70 80 175.4677867465688 0.002674412624799061
60 120 -0.85 -0.8 80 90 123.602713814134 0.00169534686099837
60 120 -0.85 -0.8 90 100 88.74921071282949 0.001114933339508184
60 120 -0.8 -0.75 0 0.5 -0.8013971476484624 1.893060543955993e-05
60 120 -0.8 -0.75 0.5 1 -1051.247064936476 0.02506847710083093
60 120 -0.8 -0.75 1 1.5 39.45396493771818 0.000148886785332536
60 120 -0.8 -0.75 1.5 2 731.7609847926335 0.00782057551282378
60 120 -0.8 -0.75 2 2.5 874.8161236848679 0.004636449343138338
60 120 -0.8 -0.75 2.5 3 870.8486175499289 0.002299999000911157
60 120 -0.8 -0.75 3 3.5 822.8928723997133 0.04046356531091533
60 120 -0.8 -0.75 3.5 4 763.4621318114354 0.03625610421283909
60 120 -0.8 -0.75 4 4.5 703.8742409630336 0.03253887183541337
60 120 -0.8 -0.75 4.5 5 648.1730698313726 0.02928810217792943
60 120 -0.8 -0.75 5 5.5 597.433177370373 0.02646692033943054
60 120 -0.8 -0.75 5.5 6 551.7478048935187 0.02402961477525878
60 120 -0.8 -0.75 6 6.5 510.800629901507 0.02191146192490123
60 120 -0.8 -0.75 6.5 7 474.101879883444 0.02005977895026945
60 120 -0.8 -0.75 7 7.5 441.149363345856 0.01842988536606072
60 120 -0.8 -0.75 7.5 8 411.5010260734937 0.01698900203069797
60 120 -0.8 -0.75 8 8.5 384.7569472931265 0.01570969199343608
60 120 -0.8 -0.75 8.5 9 360.5600512284035 0.01456772385938621
60 120 -0.8 -0.75 9 9.5 338.5900749838167 0.01354325690346059
60 120 -0.8 -0.75 9.5 10 318.5844866486203 0.012622732787122
60 120 -0.8 -0.75 10 10.5 300.3145250040684 0.01419287354190146
60 120 -0.8 -0.75 10.5 11 283.587366863785 0.01202372783529881
60 120 -0.8 -0.75 11 11.5 268.2331784259638 0.01098143885201353
60 120 -0.8 -0.75 11.5 12 254.0970054653551 0.009731901591067071
60 120 -0.8 -0.75 12 12.5 241.0511381785344 0.009160258730219084
60 120 -0.8 -0.75 12.5 13 228.9844866024717 0.008633167828122623
60 120 -0.8 -0.75 13 13.5 217.7994797523863 0.008149337125047396
60 120 -0.8 -0.75 13.5 14 207.4140599453183 0.007702710442032412
60 120 -0.8 -0.75 14 14.5 197.7513191667 0.007291281083894319
60 120 -0.8 -0.75 14.5 15 188.7416557158544 0.006909494033266128
60 120 -0.8 -0.75 15 16 352.776789701116 0.0127786520354789
60 120 -0.8 -0.75 16 17 323.220830418782 0.01154558440720166
60 120 -0.8 -0.75 17 18 297.1660769352061 0.01047147578668728
60 120 -0.8 -0.75 18 19 274.066242757414 0.009531760454194682
60 120 -0.8 -0.75 19 20 253.4769341885641 0.008700767350575234
60 120 -0.8 -0.75 20 21 235.0444141557494 0.01168420344529864
60 120 -0.8 -0.75 21 22 218.4786617475799 0.01025010329374254
60 120 -0.8 -0.75 22 23 203.527607701446 0.008766926489812477
60 120 -0.8 -0.75 23 24 189.9824058170205 0.00739259316142693
60 120 -0.8 -0.75 24 25 177.6718902350038 0.006189929223069157
60 120 -0.8 -0.75 25 26 166.4523291662044 0.005412031285601415
60 120 -0.8 -0.75 26 27 156.1965008479736 0.004850551919361124
60 120 -0.8 -0.75 27 28 146.792996957243 0.004491512926051655
60 120 -0.8 -0.75 28 29 138.1496684059312 0.004163795349882093
60 120 -0.8 -0.75 29 30 130.1875006331227 0.003864381201424294
60 120 -0.8 -0.75 30 31 122.8382697128016 0.003590158811093147
60 120 -0.8 -0.75 31 32 116.0391538937359 0.003338862201630377
60 120 -0.8 -0.75 32 33 109.7352050740481 0.003108216288069343
60 120 -0.8 -0.75 33 34 103.8798639947518 0.002896528988785008
60 120 -0.8 -0.75 34 35 98.43237050795358 0.00270110048607819
60 120 -0.8 -0.75 35 36 93.35690740903944 0.002521009717682432
60 120 -0.8 -0.75 36 37 88.62066914492007 0.002354807073743359
60 120 -0.8 -0.75 37 38 84.19339968171954 0.002201003801530987
60 120 -0.8 -0.75 38 39 80.04893638904473 0.002058860094635406
60 120 -0.8 -0.75 39 40 76.16420827513041 0.001927144611883591
60 120 -0.8 -0.75 40 42 141.6130816275968 0.006229239872794778
60 120 -0.8 -0.75 42 44 128.714602136054 0.005176540021579967
60 120 -0.8 -0.75 44 46 117.2667435797736 0.004100215783978456
60 120 -0.8 -0.75 46 48 107.0665416793328 0.002996364747801294
60 120 -0.8 -0.75 48 50 97.94901971287563 0.002379783542679093
60 120 -0.8 -0.75 50 52 89.77171677150483 0.00188664106451597
60 120 -0.8 -0.75 52 54 82.41448410668448 0.001678827821066875
60 120 -0.8 -0.75 54 56 75.77892319779478 0.001497261043112985
60 120 -0.8 -0.75 56 58 69.78059761250135 0.001338053333782341
60 120 -0.8 -0.75 58 60 64.34447684192868 0.001198064202270643
60 120 -0.8 -0.75 60 65 140.22287476355 0.002487676516210513
60 120 -0.8 -0.75 65 70 115.6788346553697 0.004668551849775326
60 120 -0.8 -0.75 70 80 176.2619312992535 0.002678722003679468
60 120 -0.8 -0.75 80 90 124.1675017182805 0.001697747331562027
60 120 -0.8 -0.75 90 100 89.15733180252751 0.001116227553694671
60 120 -0.75 -0.7 0 0.5 -0.8046111437073199 1.916777435362338e-05
60 120 -0.75 -0.7 0.5 1 -1060.832806747003 0.0195585407134331
60 120 -0.75 -0.7 1 1.5 32.98599401499684 0.0002092768638917164
60 120 -0.75 -0.7 1.5 2 730.2523883169628 0.003615062383914847
60 120 -0.75 -0.7 2 2.5 875.1585825624293 0.005000622637339802
60 120 -0.75 -0.7 2.5 3 871.8926915392312 0.0041240520070005
60 120 -0.75 -0.7 3 3.5 824.2821726076935 0.005850387031159698
60 120 -0.75 -0.7 3.5 4 764.9382331440269 0.03707324132858503
60 120 -0.75 -0.7 4 4.5 705.3981085396067 0.03324601950282613
60 120 -0.75 -0.7 4.5 5 649.6682559982985 0.02994418334935744
60 120 -0.75 -0.7 5 5.5 598.8753397992238 0.02709498020180945
60 120 -0.75 -0.7 5.5 6 553.141474209674 0.02460449071418225
60 120 -0.75 -0.7 6 6.5 512.1430457443772 0.02242450655842276
60 120 -0.75 -0.7 6.5 7 475.3758947350281 0.02051446682321512
60 120 -0.75 -0.7 7 7.5 442.3647184689855 0.01883476044184818
60 120 -0.75 -0.7 7.5 8 412.663643990734 0.01735382501288996
60 120 -0.75 -0.7 8 8.5 385.8731158387313 0.01603671487850988
60 120 -0.75 -0.7 8.5 9 361.6207953630026 0.0148620717494623
60 120 -0.75 -0.7 9 9.5 339.5992767902475 0.01380822747921684
60 120 -0.75 -0.7 9.5 10 319.5449154548219 0.01286022501335538
60 120 -0.75 -0.7 10 10.5 301.2343545102328 0.01398309481510296
60 120 -0.75 -0.7 10.5 11 284.471025526933 0.01272300351917011
60 120 -0.75 -0.7 11 11.5 269.0752815574158 0.01075819519996912
60 120 -0.75 -0.7 11.5 12 254.900832040845 0.009872959430083483
60 120 -0.75 -0.7 12 12.5 241.818977352735 0.009284218771341557
60 120 -0.75 -0.7 12.5 13 229.7198188309108 0.008744609872934461
60 120 -0.75 -0.7 13 13.5 218.5087742789701 0.008246938420796823
60 120 -0.75 -0.7 13.5 14 208.096910567962 0.007790407322261217
60 120 -0.75 -0.7 14 14.5 198.4058759507269 0.007367940153557129
60 120 -0.75 -0.7 14.5 15 189.3686579408222 0.006976844422979411
60 120 -0.75 -0.7 15 16 353.9570559303909 0.01288628650809187
60 120 -0.75 -0.7 16 17 324.3205481616202 0.01162319775067999
60 120 -0.75 -0.7 17 18 298.1913259190609 0.01052538018944915
60 120 -0.75 -0.7 18 19 275.0172061793763 0.00956402133795109
60 120 -0.75 -0.7 19 20 254.3638547498389 0.008716576710810386
60 120 -0.75 -0.7 20 21 235.8795127266262 0.007966632587965705
60 120 -0.75 -0.7 21 22 219.261419809048 0.01033737766309173
60 120 -0.75 -0.7 22 23 204.2589795489381 0.008700993883195451
60 120 -0.75 -0.7 23 24 190.6691924358547 0.007250761060902278
60 120 -0.75 -0.7 24 25 178.321763655267 0.006289295345879964
60 120 -0.75 -0.7 25 26 167.0666373038448 0.005640656966193092
60 120 -0.75 -0.7 26 27 156.7740810901438 0.004857062678809143
60 120 -0.75 -0.7 27 28 147.3376397729592 0.004497802325687417
60 120 -0.75 -0.7 28 29 138.6657907534486 0.004170901220277301
60 120 -0.75 -0.7 29 30 130.6791054003325 0.003872233575691553
60 120 -0.75 -0.7 30 31 123.3046028935243 0.003598349303857162
60 120 -0.75 -0.7 31 32 116.4805535820488 0.003347192515121833
60 120 -0.75 -0.7 32 33 110.1538919002677 0.00311585609982501
60 120 -0.75 -0.7 33 34 104.2784834179341 0.002902951848753332
60 120 -0.75 -0.7 34 35 98.81342528333927 0.002707112773904896
60 120 -0.75 -0.7 35 36 93.72075776424005 0.00252631048482499
60 120 -0.75 -0.7 36 37 88.96687075031511 0.002359619662399837
60 120 -0.75 -0.7 37 38 84.52281096763167 0.002205855419106229
60 120 -0.75 -0.7 38 39 80.36284951878967 0.002063336525040427
60 120 -0.75 -0.7 39 40 76.46448460072962 0.001931408319734373
60 120 -0.75 -0.7 40 42 142.1765564689931 0.006587072358996693
60 120 -0.75 -0.7 42 44 129.2290031622093 0.005242765258088866
60 120 -0.75 -0.7 44 46 117.7367240138763 0.003845631348625034
60 120 -0.75 -0.7 46 48 107.5003089055494 0.003137344069855885
60 120 -0.75 -0.7 48 50 98.34817881169056 0.002496106833021372
60 120 -0.75 -0.7 50 52 90.13752986029236 0.001890431417734817
60 120 -0.75 -0.7 52 54 82.75237970249272 0.001682320302677454
60 120 -0.75 -0.7 54 56 76.09227567991309 0.001500074582423849
60 120 -0.75 -0.7 56 58 70.06915815405067 0.001340462263542008
60 120 -0.75 -0.7 58 60 64.61050547039109 0.001200188402705749
60 120 -0.75 -0.7 60 65 140.8097199589141 0.002492148967007779
60 120 -0.75 -0.7 65 70 116.1648307533406 0.005366699198660285
60 120 -0.75 -0.7 70 80 177.0105955993653 0.002682754517678632
60 120 -0.75 -0.7 80 90 124.6992654085983 0.001699918663717881
60 120 -0.75 -0.7 90 100 89.54124779423002 0.001117449969015638
60 120 -0.7 -0.65 0 0.5 -0.8079618358832441 1.816542746158056e-05
60 120 -0.7 -0.65 0.5 1 -1069.968214430869 0.01458780802522597
60 120 -0.7 -0.65 1 1.5 26.76175399250012 0.0004572837639784666
60 120 -0.7 -0.65 1.5 2 728.7596859083067 0.005030950880382079
60 120 -0.7 -0.65 2 2.5 875.3914192575265 0.00381328816581572
60 120 -0.7 -0.65 2.5 3 872.8489643140502 0.0435158495839687
60 120 -0.7 -0.65 3 3.5 825.5375897055677 0.03951457156836113
60 120 -0.7 -0.65 3.5 4 766.3064296509464 0.03561827965006614
60 120 -0.7 -0.65 4 4.5 706.8228633947489 0.03202402468173204
60 120 -0.7 -0.65 4.5 5 651.0578455898509 0.02887900380824249
60 120 -0.7 -0.65 5 5.5 600.2245509070706 0.02617872375981278
60 120 -0.7 -0.65 5.5 6 554.4541515332891 0.02384566804255428
60 120 -0.7 -0.65 6 6.5 513.3919344239486 0.02180614999167574
60 120 -0.7 -0.65 6.5 7 476.5630136635973 0.02001856606983665
60 120 -0.7 -0.65 7 7.5 443.4961577060787 0.01843252789939243
60 120 -0.7 -0.65 7.5 8 413.7520150167805 0.0170184245874907
60 120 -0.7 -0.65 8 8.5 386.9078082886977 0.01575931432773814
60 120 -0.7 -0.65 8.5 9 362.6040287377552 0.01463186650511261
60 120 -0.7 -0.65 9 9.5 340.5353175649778 0.01362017352425937
60 120 -0.7 -0.65 9.5 10 320.4429214530096 0.01270875567416851
60 120 -0.7 -0.65 10 10.5 302.0982421289133 0.01453217968412446
60 120 -0.7 -0.65 10.5 11 285.2943220373248 0.01248159343481348
60 120 -0.7 -0.65 11 11.5 269.8607732340062 0.01102569203862913
60 120 -0.7 -0.65 11.5 12 255.6503341746357 0.009825197266792429
60 120 -0.7 -0.65 12 12.5 242.5377884312084 0.009251865408856474
60 120 -0.7 -0.65 12.5 13 230.413686634471 0.008724613628970701
60 120 -0.7 -0.65 13 13.5 219.1753774668761 0.008238523035203116
60 120 -0.7 -0.65 13.5 14 208.7348137874396 0.007789797574190516
60 120 -0.7 -0.65 14 14.5 199.0162542573725 0.00737393304657985
60 120 -0.7 -0.65 14.5 15 189.9543062627805 0.006989022400745171
60 120 -0.7 -0.65 15 16 355.0655514719754 0.01293028332429458
60 120 -0.7 -0.65 16 17 325.3550764945048 0.01168541378979171
60 120 -0.7 -0.65 17 18 299.1480763408076 0.01059727015967837
60 120 -0.7 -0.65 18 19 275.9067301097222 0.009636524118661782
60 120 -0.7 -0.65 19 20 255.2005057665081 0.008785446014940135
60 120 -0.7 -0.65 20 21 236.6628816457487 0.008029976909028846
60 120 -0.7 -0.65 21 22 219.9918135832653 0.01035268637045306
60 120 -0.7 -0.65 22 23 204.9442071723152 0.008467520287041452
60 120 -0.7 -0.65 23 24 191.3174570618078 0.007387329517314356
60 120 -0.7 -0.65 24 25 178.9333258408564 0.006545605989515479
60 120 -0.7 -0.65 25 26 167.6407142080946 0.005583357127306954
60 120 -0.7 -0.65 26 27 157.3151025636079 0.00487832577235281
60 120 -0.7 -0.65 27 28 147.8505623818153 0.004513833834892012
60 120 -0.7 -0.65 28 29 139.1534662528795 0.004181990481896491
60 120 -0.7 -0.65 29 30 131.140068113902 0.003879088326669944
60 120 -0.7 -0.65 30 31 123.7402251702115 0.003602869396146957
60 120 -0.7 -0.65 31 32 116.8933251044051 0.003350624583006834
60 120 -0.7 -0.65 32 33 110.5471260816609 0.003119658358897937
60 120 -0.7 -0.65 33 34 104.6540208640434 0.002907679576139799
60 120 -0.7 -0.65 34 35 99.17081836254636 0.002711827587361881
60 120 -0.7 -0.65 35 36 94.06021800781878 0.002531278474464216
60 120 -0.7 -0.65 36 37 89.28974451139915 0.002364711578437095
60 120 -0.7 -0.65 37 38 84.83107920196483 0.002210466093117702
60 120 -0.7 -0.65 38 39 80.65829859109104 0.002067660157720752
60 120 -0.7 -0.65 39 40 76.74741956524915 0.001935379383581903
60 120 -0.7 -0.65 40 42 142.7037586525751 0.006618846404563783
60 120 -0.7 -0.65 42 44 129.7094183066428 0.004921536263282178
60 120 -0.7 -0.65 44 46 118.1797152972161 0.004072672828172585
60 120 -0.7 -0.65 46 48 107.906900201986 0.003257280551878239
60 120 -0.7 -0.65 48 50 98.72016679800504 0.002322164401505233
60 120 -0.7 -0.65 50 52 90.48156803620407 0.001893834865754229
60 120 -0.7 -0.65 52 54 83.07066834092336 0.001685159376734191
60 120 -0.7 -0.65 54 56 76.38439585058737 0.001502700177553606
60 120 -0.7 -0.65 56 58 70.33901845036765 0.001342864492670515
60 120 -0.7 -0.65 58 60 64.86175020515157 0.001202348154706101
60 120 -0.7 -0.65 60 65 141.358213861382 0.002496330133169522
60 120 -0.7 -0.65 65 70 116.6220930272548 0.004583393086889487
60 120 -0.7 -0.65 70 80 177.7116351842537 0.002686544386250489
60 120 -0.7 -0.65 80 90 125.1975200569111 0.001702014463759838
60 120 -0.7 -0.65 90 100 89.90070081828824 0.001118570007989206
60 120 -0.65 -0.6 0 0.5 -0.8115679568304577 1.849186174696094e-05
60 120 -0.65 -0.6 0.5 1 -1078.71439107022 0.02421490078995703
60 120 -0.65 -0.6 1 1.5 20.83889990660411 0.0004079401754424339
60 120 -0.65 -0.6 1.5 2 727.3413135620817 0.02356015730333638
60 120 -0.65 -0.6 2 2.5 875.5480920576742 0.002818071095930463
60 120 -0.65 -0.6 2.5 3 873.7343798511077 0.0006838820962684622
60 120 -0.65 -0.6 3 3.5 826.6849103937851 0.04062311303164279
60 120 -0.65 -0.6 3.5 4 767.5864160217421 0.03642723359985212
60 120 -0.65 -0.6 4 4.5 708.1397262342332 0.03276657355888801
60 120 -0.65 -0.6 4.5 5 652.3507226046819 0.02955498782500854
60 120 -0.65 -0.6 5 5.5 601.4915057361058 0.02672264418174564
60 120 -0.65 -0.6 5.5 6 555.6816701339932 0.0242367128381602
60 120 -0.65 -0.6 6 6.5 514.5586946737874 0.02208126309994896
60 120 -0.65 -0.6 6.5 7 477.6734073275705 0.02021344188756302
60 120 -0.65 -0.6 7 7.5 444.56551109695 0.01858200471838245
60 120 -0.65 -0.6 7.5 8 414.771403953946 0.01713858533327084
60 120 -0.65 -0.6 8 8.5 387.8726366629322 0.01585478944639362
60 120 -0.65 -0.6 8.5 9 363.5192557055456 0.01471079503141937
60 120 -0.65 -0.6 9 9.5 341.411275208687 0.01367995612793038
60 120 -0.65 -0.6 9.5 10 321.2848402471708 0.0127474352419199
60 120 -0.65 -0.6 10 10.5 302.8995545677109 0.01464825054245011
60 120 -0.65 -0.6 10.5 11 286.0567406339303 0.01257836935570822
60 120 -0.65 -0.6 11 11.5 270.5880092207036 0.01070205981113759
60 120 -0.65 -0.6 11.5 12 256.3493686416484 0.009817196224616964
60 120 -0.65 -0.6 12 12.5 243.2132338422615 0.00923823382126443
60 120 -0.65 -0.6 12.5 13 231.0615103651214 0.008707072498964408
60 120 -0.65 -0.6 13 13.5 219.7945884888051 0.008218830993854453
60 120 -0.65 -0.6 13.5 14 209.3269984661365 0.007768140295553394
60 120 -0.65 -0.6 14 14.5 199.5845233788475 0.007351146658919561
60 120 -0.65 -0.6 14.5 15 190.5023838059357 0.006965044311954216
60 120 -0.65 -0.6 15 16 356.1076852574593 0.01287864179789722
60 120 -0.65 -0.6 16 17 326.316501536828 0.01163281111223569
60 120 -0.65 -0.6 17 18 300.0389733015756 0.01054707001929955
60 120 -0.65 -0.6 18 19 276.7428734573683 0.00959524075688023
60 120 -0.65 -0.6 19 20 255.9822768656491 0.008755518138116258
60 120 -0.65 -0.6 20 21 237.389926849869 0.008011059480281801
60 120 -0.65 -0.6 21 22 220.6726477289018 0.009912342540815189
60 120 -0.65 -0.6 22 23 205.5878235375222 0.00876465743382937
60 120 -0.65 -0.6 23 24 191.9228427037434 0.007590930676116159
60 120 -0.65 -0.6 24 25 179.5008499763402 0.00649333607006497
60 120 -0.65 -0.6 25 26 168.1751450712225 0.005356690619862547
60 120 -0.65 -0.6 26 27 157.8222579110666 0.004893818857482302
60 120 -0.65 -0.6 27 28 148.3316517754606 0.004532425921610184
60 120 -0.65 -0.6 28 29 139.6072477610456 0.004202190357148083
60 120 -0.65 -0.6 29 30 131.5684847511239 0.003899727192560931
60 120 -0.65 -0.6 30 31 124.1463989392455 0.003622158867386815
60 120 -0.65 -0.6 31 32 117.2806447224444 0.003366556179813074
60 120 -0.65 -0.6 32 33 110.916052972439 0.003132038083478506
60 120 -0.65 -0.6 33 34 105.0038377730686 0.0029167195544062
60 120 -0.65 -0.6 34 35 99.50242628917073 0.002718801349743671
60 120 -0.65 -0.6 35 36 94.37572651643011 0.002536524888043346
60 120 -0.65 -0.6 36 37 89.59164040094495 0.002368745739147471
60 120 -0.65 -0.6 37 38 85.1200762502561 0.002213979083052209
60 120 -0.65 -0.6 38 39 80.93393587809571 0.002070601548979312
60 120 -0.65 -0.6 39 40 77.00948876918528 0.001938297867795313
60 120 -0.65 -0.6 40 42 143.1924648594986 0.006280526470987979
60 120 -0.65 -0.6 42 44 130.159925544557 0.005247599850861207
60 120 -0.65 -0.6 44 46 118.5922045178986 0.0041989747264779
60 120 -0.65 -0.6 46 48 108.2838217422934 0.003022997009068717
60 120 -0.65 -0.6 48 50 99.06902864397881 0.002476299079404498
60 120 -0.65 -0.6 50 52 90.80293171089626 0.001937354229823995
60 120 -0.65 -0.6 52 54 83.36501237857753 0.001687966959991627
60 120 -0.65 -0.6 54 56 76.65710062066731 0.001505174496017503
60 120 -0.65 -0.6 56 58 70.59234532638381 0.001345013768769832
60 120 -0.65 -0.6 58 60 65.09514928663086 0.00120416547852642
60 120 -0.65 -0.6 60 65 141.8699819942963 0.002500164961531937
60 120 -0.65 -0.6 65 70 117.046558189132 0.005148946899566909
60 120 -0.65 -0.6 70 80 178.365006905806 0.00269012629360077
60 120 -0.65 -0.6 80 90 125.6615773368313 0.001703894044496224
60 120 -0.65 -0.6 90 100 90.23563152312262 0.001119613036252076
60 120 -0.6 -0.55 0 0.5 -0.8151495807509328 1.877690115592578e-05
60 120 -0.6 -0.55 0.5 1 -1086.864238804631 0.03861073543816929
60 120 -0.6 -0.55 1 1.5 15.42551692365919 0.0002405994483343221
60 120 -0.6 -0.55 1.5 2 726.1049435434821 0.008619241462838545
60 120 -0.6 -0.55 2 2.5 875.7596617426395 0.003246535408379714
60 120 -0.6 -0.55 2.5 3 874.5952827574484 0.003138808736707688
60 120 -0.6 -0.55 3 3.5 827.7770786108235 0.03995536025740876
60 120 -0.6 -0.55 3.5 4 768.8094056722068 0.03588989232218864
60 120 -0.6 -0.55 4 4.5 709.3726661654312 0.03225999373148625
60 120 -0.6 -0.55 4.5 5 653.5653610915084 0.02910999948130666
60 120 -0.6 -0.55 5 5.5 602.6913229002258 0.02640536918886482
60 120 -0.6 -0.55 5.5 6 556.8259885313075 0.0240503356442332
60 120 -0.6 -0.55 6 6.5 515.647006737931 0.02197651097117159
60 120 -0.6 -0.55 6.5 7 478.7208936261496 0.02013856248066759
60 120 -0.6 -0.55 7 7.5 445.5708113331485 0.01850117492449499
60 120 -0.6 -0.55 7.5 8 415.7211988246668 0.01705684653603612
60 120 -0.6 -0.55 8 8.5 388.7722522422651 0.015779385479334
60 120 -0.6 -0.55 8.5 9 364.3794350405576 0.01464550131777287
60 120 -0.6 -0.55 9 9.5 342.2388393508934 0.01363342873401052
60 120 -0.6 -0.55 9.5 10 322.0698453393034 0.01271981413128742
60 120 -0.6 -0.55 10 10.5 303.6433198052925 0.01446196067314531
60 120 -0.6 -0.55 10.5 11 286.7645216622206 0.01221943533278136
60 120 -0.6 -0.55 11 11.5 271.2683867575469 0.01077713472591313
60 120 -0.6 -0.55 11.5 12 257.0050049177608 0.009826115652117551
60 120 -0.6 -0.55 12 12.5 243.8393992002469 0.00924976268643718
60 120 -0.6 -0.55 12.5 13 231.6580681859027 0.008721424289745983
60 120 -0.6 -0.55 13 13.5 220.3647384319027 0.008235049638244618
60 120 -0.6 -0.55 13.5 14 209.8748013259607 0.007785697233487099
60 120 -0.6 -0.55 14 14.5 200.1144833417108 0.007370015685552289
60 120 -0.6 -0.55 14.5 15 191.014698370974 0.006984503615626636
60 120 -0.6 -0.55 15 16 357.0699756430272 0.01292165674334456
60 120 -0.6 -0.55 16 17 327.2051977410949 0.0116774476866226
60 120 -0.6 -0.55 17 18 300.8710550009191 0.01059001132790627
60 120 -0.6 -0.55 18 19 277.5203399374024 0.009632929288386549
60 120 -0.6 -0.55 19 20 256.7032970404904 0.008786435235265344
60 120 -0.6 -0.55 20 21 238.0638236616608 0.01186385737679529
60 120 -0.6 -0.55 21 22 221.308860267149 0.01041258353470198
60 120 -0.6 -0.55 22 23 206.1844754089944 0.008889795932617517
60 120 -0.6 -0.55 23 24 192.4811608417781 0.007546800912962226
60 120 -0.6 -0.55 24 25 180.0261274803878 0.006241301633281182
60 120 -0.6 -0.55 25 26 168.6736809831733 0.005591108149218371
60 120 -0.6 -0.55 26 27 158.2937071546191 0.00492954848334648
60 120 -0.6 -0.55 27 28 148.7752868449867 0.00452996852706633
60 120 -0.6 -0.55 28 29 140.0256312462128 0.004199604919307376
60 120 -0.6 -0.55 29 30 131.9659092021171 0.003897860659463959
60 120 -0.6 -0.55 30 31 124.5254251637154 0.003621650271455223
60 120 -0.6 -0.55 31 32 117.6403518344943 0.003369595079007581
60 120 -0.6 -0.55 32 33 111.2561873023342 0.003138063673290503
60 120 -0.6 -0.55 33 34 105.3263644404207 0.002924510295073901
60 120 -0.6 -0.55 34 35 99.81040592513148 0.002727137108351485
60 120 -0.6 -0.55 35 36 94.67066039732839 0.002544820801546166
60 120 -0.6 -0.55 36 37 89.87264348557393 0.00237647708654265
60 120 -0.6 -0.55 37 38 85.38673338058992 0.002221115362715409
60 120 -0.6 -0.55 38 39 81.18717131904668 0.002077461265685088
60 120 -0.6 -0.55 39 40 77.25158139140986 0.001944150037601844
60 120 -0.6 -0.55 40 42 143.6480751207749 0.006701188769682176
60 120 -0.6 -0.55 42 44 130.5754520444014 0.005270493280050914
60 120 -0.6 -0.55 44 46 118.971805592664 0.003914710922302334
60 120 -0.6 -0.55 46 48 108.6353561304626 0.003298976201946857
60 120 -0.6 -0.55 48 50 99.39146975981761 0.002520187264238416
60 120 -0.6 -0.55 50 52 91.09843362910401 0.001900218806810017
60 120 -0.6 -0.55 52 54 83.63922427345699 0.001690852334832016
60 120 -0.6 -0.55 54 56 76.91055237749075 0.001507562464908574
60 120 -0.6 -0.55 56 58 70.82523486667139 0.001347017458726896
60 120 -0.6 -0.55 58 60 65.31114534214495 0.001205987025514332
60 120 -0.6 -0.55 60 65 142.3444845897024 0.002503628010373404
60 120 -0.6 -0.55 65 70 117.4400758320223 0.004888013920023582
60 120 -0.6 -0.55 70 80 178.9693035370781 0.002693364641288554
60 120 -0.6 -0.55 80 90 126.0907000932616 0.001705722154937916
60 120 -0.6 -0.55 90 100 90.54539223143691 0.001120681200418971
60 120 -0.55 -0.5 0 0.5 -0.8184447794279015 2.191515513616515e-05
60 120 -0.55 -0.5 0.5 1 -1094.123573246965 0.03769569289443098
60 120 -0.55 -0.5 1 1.5 10.54115568324096 0.0001050143758245525
60 120 -0.55 -0.5 1.5 2 725.0506339060634 0.008645219624668243
60 120 -0.55 -0.5 2 2.5 876.0403710694583 0.005623029284151926
60 120 -0.55 -0.5 2.5 3 875.4249785042084 0.004087976936830273
60 120 -0.55 -0.5 3 3.5 828.8260431630282 0.04065654562612053
60 120 -0.55 -0.5 3.5 4 769.9648679603677 0.03648039486165544
60 120 -0.55 -0.5 4 4.5 710.525107372924 0.03274038990696226
60 120 -0.55 -0.5 4.5 5 654.7127759172591 0.02950411134281694
60 120 -0.55 -0.5 5 5.5 603.8075255924218 0.02668693632813302
60 120 -0.55 -0.5 5.5 6 557.8852554062904 0.02424006519561317
60 120 -0.55 -0.5 6 6.5 516.6616230628083 0.02212104470333998
60 120 -0.55 -0.5 6.5 7 479.7029757743098 0.02027867952091356
60 120 -0.55 -0.5 7 7.5 446.4975572075523 0.0186565647346697
60 120 -0.55 -0.5 7.5 8 416.5964173757839 0.01721418382891216
60 120 -0.55 -0.5 8 8.5 389.6088306021473 0.01592377383485655
60 120 -0.55 -0.5 8.5 9 365.185396997864 0.01476020045402038
60 120 -0.55 -0.5 9 9.5 343.0017345837659 0.01371389591184879
60 120 -0.55 -0.5 9.5 10 322.7915529861123 0.01277470307394424
60 120 -0.55 -0.5 10 10.5 304.3300585178224 0.01414801358612294
60 120 -0.55 -0.5 10.5 11 287.4260359196787 0.01242755225524661
60 120 -0.55 -0.5 11 11.5 271.9042320878222 0.0110395923827582
60 120 -0.55 -0.5 11.5 12 257.6097035009791 0.009847828991780716
60 120 -0.55 -0.5 12 12.5 244.4139755598039 0.009270505396386852
60 120 -0.55 -0.5 12.5 13 232.2069062499583 0.008738650999333686
60 120 -0.55 -0.5 13 13.5 220.8926490166112 0.008248659796549873
60 120 -0.55 -0.5 13.5 14 210.38496223594 0.007797031844660296
60 120 -0.55 -0.5 14 14.5 200.6045447112396 0.007378319200313399
60 120 -0.55 -0.5 14.5 15 191.4822910513191 0.006989865947588214
60 120 -0.55 -0.5 15 16 357.9485225819289 0.01292535346971135
60 120 -0.55 -0.5 16 17 328.0245811897397 0.01167522226768369
60 120 -0.55 -0.5 17 18 301.63698405912 0.01058470015254898
60 120 -0.55 -0.5 18 19 278.2297118764013 0.009627401908744559
60 120 -0.55 -0.5 19 20 257.3654273884862 0.008782781888385216
60 120 -0.55 -0.5 20 21 238.6883350536188 0.008032469614192905
60 120 -0.55 -0.5 21 22 221.8934181689692 0.01049359775399239
60 120 -0.55 -0.5 22 23 206.7301001475429 0.008746332092187004
60 120 -0.55 -0.5 23 24 192.994499775695 0.007347698669434521
60 120 -0.55 -0.5 24 25 180.5131500434804 0.006527453371433012
60 120 -0.55 -0.5 25 26 169.1327585314505 0.005702932490805779
60 120 -0.55 -0.5 26 27 158.7244289727057 0.004904032017435611
60 120 -0.55 -0.5 27 28 149.1816671104122 0.004541456897328544
60 120 -0.55 -0.5 28 29 140.4125627096349 0.004209860549906352
60 120 -0.55 -0.5 29 30 132.33394635891 0.003906694263633881
60 120 -0.55 -0.5 30 31 124.8728317761974 0.003629694075129919
60 120 -0.55 -0.5 31 32 117.9684137299613 0.003375780125935535
60 120 -0.55 -0.5 32 33 111.5684817957909 0.003142256527368659
60 120 -0.55 -0.5 33 34 105.6254774009215 0.002927288781094717
60 120 -0.55 -0.5 34 35 100.0956541298904 0.002729431035206176
60 120 -0.55 -0.5 35 36 94.94080366234559 0.002547424370590079
60 120 -0.55 -0.5 36 37 90.12877287591806 0.002379481136870254
60 120 -0.55 -0.5 37 38 85.63123916395583 0.002224178777908037
60 120 -0.55 -0.5 38 39 81.42194206523718 0.002079921174271249
60 120 -0.55 -0.5 39 40 77.47649306043691 0.001946567722910686
60 120 -0.55 -0.5 40 42 144.0655673601477 0.006612283594876089
60 120 -0.55 -0.5 42 44 130.9563603341753 0.005051626835808065
60 120 -0.55 -0.5 44 46 119.3235052346864 0.004248975134117927
60 120 -0.55 -0.5 46 48 108.956323190904 0.003232289249183395
60 120 -0.55 -0.5 48 50 99.68603622030929 0.002386647979506051
60 120 -0.55 -0.5 50 52 91.37168629582159 0.001937203735863591
60 120 -0.55 -0.5 52 54 83.89057244366249 0.001692937775345627
60 120 -0.55 -0.5 54 56 77.14173937606134 0.001509561956268612
60 120 -0.55 -0.5 56 58 71.04025265707205 0.001348885747319173
60 120 -0.55 -0.5 58 60 65.51034868992342 0.001207818446928854
60 120 -0.55 -0.5 60 65 142.778756985678 0.00250704282393599
60 120 -0.55 -0.5 65 70 117.8013800927637 0.004891927078958247
60 120 -0.55 -0.5 70 80 179.5239596874255 0.002696438524651512
60 120 -0.55 -0.5 80 90 126.4845369420625 0.001707334703453967
60 120 -0.55 -0.5 90 100 90.82990754239601 0.001121575431540123
60 120 -0.5 -0.45 0 0.5 -0.8213271126956215 1.877405011851963e-05
60 120 -0.5 -0.45 0.5 1 -1100.529908411892 0.02646635923133545
60 120 -0.5 -0.45 1 1.5 6.192706459306016 8.663020975152591e-05
60 120 -0.5 -0.45 1.5 2 724.0880949979603 0.009375891700869943
60 120 -0.5 -0.45 2 2.5 876.3138702695012 0.008125855850266817
60 120 -0.5 -0.45 2.5 3 876.1885839217543 0.01015086488337147
60 120 -0.5 -0.45 3 3.5 829.8128395014031 0.04059089827092066
60 120 -0.5 -0.45 3.5 4 771.0177889637716 0.03642043592878963
60 120 -0.5 -0.45 4 4.5 711.5809756342179 0.03273663630818646
60 120 -0.5 -0.45 4.5 5 655.7765788373459 0.02952566595376993
60 120 -0.5 -0.45 5 5.5 604.8201394327468 0.02672497105584171
60 120 -0.5 -0.45 5.5 6 558.8508136302436 0.02428327087807247
60 120 -0.5 -0.45 6 6.5 517.6032869729531 0.02216438777645635
60 120 -0.5 -0.45 6.5 7 480.5947710942557 0.02030071794519017
60 120 -0.5 -0.45 7 7.5 447.3373183285138 0.01865509184165148
60 120 -0.5 -0.45 7.5 8 417.3982552753029 0.01720790027457042
60 120 -0.5 -0.45 8 8.5 390.382919765108 0.01592803266186138
60 120 -0.5 -0.45 8.5 9 365.9171023463523 0.0147868083113849
60 120 -0.5 -0.45 9 9.5 343.6922649406264 0.0137604361011654
60 120 -0.5 -0.45 9.5 10 323.4489887513258 0.0128317850154076
60 120 -0.5 -0.45 10 10.5 304.9641700715322 0.01429046063310579
60 120 -0.5 -0.45 10.5 11 288.0342296831906 0.01282398905311766
60 120 -0.5 -0.45 11 11.5 272.4806351240857 0.01106442572569222
60 120 -0.5 -0.45 11.5 12 258.1577651857738 0.009875647679564281
60 120 -0.5 -0.45 12 12.5 244.9382906244635 0.009290807710186755
60 120 -0.5 -0.45 12.5 13 232.7130186910598 0.008756280214583967
60 120 -0.5 -0.45 13 13.5 221.3803159843757 0.008265791036393466
60 120 -0.5 -0.45 13.5 14 210.8509746003819 0.00781521773714644
60 120 -0.5 -0.45 14 14.5 201.0486990918724 0.007398513003806784
60 120 -0.5 -0.45 14.5 15 191.9079189791692 0.00701212799023665
60 120 -0.5 -0.45 15 16 358.7540003270069 0.01296761204855557
60 120 -0.5 -0.45 16 17 328.7762628547022 0.01171211850072496
60 120 -0.5 -0.45 17 18 302.3297424890879 0.01061655104865622
60 120 -0.5 -0.45 18 19 278.8733572422834 0.009655278136222023
60 120 -0.5 -0.45 19 20 257.9719196035807 0.0088057373257584
60 120 -0.5 -0.45 20 21 239.2549214966575 0.008051952443707933
60 120 -0.5 -0.45 21 22 222.4210695412777 0.0102376660518928
60 120 -0.5 -0.45 22 23 207.2275571575887 0.008670598846833855
60 120 -0.5 -0.45 23 24 193.4664590928801 0.007692837379778439
60 120 -0.5 -0.45 24 25 180.9562819141134 0.006618117825325953
60 120 -0.5 -0.45 25 26 169.5474840717405 0.005486191741283619
60 120 -0.5 -0.45 26 27 159.1170054137354 0.004908786398431175
60 120 -0.5 -0.45 27 28 149.5556598721087 0.004544688189525914
60 120 -0.5 -0.45 28 29 140.7661131206178 0.00421319600226866
60 120 -0.5 -0.45 29 30 132.6662584744352 0.003910165281070022
60 120 -0.5 -0.45 30 31 125.1876124063096 0.003633268985794302
60 120 -0.5 -0.45 31 32 118.2695599993818 0.003379108226198468
60 120 -0.5 -0.45 32 33 111.8559251836143 0.003145225962327913
60 120 -0.5 -0.45 33 34 105.8974515327846 0.002930470842613886
60 120 -0.5 -0.45 34 35 100.3526791481654 0.002733051571368605
60 120 -0.5 -0.45 35 36 95.18580189693952 0.002551133740013256
60 120 -0.5 -0.45 36 37 90.36381585472934 0.00238281911626359
60 120 -0.5 -0.45 37 38 85.85612093732061 0.002227155565634575
60 120 -0.5 -0.45 38 39 81.6357061058968 0.002083055910333087
60 120 -0.5 -0.45 39 40 77.67931495532237 0.001950139077919744
60 120 -0.5 -0.45 40 42 144.4455106501692 0.006442668680307406
60 120 -0.5 -0.45 42 44 131.306409760404 0.005424727303505961
60 120 -0.5 -0.45 44 46 119.6417190209003 0.004072301194256056
60 120 -0.5 -0.45 46 48 109.2485551317228 0.003158917373212944
60 120 -0.5 -0.45 48 50 99.95606276017708 0.002606794891718778
60 120 -0.5 -0.45 50 52 91.61864576645151 0.001906265366585558
60 120 -0.5 -0.45 52 54 84.1183743885732 0.001695945077983652
60 120 -0.5 -0.45 54 56 77.35353802265881 0.00151169806092355
60 120 -0.5 -0.45 56 58 71.23536161590837 0.001350589583054784
60 120 -0.5 -0.45 58 60 65.69023920099812 0.001209109839464872
60 120 -0.5 -0.45 60 65 143.1749056707332 0.002509909201705796
60 120 -0.5 -0.45 65 70 118.1296857923729 0.005025519734203954
60 120 -0.5 -0.45 70 80 180.028646376709 0.002699526078828285
60 120 -0.5 -0.45 80 90 126.8422430473929 0.001708964151319492
60 120 -0.5 -0.45 90 100 91.08833103490436 0.001122427267659987
60 120 -0.45 -0.4 0 0.5 -0.8239089664191608 1.882325793112205e-05
60 120 -0.45 -0.4 0.5 1 -1106.250932469677 0.01635149230605748
60 120 -0.45 -0.4 1 1.5 2.367833073743737 2.198387015184267e-05
60 120 -0.45 -0.4 1.5 2 723.190879067152 0.002988467261502592
60 120 -0.45 -0.4 2 2.5 876.5349231675572 0.0345459640154786
60 120 -0.45 -0.4 2.5 3 876.828046980367 0.02304230474078395
60 120 -0.45 -0.4 3 3.5 830.6936799897737 0.04054297384971051
60 120 -0.45 -0.4 3.5 4 771.9426152172647 0.03640029859741389
60 120 -0.45 -0.4 4 4.5 712.5415473906672 0.03271666773923698
60 120 -0.45 -0.4 4.5 5 656.7185749986526 0.02950956008066896
60 120 -0.45 -0.4 5 5.5 605.7155905216734 0.02672736490080752
60 120 -0.45 -0.4 5.5 6 559.7283043417032 0.02430858444074602
60 120 -0.45 -0.4 6 6.5 518.4435943601934 0.0221923400954438
60 120 -0.45 -0.4 6.5 7 481.3832383159146 0.02032753487526406
60 120 -0.45 -0.4 7 7.5 448.0901340023813 0.01868263080649513
60 120 -0.45 -0.4 7.5 8 418.1276827152494 0.0172341073636062
60 120 -0.45 -0.4 8 8.5 391.0713497198569 0.01594459418856786
60 120 -0.45 -0.4 8.5 9 366.5659947617164 0.01478845019715891
60 120 -0.45 -0.4 9 9.5 344.3105739444488 0.01375396752325742
60 120 -0.45 -0.4 9.5 10 324.0463126543206 0.01282516835476599
60 120 -0.45 -0.4 10 10.5 305.5354748405237 0.01482126788260985
60 120 -0.45 -0.4 10.5 11 288.5743250728418 0.01268119551929203
60 120 -0.45 -0.4 11 11.5 272.9945957471584 0.01090712808434091
60 120 -0.45 -0.4 11.5 12 258.6505241989086 0.009905089227117969
60 120 -0.45 -0.4 12 12.5 245.4148826767838 0.009322641965667344
60 120 -0.45 -0.4 12.5 13 233.1700976772684 0.008786754043228484
60 120 -0.45 -0.4 13 13.5 221.8158223637544 0.008291390454843395
60 120 -0.45 -0.4 13.5 14 211.2663570669863 0.007833403275299133
60 120 -0.45 -0.4 14 14.5 201.4470237989263 0.007409723796939716
60 120 -0.45 -0.4 14.5 15 192.2929163542156 0.007019303743163618
60 120 -0.45 -0.4 15 16 359.4866020710091 0.01297812117792319
60 120 -0.45 -0.4 16 17 329.4499656781293 0.01172733988914842
60 120 -0.45 -0.4 17 18 302.953413881686 0.01063765161558194
60 120 -0.45 -0.4 18 19 279.460185986479 0.009675137913575327
60 120 -0.45 -0.4 19 20 258.5174067697816 0.008822715029168648
60 120 -0.45 -0.4 20 21 239.7604730686335 0.008067417545902345
60 120 -0.45 -0.4 21 22 222.897881021831 0.01024518897975213
60 120 -0.45 -0.4 22 23 207.6788320666348 0.009091009837590036
60 120 -0.45 -0.4 23 24 193.8877164396481 0.007616967942965402
60 120 -0.45 -0.4 24 25 181.3510549508729 0.006336195183280324
60 120 -0.45 -0.4 25 26 169.9231851149615 0.005611216386313345
60 120 -0.45 -0.4 26 27 159.4739148570886 0.005045073825414192
60 120 -0.45 -0.4 27 28 149.890710909336 0.004551964775316719
60 120 -0.45 -0.4 28 29 141.0813676348993 0.004219982908097109
60 120 -0.45 -0.4 29 30 132.9667418512824 0.003916195257573918
60 120 -0.45 -0.4 30 31 125.4749622521467 0.003638434193945272
60 120 -0.45 -0.4 31 32 118.5414156729035 0.003383480060890065
60 120 -0.45 -0.4 32 33 112.1121374011789 0.003149826079010154
60 120 -0.45 -0.4 33 34 106.1408978163572 0.002934577452919029
60 120 -0.45 -0.4 34 35 100.5859552685272 0.002736892246304024
60 120 -0.45 -0.4 35 36 95.40881622068116 0.002554097870529404
60 120 -0.45 -0.4 36 37 90.57533610427157 0.002385318709713147
60 120 -0.45 -0.4 37 38 86.05652086043595 0.002229447339558988
60 120 -0.45 -0.4 38 39 81.82693517071355 0.002085650262046101
60 120 -0.45 -0.4 39 40 77.86305789340291 0.001952221790773478
60 120 -0.45 -0.4 40 42 144.7901396744958 0.006873703123517316
60 120 -0.45 -0.4 42 44 131.6188129442151 0.005111554717188938
60 120 -0.45 -0.4 44 46 119.9292219037948 0.004148372308577564
60 120 -0.45 -0.4 46 48 109.5129713255291 0.003351740254316837
60 120 -0.45 -0.4 48 50 100.1972151265576 0.002389138457601803
60 120 -0.45 -0.4 50 52 91.8417464986702 0.001908487848609752
60 120 -0.45 -0.4 52 54 84.32458670553513 0.001698035781458884
60 120 -0.45 -0.4 54 56 77.54261511905952 0.001513914092129198
60 120 -0.45 -0.4 56 58 71.4104246784898 0.001352708942803815
60 120 -0.45 -0.4 58 60 65.85297260444798 0.001210788992537459
60 120 -0.45 -0.4 60 65 143.5295919526732 0.002512928545229443
60 120 -0.45 -0.4 65 70 118.4252441140551 0.004832729286164295
60 120 -0.45 -0.4 70 80 180.4818104960748 0.00270177646348202
60 120 -0.45 -0.4 80 90 127.1640219387654 0.001710078372596513
60 120 -0.45 -0.4 90 100 91.32027050521666 0.001123179870262447
60 120 -0.4 -0.35 0 0.5 -0.8261101875688591 1.918406985901289e-05
60 120 -0.4 -0.35 0.5 1 -1110.170389665584 0.04363468009159988
60 120 -0.4 -0.35 1 1.5 0.4068128413626833 1.749359976205289e-05
60 120 -0.4 -0.35 1.5 2 723.380405671714 0.0349779661919456
60 120 -0.4 -0.35 2 2.5 877.4027519360708 0.02534342871160788
60 120 -0.4 -0.35 2.5 3 877.8985743158979 0.02135341481039177
60 120 -0.4 -0.35 3 3.5 831.8262417573844 0.04036421192552098
60 120 -0.4 -0.35 3.5 4 773.0568703137027 0.03626315541430358
60 120 -0.4 -0.35 4 4.5 713.6469394899107 0.03260506714502753
60 120 -0.4 -0.35 4.5 5 657.7437285160607 0.02940465382903312
60 120 -0.4 -0.35 5 5.5 606.6898904796703 0.0266234338354252
60 120 -0.4 -0.35 5.5 6 560.6545259996485 0.02421105628627629
60 120 -0.4 -0.35 6 6.5 519.2980328368948 0.0221036325571049
60 120 -0.4 -0.35 6.5 7 482.1850714515031 0.0202625702536352
60 120 -0.4 -0.35 7 7.5 448.8569682483362 0.01864106929792797
60 120 -0.4 -0.35 7.5 8 418.8442707472888 0.01720246558335248
60 120 -0.4 -0.35 8 8.5 391.7394848656891 0.01591910989395728
60 120 -0.4 -0.35 8.5 9 367.1969665115963 0.01476514876236479
60 120 -0.4 -0.35 9 9.5 344.9152615490299 0.0137340229655365
60 120 -0.4 -0.35 9.5 10 324.6180842566227 0.01280629460200089
60 120 -0.4 -0.35 10 10.5 306.0723403576438 0.01468409428161976
60 120 -0.4 -0.35 10.5 11 289.0817547815825 0.01228579739529323
60 120 -0.4 -0.35 11 11.5 273.480318101047 0.01089539123199756
60 120 -0.4 -0.35 11.5 12 259.1172969690509 0.009877022658599799
60 120 -0.4 -0.35 12 12.5 245.8583450632835 0.00930038910215103
60 120 -0.4 -0.35 12.5 13 233.5896446910724 0.008771592439813958
60 120 -0.4 -0.35 13 13.5 222.2144288535785 0.008285135787559739
60 120 -0.4 -0.35 13.5 14 211.6485724257703 0.007834761317525363
60 120 -0.4 -0.35 14 14.5 201.8167273371703 0.007417542188449033
60 120 -0.4 -0.35 14.5 15 192.6485598443646 0.007028571918283433
60 120 -0.4 -0.35 15 16 360.1488838119142 0.01299681529860663
60 120 -0.4 -0.35 16 17 330.0578768782088 0.01173646204773604
60 120 -0.4 -0.35 17 18 303.5236739332663 0.01063805024199382
60 120 -0.4 -0.35 18 19 279.9868226896544 0.009676396410952748
60 120 -0.4 -0.35 19 20 259.0029182764873 0.008829582339444642
60 120 -0.4 -0.35 20 21 240.2182460260198 0.008077758271269886
60 120 -0.4 -0.35 21 22 223.3278404201359 0.01065370336289106
60 120 -0.4 -0.35 22 23 208.0768897961204 0.008798495474763968
60 120 -0.4 -0.35 23 24 194.261287338645 0.007424940574793482
60 120 -0.4 -0.35 24 25 181.7062172391179 0.006594841095079573
60 120 -0.4 -0.35 25 26 170.2572995910605 0.005753568909597107
60 120 -0.4 -0.35 26 27 159.7859207392915 0.0049247734677067
60 120 -0.4 -0.35 27 28 150.1861307406471 0.00456019382184536
60 120 -0.4 -0.35 28 29 141.3639646488637 0.004226979823215515
60 120 -0.4 -0.35 29 30 133.2352028700284 0.003922190054396424
60 120 -0.4 -0.35 30 31 125.7274656403926 0.003644045688332653
60 120 -0.4 -0.35 31 32 118.7805587931163 0.003388928771997257
60 120 -0.4 -0.35 32 33 112.3409920754928 0.003154481555540656
60 120 -0.4 -0.35 33 34 106.3596238144866 0.002938755233415691
60 120 -0.4 -0.35 34 35 100.7931853586917 0.002740746575383923
60 120 -0.4 -0.35 35 36 95.6046370720391 0.002557359160263672
60 120 -0.4 -0.35 36 37 90.76201032063928 0.002388384756358164
60 120 -0.4 -0.35 37 38 86.23577552505513 0.002232189567934029
60 120 -0.4 -0.35 38 39 81.9986958467848 0.002088101158520317
60 120 -0.4 -0.35 39 40 78.02649864940619 0.001954192528515364
60 120 -0.4 -0.35 40 42 145.0932988313789 0.006483017385249923
60 120 -0.4 -0.35 42 44 131.8979771802329 0.00536032678007814
60 120 -0.4 -0.35 44 46 120.1842945810763 0.004186444486265373
60 120 -0.4 -0.35 46 48 109.7458093892177 0.003166559528082757
60 120 -0.4 -0.35 48 50 100.4128588722233 0.002550473302875389
60 120 -0.4 -0.35 50 52 92.03975733887154 0.001911018344515014
60 120 -0.4 -0.35 52 54 84.50641491275533 0.001700124785031676
60 120 -0.4 -0.35 54 56 77.71130739748243 0.001515656484968986
60 120 -0.4 -0.35 56 58 71.56597073787738 0.001353985229570753
60 120 -0.4 -0.35 58 60 65.99607841198211 0.001212159800985546
60 120 -0.4 -0.35 60 65 143.8447873265129 0.002515437949085708
60 120 -0.4 -0.35 65 70 118.6869033181593 0.004838472235036306
60 120 -0.4 -0.35 70 80 180.8829171550556 0.002704195691308087
60 120 -0.4 -0.35 80 90 127.4488422080531 0.001711408498479727
60 120 -0.4 -0.35 90 100 91.52571310947675 0.001124047687397933
60 120 -0.35 -0.3 0 0.5 -0.8280058559009902 2.026210999961364e-05
60 120 -0.35 -0.3 0.5 1 -1112.892334949824 0.01660489843288815
60 120 -0.35 -0.3 1 1.5 -0.1340825059988808 2.147356152698565e-06
60 120 -0.35 -0.3 1.5 2 724.467346357908 0.01705732498237467
60 120 -0.35 -0.3 2 2.5 878.8799499258175 0.005446873163919008
60 120 -0.35 -0.3 2.5 3 879.4592237650697 0.004901547804593065
60 120 -0.35 -0.3 3 3.5 833.2801148571924 0.0406843375835706
60 120 -0.35 -0.3 3.5 4 774.4498776274212 0.03650783395028157
60 120 -0.35 -0.3 4 4.5 714.9293516820338 0.03282260039134144
60 120 -0.35 -0.3 4.5 5 658.9294930548882 0.0296012229483722
60 120 -0.35 -0.3 5 5.5 607.8120863094109 0.02680458899976657
60 120 -0.35 -0.3 5.5 6 561.6830294014179 0.02436821011554002
60 120 -0.35 -0.3 6 6.5 520.2495295651554 0.02223773774210258
60 120 -0.35 -0.3 6.5 7 483.0828370838738 0.02036697954986266
60 120 -0.35 -0.3 7 7.5 449.6891465306064 0.01872016966734691
60 120 -0.35 -0.3 7.5 8 419.6121391199691 0.01726677424147738
60 120 -0.35 -0.3 8 8.5 392.4582126407527 0.01597618860955663
60 120 -0.35 -0.3 8.5 9 367.8780328564855 0.0148211923582835
60 120 -0.35 -0.3 9 9.5 345.552257960915 0.0137873156344881
60 120 -0.35 -0.3 9.5 10 325.2112275817723 0.01285656932020629
60 120 -0.35 -0.3 10 10.5 306.6293104505947 0.01420624302448914
60 120 -0.35 -0.3 10.5 11 289.6129515665629 0.01264448618979941
60 120 -0.35 -0.3 11 11.5 273.9848816601753 0.0112103108087922
60 120 -0.35 -0.3 11.5 12 259.5911017984173 0.009908119293925211
60 120 -0.35 -0.3 12 12.5 246.3030601752985 0.009323950937584868
60 120 -0.35 -0.3 12.5 13 234.0111561303167 0.008788483785906465
60 120 -0.35 -0.3 13 13.5 222.6184678302859 0.008294366394380859
60 120 -0.35 -0.3 13.5 14 212.0357801381954 0.007839691223750833
60 120 -0.35 -0.3 14 14.5 202.1839105037812 0.007419432986722541
60 120 -0.35 -0.3 14.5 15 192.9952561558921 0.00703025737078633
60 120 -0.35 -0.3 15 16 360.7943549240766 0.01300768307072531
60 120 -0.35 -0.3 16 17 330.6560625613924 0.01175850961607239
60 120 -0.35 -0.3 17 18 304.0680154378351 0.01065967394634981
60 120 -0.35 -0.3 18 19 280.4837939000241 0.009692239671721836
60 120 -0.35 -0.3 19 20 259.4676234897871 0.008835855767983958
60 120 -0.35 -0.3 20 21 240.6481029806282 0.0080782781943185
60 120 -0.35 -0.3 21 22 223.7225235284983 0.01026274423895757
60 120 -0.35 -0.3 22 23 208.4464225108946 0.008763958231412516
60 120 -0.35 -0.3 23 24 194.6088171932261 0.007791609158715573
60 120 -0.35 -0.3 24 25 182.0279561658398 0.006586554856738758
60 120 -0.35 -0.3 25 26 170.556212253992 0.005521278909753846
60 120 -0.35 -0.3 26 27 160.0685519383077 0.004928719441693374
60 120 -0.35 -0.3 27 28 150.4534322029967 0.004563308367465879
60 120 -0.35 -0.3 28 29 141.6140042218816 0.004230746119048945
60 120 -0.35 -0.3 29 30 133.4694863606802 0.003926450758399369
60 120 -0.35 -0.3 30 31 125.9502508526097 0.00364775638703918
60 120 -0.35 -0.3 31 32 118.9930770701299 0.003392775986441166
60 120 -0.35 -0.3 32 33 112.5416755718929 0.003158139412306582
60 120 -0.35 -0.3 33 34 106.5486327854003 0.002942513954465653
60 120 -0.35 -0.3 34 35 100.9728882227445 0.002744167792727126
60 120 -0.35 -0.3 35 36 95.77691526120874 0.00256054943571371
60 120 -0.35 -0.3 36 37 90.92669694632576 0.002391437355683479
60 120 -0.35 -0.3 37 38 86.39196230890383 0.002235396678699431
60 120 -0.35 -0.3 38 39 82.14682881380187 0.002090718724900853
60 120 -0.35 -0.3 39 40 78.16808785600703 0.001956464017851545
60 120 -0.35 -0.3 40 42 145.3597067613845 0.006791796383907922
60 120 -0.35 -0.3 42 44 132.1399705559915 0.005229932200421672
60 120 -0.35 -0.3 44 46 120.4058252762562 0.004137098458016908
60 120 -0.35 -0.3 46 48 109.95025291805 0.003336804719083375
60 120 -0.35 -0.3 48 50 100.5996944386013 0.002469861171022103
60 120 -0.35 -0.3 50 52 92.21212953536896 0.001912687034504756
60 120 -0.35 -0.3 52 54 84.66582442955922 0.001701739801859503
60 120 -0.35 -0.3 54 56 77.85743130827092 0.001516918695045888
60 120 -0.35 -0.3 56 58 71.70108319287766 0.001355290235707685
60 120 -0.35 -0.3 58 60 66.12145166764782 0.001213213561612747
60 120 -0.35 -0.3 60 65 144.1181754030915 0.002518070000917305
60 120 -0.35 -0.3 65 70 118.9140706654336 0.004959839245898934
60 120 -0.35 -0.3 70 80 181.2316128001161 0.002706429889428819
60 120 -0.35 -0.3 80 90 127.6964239680544 0.001712896551453014
60 120 -0.35 -0.3 90 100 91.70442940995451 0.001124527115393903
60 120 -0.3 -0.25 0 0.5 -0.82962264673393 1.881656484026273e-05
60 120 -0.3 -0.25 0.5 1 -1115.55684667354 0.02427804267063038
60 120 -0.3 -0.25 1 1.5 -0.6828389719461877 2.867161115105432e-05
60 120 -0.3 -0.25 1.5 2 725.4677381474511 0.03433630848917346
60 120 -0.3 -0.25 2 2.5 880.2481392575028 0.02589008766540246
60 120 -0.3 -0.25 2.5 3 880.9218723409489 0.02455774433997249
60 120 -0.3 -0.25 3 3.5 834.6758753790368 0.0405199142028323
60 120 -0.3 -0.25 3.5 4 775.7821018420917 0.03640100511711353
60 120 -0.3 -0.25 4 4.5 716.1406373148454 0.03270424914535397
60 120 -0.3 -0.25 4.5 5 660.0706660069326 0.02948791197593437
60 120 -0.3 -0.25 5 5.5 608.8623206150088 0.02670340918928105
60 120 -0.3 -0.25 5.5 6 562.650251383619 0.02428876621172549
60 120 -0.3 -0.25 6 6.5 521.1651165892752 0.02217875513360923
60 120 -0.3 -0.25 6.5 7 483.9377276474596 0.02033452604445074
60 120 -0.3 -0.25 7 7.5 450.4784418995484 0.01870316852011911
60 120 -0.3 -0.25 7.5 8 420.3523579056779 0.0172563158150183
60 120 -0.3 -0.25 8 8.5 393.1602091201289 0.01596847566918314
60 120 -0.3 -0.25 8.5 9 368.5320857140848 0.01481337376691272
60 120 -0.3 -0.25 9 9.5 346.159971046271 0.0137795038291415
60 120 -0.3 -0.25 9.5 10 325.7847223707424 0.01284792743632579
60 120 -0.3 -0.25 10 10.5 307.1765835111912 0.014673300971765
60 120 -0.3 -0.25 10.5 11 290.1291452352848 0.01290558947755471
60 120 -0.3 -0.25 11 11.5 274.4667950917118 0.01101730567108916
60 120 -0.3 -0.25 11.5 12 260.0446525965035 0.009915212009786956
60 120 -0.3 -0.25 12 12.5 246.735655454824 0.009333527483704529
60 120 -0.3 -0.25 12.5 13 234.4255997108363 0.008798395983120599
60 120 -0.3 -0.25 13 13.5 223.0111736847506 0.008304084915579324
60 120 -0.3 -0.25 13.5 14 212.4055757698937 0.007849783195581495
60 120 -0.3 -0.25 14 14.5 202.533770042527 0.007429288932740974
60 120 -0.3 -0.25 14.5 15 193.3302137130796 0.007039149361389718
60 120 -0.3 -0.25 15 16 361.4254461846642 0.01301830925945069
60 120 -0.3 -0.25 16 17 331.2266539274798 0.01175856274210219
60 120 -0.3 -0.25 17 18 304.5874172586514 0.01066261706256455
60 120 -0.3 -0.25 18 19 280.9661980839851 0.009703677418713141
60 120 -0.3 -0.25 19 20 259.9090243029895 0.008853887935288185
60 120 -0.3 -0.25 20 21 241.0524940320016 0.008097439888729241
60 120 -0.3 -0.25 21 22 224.1003913167968 0.01044479904987838
60 120 -0.3 -0.25 22 23 208.7975413220015 0.00909343761483683
60 120 -0.3 -0.25 23 24 194.9309244117738 0.007486331913440836
60 120 -0.3 -0.25 24 25 182.3280905213541 0.006475493658712139
60 120 -0.3 -0.25 25 26 170.8386158334546 0.005691240189435121
60 120 -0.3 -0.25 26 27 160.3316544164515 0.004958304368358313
60 120 -0.3 -0.25 27 28 150.6973265207387 0.004568388574483606
60 120 -0.3 -0.25 28 29 141.8431321442366 0.004234471330448741
60 120 -0.3 -0.25 29 30 133.6861222205405 0.00392997786988758
60 120 -0.3 -0.25 30 31 126.1533079573348 0.003650927708676477
60 120 -0.3 -0.25 31 32 119.1821694087641 0.003395265696042316
60 120 -0.3 -0.25 32 33 112.7197589341711 0.003160628431075452
60 120 -0.3 -0.25 33 34 106.717902287131 0.002944814606124169
60 120 -0.3 -0.25 34 35 101.1331838598175 0.0027457370945001
60 120 -0.3 -0.25 35 36 95.92783184393991 0.002562714429629409
60 120 -0.3 -0.25 36 37 91.06915947491909 0.002393382050115633
60 120 -0.3 -0.25 37 38 86.52772860283612 0.00223745109379081
60 120 -0.3 -0.25 38 39 82.27664830339137 0.002092268007629627
60 120 -0.3 -0.25 39 40 78.29149204662583 0.001958496100812113
60 120 -0.3 -0.25 40 42 145.5872252281097 0.006602214776563642
60 120 -0.3 -0.25 42 44 132.3475509145635 0.005295225563173744
60 120 -0.3 -0.25 44 46 120.5953713510293 0.004181521391373622
60 120 -0.3 -0.25 46 48 110.1230217432888 0.003193854899592452
60 120 -0.3 -0.25 48 50 100.7593966122264 0.002567433627532978
60 120 -0.3 -0.25 50 52 92.35855903653585 0.001914133566970122
60 120 -0.3 -0.25 52 54 84.80022880743455 0.001702771590885277
60 120 -0.3 -0.25 54 56 77.98206135501367 0.001518490553877427
60 120 -0.3 -0.25 56 58 71.81575445595711 0.001356432373469829
60 120 -0.3 -0.25 58 60 66.22737297821625 0.00121432774002983
60 120 -0.3 -0.25 60 65 144.3508276945523 0.002520024974529633
60 120 -0.3 -0.25 65 70 119.1066795792093 0.004734086532792503
60 120 -0.3 -0.25 70 80 181.5270255000917 0.002708128134742083
60 120 -0.3 -0.25 80 90 127.9063884447879 0.001713923235797665
60 120 -0.3 -0.25 90 100 91.85647657752698 0.001124874754495409
60 120 -0.25 -0.2 0 0.5 -0.8310541295111812 1.857316052589209e-05
60 120 -0.25 -0.2 0.5 1 -1118.693442906181 0.013789407990771
60 120 -0.25 -0.2 1 1.5 -2.142643882607445 6.453639315795456e-05
60 120 -0.25 -0.2 1.5 2 725.7205841504515 0.03468422571438623
60 120 -0.25 -0.2 2 2.5 881.0285310945587 0.02773325117561853
60 120 -0.25 -0.2 2.5 3 881.8446044352565 0.0245084272061149
60 120 -0.25 -0.2 3 3.5 835.6692831576693 0.04062755477900737
60 120 -0.25 -0.2 3.5 4 776.7386108215253 0.03645495029593349
60 120 -0.25 -0.2 4 4.5 717.0640464010647 0.03282585670558547
60 120 -0.25 -0.2 4.5 5 660.9496468800758 0.0296445318174392
60 120 -0.25 -0.2 5 5.5 609.6703616103813 0.0268550142135382
60 120 -0.25 -0.2 5.5 6 563.422598556907 0.02440624416374249
60 120 -0.25 -0.2 6 6.5 521.8922571302336 0.02226710273919252
60 120 -0.25 -0.2 6.5 7 484.6089093118424 0.020391966977229
60 120 -0.25 -0.2 7 7.5 451.1161156522423 0.01874190147384525
60 120 -0.25 -0.2 7.5 8 420.9636011957368 0.01728625032183118
60 120 -0.25 -0.2 8 8.5 393.7305880220873 0.0159960707911182
60 120 -0.25 -0.2 8.5 9 369.0670943645346 0.0148457870702714
60 120 -0.25 -0.2 9 9.5 346.672836714869 0.0138119443006417
60 120 -0.25 -0.2 9.5 10 326.2761965289601 0.01288137057724725
60 120 -0.25 -0.2 10 10.5 307.6383254594107 0.01478035056572935
60 120 -0.25 -0.2 10.5 11 290.5617026415506 0.01251159924339618
60 120 -0.25 -0.2 11 11.5 274.8793592434557 0.01097220856900094
60 120 -0.25 -0.2 11.5 12 260.4412607800514 0.009930082624975967
60 120 -0.25 -0.2 12 12.5 247.1137560424448 0.009345477910073896
60 120 -0.25 -0.2 12.5 13 234.7816541310338 0.008809038334959496
60 120 -0.25 -0.2 13 13.5 223.3481809760079 0.008316065305990605
60 120 -0.25 -0.2 13.5 14 212.7287285703413 0.007860304909542037
60 120 -0.25 -0.2 14 14.5 202.8455359095186 0.007439646276054646
60 120 -0.25 -0.2 14.5 15 193.6291470625099 0.007050295820221208
60 120 -0.25 -0.2 15 16 361.9781548596839 0.01303777037105647
60 120 -0.25 -0.2 16 17 331.7320923297534 0.01177444744507739
60 120 -0.25 -0.2 17 18 305.0571405161005 0.010676976994489
60 120 -0.25 -0.2 18 19 281.3943998745295 0.009710692295072931
60 120 -0.25 -0.2 19 20 260.303891712866 0.008854463802208556
60 120 -0.25 -0.2 20 21 241.4221373209022 0.008098025689974975
60 120 -0.25 -0.2 21 22 224.4411239986621 0.01053316331959309
60 120 -0.25 -0.2 22 23 209.1111360290097 0.008801733283831936
60 120 -0.25 -0.2 23 24 195.2249443184922 0.00764462689744505
60 120 -0.25 -0.2 24 25 182.6026283412258 0.006657700512192832
60 120 -0.25 -0.2 25 26 171.0923983755227 0.005588982668655262
60 120 -0.25 -0.2 26 27 160.5685605762255 0.004935643345788776
60 120 -0.25 -0.2 27 28 150.9209161828111 0.004570069425795964
60 120 -0.25 -0.2 28 29 142.0525122004302 0.004237484586809614
60 120 -0.25 -0.2 29 30 133.880689207645 0.003932267814349188
60 120 -0.25 -0.2 30 31 126.3354286003697 0.003653659644101026
60 120 -0.25 -0.2 31 32 119.3543185205199 0.00339763779540192
60 120 -0.25 -0.2 32 33 112.8817138550231 0.003163373577535822
60 120 -0.25 -0.2 33 34 106.8690388231658 0.002946971875488202
60 120 -0.25 -0.2 34 35 101.2751298497059 0.002748440915254946
60 120 -0.25 -0.2 35 36 96.06238236716742 0.002563942929157292
60 120 -0.25 -0.2 36 37 91.19666948333074 0.002395551605332003
60 120 -0.25 -0.2 37 38 86.64777433284061 0.002238771473273005
60 120 -0.25 -0.2 38 39 82.38940573973095 0.002094191196491124
60 120 -0.25 -0.2 39 40 78.39817613153197 0.001959187377892135
60 120 -0.25 -0.2 40 42 145.7853928589048 0.006776283440103725
60 120 -0.25 -0.2 42 44 132.5252596106193 0.00523215186981929
60 120 -0.25 -0.2 44 46 120.756147988137 0.004128347632402551
60 120 -0.25 -0.2 46 48 110.2695505242709 0.003304212543980611
60 120 -0.25 -0.2 48 50 100.8918740916861 0.002472805712329773
60 120 -0.25 -0.2 50 52 92.47993127391413 0.001928385066989335
60 120 -0.25 -0.2 52 54 84.91131903223798 0.001704474751221596
60 120 -0.25 -0.2 54 56 78.08374073888851 0.001519525065518224
60 120 -0.25 -0.2 56 58 71.90998949811123 0.001356929241666194
60 120 -0.25 -0.2 58 60 66.31444954692142 0.001214841213254658
60 120 -0.25 -0.2 60 65 144.5412624373688 0.002520866084239515
60 120 -0.25 -0.2 65 70 119.2640875360301 0.004900214789174129
60 120 -0.25 -0.2 70 80 181.7689978221821 0.00270972174055828
60 120 -0.25 -0.2 80 90 128.0784789483588 0.001714272018801921
60 120 -0.25 -0.2 90 100 91.98202926537644 0.001125276991004398
60 120 -0.2 -0.15 0 0.5 -0.8322025441593344 1.942546961331004e-05
60 120 -0.2 -0.15 0.5 1 -1121.994573562746 0.02386991170737929
60 120 -0.2 -0.15 1 1.5 -4.332424201335029 5.169012016636998e-05
60 120 -0.2 -0.15 1.5 2 725.2133357878964 0.005624248510684993
60 120 -0.2 -0.15 2 2.5 881.1738387284657 0.0113887346693673
60 120 -0.2 -0.15 2.5 3 882.2116459800077 0.009897193405095095
60 120 -0.2 -0.15 3 3.5 836.1720882299519 0.04073278445832784
60 120 -0.2 -0.15 3.5 4 777.2644112851054 0.03657239156575542
60 120 -0.2 -0.15 4 4.5 717.625910902274 0.0328132430174719
60 120 -0.2 -0.15 4.5 5 661.4810491608222 0.0295407103180878
60 120 -0.2 -0.15 5 5.5 610.200092403323 0.02673111989656718
60 120 -0.2 -0.15 5.5 6 563.9377193351398 0.02431694674646678
60 120 -0.2 -0.15 6 6.5 522.3695196461197 0.02222378052533713
60 120 -0.2 -0.15 6.5 7 485.0717034318359 0.02037183385442631
60 120 -0.2 -0.15 7 7.5 451.563635539431 0.01874467979945393
60 120 -0.2 -0.15 7.5 8 421.3792027405035 0.01730174768312054
60 120 -0.2 -0.15 8 8.5 394.1246868932036 0.01599896749382879
60 120 -0.2 -0.15 8.5 9 369.4525626799553 0.01484090377471148
60 120 -0.2 -0.15 9 9.5 347.0430768584436 0.01379899735678691
60 120 -0.2 -0.15 9.5 10 326.624004325883 0.0128589712475673
60 120 -0.2 -0.15 10 10.5 307.970596840166 0.0145110094937877
60 120 -0.2 -0.15 10.5 11 290.8853042127515 0.01267933714865421
60 120 -0.2 -0.15 11 11.5 275.192022470735 0.01130518898952459
60 120 -0.2 -0.15 11.5 12 260.7374430462166 0.009919470177123912
60 120 -0.2 -0.15 12 12.5 247.3944046525481 0.009337582515001941
60 120 -0.2 -0.15 12.5 13 235.0520466330815 0.008805874541252479
60 120 -0.2 -0.15 13 13.5 223.6114512225499 0.008313197861241406
60 120 -0.2 -0.15 13.5 14 212.9820663315336 0.007858347518663322
60 120 -0.2 -0.15 14 14.5 203.0866244591836 0.007438710653872249
60 120 -0.2 -0.15 14.5 15 193.8583677660063 0.00704686807091548
60 120 -0.2 -0.15 15 16 362.4132856682812 0.01303220497169377
60 120 -0.2 -0.15 16 17 332.1383572029312 0.0117719811984216
60 120 -0.2 -0.15 17 18 305.4282308730544 0.01067149574146242
60 120 -0.2 -0.15 18 19 281.7414211154469 0.009706261955329865
60 120 -0.2 -0.15 19 20 260.6294371045703 0.008853595962818872
60 120 -0.2 -0.15 20 21 241.7220837255739 0.008098475210715605
60 120 -0.2 -0.15 21 22 224.7210352370386 0.01045843355771581
60 120 -0.2 -0.15 22 23 209.3746808273151 0.009009099739159865
60 120 -0.2 -0.15 23 24 195.4697177259069 0.007665504601874318
60 120 -0.2 -0.15 24 25 182.8302002638831 0.006450255374716107
60 120 -0.2 -0.15 25 26 171.3076508094287 0.005695907907949049
60 120 -0.2 -0.15 26 27 160.7711153807394 0.004982241549868149
60 120 -0.2 -0.15 27 28 151.1095242685768 0.004574378637045129
60 120 -0.2 -0.15 28 29 142.2291729780472 0.004240470951714315
60 120 -0.2 -0.15 29 30 134.0478321890818 0.003935702523307327
60 120 -0.2 -0.15 30 31 126.492607054611 0.003656025960822262
60 120 -0.2 -0.15 31 32 119.5011370962608 0.003400965705026238
60 120 -0.2 -0.15 32 33 113.0195915088994 0.003166247351629181
60 120 -0.2 -0.15 33 34 106.9999717527796 0.002949555170431495
60 120 -0.2 -0.15 34 35 101.3989113713306 0.002749757227519467
60 120 -0.2 -0.15 35 36 96.17833569782437 0.002566077598757488
60 120 -0.2 -0.15 36 37 91.305622852094 0.002396868526716389
60 120 -0.2 -0.15 37 38 86.75080223808469 0.002240873553532197
60 120 -0.2 -0.15 38 39 82.48697573585322 0.002095119344872387
60 120 -0.2 -0.15 39 40 78.49002290440774 0.001961154810103949
60 120 -0.2 -0.15 40 42 145.9531497353989 0.006587654309413438
60 120 -0.2 -0.15 42 44 132.6762701941198 0.005316870703182985
60 120 -0.2 -0.15 44 46 120.8916942105202 0.004137453398641355
60 120 -0.2 -0.15 46 48 110.3914761975585 0.003250864191087999
60 120 -0.2 -0.15 48 50 101.0021409339408 0.002540540848926298
60 120 -0.2 -0.15 50 52 92.57901120542346 0.001916449824605593
60 120 -0.2 -0.15 52 54 85.00131402025485 0.001705280209918669
60 120 -0.2 -0.15 54 56 78.16567731520402 0.001520154994125278
60 120 -0.2 -0.15 56 58 71.9847701488618 0.00135773855990351
60 120 -0.2 -0.15 58 60 66.3831659110085 0.001215913699041948
60 120 -0.2 -0.15 60 65 144.6896372916339 0.002522153142535899
60 120 -0.2 -0.15 65 70 119.3863543563415 0.004998157951874305
60 120 -0.2 -0.15 70 80 181.9573079225074 0.002710919196118766
60 120 -0.2 -0.15 80 90 128.2129419648777 0.001715196451954171
60 120 -0.2 -0.15 90 100 92.08135234543731 0.001125608444510817
60 120 -0.15 -0.1 0 0.5 -0.8329901272063184 1.93624759575739e-05
60 120 -0.15 -0.1 0.5 1 -1124.695595415804 0.0525715286751165
60 120 -0.15 -0.1 1 1.5 -6.356479560789337 0.0001446208175464037
60 120 -0.15 -0.1 1.5 2 724.5635503222453 0.01982106057903366
60 120 -0.15 -0.1 2 2.5 881.0489368030104 0.006922569809262313
60 120 -0.15 -0.1 2.5 3 882.3402360121929 0.002334828153834678
60 120 -0.15 -0.1 3 3.5 836.3842462203482 0.04044640316999448
60 120 -0.15 -0.1 3.5 4 777.5612957568528 0.03640044378425955
60 120 -0.15 -0.1 4 4.5 717.926465682714 0.03284175970236447
60 120 -0.15 -0.1 4.5 5 661.7973703890767 0.02966507559085585
60 120 -0.15 -0.1 5 5.5 610.5269697770584 0.02686847868915265
60 120 -0.15 -0.1 5.5 6 564.2428128794789 0.0244097966475465
60 120 -0.15 -0.1 6 6.5 522.6782928164199 0.02225842613802342
60 120 -0.15 -0.1 6.5 7 485.3749354984744 0.02037742082268323
60 120 -0.15 -0.1 7 7.5 451.8430134289244 0.01872461745136889
60 120 -0.15 -0.1 7.5 8 421.6497851166127 0.01727350644500802
60 120 -0.15 -0.1 8 8.5 394.3926923476797 0.01599104604792956
60 120 -0.15 -0.1 8.5 9 369.7051615964996 0.01483864900205845
60 120 -0.15 -0.1 9 9.5 347.2798053657604 0.01380937116658743
60 120 -0.15 -0.1 9.5 10 326.8548433357116 0.012884579893921
60 120 -0.15 -0.1 10 10.5 308.1966149752267 0.01482947351121311
60 120 -0.15 -0.1 10.5 11 291.100359735293 0.01282969252395105
60 120 -0.15 -0.1 11 11.5 275.3947339847236 0.01095163292535517
60 120 -0.15 -0.1 11.5 12 260.934079131256 0.009936113154992654
60 120 -0.15 -0.1 12 12.5 247.5877890202258 0.009349050567294626
60 120 -0.15 -0.1 12.5 13 235.2404555255548 0.008811278140768763
60 120 -0.15 -0.1 13 13.5 223.7908639388535 0.008314824290863498
60 120 -0.15 -0.1 13.5 14 213.1535332422494 0.007860527405767925
60 120 -0.15 -0.1 14 14.5 203.2533775064536 0.007438516591946609
60 120 -0.15 -0.1 14.5 15 194.0214689250736 0.007049911347621673
60 120 -0.15 -0.1 15 16 362.722662210644 0.01303990284031897
60 120 -0.15 -0.1 16 17 332.4219174591103 0.01178539610100415
60 120 -0.15 -0.1 17 18 305.6967450692342 0.0106884863889718
60 120 -0.15 -0.1 18 19 281.9930203072288 0.009720462771326766
60 120 -0.15 -0.1 19 20 260.8627353515581 0.008866814735370099
60 120 -0.15 -0.1 20 21 241.9430319561929 0.008106825303485721
60 120 -0.15 -0.1 21 22 224.9285380960266 0.01063093446197172
60 120 -0.15 -0.1 22 23 209.5672806973864 0.008873963460160894
60 120 -0.15 -0.1 23 24 195.6516640837411 0.007621470677548814
60 120 -0.15 -0.1 24 25 183.0031323373228 0.006677872993719802
60 120 -0.15 -0.1 25 26 171.4693038868012 0.005621894120878324
60 120 -0.15 -0.1 26 27 160.9232212066287 0.004941663826798504
60 120 -0.15 -0.1 27 28 151.2540485198125 0.004575778774807304
60 120 -0.15 -0.1 28 29 142.365533137438 0.004242972569556969
60 120 -0.15 -0.1 29 30 134.1753660827196 0.003937796915437275
60 120 -0.15 -0.1 30 31 126.6130794303252 0.003657301529528922
60 120 -0.15 -0.1 31 32 119.6157561238906 0.003401058685113867
60 120 -0.15 -0.1 32 33 113.1280654149581 0.003164762219881823
60 120 -0.15 -0.1 33 34 107.1021359845423 0.002949443049445222
60 120 -0.15 -0.1 34 35 101.4954796707125 0.002750239463566118
60 120 -0.15 -0.1 35 36 96.2703095453416 0.002567843550920657
60 120 -0.15 -0.1 36 37 91.39258195323566 0.002397873505884718
60 120 -0.15 -0.1 37 38 86.83261996804534 0.002241762898165689
60 120 -0.15 -0.1 38 39 82.56419348700209 0.002095309054610084
60 120 -0.15 -0.1 39 40 78.56326945447557 0.001961836509707382
60 120 -0.15 -0.1 40 42 146.088221198083 0.006693599411022433
60 120 -0.15 -0.1 42 44 132.7968886981672 0.005246472502534516
60 120 -0.15 -0.1 44 46 121.0002841616457 0.004219763764439222
60 120 -0.15 -0.1 46 48 110.4885359064062 0.003252587422778674
60 120 -0.15 -0.1 48 50 101.0892081180905 0.002526942336757543
60 120 -0.15 -0.1 50 52 92.65742688100437 0.001917657033615683
60 120 -0.15 -0.1 52 54 85.07175432344698 0.001706382340927348
60 120 -0.15 -0.1 54 56 78.2295417095348 0.001520683874176143
60 120 -0.15 -0.1 56 58 72.04238910190927 0.001358513303600262
60 120 -0.15 -0.1 58 60 66.43519754104844 0.001216293354602271
60 120 -0.15 -0.1 60 65 144.7997906085454 0.002524039072540063
60 120 -0.15 -0.1 65 70 119.4750360112911 0.00501643636825122
60 120 -0.15 -0.1 70 80 182.0918782162996 0.002711632320455237
60 120 -0.15 -0.1 80 90 128.310723140826 0.001715693555411235
60 120 -0.15 -0.1 90 100 92.15529978384758 0.001126035957824456
60 120 -0.1 -0.05 0 0.5 -0.8334741274568251 1.884805692298208e-05
60 120 -0.1 -0.05 0.5 1 -1126.283588202022 0.03666581344737097
60 120 -0.1 -0.05 1 1.5 -7.472209925713444 0.0003268235124123109
60 120 -0.1 -0.05 1.5 2 724.2726544444215 0.006018992139274815
60 120 -0.1 -0.05 2 2.5 881.0291431593574 0.004051030372806963
60 120 -0.1 -0.05 2.5 3 882.4623835218009 0.002932168880306563
60 120 -0.1 -0.05 3 3.5 836.5694476975808 0.04068897494403245
60 120 -0.1 -0.05 3.5 4 777.7694817843277 0.03637400773015997
60 120 -0.1 -0.05 4 4.5 718.1382003069417 0.03263423406065158
60 120 -0.1 -0.05 4.5 5 662.0235432818979 0.0294431234331114
60 120 -0.1 -0.05 5 5.5 610.7317639506123 0.02671075338560058
60 120 -0.1 -0.05 5.5 6 564.4551826051617 0.02432220624029924
60 120 -0.1 -0.05 6 6.5 522.8844789990119 0.02222872352319882
60 120 -0.1 -0.05 6.5 7 485.5622313049777 0.02038942474928263
60 120 -0.1 -0.05 7 7.5 452.029443070538 0.01876327282951706
60 120 -0.1 -0.05 7.5 8 421.8322173751738 0.01729957738791654
60 120 -0.1 -0.05 8 8.5 394.5609020282362 0.01600046933543808
60 120 -0.1 -0.05 8.5 9 369.8656355996902 0.01483857632752006
60 120 -0.1 -0.05 9 9.5 347.4386477627031 0.01379656308091626
60 120 -0.1 -0.05 9.5 10 327.0065079791589 0.01285979623423827
60 120 -0.1 -0.05 10 10.5 308.3360875744286 0.0144765402068856
60 120 -0.1 -0.05 10.5 11 291.2334446832345 0.01268479011145018
60 120 -0.1 -0.05 11 11.5 275.5252782099385 0.01105291553807319
60 120 -0.1 -0.05 11.5 12 261.0603505587978 0.009924921445417567
60 120 -0.1 -0.05 12 12.5 247.7067829687762 0.009347580498058505
60 120 -0.1 -0.05 12.5 13 235.3533462255236 0.008815664563996961
60 120 -0.1 -0.05 13 13.5 223.9010722825982 0.00832320680376597
60 120 -0.1 -0.05 13.5 14 213.262397585543 0.007867231193245061
60 120 -0.1 -0.05 14 14.5 203.3584028804009 0.007446936193474585
60 120 -0.1 -0.05 14.5 15 194.1215517534008 0.007057770002887764
60 120 -0.1 -0.05 15 16 362.9118963638008 0.01304608782282912
60 120 -0.1 -0.05 16 17 332.6033999325541 0.01178358166549742
60 120 -0.1 -0.05 17 18 305.8654875902142 0.01068225713476068
60 120 -0.1 -0.05 18 19 282.1515045003418 0.009715626484990025
60 120 -0.1 -0.05 19 20 261.0138117479224 0.008866766314667984
60 120 -0.1 -0.05 20 21 242.0830770323315 0.008110840794984142
60 120 -0.1 -0.05 21 22 225.0598281666687 0.0104672218105577
60 120 -0.1 -0.05 22 23 209.6925520592238 0.009046747332575933
60 120 -0.1 -0.05 23 24 195.769109888118 0.007566521493572509
60 120 -0.1 -0.05 24 25 183.1138402904452 0.006565824771200823
60 120 -0.1 -0.05 25 26 171.5752823535843 0.005725237082259582
60 120 -0.1 -0.05 26 27 161.0233326252866 0.004951920399719256
60 120 -0.1 -0.05 27 28 151.3478759047398 0.004577026845879573
60 120 -0.1 -0.05 28 29 142.4545163630178 0.004245487286084426
60 120 -0.1 -0.05 29 30 134.2602116692924 0.003938670162654034
60 120 -0.1 -0.05 30 31 126.6932405522931 0.003659228949459248
60 120 -0.1 -0.05 31 32 119.6916290770277 0.003404393622290058
60 120 -0.1 -0.05 32 33 113.2006653777957 0.003169095254051513
60 120 -0.1 -0.05 33 34 107.1712961896891 0.002950644584089446
60 120 -0.1 -0.05 34 35 101.5609920698826 0.002751640506133413
60 120 -0.1 -0.05 35 36 96.33221304597988 0.002569031694378054
60 120 -0.1 -0.05 36 37 91.45144728101558 0.00239799856403522
60 120 -0.1 -0.05 37 38 86.88879199221662 0.002240926981272651
60 120 -0.1 -0.05 38 39 82.61738901171101 0.002096592790067575
60 120 -0.1 -0.05 39 40 78.61364621994683 0.001963228343143442
60 120 -0.1 -0.05 40 42 146.1820746699767 0.006714818550250357
60 120 -0.1 -0.05 42 44 132.881936181471 0.00532816674484593
60 120 -0.1 -0.05 44 46 121.0764940357982 0.004182336109295193
60 120 -0.1 -0.05 46 48 110.5570770869062 0.003294015928645422
60 120 -0.1 -0.05 48 50 101.1504698948943 0.002500214630885012
60 120 -0.1 -0.05 50 52 92.71257391663995 0.001917720339307039
60 120 -0.1 -0.05 52 54 85.12168292461338 0.001706543473403599
60 120 -0.1 -0.05 54 56 78.27437789035501 0.001520962320384456
60 120 -0.1 -0.05 56 58 72.08271678468078 0.00135950110235683
60 120 -0.1 -0.05 58 60 66.47122545795129 0.001216204843544233
60 120 -0.1 -0.05 60 65 144.874417518766 0.002524713339738582
60 120 -0.1 -0.05 65 70 119.5332079279686 0.005066580734620629
60 120 -0.1 -0.05 70 80 182.1761988209812 0.00271228087427744
60 120 -0.1 -0.05 80 90 128.3734285819604 0.00171576374060578
60 120 -0.1 -0.05 90 100 92.20498521543759 0.001126203796644631
60 120 -0.05 0 0 0.5 -0.833731048367082 1.929843717907165e-05
60 120 -0.05 0 0.5 1 -1126.998179531451 0.02276843057529732
60 120 -0.05 0 1 1.5 -7.916590352328583 0.0003655442318439839
60 120 -0.05 0 1.5 2 724.1819697534061 0.005066882471965073
60 120 -0.05 0 2 2.5 881.0864770526276 0.003699999814671173
60 120 -0.05 0 2.5 3 882.5405402844547 0.002891819923888761
60 120 -0.05 0 3 3.5 836.6936456093653 0.04070297932639733
60 120 -0.05 0 3.5 4 777.8809749755083 0.03669845303409147
60 120 -0.05 0 4 4.5 718.2681933401946 0.03297447142131205
60 120 -0.05 0 4.5 5 662.1324534622424 0.0296820168115346
60 120 -0.05 0 5 5.5 610.8524380869052 0.02681793102442498
60 120 -0.05 0 5.5 6 564.5683913145054 0.02437831090367126
60 120 -0.05 0 6 6.5 522.9854020192944 0.02224228914269588
60 120 -0.05 0 6.5 7 485.6668062170424 0.02038519929664062
60 120 -0.05 0 7 7.5 452.1268451320825 0.01875596600262952
60 120 -0.05 0 7.5 8 421.9195341876899 0.01730193690116266
60 120 -0.05 0 8 8.5 394.6489631938461 0.0160178343797952
60 120 -0.05 0 8.5 9 369.953095029714 0.01487813860137521
60 120 -0.05 0 9 9.5 347.5177436693938 0.01383811389780476
60 120 -0.05 0 9.5 10 327.0801177319111 0.012904971928549
60 120 -0.05 0 10 10.5 308.4099319942354 0.0147377688537631
60 120 -0.05 0 10.5 11 291.3045748671555 0.01282010970965075
60 120 -0.05 0 11 11.5 275.5907436461798 0.01105904285952874
60 120 -0.05 0 11.5 12 261.1213753114491 0.009941305125607869
60 120 -0.05 0 12 12.5 247.7670911655592 0.00935659042147563
60 120 -0.05 0 12.5 13 235.4123864133799 0.008815569111874311
60 120 -0.05 0 13 13.5 223.9568642875944 0.008318394142122543
60 120 -0.05 0 13.5 14 213.3139410773963 0.007864395075756647
60 120 -0.05 0 14 14.5 203.4076640932322 0.007446732853082949
60 120 -0.05 0 14.5 15 194.1700472452934 0.007057444927085044
60 120 -0.05 0 15 16 363.0038055089636 0.01305206824207517
60 120 -0.05 0 16 17 332.6870643641202 0.01179919422474995
60 120 -0.05 0 17 18 305.9473814917548 0.01069536559418793
60 120 -0.05 0 18 19 282.2290923181192 0.009727795409219198
60 120 -0.05 0 19 20 261.0858487098377 0.008870692333118768
60 120 -0.05 0 20 21 242.1523452305731 0.008106887133692453
60 120 -0.05 0 21 22 225.124362415906 0.01048938092048957
60 120 -0.05 0 22 23 209.7526848513982 0.008858178517272108
60 120 -0.05 0 23 24 195.8274203730369 0.007711547601928714
60 120 -0.05 0 24 25 183.1689329972759 0.006560336919136489
60 120 -0.05 0 25 26 171.6267955324014 0.005706670850202045
60 120 -0.05 0 26 27 161.0721954713847 0.004949872463981819
60 120 -0.05 0 27 28 151.3943707562034 0.004579507434101515
60 120 -0.05 0 28 29 142.4979121664302 0.004245182137481152
60 120 -0.05 0 29 30 134.3014137550555 0.00393709811021381
60 120 -0.05 0 30 31 126.7328951762785 0.003658737819833391
60 120 -0.05 0 31 32 119.7295832560675 0.003403605568720991
60 120 -0.05 0 32 33 113.2364323182461 0.00316738995866217
60 120 -0.05 0 33 34 107.2053765178084 0.002951014481041625
60 120 -0.05 0 34 35 101.5935457473946 0.002754055175344661
60 120 -0.05 0 35 36 96.36304765836944 0.002569963660818075
60 120 -0.05 0 36 37 91.48067223737779 0.002398881334485736
60 120 -0.05 0 37 38 86.91652032261754 0.002242512882403958
60 120 -0.05 0 38 39 82.64393313665406 0.002097713549403579
60 120 -0.05 0 39 40 78.63916867265338 0.001962863694757289
60 120 -0.05 0 40 42 146.2297144758071 0.006699320833490674
60 120 -0.05 0 42 44 132.9253757855017 0.005346141641354052
60 120 -0.05 0 44 46 121.1157835632611 0.004206637473657793
60 120 -0.05 0 46 48 110.5923891474337 0.003248188154842069
60 120 -0.05 0 48 50 101.1825004662725 0.002506275440666172
60 120 -0.05 0 50 52 92.74162007865806 0.001919281304353149
60 120 -0.05 0 52 54 85.1479447210391 0.00170628837706488
60 120 -0.05 0 54 56 78.29792459268806 0.001521513058918345
60 120 -0.05 0 56 58 72.10368124907524 0.001358896522376085
60 120 -0.05 0 58 60 66.48995681601137 0.001216575819896093
60 120 -0.05 0 60 65 144.9130369900611 0.002524320885640918
60 120 -0.05 0 65 70 119.5625971224998 0.00505611338712697
60 120 -0.05 0 70 80 182.2167006776115 0.002713178007439865
60 120 -0.05 0 80 90 128.4038562886312 0.001715822061129302
60 120 -0.05 0 90 100 92.23070162819668 0.001126344633590293
60 120 0 0.05 0 0.5 -0.833757826711589 1.968912013228241e-05
60 120 0 0.05 0.5 1 -1127.030273751481 0.04334746671111134
60 120 0 0.05 1 1.5 -7.878348253393749 0.0002441290774752858
60 120 0 0.05 1.5 2 724.2213322557878 0.0115658301322128
60 120 0 0.05 2 2.5 881.1089470534596 0.00416057368033762
60 120 0 0.05 2.5 3 882.5743671408869 0.001446257387669903
60 120 0 0.05 3 3.5 836.6999734443468 0.04048686578289562
60 120 0 0.05 3.5 4 777.9071119720161 0.03632676622908093
60 120 0 0.05 4 4.5 718.2716265231352 0.03275143076677978
60 120 0 0.05 4.5 5 662.148714389836 0.02962167782652614
60 120 0 0.05 5 5.5 610.8608201046266 0.02684818583281867
60 120 0 0.05 5.5 6 564.5730481355309 0.02439405142274609
60 120 0 0.05 6 6.5 522.9963509096719 0.02225330826365735
60 120 0 0.05 6.5 7 485.6689620312987 0.02038024132184546
60 120 0 0.05 7 7.5 452.1279733573553 0.01874305091564565
60 120 0 0.05 7.5 8 421.9272138923693 0.01728722622704026
60 120 0 0.05 8 8.5 394.6535139452262 0.01599342891159949
60 120 0 0.05 8.5 9 369.9542309898197 0.0148413290831968
60 120 0 0.05 9 9.5 347.5216739099078 0.01380124546847128
60 120 0 0.05 9.5 10 327.084583164316 0.01286886103582674
60 120 0 0.05 10 10.5 308.4113099994438 0.01468962400434748
60 120 0 0.05 10.5 11 291.3044153418498 0.01257315071859466
60 120 0 0.05 11 11.5 275.5927711180311 0.01112984741928358
60 120 0 0.05 11.5 12 261.1243406839002 0.009942733845377916
60 120 0 0.05 12 12.5 247.7687067675905 0.009363763114720314
60 120 0 0.05 12.5 13 235.4127730983078 0.008824618475415491
60 120 0 0.05 13 13.5 223.9579863503999 0.008325670147257824
60 120 0 0.05 13.5 14 213.3155144143209 0.007874185667247957
60 120 0 0.05 14 14.5 203.4084797365155 0.007452720371730948
60 120 0 0.05 14.5 15 194.1691485633778 0.007058618161352115
60 120 0 0.05 15 16 363.0014236224267 0.01304559737440059
60 120 0 0.05 16 17 332.6860109797252 0.01178852309197964
60 120 0 0.05 17 18 305.9446114768721 0.01068312772474656
60 120 0 0.05 18 19 282.2271373831073 0.009725727186889799
60 120 0 0.05 19 20 261.0840890060268 0.008870121346149062
60 120 0 0.05 20 21 242.1497037540124 0.008112795439274123
60 120 0 0.05 21 22 225.1232571121419 0.01057215456097538
60 120 0 0.05 22 23 209.7525804102757 0.008910411528660234
60 120 0 0.05 23 24 195.827445573709 0.007663485335768883
60 120 0 0.05 24 25 183.1694214653986 0.006620806838355975
60 120 0 0.05 25 26 171.627104301987 0.005715641324826493
60 120 0 0.05 26 27 161.071958466416 0.004952251323970813
60 120 0 0.05 27 28 151.3938709659982 0.004579984628179545
60 120 0 0.05 28 29 142.4977980762187 0.00424364332778282
60 120 0 0.05 29 30 134.3013380527088 0.003939819234943798
60 120 0 0.05 30 31 126.7329517768938 0.003661029833423868
60 120 0 0.05 31 32 119.7297574135344 0.003402661473273838
60 120 0 0.05 32 33 113.236663438363 0.003167583894963855
60 120 0 0.05 33 34 107.2054217556207 0.002952078871487629
60 120 0 0.05 34 35 101.5933370090013 0.002752085322796916
60 120 0 0.05 35 36 96.36291217845925 0.00256808316464685
60 120 0 0.05 36 37 91.48048714181175 0.002399884176384148
60 120 0 0.05 37 38 86.91630497871687 0.002242487627185596
60 120 0 0.05 38 39 82.64394043157381 0.002096896218361621
60 120 0 0.05 39 40 78.6393101312963 0.001962681184579651
60 120 0 0.05 40 42 146.2301453712888 0.006751784642773373
60 120 0 0.05 42 44 132.9254391480699 0.005303501213631989
60 120 0 0.05 44 46 121.115721050106 0.004206852537777195
60 120 0 0.05 46 48 110.5923093786751 0.003248539470178002
60 120 0 0.05 48 50 101.1827120920293 0.002505293068892911
60 120 0 0.05 50 52 92.74204024389404 0.001918047577845527
60 120 0 0.05 52 54 85.14816260340426 0.001706101131205173
60 120 0 0.05 54 56 78.29795134800783 0.001521553287361144
60 120 0 0.05 56 58 72.10358746780449 0.001359476690367956
60 120 0 0.05 58 60 66.48987795291674 0.001216963015636452
60 120 0 0.05 60 65 144.9139056433034 0.002523991897220412
60 120 0 0.05 65 70 119.5634371993524 0.005040007074356367
60 120 0 0.05 70 80 182.2181602298785 0.002713120632648724
60 120 0 0.05 80 90 128.4049536383399 0.001716058593899561
60 120 0 0.05 90 100 92.23192503835476 0.001126209071756534
60 120 0.05 0.1 0 0.5 -0.8334504159984747 1.875474343149275e-05
60 120 0.05 0.1 0.5 1 -1126.15057104756 0.03237624494613556
60 120 0.05 0.1 1 1.5 -7.211047574687641 0.0002039703952716465
60 120 0.05 0.1 1.5 2 724.4979330848599 0.005171051253796577
60 120 0.05 0.1 2 2.5 881.1916458805113 0.0004835743626472322
60 120 0.05 0.1 2.5 3 882.5737630485551 0.002520448214113458
60 120 0.05 0.1 3 3.5 836.6695556485839 0.04077492370424807
60 120 0.05 0.1 3.5 4 777.834035739727 0.03657196421761455
60 120 0.05 0.1 4 4.5 718.1960905392972 0.03283435105947774
60 120 0.05 0.1 4.5 5 662.0616001484897 0.02956624255330098
60 120 0.05 0.1 5 5.5 610.7748226990101 0.02679707294998934
60 120 0.05 0.1 5.5 6 564.4911203429009 0.02439225009732127
60 120 0.05 0.1 6 6.5 522.9078065769038 0.02227838601345411
60 120 0.05 0.1 6.5 7 485.5855614543939 0.02042023765898193
60 120 0.05 0.1 7 7.5 452.0480376986403 0.01876297435688912
60 120 0.05 0.1 7.5 8 421.8465123211776 0.01729991485302662
60 120 0.05 0.1 8 8.5 394.5771663486161 0.01601288911967913
60 120 0.05 0.1 8.5 9 369.8815419238777 0.01485098023579212
60 120 0.05 0.1 9 9.5 347.4493709341617 0.0138143498362524
60 120 0.05 0.1 9.5 10 327.0137405881353 0.01288245527535992
60 120 0.05 0.1 10 10.5 308.3442554480259 0.01471128520978482
60 120 0.05 0.1 10.5 11 291.240250466064 0.01271444138660627
60 120 0.05 0.1 11 11.5 275.5299821952611 0.01102098868295798
60 120 0.05 0.1 11.5 12 261.0641522911023 0.009923794900828398
60 120 0.05 0.1 12 12.5 247.7114140947127 0.009340514113176823
60 120 0.05 0.1 12.5 13 235.3579991734944 0.008808066365560308
60 120 0.05 0.1 13 13.5 223.9040584818851 0.008315086626765833
60 120 0.05 0.1 13.5 14 213.2627783756487 0.007866627314996322
60 120 0.05 0.1 14 14.5 203.3575329334952 0.007446519575552202
60 120 0.05 0.1 14.5 15 194.1201228981719 0.007056224000251632
60 120 0.05 0.1 15 16 362.9075626130975 0.01305047831931461
60 120 0.05 0.1 16 17 332.5982683137909 0.01179164245195352
60 120 0.05 0.1 17 18 305.8622843647289 0.01068752408144746
60 120 0.05 0.1 18 19 282.1481885508291 0.009721282498958317
60 120 0.05 0.1 19 20 261.0088913645723 0.008860301480524413
60 120 0.05 0.1 20 21 242.078498397999 0.008106457317126115
60 120 0.05 0.1 21 22 225.0559434393542 0.01043833322202659
60 120 0.05 0.1 22 23 209.6901292283391 0.008989817096676234
60 120 0.05 0.1 23 24 195.7687037036931 0.007633663452679684
60 120 0.05 0.1 24 25 183.1139837609063 0.006641860986178472
60 120 0.05 0.1 25 26 171.5746787783294 0.005681284663268116
60 120 0.05 0.1 26 27 161.0225144767051 0.004956597753846381
60 120 0.05 0.1 27 28 151.3470165798882 0.004576771287759129
60 120 0.05 0.1 28 29 142.4536185900699 0.004243290583161752
60 120 0.05 0.1 29 30 134.2597445704513 0.003938439578462294
60 120 0.05 0.1 30 31 126.6935584983643 0.003659341750463341
60 120 0.05 0.1 31 32 119.6921526282746 0.003402076911015683
60 120 0.05 0.1 32 33 113.2008805394534 0.003168644027695677
60 120 0.05 0.1 33 34 107.1712049005115 0.002951144514241832
60 120 0.05 0.1 34 35 101.5607142493058 0.002752775969312893
60 120 0.05 0.1 35 36 96.33172000382891 0.002567817796261807
60 120 0.05 0.1 36 37 91.45084130715728 0.002398032868867972
60 120 0.05 0.1 37 38 86.88839117014071 0.002241979494414181
60 120 0.05 0.1 38 39 82.61741134850152 0.00209617544486207
60 120 0.05 0.1 39 40 78.61401128616167 0.001962410714853036
60 120 0.05 0.1 40 42 146.1828780924705 0.00674925776476698
60 120 0.05 0.1 42 44 132.8822788460672 0.005337814918703998
60 120 0.05 0.1 44 46 121.0762994222221 0.004155014317120731
60 120 0.05 0.1 46 48 110.556921674183 0.003244302125267495
60 120 0.05 0.1 48 50 101.1510359311199 0.002526774145863442
60 120 0.05 0.1 50 52 92.71341632626246 0.001917849492400592
60 120 0.05 0.1 52 54 85.12234763852899 0.001705945680228638
60 120 0.05 0.1 54 56 78.27461279650144 0.001521909477801842
60 120 0.05 0.1 56 58 72.08269622867994 0.001358611797272147
60 120 0.05 0.1 58 60 66.47140528099564 0.001216682712779971
60 120 0.05 0.1 60 65 144.8765721674667 0.002524554840221072
60 120 0.05 0.1 65 70 119.5354645706966 0.0050504384755925
60 120 0.05 0.1 70 80 182.1805513561904 0.002712567061166737
60 120 0.05 0.1 80 90 128.3769350126255 0.001715677429075413
60 120 0.05 0.1 90 100 92.20846173020466 0.001126062344482648
60 120 0.1 0.15 0 0.5 -0.8328315145124859 1.950306185050099e-05
60 120 0.1 0.15 0.5 1 -1124.394070564607 0.05294274149127887
60 120 0.1 0.15 1 1.5 -5.944087260749424 0.0001313529809472413
60 120 0.1 0.15 1.5 2 724.9419126318677 0.01157232534649211
60 120 0.1 0.15 2 2.5 881.3068524475634 0.004448874554782378
60 120 0.1 0.15 2.5 3 882.5341085385442 0.001868487400997765
60 120 0.1 0.15 3 3.5 836.5480196335493 0.0406237790822388
60 120 0.1 0.15 3.5 4 777.6821229325825 0.03652307698075674
60 120 0.1 0.15 4 4.5 718.0182022693771 0.03283076073125812
60 120 0.1 0.15 4.5 5 661.8809349748906 0.02957831759056262
60 120 0.1 0.15 5 5.5 610.5898881534482 0.02678225957220093
60 120 0.1 0.15 5.5 6 564.3044555112756 0.02433560523320466
60 120 0.1 0.15 6 6.5 522.7256637296917 0.02221414012331024
60 120 0.1 0.15 6.5 7 485.4061006431788 0.02038071362591154
60 120 0.1 0.15 7 7.5 451.8758054908128 0.01874186693868296
60 120 0.1 0.15 7.5 8 421.6814806149451 0.01730324435897046
60 120 0.1 0.15 8 8.5 394.4172865083847 0.01600961758572339
60 120 0.1 0.15 8.5 9 369.7273944049874 0.0148369671201749
60 120 0.1 0.15 9 9.5 347.3009743770129 0.01380419155742629
60 120 0.1 0.15 9.5 10 326.8704457315284 0.01287433239332358
60 120 0.1 0.15 10 10.5 308.2049116613608 0.01447795695435161
60 120 0.1 0.15 10.5 11 291.1071023248949 0.01277100145472332
60 120 0.1 0.15 11 11.5 275.4021782602839 0.01102955364649461
60 120 0.1 0.15 11.5 12 260.9407299708824 0.009934408749359136
60 120 0.1 0.15 12 12.5 247.5921005159489 0.009349045891781316
60 120 0.1 0.15 12.5 13 235.2428999066752 0.008814963048990876
60 120 0.1 0.15 13 13.5 223.7926527048434 0.00832129670433801
60 120 0.1 0.15 13.5 14 213.1550785096642 0.007859046926711244
60 120 0.1 0.15 14 14.5 203.2529114280538 0.007437535571767739
60 120 0.1 0.15 14.5 15 194.0191916732159 0.007049531566622136
60 120 0.1 0.15 15 16 362.7168498729051 0.01303803467652642
60 120 0.1 0.15 16 17 332.4199438769876 0.01178136639327931
60 120 0.1 0.15 17 18 305.6950349255051 0.01068779935656039
60 120 0.1 0.15 18 19 281.9901566734842 0.009720196377884349
60 120 0.1 0.15 19 20 260.8590770546031 0.008869518307335511
60 120 0.1 0.15 20 21 241.9373342078823 0.008107169722507024
60 120 0.1 0.15 21 22 224.9232072591611 0.0104771660348888
60 120 0.1 0.15 22 23 209.5644229807956 0.008936983564836964
60 120 0.1 0.15 23 24 195.6497335006494 0.007696630942035654
60 120 0.1 0.15 24 25 183.0009311300091 0.006573651054651464
60 120 0.1 0.15 25 26 171.4676125972861 0.005700220008321821
60 120 0.1 0.15 26 27 160.921184348589 0.004941879237122748
60 120 0.1 0.15 27 28 151.251620654579 0.004574967005879671
60 120 0.1 0.15 28 29 142.3636687209938 0.004243081327558684
60 120 0.1 0.15 29 30 134.1748702620383 0.00393632951050904
60 120 0.1 0.15 30 31 126.6130349254813 0.003656068934901668
60 120 0.1 0.15 31 32 119.6157364552777 0.00340241483780801
60 120 0.1 0.15 32 33 113.128120505431 0.003164537953168178
60 120 0.1 0.15 33 34 107.1019787927576 0.002948336216007874
60 120 0.1 0.15 34 35 101.4949156277108 0.002751058316206922
60 120 0.1 0.15 35 36 96.26933824515619 0.002566479183371939
60 120 0.1 0.15 36 37 91.39192354385921 0.00239619815725689
60 120 0.1 0.15 37 38 86.83242240342818 0.002240317438392481
60 120 0.1 0.15 38 39 82.56423350741237 0.002096132141588214
60 120 0.1 0.15 39 40 78.56350244948464 0.001960835717056852
60 120 0.1 0.15 40 42 146.0889230255831 0.006684580425712738
60 120 0.1 0.15 42 44 132.797341452174 0.005300686182522441
60 120 0.1 0.15 44 46 121.0000042767192 0.004143596972014052
60 120 0.1 0.15 46 48 110.4886494542463 0.003250396137971734
60 120 0.1 0.15 48 50 101.0896838778113 0.002526648477214621
60 120 0.1 0.15 50 52 92.65821216650099 0.001917543014613443
60 120 0.1 0.15 52 54 85.07263814037169 0.001705229558083943
60 120 0.1 0.15 54 56 78.23012901845806 0.001521045236358987
60 120 0.1 0.15 56 58 72.0430670483109 0.001358543272061752
60 120 0.1 0.15 58 60 66.43613537773767 0.001216126768014192
60 120 0.1 0.15 60 65 144.8031042225036 0.002523686086817634
60 120 0.1 0.15 65 70 119.478388879341 0.005049813490103361
60 120 0.1 0.15 70 80 182.0989097432911 0.002711290702649194
60 120 0.1 0.15 80 90 128.3168935229671 0.001715812059330801
60 120 0.1 0.15 90 100 92.16052058477759 0.00112599891222942
60 120 0.15 0.2 0 0.5 -0.831935422576931 1.915630332505192e-05
60 120 0.15 0.2 0.5 1 -1121.508745292621 0.02844982473652635
60 120 0.15 0.2 1 1.5 -3.857171160585738 6.797217550902346e-05
60 120 0.15 0.2 1.5 2 725.6013323795946 0.0025958426977013
60 120 0.15 0.2 2 2.5 881.4644074317091 0.01044883201211633
60 120 0.15 0.2 2.5 3 882.4750206325746 0.0114760006014194
60 120 0.15 0.2 3 3.5 836.367829526907 0.0404856402221867
60 120 0.15 0.2 3.5 4 777.4281412615123 0.0364034983632564
60 120 0.15 0.2 4 4.5 717.7369079272547 0.03276671417700072
60 120 0.15 0.2 4.5 5 661.5860170161706 0.02958889773083229
60 120 0.15 0.2 5 5.5 610.2945091106953 0.02679786852604593
60 120 0.15 0.2 5.5 6 564.0090759652055 0.02436727710278319
60 120 0.15 0.2 6 6.5 522.4345663883046 0.02224533931166661
60 120 0.15 0.2 6.5 7 485.1239812444866 0.02035206239889931
60 120 0.15 0.2 7 7.5 451.6016513840997 0.01871823592767896
60 120 0.15 0.2 7.5 8 421.4156841945565 0.01725982419856109
60 120 0.15 0.2 8 8.5 394.1608274386209 0.01597370884525162
60 120 0.15 0.2 8.5 9 369.4791277555122 0.01484029824234767
60 120 0.15 0.2 9 9.5 347.0606534685319 0.01380326435975121
60 120 0.15 0.2 9.5 10 326.6387651135545 0.01287030167014791
60 120 0.15 0.2 10 10.5 307.982801526491 0.01462450703240847
60 120 0.15 0.2 10.5 11 290.8931693844533 0.01265979405786766
60 120 0.15 0.2 11 11.5 275.1966820209764 0.01110827130446523
60 120 0.15 0.2 11.5 12 260.7429287522931 0.009914862658547463
60 120 0.15 0.2 12 12.5 247.4015636732794 0.009334998725705645
60 120 0.15 0.2 12.5 13 235.0582309163648 0.008799309966377677
60 120 0.15 0.2 13 13.5 223.6144930073266 0.008316795784139686
60 120 0.15 0.2 13.5 14 212.9827661725672 0.007856825977285098
60 120 0.15 0.2 14 14.5 203.0866375326309 0.007436930716153256
60 120 0.15 0.2 14.5 15 193.8589172836141 0.007047140441670763
60 120 0.15 0.2 15 16 362.4130215630705 0.0130362332595837
60 120 0.15 0.2 16 17 332.1363374866539 0.01176718021775969
60 120 0.15 0.2 17 18 305.4290309466011 0.01067195805427446
60 120 0.15 0.2 18 19 281.7405314089893 0.009701992355644506
60 120 0.15 0.2 19 20 260.6249379964494 0.008856994029088128
60 120 0.15 0.2 20 21 241.7184432589591 0.008098010188945182
60 120 0.15 0.2 21 22 224.7179593938719 0.01055261024890797
60 120 0.15 0.2 22 23 209.3709248996111 0.008897342442395484
60 120 0.15 0.2 23 24 195.4670429559294 0.007687682488892733
60 120 0.15 0.2 24 25 182.8281874121715 0.00654675800214477
60 120 0.15 0.2 25 26 171.3044716508081 0.005673346635973076
60 120 0.15 0.2 26 27 160.767297467146 0.004940586579522233
60 120 0.15 0.2 27 28 151.106666608407 0.004569741771149438
60 120 0.15 0.2 28 29 142.2271063217405 0.004239919525161895
60 120 0.15 0.2 29 30 134.0458830555384 0.003935582824965422
60 120 0.15 0.2 30 31 126.4911408892823 0.003654241522639268
60 120 0.15 0.2 31 32 119.5005587961584 0.003401391352596761
60 120 0.15 0.2 32 33 113.0192001484602 0.003165367476213987
60 120 0.15 0.2 33 34 106.9991323264187 0.002948728615464802
60 120 0.15 0.2 34 35 101.3978482356322 0.002749488603910777
60 120 0.15 0.2 35 36 96.17789115117671 0.002566434388455718
60 120 0.15 0.2 36 37 91.30540764947185 0.002397024889589261
60 120 0.15 0.2 37 38 86.75053554302406 0.002239114529672293
60 120 0.15 0.2 38 39 82.48671102953668 0.002095418934004556
60 120 0.15 0.2 39 40 78.48991168037142 0.001960972453161958
60 120 0.15 0.2 40 42 145.953244604538 0.006701401011071084
60 120 0.15 0.2 42 44 132.6757579165802 0.005225879025090308
60 120 0.15 0.2 44 46 120.8915875378441 0.004162694643255804
60 120 0.15 0.2 46 48 110.3916269230551 0.003275534481474551
60 120 0.15 0.2 48 50 101.0024568944747 0.002505939532454704
60 120 0.15 0.2 50 52 92.57977492625113 0.001917137718550066
60 120 0.15 0.2 52 54 85.00210249685792 0.001704446679823945
60 120 0.15 0.2 54 56 78.16690206830587 0.001520573375515255
60 120 0.15 0.2 56 58 71.98632958582017 0.001357285598572844
60 120 0.15 0.2 58 60 66.38482635868776 0.001216049217987347
60 120 0.15 0.2 60 65 144.6938830263844 0.002522938044052125
60 120 0.15 0.2 65 70 119.3909715627816 0.004996478560144624
60 120 0.15 0.2 70 80 181.9668994853475 0.002711048999572085
60 120 0.15 0.2 80 90 128.2215943604271 0.001715166912248378
60 120 0.15 0.2 90 100 92.08813309711125 0.001125682810126705
60 120 0.2 0.25 0 0.5 -0.8307935505570174 1.92678155584991e-05
60 120 0.2 0.25 0.5 1 -1117.966112180389 0.01297094153619582
60 120 0.2 0.25 1 1.5 -1.37030973115923 5.562594648877983e-05
60 120 0.2 0.25 1.5 2 726.2122281596262 0.02636896692058599
60 120 0.2 0.25 2 2.5 881.3840949383291 0.02325806380872564
60 120 0.2 0.25 2.5 3 882.1388329733265 0.02347267400455166
60 120 0.2 0.25 3 3.5 835.928458460465 0.04076177801107406
60 120 0.2 0.25 3.5 4 776.9400930866121 0.0365075370325485
60 120 0.2 0.25 4 4.5 717.2295155167762 0.03281459137576803
60 120 0.2 0.25 4.5 5 661.0767415749157 0.02959262423144082
60 120 0.2 0.25 5 5.5 609.7904575530422 0.02682678852238496
60 120 0.2 0.25 5.5 6 563.5179195002122 0.024399555550076
60 120 0.2 0.25 6 6.5 521.9598637089894 0.02228351383280369
60 120 0.2 0.25 6.5 7 484.6695660234525 0.0204060677324378
60 120 0.2 0.25 7 7.5 451.1673303133622 0.01877520638896613
60 120 0.2 0.25 7.5 8 421.0006914548519 0.01731533132232244
60 120 0.2 0.25 8 8.5 393.7633622252606 0.01601783831290504
60 120 0.2 0.25 8.5 9 369.0985238196808 0.01485947298283463
60 120 0.2 0.25 9 9.5 346.6959986294377 0.01380407942264128
60 120 0.2 0.25 9.5 10 326.2895460496529 0.01287570429241214
60 120 0.2 0.25 10 10.5 307.6496547271279 0.01473188566598083
60 120 0.2 0.25 10.5 11 290.5740675305823 0.01259310205341535
60 120 0.2 0.25 11 11.5 274.8911591371187 0.01110144895835674
60 120 0.2 0.25 11.5 12 260.4498326522987 0.009940027092454784
60 120 0.2 0.25 12 12.5 247.1200815344219 0.009349841774536571
60 120 0.2 0.25 12.5 13 234.7879438877542 0.008803716834989928
60 120 0.2 0.25 13 13.5 223.3548127306933 0.008314223264761722
60 120 0.2 0.25 13.5 14 212.7332304027984 0.0078590439983941
60 120 0.2 0.25 14 14.5 202.8477079555364 0.007437804042552898
60 120 0.2 0.25 14.5 15 193.6295027008432 0.007045619086881061
60 120 0.2 0.25 15 16 361.9810315642109 0.01303869896963761
60 120 0.2 0.25 16 17 331.7359435472094 0.01178396716841235
60 120 0.2 0.25 17 18 305.0563738015898 0.01067683831104205
60 120 0.2 0.25 18 19 281.3934981753878 0.009711161525444822
60 120 0.2 0.25 19 20 260.3027967318124 0.008852859248804634
60 120 0.2 0.25 20 21 241.4187946147206 0.00809462837639785
60 120 0.2 0.25 21 22 224.4381501929041 0.01047168419458444
60 120 0.2 0.25 22 23 209.1095059189618 0.008969053226962842
60 120 0.2 0.25 23 24 195.221962255154 0.00759291347293356
60 120 0.2 0.25 24 25 182.5987911613101 0.006584642973962218
60 120 0.2 0.25 25 26 171.0893493729544 0.005590646952185807
60 120 0.2 0.25 26 27 160.5660181808904 0.00493879224083571
60 120 0.2 0.25 27 28 150.9177487111747 0.004571382346910013
60 120 0.2 0.25 28 29 142.0494646695985 0.00423568329060231
60 120 0.2 0.25 29 30 133.8784344123997 0.003933165100590941
60 120 0.2 0.25 30 31 126.333473397466 0.003652961911996044
60 120 0.2 0.25 31 32 119.3518958403348 0.003395704333584604
60 120 0.2 0.25 32 33 112.8793078437826 0.003163035580357132
60 120 0.2 0.25 33 34 106.8676503116943 0.002947204335342235
60 120 0.2 0.25 34 35 101.2744751858781 0.002746289176528194
60 120 0.2 0.25 35 36 96.06171435826643 0.002563756957997043
60 120 0.2 0.25 36 37 91.19583946131034 0.002395012695643572
60 120 0.2 0.25 37 38 86.64719861377425 0.002236948175735165
60 120 0.2 0.25 38 39 82.38900277135721 0.0020928725947158
60 120 0.2 0.25 39 40 78.39759064918077 0.001960119355132406
60 120 0.2 0.25 40 42 145.7834229914184 0.006636404831056097
60 120 0.2 0.25 42 44 132.5244087087482 0.005282206674451118
60 120 0.2 0.25 44 46 120.7561341970491 0.004159446228484853
60 120 0.2 0.25 46 48 110.2697270147069 0.003272363737536921
60 120 0.2 0.25 48 50 100.8924544301799 0.002528669772090097
60 120 0.2 0.25 50 52 92.48022890391184 0.001915323908264099
60 120 0.2 0.25 52 54 84.91223058366526 0.001703966640945964
60 120 0.2 0.25 54 56 78.08551453631281 0.001519069209635404
60 120 0.2 0.25 56 58 71.91206956846102 0.001356995202343114
60 120 0.2 0.25 58 60 66.3166718675984 0.001215221773477992
60 120 0.2 0.25 60 65 144.5462195435318 0.002521262676481228
60 120 0.2 0.25 65 70 119.2701939663902 0.004822776700393661
60 120 0.2 0.25 70 80 181.7807668726848 0.002709590957550745
60 120 0.2 0.25 80 90 128.0892097452966 0.001714338451819231
60 120 0.2 0.25 90 100 91.99062668121158 0.001125457105572991
60 120 0.25 0.3 0 0.5 -0.8293847905479593 1.941810186678605e-05
60 120 0.25 0.3 0.5 1 -1114.592311452864 0.02700521126553213
60 120 0.25 0.3 1 1.5 0.3804714993599678 6.645628782997459e-06
60 120 0.25 0.3 1.5 2 726.1867203426291 0.002343503110751044
60 120 0.25 0.3 2 2.5 880.7392755961819 0.02993181418503355
60 120 0.25 0.3 2.5 3 881.2600400654408 0.02202988854821797
60 120 0.25 0.3 3 3.5 834.9862561448501 0.04052786587419632
60 120 0.25 0.3 3.5 4 776.0091254479142 0.03643053816051633
60 120 0.25 0.3 4 4.5 716.3444112681952 0.03274915185761529
60 120 0.25 0.3 4.5 5 660.238642434993 0.02949839924440312
60 120 0.25 0.3 5 5.5 608.9965316353681 0.02670138887287976
60 120 0.25 0.3 5.5 6 562.7656026816627 0.02425739246518788
60 120 0.25 0.3 6 6.5 521.2498577450344 0.02218271654226101
60 120 0.25 0.3 6.5 7 483.999811520602 0.02031491056391133
60 120 0.25 0.3 7 7.5 450.5348559785317 0.01869509888547327
60 120 0.25 0.3 7.5 8 420.4036226819259 0.01726833578845799
60 120 0.25 0.3 8 8.5 393.1986986950359 0.01594962685669543
60 120 0.25 0.3 8.5 9 368.5631257130107 0.01480482626993762
60 120 0.25 0.3 9 9.5 346.1896733249845 0.01379065454005968
60 120 0.25 0.3 9.5 10 325.8112619664939 0.01284388988079854
60 120 0.25 0.3 10 10.5 307.1961925733756 0.0145375851358267
60 120 0.25 0.3 10.5 11 290.1445286543827 0.01273567509508666
60 120 0.25 0.3 11 11.5 274.482608591601 0.01099199780566096
60 120 0.25 0.3 11.5 12 260.0612295871654 0.009905182972431703
60 120 0.25 0.3 12 12.5 246.7492098395934 0.009328684884849281
60 120 0.25 0.3 12.5 13 234.4343077523444 0.008803102268871044
60 120 0.25 0.3 13 13.5 223.0169999851505 0.008303758941508477
60 120 0.25 0.3 13.5 14 212.4115315108322 0.007845456728887257
60 120 0.25 0.3 14 14.5 202.5404785699739 0.007427422857603005
60 120 0.25 0.3 14.5 15 193.3361062309632 0.007041666981905337
60 120 0.25 0.3 15 16 361.4315076191045 0.01300981126081524
60 120 0.25 0.3 16 17 331.2307834333014 0.01175590713688734
60 120 0.25 0.3 17 18 304.5910300165374 0.01066364493863148
60 120 0.25 0.3 18 19 280.9648354015387 0.009698863995879492
60 120 0.25 0.3 19 20 259.908020657033 0.008855389595510132
60 120 0.25 0.3 20 21 241.0534785096765 0.008088050736859032
60 120 0.25 0.3 21 22 224.0991709337955 0.01044346257745588
60 120 0.25 0.3 22 23 208.7940869238824 0.008919982244236735
60 120 0.25 0.3 23 24 194.9282662071455 0.007602614663170471
60 120 0.25 0.3 24 25 182.3250515278815 0.00648435408410819
60 120 0.25 0.3 25 26 170.8347162493521 0.005653819833412399
60 120 0.25 0.3 26 27 160.3283768143698 0.004934374230515459
60 120 0.25 0.3 27 28 150.6956172134768 0.004566371395668511
60 120 0.25 0.3 28 29 141.8410972043884 0.004232989681980825
60 120 0.25 0.3 29 30 133.6829307159707 0.00393102439318227
60 120 0.25 0.3 30 31 126.1496019907915 0.003648534225661137
60 120 0.25 0.3 31 32 119.1791509546638 0.003395051517415482
60 120 0.25 0.3 32 33 112.7170874827328 0.003161014247751837
60 120 0.25 0.3 33 34 106.7152231480704 0.002942305464770811
60 120 0.25 0.3 34 35 101.1308485639971 0.002745348201969477
60 120 0.25 0.3 35 36 95.92618265666442 0.002562766163507035
60 120 0.25 0.3 36 37 91.06797106535664 0.002391900225973131
60 120 0.25 0.3 37 38 86.52629267919744 0.0022365126616819
60 120 0.25 0.3 38 39 82.27472633327372 0.002092434139498778
60 120 0.25 0.3 39 40 78.28958101223974 0.001957924316087656
60 120 0.25 0.3 40 42 145.5848503623373 0.006607237777330965
60 120 0.25 0.3 42 44 132.346415271338 0.00529733947419686
60 120 0.25 0.3 44 46 120.5953850198571 0.004213268681255045
60 120 0.25 0.3 46 48 110.1237215656967 0.003262354717136873
60 120 0.25 0.3 48 50 100.759462259376 0.002505012248718685
60 120 0.25 0.3 50 52 92.35915691090364 0.001913381928090985
60 120 0.25 0.3 52 54 84.80168072650508 0.001703052939632244
60 120 0.25 0.3 54 56 77.98389422367377 0.001517703969597051
60 120 0.25 0.3 56 58 71.8181970893479 0.001356204736921995
60 120 0.25 0.3 58 60 66.22983846597964 0.001214049844946885
60 120 0.25 0.3 60 65 144.3567765539981 0.002519567197026618
60 120 0.25 0.3 65 70 119.113732411122 0.004768173361213712
60 120 0.25 0.3 70 80 181.540623860474 0.0027079826062959
60 120 0.25 0.3 80 90 127.9187738838151 0.001713612775503748
60 120 0.25 0.3 90 100 91.86710545918739 0.001125193181465534
60 120 0.3 0.35 0 0.5 -0.827625048191741 1.912783806290452e-05
60 120 0.3 0.35 0.5 1 -1111.710346438881 0.01141764417093327
60 120 0.3 0.35 1 1.5 1.160140819396771 4.557908047808645e-05
60 120 0.3 0.35 1.5 2 725.3366897051458 0.00833244051739257
60 120 0.3 0.35 2 2.5 879.4650982954345 0.00855840154042653
60 120 0.3 0.35 2.5 3 879.892862931089 0.00717042021983616
60 120 0.3 0.35 3 3.5 833.6240218083309 0.04058585940265402
60 120 0.3 0.35 3.5 4 774.7046605217698 0.03641954758109023
60 120 0.3 0.35 4 4.5 715.1239507472592 0.03276313456046864
60 120 0.3 0.35 4.5 5 659.1066538737321 0.02956300757568897
60 120 0.3 0.35 5 5.5 607.9486618612432 0.02678567315331293
60 120 0.3 0.35 5.5 6 561.7952088250208 0.02436903343163976
60 120 0.3 0.35 6 6.5 520.3510896389594 0.02218661520714704
60 120 0.3 0.35 6.5 7 483.1643758661288 0.02035996307364485
60 120 0.3 0.35 7 7.5 449.7558406171556 0.01868830373990704
60 120 0.3 0.35 7.5 8 419.6745422319053 0.01724098588567813
60 120 0.3 0.35 8 8.5 392.5143252226474 0.01598773253482477
60 120 0.3 0.35 8.5 9 367.9202429932121 0.01481213321937958
60 120 0.3 0.35 9 9.5 345.5853960377154 0.01378573073299094
60 120 0.3 0.35 9.5 10 325.2431813863554 0.01286996784199346
60 120 0.3 0.35 10 10.5 306.6605732895904 0.01446161515804079
60 120 0.3 0.35 10.5 11 289.6388726821854 0.01270056214480064
60 120 0.3 0.35 11 11.5 274.0043572214035 0.01102885134577036
60 120 0.3 0.35 11.5 12 259.6077739200369 0.009909734102450329
60 120 0.3 0.35 12 12.5 246.319158916355 0.009320028989549201
60 120 0.3 0.35 12.5 13 234.0260682972292 0.008796822378201341
60 120 0.3 0.35 13 13.5 222.6299147717661 0.008302525524015891
60 120 0.3 0.35 13.5 14 212.0441233734286 0.007843393288084144
60 120 0.3 0.35 14 14.5 202.1910618471433 0.007424739211245424
60 120 0.3 0.35 14.5 15 193.0035094246398 0.007038988975637039
60 120 0.3 0.35 15 16 360.8103875074609 0.01301053362351468
60 120 0.3 0.35 16 17 330.6624124826304 0.01175250810331363
60 120 0.3 0.35 17 18 304.0701837359545 0.01064718906195594
60 120 0.3 0.35 18 19 280.4875453540856 0.00968651313388591
60 120 0.3 0.35 19 20 259.4686421109204 0.008831629538690322
60 120 0.3 0.35 20 21 240.6478373636042 0.008082737368454218
60 120 0.3 0.35 21 22 223.723422736865 0.01049307605953231
60 120 0.3 0.35 22 23 208.445157606861 0.008827913640573115
60 120 0.3 0.35 23 24 194.6041422802719 0.007590729297305643
60 120 0.3 0.35 24 25 182.0238200789072 0.006469253957931187
60 120 0.3 0.35 25 26 170.5543085929656 0.005651575706735912
60 120 0.3 0.35 26 27 160.066400420022 0.00492705002542948
60 120 0.3 0.35 27 28 150.450101808395 0.004560530694902809
60 120 0.3 0.35 28 29 141.6107167405464 0.004229087783073737
60 120 0.3 0.35 29 30 133.4664743264577 0.003925869430304374
60 120 0.3 0.35 30 31 125.9462035742234 0.003645446963886911
60 120 0.3 0.35 31 32 118.9880975815878 0.003393481502769191
60 120 0.3 0.35 32 33 112.5372882817442 0.003157843712102704
60 120 0.3 0.35 33 34 106.5455920325988 0.002940964808715307
60 120 0.3 0.35 34 35 100.9703212416714 0.002743946214721404
60 120 0.3 0.35 35 36 95.77414670624836 0.002560101606079002
60 120 0.3 0.35 36 37 90.92365452991628 0.002389846594169853
60 120 0.3 0.35 37 38 86.38929414038894 0.002234758550798688
60 120 0.3 0.35 38 39 82.14469125909898 0.002089786290611073
60 120 0.3 0.35 39 40 78.16608970417222 0.001955411869374757
60 120 0.3 0.35 40 42 145.3562129207727 0.006708158941734155
60 120 0.3 0.35 42 44 132.1388009470805 0.00531190278803706
60 120 0.3 0.35 44 46 120.4057792011945 0.00418417058108389
60 120 0.3 0.35 46 48 109.9500643811456 0.003271150908048526
60 120 0.3 0.35 48 50 100.6003237848846 0.002470748300936521
60 120 0.3 0.35 50 52 92.21329436920755 0.001917485323588153
60 120 0.3 0.35 52 54 84.66729038306529 0.00170112861307814
60 120 0.3 0.35 54 56 77.85967678344977 0.001516467399014232
60 120 0.3 0.35 56 58 71.70329217930204 0.001355226427278922
60 120 0.3 0.35 58 60 66.12361199807278 0.001213271171820907
60 120 0.3 0.35 60 65 144.1254779115505 0.002517222990519485
60 120 0.3 0.35 65 70 118.9215591346376 0.004831955243673747
60 120 0.3 0.35 70 80 181.2468634259115 0.002705965468948079
60 120 0.3 0.35 80 90 127.7103387520371 0.00171270017889924
60 120 0.3 0.35 90 100 91.71675489856609 0.001139451418978865
60 120 0.35 0.4 0 0.5 -0.825619929294709 1.869838146761893e-05
60 120 0.35 0.4 0.5 1 -1108.909342637517 0.03958558231443021
60 120 0.35 0.4 1 1.5 1.822387407417258 4.860019489250078e-05
60 120 0.35 0.4 1.5 2 724.3047112618652 0.03509603229849745
60 120 0.35 0.4 2 2.5 878.00567643489 0.02409590304887388
60 120 0.35 0.4 2.5 3 878.3776057517489 0.01732802469450689
60 120 0.35 0.4 3 3.5 832.1549895870291 0.04055258744949697
60 120 0.35 0.4 3.5 4 773.3231426687706 0.03651803803484199
60 120 0.35 0.4 4 4.5 713.8337843457283 0.03276808041982804
60 120 0.35 0.4 4.5 5 657.9054161310423 0.0295514871903606
60 120 0.35 0.4 5 5.5 606.8321107319485 0.02671026927816911
60 120 0.35 0.4 5.5 6 560.7617460092961 0.02427941960831959
60 120 0.35 0.4 6 6.5 519.3972890728622 0.02219245743492593
60 120 0.35 0.4 6.5 7 482.281680673248 0.02030540201934627
60 120 0.35 0.4 7 7.5 448.9365458888843 0.01870109907366668
60 120 0.35 0.4 7.5 8 418.9099106611756 0.01722167652565076
60 120 0.35 0.4 8 8.5 391.7991361811309 0.0159147235614796
60 120 0.35 0.4 8.5 9 367.2514289736341 0.01478053197888585
60 120 0.35 0.4 9 9.5 344.9592186386304 0.01373001048125388
60 120 0.35 0.4 9.5 10 324.6548809494727 0.01280390711900736
60 120 0.35 0.4 10 10.5 306.1070988786528 0.0146305591268856
60 120 0.35 0.4 10.5 11 289.1160405728133 0.01257565523422954
60 120 0.35 0.4 11 11.5 273.5097757877033 0.01111656613375089
60 120 0.35 0.4 11.5 12 259.1383782995387 0.009889047726005629
60 120 0.35 0.4 12 12.5 245.8742060742673 0.009310217124863129
60 120 0.35 0.4 12.5 13 233.6039320386584 0.008771831948223507
60 120 0.35 0.4 13 13.5 222.2298997347133 0.008275771904777685
60 120 0.35 0.4 13.5 14 211.6635316534102 0.007829576288571616
60 120 0.35 0.4 14 14.5 201.8289067772107 0.007413309903938625
60 120 0.35 0.4 14.5 15 192.6576666298189 0.00702095094831634
60 120 0.35 0.4 15 16 360.1644503680328 0.01298726079528478
60 120 0.35 0.4 16 17 330.0710884410044 0.01174298884859581
60 120 0.35 0.4 17 18 303.5282867686166 0.01064207396444772
60 120 0.35 0.4 18 19 279.9897567616417 0.009684634081395416
60 120 0.35 0.4 19 20 259.0089511657374 0.008825790285470703
60 120 0.35 0.4 20 21 240.2212943675466 0.0080753871383763
60 120 0.35 0.4 21 22 223.3265908793577 0.01044403683428641
60 120 0.35 0.4 22 23 208.0754098723046 0.008853124061943163
60 120 0.35 0.4 23 24 194.259394410534 0.007489130495855534
60 120 0.35 0.4 24 25 181.7023660253842 0.006558359986371443
60 120 0.35 0.4 25 26 170.2528979315975 0.005618632776645427
60 120 0.35 0.4 26 27 159.7832564547104 0.004929714978516131
60 120 0.35 0.4 27 28 150.1834159896666 0.004559284045086542
60 120 0.35 0.4 28 29 141.3593339589617 0.004223948182584536
60 120 0.35 0.4 29 30 133.2291402479202 0.003921259618465456
60 120 0.35 0.4 30 31 125.7224520503094 0.003642425200382604
60 120 0.35 0.4 31 32 118.7765736003959 0.003386556370898575
60 120 0.35 0.4 32 33 112.336864576899 0.003153979598437218
60 120 0.35 0.4 33 34 106.3551105500122 0.002937467390808024
60 120 0.35 0.4 34 35 100.7892079112631 0.002739422713574413
60 120 0.35 0.4 35 36 95.60167662044493 0.002556985636715581
60 120 0.35 0.4 36 37 90.75930708215382 0.002387585241308443
60 120 0.35 0.4 37 38 86.23272501540607 0.002231657513831919
60 120 0.35 0.4 38 39 81.99549192063203 0.002087401680412881
60 120 0.35 0.4 39 40 78.02395433022248 0.001953604381384366
60 120 0.35 0.4 40 42 145.0905865658433 0.00667530723450227
60 120 0.35 0.4 42 44 131.895526530257 0.005319724513981328
60 120 0.35 0.4 44 46 120.1826500818614 0.00415372016654203
60 120 0.35 0.4 46 48 109.745603355779 0.003196937115433229
60 120 0.35 0.4 48 50 100.4132537604998 0.002531571031568092
60 120 0.35 0.4 50 52 92.0411941740871 0.00191041552479021
60 120 0.35 0.4 52 54 84.50845047063966 0.001699613023234292
60 120 0.35 0.4 54 56 77.71289739874042 0.001515019386545191
60 120 0.35 0.4 56 58 71.56777609136124 0.00135346780183454
60 120 0.35 0.4 58 60 65.99868557381313 0.0012118819484499
60 120 0.35 0.4 60 65 143.8522550998446 0.002515292067329256
60 120 0.35 0.4 65 70 118.6943162089196 0.004936603910920212
60 120 0.35 0.4 70 80 180.8997090607601 0.002703929273280892
60 120 0.35 0.4 80 90 127.4642653238321 0.001711739584038696
60 120 0.35 0.4 90 100 91.5391546080761 0.00112409827937654
60 120 0.4 0.45 0 0.5 -0.8234561159755759 1.92255768360905e-05
60 120 0.4 0.45 0.5 1 -1104.996398171408 0.01087422387422521
60 120 0.4 0.45 1 1.5 3.819461260613302 4.833068170162491e-05
60 120 0.4 0.45 1.5 2 724.1351844558063 0.00269723262658772
60 120 0.4 0.45 2 2.5 877.136124983778 0.03857670538764069
60 120 0.4 0.45 2.5 3 877.2761213853374 0.02602138905751872
60 120 0.4 0.45 3 3.5 830.9951742530476 0.04042057584342729
60 120 0.4 0.45 3.5 4 772.1905937385644 0.03619077046846542
60 120 0.4 0.45 4 4.5 712.7503675985457 0.03262207492184643
60 120 0.4 0.45 4.5 5 656.8769987191225 0.02941577961371422
60 120 0.4 0.45 5 5.5 605.8592156446819 0.02673741327464541
60 120 0.4 0.45 5.5 6 559.8464334528984 0.0242726608501016
60 120 0.4 0.45 6 6.5 518.5374271853772 0.02217835347801156
60 120 0.4 0.45 6.5 7 481.4739457701782 0.02030323614155805
60 120 0.4 0.45 7 7.5 448.1769325056282 0.01866293673577957
60 120 0.4 0.45 7.5 8 418.1953166652289 0.01724329148174775
60 120 0.4 0.45 8 8.5 391.1263155852425 0.01594646197571592
60 120 0.4 0.45 8.5 9 366.6184111744143 0.01480737367967322
60 120 0.4 0.45 9 9.5 344.3628003580746 0.01377484012806462
60 120 0.4 0.45 9.5 10 324.0907052865059 0.01283226743527166
60 120 0.4 0.45 10 10.5 305.5726640505645 0.01464323565977566
60 120 0.4 0.45 10.5 11 288.6080275930036 0.01263738050118945
60 120 0.4 0.45 11 11.5 273.0257817316016 0.01098521684849629
60 120 0.4 0.45 11.5 12 258.6779111105377 0.009888060036928437
60 120 0.4 0.45 12 12.5 245.4356006699018 0.009307696099284613
60 120 0.4 0.45 12.5 13 233.1867341896357 0.00877995494033712
60 120 0.4 0.45 13 13.5 221.8313712569548 0.00828873374024397
60 120 0.4 0.45 13.5 14 211.2824285959068 0.007833936195737579
60 120 0.4 0.45 14 14.5 201.4635423235868 0.007414478583370965
60 120 0.4 0.45 14.5 15 192.3069877979227 0.007026816171560313
60 120 0.4 0.45 15 16 359.5037606418653 0.01298462217954466
60 120 0.4 0.45 16 17 329.4607568201997 0.01173284966034771
60 120 0.4 0.45 17 18 302.9641395139352 0.01063368725289138
60 120 0.4 0.45 18 19 279.4658499844864 0.009674256115317803
60 120 0.4 0.45 19 20 258.5208293769465 0.008825243289493301
60 120 0.4 0.45 20 21 239.7649072523288 0.008068242772907297
60 120 0.4 0.45 21 22 222.8990080574602 0.01033276603595823
60 120 0.4 0.45 22 23 207.674979358162 0.008790184055641248
60 120 0.4 0.45 23 24 193.884106956945 0.007561702286977834
60 120 0.4 0.45 24 25 181.348960968698 0.006515011677265647
60 120 0.4 0.45 25 26 169.9194922944205 0.005666003650134144
60 120 0.4 0.45 26 27 159.4678397989966 0.004915988109530645
60 120 0.4 0.45 27 28 149.8850051658226 0.004551481379706956
60 120 0.4 0.45 28 29 141.0767255817898 0.00421860062971291
60 120 0.4 0.45 29 30 132.9620727409928 0.003915858572838715
60 120 0.4 0.45 30 31 125.4693715227382 0.00363747575539719
60 120 0.4 0.45 31 32 118.536334947987 0.003381815527689014
60 120 0.4 0.45 32 33 112.1083565580017 0.003148521026517415
60 120 0.4 0.45 33 34 106.137631495709 0.002932667289414326
60 120 0.4 0.45 34 35 100.5820255474071 0.002734896515136143
60 120 0.4 0.45 35 36 95.40417595298044 0.002553215546015508
60 120 0.4 0.45 36 37 90.57126513912577 0.002384076495872023
60 120 0.4 0.45 37 38 86.05366631193618 0.002228947125828995
60 120 0.4 0.45 38 39 81.82487692603479 0.002085322445807947
60 120 0.4 0.45 39 40 77.86099534778744 0.001951481152616452
60 120 0.4 0.45 40 42 144.7856856211636 0.006663622056777285
60 120 0.4 0.45 42 44 131.6160721075924 0.005251353961909899
60 120 0.4 0.45 44 46 119.9265381088223 0.004098779810988162
60 120 0.4 0.45 46 48 109.5112890331243 0.00323218120395552
60 120 0.4 0.45 48 50 100.198034304703 0.002515418740898667
60 120 0.4 0.45 50 52 91.84290563957722 0.001921802998282374
60 120 0.4 0.45 52 54 84.32547760422926 0.001697562268205388
60 120 0.4 0.45 54 56 77.54414149372313 0.001513153268732026
60 120 0.4 0.45 56 58 71.4123083359535 0.001352060654383536
60 120 0.4 0.45 58 60 65.85512339690803 0.00121043582542768
60 120 0.4 0.45 60 65 143.5370985230055 0.002512380268569814
60 120 0.4 0.45 65 70 118.4329389295067 0.005005157835583418
60 120 0.4 0.45 70 80 180.4993384110086 0.002701946545613509
60 120 0.4 0.45 80 90 127.1809079409325 0.001710467583848185
60 120 0.4 0.45 90 100 91.33463691316098 0.001123397438931306
60 120 0.45 0.5 0 0.5 -0.8209297444329348 1.942588407788381e-05
60 120 0.45 0.5 0.5 1 -1099.115005652014 0.02150159145935504
60 120 0.45 0.5 1 1.5 7.774845949254924 0.0001137137590099258
60 120 0.45 0.5 1.5 2 725.0395096652494 0.003915560941095464
60 120 0.45 0.5 2 2.5 876.9797977279385 0.007956367770361794
60 120 0.45 0.5 2.5 3 876.6557287755081 0.007472239525554869
60 120 0.45 0.5 3 3.5 830.1659776892222 0.0406532098079424
60 120 0.45 0.5 3.5 4 771.2833484063437 0.03655751777580463
60 120 0.45 0.5 4 4.5 711.8236462227272 0.03276477753104245
60 120 0.45 0.5 4.5 5 655.9581816693969 0.02953007951691689
60 120 0.45 0.5 5 5.5 604.964863756384 0.02668947228437446
60 120 0.45 0.5 5.5 6 558.9884693951506 0.02429015978987081
60 120 0.45 0.5 6 6.5 517.7153428874745 0.02217642894538585
60 120 0.45 0.5 6.5 7 480.6876028883757 0.02033528629760895
60 120 0.45 0.5 7 7.5 447.4242894089728 0.0186967993458893
60 120 0.45 0.5 7.5 8 417.476083416975 0.01723631866076403
60 120 0.45 0.5 8 8.5 390.441407477907 0.01594257251753106
60 120 0.45 0.5 8.5 9 365.9672273215013 0.01478060309284501
60 120 0.45 0.5 9 9.5 343.7429977379553 0.01374341337003671
60 120 0.45 0.5 9.5 10 323.5006890904846 0.0128233349664697
60 120 0.45 0.5 10 10.5 305.0085798153514 0.01446398297628093
60 120 0.45 0.5 10.5 11 288.0688015015979 0.01269465620760002
60 120 0.45 0.5 11 11.5 272.5097303715646 0.01084753036394659
60 120 0.45 0.5 11.5 12 258.1847981297083 0.009885868562435007
60 120 0.45 0.5 12 12.5 244.9644783805905 0.009299199683567849
60 120 0.45 0.5 12.5 13 232.7359239480894 0.008765528128407141
60 120 0.45 0.5 13 13.5 221.398688934079 0.008269062952706463
60 120 0.45 0.5 13.5 14 210.8671411652422 0.007814549285200201
60 120 0.45 0.5 14 14.5 201.0640682769823 0.007396676207577002
60 120 0.45 0.5 14.5 15 191.9229501804232 0.007010502096591154
60 120 0.45 0.5 15 16 358.7778953517862 0.01296615962581882
60 120 0.45 0.5 16 17 328.7881594892706 0.01171456589008812
60 120 0.45 0.5 17 18 302.3395542066978 0.01061716514169575
60 120 0.45 0.5 18 19 278.8832891911165 0.009653500434353646
60 120 0.45 0.5 19 20 257.9751894838159 0.008804643884673169
60 120 0.45 0.5 20 21 239.2535718322096 0.008050186258117265
60 120 0.45 0.5 21 22 222.4197021947388 0.01029101331465654
60 120 0.45 0.5 22 23 207.2258244506302 0.008767809598083431
60 120 0.45 0.5 23 24 193.4620604778448 0.007600758238993421
60 120 0.45 0.5 24 25 180.9510857434519 0.006490998615532817
60 120 0.45 0.5 25 26 169.5437688759745 0.005628310983752272
60 120 0.45 0.5 26 27 159.1127519697106 0.004904925524726877
60 120 0.45 0.5 27 28 149.549200920677 0.004540197913627253
60 120 0.45 0.5 28 29 140.7594834412347 0.004211037973504972
60 120 0.45 0.5 29 30 132.6617186725391 0.00390799038507339
60 120 0.45 0.5 30 31 125.1844218845093 0.003631174907923196
60 120 0.45 0.5 31 32 118.2655664506309 0.003377464744389158
60 120 0.45 0.5 32 33 111.8507315529611 0.003144654780314227
60 120 0.45 0.5 33 34 105.8924690853666 0.002930243375544705
60 120 0.45 0.5 34 35 100.3485656295825 0.00273276628101371
60 120 0.45 0.5 35 36 95.18216784854451 0.002550951907750232
60 120 0.45 0.5 36 37 90.36000137392475 0.002381947683858243
60 120 0.45 0.5 37 38 85.85238372720005 0.002226704319838291
60 120 0.45 0.5 38 39 81.63275511775183 0.002082490160120187
60 120 0.45 0.5 39 40 77.67738554472453 0.001948530757090339
60 120 0.45 0.5 40 42 144.4421275701454 0.006657609713499824
60 120 0.45 0.5 42 44 131.3015330452145 0.00518400028155952
60 120 0.45 0.5 44 46 119.6389630244367 0.004093475527099599
60 120 0.45 0.5 46 48 109.2475070748034 0.003258780016878404
60 120 0.45 0.5 48 50 99.95505836001063 0.002505208274484971
60 120 0.45 0.5 50 52 91.61880655796814 0.001905643044111116
60 120 0.45 0.5 52 54 84.11896211323821 0.001695315936913744
60 120 0.45 0.5 54 56 77.35410442125472 0.001511325409353503
60 120 0.45 0.5 56 58 71.23695166318576 0.001350174440887031
60 120 0.45 0.5 58 60 65.69260030110519 0.001208656938274544
60 120 0.45 0.5 60 65 143.1806420058981 0.002509215077225235
60 120 0.45 0.5 65 70 118.138115991388 0.004823580900321645
60 120 0.45 0.5 70 80 180.0462267677311 0.002699273520704537
60 120 0.45 0.5 80 90 126.8602021041663 0.001709018749380675
60 120 0.45 0.5 90 100 91.10353346520935 0.001122647504914198
60 120 0.5 0.55 0 0.5 -0.8180534061417607 1.893086415838408e-05
60 120 0.5 0.55 0.5 1 -1092.432698635699 0.02311773920655469
60 120 0.5 0.55 1 1.5 12.27330000708482 0.0002151145645648
60 120 0.5 0.55 1.5 2 726.058235247629 0.0055809400707858
60 120 0.5 0.55 2 2.5 876.7898543729134 0.0007569022253619551
60 120 0.5 0.55 2.5 3 875.9605584564986 0.003639013256133694
60 120 0.5 0.55 3 3.5 829.2578982463779 0.04063389590783117
60 120 0.5 0.55 3.5 4 770.2889897670211 0.03639088698957949
60 120 0.5 0.55 4 4.5 710.8014589582283 0.0327217208437105
60 120 0.5 0.55 4.5 5 654.9391876700126 0.02952313241826232
60 120 0.5 0.55 5 5.5 603.9732972004222 0.02670955963253618
60 120 0.5 0.55 5.5 6 558.0345179321556 0.02424967205718076
60 120 0.5 0.55 6 6.5 516.802144531373 0.02210885659167161
60 120 0.5 0.55 6.5 7 479.8140895193026 0.02024475148010652
60 120 0.5 0.55 7 7.5 446.588714889837 0.01861878093296809
60 120 0.5 0.55 7.5 8 416.6781085044811 0.01718499890512248
60 120 0.5 0.55 8 8.5 389.6829614236239 0.01590120332832612
60 120 0.5 0.55 8.5 9 365.2452013957854 0.01475758415756445
60 120 0.5 0.55 9 9.5 343.0544107154015 0.01372206062404757
60 120 0.5 0.55 9.5 10 322.8429138328793 0.01278746205144898
60 120 0.5 0.55 10 10.5 304.3792973303761 0.01447399140334937
60 120 0.5 0.55 10.5 11 287.466988280565 0.01250895112241324
60 120 0.5 0.55 11 11.5 271.9354639894522 0.01089897794946637
60 120 0.5 0.55 11.5 12 257.6366718192663 0.0098501152314725
60 120 0.5 0.55 12 12.5 244.440970614884 0.009272239452712938
60 120 0.5 0.55 12.5 13 232.233810663838 0.008740583237653254
60 120 0.5 0.55 13 13.5 220.9175081643712 0.008252334739495382
60 120 0.5 0.55 13.5 14 210.4046558645078 0.007798419633928688
60 120 0.5 0.55 14 14.5 200.6195388325292 0.007378704800061087
60 120 0.5 0.55 14.5 15 191.4951723597513 0.00699005632353078
60 120 0.5 0.55 15 16 357.970936827421 0.01291941962421106
60 120 0.5 0.55 16 17 328.0416680805733 0.01166668611244859
60 120 0.5 0.55 17 18 301.6458575515603 0.0105779989784196
60 120 0.5 0.55 18 19 278.236161846653 0.009624340284460686
60 120 0.5 0.55 19 20 257.3701000979399 0.008779994131828062
60 120 0.5 0.55 20 21 238.6867932330238 0.00802783996408607
60 120 0.5 0.55 21 22 221.8895807223911 0.01033898325837868
60 120 0.5 0.55 22 23 206.7283666817019 0.008825149712208713
60 120 0.5 0.55 23 24 192.9934855920091 0.007515680865225249
60 120 0.5 0.55 24 25 180.5092640045027 0.006525126771236955
60 120 0.5 0.55 25 26 169.1264535459759 0.005561499625940769
60 120 0.5 0.55 26 27 158.7186550613492 0.004904905315498809
60 120 0.5 0.55 27 28 149.1771676717789 0.004539122709218191
60 120 0.5 0.55 28 29 140.4079262147952 0.004208009441015292
60 120 0.5 0.55 29 30 132.3284755417971 0.003904777856718056
60 120 0.5 0.55 30 31 124.8681622010607 0.003629033935993675
60 120 0.5 0.55 31 32 117.9648840676691 0.003375079920715507
60 120 0.5 0.55 32 33 111.564885487406 0.003141087101013795
60 120 0.5 0.55 33 34 105.6204066937575 0.002926133818704102
60 120 0.5 0.55 34 35 100.0899905622443 0.002727589703070521
60 120 0.5 0.55 35 36 94.93620218587999 0.002545248706155689
60 120 0.5 0.55 36 37 90.12567392616846 0.002377185084384337
60 120 0.5 0.55 37 38 85.62879002895859 0.002221916449400396
60 120 0.5 0.55 38 39 81.41909134030493 0.002078304560413358
60 120 0.5 0.55 39 40 77.473202820358 0.001945365168751323
60 120 0.5 0.55 40 42 144.0602225099206 0.006530377838174672
60 120 0.5 0.55 42 44 130.9529116974059 0.005182238137194872
60 120 0.5 0.55 44 46 119.31998649117 0.004147070595919899
60 120 0.5 0.55 46 48 108.9541602612814 0.003223740827564825
60 120 0.5 0.55 48 50 99.68477693170922 0.00247898910913591
60 120 0.5 0.55 50 52 91.36983810388674 0.001902053703602746
60 120 0.5 0.55 52 54 83.88995447502735 0.001692574828368265
60 120 0.5 0.55 54 56 77.14287706456072 0.001509193197321679
60 120 0.5 0.55 56 58 71.04140360360115 0.001348235903677164
60 120 0.5 0.55 58 60 65.51150032809635 0.001207006491469542
60 120 0.5 0.55 60 65 142.784285892574 0.002506546103120399
60 120 0.5 0.55 65 70 117.8094618795752 0.004780241060771573
60 120 0.5 0.55 70 80 179.5415067075962 0.002696459082443425
60 120 0.5 0.55 80 90 126.502265666844 0.001707375521135646
60 120 0.5 0.55 90 100 90.84590276136909 0.001121883856129102
60 120 0.55 0.6 0 0.5 -0.8147843471472759 1.905695165715926e-05
60 120 0.55 0.6 0.5 1 -1085.180160331962 0.02620104266156886
60 120 0.55 0.6 1 1.5 17.23114191179464 0.0001605727942930457
60 120 0.55 0.6 1.5 2 727.1999228540853 0.008338042891523401
60 120 0.55 0.6 2 2.5 876.5712533655247 0.001426004406198444
60 120 0.55 0.6 2.5 3 875.1740621031358 0.002252020940659349
60 120 0.55 0.6 3 3.5 828.2413413024515 0.04006818066307005
60 120 0.55 0.6 3.5 4 769.1877884762681 0.03601217047958016
60 120 0.55 0.6 4 4.5 709.6792774577369 0.03234533160718911
60 120 0.55 0.6 4.5 5 653.8268891277305 0.02914640176584271
60 120 0.55 0.6 5 5.5 602.8933441004152 0.0264111394583324
60 120 0.55 0.6 5.5 6 556.993587145416 0.02404382582790277
60 120 0.55 0.6 6 6.5 515.803396607533 0.02196606105928822
60 120 0.55 0.6 6.5 7 478.8570852301781 0.0201324278972379
60 120 0.55 0.6 7 7.5 445.6736511022933 0.01849924845680562
60 120 0.55 0.6 7.5 8 415.8073595657021 0.01705840498703992
60 120 0.55 0.6 8 8.5 388.8546187885474 0.01577835434358121
60 120 0.55 0.6 8.5 9 364.4563280694496 0.01464969133979821
60 120 0.55 0.6 9 9.5 342.3011126900435 0.01363838629765723
60 120 0.55 0.6 9.5 10 322.1218323171447 0.01272362852847664
60 120 0.55 0.6 10 10.5 303.6903896875026 0.01454281122801149
60 120 0.55 0.6 10.5 11 286.8084346868328 0.01230973725313333
60 120 0.55 0.6 11 11.5 271.3072735096546 0.01089668858435289
60 120 0.55 0.6 11.5 12 257.0364634291461 0.009828962924473217
60 120 0.55 0.6 12 12.5 243.8661342909444 0.009251261847794012
60 120 0.55 0.6 12.5 13 231.6830922196584 0.008719051385440935
60 120 0.55 0.6 13 13.5 220.3890226194162 0.008231991332138477
60 120 0.55 0.6 13.5 14 209.8969131123039 0.007784125297831679
60 120 0.55 0.6 14 14.5 200.1319178026134 0.007369192180078699
60 120 0.55 0.6 14.5 15 191.026434166694 0.006984912539735433
60 120 0.55 0.6 15 16 357.0881382040562 0.01292665410682048
60 120 0.55 0.6 16 17 327.2240434156402 0.01168030129798581
60 120 0.55 0.6 17 18 300.8847987915593 0.01059062901299512
60 120 0.55 0.6 18 19 277.5254117760719 0.009630982296016555
60 120 0.55 0.6 19 20 256.7058961964763 0.008783771119965422
60 120 0.55 0.6 20 21 238.066576095369 0.008034456966015568
60 120 0.55 0.6 21 22 221.3089265862614 0.01025958484777334
60 120 0.55 0.6 22 23 206.1829295549673 0.008827143150966776
60 120 0.55 0.6 23 24 192.4798613971061 0.007528227407789245
60 120 0.55 0.6 24 25 180.0246700317013 0.00643710640352424
60 120 0.55 0.6 25 26 168.6692463234072 0.005555925897738234
60 120 0.55 0.6 26 27 158.2872550654856 0.004891021658011141
60 120 0.55 0.6 27 28 148.7698424058865 0.004528775465388435
60 120 0.55 0.6 28 29 140.021945234144 0.004198297291821973
60 120 0.55 0.6 29 30 131.9625207807179 0.003896455522436781
60 120 0.55 0.6 30 31 124.520497321896 0.003619095886094215
60 120 0.55 0.6 31 32 117.634634141652 0.003365809601277192
60 120 0.55 0.6 32 33 111.2509052821102 0.003133748715001161
60 120 0.55 0.6 33 34 105.3223807853998 0.002921501285513273
60 120 0.55 0.6 34 35 99.80672631799241 0.002725181424935386
60 120 0.55 0.6 35 36 94.66638443665569 0.002544342422439172
60 120 0.55 0.6 36 37 89.86828973665388 0.002376460822546278
60 120 0.55 0.6 37 38 85.38293417601417 0.00222088139008747
60 120 0.55 0.6 38 39 81.18428816267385 0.002077138130459844
60 120 0.55 0.6 39 40 77.24878000592436 0.001943570089707691
60 120 0.55 0.6 40 42 143.6412036459985 0.006468187383944723
60 120 0.55 0.6 42 44 130.5704074183554 0.005197899575534848
60 120 0.55 0.6 44 46 118.9690327906377 0.004128230444266023
60 120 0.55 0.6 46 48 108.6313554447872 0.003209823463024009
60 120 0.55 0.6 48 50 99.38784989933214 0.002413732805976565
60 120 0.55 0.6 50 52 91.09702275921855 0.001899672472561065
60 120 0.55 0.6 52 54 83.63853303653504 0.001689922938865607
60 120 0.55 0.6 54 56 76.91030243617517 0.0015066877460157
60 120 0.55 0.6 56 58 70.82609407007719 0.001346314601263998
60 120 0.55 0.6 58 60 65.31221656237643 0.001205459760512895
60 120 0.55 0.6 60 65 142.3489991436988 0.002503052612723877
60 120 0.55 0.6 65 70 117.4471515906674 0.004909779199195441
60 120 0.55 0.6 70 80 178.9860530645907 0.002693185912221452
60 120 0.55 0.6 80 90 126.1080490980038 0.001705867150533891
60 120 0.55 0.6 90 100 90.56169965235365 0.00112088948671385
60 120 0.6 0.65 0 0.5 -0.8112268721860719 1.874557738579252e-05
60 120 0.6 0.65 0.5 1 -1077.303259248009 0.02900909725531164
60 120 0.6 0.65 1 1.5 22.62336668311979 0.0002328292925248832
60 120 0.6 0.65 1.5 2 728.5179165679351 0.006263370643523558
60 120 0.6 0.65 2 2.5 876.3834095113597 0.001696130913160232
60 120 0.6 0.65 2.5 3 874.3466298036916 0.001372584909631769
60 120 0.6 0.65 3 3.5 827.151867293745 0.04057377358401482
60 120 0.6 0.65 3.5 4 767.9946656457809 0.03644770330561187
60 120 0.6 0.65 4 4.5 708.4555852647583 0.03277811420241505
60 120 0.6 0.65 4.5 5 652.6174575183445 0.02954793279297974
60 120 0.6 0.65 5 5.5 601.7229504193602 0.02671788988754997
60 120 0.6 0.65 5.5 6 555.8692627979251 0.02424742185337436
60 120 0.6 0.65 6 6.5 514.725045627927 0.02210032473601586
60 120 0.6 0.65 6.5 7 477.8223852010998 0.02024135199206967
60 120 0.6 0.65 7 7.5 444.6856468797331 0.01861069732296983
60 120 0.6 0.65 7.5 8 414.8682089595852 0.01717097636151266
60 120 0.6 0.65 8 8.5 387.9596427757475 0.01587686257278165
60 120 0.6 0.65 8.5 9 363.6017461139467 0.01471937688279468
60 120 0.6 0.65 9 9.5 341.4846085148811 0.01367502933499054
60 120 0.6 0.65 9.5 10 321.3412891737573 0.01273571369881665
60 120 0.6 0.65 10 10.5 302.9441101926304 0.01427095717900784
60 120 0.6 0.65 10.5 11 286.0968304138214 0.012482295119014
60 120 0.6 0.65 11 11.5 270.6270701148619 0.0107874446566143
60 120 0.6 0.65 11.5 12 256.3855341926218 0.009818002336317022
60 120 0.6 0.65 12 12.5 243.2419203818647 0.00924109475644741
60 120 0.6 0.65 12.5 13 231.0844964210466 0.008713050584134407
60 120 0.6 0.65 13 13.5 219.8136519862682 0.008223821681184518
60 120 0.6 0.65 13.5 14 209.3447349508568 0.007771722025239569
60 120 0.6 0.65 14 14.5 199.6011723148244 0.007352363974746368
60 120 0.6 0.65 14.5 15 190.5172607880605 0.006964379314553071
60 120 0.6 0.65 15 16 356.1290778309336 0.01287338387567161
60 120 0.6 0.65 16 17 326.3349118448699 0.01162805379999554
60 120 0.6 0.65 17 18 300.0570193894578 0.01054639395943013
60 120 0.6 0.65 18 19 276.7530551507218 0.009594726274542609
60 120 0.6 0.65 19 20 255.9847034180719 0.008752675923716424
60 120 0.6 0.65 20 21 237.3930581507864 0.008003982432569501
60 120 0.6 0.65 21 22 220.6773166890063 0.0103439653648536
60 120 0.6 0.65 22 23 205.5888775527858 0.008722086879657809
60 120 0.6 0.65 23 24 191.920612767239 0.007514897401534881
60 120 0.6 0.65 24 25 179.4977168771084 0.006370457392108619
60 120 0.6 0.65 25 26 168.1728660880275 0.005503170069147245
60 120 0.6 0.65 26 27 157.8192062227733 0.004892591396810531
60 120 0.6 0.65 27 28 148.3270014340588 0.004530034984611575
60 120 0.6 0.65 28 29 139.6024387909121 0.004199638249019699
60 120 0.6 0.65 29 30 131.5642426513233 0.003897316017202002
60 120 0.6 0.65 30 31 124.1423529189276 0.003620826895840423
60 120 0.6 0.65 31 32 117.2755033112797 0.003366872262247966
60 120 0.6 0.65 32 33 110.9102215777617 0.003132529227428904
60 120 0.6 0.65 33 34 104.998631752107 0.002916605091414226
60 120 0.6 0.65 34 35 99.49841144337185 0.002717777166566293
60 120 0.6 0.65 35 36 94.37249394245841 0.002535297757020771
60 120 0.6 0.65 36 37 89.58777876412471 0.002366882914458301
60 120 0.6 0.65 37 38 85.11522163720532 0.002212098285809816
60 120 0.6 0.65 38 39 80.92862949049132 0.002068926776757962
60 120 0.6 0.65 39 40 77.0048609386921 0.001936453782278136
60 120 0.6 0.65 40 42 143.1863147944003 0.006557463864027113
60 120 0.6 0.65 42 44 130.1538650491477 0.005230136993475298
60 120 0.6 0.65 44 46 118.5863184042363 0.004066770617470183
60 120 0.6 0.65 46 48 108.2797251906479 0.00313046663389116
60 120 0.6 0.65 48 50 99.06517343787691 0.002437223434071711
60 120 0.6 0.65 50 52 90.80014923819196 0.001895473012552884
60 120 0.6 0.65 52 54 83.36430007904478 0.001687085614932471
60 120 0.6 0.65 54 56 76.6566797478135 0.001504603034604202
60 120 0.6 0.65 56 58 70.59165891895888 0.001344607369347273
60 120 0.6 0.65 58 60 65.0956825123844 0.001203714296551084
60 120 0.6 0.65 60 65 141.8743823293524 0.002498869207300913
60 120 0.6 0.65 65 70 117.0522411400043 0.005036427522128406
60 120 0.6 0.65 70 80 178.3803388827489 0.002689763584214688
60 120 0.6 0.65 80 90 125.6782287838982 0.001703977900362474
60 120 0.6 0.65 90 100 90.25154183161786 0.00111985857962793
60 120 0.65 0.7 0 0.5 -0.8077103794678813 1.8586340887361e-05
60 120 0.65 0.7 0.5 1 -1068.752834852129 0.02608936746105428
60 120 0.65 0.7 1 1.5 28.43824128965044 0.0002815523074630732
60 120 0.65 0.7 1.5 2 729.9216893339858 0.001141767582112152
60 120 0.65 0.7 2 2.5 876.2117403047511 0.004301125646179571
60 120 0.65 0.7 2.5 3 873.4899941540092 0.004025646002560279
60 120 0.65 0.7 3 3.5 826.0000980815418 0.03944408991753789
60 120 0.65 0.7 3.5 4 766.7192491422338 0.03542724619649107
60 120 0.65 0.7 4 4.5 707.140650372016 0.03191996495297644
60 120 0.65 0.7 4.5 5 651.3151095989506 0.02888088078873352
60 120 0.65 0.7 5 5.5 600.459450364805 0.02622621993327812
60 120 0.65 0.7 5.5 6 554.6529682883964 0.02389790563120187
60 120 0.65 0.7 6 6.5 513.556342454344 0.02184405912294096
60 120 0.65 0.7 6.5 7 476.7049296176533 0.02003655760768197
60 120 0.65 0.7 7 7.5 443.6233968403046 0.01842913032407978
60 120 0.65 0.7 7.5 8 413.8581329056066 0.01700998576006896
60 120 0.65 0.7 8 8.5 386.9973422518257 0.01574914781690495
60 120 0.65 0.7 8.5 9 362.6824709633644 0.01462800276851794
60 120 0.65 0.7 9 9.5 340.6053880086104 0.01362324776846435
60 120 0.65 0.7 9.5 10 320.5016233984836 0.01271695474878243
60 120 0.65 0.7 10 10.5 302.1426791543042 0.01409167134733025
60 120 0.65 0.7 10.5 11 285.3322060753753 0.0124965286760812
60 120 0.65 0.7 11 11.5 269.8957443600999 0.01083514340416514
60 120 0.65 0.7 11.5 12 255.6850008061171 0.009815234139722406
60 120 0.65 0.7 12 12.5 242.5703343272735 0.009238348954340836
60 120 0.65 0.7 12.5 13 230.4391279531447 0.008714039471470869
60 120 0.65 0.7 13 13.5 219.1941620380159 0.00823112699654871
60 120 0.65 0.7 13.5 14 208.7494260966727 0.007785169515955204
60 120 0.65 0.7 14 14.5 199.0299288597007 0.007373763965631497
60 120 0.65 0.7 14.5 15 189.9688763535012 0.006990619413812738
60 120 0.65 0.7 15 16 355.0937759395451 0.01293600195111821
60 120 0.65 0.7 16 17 325.3732242417485 0.01168784217844632
60 120 0.65 0.7 17 18 299.1617046640098 0.01059413576967927
60 120 0.65 0.7 18 19 275.9191839549184 0.00963225051526706
60 120 0.65 0.7 19 20 255.2083579608221 0.008785282153553453
60 120 0.65 0.7 20 21 236.6665539183544 0.008031933460443952
60 120 0.65 0.7 21 22 219.9954482627484 0.01029531749026091
60 120 0.65 0.7 22 23 204.9476928270458 0.008752297958608324
60 120 0.65 0.7 23 24 191.3167772895953 0.007371280655803503
60 120 0.65 0.7 24 25 178.9295424440854 0.006368864680808883
60 120 0.65 0.7 25 26 167.6376742889958 0.005507176231247968
60 120 0.65 0.7 26 27 157.3137048615649 0.00487484556418849
60 120 0.65 0.7 27 28 147.8485111840991 0.004511406249861238
60 120 0.65 0.7 28 29 139.1489045113844 0.004179658970883793
60 120 0.65 0.7 29 30 131.1341598313421 0.003877333734834565
60 120 0.65 0.7 30 31 123.7345154588017 0.00360110097298616
60 120 0.65 0.7 31 32 116.8888862520296 0.003348541136958261
60 120 0.65 0.7 32 33 110.5430705035999 0.003117201409438053
60 120 0.65 0.7 33 34 104.6491411078919 0.002905244588546907
60 120 0.65 0.7 34 35 99.16540441429453 0.002710284334639823
60 120 0.65 0.7 35 36 94.05472656234302 0.002529937512306901
60 120 0.65 0.7 36 37 89.28468114878333 0.002363246562339327
60 120 0.65 0.7 37 38 84.82607189162368 0.002209073568607778
60 120 0.65 0.7 38 39 80.65307245825979 0.002066491321613739
60 120 0.65 0.7 39 40 76.74211822144287 0.00193452792971982
60 120 0.65 0.7 40 42 142.6948564018815 0.006527888026681694
60 120 0.65 0.7 42 44 129.7033184782632 0.005155541977870826
60 120 0.65 0.7 44 46 118.1729097888734 0.004014349846627852
60 120 0.65 0.7 46 48 107.9007097631612 0.003116698663546913
60 120 0.65 0.7 48 50 98.71695080519842 0.002460389370696703
60 120 0.65 0.7 50 52 90.47882906949486 0.001893258472890125
60 120 0.65 0.7 52 54 83.06749690651199 0.001684638908898251
60 120 0.65 0.7 54 56 76.38272822118756 0.00150205461575581
60 120 0.65 0.7 56 58 70.33886654922415 0.001341734368622838
60 120 0.65 0.7 58 60 64.86186428735012 0.001201438267571575
60 120 0.65 0.7 60 65 141.3606135097738 0.0024955421731363
60 120 0.65 0.7 65 70 116.6259443579834 0.004994971572855889
60 120 0.65 0.7 70 80 177.7250168370459 0.002685918414812249
60 120 0.65 0.7 80 90 125.2131358892419 0.001701869727114058
60 120 0.65 0.7 90 100 89.91602613148464 0.001118727118537777
60 120 0.7 0.75 0 0.5 -0.804367113374198 1.895995424361363e-05
60 120 0.7 0.75 0.5 1 -1059.562418733427 0.02833164805224442
60 120 0.7 0.75 1 1.5 34.61286833720619 0.0001181670471481766
60 120 0.7 0.75 1.5 2 731.3476919549322 0.004400231764861928
60 120 0.7 0.75 2 2.5 875.9614687977393 0.00167397781967793
60 120 0.7 0.75 2.5 3 872.545383752357 0.003957457211072324
60 120 0.7 0.75 3 3.5 824.7615065144656 0.004734169804692101
60 120 0.7 0.75 3.5 4 765.3511710902765 0.03722042195624908
60 120 0.7 0.75 4 4.5 705.7275114339275 0.03331681086831395
60 120 0.7 0.75 4.5 5 649.9186042782909 0.02994644864247675
60 120 0.7 0.75 5 5.5 599.1015991698506 0.02705590170387495
60 120 0.7 0.75 5.5 6 553.341397716559 0.02457999383932474
60 120 0.7 0.75 6 6.5 512.2950779772705 0.02242438801772551
60 120 0.7 0.75 6.5 7 475.5013454757868 0.02053065449865699
60 120 0.7 0.75 7 7.5 442.4799256225235 0.01886053170994728
60 120 0.7 0.75 7.5 8 412.7690617390849 0.01737638567908562
60 120 0.7 0.75 8 8.5 385.9589947898089 0.01605596267540932
60 120 0.7 0.75 8.5 9 361.6922979547018 0.01487538732732219
60 120 0.7 0.75 9 9.5 339.660636831969 0.01381453224394136
60 120 0.7 0.75 9.5 10 319.6010211834205 0.01286020534547561
60 120 0.7 0.75 10 10.5 301.2856012693336 0.01444938738615065
60 120 0.7 0.75 10.5 11 284.5129696896859 0.01226977010412611
60 120 0.7 0.75 11 11.5 269.1125916217736 0.01094401539620549
60 120 0.7 0.75 11.5 12 254.9341037650353 0.009883445086302345
60 120 0.7 0.75 12 12.5 241.8500365402925 0.009295086158459753
60 120 0.7 0.75 12.5 13 229.7479034871415 0.008751259586631477
60 120 0.7 0.75 13 13.5 218.5309628179333 0.008250957828465744
60 120 0.7 0.75 13.5 14 208.11327247768 0.007787908687276968
60 120 0.7 0.75 14 14.5 198.4199485494133 0.007361906022225639
60 120 0.7 0.75 14.5 15 189.3820970498362 0.006968231110789702
60 120 0.7 0.75 15 16 353.9847694410077 0.01287396132579488
60 120 0.7 0.75 16 17 324.3416660306161 0.01162047930415611
60 120 0.7 0.75 17 18 298.2010697533441 0.01052682221092027
60 120 0.7 0.75 18 19 275.0253278342569 0.009566507339059171
60 120 0.7 0.75 19 20 254.3744413457875 0.00871687041842506
60 120 0.7 0.75 20 21 235.8861105254945 0.007964489129363983
60 120 0.7 0.75 21 22 219.2631479638038 0.01017453788801959
60 120 0.7 0.75 22 23 204.2597191990264 0.008662231052596781
60 120 0.7 0.75 23 24 190.6704138625455 0.007353301104842558
60 120 0.7 0.75 24 25 178.3216026716609 0.006356355170424877
60 120 0.7 0.75 25 26 167.0641188656579 0.005558800441065159
60 120 0.7 0.75 26 27 156.7711050236297 0.004855356428805635
60 120 0.7 0.75 27 28 147.3348157476122 0.004496159646294018
60 120 0.7 0.75 28 29 138.6620239771172 0.004168781477574157
60 120 0.7 0.75 29 30 130.67300087218 0.00387034307161116
60 120 0.7 0.75 30 31 123.2977817279891 0.003597216517746915
60 120 0.7 0.75 31 32 116.474569323201 0.003345988402955413
60 120 0.7 0.75 32 33 110.1489557033958 0.003114909425420365
60 120 0.7 0.75 33 34 104.2739223683692 0.002902293625439256
60 120 0.7 0.75 34 35 98.80773432400431 0.0027056647182917
60 120 0.7 0.75 35 36 93.71395296729726 0.002525020843876291
60 120 0.7 0.75 36 37 88.95996441946454 0.002358266330446668
60 120 0.7 0.75 37 38 84.51682070261364 0.002204437220044042
60 120 0.7 0.75 38 39 80.35813154143135 0.00206185029331607
60 120 0.7 0.75 39 40 76.46016314611641 0.001929661275042349
60 120 0.7 0.75 40 42 142.1669604538122 0.006515821272358835
60 120 0.7 0.75 42 44 129.2194959335525 0.00506371774858394
60 120 0.7 0.75 44 46 117.7300093975372 0.003949955211865586
60 120 0.7 0.75 46 48 107.4946418824676 0.003185104765975666
60 120 0.7 0.75 48 50 98.34281288562663 0.002438746510776468
60 120 0.7 0.75 50 52 90.13367030671273 0.001889128199238144
60 120 0.7 0.75 52 54 82.74920649072187 0.001680675870815662
60 120 0.7 0.75 54 56 76.08930818809365 0.001498781506882096
60 120 0.7 0.75 56 58 70.06767711507295 0.001339711893194817
60 120 0.7 0.75 58 60 64.61036859474298 0.001199925661808265
60 120 0.7 0.75 60 65 140.8090123959074 0.002490960426939637
60 120 0.7 0.75 65 70 116.168456533723 0.00480811595836883
60 120 0.7 0.75 70 80 177.0213459678145 0.002682153166830403
60 120 0.7 0.75 80 90 124.7130657244465 0.001699839443901396
60 120 0.7 0.75 90 100 89.55536134457078 0.001117661224640187
60 120 0.75 0.8 0 0.5 -0.8010475516139963 1.913488527049978e-05
60 120 0.75 0.8 0.5 1 -1049.733823164955 0.0194291752557092
60 120 0.75 0.8 1 1.5 41.25493003571509 0.0005065630897362894
60 120 0.75 0.8 1.5 2 732.8752992500689 0.007748284753233747
60 120 0.75 0.8 2 2.5 875.6657203350102 0.001959051710514359
60 120 0.75 0.8 2.5 3 871.5081464087426 0.003024198885213991
60 120 0.75 0.8 3 3.5 823.4178232114037 0.04066232873276476
60 120 0.75 0.8 3.5 4 763.8809342860299 0.03634348649836738
60 120 0.75 0.8 4 4.5 704.226270744232 0.03261885131610143
60 120 0.75 0.8 4.5 5 648.4384571104603 0.02935971910142143
60 120 0.75 0.8 5 5.5 597.6590797663044 0.02650793022348807
60 120 0.75 0.8 5.5 6 551.943060766715 0.02403086422555134
60 120 0.75 0.8 6 6.5 510.9514917850761 0.02189575094587326
60 120 0.75 0.8 6.5 7 474.2210479933577 0.02004012420724166
60 120 0.75 0.8 7 7.5 441.2604616904418 0.01842146966686187
60 120 0.75 0.8 7.5 8 411.6062714703665 0.01699342679211213
60 120 0.75 0.8 8 8.5 384.8488283208008 0.01571805503391488
60 120 0.75 0.8 8.5 9 360.6322433284789 0.01457953573566328
60 120 0.75 0.8 9 9.5 338.6508554545351 0.01355807474857329
60 120 0.75 0.8 9.5 10 318.6400077217655 0.01263517622834343
60 120 0.75 0.8 10 10.5 300.3692176208943 0.01427626798994197
60 120 0.75 0.8 10.5 11 283.6382810314342 0.0124652184962315
60 120 0.75 0.8 11 11.5 268.2752467260071 0.01077462830807008
60 120 0.75 0.8 11.5 12 254.132520749481 0.009728716397034987
60 120 0.75 0.8 12 12.5 241.0814199909363 0.009154003278723621
60 120 0.75 0.8 12.5 13 229.0116025212755 0.008630538910125551
60 120 0.75 0.8 13 13.5 217.8253403555376 0.008148251812826857
60 120 0.75 0.8 13.5 14 207.4375229989193 0.007705334667576835
60 120 0.75 0.8 14 14.5 197.770244313312 0.007294235850906716
60 120 0.75 0.8 14.5 15 188.7573494860407 0.006913441337673021
60 120 0.75 0.8 15 16 352.8026252063747 0.01278295058313006
60 120 0.75 0.8 16 17 323.2429418569656 0.01154327347529716
60 120 0.75 0.8 17 18 297.1796162949769 0.01046630842552077
60 120 0.75 0.8 18 19 274.0742830419446 0.009526019821578302
60 120 0.75 0.8 19 20 253.484933963538 0.008694618098814999
60 120 0.75 0.8 20 21 235.0521610857925 0.007955118776152403
60 120 0.75 0.8 21 22 218.4805292385854 0.01019672618218692
60 120 0.75 0.8 22 23 203.5251420007033 0.008468235267457658
60 120 0.75 0.8 23 24 189.981256477884 0.007405595573374057
60 120 0.75 0.8 24 25 177.6728534489019 0.006379810836875777
60 120 0.75 0.8 25 26 166.4517652269724 0.005506443486069657
60 120 0.75 0.8 26 27 156.1922389408086 0.004849392854538337
60 120 0.75 0.8 27 28 146.7867447911295 0.004489727344179073
60 120 0.75 0.8 28 29 138.1435642738876 0.004161440692143969
60 120 0.75 0.8 29 30 130.1823847329782 0.003861062494848966
60 120 0.75 0.8 30 31 122.8325065655501 0.003586315161385301
60 120 0.75 0.8 31 32 116.0321437691866 0.003334920803908403
60 120 0.75 0.8 32 33 109.728034633454 0.00310499929619823
60 120 0.75 0.8 33 34 103.8730464543512 0.002893297129105576
60 120 0.75 0.8 34 35 98.42614758494656 0.002698742999200476
60 120 0.75 0.8 35 36 93.35083079249449 0.00251926096682098
60 120 0.75 0.8 36 37 88.61442356581249 0.002353308362089024
60 120 0.75 0.8 37 38 84.18732936738388 0.002199849168562196
60 120 0.75 0.8 38 39 80.04324522040766 0.002057819314345011
60 120 0.75 0.8 39 40 76.1590806434572 0.001926516231932851
60 120 0.75 0.8 40 42 141.6033892657359 0.006369223446455408
60 120 0.75 0.8 42 44 128.704219316258 0.004994905520419479
60 120 0.75 0.8 44 46 117.2583832276934 0.004044710869052892
60 120 0.75 0.8 46 48 107.0608115158625 0.003127735973549761
60 120 0.75 0.8 48 50 97.94318560889607 0.002390726366783724
60 120 0.75 0.8 50 52 89.76564416734891 0.001885244121737628
60 120 0.75 0.8 52 54 82.4104267084796 0.001678116006516461
60 120 0.75 0.8 54 56 75.77640101499416 0.001496519136125585
60 120 0.75 0.8 56 58 69.77773305539907 0.001337285571494817
60 120 0.75 0.8 58 60 64.34179871890146 0.001197228466381262
60 120 0.75 0.8 60 65 140.2212153532929 0.002486253744621081
60 120 0.75 0.8 65 70 115.6794274352162 0.004947865765828396
60 120 0.75 0.8 70 80 176.2704191945053 0.002677944946327671
60 120 0.75 0.8 80 90 124.1792567156133 0.001697561189430985
60 120 0.75 0.8 90 100 89.16974530775853 0.001116300822047833
60 120 0.8 0.85 0 0.5 -0.7973788994431391 1.865592516248071e-05
60 120 0.8 0.85 0.5 1 -1039.397399325472 0.02163937298587371
60 120 0.8 0.85 1 1.5 48.34519773036957 0.0002549066126107391
60 120 0.8 0.85 1.5 2 734.5737050320852 0.00637310338026964
60 120 0.8 0.85 2 2.5 875.3651944341196 0.001073142699851815
60 120 0.8 0.85 2.5 3 870.4099752823055 0.001880489271229635
60 120 0.8 0.85 3 3.5 821.9833957998574 0.03991039042239208
60 120 0.8 0.85 3.5 4 762.3045446145908 0.03588107964685605
60 120 0.8 0.85 4 4.5 702.62570456394 0.03223404384107198
60 120 0.8 0.85 4.5 5 646.8648675492934 0.02905652194510822
60 120 0.8 0.85 5 5.5 596.1284901945629 0.02632344681467202
60 120 0.8 0.85 5.5 6 550.4644297131459 0.02395165366897345
60 120 0.8 0.85 6 6.5 509.5348018924274 0.02185821258223086
60 120 0.8 0.85 6.5 7 472.8702708013824 0.0200102307663883
60 120 0.8 0.85 7 7.5 439.9700654113112 0.01838070568578587
60 120 0.8 0.85 7.5 8 410.3737515682774 0.01694473031551524
60 120 0.8 0.85 8 8.5 383.67137204095 0.01567767106433848
60 120 0.8 0.85 8.5 9 359.5088527460154 0.01454911806712289
60 120 0.8 0.85 9 9.5 337.5812724731553 0.01354042116332721
60 120 0.8 0.85 9.5 10 317.6215847714553 0.01263132393080468
60 120 0.8 0.85 10 10.5 299.3964859390058 0.01409727853979348
60 120 0.8 0.85 10.5 11 282.7082716311603 0.01249093108094712
60 120 0.8 0.85 11 11.5 267.3845361360774 0.0107212100773495
60 120 0.8 0.85 11.5 12 253.2793754422081 0.00974173722184446
60 120 0.8 0.85 12 12.5 240.2647697829708 0.009167624278205722
60 120 0.8 0.85 12.5 13 228.2302176653926 0.008639803429218773
60 120 0.8 0.85 13 13.5 217.0776916728111 0.008154504000202678
60 120 0.8 0.85 13.5 14 206.7196388460178 0.007705457040145802
60 120 0.8 0.85 14 14.5 197.080569181323 0.007290967853407437
60 120 0.8 0.85 14.5 15 188.0938464158093 0.006907192556923292
60 120 0.8 0.85 15 16 351.5486654124397 0.01277429916342498
60 120 0.8 0.85 16 17 322.0789043003526 0.01154202051793618
60 120 0.8 0.85 17 18 296.0990816250671 0.01046292073641553
60 120 0.8 0.85 18 19 273.0665470703563 0.009509594848850611
60 120 0.8 0.85 19 20 252.5419854159776 0.008668348211557486
60 120 0.8 0.85 20 21 234.1679551458151 0.007925764271902835
60 120 0.8 0.85 21 22 217.6509743097485 0.009937967011609317
60 120 0.8 0.85 22 23 202.7474482041137 0.008634578422572758
60 120 0.8 0.85 23 24 189.2495028197354 0.007329223601090007
60 120 0.8 0.85 24 25 176.9828599236916 0.006377077073892679
60 120 0.8 0.85 25 26 165.8000079450524 0.005456127821105383
60 120 0.8 0.85 26 27 155.5763556166322 0.004836167464219443
60 120 0.8 0.85 27 28 146.2052481708787 0.004478153666667595
60 120 0.8 0.85 28 29 137.594243701374 0.004151503102889365
60 120 0.8 0.85 29 30 129.6620346602175 0.003853992602500966
60 120 0.8 0.85 30 31 122.3382406833875 0.003581355571952827
60 120 0.8 0.85 31 32 115.562240081679 0.00333121436661088
60 120 0.8 0.85 32 33 109.2808477119604 0.003100580919749518
60 120 0.8 0.85 33 34 103.4477667191684 0.002888357053834056
60 120 0.8 0.85 34 35 98.02193042818625 0.00269332214143958
60 120 0.8 0.85 35 36 92.96622439489656 0.002513650058347139
60 120 0.8 0.85 36 37 88.24760399962459 0.002347683100026643
60 120 0.8 0.85 37 38 83.83688212946365 0.002194282560182614
60 120 0.8 0.85 38 39 79.70844800167734 0.002052447271651658
60 120 0.8 0.85 39 40 75.83913547904999 0.001921049385259721
60 120 0.8 0.85 40 42 141.0057605519519 0.006272221975137882
60 120 0.8 0.85 42 44 128.1585003046644 0.005065533515050902
60 120 0.8 0.85 44 46 116.7574619166254 0.004001720486499494
60 120 0.8 0.85 46 48 106.5998919246366 0.003090670320005984
60 120 0.8 0.85 48 50 97.5191547769344 0.002308660809859475
60 120 0.8 0.85 50 52 89.37580725846016 0.001881282210547397
60 120 0.8 0.85 52 54 82.05071407176614 0.001674066882273451
60 120 0.8 0.85 54 56 75.44358150961129 0.001492930891430433
60 120 0.8 0.85 56 58 69.46986917685791 0.001334370425340126
60 120 0.8 0.85 58 60 64.05700643967425 0.00119511657571536
60 120 0.8 0.85 60 65 139.5974536785228 0.002481888944913635
60 120 0.8 0.85 65 70 115.1599137735687 0.005125842330073738
60 120 0.8 0.85 70 80 175.472591665347 0.002673538153999289
60 120 0.8 0.85 80 90 123.6123005417791 0.001695176899502826
60 120 0.8 0.85 90 100 88.76008178392527 0.001114961297673744
60 120 0.85 0.9 0 0.5 -0.7929691206073503 1.854302525627904e-05
60 120 0.85 0.9 0.5 1 -1028.54312138266 0.02503890809543918
60 120 0.85 0.9 1 1.5 55.69062731845661 0.0001814402776929569
60 120 0.85 0.9 1.5 2 736.375178449244 0.005913657878295453
60 120 0.85 0.9 2 2.5 875.0852833580451 0.003187376465348279
60 120 0.85 0.9 2.5 3 869.2683563896662 0.003450373738587587
60 120 0.85 0.9 3 3.5 820.4640011481076 0.04017299745919445
60 120 0.85 0.9 3.5 4 760.6301416931137 0.03594982754077591
60 120 0.85 0.9 4 4.5 700.9273659506672 0.03230167791389249
60 120 0.85 0.9 4.5 5 645.1889484611796 0.02913079179415945
60 120 0.85 0.9 5 5.5 594.4954229537665 0.02635804481326431
60 120 0.85 0.9 5.5 6 548.8915983618915 0.02393647540191068
60 120 0.85 0.9 6 6.5 508.0365074412827 0.02183807721206676
60 120 0.85 0.9 6.5 7 471.4422878356776 0.02000933301241048
60 120 0.85 0.9 7 7.5 438.6080115212749 0.0183994870513402
60 120 0.85 0.9 7.5 8 409.0719656354805 0.01696800890977102
60 120 0.85 0.9 8 8.5 382.4285612120133 0.01568512577046022
60 120 0.85 0.9 8.5 9 358.3251991466655 0.01453896465687876
60 120 0.85 0.9 9 9.5 336.4542869108362 0.01351169059813628
60 120 0.85 0.9 9.5 10 316.5458989952136 0.01259088278533227
60 120 0.85 0.9 10 10.5 298.3684510983354 0.01436473333859567
60 120 0.85 0.9 10.5 11 281.7234616662423 0.01218678691583364
60 120 0.85 0.9 11 11.5 266.4424782713389 0.01080277598521207
60 120 0.85 0.9 11.5 12 252.377335522911 0.009715909915883003
60 120 0.85 0.9 12 12.5 239.4025647422812 0.009146515546490264
60 120 0.85 0.9 12.5 13 227.4050750565454 0.008619985719064971
60 120 0.85 0.9 13 13.5 216.2862185433487 0.008136355574123399
60 120 0.85 0.9 13.5 14 205.9593646032271 0.007690327728397506
60 120 0.85 0.9 14 14.5 196.3498763795857 0.007278758744462266
60 120 0.85 0.9 14.5 15 187.3905610707216 0.006895543582487562
60 120 0.85 0.9 15 16 350.2208929100997 0.01274931784001865
60 120 0.85 0.9 16 17 320.8501512837494 0.01151350107306826
60 120 0.85 0.9 17 18 294.9576613586475 0.01043680269913239
60 120 0.85 0.9 18 19 272.0015204564332 0.009494356776940549
60 120 0.85 0.9 19 20 251.5455998068158 0.008661957536304499
60 120 0.85 0.9 20 21 233.2348927164358 0.007919852709079578
60 120 0.85 0.9 21 22 216.7775467104226 0.009986738201092749
60 120 0.85 0.9 22 23 201.9272606286022 0.008565850882945369
60 120 0.85 0.9 23 24 188.4769748781985 0.007400837107297775
60 120 0.85 0.9 24 25 176.253496521124 0.006258254629386784
60 120 0.85 0.9 25 26 165.1112869492928 0.005410551885091763
60 120 0.85 0.9 26 27 154.9261857813893 0.004825565215725192
60 120 0.85 0.9 27 28 145.5915358873312 0.004467447153700732
60 120 0.85 0.9 28 29 137.0132677050259 0.004140613907878787
60 120 0.85 0.9 29 30 129.1108392882804 0.003841978376669886
60 120 0.85 0.9 30 31 121.8148813990723 0.003569458085763699
60 120 0.85 0.9 31 32 115.0651310752599 0.003319470118782419
60 120 0.85 0.9 32 33 108.8089281749205 0.003090424732206998
60 120 0.85 0.9 33 34 102.9997909223921 0.002879916928677062
60 120 0.85 0.9 34 35 97.59564089541622 0.002685888797813618
60 120 0.85 0.9 35 36 92.55969752224543 0.002507004441582694
60 120 0.85 0.9 36 37 87.85944326371326 0.002341828351063668
60 120 0.85 0.9 37 38 83.46628887463682 0.002189325031537237
60 120 0.85 0.9 38 39 79.35449656759333 0.002048371353993161
60 120 0.85 0.9 39 40 75.5012388930172 0.001917658125563548
60 120 0.85 0.9 40 42 140.3752999133627 0.006348127917846114
60 120 0.85 0.9 42 44 127.5812465581877 0.005083702982744853
60 120 0.85 0.9 44 46 116.2272213092353 0.003918971972140639
60 120 0.85 0.9 46 48 106.1130062199539 0.002991910616657378
60 120 0.85 0.9 48 50 97.072197354594 0.002378948908869916
60 120 0.85 0.9 50 52 88.96385387906649 0.001877235408031197
60 120 0.85 0.9 52 54 81.6699909875456 0.001670742166879791
60 120 0.85 0.9 54 56 75.09175413942488 0.001490287431352044
60 120 0.85 0.9 56 58 69.1448516880896 0.001331645149676319
60 120 0.85 0.9 58 60 63.75660752048263 0.001192346327222538
60 120 0.85 0.9 60 65 138.9373982155595 0.002476378407891389
60 120 0.85 0.9 65 70 114.611519542403 0.00507182865723621
60 120 0.85 0.9 70 80 174.6288218836923 0.002668756273692452
60 120 0.85 0.9 80 90 123.0126168279282 0.001692438002066865
60 120 0.85 0.9 90 100 88.32674644901859 0.001113505654913638
60 120 0.9 0.95 0 0.5 -0.7883419675973111 1.809304813404911e-05
60 120 0.9 0.95 0.5 1 -1017.095780275737 0.02496572581992496
60 120 0.9 0.95 1 1.5 63.35520619835119 0.001249759850644239
60 120 0.9 0.95 1.5 2 738.1723745446596 0.002017825630673542
60 120 0.9 0.95 2 2.5 874.793977736177 0.003909475270006624
60 120 0.9 0.95 2.5 3 868.1023113364937 0.003641526426008568
60 120 0.9 0.95 3 3.5 818.884275710953 0.04005200198253078
60 120 0.9 0.95 3.5 4 758.8818490924479 0.03596412601632437
60 120 0.9 0.95 4 4.5 699.1447760879685 0.0322589023492128
60 120 0.9 0.95 4.5 5 643.4207183382105 0.029043119139601
60 120 0.9 0.95 5 5.5 592.7696597051265 0.02628594225268444
60 120 0.9 0.95 5.5 6 547.2323020189937 0.02390293530049803
60 120 0.9 0.95 6 6.5 506.453130474038 0.02180902714451349
60 120 0.9 0.95 6.5 7 469.9317065142624 0.01996980582936203
60 120 0.9 0.95 7 7.5 437.1660935447832 0.01834552797043898
60 120 0.9 0.95 7.5 8 407.6967056882239 0.01691499092214599
60 120 0.9 0.95 8 8.5 381.1197609308695 0.01564880439497074
60 120 0.9 0.95 8.5 9 357.0825001002598 0.01451845905990012
60 120 0.9 0.95 9 9.5 335.2706759240282 0.01350393665927641
60 120 0.9 0.95 9.5 10 315.4148816299129 0.01258393514308409
60 120 0.9 0.95 10 10.5 297.2864362927978 0.01420958115403437
60 120 0.9 0.95 10.5 11 280.6882623377997 0.01227234701457292
60 120 0.9 0.95 11 11.5 265.4513515571464 0.01050499315425668
60 120 0.9 0.95 11.5 12 251.4306365129502 0.009679530159530714
60 120 0.9 0.95 12 12.5 238.4967450128531 0.009109421649270644
60 120 0.9 0.95 12.5 13 226.5369166026918 0.008588121901425438
60 120 0.9 0.95 13 13.5 215.4523286310508 0.008108711279362524
60 120 0.9 0.95 13.5 14 205.1584693830398 0.007667183395227539
60 120 0.9 0.95 14 14.5 195.5793433141923 0.007256337388128031
60 120 0.9 0.95 14.5 15 186.6498925217579 0.006875365503674402
60 120 0.9 0.95 15 16 348.8233757626998 0.01271141256398778
60 120 0.9 0.95 16 17 319.5563910966026 0.01148150456168651
60 120 0.9 0.95 17 18 293.7539790159733 0.01040723061629478
60 120 0.9 0.95 18 19 270.8782050374649 0.00946302104756569
60 120 0.9 0.95 19 20 250.4958577608417 0.008628014381542926
60 120 0.9 0.95 20 21 232.2545220513383 0.007890235800545042
60 120 0.9 0.95 21 22 215.8597196323608 0.01011023403850686
60 120 0.9 0.95 22 23 201.0642419863007 0.008546775741649526
60 120 0.9 0.95 23 24 187.6636794059158 0.007283184366144724
60 120 0.9 0.95 24 25 175.4865197099392 0.006237166483401779
60 120 0.9 0.95 25 26 164.3881113013001 0.005276634041791795
60 120 0.9 0.95 26 27 154.2443842688826 0.004810269282927493
60 120 0.9 0.95 27 28 144.9462052105577 0.004455691747153878
60 120 0.9 0.95 28 29 136.4011962676642 0.004131831462245827
60 120 0.9 0.95 29 30 128.5298436577631 0.003834576719697225
60 120 0.9 0.95 30 31 121.263503650238 0.003562665497966577
60 120 0.9 0.95 31 32 114.5421174641187 0.003313022168995872
60 120 0.9 0.95 32 33 108.3128502723718 0.003084100345347451
60 120 0.9 0.95 33 34 102.5279604825456 0.002873345159244423
60 120 0.9 0.95 34 35 97.14619990409629 0.00267944760166472
60 120 0.9 0.95 35 36 92.13108673887209 0.002500815427140424
60 120 0.9 0.95 36 37 87.4506775591112 0.002336012956206446
60 120 0.9 0.95 37 38 83.07635603321594 0.00218341055494875
60 120 0.9 0.95 38 39 78.98274508256654 0.002042103404420459
60 120 0.9 0.95 39 40 75.14665930501626 0.001911222055952067
60 120 0.9 0.95 40 42 139.7118674868005 0.006344860682787612
60 120 0.9 0.95 42 44 126.9727622714446 0.004934021366210573
60 120 0.9 0.95 44 46 115.6692841608411 0.003840780412289746
60 120 0.9 0.95 46 48 105.6015300086114 0.003057649937773022
60 120 0.9 0.95 48 50 96.60158795910286 0.002369000194761384
60 120 0.9 0.95 50 52 88.52953666980565 0.001872675265275348
60 120 0.9 0.95 52 54 81.2691638047859 0.001666618098454364
60 120 0.9 0.95 54 56 74.72198097666229 0.001486075886788285
60 120 0.9 0.95 56 58 68.80323173695602 0.00132845057792963
60 120 0.9 0.95 58 60 63.43980430646062 0.001189933943841481
60 120 0.9 0.95 60 65 138.2424483774953 0.002471571566786679
60 120 0.9 0.95 65 70 114.0344329894451 0.004896875121573885
60 120 0.9 0.95 70 80 173.7403169059474 0.00266383852701324
60 120 0.9 0.95 80 90 122.3807627106043 0.001689657876752904
60 120 0.9 0.95 90 100 87.86979761691019 0.001111959710328847
60 120 0.95 1 0 0.5 -0.7835882695459493 1.831301802213137e-05
60 120 0.95 1 0.5 1 -1005.040989032218 0.02735328415087679
60 120 0.95 1 1 1.5 71.42617471094196 0.0003010372369942615
60 120 0.95 1 1.5 2 740.0114015330098 0.004547969316718081
60 120 0.95 1 2 2.5 874.4250295541364 0.002033905250414136
60 120 0.95 1 2.5 3 866.8529340615172 0.005020322610903349
60 120 0.95 1 3 3.5 817.2304655184168 0.04002820860932843
60 120 0.95 1 3.5 4 757.0734424639778 0.03583228404306738
60 120 0.95 1 4 4.5 697.2905220260182 0.03223157870286286
60 120 0.95 1 4.5 5 641.5713873378457 0.02905191807019492
60 120 0.95 1 5 5.5 590.9620702733516 0.02625774089790411
60 120 0.95 1 5.5 6 545.4963154848831 0.02384372019798775
60 120 0.95 1 6 6.5 504.7914885387765 0.02175034562327482
60 120 0.95 1 6.5 7 468.3422791537782 0.01992556937932477
60 120 0.95 1 7 7.5 435.6467610309157 0.01832027891305188
60 120 0.95 1 7.5 8 406.2494129038589 0.01688997561234373
60 120 0.95 1 8 8.5 379.745811555892 0.01561855825065095
60 120 0.95 1 8.5 9 355.7752669254434 0.01448152181507112
60 120 0.95 1 9 9.5 334.0243124428405 0.01346251811412458
60 120 0.95 1 9.5 10 314.2251636948849 0.01254781322825238
60 120 0.95 1 10 10.5 296.1494704430109 0.01392886381790959
60 120 0.95 1 10.5 11 279.6025292368574 0.01219008491773366
60 120 0.95 1 11 11.5 264.4152361378626 0.01047057744830227
60 120 0.95 1 11.5 12 250.4407198068891 0.009672206953098339
60 120 0.95 1 12 12.5 237.5484380753468 0.009098439480055731
60 120 0.95 1 12.5 13 225.6266513416763 0.008570946832946902
60 120 0.95 1 13 13.5 214.5783279991583 0.00808701196726247
60 120 0.95 1 13.5 14 204.318031300239 0.007641102398878274
60 120 0.95 1 14 14.5 194.7715818233923 0.007230959802541292
60 120 0.95 1 14.5 15 185.8733662647731 0.006852477281569236
60 120 0.95 1 15 16 347.3605800513253 0.01267559465367185
60 120 0.95 1 16 17 318.1989644941362 0.01145423006749979
60 120 0.95 1 17 18 292.4893787024632 0.01038301026051158
60 120 0.95 1 18 19 269.6981399169047 0.009442024129555193
60 120 0.95 1 19 20 249.3952929037475 0.008611950445924776
60 120 0.95 1 20 21 231.2264959059367 0.007873755006357896
60 120 0.95 1 21 22 214.8951712362867 0.009982850804675536
60 120 0.95 1 22 23 200.1572757326728 0.008538370032425746
60 120 0.95 1 23 24 186.8098323685086 0.007168891782782794
60 120 0.95 1 24 25 174.6832616532908 0.006102801810783376
60 120 0.95 1 25 26 163.6320631331996 0.005426915997503556
60 120 0.95 1 26 27 153.5295477101343 0.004797945819206006
60 120 0.95 1 27 28 144.269117065119 0.004440852990455824
60 120 0.95 1 28 29 135.7591894006305 0.004115663808562431
60 120 0.95 1 29 30 127.9212348453206 0.003820330924241944
60 120 0.95 1 30 31 120.6866783095602 0.003550358453452418
60 120 0.95 1 31 32 113.9951600055529 0.003302982225164897
60 120 0.95 1 32 33 107.7925085074154 0.003074922166888427
60 120 0.95 1 33 34 102.0323653016846 0.00286522241204068
60 120 0.95 1 34 35 96.67378686255078 0.002672161397683226
60 120 0.95 1 35 36 91.68102562498332 0.002494322649198466
60 120 0.95 1 36 37 87.02197876855038 0.002329849972880993
60 120 0.95 1 37 38 82.66818789609215 0.002178099434260616
60 120 0.95 1 38 39 78.59348132463263 0.002037588112912658
60 120 0.95 1 39 40 74.77457290458437 0.001907538317354351
60 120 0.95 1 40 42 139.0153143910631 0.006263467233168285
60 120 0.95 1 42 44 126.3349122995758 0.004866802357398115
60 120 0.95 1 44 46 115.0853131797308 0.003856624312987833
60 120 0.95 1 46 48 105.0650677670529 0.003056239916233494
60 120 0.95 1 48 50 96.10710885055431 0.002311910900090197
60 120 0.95 1 50 52 88.07390139878011 0.001867939823299025
60 120 0.95 1 52 54 80.8495060974453 0.001662962648353528
60 120 0.95 1 54 56 74.3345714644076 0.001483537936323387
60 120 0.95 1 56 58 68.44436956773757 0.001325867474875508
60 120 0.95 1 58 60 63.10737662698633 0.001186810358881019
60 120 0.95 1 60 65 137.5142397211366 0.002465589591082562
60 120 0.95 1 65 70 113.4282230909928 0.005080207331502606
60 120 0.95 1 70 80 172.8085124087493 0.002658625529818437
60 120 0.95 1 80 90 121.717737213721 0.00168685474675101
60 120 0.95 1 90 100 87.3900106760475 0.001110358664405453
60 120 1 1.1 0 0.5 -1.552169035014967 3.729972485166932e-05
60 120 1 1.1 0.5 1 -1971.46147605753 0.02606992234291283
60 120 1 1.1 1 1.5 168.747538957677 0.005935158527648809
60 120 1 1.1 1.5 2 1485.957082683742 0.0296534173908185
60 120 1 1.1 2 2.5 1747.618124230066 0.01118534652505332
60 120 1 1.1 2.5 3 1729.548239979702 0.01618126241874052
60 120 1 1.1 3 3.5 1629.051826500248 0.07988293762741705
60 120 1 1.1 3.5 4 1508.329427266501 0.07161238025196326
60 120 1 1.1 4 4.5 1388.653886163039 0.06424306346980302
60 120 1 1.1 4.5 5 1277.261428794234 0.05779481917056728
60 120 1 1.1 5 5.5 1176.215288177488 0.05226684390686387
60 120 1 1.1 5.5 6 1085.502096388737 0.04750920591754948
60 120 1 1.1 6 6.5 1004.308421012116 0.04335845326374965
60 120 1 1.1 6.5 7 931.6258924494102 0.03969823100464964
60 120 1 1.1 7 7.5 866.4620010820906 0.03646755456952633
60 120 1 1.1 7.5 8 807.9031229433788 0.03362262328937504
60 120 1 1.1 8 8.5 755.1182204770506 0.03110252326291629
60 120 1 1.1 8.5 9 707.3794149215877 0.02884584006335444
60 120 1 1.1 9 9.5 664.0651743574194 0.02682357119306289
60 120 1 1.1 9.5 10 624.6463676647596 0.02500583339383411
60 120 1 1.1 10 10.5 588.67002445883 0.02769675207321143
60 120 1 1.1 10.5 11 555.7450765199877 0.02402876460746484
60 120 1 1.1 11 11.5 525.5282816989582 0.02111019133462833
60 120 1 1.1 11.5 12 497.7217670547215 0.01925887507928792
60 120 1 1.1 12 12.5 472.0694646486533 0.018119219944424
60 120 1 1.1 12.5 13 448.3502499562209 0.01707604720922973
60 120 1 1.1 13 13.5 426.3707475103218 0.01611705305793976
60 120 1 1.1 13.5 14 405.9631693024181 0.01523455367652105
60 120 1 1.1 14 14.5 386.9790495221515 0.0144155260946377
60 120 1 1.1 14.5 15 369.2853171619802 0.01365670530549323
60 120 1 1.1 15 16 690.0732912831985 0.0252452373701999
60 120 1 1.1 16 17 632.0779352947467 0.02279362093599957
60 120 1 1.1 17 18 580.9554347668404 0.02065824476073885
60 120 1 1.1 18 19 535.6501436016373 0.0187880035738317
60 120 1 1.1 19 20 495.2959777100214 0.01713831513683317
60 120 1 1.1 20 21 459.1786785416335 0.01567408097986345
60 120 1 1.1 21 22 426.7155859387303 0.0197640090727873
60 120 1 1.1 22 23 397.425852652304 0.01654040630739928
60 120 1 1.1 23 24 370.9070485765714 0.01427638814624288
60 120 1 1.1 24 25 346.8142702738248 0.01243620755030861
60 120 1 1.1 25 26 324.8542601824137 0.01162208629432371
60 120 1 1.1 26 27 304.7805134142089 0.01082407272696173
60 120 1 1.1 27 28 286.3824493571074 0.009615627204425437
60 120 1 1.1 28 29 269.4793530612894 0.00912249596399306
60 120 1 1.1 29 30 253.9126460460202 0.009325314663840345
60 120 1 1.1 30 31 239.5429342553442 0.008997615529182212
60 120 1 1.1 31 32 226.2497648030204 0.008303506206942757
60 120 1 1.1 32 33 213.9287154418855 0.007601141741247375
60 120 1 1.1 33 34 202.4882874384221 0.006857094465942737
60 120 1 1.1 34 35 191.8474480421376 0.006359089351263947
60 120 1 1.1 35 36 181.9341381505477 0.006413601393091994
60 120 1 1.1 36 37 172.6833296884475 0.006462815112257658
60 120 1 1.1 37 38 164.037420866197 0.00604656520926028
60 120 1 1.1 38 39 155.9457295125253 0.005645749090376739
60 120 1 1.1 39 40 148.3629510221339 0.005217988453267708
60 120 1 1.1 40 42 275.8140317430071 0.01212944145476058
60 120 1 1.1 42 44 250.6448369757817 0.009829333409641094
60 120 1 1.1 44 46 228.3132625473453 0.008760126337335805
60 120 1 1.1 46 48 208.4219301748652 0.007753127887951905
60 120 1 1.1 48 50 190.6430909265885 0.006858104315597302
60 120 1 1.1 50 52 174.701652915226 0.006857069992548759
60 120 1 1.1 52 54 160.3641088890232 0.006281780159298478
60 120 1 1.1 54 56 147.434654113907 0.005530492231116568
60 120 1 1.1 56 58 135.7471598641525 0.004928613714270114
60 120 1 1.1 58 60 125.1588041097093 0.004951268415098298
60 120 1 1.1 60 65 272.7118379653695 0.01067764187860121
60 120 1 1.1 65 70 224.9286825099741 0.01029680558241353
60 120 1 1.1 70 80 342.6503466275705 0.01384302269951831
60 120 1 1.1 80 90 241.3225234691225 0.01011650079234983
60 120 1 1.1 90 100 173.250565132432 0.007543462857398708
60 120 1.1 1.2 0 0.5 -1.53058989732948 7.556914306405815e-05
60 120 1.1 1.2 0.5 1 -1917.012436417355 0.01565671845719407
60 120 1.1 1.2 1 1.5 205.7938850149332 0.006541413559858711
60 120 1.1 1.2 1.5 2 1494.537593675211 0.03584513484702256
60 120 1.1 1.2 2 2.5 1746.077715124695 0.008510930507100056
60 120 1.1 1.2 2.5 3 1723.661657282488 0.009872621174736196
60 120 1.1 1.2 3 3.5 1621.372563487668 0.07969542956470832
60 120 1.1 1.2 3.5 4 1499.953216260833 0.07139607968883865
60 120 1.1 1.2 4 4.5 1380.069904741676 0.06403563958156155
60 120 1.1 1.2 4.5 5 1268.80087805639 0.05764256097540965
60 120 1.1 1.2 5 5.5 1168.042214784314 0.05208898933869932
60 120 1.1 1.2 5.5 6 1077.638252725767 0.04734023217179129
60 120 1.1 1.2 6 6.5 996.7662179948524 0.04318579053654048
60 120 1.1 1.2 6.5 7 924.4266734148385 0.03950591162765704
60 120 1.1 1.2 7 7.5 859.6176971659319 0.03628830307900444
60 120 1.1 1.2 7.5 8 801.3867478370994 0.03344241364857226
60 120 1.1 1.2 8 8.5 748.899630206011 0.03092444283561235
60 120 1.1 1.2 8.5 9 701.4399555240692 0.02868130757701692
60 120 1.1 1.2 9 9.5 658.3955365813697 0.02666982533150986
60 120 1.1 1.2 9.5 10 619.2414733136312 0.02485926751239731
60 120 1.1 1.2 10 10.5 583.5160044164239 0.02767830189782217
60 120 1.1 1.2 10.5 11 550.8206066778195 0.02403028319292844
60 120 1.1 1.2 11 11.5 520.8150088223629 0.02112796791413984
60 120 1.1 1.2 11.5 12 493.2054960420816 0.01914149636155571
60 120 1.1 1.2 12 12.5 467.7412303841555 0.01801350269658997
60 120 1.1 1.2 12.5 13 444.2024138381763 0.01697466292540639
60 120 1.1 1.2 13 13.5 422.3979465059048 0.01602036846259125
60 120 1.1 1.2 13.5 14 402.1543432955301 0.01514148409040672
60 120 1.1 1.2 14 14.5 383.3219127791294 0.01432890134117315
60 120 1.1 1.2 14.5 15 365.7681375324986 0.01357460108471287
60 120 1.1 1.2 15 16 683.4269957578183 0.02509596944798886
60 120 1.1 1.2 16 17 625.9124860615284 0.0226612213153885
60 120 1.1 1.2 17 18 575.2340323044305 0.02054195506320866
60 120 1.1 1.2 18 19 530.3209864608248 0.01868126112833579
60 120 1.1 1.2 19 20 490.311773561559 0.01703827505156141
60 120 1.1 1.2 20 21 454.5097971608527 0.01557618542847194
60 120 1.1 1.2 21 22 422.3413681664269 0.0194567497409821
60 120 1.1 1.2 22 23 393.3219338020645 0.01664027251865718
60 120 1.1 1.2 23 24 367.0444869106843 0.01421850974031713
60 120 1.1 1.2 24 25 343.1705335371859 0.01210299838686524
60 120 1.1 1.2 25 26 321.4149917317346 0.01037108750153948
60 120 1.1 1.2 26 27 301.5340191578296 0.009516471741619625
60 120 1.1 1.2 27 28 283.3155246023123 0.009757841316570648
60 120 1.1 1.2 28 29 266.5760435936613 0.009404542243316882
60 120 1.1 1.2 29 30 251.1586466749758 0.008512285495385186
60 120 1.1 1.2 30 31 236.9284374453702 0.007727467683935174
60 120 1.1 1.2 31 32 223.7672831398024 0.007013080481044653
60 120 1.1 1.2 32 33 211.5713874762116 0.007325496547878174
60 120 1.1 1.2 33 34 200.2475552564987 0.007315747740477718
60 120 1.1 1.2 34 35 189.7144309911293 0.006840452388559015
60 120 1.1 1.2 35 36 179.9006602216711 0.006230269535905109
60 120 1.1 1.2 36 37 170.7434973712259 0.005839737836055292
60 120 1.1 1.2 37 38 162.1864974723497 0.005292474174325434
60 120 1.1 1.2 38 39 154.1795015671089 0.005214728124940393
60 120 1.1 1.2 39 40 146.6768661832061 0.005337153867827737
60 120 1.1 1.2 40 42 272.6619354518893 0.01218675800049596
60 120 1.1 1.2 42 44 247.756929318118 0.009468581916848962
60 120 1.1 1.2 44 46 225.6647184128662 0.007536873626264651
60 120 1.1 1.2 46 48 205.9912465051157 0.007832403752473738
60 120 1.1 1.2 48 50 188.4069932968796 0.006936843472800547
60 120 1.1 1.2 50 52 172.6401405333104 0.00614959409824678
60 120 1.1 1.2 52 54 158.4621761760462 0.005774958417703147
60 120 1.1 1.2 54 56 145.6785857486126 0.005673088795447256
60 120 1.1 1.2 56 58 134.1228854996974 0.00506268353399264
60 120 1.1 1.2 58 60 123.6538755474866 0.004499160413814707
60 120 1.1 1.2 60 65 269.4105176751117 0.01009858733107194
60 120 1.1 1.2 65 70 222.1818099158607 0.01031810359828
60 120 1.1 1.2 70 80 338.4195139111222 0.01339574043106495
60 120 1.1 1.2 80 90 238.3051393643271 0.009809367785038603
60 120 1.1 1.2 90 100 171.0621956248285 0.007285539245401651
60 120 1.2 1.3 0 0.5 -1.507282780670878 5.953460846663816e-05
60 120 1.2 1.3 0.5 1 -1858.323227348508 0.02915348720671318
60 120 1.2 1.3 1 1.5 245.2070180853558 0.006632951904862239
60 120 1.2 1.3 1.5 2 1503.707966218963 0.01391079548670859
60 120 1.2 1.3 2 2.5 1744.436507864728 0.04435920312448616
60 120 1.2 1.3 2.5 3 1717.454624345644 0.04167832706252739
60 120 1.2 1.3 3 3.5 1613.26848341276 0.07944194205106214
60 120 1.2 1.3 3.5 4 1491.00269353561 0.0710757174315404
60 120 1.2 1.3 4 4.5 1370.905818035489 0.06372805821456495
60 120 1.2 1.3 4.5 5 1259.766864999796 0.05738464058686077
60 120 1.2 1.3 5 5.5 1159.232542774038 0.0518546811520082
60 120 1.2 1.3 5.5 6 1069.124560839271 0.04710027781447934
60 120 1.2 1.3 6 6.5 988.6161697301404 0.04295036315193101
60 120 1.2 1.3 6.5 7 916.6680262050156 0.0393113939022669
60 120 1.2 1.3 7 7.5 852.2230807573892 0.03611538899042444
60 120 1.2 1.3 7.5 8 794.334067483386 0.03326489865446547
60 120 1.2 1.3 8 8.5 742.1771538824675 0.03075819953517112
60 120 1.2 1.3 8.5 9 695.0440633130293 0.02854046886795913
60 120 1.2 1.3 9 9.5 652.3151672022079 0.02653420122942407
60 120 1.2 1.3 9.5 10 613.4475495278991 0.02471773687500445
60 120 1.2 1.3 10 10.5 577.981705734018 0.02742296876704131
60 120 1.2 1.3 10.5 11 545.5277633767838 0.02384659689539603
60 120 1.2 1.3 11 11.5 515.7502697767572 0.02045227037956465
60 120 1.2 1.3 11.5 12 488.3620021013588 0.01902058052235134
60 120 1.2 1.3 12 12.5 463.1088290393208 0.01789879383500192
60 120 1.2 1.3 12.5 13 439.7658757747524 0.01686661141707191
60 120 1.2 1.3 13 13.5 418.1397311611341 0.01591990250454955
60 120 1.2 1.3 13.5 14 398.0616045482368 0.01504609645456867
60 120 1.2 1.3 14 14.5 379.3854775833389 0.0142372972043745
60 120 1.2 1.3 14.5 15 361.9819382485601 0.01348618042260341
60 120 1.2 1.3 15 16 676.2854600725267 0.02493387832907956
60 120 1.2 1.3 16 17 619.2967070748001 0.02252206903460774
60 120 1.2 1.3 17 18 569.0755363129698 0.020410952365296
60 120 1.2 1.3 18 19 524.5744330580462 0.01856235598131661
60 120 1.2 1.3 19 20 484.9488982357393 0.01692781652820941
60 120 1.2 1.3 20 21 449.4995805938048 0.01547739887695343
60 120 1.2 1.3 21 22 417.6442501473026 0.01934077713400484
60 120 1.2 1.3 22 23 388.9066116247001 0.01619897464354381
60 120 1.2 1.3 23 24 362.8911961493686 0.01378838855362119
60 120 1.2 1.3 24 25 339.2626530933136 0.01196861836609742
60 120 1.2 1.3 25 26 317.7321609753449 0.0110743373621176
60 120 1.2 1.3 26 27 298.0541354247583 0.01002282687176148
60 120 1.2 1.3 27 28 280.021261145415 0.008873782180614853
60 120 1.2 1.3 28 29 263.4557394481325 0.008090940958481951
60 120 1.2 1.3 29 30 248.2027324323456 0.007602604531484758
60 120 1.2 1.3 30 31 234.1260839535329 0.007887176012872033
60 120 1.2 1.3 31 32 221.1062763699292 0.007223695780652406
60 120 1.2 1.3 32 33 209.0405215516244 0.006704423070686971
60 120 1.2 1.3 33 34 197.838708741214 0.006048329473486547
60 120 1.2 1.3 34 35 187.4211858904966 0.005566393155703508
60 120 1.2 1.3 35 36 177.7173746271206 0.005749049500053616
60 120 1.2 1.3 36 37 168.6633538988526 0.00596167439627493
60 120 1.2 1.3 37 38 160.2025087030933 0.005512661287951914
60 120 1.2 1.3 38 39 152.2850432070658 0.005069665852516891
60 120 1.2 1.3 39 40 144.8665752993898 0.004704929473348329
60 120 1.2 1.3 40 42 269.277481946504 0.01168796093719493
60 120 1.2 1.3 42 44 244.6616408801015 0.00943303875740753
60 120 1.2 1.3 44 46 222.8260096654441 0.00778576344939097
60 120 1.2 1.3 46 48 203.3815121699809 0.00674902992111015
60 120 1.2 1.3 48 50 186.0061191179448 0.006399788485282443
60 120 1.2 1.3 50 52 170.4287340264755 0.006234666478576401
60 120 1.2 1.3 52 54 156.4212830315458 0.005605665936684545
60 120 1.2 1.3 54 56 143.7921112867748 0.004795155789963701
60 120 1.2 1.3 56 58 132.3783019277481 0.004766832705087154
60 120 1.2 1.3 58 60 122.0387300979253 0.004633958796972593
60 120 1.2 1.3 60 65 265.8650473466765 0.009489364772775843
60 120 1.2 1.3 65 70 219.2302203206016 0.01031304203723948
60 120 1.2 1.3 70 80 333.8687677219123 0.01302461564711166
60 120 1.2 1.3 80 90 235.05421690813 0.009435845325981518
60 120 1.2 1.3 90 100 168.6993328061134 0.007075220384962222
60 120 1.3 1.4 0 0.5 -1.482473513390037 6.147987037885549e-05
60 120 1.3 1.4 0.5 1 -1795.670068513479 0.01997792580255009
60 120 1.3 1.4 1 1.5 286.98559277333 0.005880533141805699
60 120 1.3 1.4 1.5 2 1513.060340097119 0.04573040841682996
60 120 1.3 1.4 2 2.5 1742.148171714104 0.004258118910911435
60 120 1.3 1.4 2.5 3 1710.562631769051 0.01790530554444558
60 120 1.3 1.4 3 3.5 1604.364425940296 0.07908982822164035
60 120 1.3 1.4 3.5 4 1481.323202861371 0.07071921241822565
60 120 1.3 1.4 4 4.5 1361.116177150956 0.06342758414461969
60 120 1.3 1.4 4.5 5 1250.084771483963 0.05712297909235531
60 120 1.3 1.4 5 5.5 1149.800829149589 0.05161854659831988
60 120 1.3 1.4 5.5 6 1060.060946836415 0.04685862166297738
60 120 1.3 1.4 6 6.5 979.9555801378388 0.04270592144280272
60 120 1.3 1.4 6.5 7 908.3846656082964 0.03908570697569758
60 120 1.3 1.4 7 7.5 844.3047997511445 0.03591386875712033
60 120 1.3 1.4 7.5 8 786.7844218374175 0.033094885864557
60 120 1.3 1.4 8 8.5 734.9993115266454 0.03059301814164428
60 120 1.3 1.4 8.5 9 688.2125789781384 0.02836788775800869
60 120 1.3 1.4 9 9.5 645.7963345775726 0.02636861064490859
60 120 1.3 1.4 9.5 10 607.2205363895216 0.02457128367450423
60 120 1.3 1.4 10 10.5 572.0362285783667 0.02677330154222091
60 120 1.3 1.4 10.5 11 539.8564317663453 0.02339803644554195
60 120 1.3 1.4 11 11.5 510.3401551817063 0.020432753831642
60 120 1.3 1.4 11.5 12 483.1911678306711 0.01889893651849661
60 120 1.3 1.4 12 12.5 458.1555930815305 0.01778728582428357
60 120 1.3 1.4 12.5 13 435.0161771852247 0.01676312165744775
60 120 1.3 1.4 13 13.5 413.5833443909665 0.01581718490780304
60 120 1.3 1.4 13.5 14 393.6920455920375 0.01494417979972695
60 120 1.3 1.4 14 14.5 375.1949748367904 0.01413707761832939
60 120 1.3 1.4 14.5 15 357.9596310524686 0.01339044722908511
60 120 1.3 1.4 15 16 668.6927881694527 0.02475084628622426
60 120 1.3 1.4 16 17 612.2430090295359 0.02235004159342679
60 120 1.3 1.4 17 18 562.5158233508319 0.02025911704924965
60 120 1.3 1.4 18 19 518.4688503319679 0.01842031657474763
60 120 1.3 1.4 19 20 479.2451408680711 0.01679825419853387
60 120 1.3 1.4 20 21 444.1540982628784 0.01535970541891629
60 120 1.3 1.4 21 22 412.6310822802748 0.01859672005053881
60 120 1.3 1.4 22 23 384.2041812454225 0.01619330433675259
60 120 1.3 1.4 23 24 358.4711451066452 0.01386678473033953
60 120 1.3 1.4 24 25 335.0966732674204 0.01175714357691504
60 120 1.3 1.4 25 26 313.8001251394161 0.01014084573466789
60 120 1.3 1.4 26 27 294.3416731506543 0.009361218305627972
60 120 1.3 1.4 27 28 276.514647281221 0.008893300591182651
60 120 1.3 1.4 28 29 260.1379744947117 0.008554695724058092
60 120 1.3 1.4 29 30 245.0575378100104 0.007584388028760713
60 120 1.3 1.4 30 31 231.1408855505605 0.006944051469560009
60 120 1.3 1.4 31 32 218.2717161693673 0.00644549404316308
60 120 1.3 1.4 32 33 206.3482748908276 0.006772929131841465
60 120 1.3 1.4 33 34 195.2789994276282 0.0066279392368358
60 120 1.3 1.4 34 35 184.9843836520523 0.006030834920409234
60 120 1.3 1.4 35 36 175.3945527770889 0.005439069710206468
60 120 1.3 1.4 36 37 166.4478039506538 0.004948303263631715
60 120 1.3 1.4 37 38 158.0886766348737 0.004569700302766933
60 120 1.3 1.4 38 39 150.2679981521679 0.004816778524798337
60 120 1.3 1.4 39 40 142.9405398120876 0.004839803157295819
60 120 1.3 1.4 40 42 265.676278292067 0.01164993527339675
60 120 1.3 1.4 42 44 241.3636076946726 0.009041964411977688
60 120 1.3 1.4 44 46 219.8027689513401 0.007433110554018185
60 120 1.3 1.4 46 48 200.6053211866607 0.00708535567571289
60 120 1.3 1.4 48 50 183.4508094038088 0.006096324598900082
60 120 1.3 1.4 50 52 168.0731233915449 0.005536180496733323
60 120 1.3 1.4 52 54 154.2479426534672 0.005619787658474706
60 120 1.3 1.4 54 56 141.7837542083676 0.004945805179147555
60 120 1.3 1.4 56 58 130.5193853308395 0.004259573999263466
60 120 1.3 1.4 58 60 120.3167487658412 0.00411631615897079
60 120 1.3 1.4 60 65 262.0860911210451 0.009585683901377706
60 120 1.3 1.4 65 70 216.0810097134077 0.01063863543097909
60 120 1.3 1.4 70 80 329.0077165276116 0.01243164433191168
60 120 1.3 1.4 80 90 231.575548388338 0.009479235815575748
60 120 1.3 1.4 90 100 166.1642753636894 0.007175983269405606
60 120 1.4 1.5 0 0.5 -1.45642550229274 3.723811599409821e-05
60 120 1.4 1.5 0.5 1 -1729.779862813832 0.07442412946761578
60 120 1.4 1.5 1 1.5 331.2979114830811 0.006206461142028274
60 120 1.4 1.5 1.5 2 1523.179026962658 0.009126316153924563
60 120 1.4 1.5 2 2.5 1739.861027652036 0.004607794814091903
60 120 1.4 1.5 2.5 3 1703.207045207056 0.01245858782635878
60 120 1.4 1.5 3 3.5 1594.785026130638 0.07883678665825755
60 120 1.4 1.5 3.5 4 1470.997060786466 0.07049095251772997
60 120 1.4 1.5 4 4.5 1350.607410044276 0.06318999691734462
60 120 1.4 1.5 4.5 5 1239.704074456823 0.05677420567417357
60 120 1.4 1.5 5 5.5 1139.775093972904 0.05125535333991138
60 120 1.4 1.5 5.5 6 1050.447472160035 0.04652789500596555
60 120 1.4 1.5 6 6.5 970.7423273943506 0.04241719927699705
60 120 1.4 1.5 6.5 7 899.5835886481557 0.03883528152823601
60 120 1.4 1.5 7 7.5 835.9367822766393 0.03567753749018721
60 120 1.4 1.5 7.5 8 778.8337254204536 0.03286843814203166
60 120 1.4 1.5 8 8.5 727.4215516062786 0.03038472555761018
60 120 1.4 1.5 8.5 9 680.9796293231157 0.02816506539420516
60 120 1.4 1.5 9 9.5 638.8962820565562 0.02617570552388315
60 120 1.4 1.5 9.5 10 600.6474469600007 0.02438485263621715
60 120 1.4 1.5 10 10.5 565.7711366156344 0.02695835365420862
60 120 1.4 1.5 10.5 11 533.8699814632693 0.02335082135618904
60 120 1.4 1.5 11 11.5 504.6085425437761 0.02024649918564592
60 120 1.4 1.5 11.5 12 477.700321143623 0.01876702093431959
60 120 1.4 1.5 12 12.5 452.897039721443 0.01765729501443047
60 120 1.4 1.5 12.5 13 429.9826421653459 0.01663728791754693
60 120 1.4 1.5 13 13.5 408.7622485320342 0.01570074203323202
60 120 1.4 1.5 13.5 14 389.0670704543332 0.01483551328334443
60 120 1.4 1.5 14 14.5 370.7502974198893 0.01403398140973877
60 120 1.4 1.5 14.5 15 353.6844665063179 0.01328799488447885
60 120 1.4 1.5 15 16 660.6239147135027 0.0245673759420697
60 120 1.4 1.5 16 17 604.7748829937993 0.02219195508916982
60 120 1.4 1.5 17 18 555.5806028268928 0.02011078631005603
60 120 1.4 1.5 18 19 512.001726730577 0.01828397677479643
60 120 1.4 1.5 19 20 473.2066180741932 0.01666761932381178
60 120 1.4 1.5 20 21 438.5119386485111 0.01523896360743038
60 120 1.4 1.5 21 22 407.3448696458189 0.01880353965685799
60 120 1.4 1.5 22 23 379.235585333115 0.01577512018292282
60 120 1.4 1.5 23 24 353.7950340446175 0.01343341870972381
60 120 1.4 1.5 24 25 330.6938157632765 0.01156490495168327
60 120 1.4 1.5 25 26 309.6492320729926 0.01005752657476933
60 120 1.4 1.5 26 27 290.4202571176089 0.009293286696447467
60 120 1.4 1.5 27 28 272.8034997715288 0.008603966795874385
60 120 1.4 1.5 28 29 256.6236635631153 0.007975728925657677
60 120 1.4 1.5 29 30 241.7288907865363 0.007403884215932521
60 120 1.4 1.5 30 31 227.9849207994669 0.00714323203095546
60 120 1.4 1.5 31 32 215.2752732919559 0.006445161274143629
60 120 1.4 1.5 32 33 203.4994972543637 0.006015017792037725
60 120 1.4 1.5 33 34 192.5687526187159 0.005551143496546729
60 120 1.4 1.5 34 35 182.4053555576184 0.005465098853818517
60 120 1.4 1.5 35 36 172.9390393008223 0.005712842688240016
60 120 1.4 1.5 36 37 164.1074778551522 0.005480575434916091
60 120 1.4 1.5 37 38 155.8559587073266 0.004959144170527452
60 120 1.4 1.5 38 39 148.1359221491101 0.004553802328928214
60 120 1.4 1.5 39 40 140.9035077008292 0.004157155735413198
60 120 1.4 1.5 40 42 261.8689151196745 0.01154335303766629
60 120 1.4 1.5 42 44 237.878815570912 0.008958185739089686
60 120 1.4 1.5 44 46 216.6048584579386 0.006924742563001018
60 120 1.4 1.5 46 48 197.6667469780899 0.006324903510147806
60 120 1.4 1.5 48 50 180.7468909990481 0.006133735067919588
60 120 1.4 1.5 50 52 165.5806551274865 0.005352435679071732
60 120 1.4 1.5 52 54 151.9465685112088 0.004736486151017516
60 120 1.4 1.5 54 56 139.6574000584976 0.004892787854515745
60 120 1.4 1.5 56 58 128.5519406349052 0.004552120469753618
60 120 1.4 1.5 58 60 118.4936170431486 0.003954492917614516
60 120 1.4 1.5 60 65 258.0816059713938 0.009365717962168674
60 120 1.4 1.5 65 70 212.7417611360722 0.007613302227355234
60 120 1.4 1.5 70 80 323.8456531779336 0.01250983742585277
60 120 1.4 1.5 80 90 227.8699446488458 0.009645578743118222
60 120 1.4 1.5 90 100 163.4550602706164 0.007406203726020522
60 120 1.5 1.6 0 0.5 -1.429351687875369 3.534633173796209e-05
60 120 1.5 1.6 0.5 1 -1661.488337045456 0.01378772299767661
60 120 1.5 1.6 1 1.5 377.1112486150102 0.01865316373351789
60 120 1.5 1.6 1.5 2 1533.603039645853 0.01173158423239329
60 120 1.5 1.6 2 2.5 1737.633054289708 0.01107558410853926
60 120 1.5 1.6 2.5 3 1695.543563921398 0.006307898073373508
60 120 1.5 1.6 3 3.5 1584.898803327093 0.0786340819850011
60 120 1.5 1.6 3.5 4 1460.1905627244 0.0702288769111874
60 120 1.5 1.6 4 4.5 1339.541405784646 0.06291928203722819
60 120 1.5 1.6 4.5 5 1228.821598979306 0.05653174181429677
60 120 1.5 1.6 5 5.5 1129.208830664895 0.05103564352225476
60 120 1.5 1.6 5.5 6 1040.252557254287 0.04631931351991625
60 120 1.5 1.6 6 6.5 960.9918400409314 0.04222040235379154
60 120 1.5 1.6 6.5 7 890.3116685590048 0.03862048024257092
60 120 1.5 1.6 7 7.5 827.1080892732672 0.03542640583714274
60 120 1.5 1.6 7.5 8 770.4154327726629 0.03262669584751166
60 120 1.5 1.6 8 8.5 719.4056755179635 0.03016280298368201
60 120 1.5 1.6 8.5 9 673.3618672094889 0.02795968053987963
60 120 1.5 1.6 9 9.5 631.6526665119984 0.02599186900533823
60 120 1.5 1.6 9.5 10 593.7399400820872 0.02422533185131215
60 120 1.5 1.6 10 10.5 559.1721541703981 0.0265198378850755
60 120 1.5 1.6 10.5 11 527.5646903313944 0.02265657916541386
60 120 1.5 1.6 11 11.5 498.5869448423875 0.01983726030243815
60 120 1.5 1.6 11.5 12 471.9480916958756 0.01862870051132859
60 120 1.5 1.6 12 12.5 447.3931919205486 0.01752453720183667
60 120 1.5 1.6 12.5 13 424.7048815052869 0.01651471159658513
60 120 1.5 1.6 13 13.5 403.6953871044003 0.01557990570631773
60 120 1.5 1.6 13.5 14 384.2014727643389 0.0147194279343239
60 120 1.5 1.6 14 14.5 366.0782063776207 0.01392800830842589
60 120 1.5 1.6 14.5 15 349.1978020382369 0.0131955137139812
60 120 1.5 1.6 15 16 652.1589959906128 0.02439012316870048
60 120 1.5 1.6 16 17 596.9145466264702 0.02202349494189093
60 120 1.5 1.6 17 18 548.2685105582693 0.01995746887143923
60 120 1.5 1.6 18 19 505.1958884096864 0.01814296162558549
60 120 1.5 1.6 19 20 466.8551156824727 0.01653898721031055
60 120 1.5 1.6 20 21 432.5660680291871 0.01512353490733176
60 120 1.5 1.6 21 22 401.7721104609579 0.01803099383522522
60 120 1.5 1.6 22 23 374.0094139011504 0.01575481886806074
60 120 1.5 1.6 23 24 348.8834791019081 0.01339876517704397
60 120 1.5 1.6 24 25 326.0669005046241 0.01134105008486586
60 120 1.5 1.6 25 26 305.283950048286 0.00996437005971984
60 120 1.5 1.6 26 27 286.299435111695 0.009214771794063381
60 120 1.5 1.6 27 28 268.9088679735326 0.008559008969029946
60 120 1.5 1.6 28 29 252.9367889229526 0.007910289853157337
60 120 1.5 1.6 29 30 238.2327884215917 0.00734196246591523
60 120 1.5 1.6 30 31 224.6668836625363 0.006822374101460582
60 120 1.5 1.6 31 32 212.1251093687955 0.006345551444780995
60 120 1.5 1.6 32 33 200.5060123360014 0.006184513985033391
60 120 1.5 1.6 33 34 189.7212068673204 0.005571893279295637
60 120 1.5 1.6 34 35 179.6935834691115 0.005135481416090215
60 120 1.5 1.6 35 36 170.3545213437158 0.0047940905501207
60 120 1.5 1.6 36 37 161.6436821716596 0.004669490236068441
60 120 1.5 1.6 37 38 153.5061609331214 0.004793763829383124
60 120 1.5 1.6 38 39 145.8931621769333 0.004608045204406608
60 120 1.5 1.6 39 40 138.7614059667043 0.004178446863704721
60 120 1.5 1.6 40 42 257.8627306257067 0.01100733730424963
60 120 1.5 1.6 42 44 234.2124126561215 0.008845396237830982
60 120 1.5 1.6 44 46 213.242465889272 0.007027692287891796
60 120 1.5 1.6 46 48 194.5756847945976 0.005835258333632964
60 120 1.5 1.6 48 50 177.9009887467853 0.005654843432949974
60 120 1.5 1.6 50 52 162.9568775371622 0.005542054944470465
60 120 1.5 1.6 52 54 149.5238550114639 0.004710273114540087
60 120 1.5 1.6 54 56 137.4167925300418 0.004392033688418451
60 120 1.5 1.6 56 58 126.4780972494023 0.004667290058463891
60 120 1.5 1.6 58 60 116.5715327767845 0.004205504841550578
60 120 1.5 1.6 60 65 253.8563790959377 0.009081026122260027
60 120 1.5 1.6 65 70 209.2149841506436 0.007707523046093456
60 120 1.5 1.6 70 80 318.3826228556809 0.01279613958183745
60 120 1.5 1.6 80 90 223.9348149918862 0.009892972296967173
60 120 1.5 1.6 90 100 160.5669234373493 0.007751265702239607
60 120 1.6 1.7 0 0.5 -1.400743042802558 3.364115195392259e-05
60 120 1.6 1.7 0.5 1 -1589.722422295871 0.07362204083392498
60 120 1.6 1.7 1 1.5 424.7565664682373 0.003630766740741365
60 120 1.6 1.7 1.5 2 1544.001049666963 0.002517048040544978
60 120 1.6 1.7 2 2.5 1734.924147279241 0.04191777893288418
60 120 1.6 1.7 2.5 3 1687.491141733165 0.04556074939728205
60 120 1.6 1.7 3 3.5 1574.547018061832 0.07835121537300438
60 120 1.6 1.7 3.5 4 1448.886853733827 0.06991477021733772
60 120 1.6 1.7 4 4.5 1328.0863088606 0.06256148115312499
60 120 1.6 1.7 4.5 5 1217.483805535294 0.05622884001513739
60 120 1.6 1.7 5 5.5 1118.161308248288 0.05077041130743964
60 120 1.6 1.7 5.5 6 1029.64012138595 0.04604932648840077
60 120 1.6 1.7 6 6.5 950.8408087305694 0.04196730179978658
60 120 1.6 1.7 6.5 7 880.5968015427967 0.03838334259194198
60 120 1.6 1.7 7 7.5 817.8363355773924 0.03522343600855038
60 120 1.6 1.7 7.5 8 761.5978753353951 0.03243492157093897
60 120 1.6 1.7 8 8.5 711.0209572774435 0.02997939672422945
60 120 1.6 1.7 8.5 9 665.3691582922913 0.02779407503032871
60 120 1.6 1.7 9 9.5 624.0264518092038 0.02582460750784321
60 120 1.6 1.7 9.5 10 586.4687900113703 0.02404848833998585
60 120 1.6 1.7 10 10.5 552.2442086586948 0.02627656491563357
60 120 1.6 1.7 10.5 11 520.9572359970527 0.02265882103301919
60 120 1.6 1.7 11 11.5 492.2726871376761 0.01973093856548758
60 120 1.6 1.7 11.5 12 465.9048601500358 0.0184808756960706
60 120 1.6 1.7 12 12.5 441.607544957131 0.01738532211726351
60 120 1.6 1.7 12.5 13 419.1662770389599 0.01638040551449649
60 120 1.6 1.7 13 13.5 398.3915946905718 0.0154582240243144
60 120 1.6 1.7 13.5 14 379.1161337585733 0.01460717099774911
60 120 1.6 1.7 14 14.5 361.1950894033191 0.01381735648743643
60 120 1.6 1.7 14.5 15 344.502544882725 0.01308605043340094
60 120 1.6 1.7 15 16 643.2957428259622 0.02418718405760956
60 120 1.6 1.7 16 17 588.7029778509244 0.02183653415124809
60 120 1.6 1.7 17 18 540.6370513684312 0.01978674662325375
60 120 1.6 1.7 18 19 498.078427844214 0.01798905425431485
60 120 1.6 1.7 19 20 460.2073473802449 0.01640300595227018
60 120 1.6 1.7 20 21 426.3494229926249 0.01499572632246782
60 120 1.6 1.7 21 22 395.9444413691081 0.01802285427930883
60 120 1.6 1.7 22 23 368.5336397579543 0.01525177156992186
60 120 1.6 1.7 23 24 343.7335451065691 0.01297095924979885
60 120 1.6 1.7 24 25 321.2192545895914 0.01125550651272533
60 120 1.6 1.7 25 26 300.713280376407 0.009880730941290494
60 120 1.6 1.7 26 27 281.9826040150848 0.009138561129191203
60 120 1.6 1.7 27 28 264.8269298084044 0.00846061978927537
60 120 1.6 1.7 28 29 249.0748281681784 0.007842323108519622
60 120 1.6 1.7 29 30 234.5747885055175 0.007279677574643983
60 120 1.6 1.7 30 31 221.1974094538195 0.006764483023914636
60 120 1.6 1.7 31 32 208.8300098719249 0.006293331913298061
60 120 1.6 1.7 32 33 197.373853738282 0.005860683585865445
60 120 1.6 1.7 33 34 186.7424676258503 0.005745501398507713
60 120 1.6 1.7 34 35 176.8578464291774 0.00540800491819482
60 120 1.6 1.7 35 36 167.6527689019592 0.004929431755272162
60 120 1.6 1.7 36 37 159.0668389536979 0.004443232322330459
60 120 1.6 1.7 37 38 151.0468681453586 0.004154479710024361
60 120 1.6 1.7 38 39 143.545230102084 0.0041275527667608
60 120 1.6 1.7 39 40 136.5185238022854 0.004257352097567946
60 120 1.6 1.7 40 42 253.6679049642208 0.01079160485326724
60 120 1.6 1.7 42 44 230.369716578071 0.008303814600424175
60 120 1.6 1.7 44 46 209.7170893837853 0.006896086532407253
60 120 1.6 1.7 46 48 191.3356261644751 0.006107882381058971
60 120 1.6 1.7 48 50 174.9172683323127 0.005388298857781137
60 120 1.6 1.7 50 52 160.2054621680285 0.005736827724973637
60 120 1.6 1.7 52 54 146.9825358829073 0.005222527356352202
60 120 1.6 1.7 54 56 135.0655321693525 0.004428776409781676
60 120 1.6 1.7 56 58 124.2998237051676 0.004531657665665989
60 120 1.6 1.7 58 60 114.5512836732209 0.004257892101335869
60 120 1.6 1.7 60 65 249.4112829033485 0.008845814884267611
60 120 1.6 1.7 65 70 205.498846109182 0.007832572131746929
60 120 1.6 1.7 70 80 312.6126183218949 0.01341722716523464
60 120 1.6 1.7 80 90 219.7639203138911 0.01044682453968448
60 120 1.6 1.7 90 100 157.4911782756688 0.002158195595768575
60 120 1.7 1.8 0 0.5 -1.371159162359076 4.046798776724536e-05
60 120 1.7 1.8 0.5 1 -1515.404187819812 0.0212101127826827
60 120 1.7 1.8 1 1.5 473.8666786879538 0.0001792466376286939
60 120 1.7 1.8 1.5 2 1554.4264172279 0.01605991959672792
60 120 1.7 1.8 2 2.5 1731.516017912598 0.00539928220132424
60 120 1.7 1.8 2.5 3 1678.589001915919 0.02119218958546298
60 120 1.7 1.8 3 3.5 1563.316807314357 0.07805556669063662
60 120 1.7 1.8 3.5 4 1436.914898388305 0.06961523056997976
60 120 1.7 1.8 4 4.5 1315.943751756625 0.0622504982384271
60 120 1.7 1.8 4.5 5 1205.544411251908 0.05591113311606932
60 120 1.7 1.8 5 5.5 1106.631921576968 0.05045996425201338
60 120 1.7 1.8 5.5 6 1018.546105580233 0.04575699658266785
60 120 1.7 1.8 6 6.5 940.2124803233418 0.04166878161981913
60 120 1.7 1.8 6.5 7 870.4715010906831 0.03809673387297607
60 120 1.7 1.8 7 7.5 808.2019225757177 0.03497724196677154
60 120 1.7 1.8 7.5 8 752.4133990721849 0.03221256847848508
60 120 1.7 1.8 8 8.5 702.2635855303372 0.02976144343165288
60 120 1.7 1.8 8.5 9 657.0297514217428 0.02758291988379824
60 120 1.7 1.8 9 9.5 616.0872413545129 0.0256291887782254
60 120 1.7 1.8 9.5 10 578.8987382047915 0.02386952961819588
60 120 1.7 1.8 10 10.5 545.0136573665387 0.02576449003652215
60 120 1.7 1.8 10.5 11 514.0477904851239 0.02203227115251138
60 120 1.7 1.8 11 11.5 485.6714321465022 0.01953040120133664
60 120 1.7 1.8 11.5 12 459.5962531876115 0.01834175871283605
60 120 1.7 1.8 12 12.5 435.5713344070761 0.017255534549804
60 120 1.7 1.8 12.5 13 413.382390114231 0.01625504160705304
60 120 1.7 1.8 13 13.5 392.8434912061213 0.01533105910527865
60 120 1.7 1.8 13.5 14 373.7922602040959 0.01448025267131925
60 120 1.7 1.8 14 14.5 356.0858106396615 0.01369378636155716
60 120 1.7 1.8 14.5 15 339.5967054776164 0.01296748749587096
60 120 1.7 1.8 15 16 634.0445796100386 0.02397606818067288
60 120 1.7 1.8 16 17 580.1261570551669 0.02165168993576572
60 120 1.7 1.8 17 18 532.6706761120398 0.01961960737321533
60 120 1.7 1.8 18 19 490.6644358087425 0.01783668149442974
60 120 1.7 1.8 19 20 453.2866983031499 0.01626214980228724
60 120 1.7 1.8 20 21 419.8728859867522 0.02087474957181712
60 120 1.7 1.8 21 22 389.8759214019025 0.0178997702693664
60 120 1.7 1.8 22 23 362.8364534629334 0.01496820344834759
60 120 1.7 1.8 23 24 338.3742818036953 0.01279386011981387
60 120 1.7 1.8 24 25 316.1691655458598 0.01089210605061908
60 120 1.7 1.8 25 26 295.9503892292993 0.00979637736031691
60 120 1.7 1.8 26 27 277.4844424077461 0.00905842878967178
60 120 1.7 1.8 27 28 260.5732138839235 0.008388730131855482
60 120 1.7 1.8 28 29 245.0460049404329 0.007774817805056955
60 120 1.7 1.8 29 30 230.7567025063404 0.007216543510196516
60 120 1.7 1.8 30 31 217.5757862791073 0.006707092073526155
60 120 1.7 1.8 31 32 205.391292721586 0.006239149705635327
60 120 1.7 1.8 32 33 194.1057104539704 0.005809543623513491
60 120 1.7 1.8 33 34 183.6331728175066 0.005413919235792264
60 120 1.7 1.8 34 35 173.8986314368985 0.005174495731665729
60 120 1.7 1.8 35 36 164.8336727875728 0.005242050620410055
60 120 1.7 1.8 36 37 156.3793747183066 0.004828774891592502
60 120 1.7 1.8 37 38 148.4825429652377 0.004278159823542182
60 120 1.7 1.8 38 39 141.0962792375809 0.004100272887313849
60 120 1.7 1.8 39 40 134.178697775363 0.004316286576312223
60 120 1.7 1.8 40 42 249.2907383070056 0.01058569856232339
60 120 1.7 1.8 42 44 226.3589243344843 0.008156147023555604
60 120 1.7 1.8 44 46 206.0344134729046 0.006731261331765381
60 120 1.7 1.8 46 48 187.948352938362 0.006354267487438392
60 120 1.7 1.8 48 50 171.7962066025403 0.005349005849382138
60 120 1.7 1.8 50 52 157.3251393694771 0.005637197628118429
60 120 1.7 1.8 52 54 144.3203814247375 0.005160305169567891
60 120 1.7 1.8 54 56 132.6018439259393 0.004383251448132341
60 120 1.7 1.8 56 58 122.0169524569239 0.004616133171467141
60 120 1.7 1.8 58 60 112.4330851951005 0.004369569839553833
60 120 1.7 1.8 60 65 244.7456499586692 0.009497349576491843
60 120 1.7 1.8 65 70 201.589412119091 0.00828772806923439
60 120 1.7 1.8 70 80 306.5231406009739 0.01432834866233179
60 120 1.7 1.8 80 90 215.342213263715 0.003247532279544885
60 120 1.7 1.8 90 100 154.2140228353171 0.002144428592430359
60 120 1.8 1.9 0 0.5 -1.340639476169258 3.297644721111936e-05
60 120 1.8 1.9 0.5 1 -1438.639918697788 0.01627020395926593
60 120 1.8 1.9 1 1.5 524.7044245380569 0.003616867445998651
60 120 1.8 1.9 1.5 2 1565.25714768828 0.01627161308920222
60 120 1.8 1.9 2 2.5 1728.147331776476 0.01038040139360419
60 120 1.8 1.9 2.5 3 1669.274017913679 0.001147227040291909
60 120 1.8 1.9 3 3.5 1551.621228624696 0.0162549603971911
60 120 1.8 1.9 3.5 4 1424.269343778666 0.06913276551108538
60 120 1.8 1.9 4 4.5 1303.18685283579 0.06185569878698516
60 120 1.8 1.9 4.5 5 1193.037890784776 0.05559697569538002
60 120 1.8 1.9 5 5.5 1094.517240733649 0.05015828734258321
60 120 1.8 1.9 5.5 6 1006.945320555164 0.04546838864439451
60 120 1.8 1.9 6 6.5 929.1567685746917 0.04139617015118802
60 120 1.8 1.9 6.5 7 859.9324727017556 0.03783900537041518
60 120 1.8 1.9 7 7.5 798.1645390866141 0.03472680137520001
60 120 1.8 1.9 7.5 8 742.8712543975419 0.03197814443092284
60 120 1.8 1.9 8 8.5 693.1893585684287 0.02954106939716894
60 120 1.8 1.9 8.5 9 648.3867811284018 0.02737181562838487
60 120 1.8 1.9 9 9.5 607.8465888212877 0.0254214379019686
60 120 1.8 1.9 9.5 10 571.0432983434979 0.02367572053060485
60 120 1.8 1.9 10 10.5 537.5236899813325 0.0255951279857527
60 120 1.8 1.9 10.5 11 506.8971673630399 0.02191816271420066
60 120 1.8 1.9 11 11.5 478.8348017866812 0.0193744404985523
60 120 1.8 1.9 11.5 12 453.0529366236995 0.01819481725527794
60 120 1.8 1.9 12 12.5 429.3062339048382 0.01711254734857448
60 120 1.8 1.9 12.5 13 407.3819045457205 0.01611799695217542
60 120 1.8 1.9 13 13.5 387.0907306977488 0.01520485408474315
60 120 1.8 1.9 13.5 14 368.2718543821421 0.01436433442029283
60 120 1.8 1.9 14 14.5 350.7826652114053 0.01358529590430635
60 120 1.8 1.9 14.5 15 334.4985577309697 0.0128656728973624
60 120 1.8 1.9 15 16 624.4269816286552 0.02378076701631926
60 120 1.8 1.9 16 17 571.2131023955403 0.02146775142341539
60 120 1.8 1.9 17 18 524.3856681180253 0.01944240464388258
60 120 1.8 1.9 18 19 482.9462871751857 0.01766920684707429
60 120 1.8 1.9 19 20 446.0848283970635 0.01610873010582736
60 120 1.8 1.9 20 21 413.1382893907135 0.02059029056374584
60 120 1.8 1.9 21 22 383.5643853040821 0.01722061741645575
60 120 1.8 1.9 22 23 356.9140009412764 0.0149129991314112
60 120 1.8 1.9 23 24 332.8069174615123 0.01249681545016301
60 120 1.8 1.9 24 25 310.9266143997152 0.01080571281727316
60 120 1.8 1.9 25 26 291.0045941796654 0.009704935284048588
60 120 1.8 1.9 26 27 272.813350759023 0.008974108228471778
60 120 1.8 1.9 27 28 256.1553779740984 0.008309206260548763
60 120 1.8 1.9 28 29 240.8629078423554 0.007704017776376304
60 120 1.8 1.9 29 30 226.7899466949058 0.007152795976480775
60 120 1.8 1.9 30 31 213.8117161519586 0.006645468226878393
60 120 1.8 1.9 31 32 201.8158852180345 0.006182170366400896
60 120 1.8 1.9 32 33 190.7065814490669 0.005757456225694568
60 120 1.8 1.9 33 34 180.398456520298 0.005365723293408564
60 120 1.8 1.9 34 35 170.817672441351 0.005004672858945014
60 120 1.8 1.9 35 36 161.8975918512042 0.005178297012037092
60 120 1.8 1.9 36 37 153.5789156886343 0.004882647195046275
60 120 1.8 1.9 37 38 145.8098961925208 0.004283765481858381
60 120 1.8 1.9 38 39 138.5437061177827 0.00397027823274243
60 120 1.8 1.9 39 40 131.7394318369522 0.004125452356674941
60 120 1.8 1.9 40 42 244.7273112453725 0.01016714476483571
60 120 1.8 1.9 42 44 222.1776625876355 0.007890382741891244
60 120 1.8 1.9 44 46 202.1944351588287 0.007199924340682173
60 120 1.8 1.9 46 48 184.4142318096277 0.006580497484748093
60 120 1.8 1.9 48 50 168.5374862364467 0.005604652322887205
60 120 1.8 1.9 50 52 154.3153069859297 0.005771855741556919
60 120 1.8 1.9 52 54 141.5364577763491 0.005151982051103232
60 120 1.8 1.9 54 56 130.0236322671277 0.004830055422672785
60 120 1.8 1.9 56 58 119.6256665354435 0.004975285304013255
60 120 1.8 1.9 58 60 110.212188785016 0.004496429367236487
60 120 1.8 1.9 60 65 239.8474260054803 0.01061482988404805
60 120 1.8 1.9 65 70 197.4774164350449 0.009199773977201176
60 120 1.8 1.9 70 80 300.0933819854118 0.005062108059632919
60 120 1.8 1.9 80 90 210.6480456032693 0.003223787214125196
60 120 1.8 1.9 90 100 150.716286944467 0.002128854652823975
60 120 1.9 2 0 0.5 -1.30922125055804 5.094754772816401e-05
60 120 1.9 2 0.5 1 -1360.120431315795 0.04093689683304547
60 120 1.9 2 1 1.5 576.7867181686422 0.001661685788690193
60 120 1.9 2 1.5 2 1576.28941103492 0.06482930984566337
60 120 1.9 2 2 2.5 1724.485734945726 0.01886123926965411
60 120 1.9 2 2.5 3 1659.705912739441 0.03728474519425617
60 120 1.9 2 3 3.5 1539.487207488688 0.02163616685925263
60 120 1.9 2 3.5 4 1411.231919517979 0.06887661628866226
60 120 1.9 2 4 4.5 1289.950759928064 0.06156396384267282
60 120 1.9 2 4.5 5 1180.006117308426 0.05520250109202607
60 120 1.9 2 5 5.5 1081.917195985061 0.04973586241590056
60 120 1.9 2 5.5 6 994.8432980457688 0.04508543973668111
60 120 1.9 2 6 6.5 917.5916058145779 0.04106649698667297
60 120 1.9 2 6.5 7 848.9285274119055 0.03755361289574921
60 120 1.9 2 7 7.5 787.7035532837789 0.03445195648487243
60 120 1.9 2 7.5 8 732.9214154176609 0.03172385489722274
60 120 1.9 2 8 8.5 683.7282667792449 0.0292987480507918
60 120 1.9 2 8.5 9 639.3937264217749 0.02713738694615131
60 120 1.9 2 9 9.5 599.2904074826968 0.02520925498686211
60 120 1.9 2 9.5 10 562.8906237187826 0.02346796980430099
60 120 1.9 2 10 10.5 529.7462736918324 0.02486518840146346
60 120 1.9 2 10.5 11 499.4754017103741 0.02175130843738771
60 120 1.9 2 11 11.5 471.7461029220985 0.01920164693336801
60 120 1.9 2 11.5 12 446.2752149427442 0.01802125253578879
60 120 1.9 2 12 12.5 422.8185056946298 0.01695245757605335
60 120 1.9 2 12.5 13 401.1646455374422 0.01596793755390991
60 120 1.9 2 13 13.5 381.1307396334917 0.01506217112819286
60 120 1.9 2 13.5 14 362.5540996130554 0.01422893651306367
60 120 1.9 2 14 14.5 345.2932314478852 0.01345952234805736
60 120 1.9 2 14.5 15 329.2236072969536 0.01274516654490299
60 120 1.9 2 15 16 614.4697189287996 0.02355805062609306
60 120 1.9 2 16 17 561.9793413764492 0.02126287711450914
60 120 1.9 2 17 18 515.8018995683817 0.01926132389530721
60 120 1.9 2 18 19 474.9461115274183 0.01750915026536859
60 120 1.9 2 19 20 438.6137673706721 0.01596571617949394
60 120 1.9 2 20 21 406.1490480908535 0.02020245447835123
60 120 1.9 2 21 22 377.0135902294628 0.01693256335323667
60 120 1.9 2 22 23 350.7623410896024 0.01430215947959823
60 120 1.9 2 23 24 327.0225593235906 0.01236698680844484
60 120 1.9 2 24 25 305.4790295730884 0.01063838714446774
60 120 1.9 2 25 26 285.8665434026163 0.009616523661122756
60 120 1.9 2 26 27 267.9610074095123 0.008890518940631864
60 120 1.9 2 27 28 251.5673780954466 0.008232772496029384
60 120 1.9 2 28 29 236.519322523102 0.007633576080962712
60 120 1.9 2 29 30 222.6732687987913 0.007084082975211459
60 120 1.9 2 30 31 209.9048987003271 0.006583187153353265
60 120 1.9 2 31 32 198.1045896159002 0.006503964007748664
60 120 1.9 2 32 33 187.1772959067644 0.005703542366688907
60 120 1.9 2 33 34 177.039099159844 0.005313977065782183
60 120 1.9 2 34 35 167.6173937836422 0.005124797196316422
60 120 1.9 2 35 36 158.8460639097499 0.005251201794322924
60 120 1.9 2 36 37 150.6675019365476 0.004863984737369265
60 120 1.9 2 37 38 143.0299171299868 0.004295493970175812
60 120 1.9 2 38 39 135.88803387524 0.004226431503866479
60 120 1.9 2 39 40 129.2004380338351 0.004395315382225817
60 120 1.9 2 40 42 239.9736769066343 0.01001363948458334
60 120 1.9 2 42 44 217.8177764879418 0.007733132600151293
60 120 1.9 2 44 46 198.1875176699695 0.00756063105959015
60 120 1.9 2 46 48 180.7243564628274 0.006640856123226513
60 120 1.9 2 48 50 165.1345199960884 0.00662639325801706
60 120 1.9 2 50 52 151.1705622382623 0.006363344509225044
60 120 1.9 2 52 54 138.6252631736854 0.005730616052687765
60 120 1.9 2 54 56 127.324892341124 0.005668779568495097
60 120 1.9 2 56 58 117.1192714601561 0.005148446624161807
60 120 1.9 2 58 60 107.8821736425836 0.004835265169560898
60 120 1.9 2 60 65 234.699028980549 0.01132884653543442
60 120 1.9 2 65 70 193.1445575385511 0.003583605265959022
60 120 1.9 2 70 80 293.2933834747139 0.005020787252078662
60 120 1.9 2 80 90 205.652982951962 0.003196816773481714
60 120 1.9 2 90 100 146.9718530558109 0.002110473702884974
60 120 2 2.1 0 0.5 -1.276927049427404 3.25562473229013e-05
60 120 2 2.1 0.5 1 -1280.306700033548 0.02001821672274673
60 120 2 2.1 1 1.5 628.7965155753269 0.007343066367297979
60 120 2 2.1 1.5 2 1586.788431304382 0.04838956234812031
60 120 2 2.1 2 2.5 1720.280690108518 0.01775293799369138
60 120 2 2.1 2.5 3 1649.444928439318 0.01109430175483794
60 120 2 2.1 3 3.5 1526.773280213217 0.0203985162556819
60 120 2 2.1 3.5 4 1397.598436646252 0.06863079098025082
60 120 2 2.1 4 4.5 1276.205006318994 0.06127379619852036
60 120 2 2.1 4.5 5 1166.510082573046 0.05496056410288475
60 120 2 2.1 5 5.5 1068.849724252013 0.04951125884826979
60 120 2 2.1 5.5 6 982.3091015752036 0.04487114955031757
60 120 2 2.1 6 6.5 905.6155275625019 0.04083700534056334
60 120 2 2.1 6.5 7 837.5064347063654 0.03729012396934195
60 120 2 2.1 7 7.5 776.8334050224454 0.03418362383854401
60 120 2 2.1 7.5 8 722.583622655907 0.03145387841186675
60 120 2 2.1 8 8.5 673.8953986992185 0.02906090796147964
60 120 2 2.1 8.5 9 630.0358051692706 0.02692659109834494
60 120 2 2.1 9 9.5 590.3844216318075 0.02501059440726294
60 120 2 2.1 9.5 10 554.4095398795408 0.02329239955565754
60 120 2 2.1 10 10.5 521.6630566973603 0.02455452550020709
60 120 2 2.1 10.5 11 491.7621699177138 0.02111527419606318
60 120 2 2.1 11 11.5 464.3815993270129 0.01904125908123433
60 120 2 2.1 11.5 12 439.2374148742605 0.0178769883097516
60 120 2 2.1 12 12.5 416.0872332231512 0.01681001412674732
60 120 2 2.1 12.5 13 394.7205498837029 0.01582412457923965
60 120 2 2.1 13 13.5 374.9543704455929 0.0149298135366962
60 120 2 2.1 13.5 14 356.6304695816328 0.01410310816947913
60 120 2 2.1 14 14.5 339.6068008498149 0.01334130412504919
60 120 2 2.1 14.5 15 323.7609809568658 0.01263196797918908
60 120 2 2.1 15 16 604.1636735605887 0.02333593583489346
60 120 2 2.1 16 17 552.4234793668942 0.02106781716963724
60 120 2 2.1 17 18 506.919415734218 0.01908225381430384
60 120 2 2.1 18 19 466.6698451744471 0.01734462294405148
60 120 2 2.1 19 20 430.8844214981445 0.01581543920411832
60 120 2 2.1 20 21 398.9156053606018 0.01964339272103643
60 120 2 2.1 21 22 370.2312549175762 0.01663466239909894
60 120 2 2.1 22 23 344.3913766362103 0.01415160885835576
60 120 2 2.1 23 24 321.0278012555545 0.01209507273642885
60 120 2 2.1 24 25 299.8298188544513 0.0103141819925554
60 120 2 2.1 25 26 280.5362270072137 0.00952056304515736
60 120 2 2.1 26 27 262.9248404922304 0.008801529493041471
60 120 2 2.1 27 28 246.8032134445251 0.008149818813166121
60 120 2 2.1 28 29 232.0071263024577 0.007556407627788531
60 120 2 2.1 29 30 218.3954300488886 0.007016353902599803
60 120 2 2.1 30 31 205.8447150713613 0.007020433730161812
60 120 2 2.1 31 32 194.2470383074718 0.006671460753551628
60 120 2 2.1 32 33 183.5084685862437 0.006012769216823699
60 120 2 2.1 33 34 173.5474123334014 0.005990903414584636
60 120 2 2.1 34 35 164.2910530454413 0.006130572596447337
60 120 2 2.1 35 36 155.6741979278859 0.005783170577046803
60 120 2 2.1 36 37 147.6403258483576 0.0052725527939117
60 120 2 2.1 37 38 140.1390448362619 0.005082782474943315
60 120 2 2.1 38 39 133.1252658236851 0.005102395831073636
60 120 2 2.1 39 40 126.5577229539803 0.004912998834228688
60 120 2 2.1 40 42 235.0214651743777 0.009520328960377356
60 120 2 2.1 42 44 213.2720210643109 0.008602731381472495
60 120 2 2.1 44 46 194.0044525773437 0.007921996507462836
60 120 2 2.1 46 48 176.8692228018701 0.007580301064194828
60 120 2 2.1 48 50 161.5739612619306 0.007243069779235611
60 120 2 2.1 50 52 147.8765859971262 0.006739285568272635
60 120 2 2.1 52 54 135.5739403912876 0.006513270866150833
60 120 2 2.1 54 56 124.4928913359626 0.006075465453264428
60 120 2 2.1 56 58 114.488301967175 0.00246024023930147
60 120 2 2.1 58 60 105.4340133926863 0.002207312925449401
60 120 2 2.1 60 65 229.2779101479644 0.004590936253009659
60 120 2 2.1 65 70 188.5673606478765 0.003551634560267303
60 120 2 2.1 70 80 286.0783978971905 0.004974472582148337
60 120 2 2.1 80 90 200.3209247382632 0.003166726195956926
60 120 2 2.1 90 100 142.9494567109715 0.002089203916966653
60 120 2.1 2.2 0 0.5 -1.244518256272195 3.179468665948093e-05
60 120 2.1 2.2 0.5 1 -1197.913292734156 0.05005743518518102
60 120 2.1 2.2 1 1.5 681.9464557789422 0.02938724016792094
60 120 2.1 2.2 1.5 2 1596.920249017229 0.02739491728220855
60 120 2.1 2.2 2 2.5 1715.405210777032 0.04285950311145825
60 120 2.1 2.2 2.5 3 1638.58102660627 0.0473139539069507
60 120 2.1 2.2 3 3.5 1513.434446824947 0.04756059075475605
60 120 2.1 2.2 3.5 4 1383.38480956394 0.06833156865354795
60 120 2.1 2.2 4 4.5 1261.880672734216 0.06097867197036067
60 120 2.1 2.2 4.5 5 1152.48223688628 0.05463725269510178
60 120 2.1 2.2 5 5.5 1055.297443429791 0.04926377204401433
60 120 2.1 2.2 5.5 6 969.3155437684337 0.04460037797412042
60 120 2.1 2.2 6 6.5 893.2149527391014 0.04055663578310487
60 120 2.1 2.2 6.5 7 825.6953575929181 0.03706634780451168
60 120 2.1 2.2 7 7.5 765.5930515704417 0.03396266888137234
60 120 2.1 2.2 7.5 8 711.8937216434725 0.03125019389324279
60 120 2.1 2.2 8 8.5 663.7258860745671 0.02887538217146357
60 120 2.1 2.2 8.5 9 620.3557361492377 0.02673294146666194
60 120 2.1 2.2 9 9.5 581.1640272349687 0.02480591501830531
60 120 2.1 2.2 9.5 10 545.6218897820584 0.02307883592675353
60 120 2.1 2.2 10 10.5 513.2811971243907 0.02421085632079212
60 120 2.1 2.2 10.5 11 483.7613720059308 0.02093209103878735
60 120 2.1 2.2 11 11.5 456.7375172669738 0.0188645583187963
60 120 2.1 2.2 11.5 12 431.9303186658228 0.01771233372573988
60 120 2.1 2.2 12 12.5 409.0961489546696 0.01666323413974169
60 120 2.1 2.2 12.5 13 388.0264360722106 0.01569209397183613
60 120 2.1 2.2 13 13.5 368.5397858413735 0.01479667930993855
60 120 2.1 2.2 13.5 14 350.4783691339107 0.01396822601316217
60 120 2.1 2.2 14 14.5 333.702429590937 0.0132151169416943
60 120 2.1 2.2 14.5 15 318.0896475214091 0.01251525148228438
60 120 2.1 2.2 15 16 593.4680928748493 0.02311978626414657
60 120 2.1 2.2 16 17 542.5128756521233 0.02085300010492119
60 120 2.1 2.2 17 18 497.7109844643558 0.01890063513673113
60 120 2.1 2.2 18 19 458.0917083348385 0.01716566108416373
60 120 2.1 2.2 19 20 422.8748524077935 0.01565320986946972
60 120 2.1 2.2 20 21 391.4197020663003 0.01939324029933687
60 120 2.1 2.2 21 22 363.2019948082518 0.01622663477775177
60 120 2.1 2.2 22 23 337.7884595397236 0.01394068946956395
60 120 2.1 2.2 23 24 314.8136762184532 0.01179279505043951
60 120 2.1 2.2 24 25 293.9728095897834 0.01020279158751691
60 120 2.1 2.2 25 26 275.0087280222633 0.009429719438060147
60 120 2.1 2.2 26 27 257.699592813314 0.008912499596533507
60 120 2.1 2.2 27 28 241.8568599436912 0.008149836137278044
60 120 2.1 2.2 28 29 227.3202516839792 0.00786047230820941
60 120 2.1 2.2 29 30 213.9491639260793 0.007777763647709435
60 120 2.1 2.2 30 31 201.6212427361341 0.007253118541967751
60 120 2.1 2.2 31 32 190.2321014617786 0.006852010542957032
60 120 2.1 2.2 32 33 179.6893332889952 0.006853642284085026
60 120 2.1 2.2 33 34 169.9103988353656 0.006668877772796122
60 120 2.1 2.2 34 35 160.8239110350852 0.006377231279344642
60 120 2.1 2.2 35 36 152.3672269666077 0.006122457870446851
60 120 2.1 2.2 36 37 144.4839670700956 0.00604395395421875
60 120 2.1 2.2 37 38 137.1235151854137 0.005891007096920475
60 120 2.1 2.2 38 39 130.2417102357838 0.005605179851812636
60 120 2.1 2.2 39 40 123.7992842631766 0.005428846074494231
60 120 2.1 2.2 40 42 229.8520925231384 0.0104613814472998
60 120 2.1 2.2 42 44 208.521498524758 0.009656220490256828
60 120 2.1 2.2 44 46 189.6302891610174 0.00908024747425884
60 120 2.1 2.2 46 48 172.8314399253074 0.00853456636494343
60 120 2.1 2.2 48 50 157.8407427584742 0.003850923555660302
60 120 2.1 2.2 50 52 144.4190203757105 0.003425639077505593
60 120 2.1 2.2 52 54 132.3664913950616 0.003050234719324862
60 120 2.1 2.2 54 56 121.5133945424207 0.002724863185591175
60 120 2.1 2.2 56 58 111.7160362064874 0.002437182083951939
60 120 2.1 2.2 58 60 102.8512157725012 0.002184894132341242
60 120 2.1 2.2 60 65 223.5488926463359 0.00454496680387706
60 120 2.1 2.2 65 70 183.7160820981734 0.003516714373517971
60 120 2.1 2.2 70 80 278.3933508653013 0.004923943349467663
60 120 2.1 2.2 80 90 194.6074235721018 0.003132261501292533
60 120 2.1 2.2 90 100 138.6137417458474 0.002064199818846646
60 120 2.2 2.3 0 0.5 -1.211337316825011 4.930095868282969e-05
60 120 2.2 2.3 0.5 1 -1113.572420763382 0.02278665100652688
60 120 2.2 2.3 1 1.5 736.2529822937355 0.03323374509352561
60 120 2.2 2.3 1.5 2 1606.79320530874 0.04572525090429735
60 120 2.2 2.3 2 2.5 1709.736596261837 0.02126062650586391
60 120 2.2 2.3 2.5 3 1626.76777389439 0.03730042628535557
60 120 2.2 2.3 3 3.5 1499.191394742105 0.03754989811932319
60 120 2.2 2.3 3.5 4 1368.369731751989 0.06793751874329246
60 120 2.2 2.3 4 4.5 1246.855027363411 0.06056047722358926
60 120 2.2 2.3 4.5 5 1137.806692488415 0.0542766891858264
60 120 2.2 2.3 5 5.5 1041.148365632943 0.04883402373161516
60 120 2.2 2.3 5.5 6 955.7663866838303 0.04425982591271804
60 120 2.2 2.3 6 6.5 880.294286375693 0.04020579065183938
60 120 2.2 2.3 6.5 7 813.4030987757177 0.03671869006575434
60 120 2.2 2.3 7 7.5 753.9093317794486 0.03370394666399079
60 120 2.2 2.3 7.5 8 700.7892631453196 0.0309720343382196
60 120 2.2 2.3 8 8.5 653.1692118158602 0.02859534409992648
60 120 2.2 2.3 8.5 9 610.3142033315344 0.02650011929267748
60 120 2.2 2.3 9 9.5 571.6047770190744 0.0245878986210073
60 120 2.2 2.3 9.5 10 536.5133683675708 0.02285928430842432
60 120 2.2 2.3 10 10.5 504.5947931463381 0.02382202808382772
60 120 2.2 2.3 10.5 11 475.4708852932167 0.02044754265654092
60 120 2.2 2.3 11 11.5 448.8183445908798 0.01869506511042118
60 120 2.2 2.3 11.5 12 424.3571656852441 0.01753887831904422
60 120 2.2 2.3 12 12.5 401.8474206432509 0.01649978126408769
60 120 2.2 2.3 12.5 13 381.0827030362281 0.01553332090463755
60 120 2.2 2.3 13 13.5 361.8836839753414 0.0146393303883201
60 120 2.2 2.3 13.5 14 344.0918230672939 0.01381608681953139
60 120 2.2 2.3 14 14.5 327.5692943566058 0.01308069334288575
60 120 2.2 2.3 14.5 15 312.19579576207 0.01239172119954901
60 120 2.2 2.3 15 16 582.3500194605087 0.0228825862782287
60 120 2.2 2.3 16 17 532.2070460858429 0.02065109390105135
60 120 2.2 2.3 17 18 488.1331105483646 0.01871021382339677
60 120 2.2 2.3 18 19 449.1716825224282 0.0169896464645376
60 120 2.2 2.3 19 20 414.5450726269248 0.01550511086253437
60 120 2.2 2.3 20 21 383.6255387760371 0.01891454395973824
60 120 2.2 2.3 21 22 355.8952773324099 0.01603370650570923
60 120 2.2 2.3 22 23 330.9234159531592 0.01344424234855524
60 120 2.2 2.3 23 24 308.3537812913256 0.01184978603760101
60 120 2.2 2.3 24 25 287.8841877385245 0.01134974073926287
60 120 2.2 2.3 25 26 269.2589399391953 0.01064584551414782
60 120 2.2 2.3 26 27 252.26307532872 0.01010771226890483
60 120 2.2 2.3 27 28 236.7104052699377 0.009674329334274034
60 120 2.2 2.3 28 29 222.4409236830778 0.009199746755570004
60 120 2.2 2.3 29 30 209.3182423727816 0.008739342254898474
60 120 2.2 2.3 30 31 197.2223908764301 0.008501332148483698
60 120 2.2 2.3 31 32 186.0481952156997 0.008161318110467164
60 120 2.2 2.3 32 33 175.7053970587679 0.007838928844336124
60 120 2.2 2.3 33 34 166.1141754171495 0.007518448383819987
60 120 2.2 2.3 34 35 157.2033523783785 0.00729502208665167
60 120 2.2 2.3 35 36 148.9108647048211 0.006995208388417495
60 120 2.2 2.3 36 37 141.1820983006818 0.00671719090181
60 120 2.2 2.3 37 38 133.9675730123516 0.006593960670699062
60 120 2.2 2.3 38 39 127.2230421406008 0.003672831739578442
60 120 2.2 2.3 39 40 120.9097652123199 0.003439775359822761
60 120 2.2 2.3 40 42 224.4318861856956 0.009178462658695707
60 120 2.2 2.3 42 44 203.5371329626943 0.007081862044543641
60 120 2.2 2.3 44 46 185.0354985632557 0.005512802478193635
60 120 2.2 2.3 46 48 168.5873813336238 0.004297039604495012
60 120 2.2 2.3 48 50 153.9124732882863 0.003812625484670207
60 120 2.2 2.3 50 52 140.7762586722617 0.00338934941783009
60 120 2.2 2.3 52 54 128.9825935498824 0.003019096292945278
60 120 2.2 2.3 54 56 118.3651499809733 0.002695893428196428
60 120 2.2 2.3 56 58 108.7830406759951 0.002410565481937965
60 120 2.2 2.3 58 60 100.1151537898078 0.002162183409041063
60 120 2.2 2.3 60 65 217.4660987566224 0.005106904243547206
60 120 2.2 2.3 65 70 178.5496570424903 0.003476854196549084
60 120 2.2 2.3 70 80 270.1752473932008 0.004865828871629674
60 120 2.2 2.3 80 90 188.460754346546 0.003093611128718976
60 120 2.2 2.3 90 100 133.9268191243513 0.002035147357560163
60 120 2.3 2.4 0 0.5 -1.177280280842772 3.105700800909439e-05
60 120 2.3 2.4 0.5 1 -1027.368463216882 0.02133742225851165
60 120 2.3 2.4 1 1.5 791.4027597279055 0.03497305149664953
60 120 2.3 2.4 1.5 2 1616.556950441022 0.01564876891416134
60 120 2.3 2.4 2 2.5 1703.568502675967 0.02630246516559964
60 120 2.3 2.4 2.5 3 1614.222102153054 0.03178057247373545
60 120 2.3 2.4 3 3.5 1484.107285641787 0.03029020549570305
60 120 2.3 2.4 3.5 4 1352.478029734346 0.06762150639497122
60 120 2.3 2.4 4 4.5 1230.979921063993 0.06021689865951885
60 120 2.3 2.4 4.5 5 1122.34139717499 0.05395547828879899
60 120 2.3 2.4 5 5.5 1026.276546106027 0.04855740308039458
60 120 2.3 2.4 5.5 6 941.5663184795307 0.04396743999177488
60 120 2.3 2.4 6 6.5 866.7781610011714 0.03991378693592651
60 120 2.3 2.4 6.5 7 800.5600993354135 0.03648648849309666
60 120 2.3 2.4 7 7.5 741.7114960325761 0.03342922520130287
60 120 2.3 2.4 7.5 8 689.1992529962921 0.03072498315793837
60 120 2.3 2.4 8 8.5 642.1548885775388 0.02839498023342912
60 120 2.3 2.4 8.5 9 599.8420956801808 0.02626058881514837
60 120 2.3 2.4 9 9.5 561.6381879463879 0.02438141483662548
60 120 2.3 2.4 9.5 10 527.0216735538479 0.02268513812430228
60 120 2.3 2.4 10 10.5 495.5490096161876 0.02333752913261833
60 120 2.3 2.4 10.5 11 466.840907968331 0.0201953459949209
60 120 2.3 2.4 11 11.5 440.5749741781411 0.01853597883263092
60 120 2.3 2.4 11.5 12 416.4764133856123 0.01739513400400483
60 120 2.3 2.4 12 12.5 394.3075062274769 0.01635295066205344
60 120 2.3 2.4 12.5 13 373.8612840107281 0.01538272083115544
60 120 2.3 2.4 13 13.5 354.9596347088444 0.01451764424376734
60 120 2.3 2.4 13.5 14 337.4481328815892 0.01370712369509874
60 120 2.3 2.4 14 14.5 321.1907391930908 0.01296935650526621
60 120 2.3 2.4 14.5 15 306.0668523422503 0.01226970991206144
60 120 2.3 2.4 15 16 570.7812913108768 0.02266769189839124
60 120 2.3 2.4 16 17 521.4765956037636 0.02077500014945599
60 120 2.3 2.4 17 18 478.1537946505004 0.01946520442373867
60 120 2.3 2.4 18 19 439.8669747790921 0.01812320235069365
60 120 2.3 2.4 19 20 405.852806154268 0.01703115075520145
60 120 2.3 2.4 20 21 375.4883734170281 0.01842663677189194
60 120 2.3 2.4 21 22 348.2636897345463 0.01566014761931456
60 120 2.3 2.4 22 23 323.7532362849363 0.01488274383291355
60 120 2.3 2.4 23 24 301.604388558142 0.01422757244779405
60 120 2.3 2.4 24 25 281.5204793995907 0.01361712133223136
60 120 2.3 2.4 25 26 263.2499850289592 0.01289885555644332
60 120 2.3 2.4 26 27 246.580632564884 0.008531915564987003
60 120 2.3 2.4 27 28 231.329281331802 0.007899527557356123
60 120 2.3 2.4 28 29 217.3389427916394 0.007324634073228253
60 120 2.3 2.4 29 30 204.4744096437522 0.006798521167951321
60 120 2.3 2.4 30 31 192.6178184257517 0.006317566213823511
60 120 2.3 2.4 31 32 181.6668325636567 0.005876658334983631
60 120 2.3 2.4 32 33 171.5322824313406 0.005472371803051601
60 120 2.3 2.4 33 34 162.135326557799 0.005101558584556187
60 120 2.3 2.4 34 35 153.4067215887679 0.004757706395025707
60 120 2.3 2.4 35 36 145.2853934630323 0.004441596112741308
60 120 2.3 2.4 36 37 137.7167683583985 0.00415263068373406
60 120 2.3 2.4 37 38 130.652524424908 0.00388146169282777
60 120 2.3 2.4 38 39 124.0497621440265 0.003631785311398517
60 120 2.3 2.4 39 40 117.8699360738997 0.003402714410938756
60 120 2.3 2.4 40 42 218.7230341772776 0.008752175927440931
60 120 2.3 2.4 42 44 198.2801772476208 0.006846388990169316
60 120 2.3 2.4 44 46 180.1841677739416 0.00527134126019746
60 120 2.3 2.4 46 48 164.1012602971543 0.004250566336565953
60 120 2.3 2.4 48 50 149.7555347557271 0.003767801566226581
60 120 2.3 2.4 50 52 136.9174735145864 0.003350670675445144
60 120 2.3 2.4 52 54 125.3943842575896 0.002983852632681305
60 120 2.3 2.4 54 56 115.0233604829077 0.002664230193246908
60 120 2.3 2.4 56 58 105.6658367778872 0.002382819052868967
60 120 2.3 2.4 58 60 97.20339942007965 0.002135526281222155
60 120 2.3 2.4 60 65 210.9782320660007 0.005798960525481789
60 120 2.3 2.4 65 70 173.0228006786157 0.003433843099884371
60 120 2.3 2.4 70 80 261.3503383827309 0.004800818403396079
60 120 2.3 2.4 80 90 181.8319875633066 0.003045693818393147
60 120 2.3 2.4 90 100 128.8494092830465 0.00200037089538796
60 120 2.4 2.5 0 0.5 -1.14270767167545 5.261472958140168e-05
60 120 2.4 2.5 0.5 1 -939.1041427320681 0.02120352021768213
60 120 2.4 2.5 1 1.5 847.17242691511 0.03138676516471151
60 120 2.4 2.5 1.5 2 1625.724391528091 0.03516153712803316
60 120 2.4 2.5 2 2.5 1696.55139689385 0.05140495038335757
60 120 2.4 2.5 2.5 3 1600.794630024594 0.05388434926089758
60 120 2.4 2.5 3 3.5 1468.160870112951 0.05242554734309124
60 120 2.4 2.5 3.5 4 1335.730103382392 0.0471909464752116
60 120 2.4 2.5 4 4.5 1214.249591242698 0.05994971503446322
60 120 2.4 2.5 4.5 5 1106.032004877358 0.05361971597608317
60 120 2.4 2.5 5 5.5 1010.589086337331 0.04825411683873426
60 120 2.4 2.5 5.5 6 926.5839358317849 0.04361718888571886
60 120 2.4 2.5 6 6.5 852.5278190992344 0.03964725135688241
60 120 2.4 2.5 6.5 7 787.0286719312658 0.03617686061261338
60 120 2.4 2.5 7 7.5 728.8719933803213 0.03314165644405875
60 120 2.4 2.5 7.5 8 677.0174182289996 0.03049909121909877
60 120 2.4 2.5 8 8.5 630.589555935115 0.02875066408012117
60 120 2.4 2.5 8.5 9 588.8541092334843 0.0276216796639801
60 120 2.4 2.5 9 9.5 551.1899497578031 0.02612860674992135
60 120 2.4 2.5 9.5 10 517.0749312092991 0.02437629251539875
60 120 2.4 2.5 10 10.5 486.0689058774387 0.0228661734432194
60 120 2.4 2.5 10.5 11 457.7967997725927 0.02115878690716499
60 120 2.4 2.5 11 11.5 431.9382235238891 0.01980949793329501
60 120 2.4 2.5 11.5 12 408.2205554890097 0.01899591263889988
60 120 2.4 2.5 12 12.5 386.4079252513905 0.01801412315256812
60 120 2.4 2.5 12.5 13 366.2967645349368 0.01731545328470929
60 120 2.4 2.5 13 13.5 347.7100413116174 0.01658572962793414
60 120 2.4 2.5 13.5 14 330.4941558961935 0.01605593816088913
60 120 2.4 2.5 14 14.5 314.513953364669 0.01535541278894925
60 120 2.4 2.5 14.5 15 299.6511561827116 0.01488036678233584
60 120 2.4 2.5 15 16 558.6742824948519 0.02242722349410542
60 120 2.4 2.5 16 17 510.2451363927593 0.0202238676403681
60 120 2.4 2.5 17 18 467.7066837537687 0.01832446631527773
60 120 2.4 2.5 18 19 430.1256980361649 0.01663811394837467
60 120 2.4 2.5 19 20 396.7480471828326 0.01516888372390213
60 120 2.4 2.5 20 21 366.9602821076992 0.01812433329331498
60 120 2.4 2.5 21 22 340.25817786469 0.01521767337260371
60 120 2.4 2.5 22 23 316.2251215731032 0.0128412440232637
60 120 2.4 2.5 23 24 294.513601162684 0.01092877260174419
60 120 2.4 2.5 24 25 274.8314125572441 0.00988531504032153
60 120 2.4 2.5 25 26 256.9313164468086 0.009120157447114252
60 120 2.4 2.5 26 27 240.6027620734988 0.008433914692716371
60 120 2.4 2.5 27 28 225.6661329614093 0.00781280015510788
60 120 2.4 2.5 28 29 211.9671054834855 0.007236163324705558
60 120 2.4 2.5 29 30 199.3725132349352 0.006720862369689939
60 120 2.4 2.5 30 31 187.7670632463039 0.006246923299841001
60 120 2.4 2.5 31 32 177.0500784963828 0.005804453527133546
60 120 2.4 2.5 32 33 167.1334880855782 0.005412285302497821
60 120 2.4 2.5 33 34 157.9400097255727 0.005041885380052236
60 120 2.4 2.5 34 35 149.4016104690751 0.004698785599117627
60 120 2.4 2.5 35 36 141.4582438326196 0.004395019194333827
60 120 2.4 2.5 36 37 134.0566839115196 0.004103140230881763
60 120 2.4 2.5 37 38 127.1496703905895 0.003832479613294026
60 120 2.4 2.5 38 39 120.6949574983548 0.003593978053075375
60 120 2.4 2.5 39 40 114.6547403140701 0.003362643834478263
60 120 2.4 2.5 40 42 212.6807299509699 0.008501980911859164
60 120 2.4 2.5 42 44 192.7085624238405 0.006579356023507898
60 120 2.4 2.5 44 46 175.0347402771368 0.005024598832022775
60 120 2.4 2.5 46 48 159.3327221509203 0.004194699861386653
60 120 2.4 2.5 48 50 145.3321183003742 0.003724871218764747
60 120 2.4 2.5 50 52 132.807170645135 0.003306360131716701
60 120 2.4 2.5 52 54 121.5686044115541 0.002947327138201672
60 120 2.4 2.5 54 56 111.4567891300131 0.002629137504385426
60 120 2.4 2.5 56 58 102.3361836703535 0.002352061897653357
60 120 2.4 2.5 58 60 94.09079007496831 0.00210744053104861
60 120 2.4 2.5 60 65 204.0333078416589 0.006477990632760111
60 120 2.4 2.5 65 70 167.093852922747 0.003383718797152824
60 120 2.4 2.5 70 80 251.851703398858 0.004725209139905928
60 120 2.4 2.5 80 90 174.656699341616 0.002991400507909248
60 120 2.4 2.5 90 100 123.3230942263407 0.001959507193603827
60 120 2.5 2.75 0 0.5 -2.700278281684605 7.378693497095412e-05
60 120 2.5 2.75 0.5 1 -1950.947915417431 0.05181499676905332
60 120 2.5 2.75 1 1.5 2359.890903162337 0.08105533076331994
60 120 2.5 2.75 1.5 2 4094.604157430439 0.1130295527000271
60 120 2.5 2.75 2 2.5 4199.235300789271 0.08043920778436586
60 120 2.5 2.75 2.5 3 3932.1557469132 0.1741542567515353
60 120 2.5 2.75 3 3.5 3590.28793607113 0.1214472100282364
60 120 2.5 2.75 3.5 4 3256.57091095564 0.08413667616150633
60 120 2.5 2.75 4 4.5 2953.785964440263 0.05713442479827791
60 120 2.5 2.75 4.5 5 2685.828358449108 0.1321819599261289
60 120 2.5 2.75 5 5.5 2450.546627234684 0.1188337011435578
60 120 2.5 2.75 5.5 6 2244.120340490156 0.1075719432101323
60 120 2.5 2.75 6 6.5 2062.593060319528 0.09760680012823286
60 120 2.5 2.75 6.5 7 1902.370859762238 0.08906993735377
60 120 2.5 2.75 7 7.5 1760.350574865305 0.08158046113521777
60 120 2.5 2.75 7.5 8 1633.905870712969 0.07497420832510215
60 120 2.5 2.75 8 8.5 1520.836771054929 0.06921796695110061
60 120 2.5 2.75 8.5 9 1419.301744512185 0.06403981314883822
60 120 2.5 2.75 9 9.5 1327.759915375606 0.05935861344801197
60 120 2.5 2.75 9.5 10 1244.917606565591 0.05525609547703425
60 120 2.5 2.75 10 10.5 1169.681446880798 0.05507550315519438
60 120 2.5 2.75 10.5 11 1101.127092697212 0.04811937643353303
60 120 2.5 2.75 11 11.5 1038.466336329748 0.04506619865128414
60 120 2.5 2.75 11.5 12 981.0250306365704 0.04231987310731711
60 120 2.5 2.75 12 12.5 928.2248626117178 0.03974763522489866
60 120 2.5 2.75 12.5 13 879.565598184602 0.03739498578170242
60 120 2.5 2.75 13 13.5 834.6155578065024 0.03528146507392194
60 120 2.5 2.75 13.5 14 792.9973089786674 0.03332170807982493
60 120 2.5 2.75 14 14.5 754.3820436529348 0.03147184657791513
60 120 2.5 2.75 14.5 15 718.4804402129162 0.0297892301975935
60 120 2.5 2.75 15 16 1338.871024379816 0.05505949249004516
60 120 2.5 2.75 16 17 1222.011852940124 0.0496174467155015
60 120 2.5 2.75 17 18 1119.431590386838 0.04495308598552583
60 120 2.5 2.75 18 19 1028.855845891238 0.04080684486802966
60 120 2.5 2.75 19 20 948.452749560794 0.03719665496839752
60 120 2.5 2.75 20 21 876.7336060469642 0.04334810474153983
60 120 2.5 2.75 21 22 812.4755127155858 0.03626495323294421
60 120 2.5 2.75 22 23 754.6677078903538 0.0308704746598778
60 120 2.5 2.75 23 24 702.4658247506826 0.02625488890316774
60 120 2.5 2.75 24 25 655.1625891452992 0.02420638112778306
60 120 2.5 2.75 25 26 612.1593301854516 0.02233810144593917
60 120 2.5 2.75 26 27 572.9478958669337 0.02064152986338286
60 120 2.5 2.75 27 28 537.0938646984008 0.01911000268717089
60 120 2.5 2.75 28 29 504.2236915290972 0.01771597962306259
60 120 2.5 2.75 29 30 474.015990169976 0.01643596715280182
60 120 2.5 2.75 30 31 446.19062529853 0.01527550882570949
60 120 2.5 2.75 31 32 420.504792937588 0.01420411659313459
60 120 2.5 2.75 32 33 396.7455761356695 0.01322546087305909
60 120 2.5 2.75 33 34 374.7270352189642 0.01232771929306864
60 120 2.5 2.75 34 35 354.2843693061809 0.01149551237153901
60 120 2.5 2.75 35 36 335.2729546683175 0.0107346007876572
60 120 2.5 2.75 36 37 317.5644608296618 0.01002754636846248
60 120 2.5 2.75 37 38 301.0440898841555 0.009373973665049107
60 120 2.5 2.75 38 39 285.6104079571783 0.008771851789958873
60 120 2.5 2.75 39 40 271.1720647881766 0.00821299448824675
60 120 2.5 2.75 40 42 502.6123859207267 0.01992832921877152
60 120 2.5 2.75 42 44 454.9174491601652 0.01509177890449109
60 120 2.5 2.75 44 46 412.7396626708679 0.01159484276485045
60 120 2.5 2.75 46 48 375.2911633051983 0.01023390318755446
60 120 2.5 2.75 48 50 341.9222737361933 0.009071901187837739
60 120 2.5 2.75 50 52 312.0911363182138 0.008058496008686689
60 120 2.5 2.75 52 54 285.3435395068315 0.007173563333196853
60 120 2.5 2.75 54 56 261.294566020455 0.006399265673337595
60 120 2.5 2.75 56 58 239.61879121243 0.005717956278687097
60 120 2.5 2.75 58 60 220.0368308360695 0.005120677606214485
60 120 2.5 2.75 60 65 476.0896602068942 0.01968068036626391
60 120 2.5 2.75 65 70 388.5853350988169 0.008193611474098361
60 120 2.5 2.75 70 80 582.6492064836041 0.01140322858100262
60 120 2.5 2.75 80 90 400.9545638673444 0.007177286483283751
60 120 2.5 2.75 90 100 280.7445334637836 0.004670097332962087
60 120 2.75 3 0 0.5 -2.464210503591544 7.017702290124106e-05
60 120 2.75 3 0.5 1 -1358.837971587501 0.04946120011959465
60 120 2.75 3 1 1.5 2697.002643336013 0.07614126553789902
60 120 2.75 3 1.5 2 4110.986806954805 0.02123370008393977
60 120 2.75 3 2 2.5 4109.676930413877 0.03309181248732784
60 120 2.75 3 2.5 3 3803.989164248612 0.01533544947869814
60 120 2.75 3 3 3.5 3449.482059450929 0.006472896462128119
60 120 2.75 3 3.5 4 3114.203941956413 0.006907967299866868
60 120 2.75 3 4 4.5 2814.792793036023 0.003290367098088609
60 120 2.75 3 4.5 5 2552.387157572957 0.01246651061728699
60 120 2.75 3 5 5.5 2323.516721430181 0.009761590850757784
60 120 2.75 3 5.5 6 2123.704008591026 0.1059882269278205
60 120 2.75 3 6 6.5 1948.663514157093 0.09622927517420976
60 120 2.75 3 6.5 7 1794.64137348831 0.08769491875705171
60 120 2.75 3 7 7.5 1658.461512115692 0.08024166888117179
60 120 2.75 3 7.5 8 1537.477158155442 0.07363687440670219
60 120 2.75 3 8 8.5 1429.491114743043 0.06789291111113016
60 120 2.75 3 8.5 9 1332.678902718386 0.06280524738303939
60 120 2.75 3 9 9.5 1245.520444514136 0.05821798570900683
60 120 2.75 3 9.5 10 1166.74701009242 0.05410027591847211
60 120 2.75 3 10 10.5 1095.29030629072 0.05216497225819694
60 120 2.75 3 10.5 11 1030.248012845135 0.04707035131127668
60 120 2.75 3 11 11.5 970.8573080319285 0.04406333826511855
60 120 2.75 3 11.5 12 916.4626846110842 0.04130939876449702
60 120 2.75 3 12 12.5 866.5064785034867 0.03878935900979741
60 120 2.75 3 12.5 13 820.5055003499845 0.03649111722393172
60 120 2.75 3 13 13.5 778.043277984017 0.03438134058512787
60 120 2.75 3 13.5 14 738.7562542259369 0.03244228098503754
60 120 2.75 3 14 14.5 702.3282791906283 0.03065215532387811
60 120 2.75 3 14.5 15 668.4817842936833 0.02899935547156929
60 120 2.75 3 15 16 1244.562440720524 0.05351039944434888
60 120 2.75 3 16 17 1134.582168908811 0.04819815054747778
60 120 2.75 3 17 18 1038.141493862312 0.04359379899187843
60 120 2.75 3 18 19 953.0678677132975 0.03955164527110355
60 120 2.75 3 19 20 877.6161977527598 0.03601335387315885
60 120 2.75 3 20 21 810.3696063685229 0.03287158748889851
60 120 2.75 3 21 22 750.1659147504105 0.03404752945641576
60 120 2.75 3 22 23 696.0458417116967 0.02856193772265669
60 120 2.75 3 23 24 647.2094889422287 0.02537604218116485
60 120 2.75 3 24 25 602.9858682490648 0.02337876033107023
60 120 2.75 3 25 26 562.8093045608641 0.02157202770638378
60 120 2.75 3 26 27 526.1998614359098 0.0199432341416923
60 120 2.75 3 27 28 492.7467753126997 0.01845989083039967
60 120 2.75 3 28 29 462.0979944075251 0.01710810362516213
60 120 2.75 3 29 30 433.9484400170321 0.01587864712712417
60 120 2.75 3 30 31 408.0362460230899 0.0147484571028258
60 120 2.75 3 31 32 384.1313584168439 0.01371051958193448
60 120 2.75 3 32 33 362.0341215736676 0.01275937541174699
60 120 2.75 3 33 34 341.5684530418545 0.01188187922286943
60 120 2.75 3 34 35 322.5802178387512 0.01107251089837291
60 120 2.75 3 35 36 304.9322823930749 0.01033032482217777
60 120 2.75 3 36 37 288.5047178308222 0.009641760994782089
60 120 2.75 3 37 38 273.1894581086058 0.009006776469163924
60 120 2.75 3 38 39 258.8911130907989 0.008423333364191876
60 120 2.75 3 39 40 245.5239258281102 0.007881300220674348
60 120 2.75 3 40 42 454.295825648533 0.01742386631781301
60 120 2.75 3 42 44 410.2277663355829 0.01305767771333421
60 120 2.75 3 44 46 371.3106367347557 0.01107890954165214
60 120 2.75 3 46 48 336.8053504555037 0.009782719608097068
60 120 2.75 3 48 50 306.102474604347 0.008660058693010342
60 120 2.75 3 50 52 278.6952030795235 0.007678417372744661
60 120 2.75 3 52 54 254.1572870945035 0.006825745374385406
60 120 2.75 3 54 56 232.1290691663741 0.006077020306690883
60 120 2.75 3 56 58 212.3064495511317 0.005423098207785415
60 120 2.75 3 58 60 194.4287630867775 0.004846984563556589
60 120 2.75 3 60 65 418.6782309995274 0.010030585571144
60 120 2.75 3 65 70 339.2687115884446 0.007691018895854995
60 120 2.75 3 70 80 503.083757663382 0.01061453801571588
60 120 2.75 3 80 90 340.5527207498273 0.006593140646259599
60 120 2.75 3 90 100 234.2426831971463 0.004225345025503202
60 120 3 3.25 0 0.5 -2.205538307929844 6.648939458919756e-05
60 120 3 3.25 0.5 1 -719.9607828377921 0.01648109170389489
60 120 3 3.25 1 1.5 3017.851771484897 0.07130376458462706
60 120 3 3.25 1.5 2 4075.755403799513 0.0125734719117645
60 120 3 3.25 2 2.5 3962.404772844079 0.005820811415105709
60 120 3 3.25 2.5 3 3619.833262050624 0.006196536042352818
60 120 3 3.25 3 3.5 3256.475186492124 0.01472667075722711
60 120 3 3.25 3.5 4 2923.813202868267 0.002472243259489915
60 120 3 3.25 4 4.5 2631.813663685574 0.001991612285110023
60 120 3 3.25 4.5 5 2378.646818215651 0.008954153895047057
60 120 3 3.25 5 5.5 2159.480964075777 0.007928257083221979
60 120 3 3.25 5.5 6 1969.201878131103 0.00216743532109831
60 120 3 3.25 6 6.5 1803.233624382426 0.001296970145631349
60 120 3 3.25 6.5 7 1657.700750347831 0.002208757768357827
60 120 3 3.25 7 7.5 1529.398538714521 0.0005901025326693343
60 120 3 3.25 7.5 8 1415.693276588717 0.003011554863633137
60 120 3 3.25 8 8.5 1314.418820969719 0.004778868661333036
60 120 3 3.25 8.5 9 1223.794562889231 0.06086398806860416
60 120 3 3.25 9 9.5 1142.344685497023 0.05640509714362452
60 120 3 3.25 9.5 10 1068.839496988526 0.05240228459388163
60 120 3 3.25 10 10.5 1002.252730321734 0.04879992954249701
60 120 3 3.25 10.5 11 941.7208119708671 0.04555003603934438
60 120 3 3.25 11 11.5 886.5097195347902 0.04260461171350016
60 120 3 3.25 11.5 12 835.9998749104415 0.03993890943593215
60 120 3 3.25 12 12.5 789.6576619724887 0.0375092752517503
60 120 3 3.25 12.5 13 747.0237513483967 0.03527236103468567
60 120 3 3.25 13 13.5 707.7043310102982 0.03321704688698901
60 120 3 3.25 13.5 14 671.3552603483213 0.0313331794768601
60 120 3 3.25 14 14.5 637.6789437658629 0.02959757846849698
60 120 3 3.25 14.5 15 606.412291216658 0.02799674807090469
60 120 3 3.25 15 16 1127.547951234166 0.05165839771711944
60 120 3 3.25 16 17 1026.159884880234 0.04651317618117901
60 120 3 3.25 17 18 937.3654186811365 0.04205556462920867
60 120 3 3.25 18 19 859.1316935933808 0.03815997433662233
60 120 3 3.25 19 20 789.8259012774461 0.03472331284751817
60 120 3 3.25 20 21 728.1245533230881 0.03168667056502272
60 120 3 3.25 21 22 672.9446475030174 0.03110134098380968
60 120 3 3.25 22 23 623.3923054596946 0.02657569712710028
60 120 3 3.25 23 24 578.7229138001913 0.02441139134998593
60 120 3 3.25 24 25 538.312847470393 0.02246632530159332
60 120 3 3.25 25 26 501.6369276455767 0.02071093409500691
60 120 3 3.25 26 27 468.2500685111995 0.01911894184348739
60 120 3 3.25 27 28 437.7704286128879 0.01767723602768001
60 120 3 3.25 28 29 409.8713618318258 0.0163646828281685
60 120 3 3.25 29 30 384.2716209444407 0.01516499114882208
60 120 3 3.25 30 31 360.7283517372408 0.01407286709979871
60 120 3 3.25 31 32 339.0297596321054 0.0130689122834724
60 120 3 3.25 32 33 318.9904575098617 0.01214947080865159
60 120 3 3.25 33 34 300.4478902523946 0.01130782207593484
60 120 3 3.25 34 35 283.2599110465495 0.0105300861437172
60 120 3 3.25 35 36 267.3013165504491 0.009813695097363961
60 120 3 3.25 36 37 252.4607141978608 0.009156402537882968
60 120 3 3.25 37 38 238.6390410878082 0.008546904375378972
60 120 3 3.25 38 39 225.7476047405369 0.007982634243063558
60 120 3 3.25 39 40 213.7078177323756 0.00746339019499942
60 120 3 3.25 40 42 394.3595639045226 0.01408104973859281
60 120 3 3.25 42 44 354.7944256728464 0.01185167033969492
60 120 3 3.25 44 46 319.9295651675433 0.01041580091106198
60 120 3 3.25 46 48 289.0880950602844 0.00917692593850461
60 120 3 3.25 48 50 261.7114623653868 0.008099854137299189
60 120 3 3.25 50 52 237.3319105895222 0.007165692413195757
60 120 3 3.25 52 54 215.5593790031839 0.006349510753238974
60 120 3 3.25 54 56 196.0654412525343 0.005637453335765485
60 120 3 3.25 56 58 178.5692330282339 0.005014721512907272
60 120 3 3.25 58 60 162.8319479486019 0.004467765316206851
60 120 3 3.25 60 65 348.0027302378172 0.00919168446051799
60 120 3 3.25 65 70 278.7925004315793 0.006985170192990608
60 120 3 3.25 70 80 406.2257641690678 0.009503090626822086
60 120 3 3.25 80 90 267.9510456430676 0.005771623078771881
60 120 3 3.25 90 100 179.2077020986618 0.00360735519424793
60 120 3.25 3.5 0 0.5 -1.906834091614087 6.170558698959105e-05
60 120 3.25 3.5 0.5 1 -55.15015314410854 0.00210257384205903
60 120 3.25 3.5 1 1.5 3260.439430746966 0.06655093150720859
60 120 3.25 3.5 1.5 2 3929.918259836668 0.02452732631581966
60 120 3.25 3.5 2 2.5 3706.386519150287 0.004552079949917243
60 120 3.25 3.5 2.5 3 3335.672464307665 0.01168090066630612
60 120 3.25 3.5 3 3.5 2973.021898749903 0.009552831651035376
60 120 3.25 3.5 3.5 4 2651.823368410872 0.003143821973935701
60 120 3.25 3.5 4 4.5 2375.017375720352 0.002447647864755709
60 120 3.25 3.5 4.5 5 2137.868188024649 0.008254360211140011
60 120 3.25 3.5 5 5.5 1934.298451016424 0.004932298458015794
60 120 3.25 3.5 5.5 6 1758.688509488521 0.0006591551284600428
60 120 3.25 3.5 6 6.5 1606.291025920772 0.001613957867220961
60 120 3.25 3.5 6.5 7 1473.213367400344 0.00349466122929698
60 120 3.25 3.5 7 7.5 1356.2980666772 0.002440312053522575
60 120 3.25 3.5 7.5 8 1252.991760584104 0.0009966877926217421
60 120 3.25 3.5 8 8.5 1161.220556072378 0.002029387926086201
60 120 3.25 3.5 8.5 9 1079.288824334136 0.003492029551352971
60 120 3.25 3.5 9 9.5 1005.800616078688 0.002744625759191877
60 120 3.25 3.5 9.5 10 939.6023099267591 0.001712351931473677
60 120 3.25 3.5 10 10.5 879.7353430801052 0.04313296190127858
60 120 3.25 3.5 10.5 11 825.3964878190429 0.03730448292549227
60 120 3.25 3.5 11 11.5 775.9062162273752 0.03236964395341602
60 120 3.25 3.5 11.5 12 730.6879713500182 0.02813084232104757
60 120 3.25 3.5 12 12.5 689.250453923704 0.02466297195769585
60 120 3.25 3.5 12.5 13 651.1729994515207 0.02148715335647466
60 120 3.25 3.5 13 13.5 616.0947022750693 0.01898910674481158
60 120 3.25 3.5 13.5 14 583.701260647068 0.01675995601794966
60 120 3.25 3.5 14 14.5 553.7194763911427 0.0149268627407082
60 120 3.25 3.5 14.5 15 525.9097953124755 0.01330153043841165
60 120 3.25 3.5 15 16 976.0583939468768 0.003782191409186453
60 120 3.25 3.5 16 17 886.1153414679688 0.002664883342959001
60 120 3.25 3.5 17 18 807.478511113067 0.04025430281069475
60 120 3.25 3.5 18 19 738.3032904284398 0.03647599892735798
60 120 3.25 3.5 19 20 677.1155505030979 0.03314850933281832
60 120 3.25 3.5 20 21 622.7244147571515 0.03020283350542741
60 120 3.25 3.5 21 22 574.1536365079161 0.02759001804338368
60 120 3.25 3.5 22 23 530.5967172861649 0.02526084094449743
60 120 3.25 3.5 23 24 491.3871355044283 0.02316879476040867
60 120 3.25 3.5 24 25 455.9673418224193 0.02129333954206913
60 120 3.25 3.5 25 26 423.8655881691278 0.01960274462402367
60 120 3.25 3.5 26 27 394.6817815638377 0.0180661404238549
60 120 3.25 3.5 27 28 368.0767322145821 0.01667901028304186
60 120 3.25 3.5 28 29 343.7597894940191 0.01541813271524006
60 120 3.25 3.5 29 30 321.4793653681394 0.0142643715369104
60 120 3.25 3.5 30 31 301.0177102636516 0.01321319312023661
60 120 3.25 3.5 31 32 282.1865335160828 0.01225381992719576
60 120 3.25 3.5 32 33 264.8214837748765 0.0113740022801494
60 120 3.25 3.5 33 34 248.7787137782614 0.01056371830716785
60 120 3.25 3.5 34 35 233.9305603902405 0.009820984182908887
60 120 3.25 3.5 35 36 220.1654933973956 0.009140704673768596
60 120 3.25 3.5 36 37 207.3845441278299 0.008510767530651719
60 120 3.25 3.5 37 38 195.5002005483792 0.007927883246765077
60 120 3.25 3.5 38 39 184.4340036157471 0.007392038636254483
60 120 3.25 3.5 39 40 174.1159465900094 0.006898013381118062
60 120 3.25 3.5 40 42 319.9647499375981 0.01245353000808791
60 120 3.25 3.5 42 44 286.2266161678066 0.01087576192230699
60 120 3.25 3.5 44 46 256.6029170068335 0.009520259646649265
60 120 3.25 3.5 46 48 230.4940944503543 0.008348220418042729
60 120 3.25 3.5 48 50 207.4061439339859 0.007338604633702062
60 120 3.25 3.5 50 52 186.9271496324315 0.006458473899670025
60 120 3.25 3.5 52 54 168.7128603490775 0.005697366068602605
60 120 3.25 3.5 54 56 152.4729499624505 0.005031965942265515
60 120 3.25 3.5 56 58 137.9606286170567 0.004452212962007707
60 120 3.25 3.5 58 60 124.9661363808772 0.003946404245652957
60 120 3.25 3.5 60 65 263.9643981887714 0.008041945393472361
60 120 3.25 3.5 65 70 207.7403455079655 0.006020698584308093
60 120 3.25 3.5 70 80 294.5594305353421 0.00800028337312142
60 120 3.25 3.5 80 90 186.5820797238445 0.004687853993573299
60 120 3.25 3.5 90 100 119.4185446900753 0.002816600939326008
60 120 3.5 4 0 0.5 -2.662388925911038 0.0001023730176084037
60 120 3.5 4 0.5 1 1554.986705176501 0.07098251488218921
60 120 3.5 4 1 1.5 6304.188142186626 0.08228785640676506
60 120 3.5 4 1.5 2 6516.555354857651 0.02024447162602883
60 120 3.5 4 2 2.5 5852.600821045938 0.008551417379749182
60 120 3.5 4 2.5 3 5133.594736380767 0.01765903441901173
60 120 3.5 4 3 3.5 4500.0584398868 0.005590750191913685
60 120 3.5 4 3.5 4 3965.738863140004 0.003350115759076289
60 120 3.5 4 4 4.5 3518.436656522263 0.003471900041859044
60 120 3.5 4 4.5 5 3142.63906036086 0.003742804559806245
60 120 3.5 4 5 5.5 2824.62593888353 0.002273781025451171
60 120 3.5 4 5.5 6 2553.292262122352 0.001189074197554874
60 120 3.5 4 6 6.5 2319.894661249872 0.0001849928235060361
60 120 3.5 4 6.5 7 2117.571677330624 0.0001561643025524972
60 120 3.5 4 7 7.5 1940.924873202428 0.001201548408744202
60 120 3.5 4 7.5 8 1785.679921203685 0.001583227486662508
60 120 3.5 4 8 8.5 1648.421153072339 0.001388540615153033
60 120 3.5 4 8.5 9 1526.396656233964 0.0007740139587895101
60 120 3.5 4 9 9.5 1417.368061520492 0.0004074527555530949
60 120 3.5 4 9.5 10 1319.501668120877 0.0008459272341951873
60 120 3.5 4 10 10.5 1231.282830291968 0.0002358662507049303
60 120 3.5 4 10.5 11 1151.450699504425 0.05522637604963165
60 120 3.5 4 11 11.5 1078.947489545536 0.04778879943341963
60 120 3.5 4 11.5 12 1012.880409580613 0.04150358769095419
60 120 3.5 4 12 12.5 952.4923831216214 0.03608344742690406
60 120 3.5 4 12.5 13 897.1376320549761 0.03163883657487077
60 120 3.5 4 13 13.5 846.2607361909503 0.02777190049596356
60 120 3.5 4 13.5 14 799.3824456062987 0.02452891618816011
60 120 3.5 4 14 14.5 756.087053321674 0.02166609135247199
60 120 3.5 4 14.5 15 716.0134556611744 0.01920289640565898
60 120 3.5 4 15 16 1323.152627722822 0.0001007342948469159
60 120 3.5 4 16 17 1194.314711379696 0.0007501357010823995
60 120 3.5 4 17 18 1082.095499277483 0.0010186104677814
60 120 3.5 4 18 19 983.7446985595915 0.0002196843694264317
60 120 3.5 4 19 20 897.0647228067569 0.0005768829709040801
60 120 3.5 4 20 21 820.2839582978606 0.0005965045623952392
60 120 3.5 4 21 22 751.959482286986 0.03724703134616902
60 120 3.5 4 22 23 690.9052383934634 0.03092733971800499
60 120 3.5 4 23 24 636.1379512287864 0.02572868972731612
60 120 3.5 4 24 25 586.8367538735787 0.02139825892015779
60 120 3.5 4 25 26 542.3122946325697 0.01786054108424651
60 120 3.5 4 26 27 501.9808927758308 0.01494145129237268
60 120 3.5 4 27 28 465.3461277043085 0.01246203457003503
60 120 3.5 4 28 29 431.9839694609449 0.0103963184614031
60 120 3.5 4 29 30 401.5293292425909 0.008686359930379695
60 120 3.5 4 30 31 373.6665225626326 0.007218215003717887
60 120 3.5 4 31 32 348.1220219669107 0.005950008671277374
60 120 3.5 4 32 33 324.6579035360093 0.004883586686162289
60 120 3.5 4 33 34 303.0658510597048 0.003995134162494196
60 120 3.5 4 34 35 283.1624612671315 0.003232536244354378
60 120 3.5 4 35 36 264.7863936514187 0.00253830200261973
60 120 3.5 4 36 37 247.7956020667208 0.001992265428867768
60 120 3.5 4 37 38 232.0634046046228 0.001505920338303213
60 120 3.5 4 38 39 217.4774704666012 0.001052772035109228
60 120 3.5 4 39 40 203.9381805205578 0.0006963494111005275
60 120 3.5 4 40 42 371.0054529406217 0.002173636379097843
60 120 3.5 4 42 44 327.3321041557042 0.001662506574803047
60 120 3.5 4 44 46 289.3499394083657 0.004328860000100576
60 120 3.5 4 46 48 256.204185460481 0.006286405147875485
60 120 3.5 4 48 50 227.1908728739299 0.01128781657254763
60 120 3.5 4 50 52 201.7260679471637 0.009810430279685534
60 120 3.5 4 52 54 179.3225628057445 0.008537408638346733
60 120 3.5 4 54 56 159.5703281711417 0.007440395984247061
60 120 3.5 4 56 58 142.1224712477852 0.006497413063215163
60 120 3.5 4 58 60 126.6839495129503 0.005671390118024533
60 120 3.5 4 60 65 260.1787648445244 0.01127323049979623
60 120 3.5 4 65 70 196.2022355012085 0.008112777264443594
60 120 3.5 4 70 80 260.7579521580521 0.01015259631594745
60 120 3.5 4 80 90 150.0255694672193 0.00543128872797638
60 120 3.5 4 90 100 86.58096105462246 0.002945477756895798
60 120 4 5 0 0.5 -0.6508712480498713 9.372679811825435e-06
60 120 4 5 0.5 1 1871.352546410972 0.05828820613805874
60 120 4 5 1 1.5 3533.112691257343 0.0965177887428581
60 120 4 5 1.5 2 3046.114765126719 0.05764061872150705
60 120 4 5 2 2.5 2542.369057704673 0.0329359624938661
60 120 4 5 2.5 3 2136.491324869097 0.02195736909061452
60 120 4 5 3 3.5 1818.030875605112 0.01697285474460841
60 120 4 5 3.5 4 1566.182212259242 0.009721124433553996
60 120 4 5 4 4.5 1363.675724584031 0.05994672663587153
60 120 4 5 4.5 5 1198.915592809639 0.04352116371183001
60 120 4 5 5 5.5 1062.675543851528 0.03058554064887176
60 120 4 5 5.5 6 948.5742307182703 0.02065250006819497
60 120 4 5 6 6.5 851.9302092938229 0.01275669263498003
60 120 4 5 6.5 7 769.2550070849345 0.006425254634564226
60 120 4 5 7 7.5 697.9036722721568 0.001316758494908754
60 120 4 5 7.5 8 635.8418249417657 0.002675448044897166
60 120 4 5 8 8.5 581.4819495158126 0.006059294434976437
60 120 4 5 8.5 9 533.5682692316409 0.008793764127176473
60 120 4 5 9 9.5 491.0975929684018 0.01102391051750828
60 120 4 5 9.5 10 453.2595312704661 0.01283054248943927
60 120 4 5 10 10.5 419.3921490312106 0.01432000345380402
60 120 4 5 10.5 11 388.9500492542336 0.01553251002781053
60 120 4 5 11 11.5 361.4805641810607 0.01795544033052465
60 120 4 5 11.5 12 336.6840765880867 0.01542999562320801
60 120 4 5 12 12.5 314.0783439245706 0.01327793678092348
60 120 4 5 12.5 13 293.4781522257022 0.01146970056908003
60 120 4 5 13 13.5 274.6527754885079 0.00994778688959741
60 120 4 5 13.5 14 257.4043110528052 0.008646312480777851
60 120 4 5 14 14.5 241.5622433916861 0.007527596679750559
60 120 4 5 14.5 15 226.9788825594243 0.006577306800892302
60 120 4 5 15 16 414.616437872791 0.00308576732874144
60 120 4 5 16 17 368.4681850324968 0.002698787906183497
60 120 4 5 17 18 328.6943658777049 0.002649886289532333
60 120 4 5 18 19 294.1991731796081 0.002585707014077343
60 120 4 5 19 20 264.1147055811535 0.002461381091507064
60 120 4 5 20 21 237.7444113980009 0.0118247762598287
60 120 4 5 21 22 214.5247313790445 0.009056855836661271
60 120 4 5 22 23 193.9955015081153 0.006924540502836862
60 120 4 5 23 24 175.7770506836954 0.005188254697770844
60 120 4 5 24 25 159.5544303706886 0.003814873205186586
60 120 4 5 25 26 145.0640538836997 0.002714446526510983
60 120 4 5 26 27 132.0842267327494 0.002331776620593473
60 120 4 5 27 28 120.4272092072289 0.002285989523599596
60 120 4 5 28 29 109.9331348897993 0.002320118843059049
60 120 4 5 29 30 100.4650600293747 0.00220420892844686
60 120 4 5 30 31 91.90525664819275 0.002047957636975184
60 120 4 5 31 32 84.152270736245 0.002046804853179651
60 120 4 5 32 33 77.11800347687448 0.001972119180436493
60 120 4 5 33 34 70.72572354920061 0.001765940350352935
60 120 4 5 34 35 64.90834644228339 0.001613613020694515
60 120 4 5 35 36 59.60716813606347 0.001524365868604605
60 120 4 5 36 37 54.77032276689065 0.00143512460527262
60 120 4 5 37 38 50.35211043218485 0.001298687875639359
60 120 4 5 38 39 46.31198428750995 0.001334688740683987
60 120 4 5 39 40 42.61399598979414 0.001352104179098035
60 120 4 5 40 42 75.34608739500656 0.001705627325989667
60 120 4 5 42 44 63.92232329471809 0.001265583929708214
60 120 4 5 44 46 54.2851883699309 0.0009260466119940247
60 120 4 5 46 48 46.13639783218152 0.0006508818246828696
60 120 4 5 48 50 39.23244909523891 0.0003792389084438241
60 120 4 5 50 52 33.37390479638508 0.0002222253821315689
60 120 4 5 52 54 28.39576952507243 4.242865342618529e-05
60 120 4 5 54 56 24.16138490831299 4.454909533180285e-05
60 120 4 5 56 58 20.55662123574714 0.0001392295269972976
60 120 4 5 58 60 17.48608169405546 0.0001900566823849204
60 120 4 5 60 65 33.09677164434439 0.0005675471494939188
60 120 4 5 65 70 22.00319610697027 0.0005360558829607953
60 120 4 5 70 80 24.15404458649691 0.0004856907744681394
60 120 4 5 80 90 10.34122866440265 0.0001535826050922395
60 120 4 5 90 100 4.286633954382318 9.550108672762292e-05
10 120 -5 5 0 100 1456809.609291186 29.25150486996593
