#q2lo q2hi ylo yhi qTlo qThi PDF0  uncertainty
10 60 -5 -4 0 0.5 -501401.3252722991 10.36446974932915
10 60 -5 -4 0.5 1 97808.58079079037 0.3534977025556145
10 60 -5 -4 1 1.5 97211.27096108274 3.923389920208137
10 60 -5 -4 1.5 2 76313.95792624021 2.681927237950731
10 60 -5 -4 2 2.5 60116.20070571736 1.918755270402471
10 60 -5 -4 2.5 3 48349.07505801804 1.420468130512745
10 60 -5 -4 3 3.5 39664.85991323778 1.500397656767746
10 60 -5 -4 3.5 4 33089.27203692927 0.8605524267550209
10 60 -5 -4 4 4.5 27986.29382544085 0.6937308124870469
10 60 -5 -4 4.5 5 23939.76297395525 0.5693875594479323
10 60 -5 -4 5 5.5 20671.13726040944 0.6992909384571249
10 60 -5 -4 5.5 6 17989.08658611777 0.3913509932572197
10 60 -5 -4 6 6.5 15758.74896194384 0.326233482635871
10 60 -5 -4 6.5 7 13882.85290189791 0.2727855951270612
10 60 -5 -4 7 7.5 12289.68420219084 0.2279943254088721
10 60 -5 -4 7.5 8 10925.31658616362 0.1909436603218637
10 60 -5 -4 8 8.5 9748.472794248986 0.1605842223452782
10 60 -5 -4 8.5 9 8727.040154590302 0.1355153064978367
10 60 -5 -4 9 9.5 7835.660324419579 0.1148311030810873
10 60 -5 -4 9.5 10 7054.049320659407 0.09735058508431393
10 60 -5 -4 10 10.5 6365.779979310974 0.08313541438292305
10 60 -5 -4 10.5 11 5757.41044673629 0.07178732095235318
10 60 -5 -4 11 11.5 5217.83684158147 0.2398527659424872
10 60 -5 -4 11.5 12 4737.804594103925 0.1779098958404575
10 60 -5 -4 12 12.5 4309.544728857776 0.1288068372859925
10 60 -5 -4 12.5 13 3926.489822145862 0.08986042192509558
10 60 -5 -4 13 13.5 3583.054175864288 0.05919387219046257
10 60 -5 -4 13.5 14 3274.460292896097 0.03505479920795551
10 60 -5 -4 14 14.5 2996.603163462089 0.02917889728178125
10 60 -5 -4 14.5 15 2745.939567127569 0.02594715150189586
10 60 -5 -4 15 16 4833.706890078287 0.1129748105695398
10 60 -5 -4 16 17 4087.782435298959 0.03557972673297627
10 60 -5 -4 17 18 3471.773462386084 0.0289128454087404
10 60 -5 -4 18 19 2960.194970983624 0.02376554283546284
10 60 -5 -4 19 20 2533.162448011018 0.01969163796275097
10 60 -5 -4 20 21 2175.021235156276 0.01647060426194003
10 60 -5 -4 21 22 1873.346586390037 0.01382144589092604
10 60 -5 -4 22 23 1618.207899605655 0.01165547530194999
10 60 -5 -4 23 24 1401.615126079016 0.01205948271126545
10 60 -5 -4 24 25 1217.098986796309 0.01251779758126759
10 60 -5 -4 25 26 1059.392135338086 0.01323893887615668
10 60 -5 -4 26 27 924.1847555036281 0.01382707357026902
10 60 -5 -4 27 28 807.9323700966098 0.01385918937342012
10 60 -5 -4 28 29 707.7056044237079 0.0138739137007633
10 60 -5 -4 29 30 621.074492834103 0.0135749183898497
10 60 -5 -4 30 31 546.0143281685502 0.01334220720036683
10 60 -5 -4 31 32 480.8311924142902 0.01310717328283317
10 60 -5 -4 32 33 424.103496321745 0.012894752680495
10 60 -5 -4 33 34 374.6337711313576 0.01267559396853812
10 60 -5 -4 34 35 331.4102322719629 0.01238032760215901
10 60 -5 -4 35 36 293.5749779831 0.01188987633446459
10 60 -5 -4 36 37 260.3983603350496 0.01143477767948298
10 60 -5 -4 37 38 231.2584966250381 0.01087176330736384
10 60 -5 -4 38 39 205.6239877784163 0.001259974401079944
10 60 -5 -4 39 40 183.0392330945574 0.001116088677065363
10 60 -5 -4 40 42 308.6199057097573 0.001872881074234556
10 60 -5 -4 42 44 246.0686958675353 0.001486529756590471
10 60 -5 -4 44 46 196.9389997912257 0.001182986208874581
10 60 -5 -4 46 48 158.1711658816857 0.0009491790541744649
10 60 -5 -4 48 50 127.447535080861 0.005688906826549101
10 60 -5 -4 50 52 103.0019211767632 0.002645154319409926
10 60 -5 -4 52 54 83.47850453411023 0.0004983161310576634
10 60 -5 -4 54 56 67.83201153862323 0.002742674168445092
10 60 -5 -4 56 58 55.25146797717963 0.0003298877057176242
10 60 -5 -4 58 60 45.10523673479239 0.0002695988021486073
10 60 -5 -4 60 65 80.16583474410945 0.0004818789045657468
10 60 -5 -4 65 70 49.04457554745289 0.0002968672625627278
10 60 -5 -4 70 80 49.08653572669258 0.0009494489502657188
10 60 -5 -4 80 90 19.09737886358378 0.0005199344453181709
10 60 -5 -4 90 100 7.492519337701582 0.0002359890543068843
10 60 -4 -3.5 0 0.5 -338983.9929946024 15.56473651278066
10 60 -4 -3.5 0.5 1 40476.07594637867 0.3108257672938635
10 60 -4 -3.5 1 1.5 50385.93160930055 2.315257811671472
10 60 -4 -3.5 1.5 2 41441.72153779328 1.46275217627408
10 60 -4 -3.5 2 2.5 33418.80561606533 1.023974926363735
10 60 -4 -3.5 2.5 3 27291.84433907681 0.8016171761446458
10 60 -4 -3.5 3 3.5 22647.07299644759 0.6614462302641186
10 60 -4 -3.5 3.5 4 19068.43790331203 0.5407942086203548
10 60 -4 -3.5 4 4.5 16256.39314641705 0.4363874415703322
10 60 -4 -3.5 4.5 5 14005.10399840882 0.3484539111141203
10 60 -4 -3.5 5 5.5 12172.62179366031 0.2784445907982445
10 60 -4 -3.5 5.5 6 10659.38048469578 0.2261086401304055
10 60 -4 -3.5 6 6.5 9394.137863098813 0.1860585045196785
10 60 -4 -3.5 6.5 7 8324.867368278889 0.154981412084453
10 60 -4 -3.5 7 7.5 7412.842038596618 0.1295781117305523
10 60 -4 -3.5 7.5 8 6628.704834103333 0.1086209432296528
10 60 -4 -3.5 8 8.5 5949.832934526923 0.09138881260969356
10 60 -4 -3.5 8.5 9 5358.520751099141 0.07702244868505659
10 60 -4 -3.5 9 9.5 4840.71899549699 0.06523218524307595
10 60 -4 -3.5 9.5 10 4385.138265127901 0.05557751653668674
10 60 -4 -3.5 10 10.5 3982.604781317573 0.04768882046482759
10 60 -4 -3.5 10.5 11 3625.586675448274 0.04129683772180215
10 60 -4 -3.5 11 11.5 3307.843789004457 0.152085041861028
10 60 -4 -3.5 11.5 12 3024.1632404109 0.1165827207464645
10 60 -4 -3.5 12 12.5 2770.159282451004 0.08824284764659751
10 60 -4 -3.5 12.5 13 2542.117927876479 0.06568308500709463
10 60 -4 -3.5 13 13.5 2336.874851090619 0.04773237680137754
10 60 -4 -3.5 13.5 14 2151.719969388612 0.03349923485848194
10 60 -4 -3.5 14 14.5 1984.321224256546 0.02217270734922749
10 60 -4 -3.5 14.5 15 1832.663820539611 0.01526226564010358
10 60 -4 -3.5 15 16 3264.801619480872 0.02838484947096731
10 60 -4 -3.5 16 17 2807.404712461342 0.03949864238302325
10 60 -4 -3.5 17 18 2425.94944290577 0.07816079791837183
10 60 -4 -3.5 18 19 2105.844856138762 0.0985527451039161
10 60 -4 -3.5 19 20 1835.680810440048 0.01232850998076174
10 60 -4 -3.5 20 21 1606.453152459158 0.01049070463545831
10 60 -4 -3.5 21 22 1410.993024265203 0.008906817106208109
10 60 -4 -3.5 22 23 1243.555153482763 0.007683954736648957
10 60 -4 -3.5 23 24 1099.500388398753 0.006589959035636639
10 60 -4 -3.5 24 25 975.0571311774992 0.005752928991341832
10 60 -4 -3.5 25 26 867.1439875536367 0.004994214848693446
10 60 -4 -3.5 26 27 773.2276545647302 0.004383505929354214
10 60 -4 -3.5 27 28 691.2139611087676 0.004251089477975256
10 60 -4 -3.5 28 29 619.3636047474491 0.005412161787944569
10 60 -4 -3.5 29 30 556.225234419995 0.006487519744041492
10 60 -4 -3.5 30 31 500.5820014585319 0.00707459899638252
10 60 -4 -3.5 31 32 451.409865137825 0.007651245520207794
10 60 -4 -3.5 32 33 407.8433973043072 0.008240528613384868
10 60 -4 -3.5 33 34 369.1480593929205 0.008453689848579415
10 60 -4 -3.5 34 35 334.6982363917275 0.008512460667134292
10 60 -4 -3.5 35 36 303.959335226529 0.008691148495870493
10 60 -4 -3.5 36 37 276.4730456210812 0.008833678377243359
10 60 -4 -3.5 37 38 251.8451426143079 0.008873976978691189
10 60 -4 -3.5 38 39 229.7354470414543 0.008944816655741761
10 60 -4 -3.5 39 40 209.8495535252741 0.009026510481731975
10 60 -4 -3.5 40 42 367.692662186926 0.01809046540353165
10 60 -4 -3.5 42 44 309.0459254491151 0.001521396380042006
10 60 -4 -3.5 44 46 260.903750246553 0.001277117844722397
10 60 -4 -3.5 46 48 221.1563923476038 0.001077477248401237
10 60 -4 -3.5 48 50 188.1654539530158 0.0009137515131385499
10 60 -4 -3.5 50 52 160.6478495144977 0.0007785867145457814
10 60 -4 -3.5 52 54 137.5911354399572 0.0006659980987819836
10 60 -4 -3.5 54 56 118.190672228179 0.0005718967043009116
10 60 -4 -3.5 56 58 101.8027128998218 0.0004925793888475027
10 60 -4 -3.5 58 60 87.90905569181109 0.0004257179296160984
10 60 -4 -3.5 60 65 171.7775570849884 0.0008340884177471253
10 60 -4 -3.5 65 70 121.2374381283806 0.000592152886298436
10 60 -4 -3.5 70 80 148.8027925480867 0.0007357231363300798
10 60 -4 -3.5 80 90 78.22780215520081 0.0003950667102827765
10 60 -4 -3.5 90 100 42.13968145930543 0.0002181143724868662
10 60 -3.5 -3.25 0 0.5 -191066.1871923659 2.991375380603131
10 60 -3.5 -3.25 0.5 1 17823.62684511063 0.2372681321539858
10 60 -3.5 -3.25 1 1.5 25265.83946315762 1.050778178061591
10 60 -3.5 -3.25 1.5 2 21229.33431459466 0.8139393788842426
10 60 -3.5 -3.25 2 2.5 17289.3413905353 0.588656625317526
10 60 -3.5 -3.25 2.5 3 14204.42507545548 0.4378295091519249
10 60 -3.5 -3.25 3 3.5 11835.7813535946 0.3466845098100748
10 60 -3.5 -3.25 3.5 4 9996.089039521483 0.2936547556728328
10 60 -3.5 -3.25 4 4.5 8542.279018199324 0.2696069962530601
10 60 -3.5 -3.25 4.5 5 7373.432077034403 0.2529756368594462
10 60 -3.5 -3.25 5 5.5 6418.868328669139 0.241513586365727
10 60 -3.5 -3.25 5.5 6 5628.504234880812 0.232510897379143
10 60 -3.5 -3.25 6 6.5 4966.234850361738 0.2257635665928319
10 60 -3.5 -3.25 6.5 7 4405.542523151661 0.08231281862754258
10 60 -3.5 -3.25 7 7.5 3926.590067497058 0.06823729601319428
10 60 -3.5 -3.25 7.5 8 3514.285048087479 0.0570575526671746
10 60 -3.5 -3.25 8 8.5 3156.953552951478 0.04780503867414154
10 60 -3.5 -3.25 8.5 9 2845.432710504546 0.04023482541197154
10 60 -3.5 -3.25 9 9.5 2572.432382521901 0.03422816152806263
10 60 -3.5 -3.25 9.5 10 2332.081007804423 0.02942538488332502
10 60 -3.5 -3.25 10 10.5 2119.596676652231 0.025248216516502
10 60 -3.5 -3.25 10.5 11 1931.045930378406 0.02177989367396549
10 60 -3.5 -3.25 11 11.5 1763.164636783244 0.08071044465486921
10 60 -3.5 -3.25 11.5 12 1613.222289824425 0.06179071374435807
10 60 -3.5 -3.25 12 12.5 1478.91833532738 0.04668691317669982
10 60 -3.5 -3.25 12.5 13 1358.302444616587 0.03470530012032214
10 60 -3.5 -3.25 13 13.5 1249.711238072887 0.02516783279907031
10 60 -3.5 -3.25 13.5 14 1151.719115100025 0.01763183802609092
10 60 -3.5 -3.25 14 14.5 1063.0983295816 0.01165883511589527
10 60 -3.5 -3.25 14.5 15 982.7873440592647 0.008072738938949442
10 60 -3.5 -3.25 15 16 1753.390672496906 0.01470728198069082
10 60 -3.5 -3.25 16 17 1510.955744094669 0.02071564684342775
10 60 -3.5 -3.25 17 18 1308.636477815334 0.04089947616216705
10 60 -3.5 -3.25 18 19 1138.73186303282 0.05133910326776459
10 60 -3.5 -3.25 19 20 995.2172525688255 0.006500748581515836
10 60 -3.5 -3.25 20 21 873.3371127524296 0.005516569026326579
10 60 -3.5 -3.25 21 22 769.3068435224767 0.004689836373131584
10 60 -3.5 -3.25 22 23 680.0914384100847 0.004045487595590203
10 60 -3.5 -3.25 23 24 603.2414164399463 0.003491616760129546
10 60 -3.5 -3.25 24 25 536.765524498286 0.003041688858729685
10 60 -3.5 -3.25 25 26 479.0366329451744 0.002653608598905066
10 60 -3.5 -3.25 26 27 428.7170846654165 0.002331171088712836
10 60 -3.5 -3.25 27 28 384.7012573847741 0.002056837722022919
10 60 -3.5 -3.25 28 29 346.0710674020032 0.00181906779334895
10 60 -3.5 -3.25 29 30 312.0602525882643 0.001619033242320711
10 60 -3.5 -3.25 30 31 282.0264767353809 0.001439251851252266
10 60 -3.5 -3.25 31 32 255.4289777903698 0.001293656091320372
10 60 -3.5 -3.25 32 33 231.8106311385322 0.001155369012224128
10 60 -3.5 -3.25 33 34 210.7834845347793 0.001043508739400067
10 60 -3.5 -3.25 34 35 192.0171049296172 0.0009400820006248978
10 60 -3.5 -3.25 35 36 175.2290482193321 0.0008507910188768619
10 60 -3.5 -3.25 36 37 160.17700789483 0.0007716916211961689
10 60 -3.5 -3.25 37 38 146.6524741398854 0.0007011690952367644
10 60 -3.5 -3.25 38 39 134.475474040187 0.0006388601343871869
10 60 -3.5 -3.25 39 40 123.4901863038094 0.0005830118119121153
10 60 -3.5 -3.25 40 42 218.1324130251554 0.001021737778728493
10 60 -3.5 -3.25 42 44 185.4245769603533 0.0008604287680782363
10 60 -3.5 -3.25 44 46 158.3876626487438 0.0007293090411053527
10 60 -3.5 -3.25 46 48 135.9002549638021 0.0006219234507511828
10 60 -3.5 -3.25 48 50 117.0897469159008 0.0005332368240686947
10 60 -3.5 -3.25 50 52 101.2713872046369 0.0004592956360909284
10 60 -3.5 -3.25 52 54 87.90357973078713 0.0003976214526346666
10 60 -3.5 -3.25 54 56 76.55470827130051 0.0003455100952862722
10 60 -3.5 -3.25 56 58 66.87848623477994 0.0003014241028154174
10 60 -3.5 -3.25 58 60 58.59520697380042 0.0002638573193820548
10 60 -3.5 -3.25 60 65 117.4500936193968 0.0005288894050607951
10 60 -3.5 -3.25 65 70 86.22973058513493 0.0003892209570892646
10 60 -3.5 -3.25 70 80 112.4081231120173 0.0006357469405315896
10 60 -3.5 -3.25 80 90 64.77590832092606 0.0005319340915406201
10 60 -3.5 -3.25 90 100 38.56960309359311 0.0004243228494402729
10 60 -3.25 -3 0 0.5 -205457.0910354408 6.279911196412286
10 60 -3.25 -3 0.5 1 16213.85948162236 0.008948785720349406
10 60 -3.25 -3 1 1.5 25294.34501161129 1.121728047644865
10 60 -3.25 -3 1.5 2 21548.18643322284 0.7744925817933108
10 60 -3.25 -3 2 2.5 17657.90372366192 0.6070314231401426
10 60 -3.25 -3 2.5 3 14560.70491553905 0.4750137677401653
10 60 -3.25 -3 3 3.5 12162.86698970953 0.3733004319856263
10 60 -3.25 -3 3.5 4 10290.87619354722 0.2901155859690334
10 60 -3.25 -3 4 4.5 8806.210507017306 0.2295580167465232
10 60 -3.25 -3 4.5 5 7609.33790232588 0.1868379564675706
10 60 -3.25 -3 5 5.5 6629.83116270715 0.1552777981514737
10 60 -3.25 -3 5.5 6 5817.452500798217 0.1327887581528557
10 60 -3.25 -3 6 6.5 5135.803320518799 0.1255547308355744
10 60 -3.25 -3 6.5 7 4558.053659001019 0.1202147572093963
10 60 -3.25 -3 7 7.5 4064.071596644824 0.1153701656908197
10 60 -3.25 -3 7.5 8 3638.499873154098 0.1115765543431735
10 60 -3.25 -3 8 8.5 3269.433647965117 0.10868119682209
10 60 -3.25 -3 8.5 9 2947.511968011046 0.1065228642551119
10 60 -3.25 -3 9 9.5 2665.272731597581 0.1048676003329092
10 60 -3.25 -3 9.5 10 2416.697749641402 0.1034467676286113
10 60 -3.25 -3 10 10.5 2196.878243911611 0.1022264341322625
10 60 -3.25 -3 10.5 11 2001.771988725218 0.02238998958955563
10 60 -3.25 -3 11 11.5 1828.019700073523 0.08413836253134832
10 60 -3.25 -3 11.5 12 1672.809872025872 0.06431663002604182
10 60 -3.25 -3 12 12.5 1533.771093479221 0.04852448662654751
10 60 -3.25 -3 12.5 13 1408.891416288783 0.03597829513978468
10 60 -3.25 -3 13 13.5 1296.453802822082 0.02603799155349407
10 60 -3.25 -3 13.5 14 1194.98558507939 0.01814864748484979
10 60 -3.25 -3 14 14.5 1103.218206577666 0.01193867934284754
10 60 -3.25 -3 14.5 15 1020.053852806596 0.008179460232781821
10 60 -3.25 -3 15 16 1820.38185606065 0.01410653940797602
10 60 -3.25 -3 16 17 1569.329768597039 0.02276223080048112
10 60 -3.25 -3 17 18 1359.821034554866 0.04357169834634078
10 60 -3.25 -3 18 19 1183.880973988113 0.05415897943521486
10 60 -3.25 -3 19 20 1035.268740711507 0.006618866176268057
10 60 -3.25 -3 20 21 909.0580336771563 0.005654442052104969
10 60 -3.25 -3 21 22 801.327681452666 0.004808790056017642
10 60 -3.25 -3 22 23 708.933792656757 0.004140861782275351
10 60 -3.25 -3 23 24 629.3381403409512 0.003580769079917445
10 60 -3.25 -3 24 25 560.4787273663981 0.003109115278903118
10 60 -3.25 -3 25 26 500.6701724551649 0.00272262745761509
10 60 -3.25 -3 26 27 448.5273613893484 0.002386636635662853
10 60 -3.25 -3 27 28 402.9058015689275 0.002108423660331482
10 60 -3.25 -3 28 29 362.8550010745371 0.001870877725536957
10 60 -3.25 -3 29 30 327.5821521296463 0.001656527180500689
10 60 -3.25 -3 30 31 296.4226082404473 0.001485374933167805
10 60 -3.25 -3 31 32 268.8168748166264 0.001323726151895244
10 60 -3.25 -3 32 33 244.2922077171604 0.001193261205827412
10 60 -3.25 -3 33 34 222.447476645899 0.001072928657436023
10 60 -3.25 -3 34 35 202.9410013910222 0.0009692828951415322
10 60 -3.25 -3 35 36 185.4807604067922 0.0008786514998746497
10 60 -3.25 -3 36 37 169.8163809206845 0.0007969185906233633
10 60 -3.25 -3 37 38 155.7324040514699 0.0007257053440525851
10 60 -3.25 -3 38 39 143.0428081909606 0.0006615783891561478
10 60 -3.25 -3 39 40 131.5865984931753 0.0006048767988886539
10 60 -3.25 -3 40 42 233.057317027033 0.001061834406471007
10 60 -3.25 -3 42 44 198.8640813568759 0.000896921051918298
10 60 -3.25 -3 44 46 170.547111797048 0.0007626944482410636
10 60 -3.25 -3 46 48 146.9476505935228 0.0006525502330987365
10 60 -3.25 -3 48 50 127.1640381016082 0.0005613992715183258
10 60 -3.25 -3 50 52 110.4885796665925 0.0004852924123071034
10 60 -3.25 -3 52 54 96.36129090367487 0.0004217041941387834
10 60 -3.25 -3 54 56 84.33579696803211 0.0003678961456756724
10 60 -3.25 -3 56 58 74.05381229537649 0.0003222803792084505
10 60 -3.25 -3 58 60 65.22586108200153 0.0002834035462058182
10 60 -3.25 -3 60 65 131.9749354554409 0.0005727003337199221
10 60 -3.25 -3 65 70 98.32662729954122 0.0004267469783343358
10 60 -3.25 -3 70 80 131.1452691221759 0.0005717017063204821
10 60 -3.25 -3 80 90 78.28575803566073 0.0003450237432929271
10 60 -3.25 -3 90 100 48.47259857486627 0.0002578109518509564
10 60 -3 -2.75 0 0.5 -219695.0717512783 3.36806502082618
10 60 -3 -2.75 0.5 1 14629.26691725618 0.005988289407468983
10 60 -3 -2.75 1 1.5 25322.43098979433 1.122466792181513
10 60 -3 -2.75 1.5 2 21861.99583731572 0.8791769268791541
10 60 -3 -2.75 2 2.5 18020.65940529071 0.624366866726632
10 60 -3 -2.75 2.5 3 14911.4010824394 0.4610793688389094
10 60 -3 -2.75 3 3.5 12484.79754006221 0.3702804431268305
10 60 -3 -2.75 3.5 4 10580.95897565983 0.3084017361597944
10 60 -3 -2.75 4 4.5 9065.839510470045 0.2497009239741601
10 60 -3 -2.75 4.5 5 7841.280238071236 0.1980109013838955
10 60 -3 -2.75 5 5.5 6837.112801890982 0.1583796033801264
10 60 -3 -2.75 5.5 6 6002.947894622717 0.1413363492674762
10 60 -3 -2.75 6 6.5 5302.10696907678 0.1269916142473448
10 60 -3 -2.75 6.5 7 4707.450999334291 0.1144869587633366
10 60 -3 -2.75 7 7.5 4198.561064921742 0.1044383470616594
10 60 -3 -2.75 7.5 8 3759.821208639906 0.09605914481289801
10 60 -3 -2.75 8 8.5 3379.099804239079 0.08876639583104406
10 60 -3 -2.75 8.5 9 3046.841381484093 0.08296578530507759
10 60 -3 -2.75 9 9.5 2755.415830715553 0.0778467240761529
10 60 -3 -2.75 9.5 10 2498.659754955869 0.07318192830553016
10 60 -3 -2.75 10 10.5 2271.541335027021 0.06944450352511922
10 60 -3 -2.75 10.5 11 2069.910120374944 0.06635763476378997
10 60 -3 -2.75 11 11.5 1890.315128067314 0.08786626875007642
10 60 -3 -2.75 11.5 12 1729.863520997227 0.06708937894813971
10 60 -3 -2.75 12 12.5 1586.114015481947 0.05989235117704084
10 60 -3 -2.75 12.5 13 1456.993718711998 0.05842959530855296
10 60 -3 -2.75 13 13.5 1340.73216511697 0.05695931949981059
10 60 -3 -2.75 13.5 14 1235.810367545365 0.0556402816798709
10 60 -3 -2.75 14 14.5 1140.91879720876 0.05443764482743063
10 60 -3 -2.75 14.5 15 1054.924049958145 0.008400734268434462
10 60 -3 -2.75 15 16 1882.651841904537 0.01451660165116664
10 60 -3 -2.75 16 17 1623.081368602887 0.02483762081556051
10 60 -3 -2.75 17 18 1406.48796254035 0.04629776508727446
10 60 -3 -2.75 18 19 1224.622185594282 0.05720282433799184
10 60 -3 -2.75 19 20 1071.026757882704 0.006775396228704267
10 60 -3 -2.75 20 21 940.602976957358 0.005721503697827757
10 60 -3 -2.75 21 22 829.2923381127994 0.004938133444056803
10 60 -3 -2.75 22 23 733.8408962431175 0.004208077848943503
10 60 -3 -2.75 23 24 651.6217703147287 0.003643202311991445
10 60 -3 -2.75 24 25 580.5008372359119 0.003171549709350074
10 60 -3 -2.75 25 26 518.7341752879805 0.00277219662166317
10 60 -3 -2.75 26 27 464.8886712060342 0.002434150257045076
10 60 -3 -2.75 27 28 417.7803379503159 0.002144335267416864
10 60 -3 -2.75 28 29 376.4260993169709 0.001898411077718265
10 60 -3 -2.75 29 30 340.0059022866756 0.001698785164819583
10 60 -3 -2.75 30 31 307.8327370228243 0.001501225105187132
10 60 -3 -2.75 31 32 279.3282911630142 0.001356528223368514
10 60 -3 -2.75 32 33 254.0039413036785 0.001212911161843522
10 60 -3 -2.75 33 34 231.4452272167857 0.001093664094611313
10 60 -3 -2.75 34 35 211.2991842045985 0.0009897132622995741
10 60 -3 -2.75 35 36 193.2641895138801 0.0008948176134708774
10 60 -3 -2.75 36 37 177.0816741152236 0.0008139332885264139
10 60 -3 -2.75 37 38 162.5291981003311 0.0007406070407114385
10 60 -3 -2.75 38 39 149.414767962999 0.0006756245071812828
10 60 -3 -2.75 39 40 137.5722039383766 0.0006181604377673011
10 60 -3 -2.75 40 42 244.0017712561583 0.001086416581301819
10 60 -3 -2.75 42 44 208.6248148667191 0.0009183676550321707
10 60 -3 -2.75 44 46 179.3063282119922 0.0007819863082545453
10 60 -3 -2.75 46 48 154.8520866273306 0.0006701897688401459
10 60 -3 -2.75 48 50 134.3327605053792 0.0005776612993315666
10 60 -3 -2.75 50 52 117.019210983044 0.0005003684256621455
10 60 -3 -2.75 52 54 102.3345673174056 0.0004356199039534658
10 60 -3 -2.75 54 56 89.81909125760865 0.0003810238096093599
10 60 -3 -2.75 56 58 79.10376352330049 0.0003345147923710101
10 60 -3 -2.75 58 60 69.89039392559461 0.0002948879068185306
10 60 -3 -2.75 60 65 142.2042420985788 0.0005985959864744927
10 60 -3 -2.75 65 70 106.8865226916707 0.0004493067279867091
10 60 -3 -2.75 70 80 144.5727721607064 0.0006090311952107186
10 60 -3 -2.75 80 90 88.2040160022823 0.0003745724293935382
10 60 -3 -2.75 90 100 55.9629348619909 0.0002405011733728202
10 60 -2.75 -2.5 0 0.5 -233594.3151104887 3.234425543021644
10 60 -2.75 -2.5 0.5 1 13091.37822124072 0.09209439908408967
10 60 -2.75 -2.5 1 1.5 25355.07109669386 1.179731522483053
10 60 -2.75 -2.5 1.5 2 22171.72802263485 0.8473144478593895
10 60 -2.75 -2.5 2 2.5 18377.27412064833 0.6523251003636688
10 60 -2.75 -2.5 2.5 3 15255.70835006671 0.5196133249955892
10 60 -2.75 -2.5 3 3.5 12800.69754402838 0.4004662486095185
10 60 -2.75 -2.5 3.5 4 10865.55129085001 0.3444509642613411
10 60 -2.75 -2.5 4 4.5 9320.529530381178 0.3078002761158132
10 60 -2.75 -2.5 4.5 5 8068.803317377741 0.2723604049142523
10 60 -2.75 -2.5 5 5.5 7040.440808665553 0.2411172709753373
10 60 -2.75 -2.5 5.5 6 6184.894558437833 0.2133605739845734
10 60 -2.75 -2.5 6 6.5 5465.207516529777 0.1885264516349707
10 60 -2.75 -2.5 6.5 7 4853.942649821242 0.1675236022056197
10 60 -2.75 -2.5 7 7.5 4330.396813547779 0.1492590901198128
10 60 -2.75 -2.5 7.5 8 3878.70029749847 0.132940459767724
10 60 -2.75 -2.5 8 8.5 3486.504156046552 0.1190748251092373
10 60 -2.75 -2.5 8.5 9 3144.060498398213 0.1066153191836747
10 60 -2.75 -2.5 9 9.5 2843.577210235829 0.09579781664706388
10 60 -2.75 -2.5 9.5 10 2578.751113919842 0.08677344561829159
10 60 -2.75 -2.5 10 10.5 2344.42693767806 0.07892031576238878
10 60 -2.75 -2.5 10.5 11 2136.350315223092 0.07209672726139615
10 60 -2.75 -2.5 11 11.5 1950.979742022877 0.09181287107799108
10 60 -2.75 -2.5 11.5 12 1785.343664398266 0.07006706984452649
10 60 -2.75 -2.5 12 12.5 1636.932398611542 0.0566829940455591
10 60 -2.75 -2.5 12.5 13 1503.61357608574 0.05278770845075087
10 60 -2.75 -2.5 13 13.5 1383.564958283132 0.0494201279364006
10 60 -2.75 -2.5 13.5 14 1275.221620042598 0.04640591584711729
10 60 -2.75 -2.5 14 14.5 1177.234075980017 0.04373372475379256
10 60 -2.75 -2.5 14.5 15 1088.433822742189 0.04149496356149029
10 60 -2.75 -2.5 15 16 1942.266678832263 0.07792199016080303
10 60 -2.75 -2.5 16 17 1674.253728548118 0.0725011329705012
10 60 -2.75 -2.5 17 18 1450.640777666157 0.06752630670735016
10 60 -2.75 -2.5 18 19 1262.907806059826 0.06309197380642217
10 60 -2.75 -2.5 19 20 1104.38429095263 0.006954926910339054
10 60 -2.75 -2.5 20 21 969.8008167122266 0.005828894399314777
10 60 -2.75 -2.5 21 22 854.9632048649655 0.004985182249583886
10 60 -2.75 -2.5 22 23 756.5077159400288 0.004297201086274072
10 60 -2.75 -2.5 23 24 671.7189577842877 0.003704714565401446
10 60 -2.75 -2.5 24 25 598.3909630504934 0.003216344561678852
10 60 -2.75 -2.5 25 26 534.7209037477081 0.002812880279520868
10 60 -2.75 -2.5 26 27 479.2275687974971 0.002470814812284061
10 60 -2.75 -2.5 27 28 430.6872284766213 0.002177878372549458
10 60 -2.75 -2.5 28 29 388.0841704368942 0.001927806734386195
10 60 -2.75 -2.5 29 30 350.5711500610383 0.001712402119949274
10 60 -2.75 -2.5 30 31 317.4382117243946 0.001531609123048838
10 60 -2.75 -2.5 31 32 288.0881235872897 0.001368177802135051
10 60 -2.75 -2.5 32 33 262.0163639772603 0.001229901964507008
10 60 -2.75 -2.5 33 34 238.7949517158361 0.00110812529359805
10 60 -2.75 -2.5 34 35 218.0595837003317 0.001000921420398981
10 60 -2.75 -2.5 35 36 199.4989997581645 0.0009067581186172902
10 60 -2.75 -2.5 36 37 182.8463426978637 0.0008238272598930507
10 60 -2.75 -2.5 37 38 167.8722094800637 0.0007494269832193368
10 60 -2.75 -2.5 38 39 154.3786300431351 0.0006842347700057871
10 60 -2.75 -2.5 39 40 142.1942388500506 0.000625877423175325
10 60 -2.75 -2.5 40 42 252.3480507897507 0.001099373901496392
10 60 -2.75 -2.5 42 44 215.951282837894 0.0009304937553338277
10 60 -2.75 -2.5 44 46 185.7860118869036 0.0007927510992260522
10 60 -2.75 -2.5 46 48 160.6223909331513 0.0006794792566324759
10 60 -2.75 -2.5 48 50 139.5036832846776 0.0005858789209014503
10 60 -2.75 -2.5 50 52 121.6796210182515 0.0005080451172716494
10 60 -2.75 -2.5 52 54 106.5569677174232 0.0004426653533187164
10 60 -2.75 -2.5 54 56 93.662927235387 0.0003874324718395883
10 60 -2.75 -2.5 56 58 82.61823428885558 0.0003406020508549545
10 60 -2.75 -2.5 58 60 73.11654542348826 0.0003006052558447436
10 60 -2.75 -2.5 60 65 149.221236405294 0.0006114858752823693
10 60 -2.75 -2.5 65 70 112.7123312424432 0.000460900478984172
10 60 -2.75 -2.5 70 80 153.681444763286 0.0006287947215071199
10 60 -2.75 -2.5 80 90 94.97288149679505 0.0003908810960382425
10 60 -2.75 -2.5 90 100 61.15079554299172 0.0002541611827311385
10 60 -2.5 -2.4 0 0.5 -97209.24575167589 1.475062253099168
10 60 -2.5 -2.4 0.5 1 4823.864734931075 0.003908944771865208
10 60 -2.5 -2.4 1 1.5 10153.81919468294 0.3641483789870108
10 60 -2.5 -2.4 1.5 2 8954.685219059002 0.2811704843406915
10 60 -2.5 -2.4 2 2.5 7449.08499286906 0.2202606936261873
10 60 -2.5 -2.4 2.5 3 6196.805337713003 0.1871384855694487
10 60 -2.5 -2.4 3 3.5 5206.898445567071 0.1571495546368169
10 60 -2.5 -2.4 3.5 4 4424.207398036919 0.1279751757065242
10 60 -2.5 -2.4 4 4.5 3797.988321906727 0.1034695923067375
10 60 -2.5 -2.4 4.5 5 3289.852811412086 0.08457580402500753
10 60 -2.5 -2.4 5 5.5 2871.883217954901 0.06851470561423412
10 60 -2.5 -2.4 5.5 6 2523.815027170223 0.05554326284936906
10 60 -2.5 -2.4 6 6.5 2230.786018223009 0.04514228464449843
10 60 -2.5 -2.4 6.5 7 1981.736406266251 0.03696359683090122
10 60 -2.5 -2.4 7 7.5 1768.30742114664 0.0306194451650299
10 60 -2.5 -2.4 7.5 8 1584.082005251004 0.02569532004099528
10 60 -2.5 -2.4 8 8.5 1424.060763683035 0.02163310719743095
10 60 -2.5 -2.4 8.5 9 1284.292633160457 0.01817079870670568
10 60 -2.5 -2.4 9 9.5 1161.615974719856 0.0153142451815711
10 60 -2.5 -2.4 9.5 10 1053.470953078496 0.01300526349587017
10 60 -2.5 -2.4 10 10.5 957.7625578129501 0.01116690246476537
10 60 -2.5 -2.4 10.5 11 872.7607526060809 0.009647866437830999
10 60 -2.5 -2.4 11 11.5 797.0244544807099 0.03785630387949368
10 60 -2.5 -2.4 11.5 12 729.3436380655124 0.02889006388409143
10 60 -2.5 -2.4 12 12.5 668.6957832754738 0.02175637768402794
10 60 -2.5 -2.4 12.5 13 614.2116602934633 0.01609078355886595
10 60 -2.5 -2.4 13 13.5 565.1482552196107 0.01160604619553851
10 60 -2.5 -2.4 13.5 14 520.8672438367577 0.008060355115162565
10 60 -2.5 -2.4 14 14.5 480.8178796833585 0.005268275168077707
10 60 -2.5 -2.4 14.5 15 444.5230866113421 0.003509242693326087
10 60 -2.5 -2.4 15 16 793.1592914759675 0.005973795621002864
10 60 -2.5 -2.4 16 17 683.6194144015525 0.01090005519017723
10 60 -2.5 -2.4 17 18 592.2324446308131 0.02009514218707409
10 60 -2.5 -2.4 18 19 515.5162617032272 0.02474652416310619
10 60 -2.5 -2.4 19 20 450.7435482535328 0.003323184400585433
10 60 -2.5 -2.4 20 21 395.7597063603778 0.00310537137238498
10 60 -2.5 -2.4 21 22 348.8491747166593 0.002869986624659759
10 60 -2.5 -2.4 22 23 308.6363820221522 0.002619432710901037
10 60 -2.5 -2.4 23 24 274.0109270552483 0.002448681507530637
10 60 -2.5 -2.4 24 25 244.0705735087601 0.002348389512263793
10 60 -2.5 -2.4 25 26 218.077882799306 0.002240630636521246
10 60 -2.5 -2.4 26 27 195.4269177998095 0.002153314026486441
10 60 -2.5 -2.4 27 28 175.6171870561096 0.002082452737994345
10 60 -2.5 -2.4 28 29 158.2332689203172 0.001969346298466235
10 60 -2.5 -2.4 29 30 142.928785240101 0.001851806094833819
10 60 -2.5 -2.4 30 31 129.4135723260337 0.001825546816917267
10 60 -2.5 -2.4 31 32 117.4433459201208 0.001819086294844396
10 60 -2.5 -2.4 32 33 106.8117182446155 0.001766404116125386
10 60 -2.5 -2.4 33 34 97.34376089120339 0.001692267845243123
10 60 -2.5 -2.4 34 35 88.89062175228349 0.001620658041233014
10 60 -2.5 -2.4 35 36 81.3251569454692 0.001575240980628223
10 60 -2.5 -2.4 36 37 74.53834497306315 0.001538652222905057
10 60 -2.5 -2.4 37 38 68.43641477379893 0.001508608497232444
10 60 -2.5 -2.4 38 39 62.93846531863833 0.001490319066000723
10 60 -2.5 -2.4 39 40 57.97449618045755 0.001463846378747746
10 60 -2.5 -2.4 40 42 102.8972895899427 0.002760179319523104
10 60 -2.5 -2.4 42 44 88.07341175211505 0.002608858661261593
10 60 -2.5 -2.4 44 46 75.78966558975026 0.0025570986973662
10 60 -2.5 -2.4 46 48 65.54389442109429 0.002364495468867744
10 60 -2.5 -2.4 48 50 56.94609463909654 0.002243261654442108
10 60 -2.5 -2.4 50 52 49.69026585795029 0.002188978697311939
10 60 -2.5 -2.4 52 54 43.53433328519318 0.002071495288646474
10 60 -2.5 -2.4 54 56 38.28564454089354 0.0001558599609126077
10 60 -2.5 -2.4 56 58 33.78968366672491 0.0001370418842867593
10 60 -2.5 -2.4 58 60 29.9216225943764 0.0001209714560808095
10 60 -2.5 -2.4 60 65 61.13586744064244 0.0002462898152231219
10 60 -2.5 -2.4 65 70 46.26652361696362 0.0001858281882149981
10 60 -2.5 -2.4 70 80 63.2902194545153 0.0002541354437113341
10 60 -2.5 -2.4 80 90 39.3250806202057 0.0001587121407382597
10 60 -2.5 -2.4 90 100 25.48352833528661 0.0001037329793867059
10 60 -2.4 -2.3 0 0.5 -99306.76439621813 1.671482386620482
10 60 -2.4 -2.3 0.5 1 4597.781068271186 0.1843379252541126
10 60 -2.4 -2.3 1 1.5 10162.57336934966 0.1357248528584023
10 60 -2.4 -2.3 1.5 2 9003.981238771339 0.4208781034249114
10 60 -2.4 -2.3 2 2.5 7504.718106899219 0.3154289136264197
10 60 -2.4 -2.3 2.5 3 6250.121693126948 0.2304071412117992
10 60 -2.4 -2.3 3 3.5 5255.624812287839 0.1685067707221606
10 60 -2.4 -2.3 3.5 4 4467.997964269095 0.1286591375255739
10 60 -2.4 -2.3 4 4.5 3837.116958195008 0.1024224803372817
10 60 -2.4 -2.3 4.5 5 3324.773220391217 0.08196215200496226
10 60 -2.4 -2.3 5 5.5 2903.070702995166 0.0654846110546714
10 60 -2.4 -2.3 5.5 6 2551.714816776354 0.05345645341822092
10 60 -2.4 -2.3 6 6.5 2255.795271393315 0.04472817644500537
10 60 -2.4 -2.3 6.5 7 2004.202519722382 0.03771924315969954
10 60 -2.4 -2.3 7 7.5 1788.532124043881 0.03163767211890445
10 60 -2.4 -2.3 7.5 8 1602.326855368291 0.02621856687915169
10 60 -2.4 -2.3 8 8.5 1440.551209340889 0.02171695078300218
10 60 -2.4 -2.3 8.5 9 1299.225113173448 0.01815913358404941
10 60 -2.4 -2.3 9 9.5 1175.161237741673 0.01538263957536401
10 60 -2.4 -2.3 9.5 10 1065.77824537906 0.01315418355329712
10 60 -2.4 -2.3 10 10.5 968.9635845483873 0.01131580524361198
10 60 -2.4 -2.3 10.5 11 882.9711209773044 0.009797888341950056
10 60 -2.4 -2.3 11 11.5 806.345693829892 0.03851221093907498
10 60 -2.4 -2.3 11.5 12 737.8657200067933 0.02938567421506377
10 60 -2.4 -2.3 12 12.5 676.4985401077374 0.02213227653817285
10 60 -2.4 -2.3 12.5 13 621.365900488233 0.01637466686099742
10 60 -2.4 -2.3 13 13.5 571.7168605425094 0.01180937088167866
10 60 -2.4 -2.3 13.5 14 526.9062332017612 0.008203119362065081
10 60 -2.4 -2.3 14 14.5 486.3772315561695 0.005359700636972775
10 60 -2.4 -2.3 14.5 15 449.6475130883114 0.00353987507378406
10 60 -2.4 -2.3 15 16 802.25918867546 0.006023877860911853
10 60 -2.4 -2.3 16 17 691.4077373468559 0.01101431760571359
10 60 -2.4 -2.3 17 18 598.9284687438476 0.02037496017180729
10 60 -2.4 -2.3 18 19 521.2980877206357 0.02512269362864572
10 60 -2.4 -2.3 19 20 455.7568900785708 0.003303044295705604
10 60 -2.4 -2.3 20 21 400.1244886081943 0.003008838114396895
10 60 -2.4 -2.3 21 22 352.6643010480456 0.002754935012262649
10 60 -2.4 -2.3 22 23 311.9835495355599 0.002513326388793757
10 60 -2.4 -2.3 23 24 276.9579020628477 0.00232449999526807
10 60 -2.4 -2.3 24 25 246.6738953486495 0.002169442606401617
10 60 -2.4 -2.3 25 26 220.3850720801843 0.001971917000588519
10 60 -2.4 -2.3 26 27 197.4782393230668 0.001830778088560692
10 60 -2.4 -2.3 27 28 177.4467859441602 0.001784632908822914
10 60 -2.4 -2.3 28 29 159.8699904365423 0.00172858839221135
10 60 -2.4 -2.3 29 30 144.397038898635 0.001633822038058952
10 60 -2.4 -2.3 30 31 130.7341799191379 0.001537328260383219
10 60 -2.4 -2.3 31 32 118.6343101765045 0.001450475783926208
10 60 -2.4 -2.3 32 33 107.8886854901155 0.001395739948392816
10 60 -2.4 -2.3 33 34 98.32023731349614 0.001367899998953703
10 60 -2.4 -2.3 34 35 89.77821168838288 0.001338598569930127
10 60 -2.4 -2.3 35 36 82.13383506932688 0.001314173186372614
10 60 -2.4 -2.3 36 37 75.27676019033898 0.00128586168119682
10 60 -2.4 -2.3 37 38 69.11212061865054 0.001219744634454401
10 60 -2.4 -2.3 38 39 63.55813905598627 0.001152644607401498
10 60 -2.4 -2.3 39 40 58.54406507042456 0.001123805494266605
10 60 -2.4 -2.3 40 42 103.906299852856 0.002230163663526241
10 60 -2.4 -2.3 42 44 88.93638836831566 0.002112522102279968
10 60 -2.4 -2.3 44 46 76.53331804455649 0.001975015772202937
10 60 -2.4 -2.3 46 48 66.18959871031512 0.001909467677151611
10 60 -2.4 -2.3 48 50 57.51055842710844 0.001847973567386418
10 60 -2.4 -2.3 50 52 50.18678882410431 0.001704618722804696
10 60 -2.4 -2.3 52 54 43.97393370813823 0.001631821481787199
10 60 -2.4 -2.3 54 56 38.67723805043843 0.001599972063630162
10 60 -2.4 -2.3 56 58 34.14040519093516 0.001510373006226473
10 60 -2.4 -2.3 58 60 30.23737879985207 0.001417798182618668
10 60 -2.4 -2.3 60 65 61.80266522058658 0.0002466213092944258
10 60 -2.4 -2.3 65 70 46.80014475590161 0.0001861409183945284
10 60 -2.4 -2.3 70 80 64.09273668166736 0.0002547872429801146
10 60 -2.4 -2.3 80 90 39.90295601612522 0.0001593134265860385
10 60 -2.4 -2.3 90 100 25.92178225134889 0.0001043371932780701
10 60 -2.3 -2.2 0 0.5 -101363.760475375 2.045300358237
10 60 -2.3 -2.2 0.5 1 4376.418270715602 0.2106649092629596
10 60 -2.3 -2.2 1 1.5 10171.49730982635 0.3756723481237714
10 60 -2.3 -2.2 1.5 2 9052.624000575443 0.3029603823870275
10 60 -2.3 -2.2 2 2.5 7559.553013721228 0.2280286596678707
10 60 -2.3 -2.2 2.5 3 6302.668018769226 0.1833737435154035
10 60 -2.3 -2.2 3 3.5 5303.650187912065 0.1550894728061394
10 60 -2.3 -2.2 3.5 4 4511.162154874262 0.1296003245270185
10 60 -2.3 -2.2 4 4.5 3875.687661658048 0.105523944248489
10 60 -2.3 -2.2 4.5 5 3359.191675364232 0.0852891962385911
10 60 -2.3 -2.2 5 5.5 2933.804996312972 0.06997051837515755
10 60 -2.3 -2.2 5.5 6 2579.201618748088 0.05817382838267804
10 60 -2.3 -2.2 6 6.5 2280.424452605582 0.04787034640366983
10 60 -2.3 -2.2 6.5 7 2026.317516369458 0.03883342902372533
10 60 -2.3 -2.2 7 7.5 1808.431991305917 0.03140049427247504
10 60 -2.3 -2.2 7.5 8 1620.271471658585 0.02566867492760139
10 60 -2.3 -2.2 8 8.5 1456.766531197552 0.0214008745101637
10 60 -2.3 -2.2 8.5 9 1313.906352884008 0.01825263239629749
10 60 -2.3 -2.2 9 9.5 1188.478875331408 0.01572302482531995
10 60 -2.3 -2.2 9.5 10 1077.880750563703 0.01344522198178311
10 60 -2.3 -2.2 10 10.5 979.9800287558924 0.01149255494021872
10 60 -2.3 -2.2 10.5 11 893.0148994173236 0.009879104173251108
10 60 -2.3 -2.2 11 11.5 815.5167895047343 0.03916159316281664
10 60 -2.3 -2.2 11.5 12 746.2522342304452 0.02989279943346901
10 60 -2.3 -2.2 12 12.5 684.1783954464809 0.02251993912125272
10 60 -2.3 -2.2 12.5 13 628.408274185916 0.01666037994721137
10 60 -2.3 -2.2 13 13.5 578.183325589565 0.01201652154043131
10 60 -2.3 -2.2 13.5 14 532.8517220050269 0.00834704658143437
10 60 -2.3 -2.2 14 14.5 491.8508325351191 0.005457003232493207
10 60 -2.3 -2.2 14.5 15 454.6930540096456 0.003703589030919829
10 60 -2.3 -2.2 15 16 811.2186758508329 0.006557580315416089
10 60 -2.3 -2.2 16 17 699.0750482030194 0.01113419314219755
10 60 -2.3 -2.2 17 18 605.5197252605898 0.02063897493690092
10 60 -2.3 -2.2 18 19 526.9886268740953 0.02546912921570765
10 60 -2.3 -2.2 19 20 460.6897365981623 0.003657146202215245
10 60 -2.3 -2.2 20 21 404.4167446589001 0.003114771115690473
10 60 -2.3 -2.2 21 22 356.4131757750549 0.002707881077924412
10 60 -2.3 -2.2 22 23 315.2699539470599 0.002543135282905951
10 60 -2.3 -2.2 23 24 279.848831261146 0.002282663970333942
10 60 -2.3 -2.2 24 25 249.2253892275276 0.002030031049287118
10 60 -2.3 -2.2 25 26 222.6442662834011 0.001935008718646714
10 60 -2.3 -2.2 26 27 199.484509469243 0.00180968858657593
10 60 -2.3 -2.2 27 28 179.2333864277233 0.001594689859217624
10 60 -2.3 -2.2 28 29 161.4655304312665 0.001446804817760494
10 60 -2.3 -2.2 29 30 145.826096384684 0.001421829771771854
10 60 -2.3 -2.2 30 31 132.0176050660608 0.001366885586321587
10 60 -2.3 -2.2 31 32 119.7898494428982 0.001274310452402005
10 60 -2.3 -2.2 32 33 108.9315695353301 0.001232114597712552
10 60 -2.3 -2.2 33 34 99.26360373053028 0.001186419974757769
10 60 -2.3 -2.2 34 35 90.63347676844356 0.00108701449102
10 60 -2.3 -2.2 35 36 82.91104262006598 0.001021632454182964
10 60 -2.3 -2.2 36 37 75.98470304258443 0.001020403734628417
10 60 -2.3 -2.2 37 38 69.75843459154154 0.001016498785872955
10 60 -2.3 -2.2 38 39 64.14940954343039 0.0009771181361912795
10 60 -2.3 -2.2 39 40 59.08602690110426 0.0009320348272510159
10 60 -2.3 -2.2 40 42 104.8619766150143 0.001767021210255848
10 60 -2.3 -2.2 42 44 89.74860653810948 0.001664475673706534
10 60 -2.3 -2.2 44 46 77.22881526986636 0.001602121888325314
10 60 -2.3 -2.2 46 48 66.78927820612741 0.00150839007835657
10 60 -2.3 -2.2 48 50 58.03113857621253 0.001444527979124643
10 60 -2.3 -2.2 50 52 50.64169581041411 0.001373480708991792
10 60 -2.3 -2.2 52 54 44.37385013714806 0.001318619838237112
10 60 -2.3 -2.2 54 56 39.03080230586846 0.00124084656482637
10 60 -2.3 -2.2 56 58 34.45482385295463 0.00119839359930296
10 60 -2.3 -2.2 58 60 30.51850357407053 0.001156149325666433
10 60 -2.3 -2.2 60 65 62.38919048123811 0.002670860217563131
10 60 -2.3 -2.2 65 70 47.26192729534625 0.0001862468439881582
10 60 -2.3 -2.2 70 80 64.77358060571846 0.0002550244267922608
10 60 -2.3 -2.2 80 90 40.38320130602165 0.0001595551403354989
10 60 -2.3 -2.2 90 100 26.28139210360202 0.0001046476166131072
10 60 -2.2 -2.1 0 0.5 -103371.8296101481 2.286666514948593
10 60 -2.2 -2.1 0.5 1 4160.120728360018 0.003186989210007596
10 60 -2.2 -2.1 1 1.5 10180.33217354456 0.1314304656280001
10 60 -2.2 -2.1 1.5 2 9100.271419039298 0.3927520184715831
10 60 -2.2 -2.1 2 2.5 7613.25261147109 0.2975453215531161
10 60 -2.2 -2.1 2.5 3 6354.138803618214 0.2291475327447188
10 60 -2.2 -2.1 3 3.5 5350.709573335851 0.1746910262891106
10 60 -2.2 -2.1 3.5 4 4553.477596654126 0.1345768300616328
10 60 -2.2 -2.1 4 4.5 3913.516081513656 0.1062265745172226
10 60 -2.2 -2.1 4.5 5 3392.963888857754 0.08632602277930346
10 60 -2.2 -2.1 5 5.5 2963.975953931038 0.07015656323574149
10 60 -2.2 -2.1 5.5 6 2606.194703430192 0.05637962366608917
10 60 -2.2 -2.1 6 6.5 2304.618891189766 0.04520418682386662
10 60 -2.2 -2.1 6.5 7 2048.045744980634 0.03688597046584619
10 60 -2.2 -2.1 7 7.5 1827.984812485952 0.03085872123278932
10 60 -2.2 -2.1 7.5 8 1637.900980434179 0.02616540352346419
10 60 -2.2 -2.1 8 8.5 1472.692014856468 0.02229958609927962
10 60 -2.2 -2.1 8.5 9 1328.320405219677 0.01900001419835462
10 60 -2.2 -2.1 9 9.5 1201.549361555581 0.01607264326275981
10 60 -2.2 -2.1 9.5 10 1089.754856015893 0.01353406550811087
10 60 -2.2 -2.1 10 10.5 990.786939006962 0.0114554911410778
10 60 -2.2 -2.1 10.5 11 902.8675078611793 0.009864230613629843
10 60 -2.2 -2.1 11 11.5 824.5139427759865 0.03977534349621692
10 60 -2.2 -2.1 11.5 12 754.4808556027026 0.0303710437456175
10 60 -2.2 -2.1 12 12.5 691.7151854621635 0.02288496224468872
10 60 -2.2 -2.1 12.5 13 635.321106333286 0.01694252045876965
10 60 -2.2 -2.1 13 13.5 584.53239491994 0.01223094693148141
10 60 -2.2 -2.1 13.5 14 538.6905322200618 0.008502170607357584
10 60 -2.2 -2.1 14 14.5 497.2270749926047 0.005564362229165454
10 60 -2.2 -2.1 14.5 15 459.6493860351058 0.00426961741550258
10 60 -2.2 -2.1 15 16 820.0206188918778 0.007445129358416125
10 60 -2.2 -2.1 16 17 706.6079517243694 0.01124291714756964
10 60 -2.2 -2.1 17 18 611.9955162025161 0.02088979794370971
10 60 -2.2 -2.1 18 19 532.5792712951792 0.02579958914293456
10 60 -2.2 -2.1 19 20 465.5356724905849 0.00392970831387629
10 60 -2.2 -2.1 20 21 408.6334764923816 0.00350096238344122
10 60 -2.2 -2.1 21 22 360.0953405227814 0.00304124382023474
10 60 -2.2 -2.1 22 23 318.4960493992949 0.002574421069482469
10 60 -2.2 -2.1 23 24 282.6849926189603 0.002311766331843046
10 60 -2.2 -2.1 24 25 251.726868770271 0.002108408810698847
10 60 -2.2 -2.1 25 26 224.8572586011084 0.001879518198506958
10 60 -2.2 -2.1 26 27 201.4482087312067 0.001712145758887118
10 60 -2.2 -2.1 27 28 180.9809897341278 0.001578365024812456
10 60 -2.2 -2.1 28 29 163.0249717213958 0.001459833046993708
10 60 -2.2 -2.1 29 30 147.2210550376936 0.001358280359625041
10 60 -2.2 -2.1 30 31 133.2684824742015 0.001223538519951717
10 60 -2.2 -2.1 31 32 120.9143210368683 0.001097289315353578
10 60 -2.2 -2.1 32 33 109.944914534492 0.001073994118982569
10 60 -2.2 -2.1 33 34 100.178939327239 0.001053570412935301
10 60 -2.2 -2.1 34 35 91.46210871895211 0.0009828187379525843
10 60 -2.2 -2.1 35 36 83.66272335037424 0.0009108876637498042
10 60 -2.2 -2.1 36 37 76.66794490168935 0.000861945152877297
10 60 -2.2 -2.1 37 38 70.38072141817034 0.0008169712846495258
10 60 -2.2 -2.1 38 39 64.71735773833153 0.0007813582254669882
10 60 -2.2 -2.1 39 40 59.60542965437923 0.0007627617023189259
10 60 -2.2 -2.1 40 42 105.7747837530047 0.001472134167983086
10 60 -2.2 -2.1 42 44 90.52042709807559 0.001355740463722555
10 60 -2.2 -2.1 44 46 77.88589507240091 0.001296407136152311
10 60 -2.2 -2.1 46 48 67.35239760532953 0.001182994017128181
10 60 -2.2 -2.1 48 50 58.5169276360919 0.001121454310251124
10 60 -2.2 -2.1 50 52 51.06343873480785 0.001109716573168384
10 60 -2.2 -2.1 52 54 44.7421059663994 0.001054756266107404
10 60 -2.2 -2.1 54 56 39.35418082483778 0.0009812014855299367
10 60 -2.2 -2.1 56 58 34.74033044865298 0.0009559269275385418
10 60 -2.2 -2.1 58 60 30.77187802814721 0.0009282643057169082
10 60 -2.2 -2.1 60 65 62.91122658795716 0.002106093389684816
10 60 -2.2 -2.1 65 70 47.66565980055299 0.001927567691161869
10 60 -2.2 -2.1 70 80 65.35505712600542 0.000254874778050862
10 60 -2.2 -2.1 80 90 40.78275835080863 0.0001595458719521048
10 60 -2.2 -2.1 90 100 26.57509083937911 0.0001047060706653724
10 60 -2.1 -2 0 0.5 -105325.0526747109 2.496062301084748
10 60 -2.1 -2 0.5 1 3949.467428961093 0.008739723451981263
10 60 -2.1 -2 1 1.5 10188.96139243184 0.4590530042896717
10 60 -2.1 -2 1.5 2 9146.739392646838 0.3461973310750182
10 60 -2.1 -2 2 2.5 7665.624510108863 0.2617161983034748
10 60 -2.1 -2 2.5 3 6404.344906662915 0.2011622063619143
10 60 -2.1 -2 3 3.5 5396.625931586645 0.1604643996024606
10 60 -2.1 -2 3.5 4 4594.777193868216 0.1305859616913949
10 60 -2.1 -2 4 4.5 3950.449276819402 0.1060470084316876
10 60 -2.1 -2 4.5 5 3425.949643082006 0.08536128871264737
10 60 -2.1 -2 5 5.5 2993.454313188524 0.06872464630987452
10 60 -2.1 -2 5.5 6 2632.57865604588 0.05613292771795386
10 60 -2.1 -2 6 6.5 2328.276785492575 0.04678930666796077
10 60 -2.1 -2 6.5 7 2069.302799348498 0.03936935021647514
10 60 -2.1 -2 7 7.5 1847.122014818917 0.03288984030859865
10 60 -2.1 -2 7.5 8 1655.162780776386 0.02731059136908698
10 60 -2.1 -2 8 8.5 1488.291340125848 0.02273968298572981
10 60 -2.1 -2 8.5 9 1342.442358258114 0.01893757307038868
10 60 -2.1 -2 9 9.5 1214.35633354053 0.01585137309871243
10 60 -2.1 -2 9.5 10 1101.388794834387 0.01339501998450032
10 60 -2.1 -2 10 10.5 1001.372712626588 0.01148035529899971
10 60 -2.1 -2 10.5 11 912.5153967438771 0.009978983064002023
10 60 -2.1 -2 11 11.5 833.3214314595687 0.04033572780224404
10 60 -2.1 -2 11.5 12 762.5342561791929 0.03079475362267203
10 60 -2.1 -2 12 12.5 699.0907287663755 0.02321238039780837
10 60 -2.1 -2 12.5 13 642.0860830877276 0.01719022621409749
10 60 -2.1 -2 13 13.5 590.7463380420544 0.01241977867505284
10 60 -2.1 -2 13.5 14 544.4061310402284 0.008646333405977202
10 60 -2.1 -2 14 14.5 502.491067392817 0.005675459443239106
10 60 -2.1 -2 14.5 15 464.5033366730274 0.004894518152241289
10 60 -2.1 -2 15 16 828.6435258094018 0.008508781498790086
10 60 -2.1 -2 16 17 713.990152663193 0.01125538120402325
10 60 -2.1 -2 17 18 618.3425810423836 0.0211440246289385
10 60 -2.1 -2 18 19 538.0594695044189 0.02609842512788418
10 60 -2.1 -2 19 20 470.2861436932288 0.00443102876232615
10 60 -2.1 -2 20 21 412.7667950338421 0.003771603321695238
10 60 -2.1 -2 21 22 363.7049395565841 0.003354357917260131
10 60 -2.1 -2 22 23 321.6590169824938 0.002917768843815338
10 60 -2.1 -2 23 24 285.4651860268551 0.002545204680359348
10 60 -2.1 -2 24 25 254.1779687966853 0.002212306991935975
10 60 -2.1 -2 25 26 227.0247321725319 0.001905640810434761
10 60 -2.1 -2 26 27 203.3705122667806 0.001754867538437566
10 60 -2.1 -2 27 28 182.6905558123925 0.001623621581387624
10 60 -2.1 -2 28 29 164.5493318345456 0.00142223830980015
10 60 -2.1 -2 29 30 148.5837967407106 0.001298477244290552
10 60 -2.1 -2 30 31 134.4897602959767 0.001239643246833566
10 60 -2.1 -2 31 32 122.011262013804 0.001136707597908071
10 60 -2.1 -2 32 33 110.9322280698288 0.001003957489558616
10 60 -2.1 -2 33 34 101.0695301994099 0.0008904512445440105
10 60 -2.1 -2 34 35 92.26728760329378 0.0008423315307908297
10 60 -2.1 -2 35 36 84.39227398936249 0.0008410368748457131
10 60 -2.1 -2 36 37 77.33025422480196 0.0008060599521684253
10 60 -2.1 -2 37 38 70.98308952805053 0.0007389223973746084
10 60 -2.1 -2 38 39 65.26618887236125 0.0006776521585578621
10 60 -2.1 -2 39 40 60.10637908374135 0.0006466335828960723
10 60 -2.1 -2 40 42 106.6524059552679 0.001235111827483593
10 60 -2.1 -2 42 44 91.25924158423173 0.001096280148416895
10 60 -2.1 -2 44 46 78.51211856045244 0.001024851472010369
10 60 -2.1 -2 46 48 67.88662721899998 0.001016400693330866
10 60 -2.1 -2 48 50 58.97521775198057 0.0009357841554376023
10 60 -2.1 -2 50 52 51.45875137032744 0.000839857147497014
10 60 -2.1 -2 52 54 45.08513626277972 0.0008260619797368918
10 60 -2.1 -2 54 56 39.65349373477189 0.000813778524431541
10 60 -2.1 -2 56 58 35.00278787042008 0.0007584620646667872
10 60 -2.1 -2 58 60 31.0031707973512 0.000710872211822533
10 60 -2.1 -2 60 65 63.38211703461035 0.001687101516189671
10 60 -2.1 -2 65 70 48.02310581478564 0.00150374088689631
10 60 -2.1 -2 70 80 65.85660479965189 0.002633485268546565
10 60 -2.1 -2 80 90 41.11652561391348 0.0001592975357951332
10 60 -2.1 -2 90 100 26.81448219746471 0.0001045915644262152
10 60 -2 -1.9 0 0.5 -107218.3842483109 2.716563890018733
10 60 -2 -1.9 0.5 1 3745.189407451287 0.003175265668687643
10 60 -2 -1.9 1 1.5 10197.36360505152 0.4704872738584527
10 60 -2 -1.9 1.5 2 9191.844291852742 0.3707012479862897
10 60 -2 -1.9 2 2.5 7716.485035363644 0.2732029075032187
10 60 -2 -1.9 2.5 3 6453.119840217681 0.2143009824549154
10 60 -2 -1.9 3 3.5 5441.24361172354 0.1712092073221356
10 60 -2 -1.9 3.5 4 4634.918397675315 0.1351221831664589
10 60 -2 -1.9 4 4.5 3986.355165945401 0.1076178331582014
10 60 -2 -1.9 4.5 5 3458.027874426206 0.08729895681926791
10 60 -2 -1.9 5 5.5 3022.131726883058 0.07193645772849777
10 60 -2 -1.9 5.5 6 2658.253612573172 0.05940726308426747
10 60 -2 -1.9 6 6.5 2351.308769662463 0.04870653094303634
10 60 -2 -1.9 6.5 7 2090.004610380915 0.03956744787228672
10 60 -2 -1.9 7 7.5 1865.766872902481 0.03230441786195115
10 60 -2 -1.9 7.5 8 1671.987481023658 0.02662778584294756
10 60 -2 -1.9 8 8.5 1503.502583775269 0.02226422748231016
10 60 -2 -1.9 8.5 9 1356.220142331406 0.0187680401736543
10 60 -2 -1.9 9 9.5 1226.857029112381 0.01585233451987733
10 60 -2 -1.9 9.5 10 1112.74942895846 0.01361423665480288
10 60 -2 -1.9 10 10.5 1011.713304381425 0.01195053830144843
10 60 -2 -1.9 10.5 11 921.9417318942386 0.0106724034473018
10 60 -2 -1.9 11 11.5 841.9272734711775 0.04094367165259882
10 60 -2 -1.9 11.5 12 770.402655098297 0.03124562845243872
10 60 -2 -1.9 12 12.5 706.295484432065 0.0235453127419305
10 60 -2 -1.9 12.5 13 648.6927777541304 0.01743776076864378
10 60 -2 -1.9 13 13.5 596.8132357452097 0.01258923162379233
10 60 -2 -1.9 13.5 14 549.9852037624519 0.008758931801594372
10 60 -2 -1.9 14 14.5 507.6287408892728 0.005744908721112552
10 60 -2 -1.9 14.5 15 469.2410007114505 0.005187809022856982
10 60 -2 -1.9 15 16 837.0617929108107 0.009340594173863792
10 60 -2 -1.9 16 17 721.2006274348649 0.01129212865657792
10 60 -2 -1.9 17 18 624.5453591769273 0.02127353908110763
10 60 -2 -1.9 18 19 543.4162680463871 0.02640294681691557
10 60 -2 -1.9 19 20 474.9304294630211 0.004916229104026115
10 60 -2 -1.9 20 21 416.8085006266741 0.004252300709538304
10 60 -2 -1.9 21 22 367.2345573760512 0.003677002164977239
10 60 -2 -1.9 22 23 324.7519299171064 0.003171479131879096
10 60 -2 -1.9 23 24 288.1843521546228 0.00277169810868827
10 60 -2 -1.9 24 25 256.575905036397 0.002496666201466269
10 60 -2 -1.9 25 26 229.1452516384756 0.002177759820426672
10 60 -2 -1.9 26 27 205.2505696065476 0.001853041165389868
10 60 -2 -1.9 27 28 184.3618424389946 0.001654773773111629
10 60 -2 -1.9 28 29 166.0389243751129 0.001488861477696446
10 60 -2 -1.9 29 30 149.9147354564246 0.001338210501529602
10 60 -2 -1.9 30 31 135.6817812736103 0.001186674208412342
10 60 -2 -1.9 31 32 123.0814382275222 0.001089500824889456
10 60 -2 -1.9 32 33 111.8952078317162 0.001037979175393389
10 60 -2 -1.9 33 34 101.9377911915935 0.0009642210524987149
10 60 -2 -1.9 34 35 93.05155825595178 0.0008536901408575659
10 60 -2 -1.9 35 36 85.10196616834141 0.0007492524570551495
10 60 -2 -1.9 36 37 77.97373193154678 0.0006927503006863844
10 60 -2 -1.9 37 38 71.56769102038037 0.0006716234598087567
10 60 -2 -1.9 38 39 65.79827881064226 0.0006452201652393796
10 60 -2 -1.9 39 40 60.59148834915251 0.0005929569683260638
10 60 -2 -1.9 40 42 107.5006434150709 0.001048269529462686
10 60 -2 -1.9 42 44 91.97120771685628 0.001011510938099036
10 60 -2 -1.9 44 46 79.11313834076179 0.0008802542050858619
10 60 -2 -1.9 46 48 68.39692036371245 0.0007876120452863233
10 60 -2 -1.9 48 50 59.41112689881432 0.0007767322630272133
10 60 -2 -1.9 50 52 51.83313274840305 0.0007358131141899094
10 60 -2 -1.9 52 54 45.40817533994768 0.0006735691282671041
10 60 -2 -1.9 54 56 39.93358961108853 0.0006182411790973674
10 60 -2 -1.9 56 58 35.24692636569257 0.0005892155741378247
10 60 -2 -1.9 58 60 31.21702414881379 0.0005755041001087591
10 60 -2 -1.9 60 65 63.81251556105209 0.001330067709886862
10 60 -2 -1.9 65 70 48.34408760740016 0.001189641009666786
10 60 -2 -1.9 70 80 66.29474401529615 0.002048886994927557
10 60 -2 -1.9 80 90 41.39753993838669 0.001730373387090367
10 60 -2 -1.9 90 100 27.00983732490907 0.0001043368512689824
10 60 -1.9 -1.8 0 0.5 -109046.5237409059 2.924329552857671
10 60 -1.9 -1.8 0.5 1 3547.899390713167 0.01691923021689945
10 60 -1.9 -1.8 1 1.5 10205.61020425598 0.1397878306888742
10 60 -1.9 -1.8 1.5 2 9235.525934569798 0.3563875411928166
10 60 -1.9 -1.8 2 2.5 7765.694227408961 0.2815367884250009
10 60 -1.9 -1.8 2.5 3 6500.304105387562 0.2255360273620681
10 60 -1.9 -1.8 3 3.5 5484.417077496982 0.1738746564769826
10 60 -1.9 -1.8 3.5 4 4673.771610190237 0.1367110076644167
10 60 -1.9 -1.8 4 4.5 4021.118666849557 0.1108704806433707
10 60 -1.9 -1.8 4.5 5 3489.092539925296 0.09005246230299235
10 60 -1.9 -1.8 5 5.5 3049.909259484898 0.07278510277728856
10 60 -1.9 -1.8 5.5 6 2683.131571560528 0.05842835032126459
10 60 -1.9 -1.8 6 6.5 2373.632620301171 0.04725516992994017
10 60 -1.9 -1.8 6.5 7 2110.076955813489 0.03863034576988866
10 60 -1.9 -1.8 7 7.5 1883.850187431923 0.03218172723950374
10 60 -1.9 -1.8 7.5 8 1688.312043802325 0.02699425170658287
10 60 -1.9 -1.8 8 8.5 1518.267450053032 0.02262300357278946
10 60 -1.9 -1.8 8.5 9 1369.59876046499 0.01910475869135553
10 60 -1.9 -1.8 9 9.5 1239.000637001194 0.01685644956864962
10 60 -1.9 -1.8 9.5 10 1123.790198644421 0.01515595114142343
10 60 -1.9 -1.8 10 10.5 1021.767639367304 0.01362662172755336
10 60 -1.9 -1.8 10.5 11 931.1120343388112 0.01224787250112058
10 60 -1.9 -1.8 11 11.5 850.3036595537109 0.04156777100388354
10 60 -1.9 -1.8 11.5 12 778.0644834429899 0.03173641918385783
10 60 -1.9 -1.8 12 12.5 713.3130215792293 0.02392005465742386
10 60 -1.9 -1.8 12.5 13 655.1286886266864 0.01769434206823917
10 60 -1.9 -1.8 13 13.5 602.7236600541239 0.01278319110679149
10 60 -1.9 -1.8 13.5 14 555.4201455595761 0.008895538755268717
10 60 -1.9 -1.8 14 14.5 512.632855641218 0.006015328931425756
10 60 -1.9 -1.8 14.5 15 473.8544214149465 0.005467525568235487
10 60 -1.9 -1.8 15 16 845.2570561619806 0.00980395380236132
10 60 -1.9 -1.8 16 17 728.2186663407928 0.01143934337301289
10 60 -1.9 -1.8 17 18 630.5836135983736 0.02150138201784557
10 60 -1.9 -1.8 18 19 548.6339898906764 0.02663420939177286
10 60 -1.9 -1.8 19 20 479.456299541527 0.005616961995883685
10 60 -1.9 -1.8 20 21 420.7481773246723 0.004720943214977069
10 60 -1.9 -1.8 21 22 370.6759903515903 0.004016851140022482
10 60 -1.9 -1.8 22 23 327.7683219239725 0.003594241534131015
10 60 -1.9 -1.8 23 24 290.8364016568465 0.003063796397952956
10 60 -1.9 -1.8 24 25 258.9146646933793 0.002663352345734893
10 60 -1.9 -1.8 25 26 231.213863601219 0.002392644582926096
10 60 -1.9 -1.8 26 27 207.0852540727499 0.002101432143291504
10 60 -1.9 -1.8 27 28 185.99311570786 0.00183030976697296
10 60 -1.9 -1.8 28 29 167.4928303073623 0.001604708077337591
10 60 -1.9 -1.8 29 30 151.2135854489351 0.001434565104290186
10 60 -1.9 -1.8 30 31 136.8447349810524 0.001264117732688419
10 60 -1.9 -1.8 31 32 124.1249967346859 0.001119707614819276
10 60 -1.9 -1.8 32 33 112.8336537411791 0.001011703049400126
10 60 -1.9 -1.8 33 34 102.7835315546646 0.0009420238109925094
10 60 -1.9 -1.8 34 35 93.81531466487822 0.0008761798842442658
10 60 -1.9 -1.8 35 36 85.79298149853791 0.0007932164658654983
10 60 -1.9 -1.8 36 37 78.60001381666228 0.0007159579933073701
10 60 -1.9 -1.8 37 38 72.13622779818395 0.0006492359388943214
10 60 -1.9 -1.8 38 39 66.31526290695511 0.0006042814831630494
10 60 -1.9 -1.8 39 40 61.06237132298149 0.0005593889318262768
10 60 -1.9 -1.8 40 42 108.3227515027253 0.001005173087108346
10 60 -1.9 -1.8 42 44 92.65949401394084 0.0008964710499412831
10 60 -1.9 -1.8 44 46 79.69275460364848 0.000807145793487507
10 60 -1.9 -1.8 46 48 68.8876075869383 0.0007326348341507583
10 60 -1.9 -1.8 48 50 59.82852903419076 0.0006346022604262203
10 60 -1.9 -1.8 50 52 52.1900384322138 0.0005852735105449369
10 60 -1.9 -1.8 52 54 45.71495086366772 0.0005523209114031147
10 60 -1.9 -1.8 54 56 40.19852598285742 0.0005329116183787619
10 60 -1.9 -1.8 56 58 35.47666477196244 0.0005030997344306343
10 60 -1.9 -1.8 58 60 31.4170352631726 0.0004502659678102816
10 60 -1.9 -1.8 60 65 64.2109091397987 0.001029163002300493
10 60 -1.9 -1.8 65 70 48.63637417875748 0.000937125269096839
10 60 -1.9 -1.8 70 80 66.68331473892141 0.001602253026845801
10 60 -1.9 -1.8 80 90 41.63690509044321 0.001332352269535875
10 60 -1.9 -1.8 90 100 27.16997598873153 0.001157794126378064
10 60 -1.8 -1.7 0 0.5 -110804.5779818374 3.087881404033396
10 60 -1.8 -1.7 0.5 1 3358.096808194859 0.003131784547349525
10 60 -1.8 -1.7 1 1.5 10213.67058329519 0.4728620863970718
10 60 -1.8 -1.7 1.5 2 9277.658564525183 0.3900039171330718
10 60 -1.8 -1.7 2 2.5 7813.135677775199 0.2928880006475083
10 60 -1.8 -1.7 2.5 3 6545.781671072968 0.2133598152777267
10 60 -1.8 -1.7 3 3.5 5526.025737014507 0.166824155510767
10 60 -1.8 -1.7 3.5 4 4711.216149232633 0.1371465088068362
10 60 -1.8 -1.7 4 4.5 4054.630816370498 0.1108240181420115
10 60 -1.8 -1.7 4.5 5 3519.046083152348 0.08804127731355038
10 60 -1.8 -1.7 5 5.5 3076.700160744178 0.0707653723002295
10 60 -1.8 -1.7 5.5 6 2707.132398712327 0.05772945211447222
10 60 -1.8 -1.7 6 6.5 2395.174370128427 0.04763840065697877
10 60 -1.8 -1.7 6.5 7 2129.450171399499 0.03967217887429797
10 60 -1.8 -1.7 7 7.5 1901.309775677138 0.0330328593113336
10 60 -1.8 -1.7 7.5 8 1704.078246675679 0.02753177962358677
10 60 -1.8 -1.7 8 8.5 1532.532314398522 0.02297499430369498
10 60 -1.8 -1.7 8.5 9 1382.528358238424 0.02068148760372424
10 60 -1.8 -1.7 9 9.5 1250.740338226446 0.01856018034777662
10 60 -1.8 -1.7 9.5 10 1134.467884945626 0.01674118257938062
10 60 -1.8 -1.7 10 10.5 1031.495435798431 0.0151593727200634
10 60 -1.8 -1.7 10.5 11 939.9882745645853 0.01372182707518732
10 60 -1.8 -1.7 11 11.5 858.4148656746004 0.04214954000929083
10 60 -1.8 -1.7 11.5 12 785.4873031010003 0.03219795086408794
10 60 -1.8 -1.7 12 12.5 720.1152726887118 0.02428422147670517
10 60 -1.8 -1.7 12.5 13 661.3703747686188 0.01797956873645035
10 60 -1.8 -1.7 13 13.5 608.4581503405527 0.01298566428852155
10 60 -1.8 -1.7 13.5 14 560.6952955856885 0.009038471745270726
10 60 -1.8 -1.7 14 14.5 517.4914660622695 0.006879684339196501
10 60 -1.8 -1.7 14.5 15 478.3346398034734 0.006242900174584065
10 60 -1.8 -1.7 15 16 853.2158617303363 0.01093603224978779
10 60 -1.8 -1.7 16 17 735.0328481790992 0.01153205063235418
10 60 -1.8 -1.7 17 18 636.4442197603079 0.02177199265645413
10 60 -1.8 -1.7 18 19 553.6968770379568 0.02698990166413751
10 60 -1.8 -1.7 19 20 483.8488929023736 0.0059365479698954
10 60 -1.8 -1.7 20 21 424.5740900701957 0.005301174580552015
10 60 -1.8 -1.7 21 22 374.0196291222218 0.004568650223689019
10 60 -1.8 -1.7 22 23 330.6997281534797 0.003937074302541532
10 60 -1.8 -1.7 23 24 293.4144749505122 0.003384595071736385
10 60 -1.8 -1.7 24 25 261.1887810727487 0.002964600375662485
10 60 -1.8 -1.7 25 26 233.2255460011235 0.002562362606823854
10 60 -1.8 -1.7 26 27 208.8697726316144 0.002280252090486101
10 60 -1.8 -1.7 27 28 187.5802862176915 0.002043490915411894
10 60 -1.8 -1.7 28 29 168.9078922448343 0.001767434786899003
10 60 -1.8 -1.7 29 30 152.4781258874148 0.001557163268500972
10 60 -1.8 -1.7 30 31 137.9772525517353 0.001430340025791565
10 60 -1.8 -1.7 31 32 125.1412831476734 0.001274192260495965
10 60 -1.8 -1.7 32 33 113.7473650514647 0.001074434495905052
10 60 -1.8 -1.7 33 34 103.6066472299511 0.0009242237069742032
10 60 -1.8 -1.7 34 35 94.55835398019254 0.0008727020464363022
10 60 -1.8 -1.7 35 36 86.46504751205299 0.0008336357842182451
10 60 -1.8 -1.7 36 37 79.20895797979544 0.0007565974227077277
10 60 -1.8 -1.7 37 38 72.68891111081531 0.0006761453098391712
10 60 -1.8 -1.7 38 39 66.81766619496555 0.0006150994645963692
10 60 -1.8 -1.7 39 40 61.51978168112107 0.0005844941416910387
10 60 -1.8 -1.7 40 42 109.1204804666687 0.001047040256523246
10 60 -1.8 -1.7 42 44 93.32611393548613 0.0008220878728479875
10 60 -1.8 -1.7 44 46 80.25297109427123 0.0007491621623501032
10 60 -1.8 -1.7 46 48 69.36088841834388 0.0006695455421805718
10 60 -1.8 -1.7 48 50 60.23031811565385 0.0005786558465601388
10 60 -1.8 -1.7 50 52 52.53266138410322 0.0005525821305170098
10 60 -1.8 -1.7 52 54 46.00829448063432 0.0004726664081999843
10 60 -1.8 -1.7 54 56 40.45075627726819 0.0004130033089637664
10 60 -1.8 -1.7 56 58 35.69454788523309 0.0003997160496993502
10 60 -1.8 -1.7 58 60 31.60605313677797 0.0003899773309790078
10 60 -1.8 -1.7 60 65 64.58419990530696 0.0008459401847176196
10 60 -1.8 -1.7 65 70 48.90614364219304 0.0007228356908797196
10 60 -1.8 -1.7 70 80 67.03323085836514 0.001236775221414632
10 60 -1.8 -1.7 80 90 41.84396072402795 0.001047057368317894
10 60 -1.8 -1.7 90 100 27.30227403853313 0.000890580660289686
10 60 -1.7 -1.6 0 0.5 -112488.3897380877 3.277430217800429
10 60 -1.7 -1.6 0.5 1 3176.304851284976 0.01005705756824682
10 60 -1.7 -1.6 1 1.5 10221.50494794896 0.1537215157386527
10 60 -1.7 -1.6 1.5 2 9318.131686731385 0.361643603646371
10 60 -1.7 -1.6 2 2.5 7858.685244826105 0.2669408241690689
10 60 -1.7 -1.6 2.5 3 6589.437823978114 0.2185107278264695
10 60 -1.7 -1.6 3 3.5 5565.962099980895 0.177281007725469
10 60 -1.7 -1.6 3.5 4 4747.156870152944 0.1381188373743498
10 60 -1.7 -1.6 4 4.5 4086.796041467953 0.1082934302703507
10 60 -1.7 -1.6 4.5 5 3547.797633691672 0.08773796219793439
10 60 -1.7 -1.6 5 5.5 3102.421776313004 0.07263384235920967
10 60 -1.7 -1.6 5.5 6 2730.180132337813 0.05975796606435324
10 60 -1.7 -1.6 6 6.5 2415.864863159524 0.0489425498253695
10 60 -1.7 -1.6 6.5 7 2148.062604581711 0.04039825473182646
10 60 -1.7 -1.6 7 7.5 1918.087634887825 0.03339913725358201
10 60 -1.7 -1.6 7.5 8 1719.233348191711 0.02766654165884574
10 60 -1.7 -1.6 8 8.5 1546.246974841401 0.02485503073398831
10 60 -1.7 -1.6 8.5 9 1394.962582782277 0.02239676688691361
10 60 -1.7 -1.6 9 9.5 1262.034202472069 0.02021078090524497
10 60 -1.7 -1.6 9.5 10 1144.743595053875 0.01833449312198354
10 60 -1.7 -1.6 10 10.5 1040.859954250065 0.01654598768550386
10 60 -1.7 -1.6 10.5 11 948.5358199693879 0.01501771983907929
10 60 -1.7 -1.6 11 11.5 866.2284669182283 0.04273120336620195
10 60 -1.7 -1.6 11.5 12 792.640146697287 0.03262413521770213
10 60 -1.7 -1.6 12 12.5 726.6726413448453 0.02460374119573316
10 60 -1.7 -1.6 12.5 13 667.3903683342614 0.01823869235238362
10 60 -1.7 -1.6 13 13.5 613.9921229685337 0.0131918016883219
10 60 -1.7 -1.6 13.5 14 565.7887355086471 0.009197805188478014
10 60 -1.7 -1.6 14 14.5 522.1849488826052 0.007800516959719062
10 60 -1.7 -1.6 14.5 15 482.6645530153058 0.007101526635551636
10 60 -1.7 -1.6 15 16 860.9121405610442 0.01229789340243315
10 60 -1.7 -1.6 16 17 741.6259954482075 0.01154422232002617
10 60 -1.7 -1.6 17 18 642.1165590294924 0.0219642569751386
10 60 -1.7 -1.6 18 19 558.5972593314398 0.0272284275590664
10 60 -1.7 -1.6 19 20 488.098866674875 0.006228299599968068
10 60 -1.7 -1.6 20 21 428.2745795937593 0.005424750764916553
10 60 -1.7 -1.6 21 22 377.254168173996 0.004849335738811078
10 60 -1.7 -1.6 22 23 333.5368179948258 0.004238274658803221
10 60 -1.7 -1.6 23 24 295.9109277214482 0.003737762324931282
10 60 -1.7 -1.6 24 25 263.391927642827 0.003345414086822984
10 60 -1.7 -1.6 25 26 235.1750883289571 0.002836462376365034
10 60 -1.7 -1.6 26 27 210.5995040166717 0.002447749144437239
10 60 -1.7 -1.6 27 28 189.1190522519248 0.002217019122582542
10 60 -1.7 -1.6 28 29 170.2801760254136 0.001988340151655166
10 60 -1.7 -1.6 29 30 153.7046992469813 0.001725382073914261
10 60 -1.7 -1.6 30 31 139.0759972616935 0.001494739483263174
10 60 -1.7 -1.6 31 32 126.1277223848562 0.001356690214507239
10 60 -1.7 -1.6 32 33 114.6348048735533 0.001260679107630835
10 60 -1.7 -1.6 33 34 104.4064039568032 0.00112755177238455
10 60 -1.7 -1.6 34 35 95.28019503836023 0.0009710419829360717
10 60 -1.7 -1.6 35 36 87.11763590197565 0.0008451992315627876
10 60 -1.7 -1.6 36 37 79.79998341963881 0.0007655436648406067
10 60 -1.7 -1.6 37 38 73.22511851209987 0.0007163656218978076
10 60 -1.7 -1.6 38 39 67.30493233440265 0.0006573434213663631
10 60 -1.7 -1.6 39 40 61.96324249428029 0.0005909959635204132
10 60 -1.7 -1.6 40 42 109.8936962285296 0.00104605971573335
10 60 -1.7 -1.6 42 44 93.9721302813478 0.0008966852438447859
10 60 -1.7 -1.6 44 46 80.79524648327225 0.0007611383971237728
10 60 -1.7 -1.6 46 48 69.81817680322335 0.0006169815779770715
10 60 -1.7 -1.6 48 50 60.61780393831782 0.0005570928012303966
10 60 -1.7 -1.6 50 52 52.86243787012521 0.0004882152506624493
10 60 -1.7 -1.6 52 54 46.29016954287999 0.0004334522102809046
10 60 -1.7 -1.6 54 56 40.69260109465651 0.0004095346434525027
10 60 -1.7 -1.6 56 58 35.9027090739481 0.000352128868065904
10 60 -1.7 -1.6 58 60 31.78585028047159 0.0002936819914154398
10 60 -1.7 -1.6 60 65 64.93715027298813 0.0007111347602233309
10 60 -1.7 -1.6 65 70 49.15831740121931 0.0005884850503008465
10 60 -1.7 -1.6 70 80 67.35317406368073 0.0009794915956717887
10 60 -1.7 -1.6 80 90 42.02583408927084 0.0007947460311115151
10 60 -1.7 -1.6 90 100 27.41302570143527 0.0006853782626627947
10 60 -1.6 -1.5 0 0.5 -114093.6989651234 3.398442135221558
10 60 -1.6 -1.5 0.5 1 3002.904073930134 0.00174207528016268
10 60 -1.6 -1.5 1 1.5 10229.0973991155 0.4583909348220914
10 60 -1.6 -1.5 1.5 2 9356.841273867882 0.3689534012701188
10 60 -1.6 -1.5 2 2.5 7902.212443463904 0.2952059947792804
10 60 -1.6 -1.5 2.5 3 6631.153120777269 0.2226938395415345
10 60 -1.6 -1.5 3 3.5 5604.121386198547 0.1693291064766527
10 60 -1.6 -1.5 3.5 4 4781.499636034325 0.1358361072771004
10 60 -1.6 -1.5 4 4.5 4117.530482911745 0.1125569229052417
10 60 -1.6 -1.5 4.5 5 3575.27162367081 0.09221613252248062
10 60 -1.6 -1.5 5 5.5 3127.002373163738 0.07420613880231031
10 60 -1.6 -1.5 5.5 6 2752.206669518657 0.05983186589537581
10 60 -1.6 -1.5 6 6.5 2435.641312438161 0.04891753954916567
10 60 -1.6 -1.5 6.5 7 2165.85698232016 0.04046413175001362
10 60 -1.6 -1.5 7 7.5 1934.131753017826 0.03353526570231224
10 60 -1.6 -1.5 7.5 8 1733.727068243653 0.02935261558695856
10 60 -1.6 -1.5 8 8.5 1559.365874762 0.02649709543334211
10 60 -1.6 -1.5 8.5 9 1406.859704109117 0.02397022951276995
10 60 -1.6 -1.5 9 9.5 1272.842985353643 0.0216622257871677
10 60 -1.6 -1.5 9.5 10 1154.580592834128 0.01971032440087583
10 60 -1.6 -1.5 10 10.5 1049.827179675818 0.01793962827287032
10 60 -1.6 -1.5 10.5 11 956.7226926397 0.01620414233411793
10 60 -1.6 -1.5 11 11.5 873.7144617502607 0.04323781133791726
10 60 -1.6 -1.5 11.5 12 799.4957964016279 0.0330416824014037
10 60 -1.6 -1.5 12 12.5 732.9599344547571 0.0249289739933829
10 60 -1.6 -1.5 12.5 13 673.1642464291426 0.01848825491697426
10 60 -1.6 -1.5 13 13.5 619.3015251209022 0.01337256525823705
10 60 -1.6 -1.5 13.5 14 570.6774008720575 0.009336599070365992
10 60 -1.6 -1.5 14 14.5 526.6918566170503 0.008579433154864091
10 60 -1.6 -1.5 14.5 15 486.8244961118243 0.007907032499133493
10 60 -1.6 -1.5 15 16 868.3122249937459 0.01373477121762789
10 60 -1.6 -1.5 16 17 747.9721845478527 0.01161150172663383
10 60 -1.6 -1.5 17 18 647.5807992969154 0.02206775602019206
10 60 -1.6 -1.5 18 19 563.3205110492876 0.02746332967819853
10 60 -1.6 -1.5 19 20 492.1974222931157 0.0070521527734968
10 60 -1.6 -1.5 20 21 431.8436083563166 0.005936071550991073
10 60 -1.6 -1.5 21 22 380.3730499311884 0.005041842869843549
10 60 -1.6 -1.5 22 23 336.2721270966993 0.004481756955613037
10 60 -1.6 -1.5 23 24 298.3177858306473 0.003907633132371302
10 60 -1.6 -1.5 24 25 265.5164786803324 0.003425225112607677
10 60 -1.6 -1.5 25 26 237.0561961206236 0.003148629675706616
10 60 -1.6 -1.5 26 27 212.2693653114929 0.002804629055361829
10 60 -1.6 -1.5 27 28 190.6048710469163 0.002373854838339184
10 60 -1.6 -1.5 28 29 171.6055053102044 0.002091828670046425
10 60 -1.6 -1.5 29 30 154.8897879228759 0.001930687137871701
10 60 -1.6 -1.5 30 31 140.1379817836525 0.001714755934301593
10 60 -1.6 -1.5 31 32 127.0812585581797 0.001498378613916884
10 60 -1.6 -1.5 32 33 115.492657274562 0.00134570606515183
10 60 -1.6 -1.5 33 34 105.1796800923457 0.001218306429848326
10 60 -1.6 -1.5 34 35 95.97853006554179 0.001087271319747174
10 60 -1.6 -1.5 35 36 87.74933574924711 0.0009768944253352174
10 60 -1.6 -1.5 36 37 80.37226146838738 0.0008877933937156968
10 60 -1.6 -1.5 37 38 73.74427774222293 0.0007895080417483769
10 60 -1.6 -1.5 38 39 67.77658850127523 0.0006831201204846593
10 60 -1.6 -1.5 39 40 62.39239401918233 0.0005982433039051216
10 60 -1.6 -1.5 40 42 110.6416719265744 0.001090887337355184
10 60 -1.6 -1.5 42 44 94.59668607033946 0.0009366903029928153
10 60 -1.6 -1.5 44 46 81.31942158764429 0.0007772733434308066
10 60 -1.6 -1.5 46 48 70.26016761726709 0.0006636157193895542
10 60 -1.6 -1.5 48 50 60.9919655179531 0.0005766127145463429
10 60 -1.6 -1.5 50 52 53.18038984579344 0.0004614812837715476
10 60 -1.6 -1.5 52 54 46.56144494724041 0.0004039014153391918
10 60 -1.6 -1.5 54 56 40.92493771777676 0.0003680454647323472
10 60 -1.6 -1.5 56 58 36.10242840775457 0.0003323291536361239
10 60 -1.6 -1.5 58 60 31.95807722425577 0.0003036150712745211
10 60 -1.6 -1.5 60 65 65.27315741935193 0.0005866566829126896
10 60 -1.6 -1.5 65 70 49.39625609684743 0.0004935063278566076
10 60 -1.6 -1.5 70 80 67.64951739931807 0.0007904874579622856
10 60 -1.6 -1.5 80 90 42.18830719326051 0.0006384883243768513
10 60 -1.6 -1.5 90 100 27.50723005598684 0.0005144405023251863
10 60 -1.5 -1.4 0 0.5 -115617.2361497765 3.588910640741233
10 60 -1.5 -1.4 0.5 1 2838.401707324401 0.001496772952577885
10 60 -1.5 -1.4 1 1.5 10236.39626083474 0.1552104940928984
10 60 -1.5 -1.4 1.5 2 9393.679019353172 0.3902363182569388
10 60 -1.5 -1.4 2 2.5 7943.615168156317 0.2772206493700651
10 60 -1.5 -1.4 2.5 3 6670.82011776012 0.2176019957605604
10 60 -1.5 -1.4 3 3.5 5640.401859144719 0.1779895830632086
10 60 -1.5 -1.4 3.5 4 4814.151119697616 0.1441620630012039
10 60 -1.5 -1.4 4 4.5 4146.750790341689 0.1137346286541288
10 60 -1.5 -1.4 4.5 5 3601.395031231408 0.08988533749152339
10 60 -1.5 -1.4 5 5.5 3150.375131010579 0.07271983629425449
10 60 -1.5 -1.4 5.5 6 2773.150740213227 0.06008067103266512
10 60 -1.5 -1.4 6 6.5 2454.448552402788 0.04969586640527268
10 60 -1.5 -1.4 6.5 7 2182.781051646903 0.04087090598977738
10 60 -1.5 -1.4 7 7.5 1949.392489830091 0.03448336707106137
10 60 -1.5 -1.4 7.5 8 1747.515872243986 0.03118507544081695
10 60 -1.5 -1.4 8 8.5 1571.848982536069 0.02803181260514975
10 60 -1.5 -1.4 8.5 9 1418.182483365655 0.02534422290432303
10 60 -1.5 -1.4 9 9.5 1283.13169443825 0.0230406482496619
10 60 -1.5 -1.4 9.5 10 1163.945314130473 0.02086837876481695
10 60 -1.5 -1.4 10 10.5 1058.365185761496 0.01898625291846656
10 60 -1.5 -1.4 10.5 11 964.520009380587 0.01730284960001427
10 60 -1.5 -1.4 11 11.5 880.8464922512937 0.04375090072187504
10 60 -1.5 -1.4 11.5 12 806.0289114448308 0.033442354405679
10 60 -1.5 -1.4 12 12.5 738.953008961334 0.02522455830649051
10 60 -1.5 -1.4 12.5 13 678.6696922757592 0.01872516172420546
10 60 -1.5 -1.4 13 13.5 624.3657449018229 0.01356423126776463
10 60 -1.5 -1.4 13.5 14 575.3415822271584 0.01010767122340894
10 60 -1.5 -1.4 14 14.5 530.9930360936626 0.009174337928925524
10 60 -1.5 -1.4 14.5 15 490.7960210826709 0.008480735544821982
10 60 -1.5 -1.4 15 16 875.3822632094599 0.01505537865898532
10 60 -1.5 -1.4 16 17 754.0412537836171 0.01267193422177115
10 60 -1.5 -1.4 17 18 652.8123989814005 0.02209649357564558
10 60 -1.5 -1.4 18 19 567.8470052089863 0.02762051644856456
10 60 -1.5 -1.4 19 20 496.1280162396565 0.007593464675835548
10 60 -1.5 -1.4 20 21 435.2695635805985 0.006689853576460791
10 60 -1.5 -1.4 21 22 383.368995358827 0.005685524914497364
10 60 -1.5 -1.4 22 23 338.9001526299081 0.004873997742208758
10 60 -1.5 -1.4 23 24 300.6303509566802 0.004262714654430511
10 60 -1.5 -1.4 24 25 267.5575697444802 0.003658227462665309
10 60 -1.5 -1.4 25 26 238.8629420364021 0.003206301006997592
10 60 -1.5 -1.4 26 27 213.8734105425482 0.002891061746083778
10 60 -1.5 -1.4 27 28 192.0328671066254 0.002600513151975292
10 60 -1.5 -1.4 28 29 172.8797765655384 0.002341959396204629
10 60 -1.5 -1.4 29 30 156.0293028395887 0.002079087122098144
10 60 -1.5 -1.4 30 31 141.1592087449276 0.001836013593049302
10 60 -1.5 -1.4 31 32 127.998460503967 0.001643027693390309
10 60 -1.5 -1.4 32 33 116.3180666339089 0.001478145818666121
10 60 -1.5 -1.4 33 34 105.9238854338494 0.001327781636803138
10 60 -1.5 -1.4 34 35 96.65072889783308 0.001190054470598056
10 60 -1.5 -1.4 35 36 88.35755422212806 0.001056009738135799
10 60 -1.5 -1.4 36 37 80.92352132374729 0.0009485864054425974
10 60 -1.5 -1.4 37 38 74.24473012086698 0.0008682064133580525
10 60 -1.5 -1.4 38 39 68.23157384901619 0.0007956680792915449
10 60 -1.5 -1.4 39 40 62.80655606736123 0.000723232475600355
10 60 -1.5 -1.4 40 42 111.3634138367705 0.001197312105134074
10 60 -1.5 -1.4 42 44 95.19900454038566 0.0009336310250063207
10 60 -1.5 -1.4 44 46 81.82477387449173 0.0008271385215863347
10 60 -1.5 -1.4 46 48 70.68615168436818 0.0006952251398217868
10 60 -1.5 -1.4 48 50 61.35259434255703 0.0005773399337698493
10 60 -1.5 -1.4 50 52 53.48691884703049 0.0005206605938852249
10 60 -1.5 -1.4 52 54 46.82278700379878 0.000440260881070742
10 60 -1.5 -1.4 54 56 41.14842533736669 0.0003475472976504079
10 60 -1.5 -1.4 56 58 36.29419699217414 0.0003034365823779694
10 60 -1.5 -1.4 58 60 32.1231800495398 0.0002774824120308494
10 60 -1.5 -1.4 60 65 65.59470809240864 0.0005894265491406259
10 60 -1.5 -1.4 65 70 49.62218794062274 0.0004369050731156676
10 60 -1.5 -1.4 70 80 67.92674498724789 0.0006765620599793465
10 60 -1.5 -1.4 80 90 42.33552399066041 0.0004750880939923263
10 60 -1.5 -1.4 90 100 27.58896621363157 0.0003993523975829305
10 60 -1.4 -1.3 0 0.5 -117054.8365431964 3.741328073694604
10 60 -1.4 -1.3 0.5 1 2683.183152166724 0.002386238099006732
10 60 -1.4 -1.3 1 1.5 10243.42670226202 0.4856292642089102
10 60 -1.4 -1.3 1.5 2 9428.546019146046 0.3671403026255575
10 60 -1.4 -1.3 2 2.5 7982.771169714894 0.296747775505537
10 60 -1.4 -1.3 2.5 3 6708.332072897603 0.2337437676442278
10 60 -1.4 -1.3 3 3.5 5674.712563361954 0.1781618391696611
10 60 -1.4 -1.3 3.5 4 4845.025917646914 0.1381791891089961
10 60 -1.4 -1.3 4 4.5 4174.38177920396 0.111503408603312
10 60 -1.4 -1.3 4.5 5 3626.097901917036 0.09181641779377969
10 60 -1.4 -1.3 5 5.5 3172.475353500616 0.07565456524525871
10 60 -1.4 -1.3 5.5 6 2792.956936463891 0.06141901156524909
10 60 -1.4 -1.3 6 6.5 2472.23498391673 0.0497351738749785
10 60 -1.4 -1.3 6.5 7 2198.787051121321 0.04077291440671615
10 60 -1.4 -1.3 7 7.5 1963.82555061469 0.03614090000769465
10 60 -1.4 -1.3 7.5 8 1760.558134376626 0.03252834197519405
10 60 -1.4 -1.3 8 8.5 1583.659166430751 0.02957645590981883
10 60 -1.4 -1.3 8.5 9 1428.896490038112 0.02678751849725813
10 60 -1.4 -1.3 9 9.5 1292.86809082531 0.02428262137846104
10 60 -1.4 -1.3 9.5 10 1172.808807713233 0.02201402195578339
10 60 -1.4 -1.3 10 10.5 1066.447684951433 0.02001309712727561
10 60 -1.4 -1.3 10.5 11 971.9023431425048 0.01822308715532017
10 60 -1.4 -1.3 11 11.5 887.5999896560483 0.04421489434560044
10 60 -1.4 -1.3 11.5 12 812.2166955843924 0.03381999010468917
10 60 -1.4 -1.3 12 12.5 744.6305904217359 0.02553362795515568
10 60 -1.4 -1.3 12.5 13 683.8861241264165 0.01893732242240276
10 60 -1.4 -1.3 13 13.5 629.165151586765 0.01370515074358991
10 60 -1.4 -1.3 13.5 14 579.7635364742359 0.01073966382887193
10 60 -1.4 -1.3 14 14.5 535.0725560963195 0.009916228192423659
10 60 -1.4 -1.3 14.5 15 494.5640124392758 0.009113259928994921
10 60 -1.4 -1.3 15 16 882.0924199689495 0.01604946642567029
10 60 -1.4 -1.3 16 17 759.8053889256495 0.01374336183619107
10 60 -1.4 -1.3 17 18 657.7850985880705 0.02224513541318629
10 60 -1.4 -1.3 18 19 572.1549827047604 0.02774750595585829
10 60 -1.4 -1.3 19 20 499.8737402113465 0.008577910325072935
10 60 -1.4 -1.3 20 21 438.53675219018 0.007276340777423229
10 60 -1.4 -1.3 21 22 386.2282853193996 0.006241300329918431
10 60 -1.4 -1.3 22 23 341.4105674841559 0.005400164792661144
10 60 -1.4 -1.3 23 24 302.8410824508201 0.00470500816288677
10 60 -1.4 -1.3 24 25 269.5099193112202 0.004130892359683003
10 60 -1.4 -1.3 25 26 240.5916209155286 0.003561514760917817
10 60 -1.4 -1.3 26 27 215.4079597977413 0.003103695455337174
10 60 -1.4 -1.3 27 28 193.3986035269072 0.002761312887145095
10 60 -1.4 -1.3 28 29 174.0983223304628 0.002427426658016429
10 60 -1.4 -1.3 29 30 157.1192002654151 0.002152932477628156
10 60 -1.4 -1.3 30 31 142.136294430394 0.001974848225927417
10 60 -1.4 -1.3 31 32 128.8761986055532 0.00178477894675666
10 60 -1.4 -1.3 32 33 117.1080820985111 0.001564183687065679
10 60 -1.4 -1.3 33 34 106.6363472896911 0.001399545161063998
10 60 -1.4 -1.3 34 35 97.29449261905955 0.001297147900828577
10 60 -1.4 -1.3 35 36 88.94024569008272 0.001179645027875154
10 60 -1.4 -1.3 36 37 81.45176077573613 0.00105154403246388
10 60 -1.4 -1.3 37 38 74.72432859213077 0.00093974282067677
10 60 -1.4 -1.3 38 39 68.66767091940163 0.0008417652886834048
10 60 -1.4 -1.3 39 40 63.20370976716059 0.0007666430057824414
10 60 -1.4 -1.3 40 42 112.0564027495401 0.001347133196915706
10 60 -1.4 -1.3 42 44 95.77810643866366 0.001109519098235978
10 60 -1.4 -1.3 44 46 82.31057497504099 0.0008677488347075268
10 60 -1.4 -1.3 46 48 71.09548158031205 0.0007262302576975799
10 60 -1.4 -1.3 48 50 61.69900980757153 0.0006261347973861575
10 60 -1.4 -1.3 50 52 53.78122422925085 0.0005205808260271283
10 60 -1.4 -1.3 52 54 47.07379538212522 0.0004457566093307719
10 60 -1.4 -1.3 54 56 41.36323798252116 0.0003968350301732926
10 60 -1.4 -1.3 56 58 36.47848624244461 0.000349049260066181
10 60 -1.4 -1.3 58 60 32.28162483548267 0.0002894941171049936
10 60 -1.4 -1.3 60 65 65.90217556360432 0.0005646747501231175
10 60 -1.4 -1.3 65 70 49.83737377528726 0.0004288186812999584
10 60 -1.4 -1.3 70 80 68.18777458369405 0.0005813139912334009
10 60 -1.4 -1.3 80 90 42.47104229993975 0.0004059074345192926
10 60 -1.4 -1.3 90 100 27.66109920154042 0.0002885649321981987
10 60 -1.3 -1.2 0 0.5 -118402.6694390395 3.862125407351414
10 60 -1.3 -1.2 0.5 1 2537.517756837252 0.005198967805426946
10 60 -1.3 -1.2 1 1.5 10250.12840546387 0.147902277922185
10 60 -1.3 -1.2 1.5 2 9461.379787164324 0.3881025875398336
10 60 -1.3 -1.2 2 2.5 8019.602555133364 0.287700030007727
10 60 -1.3 -1.2 2.5 3 6743.593859652997 0.2185626645568846
10 60 -1.3 -1.2 3 3.5 5706.958798458787 0.1746198718265077
10 60 -1.3 -1.2 3.5 4 4874.041877558505 0.1437534685837818
10 60 -1.3 -1.2 4 4.5 4200.351048368712 0.1170196758721431
10 60 -1.3 -1.2 4.5 5 3649.31404389965 0.09366214293459052
10 60 -1.3 -1.2 5 5.5 3193.246025607861 0.0749245138108563
10 60 -1.3 -1.2 5.5 6 2811.572241657248 0.060617645993716
10 60 -1.3 -1.2 6 6.5 2488.952460123786 0.04978426755087639
10 60 -1.3 -1.2 6.5 7 2213.829887113661 0.04170862136425058
10 60 -1.3 -1.2 7 7.5 1977.391754193238 0.0376864091247171
10 60 -1.3 -1.2 7.5 8 1772.818658260498 0.03403798667295632
10 60 -1.3 -1.2 8 8.5 1594.760882437761 0.03079305953497169
10 60 -1.3 -1.2 8.5 9 1438.967989646229 0.02792642024928682
10 60 -1.3 -1.2 9 9.5 1302.022220444024 0.02540585148221908
10 60 -1.3 -1.2 9.5 10 1181.144004040781 0.0230792820636907
10 60 -1.3 -1.2 10 10.5 1074.05004413496 0.02096415726146006
10 60 -1.3 -1.2 10.5 11 978.8475330144333 0.01921234835231189
10 60 -1.3 -1.2 11 11.5 893.9541825577778 0.04468336623608593
10 60 -1.3 -1.2 11.5 12 818.0385234576192 0.03414260129557078
10 60 -1.3 -1.2 12 12.5 749.9729333208272 0.02576793843934411
10 60 -1.3 -1.2 12.5 13 688.7960450177314 0.01914362972922845
10 60 -1.3 -1.2 13 13.5 633.6838947111783 0.01387069533109297
10 60 -1.3 -1.2 13.5 14 583.9276645863742 0.01129808897292151
10 60 -1.3 -1.2 14 14.5 538.9148785525481 0.01046522009630735
10 60 -1.3 -1.2 14.5 15 498.1138464700389 0.00968408384170516
10 60 -1.3 -1.2 15 16 888.4165696180112 0.01699711003175253
10 60 -1.3 -1.2 16 17 765.2412816157969 0.01456075977114324
10 60 -1.3 -1.2 17 18 662.4784167314931 0.02229567635527019
10 60 -1.3 -1.2 18 19 576.2234547262551 0.0279236625304975
10 60 -1.3 -1.2 19 20 503.4142640635692 0.00927456089448242
10 60 -1.3 -1.2 20 21 441.628893222048 0.007959431828908237
10 60 -1.3 -1.2 21 22 388.9375315409833 0.006936047205556406
10 60 -1.3 -1.2 22 23 343.7911884838231 0.005972226458084151
10 60 -1.3 -1.2 23 24 304.9388580413822 0.005087578544589633
10 60 -1.3 -1.2 24 25 271.3638515459893 0.004522468472998753
10 60 -1.3 -1.2 25 26 242.2345027397281 0.003968715495119568
10 60 -1.3 -1.2 26 27 216.8674124490642 0.003449175968427198
10 60 -1.3 -1.2 27 28 194.6981639828425 0.00303732473588525
10 60 -1.3 -1.2 28 29 175.258170289195 0.002658427752663783
10 60 -1.3 -1.2 29 30 158.1566702223036 0.002335203028735577
10 60 -1.3 -1.2 30 31 143.0663149648065 0.002079166732585236
10 60 -1.3 -1.2 31 32 129.7117041790743 0.001846840567480967
10 60 -1.3 -1.2 32 33 117.8602674796971 0.001663389936808812
10 60 -1.3 -1.2 33 34 107.3148006422299 0.001522146847150907
10 60 -1.3 -1.2 34 35 97.90746925709696 0.001358643882170441
10 60 -1.3 -1.2 35 36 89.49504897918042 0.001207501286998536
10 60 -1.3 -1.2 36 37 81.95482326580976 0.001099653124470024
10 60 -1.3 -1.2 37 38 75.18127286290115 0.001030014352110697
10 60 -1.3 -1.2 38 39 69.08335458490852 0.0009397013811280885
10 60 -1.3 -1.2 39 40 63.58237064324554 0.0008316229912068707
10 60 -1.3 -1.2 40 42 112.7173039908378 0.001440650089904238
10 60 -1.3 -1.2 42 44 96.33087965601888 0.001214447658838935
10 60 -1.3 -1.2 44 46 82.77508890440878 0.001007342714572701
10 60 -1.3 -1.2 46 48 71.48726650723084 0.0008275647918907225
10 60 -1.3 -1.2 48 50 62.03055820442271 0.0006510211034438385
10 60 -1.3 -1.2 50 52 54.06287409314102 0.0005551805140555643
10 60 -1.3 -1.2 52 54 47.31392317213093 0.0005082734278900602
10 60 -1.3 -1.2 54 56 41.56857441263725 0.0004200114713128755
10 60 -1.3 -1.2 56 58 36.65459919238838 0.000353736378990277
10 60 -1.3 -1.2 58 60 32.43310306913695 0.000323517258770778
10 60 -1.3 -1.2 60 65 66.19590151377913 0.0006100367710217824
10 60 -1.3 -1.2 65 70 50.04212903862166 0.0004355110127747253
10 60 -1.3 -1.2 70 80 68.43465489748903 0.0005520386189630244
10 60 -1.3 -1.2 80 90 42.59683136269798 0.0003284453507603757
10 60 -1.3 -1.2 90 100 27.7260819894956 0.0002439677180063882
10 60 -1.2 -1.1 0 0.5 -119657.6721009247 4.03131054044934
10 60 -1.2 -1.1 0.5 1 2401.933109805982 0.007214704689886275
10 60 -1.2 -1.1 1 1.5 10256.45105308359 0.4859750762680051
10 60 -1.2 -1.1 1.5 2 9492.04292951973 0.384776599405086
10 60 -1.2 -1.1 2 2.5 8053.995496299972 0.2968609259387449
10 60 -1.2 -1.1 2.5 3 6776.523875415627 0.2297372099073982
10 60 -1.2 -1.1 3 3.5 5737.066650966515 0.1823255759918538
10 60 -1.2 -1.1 3.5 4 4901.126629819917 0.1443390186614124
10 60 -1.2 -1.1 4 4.5 4224.589983510082 0.1139830052270554
10 60 -1.2 -1.1 4.5 5 3670.980652197712 0.09177530570832459
10 60 -1.2 -1.1 5 5.5 3212.631772771217 0.07514825221642241
10 60 -1.2 -1.1 5.5 6 2828.948231926297 0.06196177510764755
10 60 -1.2 -1.1 6 6.5 2504.554502156601 0.05091229207846482
10 60 -1.2 -1.1 6.5 7 2227.870577992269 0.04331701326645998
10 60 -1.2 -1.1 7 7.5 1990.054913345778 0.03895731083139253
10 60 -1.2 -1.1 7.5 8 1784.262819322412 0.03530902145575965
10 60 -1.2 -1.1 8 8.5 1605.12344376608 0.03198297697736052
10 60 -1.2 -1.1 8.5 9 1448.369283913406 0.02898633830750441
10 60 -1.2 -1.1 9 9.5 1310.567641143404 0.0262374308751987
10 60 -1.2 -1.1 9.5 10 1188.9259040207 0.02397300549523607
10 60 -1.2 -1.1 10 10.5 1081.148593942315 0.02193251076664637
10 60 -1.2 -1.1 10.5 11 985.3328086506202 0.01993006109694306
10 60 -1.2 -1.1 11 11.5 899.8887548466381 0.01824080416190554
10 60 -1.2 -1.1 11.5 12 823.4777327717211 0.03448035999269905
10 60 -1.2 -1.1 12 12.5 754.9651400125925 0.02602894463416305
10 60 -1.2 -1.1 12.5 13 693.384275128223 0.01931862295020892
10 60 -1.2 -1.1 13 13.5 637.9068628482163 0.01401520443039317
10 60 -1.2 -1.1 13.5 14 587.81970093072 0.01184786795136006
10 60 -1.2 -1.1 14 14.5 542.5065584465012 0.01089494709322025
10 60 -1.2 -1.1 14.5 15 501.432664132422 0.01003438210568675
10 60 -1.2 -1.1 15 16 894.3319045237644 0.01791839114923732
10 60 -1.2 -1.1 16 17 770.328755743345 0.0152814870759812
10 60 -1.2 -1.1 17 18 666.8730131700146 0.02236806525183965
10 60 -1.2 -1.1 18 19 580.0350712184335 0.02805585826172319
10 60 -1.2 -1.1 19 20 506.7331245134962 0.009821562510921922
10 60 -1.2 -1.1 20 21 444.5295187383256 0.008573621734058179
10 60 -1.2 -1.1 21 22 391.4812032638459 0.007422873327982416
10 60 -1.2 -1.1 22 23 346.0289487208524 0.006518365047725183
10 60 -1.2 -1.1 23 24 306.9130568681999 0.00568518708251986
10 60 -1.2 -1.1 24 25 273.1098230191406 0.004895151029870703
10 60 -1.2 -1.1 25 26 243.7826687938602 0.004236220732906304
10 60 -1.2 -1.1 26 27 218.2438735356359 0.003742476933780381
10 60 -1.2 -1.1 27 28 195.9250028267842 0.003330636259846642
10 60 -1.2 -1.1 28 29 176.3541195158471 0.00294941109027036
10 60 -1.2 -1.1 29 30 159.1377246304321 0.002601906611204186
10 60 -1.2 -1.1 30 31 143.946258557287 0.002289583342928836
10 60 -1.2 -1.1 31 32 130.5024939007581 0.002021106116643523
10 60 -1.2 -1.1 32 33 118.5722779794777 0.001808225298674415
10 60 -1.2 -1.1 33 34 107.9570477668832 0.001614697384738406
10 60 -1.2 -1.1 34 35 98.48786782778431 0.001428714906893447
10 60 -1.2 -1.1 35 36 90.02049182497367 0.001282237535718878
10 60 -1.2 -1.1 36 37 82.43129030105887 0.001170521254778123
10 60 -1.2 -1.1 37 38 75.61397563127998 0.001063342522613198
10 60 -1.2 -1.1 38 39 69.47692630922917 0.0009593165723629227
10 60 -1.2 -1.1 39 40 63.9409233570677 0.000872065168735503
10 60 -1.2 -1.1 40 42 113.3433410838449 0.001572311508510893
10 60 -1.2 -1.1 42 44 96.85472406099255 0.001292610386769866
10 60 -1.2 -1.1 44 46 83.21556784452449 0.001074549366904876
10 60 -1.2 -1.1 46 48 71.85932123526449 0.0009287705944416302
10 60 -1.2 -1.1 48 50 62.34597376311272 0.0008003932904543376
10 60 -1.2 -1.1 50 52 54.33094035882278 0.0006518254488909747
10 60 -1.2 -1.1 52 54 47.54229589720423 0.0005201806165118228
10 60 -1.2 -1.1 54 56 41.76375996739588 0.0004359481001756649
10 60 -1.2 -1.1 56 58 36.82195381277381 0.0003956019423654311
10 60 -1.2 -1.1 58 60 32.57696039641552 0.0003453346970161419
10 60 -1.2 -1.1 60 65 66.47492330407654 0.0006602893598852688
10 60 -1.2 -1.1 65 70 50.23656905301494 0.0004533796593122474
10 60 -1.2 -1.1 70 80 68.66805836677086 0.0005482188825283174
10 60 -1.2 -1.1 80 90 42.71452261670332 0.0003198835997793026
10 60 -1.2 -1.1 90 100 27.7853445246899 0.0001936937750812717
10 60 -1.1 -1 0 0.5 -120816.0668427464 4.1453294918756
10 60 -1.1 -1 0.5 1 2276.758756648558 0.004571201453472895
10 60 -1.1 -1 1 1.5 10262.4238204581 0.154629946076966
10 60 -1.1 -1 1.5 2 9520.472738020482 0.3856107831379632
10 60 -1.1 -1 2 2.5 8085.852109922625 0.2869458662753459
10 60 -1.1 -1 2.5 3 6807.013236633632 0.2292253943414835
10 60 -1.1 -1 3 3.5 5764.94596039852 0.1827308952797466
10 60 -1.1 -1 3.5 4 4926.212686098289 0.1441339006651106
10 60 -1.1 -1 4 4.5 4247.038261282782 0.1152632168877972
10 60 -1.1 -1 4.5 5 3691.044318619157 0.09380676031241819
10 60 -1.1 -1 5 5.5 3230.584435561452 0.07624573323482764
10 60 -1.1 -1 5.5 6 2845.035552553606 0.06201422279036706
10 60 -1.1 -1 6 6.5 2519.0013046973 0.05065515599835635
10 60 -1.1 -1 6.5 7 2240.872846545373 0.04467394672201408
10 60 -1.1 -1 7 7.5 2001.781838235479 0.04045874001963057
10 60 -1.1 -1 7.5 8 1794.859818944071 0.0365051265494003
10 60 -1.1 -1 8 8.5 1614.718908025436 0.03287047991716463
10 60 -1.1 -1 8.5 9 1457.075871827976 0.02985517499587331
10 60 -1.1 -1 9 9.5 1318.482509648161 0.02727110645764697
10 60 -1.1 -1 9.5 10 1196.132885962673 0.02471622540770113
10 60 -1.1 -1 10 10.5 1087.722232516089 0.0225517425558337
10 60 -1.1 -1 10.5 11 991.3392233356323 0.02060678303769237
10 60 -1.1 -1 11 11.5 905.3859237311184 0.01877931743831596
10 60 -1.1 -1 11.5 12 828.5168948048921 0.0347668423792129
10 60 -1.1 -1 12 12.5 759.591445608119 0.02627941076605111
10 60 -1.1 -1 12.5 13 697.6372720746065 0.01951966013587025
10 60 -1.1 -1 13 13.5 641.8216693045065 0.01413438980557657
10 60 -1.1 -1 13.5 14 591.4280566808623 0.01229640332383042
10 60 -1.1 -1 14 14.5 545.8368100350102 0.01124917385971003
10 60 -1.1 -1 14.5 15 504.5103655346056 0.01034511735576871
10 60 -1.1 -1 15 16 899.8184293621798 0.01864741276085624
10 60 -1.1 -1 16 17 775.0486877399587 0.01602115834714368
10 60 -1.1 -1 17 18 670.9514045800356 0.02244470878190441
10 60 -1.1 -1 18 19 583.5741034115607 0.02818242709315655
10 60 -1.1 -1 19 20 509.8161897796551 0.01033587075500009
10 60 -1.1 -1 20 21 447.225188892422 0.009061632593159175
10 60 -1.1 -1 21 22 393.8463155712145 0.007842631110634102
10 60 -1.1 -1 22 23 348.1109442377442 0.006906008641692551
10 60 -1.1 -1 23 24 308.7515966856929 0.006038790368791069
10 60 -1.1 -1 24 25 274.7381488444661 0.005297710016407109
10 60 -1.1 -1 25 26 245.2284601960195 0.004713060754426124
10 60 -1.1 -1 26 27 219.5303269537799 0.004105679258600503
10 60 -1.1 -1 27 28 197.0721784583221 0.003537988637958733
10 60 -1.1 -1 28 29 177.3795650736282 0.00313555425185541
10 60 -1.1 -1 29 30 160.0565140636893 0.002832906053441775
10 60 -1.1 -1 30 31 144.7711703708711 0.002526900931911769
10 60 -1.1 -1 31 32 131.2445076902415 0.002240765997072458
10 60 -1.1 -1 32 33 119.2409020245505 0.001967012705378579
10 60 -1.1 -1 33 34 108.5606331445385 0.001752107936724201
10 60 -1.1 -1 34 35 99.03367233655197 0.001588248266173764
10 60 -1.1 -1 35 36 90.51479925831929 0.00143622443678737
10 60 -1.1 -1 36 37 82.87960038151628 0.001276982601950749
10 60 -1.1 -1 37 38 76.02116802718272 0.001124676285456871
10 60 -1.1 -1 38 39 69.84733618510158 0.001015858749283893
10 60 -1.1 -1 39 40 64.27835479878736 0.0009289009185380337
10 60 -1.1 -1 40 42 113.9322637166401 0.00158934959357282
10 60 -1.1 -1 42 44 97.34746671225804 0.001360773082680566
10 60 -1.1 -1 44 46 83.62994446565783 0.001203199083306572
10 60 -1.1 -1 46 48 72.20921931320404 0.0009919060365319865
10 60 -1.1 -1 48 50 62.64261672968481 0.0008421355829000277
10 60 -1.1 -1 50 52 54.58341746704175 0.0007141458412647239
10 60 -1.1 -1 52 54 47.75787022513678 0.0006298987683521773
10 60 -1.1 -1 54 56 41.94818042918795 0.0005331548757467885
10 60 -1.1 -1 56 58 36.97996113771479 0.00041749958463555
10 60 -1.1 -1 58 60 32.71266866827799 0.0003392020117729544
10 60 -1.1 -1 60 65 66.73799153303118 0.0006973302735673315
10 60 -1.1 -1 65 70 50.42011439665723 0.0005211753641134464
10 60 -1.1 -1 70 80 68.88812337278867 0.0005730745632348544
10 60 -1.1 -1 80 90 42.82469123214489 0.0003008360006191424
10 60 -1.1 -1 90 100 27.83982718325478 0.0001732615970979623
10 60 -1 -0.95 0 0.5 -60811.45036502732 0.7728294664048008
10 60 -1 -0.95 0.5 1 1094.75603696425 0.005169108953396062
10 60 -1 -0.95 1 1.5 5133.334144951612 0.2390286083818864
10 60 -1 -0.95 1.5 2 4770.185325181254 0.1978906609519981
10 60 -1 -0.95 2 2.5 4054.061479637074 0.1519806914884612
10 60 -1 -0.95 2.5 3 3414.159646499671 0.1115938083175934
10 60 -1 -0.95 3 3.5 2892.210453493048 0.08836476841042895
10 60 -1 -0.95 3.5 4 2471.867597950711 0.07228995706918795
10 60 -1 -0.95 4 4.5 2131.35893601671 0.05899414662007985
10 60 -1 -0.95 4.5 5 1852.531605923735 0.04737725677159688
10 60 -1 -0.95 5 5.5 1621.563146314518 0.03813243858849091
10 60 -1 -0.95 5.5 6 1428.137317054874 0.03120347639492138
10 60 -1 -0.95 6 6.5 1264.546853553908 0.02555847417875157
10 60 -1 -0.95 6.5 7 1124.978488351433 0.02098885229179359
10 60 -1 -0.95 7 7.5 1004.986884250833 0.01737086018658829
10 60 -1 -0.95 7.5 8 901.1313450931043 0.01443685908031966
10 60 -1 -0.95 8 8.5 810.7117308878264 0.01202191017546284
10 60 -1 -0.95 8.5 9 731.5797135795783 0.01009679755236448
10 60 -1 -0.95 9 9.5 662.0060341342228 0.008602912292872134
10 60 -1 -0.95 9.5 10 600.5841910903555 0.007367591099637139
10 60 -1 -0.95 10 10.5 546.1577713627807 0.006280841986836094
10 60 -1 -0.95 10.5 11 497.7681960316669 0.005364139060247908
10 60 -1 -0.95 11 11.5 454.6138245439076 0.004626434117994904
10 60 -1 -0.95 11.5 12 416.0191426976585 0.0174924639363212
10 60 -1 -0.95 12 12.5 381.4119639635791 0.0132070625520555
10 60 -1 -0.95 12.5 13 350.3046262227472 0.009817084078406424
10 60 -1 -0.95 13 13.5 322.2790839111645 0.007116974887821925
10 60 -1 -0.95 13.5 14 296.975590509253 0.004981939826848247
10 60 -1 -0.95 14 14.5 274.0831386690188 0.003306033503577055
10 60 -1 -0.95 14.5 15 253.3317048343791 0.001986280334904222
10 60 -1 -0.95 15 16 451.8277725114532 0.004251878705190393
10 60 -1 -0.95 16 17 389.1746907831445 0.005646917393789863
10 60 -1 -0.95 17 18 336.9021014973403 0.01126432402656974
10 60 -1 -0.95 18 19 293.0252066927785 0.01413121212465285
10 60 -1 -0.95 19 20 255.9870260165016 0.001506000052955869
10 60 -1 -0.95 20 21 224.5562064305683 0.001272948467487822
10 60 -1 -0.95 21 22 197.751450102372 0.00108140052230965
10 60 -1 -0.95 22 23 174.7849281272435 0.000923940005662871
10 60 -1 -0.95 23 24 155.0202782144918 0.0007964961429536288
10 60 -1 -0.95 24 25 137.9401910213572 0.0006996164441090968
10 60 -1 -0.95 25 26 123.1216822118442 0.0006113739960369458
10 60 -1 -0.95 26 27 110.2172569721824 0.0005402820145548048
10 60 -1 -0.95 27 28 98.93978947486822 0.0004831376897982409
10 60 -1 -0.95 28 29 89.05087748057551 0.0004196071995039574
10 60 -1 -0.95 29 30 80.35184962007519 0.0003664138355929936
10 60 -1 -0.95 30 31 72.67625549549066 0.0003236287398067361
10 60 -1 -0.95 31 32 65.88395716163269 0.0002982716898287663
10 60 -1 -0.95 32 33 59.85651291792671 0.0002668150074711662
10 60 -1 -0.95 33 34 54.49357862989849 0.000238626585627344
10 60 -1 -0.95 34 35 49.70978423211731 0.0002133620313244933
10 60 -1 -0.95 35 36 45.43223172318373 0.000189493522491091
10 60 -1 -0.95 36 37 41.59847346850142 0.0001700417274150823
10 60 -1 -0.95 37 38 38.15481981557343 0.0001544305989611416
10 60 -1 -0.95 38 39 35.05495783141468 0.0001405078286040862
10 60 -1 -0.95 39 40 32.25883050939246 0.000128270474732517
10 60 -1 -0.95 40 42 57.17504650957344 0.000224688667678663
10 60 -1 -0.95 42 44 48.8483323797796 0.000189377048243955
10 60 -1 -0.95 44 46 41.96153639202885 0.0001607171825881437
10 60 -1 -0.95 46 48 36.22839731696073 0.0001371327656656263
10 60 -1 -0.95 48 50 31.42630667591459 0.0001178731819813095
10 60 -1 -0.95 50 52 27.38104485786584 0.000101874186530182
10 60 -1 -0.95 52 54 23.95518077503316 8.846792967887041e-05
10 60 -1 -0.95 54 56 21.0394034709333 7.721447872910403e-05
10 60 -1 -0.95 56 58 18.54609915952157 6.770717423876249e-05
10 60 -1 -0.95 58 60 16.4046066082677 5.962058668984582e-05
10 60 -1 -0.95 60 65 33.46246482426891 0.0001208590891295103
10 60 -1 -0.95 65 70 25.2751067534993 9.067571567200616e-05
10 60 -1 -0.95 70 80 34.52228823902018 0.0001232642209814117
10 60 -1 -0.95 80 90 21.45133967807779 7.65250242302784e-05
10 60 -1 -0.95 90 100 13.93903219779158 4.990754053579849e-05
10 60 -0.95 -0.9 0 0.5 -61063.75557691031 0.8466381869438919
10 60 -0.95 -0.9 0.5 1 1067.526989272434 0.003310456615736257
10 60 -0.95 -0.9 1 1.5 5134.675223733126 0.08418190998236241
10 60 -0.95 -0.9 1.5 2 4776.424619988714 0.1828724127253736
10 60 -0.95 -0.9 2 2.5 4061.042864992513 0.1515507115550463
10 60 -0.95 -0.9 2.5 3 3420.837641121673 0.1186916582892081
10 60 -0.95 -0.9 3 3.5 2898.31263786238 0.08985888645702289
10 60 -0.95 -0.9 3.5 4 2477.357675429792 0.07107570707285049
10 60 -0.95 -0.9 4 4.5 2136.270267896985 0.05761099456776719
10 60 -0.95 -0.9 4.5 5 1856.922824244944 0.04726882539125654
10 60 -0.95 -0.9 5 5.5 1625.492331852867 0.03850153419239177
10 60 -0.95 -0.9 5.5 6 1431.657989105907 0.03119139518571501
10 60 -0.95 -0.9 6 6.5 1267.709250340816 0.0255925538667725
10 60 -0.95 -0.9 6.5 7 1127.82416951565 0.02111098723185023
10 60 -0.95 -0.9 7 7.5 1007.552915235111 0.01738152765904033
10 60 -0.95 -0.9 7.5 8 903.4507517784424 0.01442602129168336
10 60 -0.95 -0.9 8 8.5 812.8124664308971 0.01211498189991289
10 60 -0.95 -0.9 8.5 9 733.4856411863118 0.01021465660392096
10 60 -0.95 -0.9 9 9.5 663.7385977808007 0.008594252805096403
10 60 -0.95 -0.9 9.5 10 602.1617631739302 0.007286069321935429
10 60 -0.95 -0.9 10 10.5 547.5970258479334 0.006256097973960095
10 60 -0.95 -0.9 10.5 11 499.0836023510582 0.005425590432309946
10 60 -0.95 -0.9 11 11.5 455.8176341143716 0.004706256892461624
10 60 -0.95 -0.9 11.5 12 417.1225345294968 0.01755025288986189
10 60 -0.95 -0.9 12 12.5 382.424898808722 0.01326167301044734
10 60 -0.95 -0.9 12.5 13 351.235838712171 0.00984422596280865
10 60 -0.95 -0.9 13 13.5 323.1365464785546 0.007138391584703641
10 60 -0.95 -0.9 13.5 14 297.7663367300495 0.00501109027311486
10 60 -0.95 -0.9 14 14.5 274.8132003840034 0.003325449663407198
10 60 -0.95 -0.9 14.5 15 254.0065239334084 0.001995291418353418
10 60 -0.95 -0.9 15 16 453.0309759396686 0.004337761429042075
10 60 -0.95 -0.9 16 17 390.2095568503962 0.005676146597863863
10 60 -0.95 -0.9 17 18 337.7965021350438 0.01126865494973117
10 60 -0.95 -0.9 18 19 293.8015377377112 0.01417093416051785
10 60 -0.95 -0.9 19 20 256.6636584166958 0.001510050354227133
10 60 -0.95 -0.9 20 21 225.148229508258 0.001274436823223368
10 60 -0.95 -0.9 21 22 198.2711950197943 0.00108191883867903
10 60 -0.95 -0.9 22 23 175.2428794489813 0.0009254437846379915
10 60 -0.95 -0.9 23 24 155.4250059191484 0.0008102119685418074
10 60 -0.95 -0.9 24 25 138.2988401629304 0.0007052046477724616
10 60 -0.95 -0.9 25 26 123.4405002893955 0.0006268752248956844
10 60 -0.95 -0.9 26 27 110.5014585301775 0.0005566413855007113
10 60 -0.95 -0.9 27 28 99.19375428901675 0.0004979792401655914
10 60 -0.95 -0.9 28 29 89.27834529115798 0.0004423030582501042
10 60 -0.95 -0.9 29 30 80.55591427845819 0.0003830848516344076
10 60 -0.95 -0.9 30 31 72.85961766868915 0.0003358743721975088
10 60 -0.95 -0.9 31 32 66.04904427307352 0.0003027917558853233
10 60 -0.95 -0.9 32 33 60.00547448704129 0.0002784140622722475
10 60 -0.95 -0.9 33 34 54.62821829836624 0.0002495903769457186
10 60 -0.95 -0.9 34 35 49.83167406197941 0.0002193183142438215
10 60 -0.95 -0.9 35 36 45.54277792892556 0.0001947672100115483
10 60 -0.95 -0.9 36 37 41.69890097390353 0.0001763146499271784
10 60 -0.95 -0.9 37 38 38.24617970198759 0.0001625127830067186
10 60 -0.95 -0.9 38 39 35.13815713538235 0.0001500893078372201
10 60 -0.95 -0.9 39 40 32.33465788627469 0.0001346350810962349
10 60 -0.95 -0.9 40 42 57.30738986709756 0.0002248110843439122
10 60 -0.95 -0.9 42 44 48.95909473408559 0.0001893825557672812
10 60 -0.95 -0.9 44 46 42.05462448416 0.0001607181342109243
10 60 -0.95 -0.9 46 48 36.30680083473459 0.0001372068347649247
10 60 -0.95 -0.9 48 50 31.49270640481667 0.0001178561379973075
10 60 -0.95 -0.9 50 52 27.43755847615133 0.000101852062790897
10 60 -0.95 -0.9 52 54 24.00346052563566 8.845913254162951e-05
10 60 -0.95 -0.9 54 56 21.08075103770599 7.71957013725455e-05
10 60 -0.95 -0.9 56 58 18.58161538775803 6.767073264768442e-05
10 60 -0.95 -0.9 58 60 16.43523462569108 5.958153468910155e-05
10 60 -0.95 -0.9 60 65 33.52184059176648 0.0001207894781529717
10 60 -0.95 -0.9 65 70 25.31648102050516 9.060904495683531e-05
10 60 -0.95 -0.9 70 80 34.57189840731046 0.0001231410294266766
10 60 -0.95 -0.9 80 90 21.47607307986853 7.643131678491955e-05
10 60 -0.95 -0.9 90 100 13.95115454252782 4.982083326687814e-05
10 60 -0.9 -0.85 0 0.5 -61303.49805565587 0.9167078185346327
10 60 -0.9 -0.85 0.5 1 1041.730154690472 0.003826342330285115
10 60 -0.9 -0.85 1 1.5 5135.974404877828 0.08720516350786056
10 60 -0.9 -0.85 1.5 2 4782.360894085069 0.1968753922983524
10 60 -0.9 -0.85 2 2.5 4067.686655272906 0.1420535975198618
10 60 -0.9 -0.85 2.5 3 3427.191233012948 0.1171445017789665
10 60 -0.9 -0.85 3 3.5 2904.11906223917 0.09423355069111494
10 60 -0.9 -0.85 3.5 4 2482.580014083694 0.07302509897181153
10 60 -0.9 -0.85 4 4.5 2140.942443111096 0.05784659204482523
10 60 -0.9 -0.85 4.5 5 1861.099351891283 0.04670706493993748
10 60 -0.9 -0.85 5 5.5 1629.228795589748 0.03819500748704741
10 60 -0.9 -0.85 5.5 6 1435.006768684482 0.03132649277586097
10 60 -0.9 -0.85 6 6.5 1270.717381193974 0.02552444053321778
10 60 -0.9 -0.85 6.5 7 1130.530752847439 0.021004467849707
10 60 -0.9 -0.85 7 7.5 1009.993897675316 0.01751738918142109
10 60 -0.9 -0.85 7.5 8 905.657189830641 0.01457859066124456
10 60 -0.9 -0.85 8 8.5 814.8106113450586 0.01212248696094775
10 60 -0.9 -0.85 8.5 9 735.2987981010706 0.01016930109381065
10 60 -0.9 -0.85 9 9.5 665.3866361482587 0.008636981860377091
10 60 -0.9 -0.85 9.5 10 603.6625988568743 0.007375218458832933
10 60 -0.9 -0.85 10 10.5 548.9664334361522 0.006297842046478763
10 60 -0.9 -0.85 10.5 11 500.33490011534 0.005381776836827612
10 60 -0.9 -0.85 11 11.5 456.9628424780586 0.004646431767525883
10 60 -0.9 -0.85 11.5 12 418.1722644395277 0.01761509032291997
10 60 -0.9 -0.85 12 12.5 383.3885252531788 0.01329849523597204
10 60 -0.9 -0.85 12.5 13 352.1218867599164 0.009880676684133505
10 60 -0.9 -0.85 13 13.5 323.9524043293079 0.007175314197922944
10 60 -0.9 -0.85 13.5 14 298.5184313871165 0.005028174032872812
10 60 -0.9 -0.85 14 14.5 275.507463851907 0.00333093153523123
10 60 -0.9 -0.85 14.5 15 254.6483682363177 0.002006300632245939
10 60 -0.9 -0.85 15 16 454.1757172332026 0.004389728323019426
10 60 -0.9 -0.85 16 17 391.1947430251364 0.005636538274188752
10 60 -0.9 -0.85 17 18 338.6476488419116 0.01131512325224548
10 60 -0.9 -0.85 18 19 294.5402790780393 0.01419765603662881
10 60 -0.9 -0.85 19 20 257.3075395246973 0.001513199193823311
10 60 -0.9 -0.85 20 21 225.7116508916223 0.001274706350869792
10 60 -0.9 -0.85 21 22 198.7661102012895 0.001083707931627487
10 60 -0.9 -0.85 22 23 175.6789077433781 0.0009331276440036618
10 60 -0.9 -0.85 23 24 155.81035466354 0.0008191676917590485
10 60 -0.9 -0.85 24 25 138.6405139525017 0.0007238943961738187
10 60 -0.9 -0.85 25 26 123.7442946086085 0.0006399855208485405
10 60 -0.9 -0.85 26 27 110.7722853426586 0.0005732872188275451
10 60 -0.9 -0.85 27 28 99.43579419823008 0.0005047222581424649
10 60 -0.9 -0.85 28 29 89.49523702219113 0.0004498033223399034
10 60 -0.9 -0.85 29 30 80.75076280332267 0.0004075783970165503
10 60 -0.9 -0.85 30 31 73.03489020004446 0.0003614603779595882
10 60 -0.9 -0.85 31 32 66.20684092300804 0.0003128420783014008
10 60 -0.9 -0.85 32 33 60.14778886835916 0.0002771056571120312
10 60 -0.9 -0.85 33 34 54.75689957871143 0.0002514826791752967
10 60 -0.9 -0.85 34 35 49.94829032877757 0.0002275882323417022
10 60 -0.9 -0.85 35 36 45.64862620735174 0.0002090028527490517
10 60 -0.9 -0.85 36 37 41.79507644447602 0.0001906184008149125
10 60 -0.9 -0.85 37 38 38.33364414550396 0.0001724983840958316
10 60 -0.9 -0.85 38 39 35.21778585159615 0.0001523050061464915
10 60 -0.9 -0.85 39 40 32.40727062573018 0.0001371265547192024
10 60 -0.9 -0.85 40 42 57.43434846085687 0.0002372942220532082
10 60 -0.9 -0.85 42 44 49.06540118257343 0.0001935776569652603
10 60 -0.9 -0.85 44 46 42.14400475792508 0.0001675725254912663
10 60 -0.9 -0.85 46 48 36.38214180438768 0.0001372529075567286
10 60 -0.9 -0.85 48 50 31.55639079496159 0.0001178606159228934
10 60 -0.9 -0.85 50 52 27.49172557511759 0.0001018078126797661
10 60 -0.9 -0.85 52 54 24.0497178985534 8.843904852184892e-05
10 60 -0.9 -0.85 54 56 21.12039196739249 7.719021973784379e-05
10 60 -0.9 -0.85 56 58 18.61567582161563 6.876260504995457e-05
10 60 -0.9 -0.85 58 60 16.46452338358413 5.954994245271905e-05
10 60 -0.9 -0.85 60 65 33.57889467389681 0.000120705519371711
10 60 -0.9 -0.85 65 70 25.35624267980399 9.055634924948208e-05
10 60 -0.9 -0.85 70 80 34.6195300353999 0.000123045495847407
10 60 -0.9 -0.85 80 90 21.49983823967013 7.634420400393083e-05
10 60 -0.9 -0.85 90 100 13.96274860343497 4.973941173247454e-05
10 60 -0.85 -0.8 0 0.5 -61530.53607856814 0.9809019758395152
10 60 -0.85 -0.8 0.5 1 1017.382743400435 0.004527227725816374
10 60 -0.85 -0.8 1 1.5 5137.238713941942 0.2390998920527636
10 60 -0.85 -0.8 1.5 2 4788.000963038278 0.20356479565271
10 60 -0.85 -0.8 2 2.5 4073.983846740584 0.1487767355956748
10 60 -0.85 -0.8 2.5 3 3433.215961789471 0.1110523189904598
10 60 -0.85 -0.8 3 3.5 2909.624393363491 0.09063904809136147
10 60 -0.85 -0.8 3.5 4 2487.531737286281 0.07442046939831926
10 60 -0.85 -0.8 4 4.5 2145.372943545716 0.05916411728321691
10 60 -0.85 -0.8 4.5 5 1865.059396944739 0.04726050449858121
10 60 -0.85 -0.8 5 5.5 1632.770618374411 0.03820532250756514
10 60 -0.85 -0.8 5.5 6 1438.1822605809 0.03129698324414676
10 60 -0.85 -0.8 6 6.5 1273.568981692056 0.02584054538351666
10 60 -0.85 -0.8 6.5 7 1133.096850635969 0.02118755559672536
10 60 -0.85 -0.8 7 7.5 1012.308404371963 0.01735855427864408
10 60 -0.85 -0.8 7.5 8 907.7491177146096 0.01447090270039553
10 60 -0.85 -0.8 8 8.5 816.7052457562195 0.01218394282841473
10 60 -0.85 -0.8 8.5 9 737.0177528199748 0.01026644682747246
10 60 -0.85 -0.8 9 9.5 666.9492281180819 0.008641621084393591
10 60 -0.85 -0.8 9.5 10 605.0860441964809 0.007330835076572839
10 60 -0.85 -0.8 10 10.5 550.2649863985653 0.006284578117060846
10 60 -0.85 -0.8 10.5 11 501.5213568066508 0.005445134786612016
10 60 -0.85 -0.8 11 11.5 458.0486275272918 0.004721888999824841
10 60 -0.85 -0.8 11.5 12 419.1675295231016 0.01766150296299429
10 60 -0.85 -0.8 12 12.5 384.3024037364877 0.01334919576652283
10 60 -0.85 -0.8 12.5 13 352.9621546262969 0.00992427915451799
10 60 -0.85 -0.8 13 13.5 324.7258846013784 0.00719826085639852
10 60 -0.85 -0.8 13.5 14 299.2314261256935 0.005042293861947655
10 60 -0.85 -0.8 14 14.5 276.1656527187441 0.003346002943317217
10 60 -0.85 -0.8 14.5 15 255.2567460699951 0.002010154114771012
10 60 -0.85 -0.8 15 16 455.2608111289652 0.004406240882872225
10 60 -0.85 -0.8 16 17 392.129087675047 0.005587216297726627
10 60 -0.85 -0.8 17 18 339.4551791893867 0.01131715975577663
10 60 -0.85 -0.8 18 19 295.2408903903323 0.01425445639625877
10 60 -0.85 -0.8 19 20 257.9181961702033 0.001511220823886106
10 60 -0.85 -0.8 20 21 226.246103290896 0.001279150543808782
10 60 -0.85 -0.8 21 22 199.2355215850097 0.00108435861432099
10 60 -0.85 -0.8 22 23 176.0925562246008 0.0009501925674726408
10 60 -0.85 -0.8 23 24 156.176033666629 0.0008294113970634953
10 60 -0.85 -0.8 24 25 138.9648282311264 0.0007411647488595463
10 60 -0.85 -0.8 25 26 124.0327019475183 0.0006578971435118319
10 60 -0.85 -0.8 26 27 111.0294067394431 0.0005764584704053277
10 60 -0.85 -0.8 27 28 99.66569261331784 0.0005163238479468646
10 60 -0.85 -0.8 28 29 89.70131404564944 0.0004657624768498181
10 60 -0.85 -0.8 29 30 80.93586892926035 0.0004158658091313328
10 60 -0.85 -0.8 30 31 73.20152482282987 0.0003758773810886851
10 60 -0.85 -0.8 31 32 66.35709854526161 0.0003328327999412295
10 60 -0.85 -0.8 32 33 60.28342820456726 0.0002839532704825842
10 60 -0.85 -0.8 33 34 54.87955048533551 0.0002550041908833123
10 60 -0.85 -0.8 34 35 50.05942429103567 0.0002398786504542727
10 60 -0.85 -0.8 35 36 45.74947167964908 0.0002201447169625226
10 60 -0.85 -0.8 36 37 41.88669351223413 0.0001973313321173009
10 60 -0.85 -0.8 37 38 38.41699472948712 0.0001755821408764291
10 60 -0.85 -0.8 38 39 35.29374174922666 0.0001578804280413237
10 60 -0.85 -0.8 39 40 32.47658546246863 0.0001426254635603641
10 60 -0.85 -0.8 40 42 57.55562036489003 0.0002497286171490032
10 60 -0.85 -0.8 42 44 49.1670309653047 0.0002109063509578846
10 60 -0.85 -0.8 44 46 42.22940551503995 0.0001668933301246511
10 60 -0.85 -0.8 46 48 36.45428331422447 0.0001424194656891586
10 60 -0.85 -0.8 48 50 31.61747828933591 0.0001179277922354061
10 60 -0.85 -0.8 50 52 27.5435272879184 0.0001018188640351525
10 60 -0.85 -0.8 52 54 24.0939170092696 8.840791868180986e-05
10 60 -0.85 -0.8 54 56 21.15824312141296 8.099300294972522e-05
10 60 -0.85 -0.8 56 58 18.64814658759988 6.764243399359771e-05
10 60 -0.85 -0.8 58 60 16.49250593803486 5.954124899787416e-05
10 60 -0.85 -0.8 60 65 33.63344358440445 0.0001206471851631363
10 60 -0.85 -0.8 65 70 25.39431199587561 9.051026499662385e-05
10 60 -0.85 -0.8 70 80 34.66510511448149 0.0001229604118151428
10 60 -0.85 -0.8 80 90 21.52265010278068 7.62550710078358e-05
10 60 -0.85 -0.8 90 100 13.97384781038325 4.966384557469894e-05
10 60 -0.8 -0.75 0 0.5 -61744.69504783893 1.045658321512747
10 60 -0.8 -0.75 0.5 1 994.4475720410604 0.00154842885740436
10 60 -0.8 -0.75 1 1.5 5138.468915927159 0.2485855591248765
10 60 -0.8 -0.75 1.5 2 4793.33604986825 0.1875225364783546
10 60 -0.8 -0.75 2 2.5 4079.935080728982 0.1543851434080352
10 60 -0.8 -0.75 2.5 3 3438.904245934357 0.1167116071965211
10 60 -0.8 -0.75 3 3.5 2914.823822071162 0.08889545869942594
10 60 -0.8 -0.75 3.5 4 2492.208647805 0.07180164256942589
10 60 -0.8 -0.75 4 4.5 2149.557587612936 0.05936100656299459
10 60 -0.8 -0.75 4.5 5 1868.799826834282 0.04806839823936571
10 60 -0.8 -0.75 5 5.5 1636.116150742621 0.03868780469110789
10 60 -0.8 -0.75 5.5 6 1441.181245122527 0.03122250273986538
10 60 -0.8 -0.75 6 6.5 1276.262063930192 0.02548862347930481
10 60 -0.8 -0.75 6.5 7 1135.520809487128 0.02120312218994513
10 60 -0.8 -0.75 7 7.5 1014.494749518429 0.01768350409236064
10 60 -0.8 -0.75 7.5 8 909.725371901472 0.01456565240550844
10 60 -0.8 -0.75 8 8.5 818.4948430832709 0.01211295689529379
10 60 -0.8 -0.75 8.5 9 738.6413902168429 0.0102040111282804
10 60 -0.8 -0.75 9 9.5 668.4257036073973 0.008681934602464025
10 60 -0.8 -0.75 9.5 10 606.430819978479 0.007406261350979548
10 60 -0.8 -0.75 10 10.5 551.4917281864683 0.006329855962121655
10 60 -0.8 -0.75 10.5 11 502.6421907307615 0.005412575238267436
10 60 -0.8 -0.75 11 11.5 459.0743165833178 0.004661701715065192
10 60 -0.8 -0.75 11.5 12 420.1078703588472 0.01772068556095974
10 60 -0.8 -0.75 12 12.5 385.1657374341767 0.01339850104517382
10 60 -0.8 -0.75 12.5 13 353.7558056670148 0.009955250235805124
10 60 -0.8 -0.75 13 13.5 325.4565230202172 0.00722336238140997
10 60 -0.8 -0.75 13.5 14 299.9049667395187 0.005063677101816211
10 60 -0.8 -0.75 14 14.5 276.7873401556295 0.003354166494318633
10 60 -0.8 -0.75 14.5 15 255.8313925288921 0.002015098135473181
10 60 -0.8 -0.75 15 16 456.2856439214174 0.004441176098850974
10 60 -0.8 -0.75 16 17 393.0113509001973 0.005601934595290459
10 60 -0.8 -0.75 17 18 340.2182640777467 0.01129021518363515
10 60 -0.8 -0.75 18 19 295.9031568824916 0.01428364933110515
10 60 -0.8 -0.75 19 20 258.4952706463685 0.001518353092251346
10 60 -0.8 -0.75 20 21 226.7511141424651 0.001276493638016518
10 60 -0.8 -0.75 21 22 199.6789567590502 0.00108959728314062
10 60 -0.8 -0.75 22 23 176.4834222563596 0.0009582739283757746
10 60 -0.8 -0.75 23 24 156.5217569586801 0.0008582075506637921
10 60 -0.8 -0.75 24 25 139.271386679553 0.0007472671537414044
10 60 -0.8 -0.75 25 26 124.305357303629 0.0006627780366699199
10 60 -0.8 -0.75 26 27 111.2726522776483 0.0005952521562733182
10 60 -0.8 -0.75 27 28 99.88319595348037 0.0005273440013411346
10 60 -0.8 -0.75 28 29 89.89624371068049 0.0004740214781548957
10 60 -0.8 -0.75 29 30 81.11097129990208 0.0004266658859819472
10 60 -0.8 -0.75 30 31 73.3591786582375 0.0003754118034891007
10 60 -0.8 -0.75 31 32 66.49942500197477 0.0003390388026645041
10 60 -0.8 -0.75 32 33 60.41217226006933 0.0003136924338775771
10 60 -0.8 -0.75 33 34 54.99603078298271 0.0002781180447897214
10 60 -0.8 -0.75 34 35 50.16484238411119 0.0002408359842647201
10 60 -0.8 -0.75 35 36 45.84506267583937 0.0002180793923258761
10 60 -0.8 -0.75 36 37 41.97358360923562 0.000200895086564401
10 60 -0.8 -0.75 37 38 38.4961237958553 0.0001806678861697719
10 60 -0.8 -0.75 38 39 35.36590617182307 0.0001651050386399788
10 60 -0.8 -0.75 39 40 32.54247174171262 0.000151065542588924
10 60 -0.8 -0.75 40 42 57.67088401852726 0.0002652868704515754
10 60 -0.8 -0.75 42 44 49.26363897629309 0.0002146427205715895
10 60 -0.8 -0.75 44 46 42.31076702008303 0.0001769613005322412
10 60 -0.8 -0.75 46 48 36.5230223128531 0.0001471142524707147
10 60 -0.8 -0.75 48 50 31.67578215465898 0.0001244535193514196
10 60 -0.8 -0.75 50 52 27.59306794287555 0.0001037826715766244
10 60 -0.8 -0.75 52 54 24.13602698247176 8.83979660670775e-05
10 60 -0.8 -0.75 54 56 21.19421721669724 7.712495689204957e-05
10 60 -0.8 -0.75 56 58 18.6790806497741 6.762752018474316e-05
10 60 -0.8 -0.75 58 60 16.51917978335745 5.983080075466773e-05
10 60 -0.8 -0.75 60 65 33.68524957147991 0.0001206000093603166
10 60 -0.8 -0.75 65 70 25.43064130931839 9.045252333450549e-05
10 60 -0.8 -0.75 70 80 34.70853944994797 0.0001228714349821303
10 60 -0.8 -0.75 80 90 21.54439927518463 7.617296430240117e-05
10 60 -0.8 -0.75 90 100 13.98449043482804 4.959930029535542e-05
10 60 -0.75 -0.7 0 0.5 -61945.79412264984 1.090306390316982
10 60 -0.75 -0.7 0.5 1 972.8823975196045 0.001752438946255097
10 60 -0.75 -0.7 1 1.5 5139.652082472806 0.07988497404312511
10 60 -0.75 -0.7 1.5 2 4798.367704648895 0.1891178021933229
10 60 -0.75 -0.7 2 2.5 4085.531551268799 0.1461753992070953
10 60 -0.75 -0.7 2.5 3 3444.252634827135 0.1195608440752949
10 60 -0.75 -0.7 3 3.5 2919.709515735233 0.09343956615794013
10 60 -0.75 -0.7 3.5 4 2496.604308234739 0.07223415514908993
10 60 -0.75 -0.7 4 4.5 2153.491859570864 0.05754574761886033
10 60 -0.75 -0.7 4.5 5 1872.316204991786 0.04741877871902034
10 60 -0.75 -0.7 5 5.5 1639.262664138224 0.03893554821274847
10 60 -0.75 -0.7 5.5 6 1444.000978550079 0.03177082557476751
10 60 -0.75 -0.7 6 6.5 1278.794154549778 0.02581688181271602
10 60 -0.75 -0.7 6.5 7 1137.799797708307 0.02100402003111412
10 60 -0.75 -0.7 7 7.5 1016.551062521828 0.0173991299654972
10 60 -0.75 -0.7 7.5 8 911.5841004093759 0.01467627670524507
10 60 -0.75 -0.7 8 8.5 820.1776419089338 0.01230318908199024
10 60 -0.75 -0.7 8.5 9 740.168605653497 0.01028854812057034
10 60 -0.75 -0.7 9 9.5 669.8143627128135 0.008665810778552441
10 60 -0.75 -0.7 9.5 10 607.6955575894196 0.007351418751795791
10 60 -0.75 -0.7 10 10.5 552.6454156940603 0.006293930784295299
10 60 -0.75 -0.7 10.5 11 503.6962733779679 0.005454542194627265
10 60 -0.75 -0.7 11 11.5 460.0392054353106 0.004743751394698847
10 60 -0.75 -0.7 11.5 12 420.9923740342991 0.01778093525427948
10 60 -0.75 -0.7 12 12.5 385.9776086696068 0.01343390934749777
10 60 -0.75 -0.7 12.5 13 354.5021522947242 0.009984496985964597
10 60 -0.75 -0.7 13 13.5 326.1436275849425 0.007248467496310695
10 60 -0.75 -0.7 13.5 14 300.5383850235098 0.005074333867298719
10 60 -0.75 -0.7 14 14.5 277.3721266042548 0.003366732533720551
10 60 -0.75 -0.7 14.5 15 256.3719667890372 0.002027512124868736
10 60 -0.75 -0.7 15 16 457.2494341631036 0.004466447664583484
10 60 -0.75 -0.7 16 17 393.8408545756075 0.005608564631302215
10 60 -0.75 -0.7 17 18 340.9356934292458 0.01132916035817289
10 60 -0.75 -0.7 18 19 296.5265518750581 0.01426779788346266
10 60 -0.75 -0.7 19 20 259.0385439364874 0.001514904854900578
10 60 -0.75 -0.7 20 21 227.2261164095936 0.001276428156302245
10 60 -0.75 -0.7 21 22 200.0962137645904 0.001110504558937464
10 60 -0.75 -0.7 22 23 176.8512257555581 0.0009810346806773396
10 60 -0.75 -0.7 23 24 156.846984043539 0.0008607071309256753
10 60 -0.75 -0.7 24 25 139.5599499403503 0.0007680181906266625
10 60 -0.75 -0.7 25 26 124.5620873596462 0.0006773971871893991
10 60 -0.75 -0.7 26 27 111.501659342716 0.0006016305853080439
10 60 -0.75 -0.7 27 28 100.0880151430509 0.0005460511353305719
10 60 -0.75 -0.7 28 29 90.07979753210387 0.0004798029919328428
10 60 -0.75 -0.7 29 30 81.27588907615954 0.000422444724279103
10 60 -0.75 -0.7 30 31 73.50777962215335 0.0003874885582604293
10 60 -0.75 -0.7 31 32 66.63358061518619 0.0003560808533507043
10 60 -0.75 -0.7 32 33 60.53345690291499 0.0003200913053262866
10 60 -0.75 -0.7 33 34 55.10587149165521 0.0002910545091836525
10 60 -0.75 -0.7 34 35 50.26442528810721 0.0002575922897847249
10 60 -0.75 -0.7 35 36 45.93540429938325 0.0002215141360721873
10 60 -0.75 -0.7 36 37 42.05568155832408 0.0001975369912230462
10 60 -0.75 -0.7 37 38 38.57090084634264 0.00018887670636758
10 60 -0.75 -0.7 38 39 35.43410623372722 0.0001745296803861152
10 60 -0.75 -0.7 39 40 32.60472678210083 0.0001588394532845427
10 60 -0.75 -0.7 40 42 57.77981660396424 0.0002695616854637706
10 60 -0.75 -0.7 42 44 49.35508287291845 0.0002219975314829981
10 60 -0.75 -0.7 44 46 42.38787555873736 0.0001881585213752146
10 60 -0.75 -0.7 46 48 36.58823251817022 0.0001529024496136344
10 60 -0.75 -0.7 48 50 31.73109908753142 0.000132454368824142
10 60 -0.75 -0.7 50 52 27.64012869211778 0.0001113095645557394
10 60 -0.75 -0.7 52 54 24.17611165680692 8.84046480642553e-05
10 60 -0.75 -0.7 54 56 21.22846077403881 7.711352406758465e-05
10 60 -0.75 -0.7 56 58 18.70844901857106 6.883286728864846e-05
10 60 -0.75 -0.7 58 60 16.54442433311784 6.131443158352567e-05
10 60 -0.75 -0.7 60 65 33.7342666826865 0.0001205681131679626
10 60 -0.75 -0.7 65 70 25.4650596941308 9.040445484842508e-05
10 60 -0.75 -0.7 70 80 34.74983673904715 0.0001227774294321193
10 60 -0.75 -0.7 80 90 21.56500522088874 7.609292546106872e-05
10 60 -0.75 -0.7 90 100 13.99461000091252 4.953751057001909e-05
10 60 -0.7 -0.65 0 0.5 -62133.68187540962 1.089160001189157
10 60 -0.7 -0.65 0.5 1 952.6869641331914 0.006567452612785019
10 60 -0.7 -0.65 1 1.5 5140.773495108337 0.2526849907299038
10 60 -0.7 -0.65 1.5 2 4803.089309811269 0.2042768342453201
10 60 -0.7 -0.65 2 2.5 4090.77673480921 0.1447828880254747
10 60 -0.7 -0.65 2.5 3 3449.257654788872 0.1136537737443177
10 60 -0.7 -0.65 3 3.5 2924.281005445325 0.09323829083496094
10 60 -0.7 -0.65 3.5 4 2500.715051525123 0.07493002646833702
10 60 -0.7 -0.65 4 4.5 2157.17188600949 0.05911822151165325
10 60 -0.7 -0.65 4.5 5 1875.605252045293 0.04693008910976459
10 60 -0.7 -0.65 5 5.5 1642.207016579437 0.0382402329848901
10 60 -0.7 -0.65 5.5 6 1446.639782499577 0.03158798677418417
10 60 -0.7 -0.65 6 6.5 1281.163478598987 0.02611952902179837
10 60 -0.7 -0.65 6.5 7 1139.932381219808 0.02152103262505989
10 60 -0.7 -0.65 7 7.5 1018.475369000774 0.01760349492428759
10 60 -0.7 -0.65 7.5 8 913.3230769948008 0.01444153293675754
10 60 -0.7 -0.65 8 8.5 821.7527023094054 0.01212549732906609
10 60 -0.7 -0.65 8.5 9 741.598109948253 0.01028664945761193
10 60 -0.7 -0.65 9 9.5 671.1138953267191 0.008715537415696417
10 60 -0.7 -0.65 9.5 10 608.8788716896917 0.007434929920464128
10 60 -0.7 -0.65 10 10.5 553.724803332851 0.006360151262470026
10 60 -0.7 -0.65 10.5 11 504.6828109577806 0.005428402298889523
10 60 -0.7 -0.65 11 11.5 460.9422423452025 0.004671840079197409
10 60 -0.7 -0.65 11.5 12 421.8200576459325 0.01782869267373144
10 60 -0.7 -0.65 12 12.5 386.73735093246 0.01347291246764826
10 60 -0.7 -0.65 12.5 13 355.2005071212504 0.01001205455582976
10 60 -0.7 -0.65 13 13.5 326.7865011193398 0.007260832033466613
10 60 -0.7 -0.65 13.5 14 301.1311380569882 0.005091467979013942
10 60 -0.7 -0.65 14 14.5 277.9193931878005 0.003381646302159425
10 60 -0.7 -0.65 14.5 15 256.8778272155472 0.002034193395672901
10 60 -0.7 -0.65 15 16 458.1513616606878 0.004503781976495702
10 60 -0.7 -0.65 16 17 394.6168892080692 0.005625004680894108
10 60 -0.7 -0.65 17 18 341.6068538148149 0.01136115204883481
10 60 -0.7 -0.65 18 19 297.1098484654509 0.01427496848293686
10 60 -0.7 -0.65 19 20 259.5472522088936 0.001517621059804242
10 60 -0.7 -0.65 20 21 227.6710642502377 0.001284197942283072
10 60 -0.7 -0.65 21 22 200.486828992028 0.001119608139930506
10 60 -0.7 -0.65 22 23 177.1955425050836 0.0009969351253857894
10 60 -0.7 -0.65 23 24 157.1514886023019 0.0008769630040035281
10 60 -0.7 -0.65 24 25 139.8301239578881 0.0007779305757082966
10 60 -0.7 -0.65 25 26 124.8025501608781 0.0006979505023849697
10 60 -0.7 -0.65 26 27 111.7161717277107 0.0006234750662912347
10 60 -0.7 -0.65 27 28 100.279799735381 0.0005423646790063685
10 60 -0.7 -0.65 28 29 90.25183046473273 0.0004892084978109779
10 60 -0.7 -0.65 29 30 81.43058293909456 0.000444647530457587
10 60 -0.7 -0.65 30 31 73.64708297272838 0.0004001001111220148
10 60 -0.7 -0.65 31 32 66.75923734106537 0.0003603749395040268
10 60 -0.7 -0.65 32 33 60.64704365318673 0.0003261964314162924
10 60 -0.7 -0.65 33 34 55.20876747853696 0.000290963662195054
10 60 -0.7 -0.65 34 35 50.35786288615023 0.0002623428228289981
10 60 -0.7 -0.65 35 36 46.02038660969681 0.0002422333569356283
10 60 -0.7 -0.65 36 37 42.13296378456287 0.000215618294731712
10 60 -0.7 -0.65 37 38 38.64118419845413 0.0001900657976179332
10 60 -0.7 -0.65 38 39 35.49813604091849 0.0001726307254301673
10 60 -0.7 -0.65 39 40 32.66318999850608 0.0001604281870086766
10 60 -0.7 -0.65 40 42 57.88226816310582 0.0002767720715795008
10 60 -0.7 -0.65 42 44 49.4411874218552 0.0002328896615750864
10 60 -0.7 -0.65 44 46 42.46049747240129 0.0001919043522846664
10 60 -0.7 -0.65 46 48 36.64973713598784 0.0001691822344440652
10 60 -0.7 -0.65 48 50 31.7832639521645 0.0001316812631237951
10 60 -0.7 -0.65 50 52 27.68455130492939 0.0001073006570742052
10 60 -0.7 -0.65 52 54 24.21414400161038 0.0001004442567982267
10 60 -0.7 -0.65 54 56 21.2609599707019 8.130007552864527e-05
10 60 -0.7 -0.65 56 58 18.73618795072014 6.759751797957847e-05
10 60 -0.7 -0.65 58 60 16.56822052050432 5.949063911359076e-05
10 60 -0.7 -0.65 60 65 33.78054023163897 0.0001205533176857898
10 60 -0.7 -0.65 65 70 25.49737145612182 9.036703734111029e-05
10 60 -0.7 -0.65 70 80 34.78889827075151 0.0001226903959334891
10 60 -0.7 -0.65 80 90 21.58449372052371 7.60257264005304e-05
10 60 -0.7 -0.65 90 100 14.00420561618666 4.94773137393878e-05
10 60 -0.65 -0.6 0 0.5 -62308.24883947067 1.038294640587992
10 60 -0.65 -0.6 0.5 1 933.9028261786542 0.007782989805036777
10 60 -0.65 -0.6 1 1.5 5141.818489025928 0.2435294070819509
10 60 -0.65 -0.6 1.5 2 4807.498843456038 0.1966411976472955
10 60 -0.65 -0.6 2 2.5 4095.666653408005 0.1543449242781207
10 60 -0.65 -0.6 2.5 3 3453.921481406077 0.1138380124871219
10 60 -0.65 -0.6 3 3.5 2928.537167409723 0.08933102204355237
10 60 -0.65 -0.6 3.5 4 2504.541315358372 0.07342205879240282
10 60 -0.65 -0.6 4 4.5 2160.59528596131 0.06024674663331098
10 60 -0.65 -0.6 4.5 5 1878.666228135335 0.04850639552887515
10 60 -0.65 -0.6 5 5.5 1644.946730737169 0.03865285446067901
10 60 -0.65 -0.6 5.5 6 1449.095906263194 0.03113872048379562
10 60 -0.65 -0.6 6 6.5 1283.368997750484 0.0255920508482177
10 60 -0.65 -0.6 6.5 7 1141.91817619001 0.02126824227116231
10 60 -0.65 -0.6 7 7.5 1020.266028859553 0.01774267183702705
10 60 -0.65 -0.6 7.5 8 914.9414079106407 0.01479028041990205
10 60 -0.65 -0.6 8 8.5 823.2189141612801 0.01222890676206134
10 60 -0.65 -0.6 8.5 9 742.9288316980779 0.01024743749587742
10 60 -0.65 -0.6 9 9.5 672.3233708529818 0.008710780991464162
10 60 -0.65 -0.6 9.5 10 609.9799981211878 0.007370006863880008
10 60 -0.65 -0.6 10 10.5 554.7293552943808 0.006308372528906148
10 60 -0.65 -0.6 10.5 11 505.600891650233 0.005471839465371886
10 60 -0.65 -0.6 11 11.5 461.7825437725498 0.004763238389159596
10 60 -0.65 -0.6 11.5 12 422.5903098984012 0.01787825008017307
10 60 -0.65 -0.6 12 12.5 387.4443493063305 0.01350747152815757
10 60 -0.65 -0.6 12.5 13 355.8503898244305 0.01003276781966633
10 60 -0.65 -0.6 13 13.5 327.3848044359932 0.007280946753439821
10 60 -0.65 -0.6 13.5 14 301.6827233931268 0.005106601403156219
10 60 -0.65 -0.6 14 14.5 278.4285817265719 0.003389686328375774
10 60 -0.65 -0.6 14.5 15 257.3485062455338 0.00204586943027607
10 60 -0.65 -0.6 15 16 458.990503258263 0.004532067085619929
10 60 -0.65 -0.6 16 17 395.3390035569555 0.005650818362369137
10 60 -0.65 -0.6 17 18 342.2313421198032 0.01135912198907363
10 60 -0.65 -0.6 18 19 297.652154507647 0.01431446218361998
10 60 -0.65 -0.6 19 20 260.0204378561108 0.001527254804841505
10 60 -0.65 -0.6 20 21 228.0855061239505 0.001315378219970853
10 60 -0.65 -0.6 21 22 200.8505916314077 0.00112673363992144
10 60 -0.65 -0.6 22 23 177.5159694267525 0.0009965649621790362
10 60 -0.65 -0.6 23 24 157.4349448294073 0.0008961036772063835
10 60 -0.65 -0.6 24 25 140.0816101729144 0.0007937101528909807
10 60 -0.65 -0.6 25 26 125.026280263087 0.0007097429648723619
10 60 -0.65 -0.6 26 27 111.9157947550467 0.0006237910607751473
10 60 -0.65 -0.6 27 28 100.4584861119594 0.0005619641382565987
10 60 -0.65 -0.6 28 29 90.4121115512155 0.0005056449145399711
10 60 -0.65 -0.6 29 30 81.5746329715728 0.0004571319122135264
10 60 -0.65 -0.6 30 31 73.77678643974497 0.0004135911114531154
10 60 -0.65 -0.6 31 32 66.87623306235427 0.0003656376563156982
10 60 -0.65 -0.6 32 33 60.75282681989705 0.0003248312446615387
10 60 -0.65 -0.6 33 34 55.30466778964406 0.0002976352292662909
10 60 -0.65 -0.6 34 35 50.44496593080604 0.0002749733588061076
10 60 -0.65 -0.6 35 36 46.09959782860845 0.0002516542707411418
10 60 -0.65 -0.6 36 37 42.20508380432077 0.0002284643804983943
10 60 -0.65 -0.6 37 38 38.70687981146262 0.0002014430529868605
10 60 -0.65 -0.6 38 39 35.5580046376847 0.0001734891758360391
10 60 -0.65 -0.6 39 40 32.71783766908201 0.0001570725967354747
10 60 -0.65 -0.6 40 42 57.97805392957254 0.0002875445026546686
10 60 -0.65 -0.6 42 44 49.52171985325609 0.0002385806594418227
10 60 -0.65 -0.6 44 46 42.52847448642019 0.0002068297037851607
10 60 -0.65 -0.6 46 48 36.70726279673644 0.0001620111951226022
10 60 -0.65 -0.6 48 50 31.83223482127898 0.000139429841283345
10 60 -0.65 -0.6 50 52 27.72634465221663 0.0001205826918102559
10 60 -0.65 -0.6 52 54 24.24982062505293 0.000101527843327176
10 60 -0.65 -0.6 54 56 21.29151292271347 8.74463396876024e-05
10 60 -0.65 -0.6 56 58 18.76236291918685 6.760262625604696e-05
10 60 -0.65 -0.6 58 60 16.59066562473836 5.949183320907991e-05
10 60 -0.65 -0.6 60 65 33.82397155922031 0.000124168460843066
10 60 -0.65 -0.6 65 70 25.52760218541867 9.03433478605109e-05
10 60 -0.65 -0.6 70 80 34.82555652114108 0.0001226256150346217
10 60 -0.65 -0.6 80 90 21.60280569952007 7.596783254015804e-05
10 60 -0.65 -0.6 90 100 14.01322264722785 4.942065009139185e-05
10 60 -0.6 -0.55 0 0.5 -62469.46787477376 0.9519586413589423
10 60 -0.6 -0.55 0.5 1 916.5770968251089 0.002348541307924279
10 60 -0.6 -0.55 1 1.5 5142.789426837598 0.07542383916461404
10 60 -0.6 -0.55 1.5 2 4811.582673284688 0.1861633003063616
10 60 -0.6 -0.55 2 2.5 4100.203058849595 0.1511599826917518
10 60 -0.6 -0.55 2.5 3 3458.242036420407 0.1207093008388256
10 60 -0.6 -0.55 3 3.5 2932.47970385092 0.09199123177450019
10 60 -0.6 -0.55 3.5 4 2508.083672080045 0.07163152685734531
10 60 -0.6 -0.55 4 4.5 2163.762684500598 0.0579741417736841
10 60 -0.6 -0.55 4.5 5 1881.498137120395 0.04786975618480938
10 60 -0.6 -0.55 5 5.5 1647.481288138671 0.03938996677698015
10 60 -0.6 -0.55 5.5 6 1451.367690344298 0.03196268456349571
10 60 -0.6 -0.55 6 6.5 1285.410094923866 0.02577059999316589
10 60 -0.6 -0.55 6.5 7 1143.755966768857 0.02107891627770186
10 60 -0.6 -0.55 7 7.5 1021.922745229322 0.01752566268578448
10 60 -0.6 -0.55 7.5 8 916.4387587984178 0.01467545564867123
10 60 -0.6 -0.55 8 8.5 824.5754257667945 0.01235952104514126
10 60 -0.6 -0.55 8.5 9 744.1598526309137 0.01032936433341547
10 60 -0.6 -0.55 9 9.5 673.4422048664198 0.008677207477603588
10 60 -0.6 -0.55 9.5 10 610.9987640974315 0.007459867318402758
10 60 -0.6 -0.55 10 10.5 555.6587078692141 0.006382420324712257
10 60 -0.6 -0.55 10.5 11 506.4500768618823 0.005436926581808166
10 60 -0.6 -0.55 11 11.5 462.5596711646166 0.004675607141166438
10 60 -0.6 -0.55 11.5 12 423.3025665398386 0.01791656088477112
10 60 -0.6 -0.55 12 12.5 388.0981905463547 0.01353656765917322
10 60 -0.6 -0.55 12.5 13 356.4515345844363 0.01005796030904094
10 60 -0.6 -0.55 13 13.5 327.9382568516599 0.007304204766171551
10 60 -0.6 -0.55 13.5 14 302.1928743884118 0.005119365583709623
10 60 -0.6 -0.55 14 14.5 278.89942097957 0.003401214759492177
10 60 -0.6 -0.55 14.5 15 257.783606270642 0.002048696917881898
10 60 -0.6 -0.55 15 16 459.7662533175735 0.004532916470054715
10 60 -0.6 -0.55 16 17 396.0068681559779 0.005618740614295348
10 60 -0.6 -0.55 17 18 342.8086264292078 0.01137533408962099
10 60 -0.6 -0.55 18 19 298.1532889494981 0.01435558814307569
10 60 -0.6 -0.55 19 20 260.457583912615 0.001513662933064097
10 60 -0.6 -0.55 20 21 228.4684878379015 0.001328620463254993
10 60 -0.6 -0.55 21 22 201.1872319086863 0.001164110542276831
10 60 -0.6 -0.55 22 23 177.8124506885926 0.001001383635752973
10 60 -0.6 -0.55 23 24 157.6969526698399 0.0008956148185461643
10 60 -0.6 -0.55 24 25 140.314036173074 0.0008111299440827224
10 60 -0.6 -0.55 25 26 125.2330412449248 0.0007046098563705527
10 60 -0.6 -0.55 26 27 112.1003855747921 0.0006381222577545032
10 60 -0.6 -0.55 27 28 100.6237026786145 0.0005787280252036453
10 60 -0.6 -0.55 28 29 90.56026371023552 0.000520204687632031
10 60 -0.6 -0.55 29 30 81.70771138863563 0.0004654032730542212
10 60 -0.6 -0.55 30 31 73.89661603507595 0.0004119286779342701
10 60 -0.6 -0.55 31 32 66.98445042902853 0.000372266588186676
10 60 -0.6 -0.55 32 33 60.8507637873815 0.0003390834308589774
10 60 -0.6 -0.55 33 34 55.39341302157676 0.0003097802736391486
10 60 -0.6 -0.55 34 35 50.52548707866273 0.0002812175285029639
10 60 -0.6 -0.55 35 36 46.17278878424401 0.0002534862998970766
10 60 -0.6 -0.55 36 37 42.27175753331755 0.0002272031844725575
10 60 -0.6 -0.55 37 38 38.7677597785769 0.0002088547064076351
10 60 -0.6 -0.55 38 39 35.61365052775403 0.0001929728162082256
10 60 -0.6 -0.55 39 40 32.76866658859595 0.0001683385330224496
10 60 -0.6 -0.55 40 42 58.0669941319645 0.0002842104770763854
10 60 -0.6 -0.55 42 44 49.59648601141027 0.0002545804482636527
10 60 -0.6 -0.55 44 46 42.59156818169313 0.0001986238202036361
10 60 -0.6 -0.55 46 48 36.76083988190629 0.0001720156935363093
10 60 -0.6 -0.55 48 50 31.87785905000049 0.0001490598886846328
10 60 -0.6 -0.55 50 52 27.76525973562967 0.0001276003203578568
10 60 -0.6 -0.55 52 54 24.28305877583381 0.0001025528255489405
10 60 -0.6 -0.55 54 56 21.31999809586005 8.437768400071377e-05
10 60 -0.6 -0.55 56 58 18.78690205497625 7.713278887067077e-05
10 60 -0.6 -0.55 58 60 16.61176215194504 6.777613881325806e-05
10 60 -0.6 -0.55 60 65 33.86446936931218 0.0001205041274374707
10 60 -0.6 -0.55 65 70 25.55588134397346 9.085501742234214e-05
10 60 -0.6 -0.55 70 80 34.85965551134327 0.0001225621471760974
10 60 -0.6 -0.55 80 90 21.61991275875723 7.59133093310993e-05
10 60 -0.6 -0.55 90 100 14.02159985578647 4.936837206770406e-05
10 60 -0.55 -0.5 0 0.5 -62617.41956977254 0.8592814862568048
10 60 -0.55 -0.5 0.5 1 900.732732307191 0.003748615720269299
10 60 -0.55 -0.5 1 1.5 5143.691587157753 0.07680208760575624
10 60 -0.55 -0.5 1.5 2 4815.336196269694 0.2032741420571256
10 60 -0.55 -0.5 2 2.5 4104.374647121783 0.1434250870370306
10 60 -0.55 -0.5 2.5 3 3462.218879273473 0.1157631073242555
10 60 -0.55 -0.5 3 3.5 2936.106327644043 0.09470472313796563
10 60 -0.55 -0.5 3.5 4 2511.341345149916 0.07494603342956907
10 60 -0.55 -0.5 4 4.5 2166.675070354536 0.0589667344092959
10 60 -0.55 -0.5 4.5 5 1884.100058612411 0.04709262807477899
10 60 -0.55 -0.5 5 5.5 1649.810017654329 0.03839729702895056
10 60 -0.55 -0.5 5.5 6 1453.454134253126 0.03187294274812302
10 60 -0.55 -0.5 6 6.5 1287.285789835535 0.0264016425680893
10 60 -0.55 -0.5 6.5 7 1145.443995429455 0.02154063556440633
10 60 -0.55 -0.5 7 7.5 1023.445275727287 0.0175856242443615
10 60 -0.55 -0.5 7.5 8 917.814856644199 0.01456114483039528
10 60 -0.55 -0.5 8 8.5 825.8215500078087 0.01220889596436336
10 60 -0.55 -0.5 8.5 9 745.2902992204207 0.01035694997426617
10 60 -0.55 -0.5 9 9.5 674.4699252963431 0.008775963710718315
10 60 -0.55 -0.5 9.5 10 611.9348712703284 0.007365098868262976
10 60 -0.55 -0.5 10 10.5 556.5126489343216 0.006313911145980455
10 60 -0.55 -0.5 10.5 11 507.230089403596 0.00551141623714102
10 60 -0.55 -0.5 11 11.5 463.2733189054794 0.004777201527986108
10 60 -0.55 -0.5 11.5 12 423.9566112697565 0.01794750897721542
10 60 -0.55 -0.5 12 12.5 388.6986434563541 0.01356450453585012
10 60 -0.55 -0.5 12.5 13 357.0036324303401 0.01008565236065806
10 60 -0.55 -0.5 13 13.5 328.4465271557395 0.007322690560442879
10 60 -0.55 -0.5 13.5 14 302.661367210675 0.005137316930245106
10 60 -0.55 -0.5 14 14.5 279.3317258641731 0.003409702691612893
10 60 -0.55 -0.5 14.5 15 258.1830356142627 0.002050282800439618
10 60 -0.55 -0.5 15 16 460.478435110255 0.004525698177758386
10 60 -0.55 -0.5 16 17 396.6198971762987 0.005589010210769629
10 60 -0.55 -0.5 17 18 343.3384130303388 0.01139752521220316
10 60 -0.55 -0.5 18 19 298.6132346577391 0.01437528359861062
10 60 -0.55 -0.5 19 20 260.8585476933339 0.00152132840980812
10 60 -0.55 -0.5 20 21 228.8196038015839 0.001331311464724649
10 60 -0.55 -0.5 21 22 201.4960063973131 0.001175625417118908
10 60 -0.55 -0.5 22 23 178.0848073497777 0.001040980982537576
10 60 -0.55 -0.5 23 24 157.9374420413312 0.0008958676562258461
10 60 -0.55 -0.5 24 25 140.5271312532906 0.0007886760589883579
10 60 -0.55 -0.5 25 26 125.4227916225278 0.0007301484161246208
10 60 -0.55 -0.5 26 27 112.2696779064524 0.0006480415669045669
10 60 -0.55 -0.5 27 28 100.7750681406826 0.0005841661682524091
10 60 -0.55 -0.5 28 29 90.69593937778917 0.0005249156333064775
10 60 -0.55 -0.5 29 30 81.82966026355371 0.0004645436429058236
10 60 -0.55 -0.5 30 31 74.00652765708307 0.0004186549850118126
10 60 -0.55 -0.5 31 32 67.08372342367998 0.0003835845239308355
10 60 -0.55 -0.5 32 33 60.94056330761936 0.0003521203068572731
10 60 -0.55 -0.5 33 34 55.47474254606698 0.0003153302334411023
10 60 -0.55 -0.5 34 35 50.59927840931105 0.0002801268195824491
10 60 -0.55 -0.5 35 36 46.23990535532818 0.0002533762152978625
10 60 -0.55 -0.5 36 37 42.33294715809671 0.0002354025054032149
10 60 -0.55 -0.5 37 38 38.82362479711628 0.000213806152601137
10 60 -0.55 -0.5 38 39 35.66473202747756 0.0001941776976792653
10 60 -0.55 -0.5 39 40 32.81544812784336 0.0001817371993340089
10 60 -0.55 -0.5 40 42 58.14900531795178 0.0003110363251366266
10 60 -0.55 -0.5 42 44 49.66526649520368 0.0002362101428232677
10 60 -0.55 -0.5 44 46 42.6498146588054 0.0002148806915371893
10 60 -0.55 -0.5 46 48 36.81029300956634 0.0001821823337238015
10 60 -0.55 -0.5 48 50 31.91991554546714 0.0001531031682802109
10 60 -0.55 -0.5 50 52 27.8011415780348 0.0001259424867505743
10 60 -0.55 -0.5 52 54 24.31382448639342 0.0001078421021070142
10 60 -0.55 -0.5 54 56 21.34642634972937 9.205503330278475e-05
10 60 -0.55 -0.5 56 58 18.8095960080003 8.370110898781036e-05
10 60 -0.55 -0.5 58 60 16.63127295626153 6.834325796134522e-05
10 60 -0.55 -0.5 60 65 33.90225019183877 0.0001204943840065198
10 60 -0.55 -0.5 65 70 25.58202200610768 9.02898802337404e-05
10 60 -0.55 -0.5 70 80 34.89111959725886 0.0001225089028480397
10 60 -0.55 -0.5 80 90 21.63581939556344 7.586142456972311e-05
10 60 -0.55 -0.5 90 100 14.02938190783212 4.931775541194838e-05
10 60 -0.5 -0.45 0 0.5 -62752.21627111782 0.7550951302910107
10 60 -0.5 -0.45 0.5 1 886.3668390730016 0.00449811267401401
10 60 -0.5 -0.45 1 1.5 5144.530858031028 0.2429016482592488
10 60 -0.5 -0.45 1.5 2 4818.754194849417 0.2016919848510952
10 60 -0.5 -0.45 2 2.5 4108.175993959321 0.1543392008243245
10 60 -0.5 -0.45 2.5 3 3465.843537192871 0.1136284997160146
10 60 -0.5 -0.45 3 3.5 2939.414481724054 0.09064035490018796
10 60 -0.5 -0.45 3.5 4 2514.312394755549 0.07420368052225967
10 60 -0.5 -0.45 4 4.5 2169.330224572682 0.06028543011552756
10 60 -0.5 -0.45 4.5 5 1886.472654910384 0.0484522828144236
10 60 -0.5 -0.45 5 5.5 1651.931089136074 0.03886831693284876
10 60 -0.5 -0.45 5.5 6 1455.355283854516 0.03130684980919796
10 60 -0.5 -0.45 6 6.5 1288.993899042382 0.02571814720636212
10 60 -0.5 -0.45 6.5 7 1146.98112574003 0.02146732651613092
10 60 -0.5 -0.45 7 7.5 1024.832200564839 0.01782208754593739
10 60 -0.5 -0.45 7.5 8 919.0689840708799 0.01472310392034615
10 60 -0.5 -0.45 8 8.5 826.956896033421 0.01225929988129337
10 60 -0.5 -0.45 8.5 9 746.3198830796011 0.01031196569272197
10 60 -0.5 -0.45 9 9.5 675.4058240307085 0.008741297488654709
10 60 -0.5 -0.45 9.5 10 612.7875567267381 0.007517067929256882
10 60 -0.5 -0.45 10 10.5 557.2905814145705 0.006371093250322701
10 60 -0.5 -0.45 10.5 11 507.9407100211238 0.005404597372773878
10 60 -0.5 -0.45 11 11.5 463.9233356394288 0.004705709310542261
10 60 -0.5 -0.45 11.5 12 424.5522689314817 0.01797536513538489
10 60 -0.5 -0.45 12 12.5 389.2454711200507 0.01359067103925327
10 60 -0.5 -0.45 12.5 13 357.5063752238076 0.01011015226322343
10 60 -0.5 -0.45 13 13.5 328.9093040256002 0.007342655755110172
10 60 -0.5 -0.45 13.5 14 303.0878435425417 0.005147342264194776
10 60 -0.5 -0.45 14 14.5 279.725295388742 0.00341082682200522
10 60 -0.5 -0.45 14.5 15 258.5468170099674 0.0020532008637133
10 60 -0.5 -0.45 15 16 461.1270048076827 0.004605811088936207
10 60 -0.5 -0.45 16 17 397.1775652251924 0.0056357662660389
10 60 -0.5 -0.45 17 18 343.8205358904371 0.01139810873365832
10 60 -0.5 -0.45 18 19 299.0317737711097 0.01439157098047872
10 60 -0.5 -0.45 19 20 261.2233539393762 0.001530997013048818
10 60 -0.5 -0.45 20 21 229.1388029363841 0.001323895643452033
10 60 -0.5 -0.45 21 22 201.7765587879412 0.001186117545444176
10 60 -0.5 -0.45 22 23 178.3322720209767 0.001047831982873504
10 60 -0.5 -0.45 23 24 158.1563895167634 0.0009169720201782638
10 60 -0.5 -0.45 24 25 140.7211669506221 0.0008043850417607246
10 60 -0.5 -0.45 25 26 125.5951491215508 0.0007168352561279789
10 60 -0.5 -0.45 26 27 112.4233876550767 0.0006651114413642745
10 60 -0.5 -0.45 27 28 100.9124274513402 0.0005832129009917253
10 60 -0.5 -0.45 28 29 90.81906846427118 0.0005157031016835845
10 60 -0.5 -0.45 29 30 81.94042369660518 0.0004724819420260928
10 60 -0.5 -0.45 30 31 74.10636885219587 0.0004352007817658432
10 60 -0.5 -0.45 31 32 67.17379835039168 0.0003901153830838666
10 60 -0.5 -0.45 32 33 61.02196551808746 0.0003474065201558574
10 60 -0.5 -0.45 33 34 55.54852235776558 0.0003138745018276268
10 60 -0.5 -0.45 34 35 50.66632050889468 0.0002880054508764829
10 60 -0.5 -0.45 35 36 46.30091163507752 0.0002610258628124029
10 60 -0.5 -0.45 36 37 42.38852555136059 0.0002347000171027958
10 60 -0.5 -0.45 37 38 38.87435848720919 0.0002182081995130147
10 60 -0.5 -0.45 38 39 35.7111154900128 0.000205592379643349
10 60 -0.5 -0.45 39 40 32.85789110237772 0.0001832460653048429
10 60 -0.5 -0.45 40 42 58.22365021849399 0.0003111817061167699
10 60 -0.5 -0.45 42 44 49.72824073458076 0.0002594854704014438
10 60 -0.5 -0.45 44 46 42.70295732400829 0.0002166134371961448
10 60 -0.5 -0.45 46 48 36.85537926193543 0.0001877881016980609
10 60 -0.5 -0.45 48 50 31.95830699690331 0.0001538409847618993
10 60 -0.5 -0.45 50 52 27.83398396553331 0.0001303018448339799
10 60 -0.5 -0.45 52 54 24.34200577231369 0.0001161581530588762
10 60 -0.5 -0.45 54 56 21.3706142207163 0.0001029056882586588
10 60 -0.5 -0.45 56 58 18.83033504967004 7.727327838225051e-05
10 60 -0.5 -0.45 58 60 16.64916295110118 6.080256497043024e-05
10 60 -0.5 -0.45 60 65 33.93720307238711 0.0001434830103832496
10 60 -0.5 -0.45 65 70 25.60609816980521 9.027871276856558e-05
10 60 -0.5 -0.45 70 80 34.91993682895947 0.0001224768305263524
10 60 -0.5 -0.45 80 90 21.6504104064048 7.58061066647997e-05
10 60 -0.5 -0.45 90 100 14.03653800323453 4.927450346237094e-05
10 60 -0.45 -0.4 0 0.5 -62873.93537055043 0.6605106202769093
10 60 -0.45 -0.4 0.5 1 873.4643669369187 0.001387997385450035
10 60 -0.45 -0.4 1 1.5 5145.310269589292 0.07708715010903688
10 60 -0.45 -0.4 1.5 2 4821.843638688709 0.1894078224513578
10 60 -0.45 -0.4 2 2.5 4111.60236542031 0.1547802193399548
10 60 -0.45 -0.4 2.5 3 3469.112648055138 0.1209637691176795
10 60 -0.45 -0.4 3 3.5 2942.398998709827 0.0914485902699198
10 60 -0.45 -0.4 3.5 4 2516.993945907388 0.07262900922069093
10 60 -0.45 -0.4 4 4.5 2171.726674325458 0.05877642415953233
10 60 -0.45 -0.4 4.5 5 1888.613515462628 0.04792406459205267
10 60 -0.45 -0.4 5 5.5 1653.843990446053 0.03919035843614438
10 60 -0.45 -0.4 5.5 6 1457.070369246518 0.03196100659988588
10 60 -0.45 -0.4 6 6.5 1290.533221981617 0.02596546604604555
10 60 -0.45 -0.4 6.5 7 1148.366693381426 0.02124229346168249
10 60 -0.45 -0.4 7 7.5 1026.082375804644 0.0177058160472825
10 60 -0.45 -0.4 7.5 8 920.1994379003357 0.0148181013910289
10 60 -0.45 -0.4 8 8.5 827.980622938222 0.01233220129347501
10 60 -0.45 -0.4 8.5 9 747.2485106370631 0.01028906803855989
10 60 -0.45 -0.4 9 9.5 676.24984145651 0.008724863602992627
10 60 -0.45 -0.4 9.5 10 613.5560186535176 0.007402681569487868
10 60 -0.45 -0.4 10 10.5 557.9915941346258 0.0064202737960386
10 60 -0.45 -0.4 10.5 11 508.5812683455917 0.005559429722779896
10 60 -0.45 -0.4 11 11.5 464.5095312468472 0.004737937184643215
10 60 -0.45 -0.4 11.5 12 425.0894776527043 0.01800957690767291
10 60 -0.45 -0.4 12 12.5 389.7384640519857 0.01362082743611381
10 60 -0.45 -0.4 12.5 13 357.9593610529671 0.0101256847386253
10 60 -0.45 -0.4 13 13.5 329.3261477311225 0.007352837823191294
10 60 -0.45 -0.4 13.5 14 303.4720740443963 0.00514850525280508
10 60 -0.45 -0.4 14 14.5 280.0800877999977 0.003421388741628562
10 60 -0.45 -0.4 14.5 15 258.8747936228256 0.00206795624148981
10 60 -0.45 -0.4 15 16 461.7113273672386 0.004597092951826198
10 60 -0.45 -0.4 16 17 397.6799755742377 0.005623469524721258
10 60 -0.45 -0.4 17 18 344.2546064728884 0.01143157144940687
10 60 -0.45 -0.4 18 19 299.4086843164322 0.0143910420241582
10 60 -0.45 -0.4 19 20 261.5517861870418 0.001519135909063607
10 60 -0.45 -0.4 20 21 229.4261323183236 0.0013453393395082
10 60 -0.45 -0.4 21 22 202.0287105010504 0.001175448434310056
10 60 -0.45 -0.4 22 23 178.5546152565112 0.001043052685304247
10 60 -0.45 -0.4 23 24 158.3533210678386 0.0009408863224109609
10 60 -0.45 -0.4 24 25 140.8958851729158 0.000831981726378217
10 60 -0.45 -0.4 25 26 125.7501929253876 0.000729496535996077
10 60 -0.45 -0.4 26 27 112.561284461646 0.0006364433938301772
10 60 -0.45 -0.4 27 28 101.0357825031452 0.0005862524940738467
10 60 -0.45 -0.4 28 29 90.92974471467646 0.0005310378114131709
10 60 -0.45 -0.4 29 30 82.03984452550512 0.0004820411429875548
10 60 -0.45 -0.4 30 31 74.19582695515957 0.0004308240755648285
10 60 -0.45 -0.4 31 32 67.25452604807661 0.0003886680057121339
10 60 -0.45 -0.4 32 33 61.09501112032655 0.0003506349685764576
10 60 -0.45 -0.4 33 34 55.61474899011476 0.0003168558330273186
10 60 -0.45 -0.4 34 35 50.72648006650949 0.0002879574981164978
10 60 -0.45 -0.4 35 36 46.35566537379787 0.000266352239805201
10 60 -0.45 -0.4 36 37 42.43842216641147 0.0002484642973072937
10 60 -0.45 -0.4 37 38 38.91984537446962 0.0002211602690209702
10 60 -0.45 -0.4 38 39 35.75265235286459 0.000193481237801052
10 60 -0.45 -0.4 39 40 32.89595179622404 0.0001788970146776592
10 60 -0.45 -0.4 40 42 58.29077002743659 0.000326811274327099
10 60 -0.45 -0.4 42 44 49.78501801442842 0.0002783009115319146
10 60 -0.45 -0.4 44 46 42.75087999398689 0.0002210977646086576
10 60 -0.45 -0.4 46 48 36.89598215244935 0.0001837919131304488
10 60 -0.45 -0.4 48 50 31.99298929985069 0.0001598629036649868
10 60 -0.45 -0.4 50 52 27.86368155228824 0.0001441371567594274
10 60 -0.45 -0.4 52 54 24.36740329853597 0.0001196615707286242
10 60 -0.45 -0.4 54 56 21.39239698011113 9.14552832576021e-05
10 60 -0.45 -0.4 56 58 18.84920115705322 8.178182330453865e-05
10 60 -0.45 -0.4 58 60 16.66550649642729 8.045936416323229e-05
10 60 -0.45 -0.4 60 65 33.96885457621887 0.0001289410417726344
10 60 -0.45 -0.4 65 70 25.62825497273257 9.718719901741224e-05
10 60 -0.45 -0.4 70 80 34.94610400194659 0.0001224340312262484
10 60 -0.45 -0.4 80 90 21.66360244411202 7.575600663400905e-05
10 60 -0.45 -0.4 90 100 14.04306355241992 4.923731981243407e-05
10 60 -0.4 -0.35 0 0.5 -62982.59537211954 0.5567693963021156
10 60 -0.4 -0.35 0.5 1 862.0197050531621 0.0008854385815766364
10 60 -0.4 -0.35 1 1.5 5146.027702823422 0.08022165313104779
10 60 -0.4 -0.35 1.5 2 4824.603968387805 0.1935442742451414
10 60 -0.4 -0.35 2 2.5 4114.657123596235 0.1445382820247687
10 60 -0.4 -0.35 2.5 3 3472.024910889051 0.117858952296956
10 60 -0.4 -0.35 3 3.5 2945.056071039165 0.09499870643367103
10 60 -0.4 -0.35 3.5 4 2519.383672662511 0.07408157776353619
10 60 -0.4 -0.35 4 4.5 2173.862245163245 0.05920279936026418
10 60 -0.4 -0.35 4.5 5 1890.520512004231 0.04796133942886627
10 60 -0.4 -0.35 5 5.5 1655.548630369796 0.03885676568847884
10 60 -0.4 -0.35 5.5 6 1458.597217923751 0.03178850050676374
10 60 -0.4 -0.35 6 6.5 1291.903798422174 0.02616264314178807
10 60 -0.4 -0.35 6.5 7 1149.599925019968 0.02145349552120024
10 60 -0.4 -0.35 7 7.5 1027.195222927163 0.0176121759709531
10 60 -0.4 -0.35 7.5 8 921.2052299300919 0.01470593923363595
10 60 -0.4 -0.35 8 8.5 828.8914984938079 0.01242073448395331
10 60 -0.4 -0.35 8.5 9 748.0753862465211 0.01043711715954032
10 60 -0.4 -0.35 9 9.5 677.0016577079605 0.008731756339557251
10 60 -0.4 -0.35 9.5 10 614.2402063367363 0.007408715360156748
10 60 -0.4 -0.35 10 10.5 558.6152880090004 0.006309232438070467
10 60 -0.4 -0.35 10.5 11 509.1510883804949 0.005424840750947624
10 60 -0.4 -0.35 11 11.5 465.031307463559 0.004791189768980075
10 60 -0.4 -0.35 11.5 12 425.5678885651591 0.0180606419949072
10 60 -0.4 -0.35 12 12.5 390.1773318237554 0.01364385944225432
10 60 -0.4 -0.35 12.5 13 358.3624041717617 0.01013710522289557
10 60 -0.4 -0.35 13 13.5 329.696963138725 0.007347742458136963
10 60 -0.4 -0.35 13.5 14 303.8139900326458 0.005160962388231383
10 60 -0.4 -0.35 14 14.5 280.3957527033495 0.003434616586275752
10 60 -0.4 -0.35 14.5 15 259.1664755864832 0.002072458855536752
10 60 -0.4 -0.35 15 16 462.2311185854891 0.004626781673096048
10 60 -0.4 -0.35 16 17 398.1268605251957 0.00564617996542438
10 60 -0.4 -0.35 17 18 344.6406342143975 0.01142538857340014
10 60 -0.4 -0.35 18 19 299.7435354723303 0.01442585330642032
10 60 -0.4 -0.35 19 20 261.8436667915138 0.00154853106516839
10 60 -0.4 -0.35 20 21 229.6812502548008 0.001343677183456293
10 60 -0.4 -0.35 21 22 202.2526013606821 0.001178823776598392
10 60 -0.4 -0.35 22 23 178.7518861411592 0.001050310770608576
10 60 -0.4 -0.35 23 24 158.5277510254553 0.0009415144104991668
10 60 -0.4 -0.35 24 25 141.0506418582101 0.0008499295804256235
10 60 -0.4 -0.35 25 26 125.88776008233 0.0007370790470559996
10 60 -0.4 -0.35 26 27 112.6837846939615 0.0006435242721209988
10 60 -0.4 -0.35 27 28 101.1451129094302 0.0005807100487373873
10 60 -0.4 -0.35 28 29 91.02767611995995 0.0005427167226201846
10 60 -0.4 -0.35 29 30 82.12773959608433 0.000479686473894958
10 60 -0.4 -0.35 30 31 74.27492515015518 0.0004294495368952767
10 60 -0.4 -0.35 31 32 67.3259273438355 0.0003870971031432191
10 60 -0.4 -0.35 32 33 61.15964547473354 0.0003523316181173186
10 60 -0.4 -0.35 33 34 55.67336797596005 0.0003240013823813115
10 60 -0.4 -0.35 34 35 50.77969493076552 0.0002977029105579732
10 60 -0.4 -0.35 35 36 46.40401827637851 0.0002701179035682344
10 60 -0.4 -0.35 36 37 42.48243894835754 0.0002374013945640741
10 60 -0.4 -0.35 37 38 38.96005431835236 0.0002158621358603341
10 60 -0.4 -0.35 38 39 35.78947239974235 0.0002022091171625107
10 60 -0.4 -0.35 39 40 32.92968679496097 0.0001866457104995334
10 60 -0.4 -0.35 40 42 58.35008661137079 0.0003311048106269254
10 60 -0.4 -0.35 42 44 49.8351593092954 0.000279139400866768
10 60 -0.4 -0.35 44 46 42.79348341715496 0.0002323846077274538
10 60 -0.4 -0.35 46 48 36.93215295930473 0.0001854879460552183
10 60 -0.4 -0.35 48 50 32.02380578938718 0.0001733860119514929
10 60 -0.4 -0.35 50 52 27.88997677569916 0.0001422196268556775
10 60 -0.4 -0.35 52 54 24.38995738463035 0.0001084815347773826
10 60 -0.4 -0.35 54 56 21.41192657562948 0.0001036171834485344
10 60 -0.4 -0.35 56 58 18.86606524035218 9.851434717944585e-05
10 60 -0.4 -0.35 58 60 16.6800038860544 7.034329633270886e-05
10 60 -0.4 -0.35 60 65 33.99732699658168 0.0001421936012278024
10 60 -0.4 -0.35 65 70 25.64816647477157 9.185392363164624e-05
10 60 -0.4 -0.35 70 80 34.96967787975036 0.0001223909760952324
10 60 -0.4 -0.35 80 90 21.67537218506447 7.571596050581775e-05
10 60 -0.4 -0.35 90 100 14.04895844728985 4.91986514390419e-05
10 60 -0.35 -0.3 0 0.5 -63078.08745582037 0.5576337000820786
10 60 -0.35 -0.3 0.5 1 852.0156204273352 0.0006099349717487712
10 60 -0.35 -0.3 1 1.5 5146.679981193997 0.2539239753077709
10 60 -0.35 -0.3 1.5 2 4827.03948016645 0.2022638972957793
10 60 -0.35 -0.3 2 2.5 4117.34060510543 0.1485497771791415
10 60 -0.35 -0.3 2.5 3 3474.581019591324 0.1135579935562419
10 60 -0.35 -0.3 3 3.5 2947.384350347712 0.09232141078746281
10 60 -0.35 -0.3 3.5 4 2521.477443710749 0.07516577522892476
10 60 -0.35 -0.3 4 4.5 2175.734778512979 0.05972960830058582
10 60 -0.35 -0.3 4.5 5 1892.192434167767 0.04800502934062933
10 60 -0.35 -0.3 5 5.5 1657.043509542558 0.03924145798077916
10 60 -0.35 -0.3 5.5 6 1459.935370411153 0.03192098152317158
10 60 -0.35 -0.3 6 6.5 1293.1046476791 0.0260751019293366
10 60 -0.35 -0.3 6.5 7 1150.680278811026 0.02148085011117473
10 60 -0.35 -0.3 7 7.5 1028.169883421379 0.01773689905758147
10 60 -0.35 -0.3 7.5 8 922.0858299965574 0.01460851569481747
10 60 -0.35 -0.3 8 8.5 829.6890674316724 0.01219472501270502
10 60 -0.35 -0.3 8.5 9 748.7996179248054 0.01040638869972099
10 60 -0.35 -0.3 9 9.5 677.6601750781768 0.008900844653339846
10 60 -0.35 -0.3 9.5 10 614.8397240599876 0.007555173323453346
10 60 -0.35 -0.3 10 10.5 559.1617061581009 0.006417496733433836
10 60 -0.35 -0.3 10.5 11 509.6502222339887 0.005509564016165314
10 60 -0.35 -0.3 11 11.5 465.4882031330015 0.004658061088889554
10 60 -0.35 -0.3 11.5 12 425.9866057886007 0.01808638455531764
10 60 -0.35 -0.3 12 12.5 390.5615528239812 0.01366652319438799
10 60 -0.35 -0.3 12.5 13 358.7154917777939 0.01014302601731742
10 60 -0.35 -0.3 13 13.5 330.0219827630306 0.007369606144834506
10 60 -0.35 -0.3 13.5 14 304.1134238711961 0.005170836607135243
10 60 -0.35 -0.3 14 14.5 280.6719166624712 0.003435682668055051
10 60 -0.35 -0.3 14.5 15 259.4215950798239 0.002071151113909764
10 60 -0.35 -0.3 15 16 462.6858877141974 0.004641165351301879
10 60 -0.35 -0.3 16 17 398.5180704172687 0.005607230969985721
10 60 -0.35 -0.3 17 18 344.9783125025503 0.01145437433484631
10 60 -0.35 -0.3 18 19 300.0363292452307 0.01443061965142078
10 60 -0.35 -0.3 19 20 262.0984920544154 0.001543228700541022
10 60 -0.35 -0.3 20 21 229.904076500204 0.001354567950102137
10 60 -0.35 -0.3 21 22 202.4481603992021 0.0011948421627892
10 60 -0.35 -0.3 22 23 178.9239621977185 0.001058517442231732
10 60 -0.35 -0.3 23 24 158.679561120564 0.0009431747690484826
10 60 -0.35 -0.3 24 25 141.1851275995447 0.0008276319480557959
10 60 -0.35 -0.3 25 26 126.0076071370613 0.0007500522356451711
10 60 -0.35 -0.3 26 27 112.7907705802212 0.0006792689685539699
10 60 -0.35 -0.3 27 28 101.2404423335112 0.0005911535484273145
10 60 -0.35 -0.3 28 29 91.11271931042158 0.0005163113358293003
10 60 -0.35 -0.3 29 30 82.20408446967244 0.0004811803932511793
10 60 -0.35 -0.3 30 31 74.34371601368015 0.000432362018244703
10 60 -0.35 -0.3 31 32 67.38802814882257 0.0003902515800149331
10 60 -0.35 -0.3 32 33 61.2157988639157 0.0003600004627344333
10 60 -0.35 -0.3 33 34 55.72421100161893 0.0003319266249590669
10 60 -0.35 -0.3 34 35 50.82580047593478 0.000292149476990744
10 60 -0.35 -0.3 35 36 46.44594841276555 0.000258486706187
10 60 -0.35 -0.3 36 37 42.52070767168961 0.0002416441430739269
10 60 -0.35 -0.3 37 38 38.9950303960163 0.0002251746668946453
10 60 -0.35 -0.3 38 39 35.82145647386466 0.0002090023686847076
10 60 -0.35 -0.3 39 40 32.95895248979795 0.0001902938080888816
10 60 -0.35 -0.3 40 42 58.40147799192105 0.0003276775751643868
10 60 -0.35 -0.3 42 44 49.87860865892509 0.0002770835780907532
10 60 -0.35 -0.3 44 46 42.83052879721899 0.0002363071331572542
10 60 -0.35 -0.3 46 48 36.9637816533003 0.0002133798938857012
10 60 -0.35 -0.3 48 50 32.05056884667123 0.0001587983081421385
10 60 -0.35 -0.3 50 52 27.91288070940857 0.0001298422178166447
10 60 -0.35 -0.3 52 54 24.40979868018201 0.0001320061792746685
10 60 -0.35 -0.3 54 56 21.42897012336248 0.0001124493642699065
10 60 -0.35 -0.3 56 58 18.88069672175949 7.692639311329685e-05
10 60 -0.35 -0.3 58 60 16.69276361779528 7.500765467938209e-05
10 60 -0.35 -0.3 60 65 34.02237279935798 0.000157706512773359
10 60 -0.35 -0.3 65 70 25.66582115845603 0.0001049287486090122
10 60 -0.35 -0.3 70 80 34.99064434288741 0.0001223687880553825
10 60 -0.35 -0.3 80 90 21.68571486523748 7.568638373101066e-05
10 60 -0.35 -0.3 90 100 14.05417816213192 4.916090681383878e-05
10 60 -0.3 -0.25 0 0.5 -63160.1943157837 0.5673203566329903
10 60 -0.3 -0.25 0.5 1 843.4206274399985 0.003764214550528777
10 60 -0.3 -0.25 1 1.5 5147.266934472565 0.09282515927316126
10 60 -0.3 -0.25 1.5 2 4829.148072103291 0.1983067573464723
10 60 -0.3 -0.25 2 2.5 4119.654476256063 0.1557558307231375
10 60 -0.3 -0.25 2.5 3 3476.780496612467 0.1180767284754438
10 60 -0.3 -0.25 3 3.5 2949.385357407982 0.09081573701587331
10 60 -0.3 -0.25 3.5 4 2523.274091662396 0.07344728535690592
10 60 -0.3 -0.25 4 4.5 2177.341538638932 0.05994184165228944
10 60 -0.3 -0.25 4.5 5 1893.627627092498 0.04804299337979501
10 60 -0.3 -0.25 5 5.5 1658.326718987419 0.03870293027898697
10 60 -0.3 -0.25 5.5 6 1461.084447290252 0.03174858724196383
10 60 -0.3 -0.25 6 6.5 1294.134933160386 0.02612024116592693
10 60 -0.3 -0.25 6.5 7 1151.607571835814 0.02156414020146258
10 60 -0.3 -0.25 7 7.5 1029.00549270585 0.01791732917490663
10 60 -0.3 -0.25 7.5 8 922.8406757961367 0.01492454699450718
10 60 -0.3 -0.25 8 8.5 830.3730455320347 0.01232400228388997
10 60 -0.3 -0.25 8.5 9 749.4205708827413 0.01017896774021665
10 60 -0.3 -0.25 9 9.5 678.2246268848046 0.008604286124977989
10 60 -0.3 -0.25 9.5 10 615.3536589182635 0.007412103276578819
10 60 -0.3 -0.25 10 10.5 559.6307071745347 0.006401539293165115
10 60 -0.3 -0.25 10.5 11 510.0787779480096 0.005524507634163456
10 60 -0.3 -0.25 11 11.5 465.8798739561968 0.004857697605473277
10 60 -0.3 -0.25 11.5 12 426.3452061474611 0.01808549108233137
10 60 -0.3 -0.25 12 12.5 390.8907973406385 0.01366857898318585
10 60 -0.3 -0.25 12.5 13 359.0184307904392 0.01017387361167721
10 60 -0.3 -0.25 13 13.5 330.3008126250937 0.007387432456482657
10 60 -0.3 -0.25 13.5 14 304.370158948494 0.005177927352121969
10 60 -0.3 -0.25 14 14.5 280.9085953424559 0.003434897489285049
10 60 -0.3 -0.25 14.5 15 259.6401498337229 0.002072149796845224
10 60 -0.3 -0.25 15 16 463.0753261554833 0.004640947406414853
10 60 -0.3 -0.25 16 17 398.8529843866136 0.005611606057527752
10 60 -0.3 -0.25 17 18 345.2675318098958 0.011428299208319
10 60 -0.3 -0.25 18 19 300.2867719942205 0.01444380578379878
10 60 -0.3 -0.25 19 20 262.3162507028827 0.001542260616815838
10 60 -0.3 -0.25 20 21 230.0943974444679 0.001363816606925639
10 60 -0.3 -0.25 21 22 202.6150688660587 0.001210097737271099
10 60 -0.3 -0.25 22 23 179.0706058265473 0.001068326028160982
10 60 -0.3 -0.25 23 24 158.8088079614795 0.0009266658647106851
10 60 -0.3 -0.25 24 25 141.299665895559 0.000831582803357378
10 60 -0.3 -0.25 25 26 126.1094544310051 0.0007588408706880045
10 60 -0.3 -0.25 26 27 112.8815659290638 0.0006810859684662773
10 60 -0.3 -0.25 27 28 101.3215748696376 0.0006049665634009216
10 60 -0.3 -0.25 28 29 91.1852410048154 0.0005263198616916043
10 60 -0.3 -0.25 29 30 82.26898177908905 0.0004604231800584557
10 60 -0.3 -0.25 30 31 74.40211333069357 0.0004363560073130657
10 60 -0.3 -0.25 31 32 67.44071490048179 0.0004091526655685129
10 60 -0.3 -0.25 32 33 61.26332123901251 0.0003584375415996988
10 60 -0.3 -0.25 33 34 55.76719225860298 0.0003129840226847591
10 60 -0.3 -0.25 34 35 50.86487907426748 0.0002891581384290021
10 60 -0.3 -0.25 35 36 46.48158306940783 0.0002747267737746029
10 60 -0.3 -0.25 36 37 42.55317682051928 0.0002505190010637648
10 60 -0.3 -0.25 37 38 39.02461881295375 0.000226285037172147
10 60 -0.3 -0.25 38 39 35.84846220835055 0.0002040371880340786
10 60 -0.3 -0.25 39 40 32.98366865283262 0.0001880929082958005
10 60 -0.3 -0.25 40 42 58.44497920255283 0.0003326805207777284
10 60 -0.3 -0.25 42 44 49.91541613399043 0.0002755575660273735
10 60 -0.3 -0.25 44 46 42.86183258455903 0.000253261141736516
10 60 -0.3 -0.25 46 48 36.99042918438872 0.0001985661413215212
10 60 -0.3 -0.25 48 50 32.07348513341411 0.0001613858688216396
10 60 -0.3 -0.25 50 52 27.93255460194724 0.000154441421845064
10 60 -0.3 -0.25 52 54 24.42655551459574 0.0001228642432309357
10 60 -0.3 -0.25 54 56 21.44341464616137 9.27807126664959e-05
10 60 -0.3 -0.25 56 58 18.89333603732369 9.85841147134181e-05
10 60 -0.3 -0.25 58 60 16.70370610064129 8.950150573383553e-05
10 60 -0.3 -0.25 60 65 34.04372451676021 0.0001435423537330394
10 60 -0.3 -0.25 65 70 25.68100061982531 0.0001083062116578049
10 60 -0.3 -0.25 70 80 35.00898840375772 0.0001223654273871944
10 60 -0.3 -0.25 80 90 21.69468896834221 7.565827109345946e-05
10 60 -0.3 -0.25 90 100 14.05866140914834 4.912811400359374e-05
10 60 -0.25 -0.2 0 0.5 -63228.73365204494 0.5659834988618968
10 60 -0.25 -0.2 0.5 1 836.2128943978742 0.004453263012919706
10 60 -0.25 -0.2 1 1.5 5147.786888650677 0.2552766964035982
10 60 -0.25 -0.2 1.5 2 4830.926096899794 0.1936952892583577
10 60 -0.25 -0.2 2 2.5 4121.595063624716 0.1498155560966552
10 60 -0.25 -0.2 2.5 3 3478.622589583901 0.1190963209364782
10 60 -0.25 -0.2 3 3.5 2951.059891601287 0.09330005018364318
10 60 -0.25 -0.2 3.5 4 2524.774593926239 0.07311610683018444
10 60 -0.25 -0.2 4 4.5 2178.681527230745 0.05921515554609869
10 60 -0.25 -0.2 4.5 5 1894.824823226934 0.04867999356292785
10 60 -0.25 -0.2 5 5.5 1659.396736697745 0.03936552943309835
10 60 -0.25 -0.2 5.5 6 1462.042698792855 0.03171749483976782
10 60 -0.25 -0.2 6 6.5 1294.994624302364 0.02594247700335472
10 60 -0.25 -0.2 6.5 7 1152.38082500013 0.02132377669090602
10 60 -0.25 -0.2 7 7.5 1029.701819798358 0.0176345040833894
10 60 -0.25 -0.2 7.5 8 923.4696423267316 0.01478569179221267
10 60 -0.25 -0.2 8 8.5 830.9429734822539 0.01256625704206726
10 60 -0.25 -0.2 8.5 9 749.9376128449495 0.0106227100122851
10 60 -0.25 -0.2 9 9.5 678.6944771910456 0.008870363210007781
10 60 -0.25 -0.2 9.5 10 615.7817622948709 0.007437106316842801
10 60 -0.25 -0.2 10 10.5 560.021796487831 0.006333304234658499
10 60 -0.25 -0.2 10.5 11 510.4359561306013 0.005445169252880078
10 60 -0.25 -0.2 11 11.5 466.2062438497081 0.004666191354658622
10 60 -0.25 -0.2 11.5 12 426.6440278344495 0.0180852618998415
10 60 -0.25 -0.2 12 12.5 391.1651013286353 0.0136838775993624
10 60 -0.25 -0.2 12.5 13 359.270611495566 0.01018888530012418
10 60 -0.25 -0.2 13 13.5 330.5328789510456 0.00739713751158888
10 60 -0.25 -0.2 13.5 14 304.5839714625611 0.005186668297710639
10 60 -0.25 -0.2 14 14.5 281.1057866873722 0.003441063001275779
10 60 -0.25 -0.2 14.5 15 259.8222084189669 0.002074902309288973
10 60 -0.25 -0.2 15 16 463.3993102684167 0.004652780725507455
10 60 -0.25 -0.2 16 17 399.1312722546166 0.005614657187948069
10 60 -0.25 -0.2 17 18 345.5077318036228 0.01142419954300067
10 60 -0.25 -0.2 18 19 300.4947153756472 0.01446017420983026
10 60 -0.25 -0.2 19 20 262.4969808793318 0.001548749203550415
10 60 -0.25 -0.2 20 21 230.2520111223255 0.001370215185687584
10 60 -0.25 -0.2 21 22 202.752936971824 0.001215525644681748
10 60 -0.25 -0.2 22 23 179.1916895169647 0.001054670529271107
10 60 -0.25 -0.2 23 24 158.9157237556907 0.0009433465663448715
10 60 -0.25 -0.2 24 25 141.394204942947 0.000845656789607574
10 60 -0.25 -0.2 25 26 126.1931558519808 0.0007489229972890143
10 60 -0.25 -0.2 26 27 112.9560368666138 0.0006722589299243964
10 60 -0.25 -0.2 27 28 101.3882382931406 0.0006010988018942953
10 60 -0.25 -0.2 28 29 91.24512626543397 0.0005424283509540828
10 60 -0.25 -0.2 29 30 82.32267019758714 0.0004898729292222015
10 60 -0.25 -0.2 30 31 74.45006577816829 0.0004332016870733923
10 60 -0.25 -0.2 31 32 67.48372473931673 0.0003786704261727891
10 60 -0.25 -0.2 32 33 61.30225137885074 0.0003527817546640222
10 60 -0.25 -0.2 33 34 55.80255566377942 0.0003291839296295507
10 60 -0.25 -0.2 34 35 50.89697143655331 0.0003023895912690477
10 60 -0.25 -0.2 35 36 46.51069175706503 0.0002696028836055575
10 60 -0.25 -0.2 36 37 42.57966429586955 0.0002480891440654887
10 60 -0.25 -0.2 37 38 39.04878118554629 0.0002269295468977361
10 60 -0.25 -0.2 38 39 35.87053881947048 0.0002067404950167884
10 60 -0.25 -0.2 39 40 33.00386594891683 0.0001882109058826131
10 60 -0.25 -0.2 40 42 58.48054430481142 0.0003278661300996077
10 60 -0.25 -0.2 42 44 49.94550235148897 0.0002996154931835804
10 60 -0.25 -0.2 44 46 42.88719986748601 0.000225698221612447
10 60 -0.25 -0.2 46 48 37.01227899985515 0.0001981028478326152
10 60 -0.25 -0.2 48 50 32.09241583426708 0.000197251636478768
10 60 -0.25 -0.2 50 52 27.9486596172847 0.0001366255154380269
10 60 -0.25 -0.2 52 54 24.44038394210383 0.0001095708944234275
10 60 -0.25 -0.2 54 56 21.45546386154065 0.0001215107627565715
10 60 -0.25 -0.2 56 58 18.90368530498827 9.728971811995279e-05
10 60 -0.25 -0.2 58 60 16.71262723577665 6.929699681279544e-05
10 60 -0.25 -0.2 60 65 34.06150026524466 0.0001665697165975644
10 60 -0.25 -0.2 65 70 25.69361698053977 0.000103405296648873
10 60 -0.25 -0.2 70 80 35.02453815586921 0.0001276836336998599
10 60 -0.25 -0.2 80 90 21.70229347674177 7.562480659117909e-05
10 60 -0.25 -0.2 90 100 14.0623817865999 4.910586829431907e-05
10 60 -0.2 -0.15 0 0.5 -63283.69120341876 0.5673342444715672
10 60 -0.2 -0.15 0.5 1 830.3929967312323 0.004745317466017696
10 60 -0.2 -0.15 1 1.5 5148.2102783341 0.2515831937125768
10 60 -0.2 -0.15 1.5 2 4832.370147792159 0.1974876628682978
10 60 -0.2 -0.15 2 2.5 4123.162587094397 0.1487823785528235
10 60 -0.2 -0.15 2.5 3 3480.104176713346 0.1163151861774168
10 60 -0.2 -0.15 3 3.5 2952.406744368163 0.09382652664044144
10 60 -0.2 -0.15 3.5 4 2525.978865693305 0.07480434896160659
10 60 -0.2 -0.15 4 4.5 2179.755986585944 0.05922112403277424
10 60 -0.2 -0.15 4.5 5 1895.782910349819 0.04776350429710874
10 60 -0.2 -0.15 5 5.5 1660.253410560588 0.0394817342494207
10 60 -0.2 -0.15 5.5 6 1462.809065801944 0.03237663749837338
10 60 -0.2 -0.15 6 6.5 1295.682943484469 0.02623334274539957
10 60 -0.2 -0.15 6.5 7 1152.999195077107 0.02147406409949326
10 60 -0.2 -0.15 7 7.5 1030.258557212238 0.01767179557782583
10 60 -0.2 -0.15 7.5 8 923.9728158174878 0.01454133977836136
10 60 -0.2 -0.15 8 8.5 831.3984140346242 0.01207848313788418
10 60 -0.2 -0.15 8.5 9 750.3503715786626 0.01026627416638348
10 60 -0.2 -0.15 9 9.5 679.0696116500392 0.008839322147196071
10 60 -0.2 -0.15 9.5 10 616.1240492235795 0.007575855874961235
10 60 -0.2 -0.15 10 10.5 560.3339995791997 0.006469823915949746
10 60 -0.2 -0.15 10.5 11 510.7210180502464 0.005556818226011728
10 60 -0.2 -0.15 11 11.5 466.4672501864349 0.004810896479909843
10 60 -0.2 -0.15 11.5 12 426.8833601434395 0.01812351861616435
10 60 -0.2 -0.15 12 12.5 391.3844362064996 0.01370530825550986
10 60 -0.2 -0.15 12.5 13 359.4717301058121 0.01017781564689813
10 60 -0.2 -0.15 13 13.5 330.7178893824236 0.007394337751520652
10 60 -0.2 -0.15 13.5 14 304.7546057103586 0.005193438934895767
10 60 -0.2 -0.15 14 14.5 281.2633255135984 0.003455591576766892
10 60 -0.2 -0.15 14.5 15 259.9676175186214 0.002081973534131976
10 60 -0.2 -0.15 15 16 463.6577095174738 0.004621605672753049
10 60 -0.2 -0.15 16 17 399.3528088521783 0.005605599064381295
10 60 -0.2 -0.15 17 18 345.6984949119634 0.01144508315928761
10 60 -0.2 -0.15 18 19 300.6599429226029 0.01445262056182628
10 60 -0.2 -0.15 19 20 262.6405130569528 0.001571298791077425
10 60 -0.2 -0.15 20 21 230.3767301184817 0.001374364997872135
10 60 -0.2 -0.15 21 22 202.8617275282932 0.001189866910237924
10 60 -0.2 -0.15 22 23 179.2873731045605 0.001071319596036346
10 60 -0.2 -0.15 23 24 159.0000104205214 0.0009548411341313567
10 60 -0.2 -0.15 24 25 141.4684877895351 0.0008460862520962564
10 60 -0.2 -0.15 25 26 126.2588438450115 0.000747122325520877
10 60 -0.2 -0.15 26 27 113.0144229058258 0.0006553321611733054
10 60 -0.2 -0.15 27 28 101.440456618606 0.0006037393551139303
10 60 -0.2 -0.15 28 29 91.29196402468475 0.000563307923059142
10 60 -0.2 -0.15 29 30 82.36465030834354 0.0004960466762184979
10 60 -0.2 -0.15 30 31 74.4876935082183 0.0004220591803374418
10 60 -0.2 -0.15 31 32 67.51752094044245 0.0003812611261935217
10 60 -0.2 -0.15 32 33 61.33268685315908 0.0003563437508944389
10 60 -0.2 -0.15 33 34 55.83005972228288 0.0003331827211496829
10 60 -0.2 -0.15 34 35 50.92186825463771 0.0002976225192341531
10 60 -0.2 -0.15 35 36 46.53328932737114 0.0002730511486959131
10 60 -0.2 -0.15 36 37 42.60020105655605 0.0002465315201192197
10 60 -0.2 -0.15 37 38 39.0675020342281 0.0002254050331487178
10 60 -0.2 -0.15 38 39 35.88766296746873 0.0002017940950054253
10 60 -0.2 -0.15 39 40 33.01957915618765 0.0001906102649726904
10 60 -0.2 -0.15 40 42 58.50811196500656 0.000351897852027605
10 60 -0.2 -0.15 42 44 49.96857802164899 0.0002657074694454309
10 60 -0.2 -0.15 44 46 42.90704498058115 0.0002385108390328128
10 60 -0.2 -0.15 46 48 37.02928226245305 0.0002241904447615184
10 60 -0.2 -0.15 48 50 32.10686235491292 0.0001562357361279965
10 60 -0.2 -0.15 50 52 27.9613664103662 0.0001521622380984411
10 60 -0.2 -0.15 52 54 24.4514381935885 0.0001453340906998335
10 60 -0.2 -0.15 54 56 21.46476399093732 9.465533725716568e-05
10 60 -0.2 -0.15 56 58 18.91174132216414 8.573663921040975e-05
10 60 -0.2 -0.15 58 60 16.71974547217065 9.288769372872707e-05
10 60 -0.2 -0.15 60 65 34.07540050982819 0.0001513881762136293
10 60 -0.2 -0.15 65 70 25.7036904315273 0.00011565843922412
10 60 -0.2 -0.15 70 80 35.03708319433374 0.0001333700742591759
10 60 -0.2 -0.15 80 90 21.70854377860405 7.560477853374437e-05
10 60 -0.2 -0.15 90 100 14.0653943038086 4.909170262656914e-05
10 60 -0.15 -0.1 0 0.5 -63325.04770969801 0.6178234508770402
10 60 -0.15 -0.1 0.5 1 825.9936952658672 0.01755145543472736
10 60 -0.15 -0.1 1 1.5 5148.519662070687 0.08113300799141143
10 60 -0.15 -0.1 1.5 2 4833.470029342545 0.1952378064652294
10 60 -0.15 -0.1 2 2.5 4124.356036106798 0.1518264343612827
10 60 -0.15 -0.1 2.5 3 3481.224109690498 0.1173773323762362
10 60 -0.15 -0.1 3 3.5 2953.424411426618 0.09196341626238791
10 60 -0.15 -0.1 3.5 4 2526.885881915033 0.07411409238193301
10 60 -0.15 -0.1 4 4.5 2180.565540709854 0.05971113275745665
10 60 -0.15 -0.1 4.5 5 1896.502109802584 0.04771643233448231
10 60 -0.15 -0.1 5 5.5 1660.896132952567 0.0383822962692193
10 60 -0.15 -0.1 5.5 6 1463.383793276041 0.031653528427114
10 60 -0.15 -0.1 6 6.5 1296.198873131 0.02636793215629041
10 60 -0.15 -0.1 6.5 7 1153.462342731443 0.0217676415375081
10 60 -0.15 -0.1 7 7.5 1030.675713700456 0.01806233198340124
10 60 -0.15 -0.1 7.5 8 924.3496903989962 0.01506699025219405
10 60 -0.15 -0.1 8 8.5 831.7389460100281 0.0124953743493279
10 60 -0.15 -0.1 8.5 9 750.6588125913418 0.01033333304917505
10 60 -0.15 -0.1 9 9.5 679.3505327427245 0.008641018579851334
10 60 -0.15 -0.1 9.5 10 616.3797791738689 0.007373742238542036
10 60 -0.15 -0.1 10 10.5 560.5669152918617 0.006348794834707405
10 60 -0.15 -0.1 10.5 11 510.9339701850344 0.005468519920214021
10 60 -0.15 -0.1 11 11.5 466.6625691710385 0.004741342445186092
10 60 -0.15 -0.1 11.5 12 427.0624668275602 0.01815775765118133
10 60 -0.15 -0.1 12 12.5 391.5485254231885 0.01371394164050344
10 60 -0.15 -0.1 12.5 13 359.6222196902832 0.01018577682299338
10 60 -0.15 -0.1 13 13.5 330.8561017677234 0.007392631045604503
10 60 -0.15 -0.1 13.5 14 304.8818102361877 0.005193968254275205
10 60 -0.15 -0.1 14 14.5 281.3806300781222 0.003453246626690998
10 60 -0.15 -0.1 14.5 15 260.0760157139521 0.002086828803953722
10 60 -0.15 -0.1 15 16 463.8505565227817 0.004702148828016561
10 60 -0.15 -0.1 16 17 399.5173701023556 0.005641117408856644
10 60 -0.15 -0.1 17 18 345.8398110818666 0.01147035761721327
10 60 -0.15 -0.1 18 19 300.7821671629168 0.01444517988056759
10 60 -0.15 -0.1 19 20 262.7463338845566 0.001586446454439283
10 60 -0.15 -0.1 20 21 230.4685114415389 0.001362915845589896
10 60 -0.15 -0.1 21 22 202.9418639102404 0.001203823313119301
10 60 -0.15 -0.1 22 23 179.3573993131694 0.001069450399882044
10 60 -0.15 -0.1 23 24 159.0613722340695 0.0009599379420137666
10 60 -0.15 -0.1 24 25 141.5224825924811 0.0008368317156168814
10 60 -0.15 -0.1 25 26 126.3066624435478 0.0007354430844515036
10 60 -0.15 -0.1 26 27 113.0569497070344 0.0006800136999203232
10 60 -0.15 -0.1 27 28 101.4781574203733 0.0006152324332333592
10 60 -0.15 -0.1 28 29 91.32544436420993 0.0005281894448074809
10 60 -0.15 -0.1 29 30 82.39479310270768 0.0004812286059490134
10 60 -0.15 -0.1 30 31 74.51504137909627 0.0004554098959772546
10 60 -0.15 -0.1 31 32 67.54211926766347 0.0004078632116630843
10 60 -0.15 -0.1 32 33 61.35459751119262 0.0003476043435597376
10 60 -0.15 -0.1 33 34 55.84964657440107 0.0003141670508881589
10 60 -0.15 -0.1 34 35 50.93957672039852 0.0003018842415372092
10 60 -0.15 -0.1 35 36 46.54935585096488 0.0002724171546404364
10 60 -0.15 -0.1 36 37 42.61481622868747 0.0002415876989800836
10 60 -0.15 -0.1 37 38 39.08084653322792 0.0002236168106577452
10 60 -0.15 -0.1 38 39 35.89986295141519 0.0002194060137767906
10 60 -0.15 -0.1 39 40 33.03067257465789 0.0001997156951105694
10 60 -0.15 -0.1 40 42 58.52742297013579 0.0003156954286183122
10 60 -0.15 -0.1 42 44 49.98513628794059 0.000282430567452252
10 60 -0.15 -0.1 44 46 42.92112943509225 0.0002599459978753771
10 60 -0.15 -0.1 46 48 37.04115406937259 0.0001790041457496727
10 60 -0.15 -0.1 48 50 32.11731864665713 0.0001829472140286725
10 60 -0.15 -0.1 50 52 27.97043180371229 0.0001684684022080774
10 60 -0.15 -0.1 52 54 24.45921675624639 0.0001163902844503184
10 60 -0.15 -0.1 54 56 21.47163071089715 0.0001102889504771554
10 60 -0.15 -0.1 56 58 18.91766438715083 0.000101898169294401
10 60 -0.15 -0.1 58 60 16.72477935189459 7.399606534619352e-05
10 60 -0.15 -0.1 60 65 34.08556247637684 0.0001634715844787138
10 60 -0.15 -0.1 65 70 25.711047923324 0.0001081907003062099
10 60 -0.15 -0.1 70 80 35.04647448145987 0.0001389371200630762
10 60 -0.15 -0.1 80 90 21.71341448771837 7.558864367496199e-05
10 60 -0.15 -0.1 90 100 14.0677330385627 4.908072267895136e-05
10 60 -0.1 -0.05 0 0.5 -63352.80643610287 0.7431331833577133
10 60 -0.1 -0.05 0.5 1 823.0477528429752 0.02128936405040349
10 60 -0.1 -0.05 1 1.5 5148.723240169269 0.07927368869150087
10 60 -0.1 -0.05 1.5 2 4834.213226546957 0.1960712459449496
10 60 -0.1 -0.05 2 2.5 4125.16945596493 0.1499317160150895
10 60 -0.1 -0.05 2.5 3 3481.983904717295 0.1177757839727747
10 60 -0.1 -0.05 3 3.5 2954.110894625121 0.09283911655529664
10 60 -0.1 -0.05 3.5 4 2527.496813765954 0.07405958151503
10 60 -0.1 -0.05 4 4.5 2181.107989366027 0.0600041395568951
10 60 -0.1 -0.05 4.5 5 1896.984088016133 0.0487112196385624
10 60 -0.1 -0.05 5 5.5 1661.324584776382 0.03924987486198006
10 60 -0.1 -0.05 5.5 6 1463.766975193926 0.03153768430138371
10 60 -0.1 -0.05 6 6.5 1296.541894938055 0.0257015718218554
10 60 -0.1 -0.05 6.5 7 1153.77016970106 0.0212477161167044
10 60 -0.1 -0.05 7 7.5 1030.953309965707 0.01757495684046262
10 60 -0.1 -0.05 7.5 8 924.5997220879403 0.01467492777146617
10 60 -0.1 -0.05 8 8.5 831.964344434949 0.01244449525518121
10 60 -0.1 -0.05 8.5 9 750.863528784959 0.01058075860430563
10 60 -0.1 -0.05 9 9.5 679.5365479193024 0.008934548170259404
10 60 -0.1 -0.05 9.5 10 616.5485731173305 0.007523891949176686
10 60 -0.1 -0.05 10 10.5 560.720904752848 0.0064061529232049
10 60 -0.1 -0.05 10.5 11 511.0750491493036 0.0055185154026276
10 60 -0.1 -0.05 11 11.5 466.7916522037177 0.004748550110832639
10 60 -0.1 -0.05 11.5 12 427.1805793896185 0.01814361612599669
10 60 -0.1 -0.05 12 12.5 391.6570653532196 0.01372023524515953
10 60 -0.1 -0.05 12.5 13 359.722070433287 0.01021004732666597
10 60 -0.1 -0.05 13 13.5 330.9476666879938 0.007407631740704801
10 60 -0.1 -0.05 13.5 14 304.9656443375607 0.005183456873396608
10 60 -0.1 -0.05 14 14.5 281.4576829474203 0.003444973465775547
10 60 -0.1 -0.05 14.5 15 260.1471334017941 0.002085380438586526
10 60 -0.1 -0.05 15 16 463.9770093610966 0.00476048013382524
10 60 -0.1 -0.05 16 17 399.6250741117234 0.005635681268415738
10 60 -0.1 -0.05 17 18 345.9318291761782 0.01148119584246388
10 60 -0.1 -0.05 18 19 300.861039339658 0.01444300350624417
10 60 -0.1 -0.05 19 20 262.8141765628235 0.001566854411294116
10 60 -0.1 -0.05 20 21 230.5275291434323 0.001376626883484278
10 60 -0.1 -0.05 21 22 202.9931098601878 0.001220513307032434
10 60 -0.1 -0.05 22 23 179.401699207003 0.001077627621697275
10 60 -0.1 -0.05 23 24 159.0998114689708 0.0009245280372738307
10 60 -0.1 -0.05 24 25 141.5563926022379 0.0008341629201993328
10 60 -0.1 -0.05 25 26 126.3366733089393 0.0007716805345125977
10 60 -0.1 -0.05 26 27 113.0832294661994 0.0006775725577057301
10 60 -0.1 -0.05 27 28 101.5012649863793 0.0005804195959626668
10 60 -0.1 -0.05 28 29 91.34609570348694 0.0005363901663031356
10 60 -0.1 -0.05 29 30 82.41329097112948 0.0004979656377628316
10 60 -0.1 -0.05 30 31 74.53158511192045 0.000445355696129468
10 60 -0.1 -0.05 31 32 67.5570337116106 0.0004049200273072984
10 60 -0.1 -0.05 32 33 61.36805205890607 0.0003718612549690192
10 60 -0.1 -0.05 33 34 55.8616018504594 0.0003217507102846184
10 60 -0.1 -0.05 34 35 50.9501540560756 0.0002770985580369256
10 60 -0.1 -0.05 35 36 46.55891248921204 0.0002597306853360237
10 60 -0.1 -0.05 36 37 42.62355882291623 0.000264117567049027
10 60 -0.1 -0.05 37 38 39.08873790752965 0.0002409366793543199
10 60 -0.1 -0.05 38 39 35.90691482217773 0.0002032887036733655
10 60 -0.1 -0.05 39 40 33.03707716925004 0.0001693186081723752
10 60 -0.1 -0.05 40 42 58.53899787691044 0.0003371362060065053
10 60 -0.1 -0.05 42 44 49.9948935760258 0.0003020954858214964
10 60 -0.1 -0.05 44 46 42.92923553925901 0.000208172162381004
10 60 -0.1 -0.05 46 48 37.04841898764803 0.0002234962017197972
10 60 -0.1 -0.05 48 50 32.12347020243086 0.0001832479548582455
10 60 -0.1 -0.05 50 52 27.97565723883944 0.0001320937173012737
10 60 -0.1 -0.05 52 54 24.46399629332341 0.0001422288212467038
10 60 -0.1 -0.05 54 56 21.47585067890227 0.0001208858176404703
10 60 -0.1 -0.05 56 58 18.92128066888291 8.436582767501477e-05
10 60 -0.1 -0.05 58 60 16.72794576203329 7.925028429411896e-05
10 60 -0.1 -0.05 60 65 34.09186357068519 0.0001596460667769861
10 60 -0.1 -0.05 65 70 25.71573953763099 0.0001179277369445231
10 60 -0.1 -0.05 70 80 35.05259659603388 0.0001349532686703014
10 60 -0.1 -0.05 80 90 21.71684018408396 7.557587496265228e-05
10 60 -0.1 -0.05 90 100 14.0694003400051 4.907075125437643e-05
10 60 -0.05 0 0 0.5 -63366.99838078937 0.895561487377563
10 60 -0.05 0 0.5 1 821.5654603121935 0.01337395900327465
10 60 -0.05 0 1 1.5 5148.829041393536 0.2476835805073279
10 60 -0.05 0 1.5 2 4834.595701783574 0.205579378173752
10 60 -0.05 0 2 2.5 4125.594108508833 0.1495802854897192
10 60 -0.05 0 2.5 3 3482.381808077615 0.1170942763169478
10 60 -0.05 0 3 3.5 2954.465616213407 0.09357240944200385
10 60 -0.05 0 3.5 4 2527.811306111934 0.0742809857215434
10 60 -0.05 0 4 4.5 2181.383168100866 0.05970059303353992
10 60 -0.05 0 4.5 5 1897.227988003227 0.0486176670194709
10 60 -0.05 0 5 5.5 1661.539791999793 0.03982106560397369
10 60 -0.05 0 5.5 6 1463.958319039278 0.03241971358056617
10 60 -0.05 0 6 6.5 1296.712033172347 0.0262813831159292
10 60 -0.05 0 6.5 7 1153.922925036468 0.0214774448766093
10 60 -0.05 0 7 7.5 1031.090605909355 0.01779339489326048
10 60 -0.05 0 7.5 8 924.7226964630194 0.01468579456172847
10 60 -0.05 0 8 8.5 832.0754590951344 0.01213561984116041
10 60 -0.05 0 8.5 9 750.9641635883279 0.01022513293139582
10 60 -0.05 0 9 9.5 679.6270516334831 0.008749077788820614
10 60 -0.05 0 9.5 10 616.6307796239628 0.007518243869640173
10 60 -0.05 0 10 10.5 560.7961873924818 0.006427928643233827
10 60 -0.05 0 10.5 11 511.1437147296891 0.005507120135746391
10 60 -0.05 0 11 11.5 466.8542045261748 0.004782270174587211
10 60 -0.05 0 11.5 12 427.2380029924973 0.01814593746951232
10 60 -0.05 0 12 12.5 391.7098770613379 0.01373643191209339
10 60 -0.05 0 12.5 13 359.7704572592776 0.0102107945670582
10 60 -0.05 0 13 13.5 330.9920483850649 0.00740715164198491
10 60 -0.05 0 13.5 14 305.0063920167232 0.005200978435766501
10 60 -0.05 0 14 14.5 281.4948912402883 0.003450795156425102
10 60 -0.05 0 14.5 15 260.1809984775253 0.002088090308859591
10 60 -0.05 0 15 16 464.0362700317083 0.004673355954764702
10 60 -0.05 0 16 17 399.6757241111951 0.005605127426065337
10 60 -0.05 0 17 18 345.974567156529 0.01142189201277688
10 60 -0.05 0 18 19 300.8964308466847 0.01450743809584765
10 60 -0.05 0 19 20 262.8443855518543 0.001564256589801971
10 60 -0.05 0 20 21 230.5534814929701 0.001399522968171141
10 60 -0.05 0 21 22 203.0150576650298 0.001229154813728428
10 60 -0.05 0 22 23 179.4202714329863 0.001044823848843635
10 60 -0.05 0 23 24 159.1159119783172 0.000939495394362666
10 60 -0.05 0 24 25 141.5701994111002 0.0008570849550437742
10 60 -0.05 0 25 26 126.348328101196 0.0007472549336284828
10 60 -0.05 0 26 27 113.0933345010342 0.0006549248924585527
10 60 -0.05 0 27 28 101.5102368783153 0.0006080566503641194
10 60 -0.05 0 28 29 91.35387631724728 0.0005479573475355437
10 60 -0.05 0 29 30 82.41995061866469 0.0004805168428561046
10 60 -0.05 0 30 31 74.537401289333 0.0004424552890185396
10 60 -0.05 0 31 32 67.56219824916606 0.0004074188251621536
10 60 -0.05 0 32 33 61.37269574485671 0.0003632530068671258
10 60 -0.05 0 33 34 55.86584782260272 0.0003215706720993694
10 60 -0.05 0 34 35 50.95396010444767 0.000305105679288431
10 60 -0.05 0 35 36 46.56209528558448 0.000279255960705882
10 60 -0.05 0 36 37 42.62612965399649 0.0002363077536813307
10 60 -0.05 0 37 38 39.09099336643729 0.0002039324046876345
10 60 -0.05 0 38 39 35.90909851497128 0.0001976064172239944
10 60 -0.05 0 39 40 33.0391987966969 0.0002028426653382098
10 60 -0.05 0 40 42 58.54247801905402 0.0003509036633317919
10 60 -0.05 0 42 44 49.99766712199354 0.0002501129787759737
10 60 -0.05 0 44 46 42.93197163289157 0.0002670563526763203
10 60 -0.05 0 46 48 37.05053440592692 0.0001991222695778561
10 60 -0.05 0 48 50 32.12531211430731 0.0001614543430576987
10 60 -0.05 0 50 52 27.97747497120596 0.0001680068130518464
10 60 -0.05 0 52 54 24.46550379621837 0.0001242874602560562
10 60 -0.05 0 54 56 21.47725504049281 0.0001058735613810313
10 60 -0.05 0 56 58 18.92272732415483 0.0001071176195672763
10 60 -0.05 0 58 60 16.72922528092206 8.182549352042656e-05
10 60 -0.05 0 60 65 34.09432875916197 0.0001552593124003465
10 60 -0.05 0 65 70 25.71765477650164 0.000110889580358986
10 60 -0.05 0 70 80 35.05545518202841 0.0001409296260632686
10 60 -0.05 0 80 90 21.71870876144217 7.556326134761093e-05
10 60 -0.05 0 90 100 14.07036975179384 4.906355503564441e-05
10 60 0 0.05 0 0.5 -63367.65050052359 1.061846673459513
10 60 0 0.05 0.5 1 821.5421711815999 0.005054447450788757
10 60 0 0.05 1 1.5 5148.844457602768 0.2501635866174183
10 60 0 0.05 1.5 2 4834.619578800245 0.1960759169305675
10 60 0 0.05 2 2.5 4125.626225941216 0.1551089343238345
10 60 0 0.05 2.5 3 3482.412493118667 0.1160153760438334
10 60 0 0.05 3 3.5 2954.486021263522 0.0917592374803462
10 60 0 0.05 3.5 4 2527.828757892803 0.07389016212482602
10 60 0 0.05 4 4.5 2181.391585397168 0.05885812290671311
10 60 0 0.05 4.5 5 1897.233119789499 0.04733379915364821
10 60 0 0.05 5 5.5 1661.54184360676 0.03862620364793656
10 60 0 0.05 5.5 6 1463.957739060754 0.03194425286437763
10 60 0 0.05 6 6.5 1296.710263706545 0.02642103097605286
10 60 0 0.05 6.5 7 1153.920337870645 0.02170275600360583
10 60 0 0.05 7 7.5 1031.087185975016 0.01790412313221168
10 60 0 0.05 7.5 8 924.7191693989573 0.01499645577257525
10 60 0 0.05 8 8.5 832.0722167117937 0.01256902396858095
10 60 0 0.05 8.5 9 750.9600978925067 0.01044562873391897
10 60 0 0.05 9 9.5 679.6227262273761 0.008716922056237308
10 60 0 0.05 9.5 10 616.6268836292076 0.007383601504670878
10 60 0 0.05 10 10.5 560.7921996094744 0.006364299903225401
10 60 0 0.05 10.5 11 511.1396063134292 0.005505333489338682
10 60 0 0.05 11 11.5 466.8505586295486 0.004743010516847335
10 60 0 0.05 11.5 12 427.2347685053788 0.01817585761273222
10 60 0 0.05 12 12.5 391.7065398812952 0.0137258299545806
10 60 0 0.05 12.5 13 359.7671741304729 0.01019933968581199
10 60 0 0.05 13 13.5 330.989026232542 0.007408057905252008
10 60 0 0.05 13.5 14 305.0035875945485 0.005212446057100806
10 60 0 0.05 14 14.5 281.491981555971 0.003470757458899243
10 60 0 0.05 14.5 15 260.1776518952554 0.002078647571408965
10 60 0 0.05 15 16 464.0289902701514 0.004599633695079319
10 60 0 0.05 16 17 399.6687822813888 0.005523427031846495
10 60 0 0.05 17 18 345.9673321125359 0.01144724761246607
10 60 0 0.05 18 19 300.889106982615 0.01450892346701949
10 60 0 0.05 19 20 262.8370139825455 0.001575242196622639
10 60 0 0.05 20 21 230.5458865422938 0.001395286937281526
10 60 0 0.05 21 22 203.0076602638234 0.001190529921842653
10 60 0 0.05 22 23 179.4135778760439 0.001074084044120127
10 60 0 0.05 23 24 159.1094237927606 0.0009675974639833385
10 60 0 0.05 24 25 141.5635921481654 0.0008233660574035184
10 60 0 0.05 25 26 126.3420324609052 0.0007304661525040501
10 60 0 0.05 26 27 113.0875561471554 0.0006843564535614632
10 60 0 0.05 27 28 101.5047145447646 0.0006041850573268448
10 60 0 0.05 28 29 91.3485963517966 0.0005378755238325539
10 60 0 0.05 29 30 82.41495267407117 0.0004945260441218124
10 60 0 0.05 30 31 74.53260339225513 0.0004386937960703108
10 60 0 0.05 31 32 67.55767155432578 0.0003784399816311179
10 60 0 0.05 32 33 61.36864075141043 0.000362361550969581
10 60 0 0.05 33 34 55.86221755701911 0.0003575674845208709
10 60 0 0.05 34 35 50.95050666418466 0.0003120077501748142
10 60 0 0.05 35 36 46.55874837194544 0.0002457945843659104
10 60 0 0.05 36 37 42.62301702160644 0.0002214111009593012
10 60 0 0.05 37 38 39.08815188553411 0.0002267278131569128
10 60 0 0.05 38 39 35.90642294684357 0.0002295170854509365
10 60 0 0.05 39 40 33.03656797022708 0.0001867007198370629
10 60 0 0.05 40 42 58.53780124848922 0.0002972896394766167
10 60 0 0.05 42 44 49.9940549698379 0.0003130144279239744
10 60 0 0.05 44 46 42.9286168138048 0.0002258083077251172
10 60 0 0.05 46 48 37.04778925498886 0.0001971567877205871
10 60 0 0.05 48 50 32.12311506984711 0.0001911156865190833
10 60 0 0.05 50 52 27.97549394308954 0.0001377631417653902
10 60 0 0.05 52 54 24.46394209986692 0.0001274317181554352
10 60 0 0.05 54 56 21.47603858494071 0.000118354030661294
10 60 0 0.05 56 58 18.92173057472642 9.267254304390349e-05
10 60 0 0.05 58 60 16.72851505186738 8.573272501877227e-05
10 60 0 0.05 60 65 34.09304368685967 0.0001576974994819125
10 60 0 0.05 65 70 25.7168598282583 0.0001159186673937995
10 60 0 0.05 70 80 35.05497445073478 0.0001397927497492901
10 60 0 0.05 80 90 21.71894263563528 7.555557361627052e-05
10 60 0 0.05 90 100 14.07065851988934 4.906944544380565e-05
10 60 0.05 0.1 0 0.5 -63354.83725013074 1.195883477208554
10 60 0.05 0.1 0.5 1 822.964620692319 0.01981712654992407
10 60 0.05 0.1 1 1.5 5148.778013662189 0.07820842398541572
10 60 0.05 0.1 1.5 2 4834.295400006993 0.187493630807694
10 60 0.05 0.1 2 2.5 4125.263841418969 0.1511454278615929
10 60 0.05 0.1 2.5 3 3482.072774531288 0.1208102804503142
10 60 0.05 0.1 3 3.5 2954.171293555512 0.09211624409454089
10 60 0.05 0.1 3.5 4 2527.545756431144 0.07372238211519289
10 60 0.05 0.1 4 4.5 2181.133840307501 0.06020355452074
10 60 0.05 0.1 4.5 5 1897.000103515201 0.04849845259946051
10 60 0.05 0.1 5 5.5 1661.329913382893 0.03888903405049859
10 60 0.05 0.1 5.5 6 1463.766112737712 0.03145923707643306
10 60 0.05 0.1 6 6.5 1296.536585998947 0.02582379303476046
10 60 0.05 0.1 6.5 7 1153.762453701892 0.02142267663566599
10 60 0.05 0.1 7 7.5 1030.943776754516 0.01769704304524566
10 60 0.05 0.1 7.5 8 924.589413400189 0.01460086866882193
10 60 0.05 0.1 8 8.5 831.953695457118 0.01227676996734317
10 60 0.05 0.1 8.5 9 750.8517800186103 0.01047734580322413
10 60 0.05 0.1 9 9.5 679.5242820493352 0.00892921733179719
10 60 0.05 0.1 9.5 10 616.5364019554103 0.007568157288119437
10 60 0.05 0.1 10 10.5 560.7088512346943 0.006404665155059774
10 60 0.05 0.1 10.5 11 511.0633908309645 0.005493612174461759
10 60 0.05 0.1 11 11.5 466.7807324062418 0.004767505470567812
10 60 0.05 0.1 11.5 12 427.1701395213787 0.01814199456492815
10 60 0.05 0.1 12 12.5 391.6470174969721 0.01371591204889455
10 60 0.05 0.1 12.5 13 359.7124907862243 0.01020020931366616
10 60 0.05 0.1 13 13.5 330.9386285378806 0.007427530594156906
10 60 0.05 0.1 13.5 14 304.9566892428078 0.005213726450904232
10 60 0.05 0.1 14 14.5 281.4482395236464 0.003450432652073232
10 60 0.05 0.1 14.5 15 260.1371085626177 0.002083355592560565
10 60 0.05 0.1 15 16 463.9560119584697 0.004716467862294849
10 60 0.05 0.1 16 17 399.6036592577951 0.005644797322418071
10 60 0.05 0.1 17 18 345.9101395087977 0.01147103561027052
10 60 0.05 0.1 18 19 300.8390865075663 0.01442992812872035
10 60 0.05 0.1 19 20 262.791832508398 0.001578352403157623
10 60 0.05 0.1 20 21 230.5050089483593 0.001328657853719051
10 60 0.05 0.1 21 22 202.9714667552841 0.001219500680633701
10 60 0.05 0.1 22 23 179.3811203974474 0.001098581397940279
10 60 0.05 0.1 23 24 159.0799215040733 0.0009257044339960885
10 60 0.05 0.1 24 25 141.5370833305867 0.0008328455210175889
10 60 0.05 0.1 25 26 126.3180597569132 0.0007633421441965993
10 60 0.05 0.1 26 27 113.0655416346166 0.0006541919886871028
10 60 0.05 0.1 27 28 101.4846701035324 0.0006053877831391219
10 60 0.05 0.1 28 29 91.33032423647053 0.0005524409062047653
10 60 0.05 0.1 29 30 82.39818838468231 0.0004754523726973048
10 60 0.05 0.1 30 31 74.51734976761516 0.0004187312141965549
10 60 0.05 0.1 31 32 67.54384351132735 0.0004166989754565975
10 60 0.05 0.1 32 33 61.35582232540285 0.0003772082287767375
10 60 0.05 0.1 33 34 55.85027719028396 0.0003059982280859685
10 60 0.05 0.1 34 35 50.93973550174984 0.0002711499222698421
10 60 0.05 0.1 35 36 46.54924920888376 0.0002877576263813353
10 60 0.05 0.1 36 37 42.61437314096713 0.000279691301109608
10 60 0.05 0.1 37 38 39.07992496660817 0.0002197442295042151
10 60 0.05 0.1 38 39 35.89860354109903 0.0001631184865615865
10 60 0.05 0.1 39 40 33.02945500671918 0.0001699044757259571
10 60 0.05 0.1 40 42 58.52556653369412 0.0003714454626404518
10 60 0.05 0.1 42 44 49.98331402303569 0.000258506020834659
10 60 0.05 0.1 44 46 42.91964044582821 0.0002368635435487931
10 60 0.05 0.1 46 48 37.04024519576897 0.000219070580612879
10 60 0.05 0.1 48 50 32.11655727776168 0.0001573269396359933
10 60 0.05 0.1 50 52 27.97004109225458 0.0001520126551852741
10 60 0.05 0.1 52 54 24.45932610083941 0.0001317273649590334
10 60 0.05 0.1 54 56 21.47208392228377 0.0001049667808814547
10 60 0.05 0.1 56 58 18.91842599742331 9.720640680299653e-05
10 60 0.05 0.1 58 60 16.72575064788204 8.877361306147691e-05
10 60 0.05 0.1 60 65 34.08796056926622 0.000161647331317738
10 60 0.05 0.1 65 70 25.7133318953736 0.0001073810511407203
10 60 0.05 0.1 70 80 35.05115688517323 0.0001400687928807542
10 60 0.05 0.1 80 90 21.71749918622033 7.555690079641408e-05
10 60 0.05 0.1 90 100 14.07028420405663 4.907838822987287e-05
10 60 0.1 0.15 0 0.5 -63328.65132790293 1.252878947329009
10 60 0.1 0.15 0.5 1 825.8178164962112 0.01923363725791205
10 60 0.1 0.15 1 1.5 5148.62303567546 0.07438280308724643
10 60 0.1 0.15 1.5 2 4833.628339003058 0.2002949343896034
10 60 0.1 0.15 2 2.5 4124.515152373585 0.1459894735253329
10 60 0.1 0.15 2.5 3 3481.36183274812 0.1178591918173879
10 60 0.1 0.15 3 3.5 2953.522869693713 0.09614838708057505
10 60 0.1 0.15 3.5 4 2526.959854294132 0.07465448064704105
10 60 0.1 0.15 4 4.5 2180.609744179742 0.05954017748899787
10 60 0.1 0.15 4.5 5 1896.528298671909 0.04878318401915749
10 60 0.1 0.15 5 5.5 1660.904768626098 0.03985177077061053
10 60 0.1 0.15 5.5 6 1463.38398283583 0.03225512853555301
10 60 0.1 0.15 6 6.5 1296.190781520676 0.02609943079096411
10 60 0.1 0.15 6.5 7 1153.449814646763 0.02136597978937971
10 60 0.1 0.15 7 7.5 1030.661358827915 0.01779243669375319
10 60 0.1 0.15 7.5 8 924.3327646689421 0.01485538998042557
10 60 0.1 0.15 8 8.5 831.7202504452601 0.01230723515459431
10 60 0.1 0.15 8.5 9 750.6401087000455 0.01024702725339921
10 60 0.1 0.15 9 9.5 679.3308974135699 0.008680136748921541
10 60 0.1 0.15 9.5 10 616.3592172518306 0.007450418362850542
10 60 0.1 0.15 10 10.5 560.5470366630306 0.006433636428710088
10 60 0.1 0.15 10.5 11 510.9152230479044 0.005531507767273069
10 60 0.1 0.15 11 11.5 466.6440488159429 0.004760667635139271
10 60 0.1 0.15 11.5 12 427.044448401265 0.01812700959499125
10 60 0.1 0.15 12 12.5 391.5316301515705 0.01371200753504809
10 60 0.1 0.15 12.5 13 359.6063117878068 0.01022697517493043
10 60 0.1 0.15 13 13.5 330.8402640048125 0.007415554551926107
10 60 0.1 0.15 13.5 14 304.8655504084001 0.005187849432559233
10 60 0.1 0.15 14 14.5 281.3641056862045 0.003445908901539951
10 60 0.1 0.15 14.5 15 260.0593950848973 0.002096653135481574
10 60 0.1 0.15 15 16 463.8162906000093 0.004794768502222269
10 60 0.1 0.15 16 17 399.4812798660042 0.005714028111526659
10 60 0.1 0.15 17 18 345.8033855597862 0.01145066964920716
10 60 0.1 0.15 18 19 300.7452973851202 0.01441629260438049
10 60 0.1 0.15 19 20 262.7089389057515 0.001532033738101291
10 60 0.1 0.15 20 21 230.4318866478692 0.00137678391291729
10 60 0.1 0.15 21 22 202.9061131221888 0.001215554474640612
10 60 0.1 0.15 22 23 179.3225496988792 0.001038848699437267
10 60 0.1 0.15 23 24 159.0279505231685 0.0009598442037486166
10 60 0.1 0.15 24 25 141.4905496706052 0.0008549626190585968
10 60 0.1 0.15 25 26 126.2760127949487 0.0007300694660443696
10 60 0.1 0.15 26 27 113.0275887876578 0.0006829390338936037
10 60 0.1 0.15 27 28 101.450136103591 0.0005974809291018346
10 60 0.1 0.15 28 29 91.29896312343077 0.0005102822595972611
10 60 0.1 0.15 29 30 82.36997356710968 0.0004859765061837606
10 60 0.1 0.15 30 31 74.4917576192898 0.0004734569246664933
10 60 0.1 0.15 31 32 67.52022697553718 0.000388727177849546
10 60 0.1 0.15 32 33 61.33420088671869 0.0003143197269750431
10 60 0.1 0.15 33 34 55.8308203157704 0.000319606543492057
10 60 0.1 0.15 34 35 50.92211440248594 0.0003294906208068937
10 60 0.1 0.15 35 36 46.53298182589195 0.000278342299388612
10 60 0.1 0.15 36 37 42.59941949123234 0.0002178439320843495
10 60 0.1 0.15 37 38 39.06644776445761 0.0002131108409031413
10 60 0.1 0.15 38 39 35.88642895528651 0.0002237046145552313
10 60 0.1 0.15 39 40 33.01812310908611 0.0002016005424394507
10 60 0.1 0.15 40 42 58.50492294117036 0.0002908848784386464
10 60 0.1 0.15 42 44 49.9660706915291 0.0002858470766895493
10 60 0.1 0.15 44 46 42.90499691362518 0.0002455773151055496
10 60 0.1 0.15 46 48 37.02765063731537 0.0001833995136024669
10 60 0.1 0.15 48 50 32.10601943508366 0.0001830929108166401
10 60 0.1 0.15 50 52 27.96101047693121 0.0001445052700823624
10 60 0.1 0.15 52 54 24.45159631116816 0.0001219733604074236
10 60 0.1 0.15 54 56 21.46553608004941 0.0001163459084523311
10 60 0.1 0.15 56 58 18.91279530997449 9.371103537603176e-05
10 60 0.1 0.15 58 60 16.72092077423482 7.695303583687974e-05
10 60 0.1 0.15 60 65 34.07897729788278 0.0001689099505597369
10 60 0.1 0.15 65 70 25.70718463875112 0.0001084567700608829
10 60 0.1 0.15 70 80 35.04401696203377 0.0001371272815049451
10 60 0.1 0.15 80 90 21.71439244670198 7.557547906245077e-05
10 60 0.1 0.15 90 100 14.06921527871595 4.908305235673538e-05
10 60 0.15 0.2 0 0.5 -63289.14960784648 1.216304914232751
10 60 0.15 0.2 0.5 1 830.0876290585146 0.01862601746154269
10 60 0.15 0.2 1 1.5 5148.378018023463 0.2549383929335818
10 60 0.15 0.2 1.5 2 4832.614913239448 0.2031907625496387
10 60 0.15 0.2 2 2.5 4123.385906256446 0.151330718636018
10 60 0.15 0.2 2.5 3 3480.281729351609 0.1135230129702904
10 60 0.15 0.2 3 3.5 2952.540505396785 0.09145235167488863
10 60 0.15 0.2 3.5 4 2526.073065569418 0.07504949601661792
10 60 0.15 0.2 4 4.5 2179.818499136193 0.05937857088065357
10 60 0.15 0.2 4.5 5 1895.817572477673 0.04733402808142273
10 60 0.15 0.2 5 5.5 1660.267939973455 0.03872242506145085
10 60 0.15 0.2 5.5 6 1462.810519575061 0.03200706306415668
10 60 0.15 0.2 6 6.5 1295.673496943002 0.02645680678597273
10 60 0.15 0.2 6.5 7 1152.983672973847 0.02167804317855371
10 60 0.15 0.2 7 7.5 1030.239127877244 0.0177775477322939
10 60 0.15 0.2 7.5 8 923.9495993322981 0.01480964320057865
10 60 0.15 0.2 8 8.5 831.3732446489045 0.0124750065194803
10 60 0.15 0.2 8.5 9 750.3241987823213 0.01050299529777021
10 60 0.15 0.2 9 9.5 679.0423494731352 0.008807776620642471
10 60 0.15 0.2 9.5 10 616.0963624617532 0.007431374051407147
10 60 0.15 0.2 10 10.5 560.3068265545419 0.006340081449707213
10 60 0.15 0.2 10.5 11 510.6941574755387 0.005480298680595297
10 60 0.15 0.2 11 11.5 466.4410959532314 0.004765830057067433
10 60 0.15 0.2 11.5 12 426.8583611274901 0.01812805408451368
10 60 0.15 0.2 12 12.5 391.3604172703884 0.01374439436074226
10 60 0.15 0.2 12.5 13 359.4479231455528 0.01019053320135299
10 60 0.15 0.2 13 13.5 330.6939943008595 0.007383936922281009
10 60 0.15 0.2 13.5 14 304.7308596791817 0.005191947257458196
10 60 0.15 0.2 14 14.5 281.2397891161784 0.003471518406058749
10 60 0.15 0.2 14.5 15 259.9439770368108 0.002103094315373255
10 60 0.15 0.2 15 16 463.6090435480673 0.004632942886075853
10 60 0.15 0.2 16 17 399.3025323410467 0.005582788720346343
10 60 0.15 0.2 17 18 345.6468593895805 0.01144609494684801
10 60 0.15 0.2 18 19 300.6076484385844 0.01452121791453465
10 60 0.15 0.2 19 20 262.5889201445312 0.001595626508333226
10 60 0.15 0.2 20 21 230.325873518719 0.001382462490511216
10 60 0.15 0.2 21 22 202.8117174785498 0.001169036993474037
10 60 0.15 0.2 22 23 179.2387417697693 0.001071229337753721
10 60 0.15 0.2 23 24 158.9531157343712 0.0009420167792200118
10 60 0.15 0.2 24 25 141.4236706112307 0.0008363595515277211
10 60 0.15 0.2 25 26 126.2161221770297 0.0007764911351415549
10 60 0.15 0.2 26 27 112.9734617475145 0.0006522643499522474
10 60 0.15 0.2 27 28 101.401347680842 0.0005618253764509973
10 60 0.15 0.2 28 29 91.25507995564533 0.0005605761264604325
10 60 0.15 0.2 29 30 82.33002069783944 0.0005047511584308495
10 60 0.15 0.2 30 31 74.45523809484226 0.0003962009598836858
10 60 0.15 0.2 31 32 67.48730209340282 0.000366923933711405
10 60 0.15 0.2 32 33 61.30456651289244 0.0003863899364375811
10 60 0.15 0.2 33 34 55.80365102201478 0.0003454183579592041
10 60 0.15 0.2 34 35 50.89701730343346 0.0002582280265457371
10 60 0.15 0.2 35 36 46.51015049061358 0.0002391596285846731
10 60 0.15 0.2 36 37 42.57885133646043 0.0002618158307612362
10 60 0.15 0.2 37 38 39.04771348126958 0.0002544287278283264
10 60 0.15 0.2 38 39 35.86913945633786 0.0002052807442609605
10 60 0.15 0.2 39 40 33.00219171089353 0.0001649265662777566
10 60 0.15 0.2 40 42 58.47691842328226 0.0003219716264553085
10 60 0.15 0.2 42 44 49.94208726246633 0.0002749005181428288
10 60 0.15 0.2 44 46 42.88458201663365 0.0002185685921105573
10 60 0.15 0.2 46 48 37.01045031568257 0.000212148229785214
10 60 0.15 0.2 48 50 32.09125089187856 0.0001604325697499576
10 60 0.15 0.2 50 52 27.94845614763403 0.0001472407118718877
10 60 0.15 0.2 52 54 24.44088344032238 0.0001328464047105626
10 60 0.15 0.2 54 56 21.45628772880109 0.0001015251632914271
10 60 0.15 0.2 56 58 18.90489429744103 9.315119530484139e-05
10 60 0.15 0.2 58 60 16.71417217989593 8.477613712898346e-05
10 60 0.15 0.2 60 65 34.06598800301842 0.0001599867241708353
10 60 0.15 0.2 65 70 25.69842463625086 0.0001126126088770718
10 60 0.15 0.2 70 80 35.03361166205042 0.0001288704974697907
10 60 0.15 0.2 80 90 21.70967294273689 7.559693461445249e-05
10 60 0.15 0.2 90 100 14.06739768368242 4.909011726184076e-05
10 60 0.2 0.25 0 0.5 -63236.36200136044 1.106969055850641
10 60 0.2 0.25 0.5 1 835.7669469924434 0.02258807269743102
10 60 0.2 0.25 1 1.5 5148.040056214939 0.07549905797532119
10 60 0.2 0.25 1.5 2 4831.256455011735 0.1930202304629347
10 60 0.2 0.25 2 2.5 4121.877498332531 0.1535784176330708
10 60 0.2 0.25 2.5 3 3478.836452124261 0.1178473890668101
10 60 0.2 0.25 3 3.5 2951.224719517621 0.09006769032430384
10 60 0.2 0.25 3.5 4 2524.887460348561 0.07289446218646844
10 60 0.2 0.25 4 4.5 2178.759437003394 0.06020549887034576
10 60 0.2 0.25 4.5 5 1894.868401669634 0.04851417202144148
10 60 0.2 0.25 5 5.5 1659.419592571754 0.03883549866759495
10 60 0.2 0.25 5.5 6 1462.046122592128 0.03154874947381359
10 60 0.2 0.25 6 6.5 1294.98610769001 0.0258852003175889
10 60 0.2 0.25 6.5 7 1152.363510633431 0.02149112136271469
10 60 0.2 0.25 7 7.5 1029.677200877364 0.01782173011952182
10 60 0.2 0.25 7.5 8 923.4413886809823 0.01473203085163277
10 60 0.2 0.25 8 8.5 830.911975825998 0.01224711036195458
10 60 0.2 0.25 8.5 9 749.9036263969175 0.01035241985971425
10 60 0.2 0.25 9 9.5 678.6599677037274 0.008836282691049746
10 60 0.2 0.25 9.5 10 615.7478332410168 0.007541076919324041
10 60 0.2 0.25 10 10.5 559.9870139794115 0.006431031069951132
10 60 0.2 0.25 10.5 11 510.4011079107219 0.005494632394174914
10 60 0.2 0.25 11 11.5 466.1727419486724 0.004736186159675526
10 60 0.2 0.25 11.5 12 426.6116108025859 0.01815546976018823
10 60 0.2 0.25 12 12.5 391.132580464707 0.01368459230479857
10 60 0.2 0.25 12.5 13 359.2379875988049 0.01015243374399688
10 60 0.2 0.25 13 13.5 330.5008579198808 0.007399992791704335
10 60 0.2 0.25 13.5 14 304.5525501821919 0.005210950282560134
10 60 0.2 0.25 14 14.5 281.0744436824731 0.003462488744560233
10 60 0.2 0.25 14.5 15 259.7905703534826 0.002073694387661362
10 60 0.2 0.25 15 16 463.3354833983983 0.004687015960143981
10 60 0.2 0.25 16 17 399.0662773158459 0.005516884214728179
10 60 0.2 0.25 17 18 345.4407118276425 0.01150909040654824
10 60 0.2 0.25 18 19 300.4276081948101 0.01448564973196653
10 60 0.2 0.25 19 20 262.4308498339368 0.001578833962923909
10 60 0.2 0.25 20 21 230.1867475113397 0.001360390458273741
10 60 0.2 0.25 21 22 202.6889545515658 0.001215928591705051
10 60 0.2 0.25 22 23 179.1294400116261 0.001041058281685991
10 60 0.2 0.25 23 24 158.8556657081656 0.0009395539740069125
10 60 0.2 0.25 24 25 141.3365428575661 0.000855956153571924
10 60 0.2 0.25 25 26 126.1379396765646 0.0007187328606192978
10 60 0.2 0.25 26 27 112.9036191629592 0.0006529416763356721
10 60 0.2 0.25 27 28 101.3386619922174 0.0006412375074802412
10 60 0.2 0.25 28 29 91.19803381712936 0.0005229090028677774
10 60 0.2 0.25 29 30 82.27828879248631 0.0004193997326353838
10 60 0.2 0.25 30 31 74.40882150093982 0.0004392298209126011
10 60 0.2 0.25 31 32 67.44529063381222 0.0004357160390640047
10 60 0.2 0.25 32 33 61.26602918836281 0.0003347576119310247
10 60 0.2 0.25 33 34 55.76853195655334 0.0002802585933494584
10 60 0.2 0.25 34 35 50.8653215877168 0.0002973820008875805
10 60 0.2 0.25 35 36 46.48128716274334 0.0002971657122401439
10 60 0.2 0.25 36 37 42.55221145170459 0.0002400280558063628
10 60 0.2 0.25 37 38 39.02320845748387 0.0001919405765136162
10 60 0.2 0.25 38 39 35.84688858605943 0.000194854161300384
10 60 0.2 0.25 39 40 32.98202835146297 0.0002091046870162927
10 60 0.2 0.25 40 42 58.44128108115669 0.0003300135289947548
10 60 0.2 0.25 42 44 49.91157811076477 0.0002425237657917023
10 60 0.2 0.25 44 46 42.85873867965952 0.0002443301066463732
10 60 0.2 0.25 46 48 36.98836764398393 0.0001849676768088671
10 60 0.2 0.25 48 50 32.07248413783472 0.0001724197600196931
10 60 0.2 0.25 50 52 27.932379872345 0.000146295080678982
10 60 0.2 0.25 52 54 24.4270859402612 0.0001183557528854351
10 60 0.2 0.25 54 56 21.44450967844094 0.0001109043566032142
10 60 0.2 0.25 56 58 18.89475965071628 9.07266411545038e-05
10 60 0.2 0.25 58 60 16.70544471061478 7.862281822923478e-05
10 60 0.2 0.25 60 65 34.04913032256068 0.0001571946232274968
10 60 0.2 0.25 65 70 25.68695548381341 0.000115789406763156
10 60 0.2 0.25 70 80 35.0200622998747 0.0001257916297703332
10 60 0.2 0.25 80 90 21.70339191793924 7.561238241038382e-05
10 60 0.2 0.25 90 100 14.06479505637421 4.910280342329543e-05
10 60 0.25 0.3 0 0.5 -63170.36840916618 0.941237282466318
10 60 0.25 0.3 0.5 1 842.8451453532059 0.01281824386751396
10 60 0.25 0.3 1 1.5 5147.600613903126 0.08874454393571796
10 60 0.25 0.3 1.5 2 4829.546159176599 0.1964662172695171
10 60 0.25 0.3 2 2.5 4119.987328664376 0.1503888280958563
10 60 0.25 0.3 2.5 3 3477.031052415735 0.1202362764879581
10 60 0.25 0.3 3 3.5 2949.575919018905 0.09496451146287654
10 60 0.25 0.3 3.5 4 2523.40538882709 0.0736357201399187
10 60 0.25 0.3 4 4.5 2177.432099091051 0.05912974751663569
10 60 0.25 0.3 4.5 5 1893.68281745468 0.04871461785887732
10 60 0.25 0.3 5 5.5 1658.357804577101 0.03962980785217951
10 60 0.25 0.3 5.5 6 1461.092309093908 0.03191673329342848
10 60 0.25 0.3 6 6.5 1294.129385769525 0.02600318708982741
10 60 0.25 0.3 6.5 7 1151.588722645786 0.02128412227307308
10 60 0.25 0.3 7 7.5 1028.977352926192 0.01768134010512767
10 60 0.25 0.3 7.5 8 922.8081286924246 0.01480017087226315
10 60 0.25 0.3 8 8.5 830.3355077796701 0.01239516521957285
10 60 0.25 0.3 8.5 9 749.3800945174273 0.01035070285990969
10 60 0.25 0.3 9 9.5 678.1838565059605 0.008710907876434248
10 60 0.25 0.3 9.5 10 615.3121377236491 0.00743022046299302
10 60 0.25 0.3 10 10.5 559.5886326391117 0.006388635415305544
10 60 0.25 0.3 10.5 11 510.0371000072705 0.005517447586782964
10 60 0.25 0.3 11 11.5 465.8385527952874 0.004772891692653047
10 60 0.25 0.3 11.5 12 426.3035699279214 0.0180728818555167
10 60 0.25 0.3 12 12.5 390.8491818135225 0.01363705418111749
10 60 0.25 0.3 12.5 13 358.9774913286638 0.01018382385768746
10 60 0.25 0.3 13 13.5 330.2604291671534 0.007410609466546703
10 60 0.25 0.3 13.5 14 304.3299188916311 0.005188866300329664
10 60 0.25 0.3 14 14.5 280.8683739675878 0.003424552700721506
10 60 0.25 0.3 14.5 15 259.6001397347493 0.002077447481781292
10 60 0.25 0.3 15 16 462.9954038138946 0.004766363929320505
10 60 0.25 0.3 16 17 398.7718149825853 0.005638173764964449
10 60 0.25 0.3 17 18 345.1858365248927 0.01142320563434396
10 60 0.25 0.3 18 19 300.2050448679594 0.01444548758246356
10 60 0.25 0.3 19 20 262.2350027846543 0.00152374433599789
10 60 0.25 0.3 20 21 230.0147684978488 0.001394398285356147
10 60 0.25 0.3 21 22 202.5372139378837 0.001196336437459422
10 60 0.25 0.3 22 23 178.9949828004874 0.001070142744907798
10 60 0.25 0.3 23 24 158.7356594939399 0.0009426520800843718
10 60 0.25 0.3 24 25 141.2291423746756 0.0007820257758339721
10 60 0.25 0.3 25 26 126.0422828893834 0.0007453785395767909
10 60 0.25 0.3 26 27 112.8178791441739 0.000711814416305856
10 60 0.25 0.3 27 28 101.261132699786 0.0005516539588512615
10 60 0.25 0.3 28 29 91.12845679499435 0.0004931993931620582
10 60 0.25 0.3 29 30 82.21587009622738 0.0005154359060242086
10 60 0.25 0.3 30 31 74.35198315497273 0.0004444989351384265
10 60 0.25 0.3 31 32 67.39340742836552 0.000330619673221122
10 60 0.25 0.3 32 33 61.21924282964299 0.0003414120422036149
10 60 0.25 0.3 33 34 55.72625084119272 0.0003554397964222744
10 60 0.25 0.3 34 35 50.82658751193188 0.0003028186961344659
10 60 0.25 0.3 35 36 46.4457041186237 0.0002281028929687068
10 60 0.25 0.3 36 37 42.5198094740858 0.0002235419266796157
10 60 0.25 0.3 37 38 38.99373862612588 0.0002352216799152984
10 60 0.25 0.3 38 39 35.81985482982849 0.0002129650328868138
10 60 0.25 0.3 39 40 32.95713475741295 0.0001688547628546644
10 60 0.25 0.3 40 42 58.39777646911441 0.0003171962099415282
10 60 0.25 0.3 42 44 49.87502157804587 0.0002829796447727517
10 60 0.25 0.3 44 46 42.82729671708197 0.0001995844488149601
10 60 0.25 0.3 46 48 36.96166462860255 0.0002046673059084014
10 60 0.25 0.3 48 50 32.04964581459588 0.0001625917215761774
10 60 0.25 0.3 50 52 27.91282454552887 0.000136930357765408
10 60 0.25 0.3 52 54 24.41036837400154 0.0001262832924666668
10 60 0.25 0.3 54 56 21.43014203141139 0.000102350953099517
10 60 0.25 0.3 56 58 18.88241869181902 9.25266419358195e-05
10 60 0.25 0.3 58 60 16.69480831839609 7.867265138017387e-05
10 60 0.25 0.3 60 65 34.02850214898382 0.0001525789636787067
10 60 0.25 0.3 65 70 25.67274044912712 0.0001089287512989756
10 60 0.25 0.3 70 80 35.00348588498058 0.0001259736743364215
10 60 0.25 0.3 80 90 21.69559188688577 7.563495781681695e-05
10 60 0.25 0.3 90 100 14.06137577657776 4.913565030584266e-05
10 60 0.3 0.35 0 0.5 -63091.14846598763 0.7313367552487762
10 60 0.3 0.35 0.5 1 851.3030014156058 0.01678813722992345
10 60 0.3 0.35 1 1.5 5147.062307715782 0.2541199325887646
10 60 0.3 0.35 1.5 2 4827.486848617176 0.1969941736088003
10 60 0.3 0.35 2 2.5 4117.713830329293 0.1487974837664297
10 60 0.3 0.35 2.5 3 3474.86595083823 0.1161729373097842
10 60 0.3 0.35 3 3.5 2947.596741684075 0.0935661301291475
10 60 0.3 0.35 3.5 4 2521.629125578072 0.07496014230537185
10 60 0.3 0.35 4 4.5 2175.838662841964 0.05907556193187702
10 60 0.3 0.35 4.5 5 1892.26188046876 0.04736789153866994
10 60 0.3 0.35 5 5.5 1657.082544222034 0.03906827476089347
10 60 0.3 0.35 5.5 6 1459.950617352059 0.0322178955527761
10 60 0.3 0.35 6 6.5 1293.101634607923 0.0263160378547127
10 60 0.3 0.35 6.5 7 1150.661128259507 0.02159539855620096
10 60 0.3 0.35 7 7.5 1028.140660276106 0.01777088753738099
10 60 0.3 0.35 7.5 8 922.0484008151927 0.01472293109861766
10 60 0.3 0.35 8 8.5 829.6459913339694 0.01234460618582034
10 60 0.3 0.35 8.5 9 748.7542904082148 0.0104152812788243
10 60 0.3 0.35 9 9.5 677.6124622763675 0.008795559996201519
10 60 0.3 0.35 9.5 10 614.7903990725184 0.007444114451232053
10 60 0.3 0.35 10 10.5 559.1128423769366 0.006357979331028218
10 60 0.3 0.35 10.5 11 509.6012594361542 0.005472794529225666
10 60 0.3 0.35 11 11.5 465.437886907558 0.004734964229953675
10 60 0.3 0.35 11.5 12 425.9357198093908 0.01803219905593778
10 60 0.3 0.35 12 12.5 390.5113150454093 0.0136812146572538
10 60 0.3 0.35 12.5 13 358.6657466216972 0.01017317563446341
10 60 0.3 0.35 13 13.5 329.972191378519 0.007368680735112321
10 60 0.3 0.35 13.5 14 304.0636849190399 0.005156085741361949
10 60 0.3 0.35 14 14.5 280.6226104497905 0.003440709887343019
10 60 0.3 0.35 14.5 15 259.3726581317418 0.002089448230663038
10 60 0.3 0.35 15 16 462.5880712461754 0.0046843601311366
10 60 0.3 0.35 16 17 398.4204613283677 0.0056338099169011
10 60 0.3 0.35 17 18 344.8814673713993 0.011391081159843
10 60 0.3 0.35 18 19 299.9396618759847 0.0144409634054341
10 60 0.3 0.35 19 20 262.0024936161438 0.001555064718786525
10 60 0.3 0.35 20 21 229.8096679954373 0.001314329368341305
10 60 0.3 0.35 21 22 202.3565642744211 0.00123645407890649
10 60 0.3 0.35 22 23 178.8349397145369 0.001079273884300846
10 60 0.3 0.35 23 24 158.5932427089715 0.0008700616214696311
10 60 0.3 0.35 24 25 141.1025609815425 0.0008481922820351429
10 60 0.3 0.35 25 26 125.9287206545917 0.0007642276882791066
10 60 0.3 0.35 26 27 112.7156629668077 0.0005816246177658968
10 60 0.3 0.35 27 28 101.1699934110237 0.0005889803370422442
10 60 0.3 0.35 28 29 91.04665840955312 0.0005836067895330643
10 60 0.3 0.35 29 30 82.14156143853015 0.0004462833677081335
10 60 0.3 0.35 30 31 74.2847927108072 0.0003793068390223198
10 60 0.3 0.35 31 32 67.3329239592757 0.0004083442358364664
10 60 0.3 0.35 32 33 61.16420850625654 0.000376398783302534
10 60 0.3 0.35 33 34 55.67587512565245 0.0002847178684035612
10 60 0.3 0.35 34 35 50.7807922992418 0.000264206275140566
10 60 0.3 0.35 35 36 46.40420479576344 0.000274347983555856
10 60 0.3 0.35 36 37 42.48190227553763 0.000256187292407617
10 60 0.3 0.35 37 38 38.95888938211226 0.0001988724114170282
10 60 0.3 0.35 38 39 35.78791496153524 0.0001787922027673972
10 60 0.3 0.35 39 40 32.92797087756038 0.0001798691936514274
10 60 0.3 0.35 40 42 58.34657596533994 0.0003302866209367039
10 60 0.3 0.35 42 44 49.83189508163402 0.0002620348932325101
10 60 0.3 0.35 44 46 42.79080307418003 0.0002334093543581162
10 60 0.3 0.35 46 48 36.93023777419695 0.0001697350109139961
10 60 0.3 0.35 48 50 32.02284689121107 0.0001646797803047662
10 60 0.3 0.35 50 52 27.88993567587638 0.0001414876741065996
10 60 0.3 0.35 52 54 24.3907013674841 0.0001153207782422783
10 60 0.3 0.35 54 56 21.41325896421972 0.0001060693171588412
10 60 0.3 0.35 56 58 18.86788378426613 8.70330897662086e-05
10 60 0.3 0.35 58 60 16.68228899623827 7.661233167155501e-05
10 60 0.3 0.35 60 65 34.00421486210677 0.0001485173401931661
10 60 0.3 0.35 65 70 25.65590626935708 0.000103757483948641
10 60 0.3 0.35 70 80 34.98394584103665 0.0001222460522996016
10 60 0.3 0.35 80 90 21.68627579125704 7.564470681487023e-05
10 60 0.3 0.35 90 100 14.05712338228146 4.916616766337256e-05
10 60 0.35 0.4 0 0.5 -62998.64405783846 0.5539030803265632
10 60 0.35 0.4 0.5 1 861.0977801433567 0.001742417729587942
10 60 0.35 0.4 1 1.5 5146.424528644032 0.1093415759660274
10 60 0.35 0.4 1.5 2 4825.076266468023 0.1956976778192256
10 60 0.35 0.4 2 2.5 4115.058790421366 0.1502251268602777
10 60 0.35 0.4 2.5 3 3472.340300494864 0.1155860059129736
10 60 0.35 0.4 3 3.5 2945.291273346125 0.09090523910572301
10 60 0.35 0.4 3.5 4 2519.558108784357 0.07385029319311798
10 60 0.35 0.4 4 4.5 2173.983713078254 0.06002477044694388
10 60 0.35 0.4 4.5 5 1890.604357519678 0.04809558815509263
10 60 0.35 0.4 5 5.5 1655.596880851219 0.03865925175182383
10 60 0.35 0.4 5.5 6 1458.620522329211 0.03170692278445131
10 60 0.35 0.4 6 6.5 1291.903001769112 0.02615871541502202
10 60 0.35 0.4 6.5 7 1149.582811478539 0.02154321750845156
10 60 0.35 0.4 7 7.5 1027.16527461071 0.01781206969894811
10 60 0.35 0.4 7.5 8 921.16380276047 0.01475446868516883
10 60 0.35 0.4 8 8.5 828.8449346697116 0.01227132481290027
10 60 0.35 0.4 8.5 9 748.0248022276935 0.01033206341901405
10 60 0.35 0.4 9 9.5 676.9470494844177 0.008779327695265238
10 60 0.35 0.4 9.5 10 614.184355202128 0.007484713725602887
10 60 0.35 0.4 10 10.5 558.558716125096 0.006387233299278705
10 60 0.35 0.4 10.5 11 509.09296820734 0.005485138331323469
10 60 0.35 0.4 11 11.5 464.9721821685473 0.00474460446730518
10 60 0.35 0.4 11.5 12 425.5087335986698 0.01807814777612293
10 60 0.35 0.4 12 12.5 390.1180436806097 0.01366626679174487
10 60 0.35 0.4 12.5 13 358.3027881709041 0.01012239522111713
10 60 0.35 0.4 13 13.5 329.6373826798462 0.007341337186232977
10 60 0.35 0.4 13.5 14 303.7547442373241 0.005169295359394255
10 60 0.35 0.4 14 14.5 280.3367740156049 0.003442879895487749
10 60 0.35 0.4 14.5 15 259.1076604445179 0.002074494832982055
10 60 0.35 0.4 15 16 462.1145174139108 0.004561362813603864
10 60 0.35 0.4 16 17 398.0123895890354 0.005553115483621696
10 60 0.35 0.4 17 18 344.5273596144589 0.0114380698684613
10 60 0.35 0.4 18 19 299.6315550644564 0.01438852995102025
10 60 0.35 0.4 19 20 261.7328620013795 0.001527463580259791
10 60 0.35 0.4 20 21 229.5726165064248 0.001368602705412059
10 60 0.35 0.4 21 22 202.1465892596014 0.001175647439225713
10 60 0.35 0.4 22 23 178.6492757571833 0.0009979560574606694
10 60 0.35 0.4 23 24 158.4293049704006 0.0009990320026531663
10 60 0.35 0.4 24 25 140.955885512829 0.0008207837842064691
10 60 0.35 0.4 25 26 125.7973323739005 0.0006358327529056851
10 60 0.35 0.4 26 27 112.5986983296753 0.0006861759003271573
10 60 0.35 0.4 27 28 101.0647591672468 0.0006188370391555509
10 60 0.35 0.4 28 29 90.95154307467399 0.0004614561310205545
10 60 0.35 0.4 29 30 82.05625900269349 0.0004617563442224082
10 60 0.35 0.4 30 31 74.20799638524787 0.0004716714365855523
10 60 0.35 0.4 31 32 67.26298597857271 0.0003760998409489957
10 60 0.35 0.4 32 33 61.10055894398356 0.000299827588264634
10 60 0.35 0.4 33 34 55.61826858645544 0.0003111447159014347
10 60 0.35 0.4 34 35 50.72844037491812 0.0003070327961012254
10 60 0.35 0.4 35 36 46.35632323672111 0.0002489804998191403
10 60 0.35 0.4 36 37 42.43815176942262 0.0002129606731315903
10 60 0.35 0.4 37 38 38.91904004757707 0.0002125929024288098
10 60 0.35 0.4 38 39 35.75150643826685 0.0002070576695132331
10 60 0.35 0.4 39 40 32.89452969540574 0.0001750738016568221
10 60 0.35 0.4 40 42 58.28763138666866 0.0002934911283176689
10 60 0.35 0.4 42 44 49.78234311815938 0.0002794551488776165
10 60 0.35 0.4 44 46 42.74888827348729 0.0002176399608515567
10 60 0.35 0.4 46 48 36.89454708870552 0.0001858189699177615
10 60 0.35 0.4 48 50 31.99216443654565 0.0001465837521905655
10 60 0.35 0.4 50 52 27.86368050218103 0.0001370156382733967
10 60 0.35 0.4 52 54 24.36820935356142 0.0001193986634682176
10 60 0.35 0.4 54 56 21.39389466085812 9.613851302248122e-05
10 60 0.35 0.4 56 58 18.85122231926536 8.595382475462543e-05
10 60 0.35 0.4 58 60 16.66794235885811 7.344509968021384e-05
10 60 0.35 0.4 60 65 33.97637448300205 0.0001435411981702828
10 60 0.35 0.4 65 70 25.63657881625185 9.907683690357771e-05
10 60 0.35 0.4 70 80 34.96149574663629 0.000122246297628692
10 60 0.35 0.4 80 90 21.6754239529101 7.567823798382278e-05
10 60 0.35 0.4 90 100 14.05201654002348 4.919930394819971e-05
10 60 0.4 0.45 0 0.5 -62892.87237322982 0.5489502819182235
10 60 0.4 0.45 0.5 1 872.1983533559446 0.001561205553343825
10 60 0.4 0.45 1 1.5 5145.667995541074 0.1004596371158186
10 60 0.4 0.45 1.5 2 4822.319469204471 0.1983531516752919
10 60 0.4 0.45 2 2.5 4112.022051960982 0.1521593191973807
10 60 0.4 0.45 2.5 3 3469.454939021184 0.1184381049242802
10 60 0.4 0.45 3 3.5 2942.659949553627 0.09294670137933281
10 60 0.4 0.45 3.5 4 2517.192592025495 0.07356821764687993
10 60 0.4 0.45 4 4.5 2171.869681998654 0.05950937714760585
10 60 0.4 0.45 4.5 5 1888.710912477872 0.04842044050087679
10 60 0.4 0.45 5 5.5 1653.904170308759 0.03902595237036621
10 60 0.4 0.45 5.5 6 1457.100428284222 0.03147700400882059
10 60 0.4 0.45 6 6.5 1290.536473951777 0.02580391808760396
10 60 0.4 0.45 6.5 7 1148.35268406122 0.02133634818301289
10 60 0.4 0.45 7 7.5 1026.051359656847 0.0176603840509415
10 60 0.4 0.45 7.5 8 920.1568920377782 0.01477001877208295
10 60 0.4 0.45 8 8.5 827.9308475954724 0.01236977228541036
10 60 0.4 0.45 8.5 9 747.1922520039392 0.01036318598028174
10 60 0.4 0.45 9 9.5 676.1898569993 0.0087263420847421
10 60 0.4 0.45 9.5 10 613.4933642463076 0.007426204977036832
10 60 0.4 0.45 10 10.5 557.9258983646861 0.006379762080882756
10 60 0.4 0.45 10.5 11 508.5139566030807 0.005491872070649606
10 60 0.4 0.45 11 11.5 464.4420819861107 0.004736887276635571
10 60 0.4 0.45 11.5 12 425.0214165152129 0.01804678808213112
10 60 0.4 0.45 12 12.5 389.6693642425777 0.01359311102299898
10 60 0.4 0.45 12.5 13 357.8898434795129 0.01011096785572363
10 60 0.4 0.45 13 13.5 329.2567671977268 0.007365085092715162
10 60 0.4 0.45 13.5 14 303.4027814761033 0.005160748767821133
10 60 0.4 0.45 14 14.5 280.0107981421363 0.003410409256616731
10 60 0.4 0.45 14.5 15 258.8058410251268 0.002048588128559459
10 60 0.4 0.45 15 16 461.5757466423433 0.004668082980458621
10 60 0.4 0.45 16 17 397.5470930293422 0.00563312629350321
10 60 0.4 0.45 17 18 344.1242605016734 0.01136322518959787
10 60 0.4 0.45 18 19 299.2803196944941 0.01445054916979416
10 60 0.4 0.45 19 20 261.4262879574725 0.001589840885742433
10 60 0.4 0.45 20 21 229.3029531202633 0.00135944263038823
10 60 0.4 0.45 21 22 201.9084984899615 0.001092015668689328
10 60 0.4 0.45 22 23 178.439023868987 0.001103468953033371
10 60 0.4 0.45 23 24 158.242093399129 0.0009012120702038828
10 60 0.4 0.45 24 25 140.7896860712011 0.0007599438750389709
10 60 0.4 0.45 25 26 125.6497200866505 0.0007908483553791257
10 60 0.4 0.45 26 27 112.4657809306703 0.0006278563670321091
10 60 0.4 0.45 27 28 100.9451979572916 0.0005070927043107076
10 60 0.4 0.45 28 29 90.84460475483336 0.0005492821424439853
10 60 0.4 0.45 29 30 81.95980601035754 0.000505648151104765
10 60 0.4 0.45 30 31 74.12048217419641 0.0003744408360830676
10 60 0.4 0.45 31 32 67.18399666511333 0.0003568122801169693
10 60 0.4 0.45 32 33 61.02921753499704 0.0003717390883366534
10 60 0.4 0.45 33 34 55.55327619007167 0.0003098475049370109
10 60 0.4 0.45 34 35 50.66910297262927 0.0002459662960845321
10 60 0.4 0.45 35 36 46.3023583647745 0.0002451205736448969
10 60 0.4 0.45 36 37 42.38904055816216 0.0002459862730859186
10 60 0.4 0.45 37 38 38.87412585788212 0.0002134202418631048
10 60 0.4 0.45 38 39 35.71035065202337 0.0001774720219032133
10 60 0.4 0.45 39 40 32.85687183253149 0.0001700937530912938
10 60 0.4 0.45 40 42 58.22144688803955 0.0003162400136389465
10 60 0.4 0.45 42 44 49.72628991111178 0.0002408310241932554
10 60 0.4 0.45 44 46 42.70162152280968 0.0002292669572483419
10 60 0.4 0.45 46 48 36.854488165002 0.0001834741390354111
10 60 0.4 0.45 48 50 31.95786713159801 0.0001502952597647322
10 60 0.4 0.45 50 52 27.83416211923922 0.0001234226061406218
10 60 0.4 0.45 52 54 24.34289929693915 0.0001124275115493845
10 60 0.4 0.45 54 56 21.37217785125709 9.733847396020678e-05
10 60 0.4 0.45 56 58 18.83252118588513 8.058670477240071e-05
10 60 0.4 0.45 58 60 16.65182136032604 7.092344601034029e-05
10 60 0.4 0.45 60 65 33.94509224788771 0.0001379073435714417
10 60 0.4 0.45 65 70 25.61487684685536 9.385037182951805e-05
10 60 0.4 0.45 70 80 34.93612889104812 0.0001229241705758
10 60 0.4 0.45 80 90 21.66307558156857 7.571156963237513e-05
10 60 0.4 0.45 90 100 14.0460475391836 4.92348444041113e-05
10 60 0.45 0.5 0 0.5 -62773.96118163011 0.5425981855078135
10 60 0.45 0.5 0.5 1 884.6032565182005 0.02900752045582067
10 60 0.45 0.5 1 1.5 5144.771220061279 0.2472049599091406
10 60 0.45 0.5 1.5 2 4819.216432387956 0.1983368574356064
10 60 0.45 0.5 2 2.5 4108.609255763028 0.1492528270546245
10 60 0.45 0.5 2.5 3 3466.209804784936 0.1174551705321392
10 60 0.45 0.5 3 3.5 2939.705162467314 0.0931752161213808
10 60 0.45 0.5 3.5 4 2514.534351297312 0.07378522219414663
10 60 0.45 0.5 4 4.5 2169.496071904439 0.05890233793343214
10 60 0.45 0.5 4.5 5 1886.584748217969 0.04790347970629227
10 60 0.45 0.5 5 5.5 1652.003908616341 0.03926907260051848
10 60 0.45 0.5 5.5 6 1455.392298104962 0.03198535270053071
10 60 0.45 0.5 6 6.5 1289.00408861376 0.02595277407976937
10 60 0.45 0.5 6.5 7 1146.96920681195 0.02133156607987985
10 60 0.45 0.5 7 7.5 1024.80232463355 0.01771138738990885
10 60 0.45 0.5 7.5 8 919.0269752662945 0.01467475242338878
10 60 0.45 0.5 8 8.5 826.9036126673304 0.01226258859958307
10 60 0.45 0.5 8.5 9 746.2592260214487 0.01034919465928397
10 60 0.45 0.5 9 9.5 675.3403757691326 0.008780770137036598
10 60 0.45 0.5 9.5 10 612.7168967318768 0.007442333945959945
10 60 0.45 0.5 10 10.5 557.2163901757734 0.006340314717249385
10 60 0.45 0.5 10.5 11 507.8651768153932 0.005462951732852162
10 60 0.45 0.5 11 11.5 463.846541075031 0.004748820802660703
10 60 0.45 0.5 11.5 12 424.4741477057968 0.01795501587361059
10 60 0.45 0.5 12 12.5 389.1666001187074 0.01358871618657531
10 60 0.45 0.5 12.5 13 357.4271054649236 0.01012670480838551
10 60 0.45 0.5 13 13.5 328.8296216977132 0.00734088798844823
10 60 0.45 0.5 13.5 14 303.0080453346809 0.005134555572908539
10 60 0.45 0.5 14 14.5 279.6458621942572 0.003406158458403752
10 60 0.45 0.5 14.5 15 258.4679767123379 0.002061156052604929
10 60 0.45 0.5 15 16 460.9712310277473 0.004507535802702023
10 60 0.45 0.5 16 17 397.0254495522889 0.00557071221123806
10 60 0.45 0.5 17 18 343.6716942187231 0.01145782830047892
10 60 0.45 0.5 18 19 298.8870179616527 0.01432799087831427
10 60 0.45 0.5 19 20 261.0819043958796 0.001546317680094944
10 60 0.45 0.5 20 21 229.000956367424 0.001285970954825189
10 60 0.45 0.5 21 22 201.6433161138587 0.001274339572688632
10 60 0.45 0.5 22 23 178.2031008862684 0.0009489969739036042
10 60 0.45 0.5 23 24 158.0331094410784 0.0008559109575685397
10 60 0.45 0.5 24 25 140.6045837482831 0.0009047601893144019
10 60 0.45 0.5 25 26 125.483957731458 0.0006765526407974676
10 60 0.45 0.5 26 27 112.3177104822571 0.0006018362266928534
10 60 0.45 0.5 27 28 100.8127452319286 0.0006240382725621885
10 60 0.45 0.5 28 29 90.72491098962722 0.0004984900082547483
10 60 0.45 0.5 29 30 81.85173187579798 0.000406495442916821
10 60 0.45 0.5 30 31 74.02339610884711 0.0004340746787505623
10 60 0.45 0.5 31 32 67.09624661071243 0.0004010619949497141
10 60 0.45 0.5 32 33 60.94943842692813 0.0003057626810871739
10 60 0.45 0.5 33 34 55.4809216869197 0.0002878081843817881
10 60 0.45 0.5 34 35 50.60347259469203 0.0002895552209096763
10 60 0.45 0.5 35 36 46.24249097365214 0.0002545019465429732
10 60 0.45 0.5 36 37 42.33427986071902 0.0002062403072642383
10 60 0.45 0.5 37 38 38.82414274920335 0.000197775951278345
10 60 0.45 0.5 38 39 35.66474050184333 0.0001977923444371754
10 60 0.45 0.5 39 40 32.81510037454245 0.0001777080080316296
10 60 0.45 0.5 40 42 58.1478834476287 0.0002827796648290359
10 60 0.45 0.5 42 44 49.66425687065787 0.0002545361089332232
10 60 0.45 0.5 44 46 42.64901001995579 0.0002019339223693351
10 60 0.45 0.5 46 48 36.80996195614762 0.0001890217921385329
10 60 0.45 0.5 48 50 31.91999722969069 0.0001501927069291753
10 60 0.45 0.5 50 52 27.80163710368446 0.0001197503381895615
10 60 0.45 0.5 52 54 24.31490127707046 0.0001019317553279109
10 60 0.45 0.5 54 56 21.34814812924672 9.346233919416136e-05
10 60 0.45 0.5 56 58 18.81186071926297 7.980430575216246e-05
10 60 0.45 0.5 58 60 16.6340084230028 6.79879103984149e-05
10 60 0.45 0.5 60 65 33.91050102780282 0.000130009331407166
10 60 0.45 0.5 65 70 25.59091352589619 9.154210626149961e-05
10 60 0.45 0.5 70 80 34.90783350968574 0.0001222267798581811
10 60 0.45 0.5 80 90 21.64924676499587 7.574477402627622e-05
10 60 0.45 0.5 90 100 14.03924188035169 4.926447248720933e-05
10 60 0.5 0.55 0 0.5 -62642.04094446621 0.5642809534765547
10 60 0.5 0.55 0.5 1 898.3230232829353 0.001986989101965264
10 60 0.5 0.55 1 1.5 5143.756853324235 0.04814386041562102
10 60 0.5 0.55 1.5 2 4815.771812190524 0.1905664510204588
10 60 0.5 0.55 2 2.5 4104.824659239952 0.150072672895476
10 60 0.5 0.55 2.5 3 3462.610517336574 0.1155315931259793
10 60 0.5 0.55 3 3.5 2936.42697388026 0.09163394370443712
10 60 0.5 0.55 3.5 4 2511.588635499267 0.07431138942911275
10 60 0.5 0.55 4 4.5 2166.860959073912 0.05953427624945107
10 60 0.5 0.55 4.5 5 1884.230157053155 0.04773342599310126
10 60 0.5 0.55 5 5.5 1649.894227003075 0.03890758349666612
10 60 0.5 0.55 5.5 6 1453.500677107633 0.03201084036527391
10 60 0.5 0.55 6 6.5 1287.303625628756 0.0262880182419849
10 60 0.5 0.55 6.5 7 1145.435274440381 0.02143309097482415
10 60 0.5 0.55 7 7.5 1023.419260142542 0.01761464602691376
10 60 0.5 0.55 7.5 8 917.7729656444151 0.01468538028257171
10 60 0.5 0.55 8 8.5 825.7661550663657 0.01228344132505299
10 60 0.5 0.55 8.5 9 745.2259304377876 0.01030963784387495
10 60 0.5 0.55 9 9.5 674.3977734666831 0.008713597160522113
10 60 0.5 0.55 9.5 10 611.8569079639457 0.007437786917762423
10 60 0.5 0.55 10 10.5 556.4311769328231 0.006377931130373327
10 60 0.5 0.55 10.5 11 507.1456091960824 0.005472090871705859
10 60 0.5 0.55 11 11.5 463.1864322887731 0.004711907852367858
10 60 0.5 0.55 11.5 12 423.8684786785519 0.01794528229447678
10 60 0.5 0.55 12 12.5 388.609759318531 0.01358552586697215
10 60 0.5 0.55 12.5 13 356.9139737903992 0.01007877533686496
10 60 0.5 0.55 13 13.5 328.3564645915092 0.007312242034458905
10 60 0.5 0.55 13.5 14 302.5713577648878 0.005135278856471359
10 60 0.5 0.55 14 14.5 279.2420263667898 0.003409364965705208
10 60 0.5 0.55 14.5 15 258.0938075276185 0.002033712889840444
10 60 0.5 0.55 15 16 460.3023690567191 0.004585850759553978
10 60 0.5 0.55 16 17 396.4471682976103 0.005696395408733679
10 60 0.5 0.55 17 18 343.1709509913164 0.01136798242794157
10 60 0.5 0.55 18 19 298.4506659104505 0.01435603049679912
10 60 0.5 0.55 19 20 260.7006788480641 0.001522477521177734
10 60 0.5 0.55 20 21 228.6675708922236 0.001443188530089401
10 60 0.5 0.55 21 22 201.3487226211373 0.001092132498854426
10 60 0.5 0.55 22 23 177.9437175362195 0.001013908017341691
10 60 0.5 0.55 23 24 157.8030939695521 0.0009711650591555099
10 60 0.5 0.55 24 25 140.3988767379839 0.0007030279726620847
10 60 0.5 0.55 25 26 125.3013404572928 0.0007250961690203894
10 60 0.5 0.55 26 27 112.15482282239 0.0007101959734114871
10 60 0.5 0.55 27 28 100.6660555949327 0.0005130877286205759
10 60 0.5 0.55 28 29 90.59316335621109 0.0004724463373690924
10 60 0.5 0.55 29 30 81.73333412773617 0.0004898619868356491
10 60 0.5 0.55 30 31 73.91620967677355 0.0003889905724605569
10 60 0.5 0.55 31 32 66.99926776401888 0.0003382896613288722
10 60 0.5 0.55 32 33 60.86190288437321 0.0003444343937530903
10 60 0.5 0.55 33 34 55.40153555373015 0.0003166630628967937
10 60 0.5 0.55 34 35 50.53115254729045 0.0002516277277848644
10 60 0.5 0.55 35 36 46.17664588979223 0.0002316947682103887
10 60 0.5 0.55 36 37 42.27432325191575 0.0002285279615819036
10 60 0.5 0.55 37 38 38.76934716979645 0.0002063782269559056
10 60 0.5 0.55 38 39 35.61454379971123 0.0001695281609386257
10 60 0.5 0.55 39 40 32.76916905014468 0.0001589921491671475
10 60 0.5 0.55 40 42 58.06733464675687 0.0002996499201159963
10 60 0.5 0.55 42 44 49.59626465630844 0.0002342663055543426
10 60 0.5 0.55 44 46 42.59142208430976 0.0002049214587955817
10 60 0.5 0.55 46 48 36.76101305666229 0.0001656859166061508
10 60 0.5 0.55 48 50 31.87848045440433 0.0001533735503222999
10 60 0.5 0.55 50 52 27.76624221738144 0.0001226876091209306
10 60 0.5 0.55 52 54 24.28443340135776 9.735114649345178e-05
10 60 0.5 0.55 54 56 21.32188687724946 8.459689508555357e-05
10 60 0.5 0.55 56 58 18.78928547636221 7.754301118012563e-05
10 60 0.5 0.55 58 60 16.61456749005479 6.426117877111892e-05
10 60 0.5 0.55 60 65 33.87278600189051 0.0001240196994274356
10 60 0.5 0.55 65 70 25.56474757070136 9.070039947545183e-05
10 60 0.5 0.55 70 80 34.87665238248675 0.0001222830810476694
10 60 0.5 0.55 80 90 21.63387817342584 7.578079118530923e-05
10 60 0.5 0.55 90 100 14.03163325378838 4.930215679443961e-05
10 60 0.55 0.6 0 0.5 -62497.07417031257 0.6681370215883362
10 60 0.55 0.6 0.5 1 913.386184474908 0.03449899388931499
10 60 0.55 0.6 1 1.5 5142.638021911755 0.0414998168062084
10 60 0.55 0.6 1.5 2 4811.973821459327 0.1956354639241908
10 60 0.55 0.6 2 2.5 4100.669462588508 0.1502146619277482
10 60 0.55 0.6 2.5 3 3458.661498563796 0.1178669939581596
10 60 0.55 0.6 3 3.5 2932.826321569213 0.09217187055173781
10 60 0.55 0.6 3.5 4 2508.357166871333 0.07307319780466059
10 60 0.55 0.6 4 4.5 2163.967041823343 0.05941105278816394
10 60 0.55 0.6 4.5 5 1881.647037678756 0.04805244565932298
10 60 0.55 0.6 5 5.5 1647.577895661972 0.03851927750929462
10 60 0.55 0.6 5.5 6 1451.426562789666 0.03126559549968988
10 60 0.55 0.6 6 6.5 1285.43554474767 0.02582325649655104
10 60 0.55 0.6 6.5 7 1143.754222294931 0.02145627632762626
10 60 0.55 0.6 7 7.5 1021.899986232363 0.01770157064947853
10 60 0.55 0.6 7.5 8 916.3973609732365 0.01464073637839647
10 60 0.55 0.6 8 8.5 824.5196437663679 0.01227642662468043
10 60 0.55 0.6 8.5 9 744.091465269051 0.01032990360067743
10 60 0.55 0.6 9 9.5 673.3642379572232 0.008742788527115408
10 60 0.55 0.6 9.5 10 610.9145725816281 0.007408007004528372
10 60 0.55 0.6 10 10.5 555.5692562126238 0.00632314838765069
10 60 0.55 0.6 10.5 11 506.3563405761918 0.005465164052566251
10 60 0.55 0.6 11 11.5 462.4631875171384 0.004738694205968841
10 60 0.55 0.6 11.5 12 423.2042909616188 0.01792113615272228
10 60 0.55 0.6 12 12.5 387.9986691363595 0.01351966748921996
10 60 0.55 0.6 12.5 13 356.3514135470046 0.01005545997514901
10 60 0.55 0.6 13 13.5 327.8378626866796 0.007313358136514125
10 60 0.55 0.6 13.5 14 302.0923707625573 0.005119181712814225
10 60 0.55 0.6 14 14.5 278.7991549320416 0.003383466810248592
10 60 0.55 0.6 14.5 15 257.6840242244388 0.002062855096085059
10 60 0.55 0.6 15 16 459.5688857369368 0.004473206883346847
10 60 0.55 0.6 16 17 395.8138604276958 0.005721120321652506
10 60 0.55 0.6 17 18 342.6214965298188 0.01134020589347529
10 60 0.55 0.6 18 19 297.972008899257 0.01451930200175866
10 60 0.55 0.6 19 20 260.2838744815116 0.001643416873889691
10 60 0.55 0.6 20 21 228.3008006069216 0.001279915057153858
10 60 0.55 0.6 21 22 201.0271786401679 0.001169038180819371
10 60 0.55 0.6 22 23 177.6599845967773 0.001100147027187859
10 60 0.55 0.6 23 24 157.550788126031 0.000798350094100897
10 60 0.55 0.6 24 25 140.1751373927459 0.0008176257342427107
10 60 0.55 0.6 25 26 125.1014646460079 0.0007346057190034117
10 60 0.55 0.6 26 27 111.9757877805492 0.0005630526054147822
10 60 0.55 0.6 27 28 100.506362956776 0.0005780564358559559
10 60 0.55 0.6 28 29 90.44982826767433 0.000532258181067391
10 60 0.55 0.6 29 30 81.60384082476332 0.0003965569297577076
10 60 0.55 0.6 30 31 73.79947817201065 0.0003867386187863531
10 60 0.55 0.6 31 32 66.89385954368196 0.0003782519870867418
10 60 0.55 0.6 32 33 60.7663016842717 0.0003139800585501007
10 60 0.55 0.6 33 34 55.31482343742724 0.0002777454401723389
10 60 0.55 0.6 34 35 50.45254067870295 0.000271334397595524
10 60 0.55 0.6 35 36 46.10513114881515 0.0002494817864473475
10 60 0.55 0.6 36 37 42.20903603861818 0.0002011640384225188
10 60 0.55 0.6 37 38 38.7097375893008 0.0001840638378070025
10 60 0.55 0.6 38 39 35.56011051946859 0.0001807174051862148
10 60 0.55 0.6 39 40 32.71934234384417 0.0001624309924608269
10 60 0.55 0.6 40 42 57.97977183179447 0.000272774946665777
10 60 0.55 0.6 42 44 49.5225394036765 0.0002387020954301988
10 60 0.55 0.6 44 46 42.52900302373251 0.0001903938796559146
10 60 0.55 0.6 46 48 36.70799898935501 0.0001626916919974519
10 60 0.55 0.6 48 50 31.833354837284 0.0001380899972183158
10 60 0.55 0.6 50 52 27.72787662796726 0.0001266051717863093
10 60 0.55 0.6 52 54 24.25162564314736 0.000101353287778494
10 60 0.55 0.6 54 56 21.2935826759746 7.743726082409808e-05
10 60 0.55 0.6 56 58 18.7648694395097 6.874523093358675e-05
10 60 0.55 0.6 58 60 16.59356899207281 6.293832610992922e-05
10 60 0.55 0.6 60 65 33.83208471196231 0.0001219017010001266
10 60 0.55 0.6 65 70 25.53640396111182 9.008412870059601e-05
10 60 0.55 0.6 70 80 34.84263346829822 0.0001223270780315033
10 60 0.55 0.6 80 90 21.61694169748248 7.580964566145099e-05
10 60 0.55 0.6 90 100 14.02327656232718 4.934391799871207e-05
10 60 0.6 0.65 0 0.5 -62338.86071243391 0.7777362873166567
10 60 0.6 0.65 0.5 1 929.8471115306636 0.00218283232277372
10 60 0.6 0.65 1 1.5 5141.410363124331 0.2412162337623158
10 60 0.6 0.65 1.5 2 4807.829137507818 0.2031344895631264
10 60 0.6 0.65 2 2.5 4096.139284483697 0.1462096438358458
10 60 0.6 0.65 2.5 3 3454.363679837414 0.115812448430006
10 60 0.6 0.65 3 3.5 2928.907864802954 0.09242267536774307
10 60 0.6 0.65 3.5 4 2504.838678528858 0.07318973507153714
10 60 0.6 0.65 4 4.5 2160.82020391083 0.05843885629474244
10 60 0.6 0.65 4.5 5 1878.832670232041 0.04768261340450408
10 60 0.6 0.65 5 5.5 1645.060243924624 0.03911218599705535
10 60 0.6 0.65 5.5 6 1449.167027552125 0.03172450708780161
10 60 0.6 0.65 6 6.5 1283.404367556926 0.02571205043318514
10 60 0.6 0.65 6.5 7 1141.924602932416 0.02118241983657754
10 60 0.6 0.65 7 7.5 1020.246229646907 0.01770642672988743
10 60 0.6 0.65 7.5 8 914.9020577604697 0.01473128275483759
10 60 0.6 0.65 8 8.5 823.162464361877 0.0122367288473697
10 60 0.6 0.65 8.5 9 742.857659711474 0.01026069429474319
10 60 0.6 0.65 9 9.5 672.2412558881629 0.008706133242526448
10 60 0.6 0.65 9.5 10 609.8892400043767 0.007439295436938664
10 60 0.6 0.65 10 10.5 554.6319254579432 0.006364333098758834
10 60 0.6 0.65 10.5 11 505.4985809292617 0.005439283008684015
10 60 0.6 0.65 11 11.5 461.6765174866554 0.00470775741075613
10 60 0.6 0.65 11.5 12 422.4817416384598 0.01784797794681481
10 60 0.6 0.65 12 12.5 387.3344255338449 0.0135076063577344
10 60 0.6 0.65 12.5 13 355.7395834777569 0.01003678405459141
10 60 0.6 0.65 13 13.5 327.273487983528 0.007262772393858086
10 60 0.6 0.65 13.5 14 301.5715595123584 0.00509795963102988
10 60 0.6 0.65 14 14.5 278.3178495704958 0.003419162945704102
10 60 0.6 0.65 14.5 15 257.2379080400843 0.002031836178616686
10 60 0.6 0.65 15 16 458.771705166364 0.004312580504574726
10 60 0.6 0.65 16 17 395.1258857007876 0.005501838329109887
10 60 0.6 0.65 17 18 342.0235480883698 0.01164812583238017
10 60 0.6 0.65 18 19 297.4532564314779 0.01418007925775555
10 60 0.6 0.65 19 20 259.8291027504815 0.001515663240979848
10 60 0.6 0.65 20 21 227.903576483597 0.001335661443647496
10 60 0.6 0.65 21 22 200.6777373313769 0.001217741664930827
10 60 0.6 0.65 22 23 177.3508339282976 0.0009299425565245656
10 60 0.6 0.65 23 24 157.2781799938877 0.0009683156942799087
10 60 0.6 0.65 24 25 139.9322745620358 0.000778927076993341
10 60 0.6 0.65 25 26 124.8844636960335 0.000610625633569839
10 60 0.6 0.65 26 27 111.7823931661952 0.0006490192579349241
10 60 0.6 0.65 27 28 100.333059646842 0.0005517795620733068
10 60 0.6 0.65 28 29 90.29426010930231 0.0004578109184478762
10 60 0.6 0.65 29 30 81.46423193622923 0.0004536696187358302
10 60 0.6 0.65 30 31 73.67345893287815 0.0003978982951338139
10 60 0.6 0.65 31 32 66.77973855178934 0.0003211398525451159
10 60 0.6 0.65 32 33 60.66304082813315 0.0003064357991320321
10 60 0.6 0.65 33 34 55.22126602822725 0.0002960243768725945
10 60 0.6 0.65 34 35 50.36753207413198 0.0002488343828517259
10 60 0.6 0.65 35 36 46.02783552587944 0.0002216840801168019
10 60 0.6 0.65 36 37 42.13873210059781 0.0002147444552562661
10 60 0.6 0.65 37 38 38.64561113963924 0.0001933604697157421
10 60 0.6 0.65 38 39 35.50146279521851 0.0001616346953454695
10 60 0.6 0.65 39 40 32.66567507605645 0.0001516929668667899
10 60 0.6 0.65 40 42 57.88554401635391 0.0002721069652409369
10 60 0.6 0.65 42 44 49.44317621482119 0.0002228722734827215
10 60 0.6 0.65 44 46 42.46195736017334 0.0001883959122039869
10 60 0.6 0.65 46 48 36.65109805412505 0.0001587815071744103
10 60 0.6 0.65 48 50 31.7848759634283 0.0001315769102596676
10 60 0.6 0.65 50 52 27.68652230634272 0.0001149186639608502
10 60 0.6 0.65 52 54 24.21638839499598 0.0001020214523776986
10 60 0.6 0.65 54 56 21.26339642187588 8.178629570920748e-05
10 60 0.6 0.65 56 58 18.7388013876495 6.73309646863629e-05
10 60 0.6 0.65 58 60 16.57106908257734 5.925587776900443e-05
10 60 0.6 0.65 60 65 33.78845719701008 0.0001209267390009927
10 60 0.6 0.65 65 70 25.50589780073356 9.006989002102728e-05
10 60 0.6 0.65 70 80 34.80581317344379 0.0001223750261516443
10 60 0.6 0.65 80 90 21.59846047644161 7.584760725265483e-05
10 60 0.6 0.65 90 100 14.0142189514473 4.939131326864299e-05
10 60 0.65 0.7 0 0.5 -62167.39229634338 0.8960680527743534
10 60 0.65 0.7 0.5 1 947.7102382838739 0.0007417376606326798
10 60 0.65 0.7 1 1.5 5140.095889031664 0.2453045536158243
10 60 0.65 0.7 1.5 2 4803.341192751886 0.1936773466904924
10 60 0.65 0.7 2 2.5 4091.232883948493 0.1530923637792512
10 60 0.65 0.7 2.5 3 3449.714303128114 0.1142447098677621
10 60 0.65 0.7 3 3.5 2924.674005407747 0.09154711065139054
10 60 0.65 0.7 3.5 4 2501.033348576798 0.07412395561550511
10 60 0.65 0.7 4 4.5 2157.420660206382 0.05946282006516412
10 60 0.65 0.7 4.5 5 1875.789913043019 0.04770602317830708
10 60 0.65 0.7 5 5.5 1642.34006343594 0.03871875132540481
10 60 0.65 0.7 5.5 6 1446.724344747249 0.03186962655149728
10 60 0.65 0.7 6 6.5 1281.210919691111 0.02613217777889076
10 60 0.65 0.7 6.5 7 1139.946015166214 0.02129757265424814
10 60 0.65 0.7 7 7.5 1018.460757270325 0.01743476751551043
10 60 0.65 0.7 7.5 8 913.2854923501047 0.01457211729734809
10 60 0.65 0.7 8 8.5 821.696021865536 0.01228938218514486
10 60 0.65 0.7 8.5 9 741.5256936952569 0.01032620531736939
10 60 0.65 0.7 9 9.5 671.0278705268951 0.008690503606771927
10 60 0.65 0.7 9.5 10 608.7823162394667 0.007367156257146235
10 60 0.65 0.7 10 10.5 553.6203433907858 0.006309638969128173
10 60 0.65 0.7 10.5 11 504.5720117291036 0.005469271763104189
10 60 0.65 0.7 11 11.5 460.8269751397855 0.004718438412112391
10 60 0.65 0.7 11.5 12 421.7018436243712 0.0178430037834687
10 60 0.65 0.7 12 12.5 386.6167425329756 0.01345288745972084
10 60 0.65 0.7 12.5 13 355.0785547568614 0.009963702586674117
10 60 0.65 0.7 13 13.5 326.6644741218604 0.007278170271831641
10 60 0.65 0.7 13.5 14 301.0090700410438 0.005123920072890087
10 60 0.65 0.7 14 14.5 277.7970734605001 0.00334949662044437
10 60 0.65 0.7 14.5 15 256.7561632724646 0.001999224218593554
10 60 0.65 0.7 15 16 457.9121889897642 0.004754437166184289
10 60 0.65 0.7 16 17 394.3820182532732 0.00597407281662754
10 60 0.65 0.7 17 18 341.3805915404644 0.01123567002207437
10 60 0.65 0.7 18 19 296.8916675515764 0.01451376186838615
10 60 0.65 0.7 19 20 259.3399382885081 0.001517804529271416
10 60 0.65 0.7 20 21 227.4746431077241 0.001347524530899591
10 60 0.65 0.7 21 22 200.2999122448599 0.00108624491218734
10 60 0.65 0.7 22 23 177.0186586536653 0.001094057592865738
10 60 0.65 0.7 23 24 156.9833186838352 0.0008313697299513478
10 60 0.65 0.7 24 25 139.6707448168561 0.0007350614633310215
10 60 0.65 0.7 25 26 124.652037960765 0.0007302416867815964
10 60 0.65 0.7 26 27 111.5740503174399 0.000541001060824442
10 60 0.65 0.7 27 28 100.1465307253016 0.0005102298495671675
10 60 0.65 0.7 28 29 90.12729332296603 0.0005176840895728674
10 60 0.65 0.7 29 30 81.3140042340263 0.0004164078615502831
10 60 0.65 0.7 30 31 73.53808471442979 0.0003638282017703887
10 60 0.65 0.7 31 32 66.65759093371859 0.0003501078847421013
10 60 0.65 0.7 32 33 60.55240942573921 0.0003018507219607613
10 60 0.65 0.7 33 34 55.1208619063497 0.0002537007982894579
10 60 0.65 0.7 34 35 50.27644008777265 0.0002452668946020253
10 60 0.65 0.7 35 36 45.94508967868448 0.0002324084893103873
10 60 0.65 0.7 36 37 42.06338698700299 0.0001968412282451482
10 60 0.65 0.7 37 38 38.57693822034344 0.0001839407527270964
10 60 0.65 0.7 38 39 35.43879314921205 0.0001723864732028346
10 60 0.65 0.7 39 40 32.60834532216896 0.0001485670148895224
10 60 0.65 0.7 40 42 57.78486792020757 0.0002524102766443548
10 60 0.65 0.7 42 44 49.35842922134545 0.0002157031657503694
10 60 0.65 0.7 44 46 42.39039145789093 0.0001863710318659173
10 60 0.65 0.7 46 48 36.5904023266639 0.0001502460041251652
10 60 0.65 0.7 48 50 31.7332206006541 0.0001293530560744216
10 60 0.65 0.7 50 52 27.64241456630182 0.0001046136670979081
10 60 0.65 0.7 52 54 24.17872125516823 9.237443319065619e-05
10 60 0.65 0.7 54 56 21.23126094484596 8.382238254256436e-05
10 60 0.65 0.7 56 58 18.71122447201871 6.864130794781431e-05
10 60 0.65 0.7 58 60 16.54719640413196 5.926686335300246e-05
10 60 0.65 0.7 60 65 33.74192113167983 0.0001200745973335415
10 60 0.65 0.7 65 70 25.47327256135411 9.009413294691626e-05
10 60 0.65 0.7 70 80 34.7662429127706 0.0001224020325878428
10 60 0.65 0.7 80 90 21.57850526203737 7.58925874535521e-05
10 60 0.65 0.7 90 100 14.00446113549427 4.94394915406815e-05
10 60 0.7 0.75 0 0.5 -61982.72323136566 0.9729779980843887
10 60 0.7 0.75 0.5 1 966.9642657974191 0.01159162867259056
10 60 0.7 0.75 1 1.5 5138.698693546243 0.1282972188309941
10 60 0.7 0.75 1.5 2 4798.512534310183 0.1888456106817102
10 60 0.7 0.75 2 2.5 4085.952463079639 0.1524958192740087
10 60 0.7 0.75 2.5 3 3444.709122867246 0.119718046390517
10 60 0.7 0.75 3 3.5 2920.122289233246 0.09141681520441125
10 60 0.7 0.75 3.5 4 2496.944732864929 0.07315187880021767
10 60 0.7 0.75 4 4.5 2153.764573406296 0.05914001852306683
10 60 0.7 0.75 4.5 5 1872.523594573162 0.04786512317400593
10 60 0.7 0.75 5 5.5 1639.414219333493 0.03857354923366074
10 60 0.7 0.75 5.5 6 1444.102715777731 0.03126389382418893
10 60 0.7 0.75 6 6.5 1278.852470752143 0.02572993132662305
10 60 0.7 0.75 6.5 7 1137.822053502506 0.02138667837630237
10 60 0.7 0.75 7 7.5 1016.542569140357 0.01769559707543067
10 60 0.7 0.75 7.5 8 911.5488553720764 0.01458767104691105
10 60 0.7 0.75 8 8.5 820.1219529471119 0.0121409194230182
10 60 0.7 0.75 8.5 9 740.0946314247601 0.01025797017268815
10 60 0.7 0.75 9 9.5 669.7253885466667 0.008712050516919589
10 60 0.7 0.75 9.5 10 607.594448307831 0.007423778336487885
10 60 0.7 0.75 10 10.5 552.5341702701705 0.00632361429222783
10 60 0.7 0.75 10.5 11 503.5779048290838 0.005413654535345813
10 60 0.7 0.75 11 11.5 459.9154983043492 0.004712898921354736
10 60 0.7 0.75 11.5 12 420.8639879890488 0.01773596098468033
10 60 0.7 0.75 12 12.5 385.8464524933785 0.0133785699715645
10 60 0.7 0.75 12.5 13 354.3699148894859 0.01002561575148775
10 60 0.7 0.75 13 13.5 326.0102603508527 0.007248997494059495
10 60 0.7 0.75 13.5 14 300.4043143373182 0.005007095330029188
10 60 0.7 0.75 14 14.5 277.23888355562 0.003351250093203362
10 60 0.7 0.75 14.5 15 256.2400530269604 0.00207638249980846
10 60 0.7 0.75 15 16 456.9877414678953 0.004164807006986848
10 60 0.7 0.75 16 17 393.5866995798622 0.005530824648701582
10 60 0.7 0.75 17 18 340.6896856616186 0.01152194268138373
10 60 0.7 0.75 18 19 296.2912404511235 0.01435903121421234
10 60 0.7 0.75 19 20 258.8152932520997 0.001513488158650489
10 60 0.7 0.75 20 21 227.0140930981142 0.00127741297919215
10 60 0.7 0.75 21 22 199.8961037804051 0.001216461526979629
10 60 0.7 0.75 22 23 176.6614906117518 0.0009259973048756365
10 60 0.7 0.75 23 24 156.6679095702898 0.0008487044253229215
10 60 0.7 0.75 24 25 139.391238023036 0.0007995243163065879
10 60 0.7 0.75 25 26 124.4029571281374 0.0006134063193172778
10 60 0.7 0.75 26 27 111.3520825652083 0.0005950851344351804
10 60 0.7 0.75 27 28 99.94762313546559 0.0005263452726751439
10 60 0.7 0.75 28 29 89.94845675522912 0.0004210187658486575
10 60 0.7 0.75 29 30 81.15355168741829 0.0004252324426801124
10 60 0.7 0.75 30 31 73.39378945947819 0.0003931816679028088
10 60 0.7 0.75 31 32 66.52728397139931 0.0003145023747350706
10 60 0.7 0.75 32 33 60.43456706254189 0.0002861581763298204
10 60 0.7 0.75 33 34 55.01413814772636 0.0002742437538429954
10 60 0.7 0.75 34 35 50.17950123057467 0.0002320658360517314
10 60 0.7 0.75 35 36 45.85692234152354 0.0002105572452961724
10 60 0.7 0.75 36 37 41.98317628306133 0.0002017827297038366
10 60 0.7 0.75 37 38 38.50384836291477 0.0001791678558973331
10 60 0.7 0.75 38 39 35.3720948859718 0.0001575982900234862
10 60 0.7 0.75 39 40 32.54742837100135 0.0001474618412800055
10 60 0.7 0.75 40 42 57.67807543895669 0.0002514666912745156
10 60 0.7 0.75 42 44 49.26850476150982 0.0002068269422679236
10 60 0.7 0.75 44 46 42.31440371704044 0.0001726212139345762
10 60 0.7 0.75 46 48 36.52605204791402 0.000149985768246097
10 60 0.7 0.75 48 50 31.67850213670363 0.0001190382418556624
10 60 0.7 0.75 50 52 27.59576499030535 0.0001020450496689307
10 60 0.7 0.75 52 54 24.13883198430154 8.796807311739485e-05
10 60 0.7 0.75 54 56 21.19713221862392 7.776583750640498e-05
10 60 0.7 0.75 56 58 18.68202310570582 7.075488166563559e-05
10 60 0.7 0.75 58 60 16.52205780919452 6.068664625047404e-05
10 60 0.7 0.75 60 65 33.69255620338208 0.0001200466623814123
10 60 0.7 0.75 65 70 25.43856273728377 9.012091555504753e-05
10 60 0.7 0.75 70 80 34.72403613966966 0.0001224575378557802
10 60 0.7 0.75 80 90 21.5571565114486 7.59497921727359e-05
10 60 0.7 0.75 90 100 13.99399088040801 4.948120347947338e-05
10 60 0.75 0.8 0 0.5 -61784.96720465019 0.9627452992426697
10 60 0.75 0.8 0.5 1 987.602435093159 0.003231390615383134
10 60 0.75 0.8 1 1.5 5137.190801572384 0.1266428505759905
10 60 0.75 0.8 1.5 2 4793.345583503959 0.1972242660822303
10 60 0.75 0.8 2 2.5 4080.304610500339 0.143434317860283
10 60 0.75 0.8 2.5 3 3439.350410600745 0.1167708429102277
10 60 0.75 0.8 3 3.5 2915.249350245597 0.092641068004923
10 60 0.75 0.8 3.5 4 2492.575056020904 0.0723451486292106
10 60 0.75 0.8 4 4.5 2149.853981623301 0.05823813853612592
10 60 0.75 0.8 4.5 5 1869.03256905235 0.04740409079454366
10 60 0.75 0.8 5 5.5 1636.287462658621 0.0388032737141657
10 60 0.75 0.8 5.5 6 1441.300367922207 0.03156765088397151
10 60 0.75 0.8 6 6.5 1276.332459938016 0.02570844877027412
10 60 0.75 0.8 6.5 7 1135.553276484604 0.02113664703165341
10 60 0.75 0.8 7 7.5 1014.492354109315 0.01755808394648284
10 60 0.75 0.8 7.5 8 909.6950405005585 0.01465428751203035
10 60 0.75 0.8 8 8.5 818.4395699938792 0.01221320091269718
10 60 0.75 0.8 8.5 9 738.566513660572 0.01023439876644261
10 60 0.75 0.8 9 9.5 668.3347387458876 0.008656070701135832
10 60 0.75 0.8 9.5 10 606.3251188731145 0.007377185497489336
10 60 0.75 0.8 10 10.5 551.3750630485339 0.006329562459541194
10 60 0.75 0.8 10.5 11 502.5170584734886 0.00546169706336741
10 60 0.75 0.8 11 11.5 458.9415719679802 0.004681251976194289
10 60 0.75 0.8 11.5 12 419.9701435583063 0.01765722760484323
10 60 0.75 0.8 12 12.5 385.0251715451827 0.01346752797337558
10 60 0.75 0.8 12.5 13 353.612354128479 0.009926963206851269
10 60 0.75 0.8 13 13.5 325.3114550944149 0.007127968592499201
10 60 0.75 0.8 13.5 14 299.7604337582754 0.005078872418380342
10 60 0.75 0.8 14 14.5 276.643437100343 0.003406288224141463
10 60 0.75 0.8 14.5 15 255.6875689354668 0.001965796718820911
10 60 0.75 0.8 15 16 456.0030915483417 0.004322282341092887
10 60 0.75 0.8 16 17 392.7372404587954 0.005654038067405054
10 60 0.75 0.8 17 18 339.954180587324 0.01145924297560441
10 60 0.75 0.8 18 19 295.6515829456801 0.01422153393662029
10 60 0.75 0.8 19 20 258.2553442388522 0.001510298204550509
10 60 0.75 0.8 20 21 226.5245149546371 0.00134814935975669
10 60 0.75 0.8 21 22 199.464531738401 0.001082500154353738
10 60 0.75 0.8 22 23 176.2817270145439 0.0009677255950748531
10 60 0.75 0.8 23 24 156.3321625263089 0.0008586940514874186
10 60 0.75 0.8 24 25 139.0932055449234 0.0006907157806779196
10 60 0.75 0.8 25 26 124.1384389721529 0.000690203484211338
10 60 0.75 0.8 26 27 111.1160597631936 0.0005782223426962219
10 60 0.75 0.8 27 28 99.73637377343483 0.0004820073516640377
10 60 0.75 0.8 28 29 89.75900731586395 0.0004563537657844563
10 60 0.75 0.8 29 30 80.98305494502061 0.0003829978568461456
10 60 0.75 0.8 30 31 73.24035045523263 0.0003525353421025557
10 60 0.75 0.8 31 32 66.38916123846131 0.0003419531023922673
10 60 0.75 0.8 32 33 60.30978782833775 0.0002920836973032692
10 60 0.75 0.8 33 34 54.90104900913294 0.0002490993836943289
10 60 0.75 0.8 34 35 50.07688368840888 0.0002339415255008248
10 60 0.75 0.8 35 36 45.76363960666141 0.0002098481428660648
10 60 0.75 0.8 36 37 41.89822926711158 0.0001805753449701797
10 60 0.75 0.8 37 38 38.42646455101304 0.0001709370623004247
10 60 0.75 0.8 38 39 35.30154424742165 0.0001574812772773271
10 60 0.75 0.8 39 40 32.4830077197791 0.0001401122168829261
10 60 0.75 0.8 40 42 57.56524180690118 0.0002485307575526008
10 60 0.75 0.8 42 44 49.17363478338632 0.0001994902543884791
10 60 0.75 0.8 44 46 42.23424120710476 0.0001622472719020607
10 60 0.75 0.8 46 48 36.45815022374975 0.0001371993166756624
10 60 0.75 0.8 48 50 31.62089041599095 0.0001188483997474066
10 60 0.75 0.8 50 52 27.54667529904886 0.0001013110243341941
10 60 0.75 0.8 52 54 24.09686053441078 8.794749383866929e-05
10 60 0.75 0.8 54 56 21.16113744931469 7.672741692488216e-05
10 60 0.75 0.8 56 58 18.65112329862838 6.955040285561154e-05
10 60 0.75 0.8 58 60 16.49549632889804 6.139420597506273e-05
10 60 0.75 0.8 60 65 33.64058355792486 0.000120102147171508
10 60 0.75 0.8 65 70 25.40176883021176 9.012107825512317e-05
10 60 0.75 0.8 70 80 34.67933238510167 0.0001225041726726772
10 60 0.75 0.8 80 90 21.53445782706321 7.601712869131916e-05
10 60 0.75 0.8 90 100 13.98278492853464 4.952221372533927e-05
10 60 0.8 0.85 0 0.5 -61574.21438998893 0.8965427385337534
10 60 0.8 0.85 0.5 1 1009.608226841824 0.002722887807522056
10 60 0.8 0.85 1 1.5 5135.600270098634 0.2327776731308404
10 60 0.8 0.85 1.5 2 4787.853011219737 0.199893691293255
10 60 0.8 0.85 2 2.5 4074.292322042189 0.1460526601467791
10 60 0.8 0.85 2.5 3 3433.648742243151 0.1116936626522147
10 60 0.8 0.85 3 3.5 2910.057254500517 0.09153569356612934
10 60 0.8 0.85 3.5 4 2487.922209074759 0.07385396135214251
10 60 0.8 0.85 4 4.5 2145.696488237453 0.05868017941929793
10 60 0.8 0.85 4.5 5 1865.314794156777 0.04732562008416608
10 60 0.8 0.85 5 5.5 1632.965229372986 0.03843850794169157
10 60 0.8 0.85 5.5 6 1438.317372481162 0.03155183372609827
10 60 0.8 0.85 6 6.5 1273.655389407269 0.02588076402957995
10 60 0.8 0.85 6.5 7 1133.139003541734 0.02113937169860947
10 60 0.8 0.85 7 7.5 1012.314647223613 0.01740742554852659
10 60 0.8 0.85 7.5 8 907.723274911551 0.01452333587769772
10 60 0.8 0.85 8 8.5 816.6516937974105 0.01222043604866485
10 60 0.8 0.85 8.5 9 736.9432407095659 0.01027277598802812
10 60 0.8 0.85 9 9.5 666.855381699637 0.008654515815919694
10 60 0.8 0.85 9.5 10 604.9770272865727 0.007345545622911231
10 60 0.8 0.85 10 10.5 550.1437403463335 0.006292439900107638
10 60 0.8 0.85 10.5 11 501.3885960042376 0.005411433756933093
10 60 0.8 0.85 11 11.5 457.9081882926414 0.004710281127472626
10 60 0.8 0.85 11.5 12 419.0218820973325 0.01778169965399456
10 60 0.8 0.85 12 12.5 384.15127327721 0.01327980697118392
10 60 0.8 0.85 12.5 13 352.8079781827024 0.009818656063941944
10 60 0.8 0.85 13 13.5 324.5712799083673 0.007258281194481242
10 60 0.8 0.85 13.5 14 299.0759801878037 0.005053866112461947
10 60 0.8 0.85 14 14.5 276.0096461805006 0.003236033449638853
10 60 0.8 0.85 14.5 15 255.1023887843531 0.001987850234144162
10 60 0.8 0.85 15 16 454.9582527131399 0.004576805010117369
10 60 0.8 0.85 16 17 391.8353837103799 0.005934197725764534
10 60 0.8 0.85 17 18 339.1746234752028 0.01118622125790125
10 60 0.8 0.85 18 19 294.9721320221551 0.01447734187871674
10 60 0.8 0.85 19 20 257.6632829483288 0.001511547484199127
10 60 0.8 0.85 20 21 226.0041581372783 0.00127310281467885
10 60 0.8 0.85 21 22 199.0080497785337 0.001096249197331645
10 60 0.8 0.85 22 23 175.8791114015739 0.0009255398795176006
10 60 0.8 0.85 23 24 155.9760997764705 0.0007955585324452841
10 60 0.8 0.85 24 25 138.7780051731123 0.0007734325249657559
10 60 0.8 0.85 25 26 123.8578687386724 0.0006099014475324793
10 60 0.8 0.85 26 27 110.8661154358355 0.0005605646137212261
10 60 0.8 0.85 27 28 99.51327173228215 0.0005275713372583368
10 60 0.8 0.85 28 29 89.55891863642321 0.0004165105436584327
10 60 0.8 0.85 29 30 80.80318822027377 0.0003756673865211724
10 60 0.8 0.85 30 31 73.07834417805888 0.0003462486534147047
10 60 0.8 0.85 31 32 66.24307268233825 0.0003094856295291493
10 60 0.8 0.85 32 33 60.17797394083184 0.0002926004400407578
10 60 0.8 0.85 33 34 54.78184487967307 0.0002628766127301674
10 60 0.8 0.85 34 35 49.96873769490701 0.0002171433590518745
10 60 0.8 0.85 35 36 45.66537131109276 0.000196101577600416
10 60 0.8 0.85 36 37 41.80884136214896 0.0001813842036213487
10 60 0.8 0.85 37 38 38.34501277892972 0.000160492239920984
10 60 0.8 0.85 38 39 35.22724586580598 0.0001501464217739112
10 60 0.8 0.85 39 40 32.41517644176503 0.0001381695060018728
10 60 0.8 0.85 40 42 57.44650019537843 0.0002354204046000063
10 60 0.8 0.85 42 44 49.07396008046895 0.0001926528343858536
10 60 0.8 0.85 44 46 42.15017505863671 0.0001597203388996604
10 60 0.8 0.85 46 48 36.38695036063923 0.0001363761699408883
10 60 0.8 0.85 48 50 31.56044075188053 0.0001171923546294806
10 60 0.8 0.85 50 52 27.49522019864729 0.000101308665833244
10 60 0.8 0.85 52 54 24.05286706071166 8.798335844772964e-05
10 60 0.8 0.85 54 56 21.12335894814593 7.675836038600892e-05
10 60 0.8 0.85 56 58 18.61857561310464 6.727340543477567e-05
10 60 0.8 0.85 58 60 16.46746420313146 5.974638208527949e-05
10 60 0.8 0.85 60 65 33.58600565192172 0.0001201230696636912
10 60 0.8 0.85 65 70 25.36300821670263 9.012376446904113e-05
10 60 0.8 0.85 70 80 34.63225008264098 0.0001225538375564383
10 60 0.8 0.85 80 90 21.5104837178673 7.608726112451336e-05
10 60 0.8 0.85 90 100 13.97082983518519 4.957695118079641e-05
10 60 0.85 0.9 0 0.5 -61350.49125426923 0.8168473492842168
10 60 0.85 0.9 0.5 1 1032.987219601322 0.0005747770471771219
10 60 0.85 0.9 1 1.5 5133.955036702486 0.2545070412679706
10 60 0.85 0.9 1.5 2 4782.043646310189 0.1894261996285422
10 60 0.85 0.9 2 2.5 4067.925172810714 0.1542792265731805
10 60 0.85 0.9 2.5 3 3427.608323564504 0.1154461404366884
10 60 0.85 0.9 3 3.5 2904.559693150491 0.09001643284273086
10 60 0.85 0.9 3.5 4 2482.986586374539 0.07320496527972864
10 60 0.85 0.9 4 4.5 2141.294134429325 0.05910592788222857
10 60 0.85 0.9 4.5 5 1861.378525922793 0.04731478682174384
10 60 0.85 0.9 5 5.5 1629.445558745255 0.03824924079981429
10 60 0.85 0.9 5.5 6 1435.162017739418 0.03104236853869224
10 60 0.85 0.9 6 6.5 1270.819660581704 0.02555171359153974
10 60 0.85 0.9 6.5 7 1130.584944400478 0.02120514215744151
10 60 0.85 0.9 7 7.5 1010.009614472181 0.01756245276897062
10 60 0.85 0.9 7.5 8 905.635982584416 0.0144928192153202
10 60 0.85 0.9 8 8.5 814.7615175090518 0.012089020465055
10 60 0.85 0.9 8.5 9 735.2235913983733 0.01020822807140576
10 60 0.85 0.9 9 9.5 665.2910551033931 0.008693906444818822
10 60 0.85 0.9 9.5 10 603.5511461402576 0.007371629308181582
10 60 0.85 0.9 10 10.5 548.8391086948363 0.006307769182512857
10 60 0.85 0.9 10.5 11 500.1964474822825 0.00541407782867509
10 60 0.85 0.9 11 11.5 456.8160305429692 0.004667197027742986
10 60 0.85 0.9 11.5 12 418.0170621120238 0.01749340189132909
10 60 0.85 0.9 12 12.5 383.2285441034866 0.01323073202752312
10 60 0.85 0.9 12.5 13 351.9594478943499 0.009983094437416185
10 60 0.85 0.9 13 13.5 323.7869075115762 0.007124629920781445
10 60 0.85 0.9 13.5 14 298.3516920667912 0.004911522323141071
10 60 0.85 0.9 14 14.5 275.3421073630053 0.003358931797663445
10 60 0.85 0.9 14.5 15 254.4842698108907 0.002030618196954492
10 60 0.85 0.9 15 16 453.8521752850266 0.003805228233318303
10 60 0.85 0.9 16 17 390.8840921171478 0.00542870043318544
10 60 0.85 0.9 17 18 338.349032857805 0.01160601348436785
10 60 0.85 0.9 18 19 294.2562400761052 0.01411156449364626
10 60 0.85 0.9 19 20 257.0370225503687 0.001507509104044402
10 60 0.85 0.9 20 21 225.4563832766596 0.00127022854826464
10 60 0.85 0.9 21 22 198.5260002144215 0.001081448001826857
10 60 0.85 0.9 22 23 175.4542431541421 0.0009230299766613825
10 60 0.85 0.9 23 24 155.6008254678521 0.0008459195058208024
10 60 0.85 0.9 24 25 138.4449446639374 0.000688018061140383
10 60 0.85 0.9 25 26 123.5621856945084 0.0006398264335700787
10 60 0.85 0.9 26 27 110.6026889128598 0.0005527939901099899
10 60 0.85 0.9 27 28 99.27793703639814 0.0004683598289147994
10 60 0.85 0.9 28 29 89.34850450039731 0.0004529633591516813
10 60 0.85 0.9 29 30 80.61428898088215 0.0003773956092345543
10 60 0.85 0.9 30 31 72.90813509967293 0.0003240871796066358
10 60 0.85 0.9 31 32 66.08944631736142 0.0002978972391787238
10 60 0.85 0.9 32 33 60.03921360596893 0.0002672157986864931
10 60 0.85 0.9 33 34 54.65644994021686 0.0002474560967513639
10 60 0.85 0.9 34 35 49.85525728745922 0.0002273990134966652
10 60 0.85 0.9 35 36 45.56238021240364 0.0001941809494283575
10 60 0.85 0.9 36 37 41.71514899916184 0.0001728104639084904
10 60 0.85 0.9 37 38 38.25965852911953 0.0001567017116670399
10 60 0.85 0.9 38 39 35.1493735929851 0.0001399680559259764
10 60 0.85 0.9 39 40 32.34406289956492 0.0001287473605771083
10 60 0.85 0.9 40 42 57.32208221730814 0.0002258766803677759
10 60 0.85 0.9 42 44 48.96966580925204 0.0001883629505812223
10 60 0.85 0.9 44 46 42.06236723593278 0.0001597961513795099
10 60 0.85 0.9 46 48 36.31265889573712 0.0001363566736927169
10 60 0.85 0.9 48 50 31.49728943230908 0.0001171573481890675
10 60 0.85 0.9 50 52 27.44139968154438 0.0001012860590812181
10 60 0.85 0.9 52 54 24.00683765207363 8.799020350735987e-05
10 60 0.85 0.9 54 56 21.08382824216188 7.677898074831546e-05
10 60 0.85 0.9 56 58 18.5845098875832 6.728755397844566e-05
10 60 0.85 0.9 58 60 16.43801424302281 5.9236839728527e-05
10 60 0.85 0.9 60 65 33.52869872588644 0.0001201508875681156
10 60 0.85 0.9 65 70 25.32251161569684 9.016852001408893e-05
10 60 0.85 0.9 70 80 34.58285695870283 0.0001226163907404043
10 60 0.85 0.9 80 90 21.48530267139861 7.61453604738449e-05
10 60 0.85 0.9 90 100 13.95817466696305 4.964602701562626e-05
10 60 0.9 0.95 0 0.5 -61113.95155020074 0.7379017978310003
10 60 0.9 0.95 0.5 1 1057.733065815051 0.002367674913784867
10 60 0.9 0.95 1 1.5 5132.222634547063 0.02032007226443966
10 60 0.9 0.95 1.5 2 4775.927083444088 0.1885262912855978
10 60 0.9 0.95 2 2.5 4061.20692316299 0.1485264253565219
10 60 0.9 0.95 2.5 3 3421.234230420849 0.118609326430942
10 60 0.9 0.95 3 3.5 2898.762033339262 0.09071836388557131
10 60 0.9 0.95 3.5 4 2477.780055255452 0.07179522222668311
10 60 0.9 0.95 4 4.5 2136.643177654057 0.0584952194762991
10 60 0.9 0.95 4.5 5 1857.230631445726 0.047622340326825
10 60 0.9 0.95 5 5.5 1625.729339297408 0.03851344248823807
10 60 0.9 0.95 5.5 6 1431.836648773778 0.03145967099908376
10 60 0.9 0.95 6 6.5 1267.827157580703 0.02563944716462174
10 60 0.9 0.95 6.5 7 1127.894035925259 0.02100208718684371
10 60 0.9 0.95 7 7.5 1007.57641489587 0.0174355242013462
10 60 0.9 0.95 7.5 8 903.4379261252235 0.01458996233043308
10 60 0.9 0.95 8 8.5 812.7664364268196 0.01217358125757073
10 60 0.9 0.95 8.5 9 733.4113798547741 0.01016657963191392
10 60 0.9 0.95 9 9.5 663.6430864318111 0.00860464750076062
10 60 0.9 0.95 9.5 10 602.0455933929046 0.007338417350979398
10 60 0.9 0.95 10 10.5 547.4658765164754 0.006298586192428957
10 60 0.9 0.95 10.5 11 498.9405143235142 0.005404419359308577
10 60 0.9 0.95 11 11.5 455.6626816433666 0.02276829265440483
10 60 0.9 0.95 11.5 12 416.9604971942351 0.01752739997562003
10 60 0.9 0.95 12 12.5 382.2578997590062 0.01338764744616583
10 60 0.9 0.95 12.5 13 351.0634012785248 0.009728186734093924
10 60 0.9 0.95 13 13.5 322.9616844059321 0.007055587974718946
10 60 0.9 0.95 13.5 14 297.5913837348484 0.005065176704704299
10 60 0.9 0.95 14 14.5 274.6379052517266 0.003301520467630326
10 60 0.9 0.95 14.5 15 253.8319596028096 0.001928389998425928
10 60 0.9 0.95 15 16 452.690468607002 0.004526993320553174
10 60 0.9 0.95 16 17 389.8800887405116 0.006045749159397928
10 60 0.9 0.95 17 18 337.4817846124447 0.01118228663318632
10 60 0.9 0.95 18 19 293.5012656359685 0.01439570128655987
10 60 0.9 0.95 19 20 256.3796623406145 0.001506293070121956
10 60 0.9 0.95 20 21 224.8802763646175 0.00126933228474968
10 60 0.9 0.95 21 22 198.0197516070692 0.001080600017587585
10 60 0.9 0.95 22 23 175.0079064552205 0.0009226074814989715
10 60 0.9 0.95 23 24 155.2059233486702 0.0007942723348151048
10 60 0.9 0.95 24 25 138.0953426527996 0.000714397146509782
10 60 0.9 0.95 25 26 123.2514517160601 0.000598662759514923
10 60 0.9 0.95 26 27 110.326032227411 0.0005316764933098739
10 60 0.9 0.95 27 28 99.03109281459474 0.0004875742817063156
10 60 0.9 0.95 28 29 89.12754035747416 0.0004093194411609602
10 60 0.9 0.95 29 30 80.41622552777642 0.0003869465244008552
10 60 0.9 0.95 30 31 72.73006203854676 0.0003339141245533028
10 60 0.9 0.95 31 32 65.92876265909764 0.000285792602710444
10 60 0.9 0.95 32 33 59.89397609706129 0.0002555510956270268
10 60 0.9 0.95 33 34 54.52511141196488 0.0002295719875888835
10 60 0.9 0.95 34 35 49.7364127126381 0.0002171922983151831
10 60 0.9 0.95 35 36 45.45467666984224 0.0001983094585114031
10 60 0.9 0.95 36 37 41.61730490795921 0.000170460380871873
10 60 0.9 0.95 37 38 38.17056713898039 0.0001536135245743253
10 60 0.9 0.95 38 39 35.06812990484712 0.0001397610194899812
10 60 0.9 0.95 39 40 32.26987895866179 0.0001276180905946944
10 60 0.9 0.95 40 42 57.19226924870809 0.0002234873275810401
10 60 0.9 0.95 42 44 48.86097181188408 0.0001881213983736529
10 60 0.9 0.95 44 46 41.97092108935949 0.0001596924352966766
10 60 0.9 0.95 46 48 36.23532653935933 0.0001363629272432831
10 60 0.9 0.95 48 50 31.43156307369095 0.0001172140544589695
10 60 0.9 0.95 50 52 27.38525580221632 0.0001012526515751233
10 60 0.9 0.95 52 54 23.95877303805182 8.797181609310201e-05
10 60 0.9 0.95 54 56 21.04256608865348 7.679084555789473e-05
10 60 0.9 0.95 56 58 18.54894656081352 6.731914292501529e-05
10 60 0.9 0.95 58 60 16.40727127007457 5.927320675525038e-05
10 60 0.9 0.95 60 65 33.46867971440276 0.0001201645837625165
10 60 0.9 0.95 65 70 25.28042840196724 9.018867372390105e-05
10 60 0.9 0.95 70 80 34.53123896518489 0.0001226711909012579
10 60 0.9 0.95 80 90 21.45894893902773 7.620636998950658e-05
10 60 0.9 0.95 90 100 13.94488671029571 4.971967320521742e-05
10 60 0.95 1 0 0.5 -60864.81277657196 0.7172182248177705
10 60 0.95 1 0.5 1 1083.832107950782 0.04640650727424145
10 60 0.95 1 1 1.5 5130.43450681424 0.2560459661845016
10 60 0.95 1 1.5 2 4769.496782887682 0.2015278898797987
10 60 0.95 1 2 2.5 4054.145406971862 0.1425222356901941
10 60 0.95 1 2.5 3 3414.528030880857 0.1151863932254855
10 60 0.95 1 3 3.5 2892.663583610779 0.09263751684557064
10 60 0.95 1 3.5 4 2472.310465972238 0.07233033550983237
10 60 0.95 1 4 4.5 2131.749791594737 0.05770523149749351
10 60 0.95 1 4.5 5 1852.865780683988 0.04726218908581359
10 60 0.95 1 5 5.5 1621.826131850686 0.0385380912216533
10 60 0.95 1 5.5 6 1428.336310920092 0.03127771852973638
10 60 0.95 1 6 6.5 1264.685459965131 0.02569855679803368
10 60 0.95 1 6.5 7 1125.061959838943 0.02107406731420269
10 60 0.95 1 7 7.5 1005.021616343997 0.01734626565178132
10 60 0.95 1 7.5 8 901.1266361211899 0.01439696731097229
10 60 0.95 1 8 8.5 810.6693810909278 0.01208313349422951
10 60 0.95 1 8.5 9 731.5093751106414 0.01019856877087477
10 60 0.95 1 9 9.5 661.9084825179591 0.008610228200723213
10 60 0.95 1 9.5 10 600.4659993835098 0.007295473312069589
10 60 0.95 1 10 10.5 546.0237909780474 0.006245818152706306
10 60 0.95 1 10.5 11 497.6184899114117 0.005394700446629486
10 60 0.95 1 11 11.5 454.4540990546864 0.004679853233426456
10 60 0.95 1 11.5 12 415.8513932854187 0.01761462194860997
10 60 0.95 1 12 12.5 381.2361883499865 0.01302907294785882
10 60 0.95 1 12.5 13 350.1249952872585 0.009789816338980017
10 60 0.95 1 13 13.5 322.0973189336793 0.007188793514274039
10 60 0.95 1 13.5 14 296.7914214033804 0.004876322797883859
10 60 0.95 1 14 14.5 273.8989170560052 0.003223438721079219
10 60 0.95 1 14.5 15 253.1494744880394 0.002015760318812454
10 60 0.95 1 15 16 451.4691237605509 0.003907297225566708
10 60 0.95 1 16 17 388.8287684062095 0.005633033748495109
10 60 0.95 1 17 18 336.5705822457071 0.01153068783031586
10 60 0.95 1 18 19 292.7107346194441 0.01417516553857467
10 60 0.95 1 19 20 255.690005500603 0.001505418272358838
10 60 0.95 1 20 21 224.2770202431376 0.001265683257997807
10 60 0.95 1 21 22 197.4897694164637 0.001076474342852407
10 60 0.95 1 22 23 174.5403570364521 0.0009223216488294383
10 60 0.95 1 23 24 154.7928490694956 0.0007931964220802001
10 60 0.95 1 24 25 137.7291237509986 0.0006864951466241109
10 60 0.95 1 25 26 122.9263549289008 0.0005973894686519543
10 60 0.95 1 26 27 110.0366095652747 0.0005230950535661805
10 60 0.95 1 27 28 98.77276593924169 0.0004588377606182803
10 60 0.95 1 28 29 88.89650886681257 0.0004184185217468439
10 60 0.95 1 29 30 80.20904377935611 0.0003587422983315491
10 60 0.95 1 30 31 72.54402632151998 0.0003251296188011565
10 60 0.95 1 31 32 65.76134575029957 0.0002871949516531913
10 60 0.95 1 32 33 59.74277515799893 0.000255064916686365
10 60 0.95 1 33 34 54.3882201323807 0.0002296401769825707
10 60 0.95 1 34 35 49.61238762530622 0.0002062457261686745
10 60 0.95 1 35 36 45.34228341283708 0.000187242911515284
10 60 0.95 1 36 37 41.5153304054317 0.0001695460511612623
10 60 0.95 1 37 38 38.07786648981227 0.0001534632721060802
10 60 0.95 1 38 39 34.98367936222391 0.0001397114056373994
10 60 0.95 1 39 40 32.19282566419767 0.0001274623112692552
10 60 0.95 1 40 42 57.05750472643282 0.000223285640132076
10 60 0.95 1 42 44 48.74799103022885 0.0001880043625348549
10 60 0.95 1 44 46 41.87590433936953 0.0001595854401728047
10 60 0.95 1 46 48 36.15498000910333 0.0001363059350865115
10 60 0.95 1 48 50 31.36323920274884 0.0001171634356254003
10 60 0.95 1 50 52 27.32690838198253 0.0001012513128486603
10 60 0.95 1 52 54 23.90874377852178 8.797025845552753e-05
10 60 0.95 1 54 56 20.99957410163831 7.681086670885406e-05
10 60 0.95 1 56 58 18.51192168397247 6.734699398691646e-05
10 60 0.95 1 58 60 16.37529693276068 5.929791360514969e-05
10 60 0.95 1 60 65 33.40619055798403 0.0001201747139845111
10 60 0.95 1 65 70 25.23667413824993 9.024187556505581e-05
10 60 0.95 1 70 80 34.47759742543651 0.0001227195177619933
10 60 0.95 1 80 90 21.43144665063947 7.628316146934822e-05
10 60 0.95 1 90 100 13.93098009212472 4.979539917471243e-05
10 60 1 1.1 0 0.5 -120933.3643076957 3.934779883522424
10 60 1 1.1 0.5 1 2251.160410228101 0.00623077461750654
10 60 1 1.1 1 1.5 10255.26962668573 0.4971080899467779
10 60 1 1.1 1.5 2 9518.475100505828 0.379296799601434
10 60 1 1.1 2 2.5 8085.761866862785 0.3000105019382318
10 60 1 1.1 2.5 3 6807.658223361181 0.2264766619136935
10 60 1 1.1 3 3.5 5765.842805650223 0.1786859167750663
10 60 1 1.1 3.5 4 4927.148091503392 0.1454012012563908
10 60 1 1.1 4 4.5 4247.898961408902 0.1170187655270638
10 60 1 1.1 4.5 5 3691.78167780631 0.09362204438366462
10 60 1 1.1 5 5.5 3231.191557218593 0.07577071274499758
10 60 1 1.1 5.5 6 2845.500452027429 0.0621898595818493
10 60 1 1.1 6 6.5 2519.338854086332 0.05103884647269297
10 60 1 1.1 6.5 7 2241.087889780683 0.04339506044334485
10 60 1 1.1 7 7.5 2001.891529594224 0.0410251413181868
10 60 1 1.1 7.5 8 1794.874357541764 0.03453173541402066
10 60 1 1.1 8 8.5 1614.65733360145 0.03428251403670401
10 60 1 1.1 8.5 9 1456.94216650665 0.02774205512127992
10 60 1 1.1 9 9.5 1318.293065229301 0.02768075071321618
10 60 1 1.1 9.5 10 1195.89472783095 0.02429475746771459
10 60 1 1.1 10 10.5 1087.44423293477 0.02085102654405091
10 60 1 1.1 10.5 11 991.0321082003687 0.02168515684149952
10 60 1 1.1 11 11.5 905.0522209072404 0.01765058949433751
10 60 1 1.1 11.5 12 828.1637149419092 0.03465178673752689
10 60 1 1.1 12 12.5 759.2248642883582 0.02634899960173698
10 60 1 1.1 12.5 13 697.2592780618463 0.01936547142895506
10 60 1 1.1 13 13.5 641.4371625741209 0.01405504403874147
10 60 1 1.1 13.5 14 591.0409508945083 0.01283976420143063
10 60 1 1.1 14 14.5 545.4482901350514 0.01091262402781012
10 60 1 1.1 14.5 15 504.1225601042228 0.009355013970036907
10 60 1 1.1 15 16 899.055121439972 0.01855915060457392
10 60 1 1.1 16 17 774.30990829448 0.01472132084631994
10 60 1 1.1 17 18 670.246570590218 0.02260688043520531
10 60 1 1.1 18 19 582.9063460637975 0.02850886058081414
10 60 1 1.1 19 20 509.1881111564492 0.01026553078071402
10 60 1 1.1 20 21 446.6363088025731 0.008431316030169
10 60 1 1.1 21 22 393.2964176380222 0.007637960891088369
10 60 1 1.1 22 23 347.5985699976237 0.006399114309658671
10 60 1 1.1 23 24 308.2757561533575 0.005650677633354917
10 60 1 1.1 24 25 274.2975668172802 0.004937561271788127
10 60 1 1.1 25 26 244.8216544277486 0.004395800588014254
10 60 1 1.1 26 27 219.1553790861433 0.003952948836655423
10 60 1 1.1 27 28 196.7266491280327 0.00344685747325002
10 60 1 1.1 28 29 177.0609263771916 0.003090588584427678
10 60 1 1.1 29 30 159.7623145039938 0.002742232317075377
10 60 1 1.1 30 31 144.4993592571076 0.002435305383329478
10 60 1 1.1 31 32 130.9932094199485 0.002157162859731443
10 60 1 1.1 32 33 119.0084083840287 0.001944445505543513
10 60 1 1.1 33 34 108.3452939124864 0.001712849523983095
10 60 1 1.1 34 35 98.83412548581734 0.001433575146563726
10 60 1 1.1 35 36 90.3301022513625 0.001241141964001713
10 60 1 1.1 36 37 82.70893151545961 0.001166936470539781
10 60 1 1.1 37 38 75.8635608191628 0.001105880506003132
10 60 1 1.1 38 39 69.70168420762336 0.001018101667625615
10 60 1 1.1 39 40 64.14359528289833 0.0009217293837338048
10 60 1 1.1 40 42 113.6918642026166 0.001544471186434748
10 60 1 1.1 42 44 97.14102704022606 0.001315301892205412
10 60 1 1.1 44 46 83.45254305261057 0.001098378763970231
10 60 1 1.1 46 48 72.05679244686483 0.0009988081715306407
10 60 1 1.1 48 50 62.51136040271064 0.0008489309911681175
10 60 1 1.1 50 52 54.47013214340587 0.0006924213959322856
10 60 1 1.1 52 54 47.66002129858242 0.0005700666153671818
10 60 1 1.1 54 56 41.86376883677867 0.0004827937083291545
10 60 1 1.1 56 58 36.90725256435022 0.0004249388162449463
10 60 1 1.1 58 60 32.64999406928448 0.0003698995314493914
10 60 1 1.1 60 65 66.61596542662511 0.0007283716342811886
10 60 1 1.1 65 70 50.33503852701788 0.0005043509438138472
10 60 1 1.1 70 80 68.78684644411432 0.0006188541854186269
10 60 1 1.1 80 90 42.77609295963989 0.0003508271419221387
10 60 1 1.1 90 100 27.81773478485576 0.0002043959872821688
10 60 1.1 1.2 0 0.5 -119792.3725136893 4.039063588672434
10 60 1.1 1.2 0.5 1 2371.173045114183 0.07367618048874647
10 60 1.1 1.2 1 1.5 10247.29841615344 0.1817796739851474
10 60 1.1 1.2 1.5 2 9489.1685738368 0.3918835869590112
10 60 1.1 1.2 2 2.5 8053.534236108409 0.2888291853305418
10 60 1.1 1.2 2.5 3 6777.045730184571 0.2296551727931728
10 60 1.1 1.2 3 3.5 5737.97188356278 0.1833104131701475
10 60 1.1 1.2 3.5 4 4902.123703919216 0.1438793548886679
10 60 1.1 1.2 4 4.5 4225.54271863118 0.1145497449206232
10 60 1.1 1.2 4.5 5 3671.83155200174 0.09323116178620694
10 60 1.1 1.2 5 5.5 3213.339584355168 0.07639547280496117
10 60 1.1 1.2 5.5 6 2829.510605281527 0.06214250585071568
10 60 1.1 1.2 6 6.5 2504.976711938098 0.05060586519948629
10 60 1.1 1.2 6.5 7 2228.159644632477 0.04210949162461475
10 60 1.1 1.2 7 7.5 1990.225246513896 0.03907361763776862
10 60 1.1 1.2 7.5 8 1784.325326310548 0.03432946367115619
10 60 1.1 1.2 8 8.5 1605.093577306065 0.03092017467474761
10 60 1.1 1.2 8.5 9 1448.262218485215 0.02940660890908475
10 60 1.1 1.2 9 9.5 1310.391894173565 0.0240499555977749
10 60 1.1 1.2 9.5 10 1188.696845896284 0.02514444320445364
10 60 1.1 1.2 10 10.5 1080.871314726181 0.02008671205203427
10 60 1.1 1.2 10.5 11 985.0191764057158 0.01953680650706247
10 60 1.1 1.2 11 11.5 899.5463622408549 0.01859920186916497
10 60 1.1 1.2 11.5 12 823.1111172878757 0.03423222805611204
10 60 1.1 1.2 12 12.5 754.5825979713762 0.02600387204802246
10 60 1.1 1.2 12.5 13 692.9897222055141 0.01931090397147273
10 60 1.1 1.2 13 13.5 637.5032665132848 0.01385660729147276
10 60 1.1 1.2 13.5 14 587.4118021510461 0.0116774879248851
10 60 1.1 1.2 14 14.5 542.0968744217292 0.01093455844329583
10 60 1.1 1.2 14.5 15 501.0229183619034 0.009175745632148846
10 60 1.1 1.2 15 16 893.5225269711245 0.0172376126471363
10 60 1.1 1.2 16 17 769.543609574861 0.01403523592466627
10 60 1.1 1.2 17 18 666.1231973261335 0.02268751956478354
10 60 1.1 1.2 18 19 579.3260060048137 0.02842018875776375
10 60 1.1 1.2 19 20 506.0677337787584 0.009406616801527434
10 60 1.1 1.2 20 21 443.9081779339558 0.007903127699648849
10 60 1.1 1.2 21 22 390.9036521174268 0.007123494089285032
10 60 1.1 1.2 22 23 345.4933450603698 0.006107976867951947
10 60 1.1 1.2 23 24 306.4173982377234 0.005382081124025717
10 60 1.1 1.2 24 25 272.651794419451 0.004600242234687357
10 60 1.1 1.2 25 26 243.3599944344768 0.004000925699159552
10 60 1.1 1.2 26 27 217.8542111136938 0.003495492169633962
10 60 1.1 1.2 27 28 195.5661973901792 0.003153113766188653
10 60 1.1 1.2 28 29 176.0238578489171 0.002795159917809542
10 60 1.1 1.2 29 30 158.8337240064773 0.002495913639876335
10 60 1.1 1.2 30 31 143.6662610400736 0.002247783986973673
10 60 1.1 1.2 31 32 130.2443401627762 0.001978273464914082
10 60 1.1 1.2 32 33 118.3340134081202 0.001733494060644603
10 60 1.1 1.2 33 34 107.7369739797224 0.001539013145333001
10 60 1.1 1.2 34 35 98.28444172078973 0.00140442864103818
10 60 1.1 1.2 35 36 89.83223234368126 0.001269450518066151
10 60 1.1 1.2 36 37 82.25689026343248 0.001095406476096628
10 60 1.1 1.2 37 38 75.45242384836521 0.0009555624212964631
10 60 1.1 1.2 38 39 69.32739897218282 0.0009019981101232588
10 60 1.1 1.2 39 40 63.80256385030662 0.0008887275388360649
10 60 1.1 1.2 40 42 113.0963304922552 0.001580684551143463
10 60 1.1 1.2 42 44 96.6417631004422 0.001296116971374772
10 60 1.1 1.2 44 46 83.03136382711128 0.001050301928373187
10 60 1.1 1.2 46 48 71.6998314611298 0.0008673130328276102
10 60 1.1 1.2 48 50 62.20791320847604 0.0007339442206344415
10 60 1.1 1.2 50 52 54.21144092144376 0.0006441832046490958
10 60 1.1 1.2 52 54 47.43868583187141 0.0005434812033797698
10 60 1.1 1.2 54 56 41.67368239001826 0.0004562120665312364
10 60 1.1 1.2 56 58 36.74346196308436 0.0003840628725342299
10 60 1.1 1.2 58 60 32.50852479483947 0.0003214344633022392
10 60 1.1 1.2 60 65 66.33979890797384 0.0006578583113849845
10 60 1.1 1.2 65 70 50.14046816045642 0.0004672569643418001
10 60 1.1 1.2 70 80 68.55015301735982 0.0006116638778195238
10 60 1.1 1.2 80 90 42.65339073097825 0.000310062006668943
10 60 1.1 1.2 90 100 27.75462041187129 0.0002203590099050245
10 60 1.2 1.3 0 0.5 -118555.3632985931 3.984960359477554
10 60 1.2 1.3 0.5 1 2501.672390153578 0.0583349430457929
10 60 1.2 1.3 1 1.5 10238.99072112064 0.5008240298520832
10 60 1.2 1.3 1.5 2 9457.649105246932 0.3741189833017415
10 60 1.2 1.3 2 2.5 8018.753605169216 0.2923284622711435
10 60 1.2 1.3 2.5 3 6743.973051913747 0.225994362936035
10 60 1.2 1.3 3 3.5 5707.84576789207 0.1761761242269131
10 60 1.2 1.3 3.5 4 4875.094368727654 0.1422209681522872
10 60 1.2 1.3 4 4.5 4201.399767762272 0.1156668243138483
10 60 1.2 1.3 4.5 5 3650.260958262471 0.09347144931189177
10 60 1.2 1.3 5 5.5 3194.063480476463 0.0753018422860805
10 60 1.2 1.3 5.5 6 2812.243301586362 0.06102053792574225
10 60 1.2 1.3 6 6.5 2489.467214281474 0.0503801919730904
10 60 1.2 1.3 6.5 7 2214.206885718091 0.0434207287657955
10 60 1.2 1.3 7 7.5 1977.633986613704 0.034778211524781
10 60 1.2 1.3 7.5 8 1772.946110065733 0.03563727180767273
10 60 1.2 1.3 8 8.5 1594.780560052985 0.02805021046810907
10 60 1.2 1.3 8.5 9 1438.900489888289 0.02878584973427678
10 60 1.2 1.3 9 9.5 1301.877017150425 0.02354843801754214
10 60 1.2 1.3 9.5 10 1180.935661403548 0.02268354186776378
10 60 1.2 1.3 10 10.5 1073.788937941393 0.02084464045674395
10 60 1.2 1.3 10.5 11 978.5417426238774 0.01738831909290184
10 60 1.2 1.3 11 11.5 893.6151288521668 0.01776573152801575
10 60 1.2 1.3 11.5 12 817.6720761551816 0.03400091632704516
10 60 1.2 1.3 12 12.5 749.5860158895002 0.02569263008467715
10 60 1.2 1.3 12.5 13 688.3944921711079 0.01916778674763009
10 60 1.2 1.3 13 13.5 633.2713642830173 0.0137278733985795
10 60 1.2 1.3 13.5 14 583.5089449786976 0.01061444563197256
10 60 1.2 1.3 14 14.5 538.4936047899266 0.01032783126174763
10 60 1.2 1.3 14.5 15 497.6923912903495 0.008987979121059197
10 60 1.2 1.3 15 16 887.5833720364609 0.01624277693542808
10 60 1.2 1.3 16 17 764.4313722825005 0.01344597530214742
10 60 1.2 1.3 17 18 661.7021292742998 0.02272346716949869
10 60 1.2 1.3 18 19 575.4883890629421 0.02835628185141559
10 60 1.2 1.3 19 20 502.7253065681769 0.008702784791182694
10 60 1.2 1.3 20 21 440.9871204591061 0.007403927340931205
10 60 1.2 1.3 21 22 388.3423406869273 0.006475810716608521
10 60 1.2 1.3 22 23 343.2409371820221 0.005606955194593866
10 60 1.2 1.3 23 24 304.4310316797422 0.00492610667123472
10 60 1.2 1.3 24 25 270.8952022378754 0.004302020555428498
10 60 1.2 1.3 25 26 241.8020427857811 0.003712817735760154
10 60 1.2 1.3 26 27 216.4685525537902 0.003219867654252084
10 60 1.2 1.3 27 28 194.3305389234487 0.002818373029839449
10 60 1.2 1.3 28 29 174.9196432812011 0.002438553502486229
10 60 1.2 1.3 29 30 157.8452193311713 0.00217445940717198
10 60 1.2 1.3 30 31 142.7798562828164 0.001960011124992889
10 60 1.2 1.3 31 32 129.4481588890034 0.001771359458473398
10 60 1.2 1.3 32 33 117.6176281933951 0.001617584199436806
10 60 1.2 1.3 33 34 107.091168858711 0.001490317119476003
10 60 1.2 1.3 34 35 97.70110838556334 0.001376388798803418
10 60 1.2 1.3 35 36 89.30431048581522 0.001249724068614455
10 60 1.2 1.3 36 37 81.77820597406173 0.001131251245666931
10 60 1.2 1.3 37 38 75.0174190252239 0.001030174823640095
10 60 1.2 1.3 38 39 68.93111359356479 0.0009139842915573126
10 60 1.2 1.3 39 40 63.44080139626696 0.0007797164066261075
10 60 1.2 1.3 40 42 112.4633630841316 0.001333167052251838
10 60 1.2 1.3 42 44 96.11156237909366 0.001231476274824672
10 60 1.2 1.3 44 46 82.58501597241188 0.001008649651140558
10 60 1.2 1.3 46 48 71.3219658273722 0.0007780249786577542
10 60 1.2 1.3 48 50 61.88665392308646 0.0006577549625887968
10 60 1.2 1.3 50 52 53.93740836703272 0.0005659742734493989
10 60 1.2 1.3 52 54 47.20433407138858 0.0005036971102967414
10 60 1.2 1.3 54 56 41.47266390178486 0.0004204725539693754
10 60 1.2 1.3 56 58 36.57047361261924 0.0003590427335069535
10 60 1.2 1.3 58 60 32.35918554655973 0.0003142242873508394
10 60 1.2 1.3 60 65 66.04786587529073 0.0005869388651547069
10 60 1.2 1.3 65 70 49.934699844212 0.0004388673935693532
10 60 1.2 1.3 70 80 68.29884002374079 0.0005894810457505173
10 60 1.2 1.3 80 90 42.5229536596436 0.0003381707675345069
10 60 1.2 1.3 90 100 27.6862005354342 0.0002552434241849255
10 60 1.3 1.4 0 0.5 -117223.1652443483 3.805791021615732
10 60 1.3 1.4 0.5 1 2642.289746684227 0.08493373791816339
10 60 1.3 1.4 1 1.5 10230.40859065884 0.2099417620047461
10 60 1.3 1.4 1.5 2 9423.929493911453 0.3877611919451738
10 60 1.3 1.4 2 2.5 7981.506855376809 0.2911283583298427
10 60 1.3 1.4 2.5 3 6708.544980193875 0.2253686564108648
10 60 1.3 1.4 3 3.5 5675.565649348152 0.179434451330053
10 60 1.3 1.4 3.5 4 4846.114976224687 0.1428570965545077
10 60 1.3 1.4 4 4.5 4175.503858379288 0.1135617161125992
10 60 1.3 1.4 4.5 5 3627.148528266114 0.09162811991063791
10 60 1.3 1.4 5 5.5 3173.403982784241 0.07488350436642577
10 60 1.3 1.4 5.5 6 2793.734172149875 0.06146410463088614
10 60 1.3 1.4 6 6.5 2472.861907654595 0.05044946918815185
10 60 1.3 1.4 6.5 7 2199.26058031161 0.04107383984364787
10 60 1.3 1.4 7 7.5 1964.15901022236 0.0357332878293164
10 60 1.3 1.4 7.5 8 1760.762421110941 0.03175169416499557
10 60 1.3 1.4 8 8.5 1583.749219581183 0.02882735770367617
10 60 1.3 1.4 8.5 9 1428.88581668988 0.02566606131085791
10 60 1.3 1.4 9 9.5 1292.772152824054 0.02397776813859309
10 60 1.3 1.4 9.5 10 1172.638911296745 0.02010791056386552
10 60 1.3 1.4 10 10.5 1066.218530129074 0.02000418377406277
10 60 1.3 1.4 10.5 11 971.6229090489352 0.01665941958026451
10 60 1.3 1.4 11 11.5 887.280949141074 0.04418760371117969
10 60 1.3 1.4 11.5 12 811.8655194136658 0.03378344651639509
10 60 1.3 1.4 12 12.5 744.2542758783953 0.02542924085344112
10 60 1.3 1.4 12.5 13 683.491860097962 0.01887484671840411
10 60 1.3 1.4 13 13.5 628.7577784621146 0.01358851349107226
10 60 1.3 1.4 13.5 14 579.3477313971501 0.009870497477095341
10 60 1.3 1.4 14 14.5 534.6524826396135 0.009496731325953078
10 60 1.3 1.4 14.5 15 494.1426677346461 0.008405817015272987
10 60 1.3 1.4 15 16 881.2569851720031 0.01501756932600529
10 60 1.3 1.4 16 17 758.9923390171283 0.01263639572550801
10 60 1.3 1.4 17 18 657.0052824442213 0.0225629928906983
10 60 1.3 1.4 18 19 571.4144297917514 0.02815259245346624
10 60 1.3 1.4 19 20 499.1773763226453 0.007713761750267167
10 60 1.3 1.4 20 21 437.8875318846924 0.006697183501103154
10 60 1.3 1.4 21 22 385.62616850738 0.005855372457006069
10 60 1.3 1.4 22 23 340.8536370253283 0.00505524463085294
10 60 1.3 1.4 23 24 302.3268864623712 0.004372877483262982
10 60 1.3 1.4 24 25 269.0358822190876 0.003881970990391892
10 60 1.3 1.4 25 26 240.1548564447299 0.003395595733195478
10 60 1.3 1.4 26 27 215.0054535707751 0.002938723903383789
10 60 1.3 1.4 27 28 193.0275517735271 0.002544003646221427
10 60 1.3 1.4 28 29 173.7563270972197 0.002240526380802521
10 60 1.3 1.4 29 30 156.8041031915729 0.001990296669390546
10 60 1.3 1.4 30 31 141.846111872717 0.001800629773697437
10 60 1.3 1.4 31 32 128.609099709051 0.001700507308726174
10 60 1.3 1.4 32 33 116.8621460782336 0.001571126765682607
10 60 1.3 1.4 33 34 106.4095942135745 0.001400482154281235
10 60 1.3 1.4 34 35 97.08510995193028 0.001272979925289519
10 60 1.3 1.4 35 36 88.74664450684375 0.001171081201505331
10 60 1.3 1.4 36 37 81.27248880869534 0.001070894313315307
10 60 1.3 1.4 37 38 74.55805706120336 0.0009655017202589988
10 60 1.3 1.4 38 39 68.51320985893305 0.0008656915377258656
10 60 1.3 1.4 39 40 63.05998899015349 0.0007889119689252766
10 60 1.3 1.4 40 42 111.7975003839321 0.001316227918039203
10 60 1.3 1.4 42 44 95.5526703994565 0.0009416840103142476
10 60 1.3 1.4 44 46 82.11470431380987 0.0008907660342742929
10 60 1.3 1.4 46 48 70.92488108860371 0.0008155030370886607
10 60 1.3 1.4 48 50 61.54952128856204 0.0006367714406536606
10 60 1.3 1.4 50 52 53.64979557580047 0.0004938470101620851
10 60 1.3 1.4 52 54 46.95813104465936 0.0004308020717260774
10 60 1.3 1.4 54 56 41.26139002920917 0.0003793282512845053
10 60 1.3 1.4 56 58 36.38876480738157 0.0003571345089596889
10 60 1.3 1.4 58 60 32.2024416100214 0.000292952693932591
10 60 1.3 1.4 60 65 65.74170852783357 0.0005663095836609955
10 60 1.3 1.4 65 70 49.7183789523956 0.0004154104664735314
10 60 1.3 1.4 70 80 68.03337130184558 0.0005901106849961479
10 60 1.3 1.4 80 90 42.38430519525261 0.0004261613875229386
10 60 1.3 1.4 90 100 27.61164169708783 0.0002863956180583216
10 60 1.4 1.5 0 0.5 -115799.642655437 3.588980741027626
10 60 1.4 1.5 0.5 1 2792.226612463096 0.02175730288536215
10 60 1.4 1.5 1 1.5 10221.34191054145 0.5023704032009846
10 60 1.4 1.5 1.5 2 9388.108519229048 0.3804152624234121
10 60 1.4 1.5 2 2.5 7941.883881611327 0.2896005738894019
10 60 1.4 1.5 2.5 3 6670.828491883495 0.2258844887073792
10 60 1.4 1.5 3 3.5 5641.194590573458 0.1768067704360874
10 60 1.4 1.5 3.5 4 4815.267909798263 0.1408850773632366
10 60 1.4 1.5 4 4.5 4147.948515232663 0.1136178658243807
10 60 1.4 1.5 4.5 5 3602.546882320441 0.09209424077562289
10 60 1.4 1.5 5 5.5 3151.409487909194 0.07465780823986279
10 60 1.4 1.5 5.5 6 2774.043808132852 0.06059958369723972
10 60 1.4 1.5 6 6.5 2455.187707439204 0.04922519886713417
10 60 1.4 1.5 6.5 7 2183.363481309395 0.04067378544732492
10 60 1.4 1.5 7 7.5 1949.829883237944 0.03556937663393001
10 60 1.4 1.5 7.5 8 1747.815852733328 0.02914536388220768
10 60 1.4 1.5 8 8.5 1572.02788026057 0.02832855723977445
10 60 1.4 1.5 8.5 9 1418.250625535084 0.02334247354883701
10 60 1.4 1.5 9 9.5 1283.105721703386 0.02287197535929408
10 60 1.4 1.5 9.5 10 1163.837595001196 0.01931888808962867
10 60 1.4 1.5 10 10.5 1058.189433402549 0.01863768007251565
10 60 1.4 1.5 10.5 11 964.2864825033282 0.01603187115995297
10 60 1.4 1.5 11 11.5 880.5660288109633 0.04367087903995071
10 60 1.4 1.5 11.5 12 805.7110705411513 0.0334052958888833
10 60 1.4 1.5 12 12.5 738.6056704619313 0.02512338246663148
10 60 1.4 1.5 12.5 13 678.3002530137413 0.01864798532142231
10 60 1.4 1.5 13 13.5 623.9799040838549 0.01343862172677746
10 60 1.4 1.5 13.5 14 574.9447556942735 0.009372164135697858
10 60 1.4 1.5 14 14.5 530.5896415462048 0.008695426571989628
10 60 1.4 1.5 14.5 15 490.389271278638 0.007775813747514349
10 60 1.4 1.5 15 16 874.5709478662354 0.01386161935852215
10 60 1.4 1.5 16 17 753.2478740707763 0.01196186453285009
10 60 1.4 1.5 17 18 652.0493383374517 0.02252434050785723
10 60 1.4 1.5 18 19 567.1215256008088 0.02790975265622819
10 60 1.4 1.5 19 20 495.4434379194074 0.00708461136173355
10 60 1.4 1.5 20 21 434.6272264262547 0.005950402294274681
10 60 1.4 1.5 21 22 382.770211700884 0.005064458986225873
10 60 1.4 1.5 22 23 338.3450038227197 0.004488683963984386
10 60 1.4 1.5 23 24 300.1171626802515 0.003904078188156745
10 60 1.4 1.5 24 25 267.0840292273279 0.003359861504236505
10 60 1.4 1.5 25 26 238.4265732417932 0.002982451823640986
10 60 1.4 1.5 26 27 213.4715619603417 0.002712103809244581
10 60 1.4 1.5 27 28 191.6627949503124 0.002486108780288987
10 60 1.4 1.5 28 29 172.5387115221929 0.002283186840600138
10 60 1.4 1.5 29 30 155.7146056642408 0.002026630390133732
10 60 1.4 1.5 30 31 140.8685211924493 0.001748539837535645
10 60 1.4 1.5 31 32 127.7297782764652 0.001535401977079687
10 60 1.4 1.5 32 33 116.0696856698278 0.001370649535417101
10 60 1.4 1.5 33 34 105.6942838465901 0.001261714702650352
10 60 1.4 1.5 34 35 96.43840777548714 0.001174996503110037
10 60 1.4 1.5 35 36 88.16100581234063 0.001049332121482394
10 60 1.4 1.5 36 37 80.74135151465697 0.0009403334988320466
10 60 1.4 1.5 37 38 74.07568240452969 0.0008542090286312032
10 60 1.4 1.5 38 39 68.07451640061747 0.0007769537918989045
10 60 1.4 1.5 39 40 62.66047174568104 0.0007063537149818444
10 60 1.4 1.5 40 42 111.1005309058234 0.001243376052372014
10 60 1.4 1.5 42 44 94.96962333929262 0.001060252986107457
10 60 1.4 1.5 44 46 81.62325893940464 0.0007503585478190189
10 60 1.4 1.5 46 48 70.50902776756583 0.0006077370565549245
10 60 1.4 1.5 48 50 61.19705304705698 0.0006242559333387021
10 60 1.4 1.5 50 52 53.34982166919433 0.0005466426484019848
10 60 1.4 1.5 52 54 46.70150099567053 0.0004191860183766494
10 60 1.4 1.5 54 56 41.04095889167493 0.0003399899537512852
10 60 1.4 1.5 56 58 36.1988729139438 0.0002964111130125957
10 60 1.4 1.5 58 60 32.03855170714948 0.0002732728399337248
10 60 1.4 1.5 60 65 65.42175712508613 0.0005976061777772657
10 60 1.4 1.5 65 70 49.49205907041094 0.0004275512194666931
10 60 1.4 1.5 70 80 67.75370123902941 0.0006460793859872638
10 60 1.4 1.5 80 90 42.23551826302949 0.000495175891700228
10 60 1.4 1.5 90 100 27.52993243833856 0.0003831134108338574
10 60 1.5 1.6 0 0.5 -114289.0718240643 3.63027944395435
10 60 1.5 1.6 0.5 1 2951.332896094621 0.04703412597109491
10 60 1.5 1.6 1 1.5 10211.79191788826 0.4823924313095631
10 60 1.5 1.6 1.5 2 9350.232539635696 0.361778768039585
10 60 1.5 1.6 2 2.5 7899.979140351001 0.2807069268747
10 60 1.5 1.6 2.5 3 6630.925839824247 0.219136999067814
10 60 1.5 1.6 3 3.5 5604.838644071066 0.1739108553119877
10 60 1.5 1.6 3.5 4 4782.629256987353 0.1393617378998897
10 60 1.5 1.6 4 4.5 4118.790559159484 0.1123149949917206
10 60 1.5 1.6 4.5 5 3576.516946777478 0.09095748651907343
10 60 1.5 1.6 5 5.5 3128.149745342097 0.07395501117616732
10 60 1.5 1.6 5.5 6 2753.218512832927 0.06006605598395254
10 60 1.5 1.6 6 6.5 2436.500275769326 0.0498030842281878
10 60 1.5 1.6 6.5 7 2166.561363276739 0.04133117563287669
10 60 1.5 1.6 7 7.5 1934.68599110229 0.03348597882836657
10 60 1.5 1.6 7.5 8 1734.140948032893 0.0279176316757912
10 60 1.5 1.6 8 8.5 1559.652372660845 0.02660077524024018
10 60 1.5 1.6 8.5 9 1407.029663592818 0.02261228142697291
10 60 1.5 1.6 9 9.5 1272.910415680769 0.02133777702238149
10 60 1.5 1.6 9.5 10 1154.557327008032 0.01807770233722295
10 60 1.5 1.6 10 10.5 1049.727222877539 0.01701754375540077
10 60 1.5 1.6 10.5 11 956.5581669240688 0.01510261525061196
10 60 1.5 1.6 11 11.5 873.4962408753391 0.04319194303752738
10 60 1.5 1.6 11.5 12 799.2337021358668 0.03301299828501669
10 60 1.5 1.6 12 12.5 732.6626175282546 0.02483412353535641
10 60 1.5 1.6 12.5 13 672.8398347691179 0.01841681674102347
10 60 1.5 1.6 13 13.5 618.9564088745785 0.01324573648457772
10 60 1.5 1.6 13.5 14 570.3173496179057 0.009240389413548655
10 60 1.5 1.6 14 14.5 526.3215119098413 0.007820985959369864
10 60 1.5 1.6 14.5 15 486.4479853729408 0.0070931684037987
10 60 1.5 1.6 15 16 867.5543034765972 0.01250559216680358
10 60 1.5 1.6 16 17 747.2237582424076 0.01196037396482552
10 60 1.5 1.6 17 18 646.8555954522119 0.02248129352415162
10 60 1.5 1.6 18 19 562.6267127054027 0.02778567689301781
10 60 1.5 1.6 19 20 491.5393990234962 0.006419572369793514
10 60 1.5 1.6 20 21 431.2235668443338 0.005426512175915832
10 60 1.5 1.6 21 22 379.7915904874516 0.004564021552027953
10 60 1.5 1.6 22 23 335.7293280832592 0.003855593659864098
10 60 1.5 1.6 23 24 297.8137899294136 0.003421856038812621
10 60 1.5 1.6 24 25 265.0503843949718 0.003180890777855439
10 60 1.5 1.6 25 26 236.6258027464535 0.002914760189497656
10 60 1.5 1.6 26 27 211.8722251669838 0.002619723792207651
10 60 1.5 1.6 27 28 190.2385015627898 0.002296479323689482
10 60 1.5 1.6 28 29 171.2673206643316 0.002047154478333368
10 60 1.5 1.6 29 30 154.5772465785588 0.001866610388702838
10 60 1.5 1.6 30 31 139.8487653345471 0.001688936556575982
10 60 1.5 1.6 31 32 126.8132380832235 0.001485953917949701
10 60 1.5 1.6 32 33 115.2439366123725 0.001282954499188804
10 60 1.5 1.6 33 34 104.9487245396026 0.001110078793502112
10 60 1.5 1.6 34 35 95.764063590243 0.0009678492025670948
10 60 1.5 1.6 35 36 87.55025730923413 0.0008768662075766542
10 60 1.5 1.6 36 37 80.18749298777857 0.0008406083682359622
10 60 1.5 1.6 37 38 73.5727074677788 0.0007893794294062673
10 60 1.5 1.6 38 39 67.61708020951336 0.0007181707540979687
10 60 1.5 1.6 39 40 62.24387418599073 0.0006515338882593369
10 60 1.5 1.6 40 42 110.3736960592967 0.001129271458751191
10 60 1.5 1.6 42 44 94.362129353394 0.0009432303208285475
10 60 1.5 1.6 44 46 81.11306592799507 0.0008256529553136716
10 60 1.5 1.6 46 48 70.07765924057759 0.0006677564410040304
10 60 1.5 1.6 48 50 60.83016366007269 0.0004534918791634368
10 60 1.5 1.6 50 52 53.03724924858778 0.0004640976172325395
10 60 1.5 1.6 52 54 46.43461552497084 0.0004521577727132353
10 60 1.5 1.6 54 56 40.81206970842077 0.0003945791424015965
10 60 1.5 1.6 56 58 36.00165192862751 0.0003050369494133065
10 60 1.5 1.6 58 60 31.8680190555365 0.0002689973009211144
10 60 1.5 1.6 60 65 65.08768765181189 0.0005833615213788335
10 60 1.5 1.6 65 70 49.25533015910295 0.0004928940854256325
10 60 1.5 1.6 70 80 67.45841148220046 0.0007563082068742233
10 60 1.5 1.6 80 90 42.07470631215622 0.0006084223861080318
10 60 1.5 1.6 90 100 27.43895958788674 0.000528660384066626
10 60 1.6 1.7 0 0.5 -112692.5040060588 3.363502435880946
10 60 1.6 1.7 0.5 1 3119.828000744867 0.05266268362993287
10 60 1.6 1.7 1 1.5 10201.91327916606 0.5018906895475084
10 60 1.6 1.7 1.5 2 9310.375919064179 0.378562282967323
10 60 1.6 1.7 2 2.5 7855.88634208546 0.2853600585076492
10 60 1.6 1.7 2.5 3 6588.939275549821 0.2184929787572401
10 60 1.6 1.7 3 3.5 5566.57490893771 0.1729523567419164
10 60 1.6 1.7 3.5 4 4748.27768227471 0.1373621977945731
10 60 1.6 1.7 4 4.5 4088.1121522438 0.1103030543849854
10 60 1.6 1.7 4.5 5 3549.134959170509 0.08954231864754547
10 60 1.6 1.7 5 5.5 3103.685423885417 0.07305276688566664
10 60 1.6 1.7 5.5 6 2731.320026224319 0.06000084918514403
10 60 1.6 1.7 6 6.5 2416.857481964389 0.04913292753872156
10 60 1.6 1.7 6.5 7 2148.902960760113 0.0403346922239507
10 60 1.6 1.7 7 7.5 1918.77657190329 0.03380408246584921
10 60 1.6 1.7 7.5 8 1719.77736644531 0.02819964054378943
10 60 1.6 1.7 8 8.5 1546.658002210726 0.02428415621398017
10 60 1.6 1.7 8.5 9 1395.253003289724 0.02119120277575348
10 60 1.6 1.7 9 9.5 1262.216890354287 0.01965385448352208
10 60 1.6 1.7 9.5 10 1144.830269623667 0.01724426536520696
10 60 1.6 1.7 10 10.5 1040.862566525299 0.01580556441513181
10 60 1.6 1.7 10.5 11 948.465695478998 0.01380484324602094
10 60 1.6 1.7 11 11.5 866.0974296883877 0.04270706104500732
10 60 1.6 1.7 11.5 12 792.458446246666 0.03255570671296937
10 60 1.6 1.7 12 12.5 726.449202117421 0.0245621034408714
10 60 1.6 1.7 12.5 13 667.1328153658955 0.01813803615857523
10 60 1.6 1.7 13 13.5 613.7077871641795 0.01308466795285312
10 60 1.6 1.7 13.5 14 565.4842340820871 0.009094845290746889
10 60 1.6 1.7 14 14.5 521.865861748546 0.007011630686974968
10 60 1.6 1.7 14.5 15 482.3354696758581 0.006468504795122954
10 60 1.6 1.7 15 16 860.2376813131094 0.01116290376364759
10 60 1.6 1.7 16 17 740.9474516794668 0.01204609095213982
10 60 1.6 1.7 17 18 641.4492226587824 0.02237994863605763
10 60 1.6 1.7 18 19 557.9515629677317 0.02759899618092732
10 60 1.6 1.7 19 20 487.4817905021105 0.005652550992181204
10 60 1.6 1.7 20 21 427.6895928054466 0.00492314782189851
10 60 1.6 1.7 21 22 376.7027312893465 0.004362650182429206
10 60 1.6 1.7 22 23 333.0193152515465 0.003843165485591271
10 60 1.6 1.7 23 24 295.4269277561154 0.00340892973474638
10 60 1.6 1.7 24 25 262.9406792515462 0.002923254449740398
10 60 1.6 1.7 25 26 234.7558843685279 0.002537957695750492
10 60 1.6 1.7 26 27 210.2109267068848 0.002337156329758727
10 60 1.6 1.7 27 28 188.7589480413856 0.002098104917365617
10 60 1.6 1.7 28 29 169.9464084602546 0.001853816653863305
10 60 1.6 1.7 29 30 153.3953138899808 0.001630104813301614
10 60 1.6 1.7 30 31 138.7891004710771 0.001456138327370127
10 60 1.6 1.7 31 32 125.861421255076 0.001305348308008547
10 60 1.6 1.7 32 33 114.3873612961888 0.001197318885445497
10 60 1.6 1.7 33 34 104.1762333370993 0.001088275380070058
10 60 1.6 1.7 34 35 95.06586816956897 0.0009651447719818407
10 60 1.6 1.7 35 36 86.91785014256918 0.0008421306754229363
10 60 1.6 1.7 36 37 79.61360082459272 0.0007261180650317556
10 60 1.6 1.7 37 38 73.051170114963 0.0006379312854960517
10 60 1.6 1.7 38 39 67.14258982613467 0.0006080413988200917
10 60 1.6 1.7 39 40 61.81168097686915 0.0005902727772948424
10 60 1.6 1.7 40 42 109.6195607369506 0.001050688154705881
10 60 1.6 1.7 42 44 93.73170824640717 0.0009059158134192558
10 60 1.6 1.7 44 46 80.58345662200115 0.0007578584186234139
10 60 1.6 1.7 46 48 69.63078729067828 0.0006591305211571807
10 60 1.6 1.7 48 50 60.45114005364879 0.0005968659912838348
10 60 1.6 1.7 50 52 52.7135533648515 0.0004381085300408927
10 60 1.6 1.7 52 54 46.15718169051796 0.0003459741009521622
10 60 1.6 1.7 54 56 40.57403030481958 0.0003990393932298275
10 60 1.6 1.7 56 58 35.79679737542574 0.0003787308127485289
10 60 1.6 1.7 58 60 31.69090256464558 0.0003214446234416357
10 60 1.6 1.7 60 65 64.73951752227424 0.0006437735307258663
10 60 1.6 1.7 65 70 49.0065716016396 0.0005684164713173345
10 60 1.6 1.7 70 80 67.14479024513695 0.0009480090180460365
10 60 1.6 1.7 80 90 41.89915583473477 0.0007719085387520863
10 60 1.6 1.7 90 100 27.33534887079114 0.0006775225824178222
10 60 1.7 1.8 0 0.5 -111015.0290507868 3.122654990715091
10 60 1.7 1.8 0.5 1 3296.976706557044 0.03802487370603558
10 60 1.7 1.8 1 1.5 10191.7650866155 0.4942641789511981
10 60 1.7 1.8 1.5 2 9268.639974396639 0.3676556158861786
10 60 1.7 1.8 2 2.5 7809.664497028344 0.278947100190635
10 60 1.7 1.8 2.5 3 6544.952773083994 0.2201862285646712
10 60 1.7 1.8 3 3.5 5526.498045719129 0.1719286622856089
10 60 1.7 1.8 3.5 4 4712.314268843761 0.1366672790618395
10 60 1.7 1.8 4 4.5 4055.996007035048 0.1102776667198668
10 60 1.7 1.8 4.5 5 3520.474693558065 0.08876821332387408
10 60 1.7 1.8 5 5.5 3078.086786551344 0.07147669799769574
10 60 1.7 1.8 5.5 6 2708.412134504839 0.05828598221751236
10 60 1.7 1.8 6 6.5 2396.315486830368 0.04799712340764017
10 60 1.7 1.8 6.5 7 2130.442327298652 0.03978644232438455
10 60 1.7 1.8 7 7.5 1902.150684325734 0.03296033454989811
10 60 1.7 1.8 7.5 8 1704.772826196969 0.02769935420110414
10 60 1.7 1.8 8 8.5 1533.089542060734 0.02327318570405623
10 60 1.7 1.8 8.5 9 1382.959831754344 0.01957571140678738
10 60 1.7 1.8 9 9.5 1251.058940515454 0.01787488441300411
10 60 1.7 1.8 9.5 10 1134.685210740187 0.01580256474562702
10 60 1.7 1.8 10 10.5 1031.623577394649 0.01442222531591142
10 60 1.7 1.8 10.5 11 940.0378739669496 0.01289040560766352
10 60 1.7 1.8 11 11.5 858.3961214614301 0.04217545733422412
10 60 1.7 1.8 11.5 12 785.4097532200453 0.03220487362341373
10 60 1.7 1.8 12 12.5 719.988274914264 0.02420608657439516
10 60 1.7 1.8 12.5 13 661.2028769503744 0.01792736751770008
10 60 1.7 1.8 13 13.5 608.2575333294958 0.01293765313073436
10 60 1.7 1.8 13.5 14 560.467676447626 0.00896357588067076
10 60 1.7 1.8 14 14.5 517.2424277889126 0.006111495937489053
10 60 1.7 1.8 14.5 15 478.0691791213004 0.005508894631589101
10 60 1.7 1.8 15 16 852.6526427038187 0.009635318264031412
10 60 1.7 1.8 16 17 734.4480569870911 0.012020019567899
10 60 1.7 1.8 17 18 635.8560799123786 0.02218774664527245
10 60 1.7 1.8 18 19 553.1179769983768 0.02732798188901597
10 60 1.7 1.8 19 20 483.2877485210872 0.005232319228809956
10 60 1.7 1.8 20 21 424.0365633554948 0.004679574438682721
10 60 1.7 1.8 21 22 373.5091018014034 0.004242855444374527
10 60 1.7 1.8 22 23 330.217091430868 0.003676083932589336
10 60 1.7 1.8 23 24 292.959503158932 0.003125719997399301
10 60 1.7 1.8 24 25 260.7608758324635 0.002697513638111104
10 60 1.7 1.8 25 26 232.8240306728566 0.002334901401752632
10 60 1.7 1.8 26 27 208.4939208955131 0.001978934572292701
10 60 1.7 1.8 27 28 187.2294795685417 0.001762976950260509
10 60 1.7 1.8 28 29 168.5811795378249 0.001615422752706763
10 60 1.7 1.8 29 30 152.1740504889828 0.001454648744953602
10 60 1.7 1.8 30 31 137.6942545600211 0.001330202042538531
10 60 1.7 1.8 31 32 124.8778826788418 0.001191887163528804
10 60 1.7 1.8 32 33 113.5021136114745 0.00107505914019157
10 60 1.7 1.8 33 34 103.3780132654921 0.0009624699522845503
10 60 1.7 1.8 34 35 94.34484211030164 0.0008784782703656902
10 60 1.7 1.8 35 36 86.26534582023967 0.0008123705894576005
10 60 1.7 1.8 36 37 79.02193836989548 0.000730831407054211
10 60 1.7 1.8 37 38 72.51361170518818 0.0006501325720904561
10 60 1.7 1.8 38 39 66.65326597143709 0.0005805282682302959
10 60 1.7 1.8 39 40 61.36557348020997 0.0005085870821162075
10 60 1.7 1.8 40 42 108.8403249228297 0.0009140050880915851
10 60 1.7 1.8 42 44 93.07969449548436 0.0008478393941686591
10 60 1.7 1.8 44 46 80.03537151677187 0.0007681161357879773
10 60 1.7 1.8 46 48 69.16789613426903 0.0006687967093199632
10 60 1.7 1.8 48 50 60.05846402913077 0.0005799023092194489
10 60 1.7 1.8 50 52 52.37904185061303 0.0005531777395901827
10 60 1.7 1.8 52 54 45.8704542660759 0.0004783084431494444
10 60 1.7 1.8 54 56 40.32677600210882 0.0003380868043549867
10 60 1.7 1.8 56 58 35.58319716095243 0.0003556494615963857
10 60 1.7 1.8 58 60 31.50609272764256 0.0004037287956890623
10 60 1.7 1.8 60 65 64.37545971454824 0.0008135983873387431
10 60 1.7 1.8 65 70 48.74405016014614 0.0007021146871082351
10 60 1.7 1.8 70 80 66.80820732504968 0.001195310854313902
10 60 1.7 1.8 80 90 41.7048525620825 0.001008445072848474
10 60 1.7 1.8 90 100 27.21533393029481 0.0008788523099347856
10 60 1.8 1.9 0 0.5 -109261.9309043315 3.052954603219405
10 60 1.8 1.9 0.5 1 3482.186945016399 0.02337324780819472
10 60 1.8 1.9 1 1.5 10181.3587870871 0.1394968803560914
10 60 1.8 1.9 1.5 2 9225.209679897949 0.3811006525957055
10 60 1.8 1.9 2 2.5 7761.478118782172 0.2894136044542392
10 60 1.8 1.9 2.5 3 6499.078350341593 0.218644052615673
10 60 1.8 1.9 3 3.5 5484.705241057265 0.1738834096977371
10 60 1.8 1.9 3.5 4 4674.829368245325 0.1395804075264095
10 60 1.8 1.9 4 4.5 4022.525813162557 0.1114491368034578
10 60 1.8 1.9 4.5 5 3490.620373328299 0.08977113528408154
10 60 1.8 1.9 5 5.5 3051.427906979377 0.07283380007129381
10 60 1.8 1.9 5.5 6 2684.563730141109 0.05919302163056273
10 60 1.8 1.9 6 6.5 2374.939649489364 0.04798684868728742
10 60 1.8 1.9 6.5 7 2111.240011155714 0.03918340996915504
10 60 1.8 1.9 7 7.5 1884.863257908079 0.03246532405023572
10 60 1.8 1.9 7.5 8 1689.177552693277 0.02695196897479946
10 60 1.8 1.9 8 8.5 1518.993037864867 0.0226323521460472
10 60 1.8 1.9 8.5 9 1370.193609220677 0.01939540367402515
10 60 1.8 1.9 9 9.5 1239.476109286642 0.01645318972055065
10 60 1.8 1.9 9.5 10 1124.158709249573 0.01426224823171651
10 60 1.8 1.9 10 10.5 1022.040636870774 0.0127106240267949
10 60 1.8 1.9 10.5 11 931.3007221172805 0.01152462305014978
10 60 1.8 1.9 11 11.5 850.4178334861891 0.04161632161560647
10 60 1.8 1.9 11.5 12 778.1137284541843 0.0317558710579533
10 60 1.8 1.9 12 12.5 713.3059005150104 0.02394147007282754
10 60 1.8 1.9 12.5 13 655.0728047629698 0.01767019651992996
10 60 1.8 1.9 13 13.5 602.6261664098563 0.01272387093729321
10 60 1.8 1.9 13.5 14 555.2879179406212 0.008832058255052289
10 60 1.8 1.9 14 14.5 512.4720037357896 0.005771717456923398
10 60 1.8 1.9 14.5 15 473.6700577568009 0.004844445077935688
10 60 1.8 1.9 15 16 844.8355818014578 0.008427159427697006
10 60 1.8 1.9 16 17 727.7524530734198 0.01198478351864196
10 60 1.8 1.9 17 18 630.0957714799318 0.02191918793084824
10 60 1.8 1.9 18 19 548.1402373923935 0.02698369218467178
10 60 1.8 1.9 19 20 478.9674985824181 0.005046924648070217
10 60 1.8 1.9 20 21 420.2713446260209 0.004272359756328115
10 60 1.8 1.9 21 22 370.2156573870554 0.003602243231000557
10 60 1.8 1.9 22 23 327.3274508958921 0.003195267364276333
10 60 1.8 1.9 23 24 290.416630542394 0.002857507875887677
10 60 1.8 1.9 24 25 258.5162391695528 0.002496090236093096
10 60 1.8 1.9 25 26 230.8364911434007 0.002136290215190684
10 60 1.8 1.9 26 27 206.7287095242627 0.00181910777524763
10 60 1.8 1.9 27 28 185.6572010198076 0.001610944701042172
10 60 1.8 1.9 28 29 167.1771793201219 0.001396149260585844
10 60 1.8 1.9 29 30 150.917708667848 0.001260290874682823
10 60 1.8 1.9 30 31 136.5678111809578 0.001170970756277256
10 60 1.8 1.9 31 32 123.8658521061008 0.001055956535211067
10 60 1.8 1.9 32 33 112.5910805942068 0.0009782709011005863
10 60 1.8 1.9 33 34 102.556367909549 0.0008925854430117397
10 60 1.8 1.9 34 35 93.60250497489507 0.0008225203272900217
10 60 1.8 1.9 35 36 85.5935133076446 0.0007621676950719802
10 60 1.8 1.9 36 37 78.4128875673586 0.000693279168075378
10 60 1.8 1.9 37 38 71.9605128527233 0.0006376388833331248
10 60 1.8 1.9 38 39 66.15007961740739 0.0005915557305371522
10 60 1.8 1.9 39 40 60.90694110954012 0.000535267703547504
10 60 1.8 1.9 40 42 108.038540703604 0.0009488351764019853
10 60 1.8 1.9 42 44 92.40732394049537 0.000775714763904034
10 60 1.8 1.9 44 46 79.46909900812294 0.0007527206509507778
10 60 1.8 1.9 46 48 68.68887690107645 0.0007134993524715583
10 60 1.8 1.9 48 50 59.65142071299316 0.0006400006788922497
10 60 1.8 1.9 50 52 52.03160528904166 0.000584149829052194
10 60 1.8 1.9 52 54 45.57268716461916 0.0005738176830618613
10 60 1.8 1.9 54 56 40.0702923673205 0.0005428984070334764
10 60 1.8 1.9 56 58 35.36071268887049 0.0004278862361886127
10 60 1.8 1.9 58 60 31.31223071631065 0.0003710401502381444
10 60 1.8 1.9 60 65 63.99140830040454 0.001038818642889794
10 60 1.8 1.9 65 70 48.46490487078234 0.0008926334421843762
10 60 1.8 1.9 70 80 66.44253853099605 0.001531039130767908
10 60 1.8 1.9 80 90 41.48621236468696 0.001303640959896768
10 60 1.8 1.9 90 100 27.07417934424742 0.00112680883495031
10 60 1.9 2 0 0.5 -107436.485046637 2.74116061393579
10 60 1.9 2 0.5 1 3675.000225153593 0.01981324177813804
10 60 1.9 2 1 1.5 10170.67910829516 0.4721042502624186
10 60 1.9 2 1.5 2 9180.152618189615 0.3625982452667813
10 60 1.9 2 2 2.5 7711.478361473892 0.2744412200772786
10 60 1.9 2 2.5 3 6451.45085956124 0.2166522815823555
10 60 1.9 2 3 3.5 5441.326429253108 0.1716233529568854
10 60 1.9 2 3.5 4 4635.919183685803 0.1354509410439277
10 60 1.9 2 4 4.5 3987.804442183702 0.1096275164186409
10 60 1.9 2 4.5 5 3459.662727091158 0.08914178879876999
10 60 1.9 2 5 5.5 3023.790226482868 0.07250917646842936
10 60 1.9 2 5.5 6 2659.852537971654 0.0593271571610785
10 60 1.9 2 6 6.5 2352.798382480963 0.04869178643139094
10 60 1.9 2 6.5 7 2091.356347141164 0.04000436526530393
10 60 1.9 2 7 7.5 1866.971683680753 0.03280500116670737
10 60 1.9 2 7.5 8 1673.045978887024 0.02702602991439562
10 60 1.9 2 8 8.5 1504.417972747239 0.02241352343298786
10 60 1.9 2 8.5 9 1357.000082764553 0.01879628136089195
10 60 1.9 2 9 9.5 1227.512144619649 0.01599561031957819
10 60 1.9 2 9.5 10 1113.290823012071 0.01373205922345733
10 60 1.9 2 10 10.5 1012.151812823688 0.01187851145709828
10 60 1.9 2 10.5 11 922.2881491040279 0.01030211195279662
10 60 1.9 2 11 11.5 842.1920569789704 0.04102571144369449
10 60 1.9 2 11.5 12 770.5952455085194 0.03131707029922381
10 60 1.9 2 12 12.5 706.4242746099635 0.02361018111139401
10 60 1.9 2 12.5 13 648.7652605953299 0.01744341785433789
10 60 1.9 2 13 13.5 596.8364807026912 0.01258058410974172
10 60 1.9 2 13.5 14 549.9657072274184 0.00874856470920804
10 60 1.9 2 14 14.5 507.5723968989453 0.005689810364401637
10 60 1.9 2 14.5 15 469.1535016821574 0.004510122705426056
10 60 1.9 2 15 16 836.8130983091136 0.008374085164973621
10 60 1.9 2 16 17 720.8799211390466 0.01180260635510422
10 60 1.9 2 17 18 624.1794350949855 0.02174627115186922
10 60 1.9 2 18 19 543.0254589135507 0.02669695151507767
10 60 1.9 2 19 20 474.5279378168478 0.004327070472413652
10 60 1.9 2 20 21 416.4038035235714 0.00377504814372287
10 60 1.9 2 21 22 366.8344173672916 0.003294005977693359
10 60 1.9 2 22 23 324.3609596708278 0.0028228127552552
10 60 1.9 2 23 24 287.8058024116679 0.002397185867835105
10 60 1.9 2 24 25 256.2121067525244 0.002178510760188601
10 60 1.9 2 25 26 228.7974973765081 0.001998663989894567
10 60 1.9 2 26 27 204.9191548062559 0.001767755678059757
10 60 1.9 2 27 28 184.0464830000502 0.001515336168949943
10 60 1.9 2 28 29 165.7393581056222 0.001314051487980805
10 60 1.9 2 29 30 149.6307812212767 0.001159656128521647
10 60 1.9 2 30 31 135.413292328 0.001019759958040822
10 60 1.9 2 31 32 122.828162705829 0.000948583668261449
10 60 1.9 2 32 33 111.6566772544639 0.000918805705978798
10 60 1.9 2 33 34 101.7133079938836 0.0008246144624308727
10 60 1.9 2 34 35 92.84043879550477 0.0007629715860559827
10 60 1.9 2 35 36 84.90345970971944 0.0007207048975743646
10 60 1.9 2 36 37 77.78701985223093 0.0006858117848196343
10 60 1.9 2 37 38 71.3919488848852 0.0006597764138263074
10 60 1.9 2 38 39 65.6327135952705 0.0006089937070896667
10 60 1.9 2 39 40 60.43538994613576 0.0005562095336273387
10 60 1.9 2 40 42 107.2142524001414 0.001023228151979083
10 60 1.9 2 42 44 91.71546318219011 0.0009186033049530806
10 60 1.9 2 44 46 78.88466802834103 0.0007572772179855747
10 60 1.9 2 46 48 68.19298275556588 0.000770165836414094
10 60 1.9 2 48 50 59.22878311794825 0.0007634759204933061
10 60 1.9 2 50 52 51.66969767089108 0.0006779747622047694
10 60 1.9 2 52 54 45.26138124539001 0.0006488802985273878
10 60 1.9 2 54 56 39.80136615120956 0.0006477662209576351
10 60 1.9 2 56 58 35.12740555000107 0.0006022877902509549
10 60 1.9 2 58 60 31.10859076702976 0.0005488570380975943
10 60 1.9 2 60 65 63.58293225444222 0.001182010170580838
10 60 1.9 2 65 70 48.16427278104732 0.001183646206996514
10 60 1.9 2 70 80 66.03972181431615 0.001968954624103958
10 60 1.9 2 80 90 41.23598481115148 0.001695559746011099
10 60 1.9 2 90 100 26.90585789488788 0.0001032289252229646
10 60 2 2.1 0 0.5 -105545.143186806 2.561978986224858
10 60 2 2.1 0.5 1 3874.602468843911 0.01143406106893963
10 60 2 2.1 1 1.5 10159.71150808459 0.451606013253695
10 60 2 2.1 1.5 2 9133.576305871034 0.340653352695881
10 60 2 2.1 2 2.5 7659.787014488323 0.262475971454478
10 60 2 2.1 2.5 3 6402.217814356663 0.2042897695919237
10 60 2 2.1 3 3.5 5396.492584055774 0.1615502957329227
10 60 2 2.1 3.5 4 4595.707075309654 0.131111935464105
10 60 2 2.1 4 4.5 3951.939390951394 0.1055734537762874
10 60 2 2.1 4.5 5 3427.690189614877 0.08509100509218115
10 60 2 2.1 5 5.5 2995.268060117562 0.06960934148355591
10 60 2 2.1 5.5 6 2634.361267198763 0.05728236731556535
10 60 2 2.1 6 6.5 2329.963555241226 0.04757160610779465
10 60 2 2.1 6.5 7 2070.863319492525 0.03960824647356276
10 60 2 2.1 7 7.5 1848.541553917677 0.03306225077540148
10 60 2 2.1 7.5 8 1656.433817386916 0.02751796493680558
10 60 2 2.1 8 8.5 1489.416654370683 0.02286372777916768
10 60 2 2.1 8.5 9 1343.429399167981 0.01911619353131755
10 60 2 2.1 9 9.5 1215.212429645068 0.01607932885463015
10 60 2 2.1 9.5 10 1102.122878282214 0.0135477588928552
10 60 2 2.1 10 10.5 1001.995678202673 0.01157404188722921
10 60 2 2.1 10.5 11 913.0380597237811 0.0100728835177506
10 60 2 2.1 11 11.5 833.7535971727286 0.04050412697961292
10 60 2 2.1 11.5 12 762.8847936352612 0.03087829298385714
10 60 2 2.1 12 12.5 699.3686055810626 0.02324552965319526
10 60 2 2.1 12.5 13 642.2998404172711 0.01721608932984964
10 60 2 2.1 13 13.5 590.9034450036219 0.0124328848589812
10 60 2 2.1 13.5 14 544.5131385998551 0.008665515061238693
10 60 2 2.1 14 14.5 502.5536886350704 0.005661772582300273
10 60 2 2.1 14.5 15 464.5269562398282 0.004472493299942926
10 60 2 2.1 15 16 828.5935943666456 0.007502802092517413
10 60 2 2.1 16 17 713.8403583636435 0.01156285590866446
10 60 2 2.1 17 18 618.1207854489595 0.02148331750208854
10 60 2 2.1 18 19 537.7877627753736 0.02650784597926759
10 60 2 2.1 19 20 469.9831144816762 0.003827768622954864
10 60 2 2.1 20 21 412.4456468438142 0.003381534360073601
10 60 2 2.1 21 22 363.3746427021699 0.002816069814741695
10 60 2 2.1 22 23 321.3267630099081 0.002554149533636974
10 60 2 2.1 23 24 285.136060659904 0.002254785162392636
10 60 2 2.1 24 25 253.8554813453662 0.001947692609348906
10 60 2 2.1 25 26 226.7112704406358 0.001704745467918656
10 60 2 2.1 26 27 203.0676021367066 0.001585469420803065
10 60 2 2.1 27 28 182.39906611151 0.001462580585325668
10 60 2 2.1 28 29 164.2696481181252 0.001325302820902152
10 60 2 2.1 29 30 148.3159684901505 0.001176421582357534
10 60 2 2.1 30 31 134.2338134870954 0.001025806733309764
10 60 2 2.1 31 32 121.7674080621481 0.0009131604049912312
10 60 2 2.1 32 33 110.7006178363213 0.0008258745142910584
10 60 2 2.1 33 34 100.8501279434502 0.0008067788235450735
10 60 2 2.1 34 35 92.05973146685071 0.0008026042336837236
10 60 2 2.1 35 36 84.19598077758798 0.0007240374673216365
10 60 2 2.1 36 37 77.14473568075753 0.0006654343953726993
10 60 2 2.1 37 38 70.80786630602587 0.0006556373401735982
10 60 2 2.1 38 39 65.10074199700941 0.0006572373403628262
10 60 2 2.1 39 40 59.95010603831029 0.0006348999904446373
10 60 2 2.1 40 42 106.3650784095284 0.001141870735793304
10 60 2 2.1 42 44 91.00198109183947 0.001108040067407501
10 60 2 2.1 44 46 78.28094531955212 0.0009994683225755807
10 60 2 2.1 46 48 67.67859349750952 0.0008400300153397211
10 60 2 2.1 48 50 58.78836962841109 0.0008625737541052558
10 60 2 2.1 50 52 51.29097770112234 0.0008571233156473568
10 60 2 2.1 52 54 44.93410795297643 0.0007726447141749304
10 60 2 2.1 54 56 39.51728462630089 0.0007782602470527422
10 60 2 2.1 56 58 34.87967871377653 0.0007421616220284477
10 60 2 2.1 58 60 30.89161573262752 0.0006836547727822051
10 60 2 2.1 60 65 63.14543426743521 0.001649863567713794
10 60 2 2.1 65 70 47.8355263121383 0.001424555341095868
10 60 2 2.1 70 80 65.58909926446388 0.002548229234747623
10 60 2 2.1 80 90 40.94495954869171 0.0001574509306010441
10 60 2 2.1 90 100 26.70313165048406 0.0001033860593580016
10 60 2.1 2.2 0 0.5 -103592.9821526301 2.244312024762621
10 60 2.1 2.2 0.5 1 4080.433761119873 0.00768151685997509
10 60 2.1 2.2 1 1.5 10148.4528543086 0.1258766740338615
10 60 2.1 2.2 1.5 2 9085.615316601557 0.4009723690669489
10 60 2.1 2.2 2 2.5 7606.539206959893 0.2973962273154029
10 60 2.1 2.2 2.5 3 6351.528055445217 0.2251455711402741
10 60 2.1 2.2 3 3.5 5350.329228505026 0.1762784264728907
10 60 2.1 2.2 3.5 4 4554.332734813099 0.1373867598558718
10 60 2.1 2.2 4 4.5 3915.037587429934 0.1089523926812035
10 60 2.1 2.2 4.5 5 3394.814825310681 0.08749764833009976
10 60 2.1 2.2 5 5.5 2965.956713785335 0.07001227427099366
10 60 2.1 2.2 5.5 6 2608.173010586152 0.0561428058540514
10 60 2.1 2.2 6 6.5 2306.524846647371 0.04553450700450412
10 60 2.1 2.2 6.5 7 2049.837002053321 0.03748051575757927
10 60 2.1 2.2 7 7.5 1829.635449640744 0.03143978654838975
10 60 2.1 2.2 7.5 8 1639.405090926512 0.02645653917602431
10 60 2.1 2.2 8 8.5 1474.049744628158 0.0224777813170931
10 60 2.1 2.2 8.5 9 1329.532867539846 0.01912615295395881
10 60 2.1 2.2 9 9.5 1202.623471123002 0.01617973602401435
10 60 2.1 2.2 9.5 10 1090.700225866625 0.01365822401567129
10 60 2.1 2.2 10 10.5 991.6125671832098 0.01160604129643161
10 60 2.1 2.2 10.5 11 903.582176953426 0.009976804651614657
10 60 2.1 2.2 11 11.5 825.1277765611485 0.03990910433651607
10 60 2.1 2.2 11.5 12 755.0040614611753 0.0304761964790714
10 60 2.1 2.2 12 12.5 692.1568570009458 0.02299783847024628
10 60 2.1 2.2 12.5 13 635.6891029113154 0.01700699997059019
10 60 2.1 2.2 13 13.5 584.8342507492837 0.01224312701276631
10 60 2.1 2.2 13.5 14 538.9336722757257 0.008510474142099156
10 60 2.1 2.2 14 14.5 497.4182401545833 0.005564273699462774
10 60 2.1 2.2 14.5 15 459.7944092213 0.004057694745313256
10 60 2.1 2.2 15 16 820.1914069104855 0.007074364808204336
10 60 2.1 2.2 16 17 706.6477345546564 0.01149836404943017
10 60 2.1 2.2 17 18 611.9352901603079 0.02120661676326563
10 60 2.1 2.2 18 19 532.4447567502938 0.02605874149594456
10 60 2.1 2.2 19 20 465.3467448123911 0.003236713301248528
10 60 2.1 2.2 20 21 408.4073030570426 0.002856256690563441
10 60 2.1 2.2 21 22 359.8454945310092 0.002646009720876918
10 60 2.1 2.2 22 23 318.2317329294068 0.0022839289855483
10 60 2.1 2.2 23 24 282.4127113832554 0.002016717258300105
10 60 2.1 2.2 24 25 251.4517136175525 0.001833515171625777
10 60 2.1 2.2 25 26 224.5831476619907 0.001643024811272653
10 60 2.1 2.2 26 27 201.1779944061661 0.001497052475912142
10 60 2.1 2.2 27 28 180.7167621501729 0.00134906893950415
10 60 2.1 2.2 28 29 162.7683089985229 0.001261169557437825
10 60 2.1 2.2 29 30 146.9729293342985 0.001193504630151665
10 60 2.1 2.2 30 31 133.0293896668858 0.00115681760746611
10 60 2.1 2.2 31 32 120.6843501794587 0.001032418031428506
10 60 2.1 2.2 32 33 109.724122416096 0.0008904918280876473
10 60 2.1 2.2 33 34 99.9675487747882 0.0008199197309437523
10 60 2.1 2.2 34 35 91.26038969953666 0.0008114882013927627
10 60 2.1 2.2 35 36 83.47077747783339 0.0008011198469404235
10 60 2.1 2.2 36 37 76.48566296995011 0.0007700506577918986
10 60 2.1 2.2 37 38 70.20777171951102 0.0007207825157138359
10 60 2.1 2.2 38 39 64.55334966728351 0.0007178005531187637
10 60 2.1 2.2 39 40 59.44993100962645 0.0007311861338976655
10 60 2.1 2.2 40 42 105.4875797225027 0.001355301764746741
10 60 2.1 2.2 42 44 90.262277184423 0.001253674607497146
10 60 2.1 2.2 44 46 77.65356300888698 0.001285269602135486
10 60 2.1 2.2 46 48 67.14272498140004 0.001127303001112523
10 60 2.1 2.2 48 50 58.32738605370619 0.001046388386150454
10 60 2.1 2.2 50 52 50.89213467973548 0.001003845300346029
10 60 2.1 2.2 52 54 44.58752103349116 0.000961891504978496
10 60 2.1 2.2 54 56 39.21467968763172 0.0009689099119398747
10 60 2.1 2.2 56 58 34.61418531938334 0.0009430716807941053
10 60 2.1 2.2 58 60 30.65756474055801 0.0008891629953886593
10 60 2.1 2.2 60 65 62.66878047329292 0.002101852451154684
10 60 2.1 2.2 65 70 47.47219161102001 0.001820467051125263
10 60 2.1 2.2 70 80 65.07687449669913 0.003238619036693535
10 60 2.1 2.2 80 90 40.60248925310226 0.0001575735271117651
10 60 2.1 2.2 90 100 26.45721897874045 0.0001034420605563469
10 60 2.2 2.3 0 0.5 -101585.9781537834 2.046449095345451
10 60 2.2 2.3 0.5 1 4291.877126987219 0.2075912789696304
10 60 2.2 2.3 1 1.5 10136.95115051443 0.3652578284927586
10 60 2.2 2.3 1.5 2 9036.411593111758 0.2959924276219681
10 60 2.2 2.3 2 2.5 7551.915405882069 0.2343015989799824
10 60 2.2 2.3 2.5 3 6299.531918556396 0.1900430424047954
10 60 2.2 2.3 3 3.5 5303.004198383645 0.1536629842430557
10 60 2.2 2.3 3.5 4 4511.927768507821 0.1263836763155268
10 60 2.2 2.3 4 4.5 3877.235157373214 0.1052114377721409
10 60 2.2 2.3 4.5 5 3361.157447481192 0.08688290676400356
10 60 2.2 2.3 5 5.5 2935.951039664082 0.07159576656476929
10 60 2.2 2.3 5.5 6 2581.390058070763 0.05893682484747842
10 60 2.2 2.3 6 6.5 2282.566150420203 0.04820004486100515
10 60 2.2 2.3 6.5 7 2028.354830440512 0.03914435742740352
10 60 2.2 2.3 7 7.5 1810.338427828945 0.03171702347844985
10 60 2.2 2.3 7.5 8 1622.030500452709 0.0259476215601353
10 60 2.2 2.3 8 8.5 1458.371228352133 0.02184272575823343
10 60 2.2 2.3 8.5 9 1315.3610905669 0.01855437587983033
10 60 2.2 2.3 9 9.5 1189.789441410379 0.01586222257151348
10 60 2.2 2.3 9.5 10 1079.052505622019 0.0135327381578918
10 60 2.2 2.3 10 10.5 981.0215471242411 0.0115842924815297
10 60 2.2 2.3 10.5 11 893.9364625171614 0.00997786374387033
10 60 2.2 2.3 11 11.5 816.3278783701217 0.0394171527555045
10 60 2.2 2.3 11.5 12 746.9615211349095 0.03005887771246307
10 60 2.2 2.3 12 12.5 684.7949304053484 0.02260670764167116
10 60 2.2 2.3 12.5 13 628.941227570128 0.01672163258604087
10 60 2.2 2.3 13 13.5 578.6410846166866 0.01209354191632883
10 60 2.2 2.3 13.5 14 533.2413867358481 0.008399837972319801
10 60 2.2 2.3 14 14.5 492.1789355387303 0.005480863796606172
10 60 2.2 2.3 14.5 15 454.965858017145 0.003593067331223665
10 60 2.2 2.3 15 16 811.6215306502743 0.00614022179524909
10 60 2.2 2.3 16 17 699.3193892618123 0.01115910497730965
10 60 2.2 2.3 17 18 605.636527978582 0.02081281881021368
10 60 2.2 2.3 18 19 527.0051981722836 0.02577569677976044
10 60 2.2 2.3 19 20 460.6302542252469 0.003221797801984394
10 60 2.2 2.3 20 21 404.299818757908 0.002652737729818
10 60 2.2 2.3 21 22 356.2539994634 0.002258937830674768
10 60 2.2 2.3 22 23 315.0812279313955 0.002073743215646573
10 60 2.2 2.3 23 24 279.6403666099773 0.001981168626286944
10 60 2.2 2.3 24 25 249.0040672491934 0.001798693292272446
10 60 2.2 2.3 25 26 222.4153517220975 0.001587328809023347
10 60 2.2 2.3 26 27 199.2524506978136 0.001474424164797483
10 60 2.2 2.3 27 28 179.0015861731337 0.001433560332856132
10 60 2.2 2.3 28 29 161.2362668985829 0.001327355499682881
10 60 2.2 2.3 29 30 145.6009999519832 0.001170569508872177
10 60 2.2 2.3 30 31 131.7980477897195 0.00117006119467078
10 60 2.2 2.3 31 32 119.576719846653 0.001207095220863152
10 60 2.2 2.3 32 33 108.7252570720156 0.001144898641172176
10 60 2.2 2.3 33 34 99.06436972501918 0.0009959728472068718
10 60 2.2 2.3 34 35 90.44160948746584 0.0009458566586886263
10 60 2.2 2.3 35 36 82.72674658159997 0.000951384150326362
10 60 2.2 2.3 36 37 75.80804133716788 0.0009064169854013926
10 60 2.2 2.3 37 38 69.58955167463316 0.0008331706897308777
10 60 2.2 2.3 38 39 63.98836115634217 0.0008190892772006464
10 60 2.2 2.3 39 40 58.93274635628768 0.0008590549087656996
10 60 2.2 2.3 40 42 104.5774643598016 0.001693547964876529
10 60 2.2 2.3 42 44 89.49136929736076 0.001514083376733311
10 60 2.2 2.3 44 46 76.99644680874181 0.001519163833393122
10 60 2.2 2.3 46 48 66.57921192931404 0.001450315535279856
10 60 2.2 2.3 48 50 57.84086893684732 0.001370338902432877
10 60 2.2 2.3 50 52 50.46912229538903 0.001332653609892986
10 60 2.2 2.3 52 54 44.21725076509768 0.001216031322115896
10 60 2.2 2.3 54 56 38.88888663331375 0.001189388375699707
10 60 2.2 2.3 56 58 34.32623309802664 0.001174132841988751
10 60 2.2 2.3 58 60 30.40182518294338 0.001105281328463548
10 60 2.2 2.3 60 65 62.14166031832487 0.00261946832391402
10 60 2.2 2.3 65 70 47.06468810659867 0.0001841340780046608
10 60 2.2 2.3 70 80 64.48674519425214 0.0002519619387300054
10 60 2.2 2.3 80 90 40.19612221445311 0.0001575206632438153
10 60 2.2 2.3 90 100 26.1577620371798 0.0001033046194081066
10 60 2.3 2.4 0 0.5 -99530.37804569727 1.69981664766965
10 60 2.3 2.4 0.5 1 4508.313199798573 0.1733795595073389
10 60 2.3 2.4 1 1.5 10125.2134716473 0.1417831173257582
10 60 2.3 2.4 1.5 2 8986.112852552174 0.4258461006647849
10 60 2.3 2.4 2 2.5 7496.112096691873 0.3090218433862901
10 60 2.3 2.4 2.5 3 6246.428224342119 0.2289489232707638
10 60 2.3 2.4 3 3.5 5254.699445178647 0.1732118421341511
10 60 2.3 2.4 3.5 4 4468.661377612779 0.1331080560412374
10 60 2.3 2.4 4 4.5 3838.69507772516 0.1027215165636335
10 60 2.3 2.4 4.5 5 3326.847961489489 0.08119105456944453
10 60 2.3 2.4 5 5.5 2905.391261236694 0.06591013179104266
10 60 2.3 2.4 5.5 6 2554.119029977762 0.05433278176269596
10 60 2.3 2.4 6 6.5 2258.17752686433 0.04534013497232081
10 60 2.3 2.4 6.5 7 2006.503353264233 0.03807152349054377
10 60 2.3 2.4 7 7.5 1790.708776744548 0.03172979698979361
10 60 2.3 2.4 7.5 8 1604.35554830076 0.02640623346678694
10 60 2.3 2.4 8 8.5 1442.424308052658 0.02205658268189836
10 60 2.3 2.4 8.5 9 1300.939287488058 0.01840318723270684
10 60 2.3 2.4 9 9.5 1176.719515709443 0.01568970673497461
10 60 2.3 2.4 9.5 10 1067.189276130116 0.01337896050995369
10 60 2.3 2.4 10 10.5 970.2356482522325 0.01146458402934059
10 60 2.3 2.4 10.5 11 884.111769319542 0.009887755221711814
10 60 2.3 2.4 11 11.5 807.3640450280269 0.03874791687633206
10 60 2.3 2.4 11.5 12 738.771733401838 0.02957785531566515
10 60 2.3 2.4 12 12.5 677.3014679400227 0.02231320221630995
10 60 2.3 2.4 12.5 13 622.0740272836425 0.01649823218895108
10 60 2.3 2.4 13 13.5 572.3384082773878 0.01188681748294584
10 60 2.3 2.4 13.5 14 527.4492480591099 0.008243854877150625
10 60 2.3 2.4 14 14.5 486.8493124402896 0.005409200923963908
10 60 2.3 2.4 14.5 15 450.0552759224267 0.003578324686657197
10 60 2.3 2.4 15 16 802.9056266578577 0.006077899618503579
10 60 2.3 2.4 16 17 691.8648059503105 0.01109572755433419
10 60 2.3 2.4 17 18 599.2330395785439 0.0204525194820917
10 60 2.3 2.4 18 19 521.4791801001618 0.0252173894898533
10 60 2.3 2.4 19 20 455.8382171520486 0.002900923736262939
10 60 2.3 2.4 20 21 400.12765347322 0.002578509314844268
10 60 2.3 2.4 21 22 352.6071796966525 0.002409515694409947
10 60 2.3 2.4 22 23 311.8803043449486 0.002057483499584123
10 60 2.3 2.4 23 24 276.8209189538736 0.001763922239604199
10 60 2.3 2.4 24 25 246.5134888673912 0.001835622748643573
10 60 2.3 2.4 25 26 220.2085366833473 0.001797504073351774
10 60 2.3 2.4 26 27 197.2907372187721 0.001548334460437673
10 60 2.3 2.4 27 28 177.2526379330037 0.001487876829173729
10 60 2.3 2.4 28 29 159.6726996985778 0.001534775029938373
10 60 2.3 2.4 29 30 144.1992257308624 0.00143989390849697
10 60 2.3 2.4 30 31 130.5378978736048 0.001286957194935212
10 60 2.3 2.4 31 32 118.4411743547346 0.001299072681135272
10 60 2.3 2.4 32 33 107.6997487364924 0.001354494705154252
10 60 2.3 2.4 33 34 98.13607387515725 0.001293984626741462
10 60 2.3 2.4 34 35 89.5992131987252 0.001192814710549328
10 60 2.3 2.4 35 36 81.96035531134602 0.001159727711382175
10 60 2.3 2.4 36 37 75.10909759228289 0.001175662289099932
10 60 2.3 2.4 37 38 68.95048987893425 0.001113496725920982
10 60 2.3 2.4 38 39 63.40273082550662 0.001013573846847748
10 60 2.3 2.4 39 40 58.39503211383727 0.0009647122922586959
10 60 2.3 2.4 40 42 103.6276915550299 0.002052510145702513
10 60 2.3 2.4 42 44 88.68278178174211 0.001935135899060469
10 60 2.3 2.4 44 46 76.3030447800828 0.001890239961142015
10 60 2.3 2.4 46 48 65.98068581146241 0.001829358020700056
10 60 2.3 2.4 48 50 57.32098021753645 0.001749320335477478
10 60 2.3 2.4 50 52 50.01457802924597 0.001703084784757891
10 60 2.3 2.4 52 54 43.81712934665426 0.001578362728821503
10 60 2.3 2.4 54 56 38.53433990585104 0.001501841839058216
10 60 2.3 2.4 56 58 34.01032351742811 0.001422718353353503
10 60 2.3 2.4 58 60 30.1191224218887 0.001392793973462148
10 60 2.3 2.4 60 65 61.55138306293398 0.0002441722029900006
10 60 2.3 2.4 65 70 46.59997100180834 0.0001840374243116116
10 60 2.3 2.4 70 80 63.80041872938448 0.0002517200917111495
10 60 2.3 2.4 80 90 39.71070062558514 0.0001572370765643427
10 60 2.3 2.4 90 100 25.79351189664891 0.0001029355309469793
10 60 2.4 2.5 0 0.5 -97434.45107015139 1.700799476006068
10 60 2.4 2.5 0.5 1 4729.146307903937 0.2359798601619332
10 60 2.4 2.5 1 1.5 10113.47114403756 0.3328818918325851
10 60 2.4 2.5 1.5 2 8935.064834780596 0.2786592483007553
10 60 2.4 2.5 2 2.5 7439.451688563629 0.2273469479005144
10 60 2.4 2.5 2.5 3 6192.537902275208 0.1868533599244984
10 60 2.4 2.5 3 3.5 5205.675177407536 0.1561401491362631
10 60 2.4 2.5 3.5 4 4424.77081695499 0.1282841429383552
10 60 2.4 2.5 4 4.5 3799.591931068194 0.1055010840987052
10 60 2.4 2.5 4.5 5 3292.047717508991 0.08596895120399495
10 60 2.4 2.5 5 5.5 2874.385337329539 0.06898828325074646
10 60 2.4 2.5 5.5 6 2526.440807542676 0.05568469781110252
10 60 2.4 2.5 6 6.5 2233.421309786871 0.04554004132660339
10 60 2.4 2.5 6.5 7 1984.303068576762 0.03756711835808346
10 60 2.4 2.5 7 7.5 1770.759375284809 0.03112384824407854
10 60 2.4 2.5 7.5 8 1586.392873792132 0.02594979401465025
10 60 2.4 2.5 8 8.5 1426.212545724848 0.02166694811012349
10 60 2.4 2.5 8.5 9 1286.279269680577 0.01832660772697636
10 60 2.4 2.5 9 9.5 1163.438813370665 0.0156274979299269
10 60 2.4 2.5 9.5 10 1055.133746898355 0.01320939435981927
10 60 2.4 2.5 10 10.5 959.2731130717319 0.01134993001357998
10 60 2.4 2.5 10.5 11 874.1291983307261 0.009813872088784592
10 60 2.4 2.5 11 11.5 798.2599469762935 0.03819975751969196
10 60 2.4 2.5 11.5 12 730.4547599941346 0.02914364134016978
10 60 2.4 2.5 12 12.5 669.6916476189451 0.02193490832644329
10 60 2.4 2.5 12.5 13 615.1015793807503 0.01624295225417427
10 60 2.4 2.5 13 13.5 565.9409150344474 0.01172059464136055
10 60 2.4 2.5 13.5 14 521.5707449690644 0.008141285762690131
10 60 2.4 2.5 14 14.5 481.4399718927759 0.005325791544578351
10 60 2.4 2.5 14.5 15 445.071131837996 0.003558031569752984
10 60 2.4 2.5 15 16 794.0602505610158 0.006049241221148804
10 60 2.4 2.5 16 17 684.2993978006235 0.01090914443091151
10 60 2.4 2.5 17 18 592.7315418932059 0.02017429450086183
10 60 2.4 2.5 18 19 515.8678404380996 0.02486523098605176
10 60 2.4 2.5 19 20 450.9749383175024 0.003228735427910578
10 60 2.4 2.5 20 21 395.8926423718256 0.00276260338097245
10 60 2.4 2.5 21 22 348.9034651974838 0.002267105118448853
10 60 2.4 2.5 22 23 308.6297110547919 0.002415361946987105
10 60 2.4 2.5 23 24 273.9564145411419 0.002118961564235633
10 60 2.4 2.5 24 25 243.9794149195128 0.001803759382056569
10 60 2.4 2.5 25 26 217.9600494031547 0.001896016969510583
10 60 2.4 2.5 26 27 195.2900025524837 0.001971760137905676
10 60 2.4 2.5 27 28 175.4666299489318 0.001749229039091915
10 60 2.4 2.5 28 29 158.0735265784914 0.001716901447991859
10 60 2.4 2.5 29 30 142.7633449581317 0.0017787484570988
10 60 2.4 2.5 30 31 129.2449569193361 0.001661254561895475
10 60 2.4 2.5 31 32 117.2736628538763 0.001535004167706688
10 60 2.4 2.5 32 33 106.6428808328801 0.001566661180476103
10 60 2.4 2.5 33 34 97.17710096576131 0.001597777103910403
10 60 2.4 2.5 34 35 88.72710087330518 0.001507720431291659
10 60 2.4 2.5 35 36 81.16535371905842 0.001435631862364062
10 60 2.4 2.5 36 37 74.38275517203101 0.001461818241693891
10 60 2.4 2.5 37 38 68.28522848873244 0.00144856038551211
10 60 2.4 2.5 38 39 62.79191654891902 0.001363723665654959
10 60 2.4 2.5 39 40 57.83276851391496 0.001285894558904488
10 60 2.4 2.5 40 42 102.6293596918878 0.002543216054206709
10 60 2.4 2.5 42 44 87.82687780941103 0.002440093190131165
10 60 2.4 2.5 44 46 75.56415944592382 0.002400919246568378
10 60 2.4 2.5 46 48 65.33819063644829 0.002280002842596218
10 60 2.4 2.5 48 50 56.7586694990037 0.002167982047780015
10 60 2.4 2.5 50 52 49.5195170332393 0.002100004842816361
10 60 2.4 2.5 52 54 43.37868671858165 0.002011924111997132
10 60 2.4 2.5 54 56 38.1435619172435 0.0001544728987354915
10 60 2.4 2.5 56 58 33.65980928634402 0.0001357637508050402
10 60 2.4 2.5 58 60 29.80289961993023 0.0001198395539816488
10 60 2.4 2.5 60 65 60.88251541019533 0.0002438094434751292
10 60 2.4 2.5 65 70 46.06454914171251 0.0001838181047730814
10 60 2.4 2.5 70 80 62.9953344136945 0.0002510935663195824
10 60 2.4 2.5 80 90 39.12910462367432 0.0001566107633124147
10 60 2.4 2.5 90 100 25.35221460310224 0.000102300720790538
10 60 2.5 2.75 0 0.5 -234172.023481706 3.474337586580077
10 60 2.5 2.75 0.5 1 12828.38172404672 0.1002814335315634
10 60 2.5 2.75 1 1.5 25239.88198949205 1.138388862218562
10 60 2.5 2.75 1.5 2 22114.510488707 0.8666056309339183
10 60 2.5 2.75 2 2.5 18348.4489583125 0.6585119014416705
10 60 2.5 2.75 2.5 3 15242.38023070604 0.5107436830949155
10 60 2.5 2.75 3 3.5 12796.35663241756 0.4006754189867934
10 60 2.5 2.75 3.5 4 10866.54217547024 0.3395524029238004
10 60 2.5 2.75 4 4.5 9324.720639572091 0.3088242331505171
10 60 2.5 2.75 4.5 5 8074.866016375291 0.2678921754022667
10 60 2.5 2.75 5 5.5 7047.538971406954 0.2398787627016645
10 60 2.5 2.75 5.5 6 6192.479457185887 0.2086159472264626
10 60 2.5 2.75 6 6.5 5472.92714793918 0.1867346503604495
10 60 2.5 2.75 6.5 7 4861.560555331444 0.1647529842311997
10 60 2.5 2.75 7 7.5 4337.763435893581 0.1466027874403153
10 60 2.5 2.75 7.5 8 3885.723857628902 0.1316134023268205
10 60 2.5 2.75 8 8.5 3493.125668188923 0.1183053762792952
10 60 2.5 2.75 8.5 9 3150.252119426043 0.1066402108663169
10 60 2.5 2.75 9 9.5 2849.328335803596 0.09675603970845259
10 60 2.5 2.75 9.5 10 2584.060766259627 0.08770871679234915
10 60 2.5 2.75 10 10.5 2349.306228856041 0.07863171390090429
10 60 2.5 2.75 10.5 11 2140.817249890938 0.06996655294369702
10 60 2.5 2.75 11 11.5 1955.055021383057 0.09277095343327346
10 60 2.5 2.75 11.5 12 1789.05175244305 0.07076765860483647
10 60 2.5 2.75 12 12.5 1640.299808529003 0.0533001368389705
10 60 2.5 2.75 12.5 13 1506.665833131482 0.05029269894225763
10 60 2.5 2.75 13 13.5 1386.324840445192 0.04762812516514714
10 60 2.5 2.75 13.5 14 1277.712297428748 0.04505233285226495
10 60 2.5 2.75 14 14.5 1179.477692054285 0.042361293850945
10 60 2.5 2.75 14.5 15 1090.450270167438 0.03981656014570945
10 60 2.5 2.75 15 16 1945.690304054111 0.07360798390482159
10 60 2.5 2.75 16 17 1676.980195731402 0.06745053616100449
10 60 2.5 2.75 17 18 1452.786714102879 0.06199547951973727
10 60 2.5 2.75 18 19 1264.574391138907 0.06041753413205697
10 60 2.5 2.75 19 20 1105.656442561975 0.05521987607062329
10 60 2.5 2.75 20 21 970.7476905452432 0.005927747474629541
10 60 2.5 2.75 21 22 855.6426912472795 0.00503753174814392
10 60 2.5 2.75 22 23 756.9672261108327 0.004333931132578073
10 60 2.5 2.75 23 24 671.9984887202065 0.003744743518154792
10 60 2.5 2.75 24 25 598.5251238959926 0.003248467600087679
10 60 2.5 2.75 25 26 534.7386345543108 0.002835859038782473
10 60 2.5 2.75 26 27 479.1532161650148 0.002486455726284476
10 60 2.5 2.75 27 28 430.5419051431145 0.002192372533386333
10 60 2.5 2.75 28 29 387.8843947921748 0.001940588766331075
10 60 2.5 2.75 29 30 350.3304028553835 0.001722343048982111
10 60 2.5 2.75 30 31 317.1678120619837 0.001536702017517655
10 60 2.5 2.75 31 32 287.7965967339003 0.001374159389342822
10 60 2.5 2.75 32 33 261.7099504527737 0.001233351517498704
10 60 2.5 2.75 33 34 238.4793439901649 0.001111060404383579
10 60 2.5 2.75 34 35 217.739327583267 0.001002912126750743
10 60 2.5 2.75 35 36 199.1773506118199 0.000908326520573155
10 60 2.5 2.75 36 37 182.5260449143933 0.0008242604153281263
10 60 2.5 2.75 37 38 167.5556152158648 0.0007500376144662368
10 60 2.5 2.75 38 39 154.0672206935942 0.0006838903433390442
10 60 2.5 2.75 39 40 141.8890548142049 0.0006250119891433314
10 60 2.5 2.75 40 42 251.7595943571749 0.001097577758741863
10 60 2.5 2.75 42 44 215.3954773962402 0.0009278955716638393
10 60 2.5 2.75 44 46 185.2659314003842 0.0007894908985406346
10 60 2.5 2.75 46 48 160.1397341715552 0.0006758458550280011
10 60 2.5 2.75 48 50 139.0585769831963 0.0005827237867208623
10 60 2.5 2.75 50 52 121.2706296882493 0.0005047630160674998
10 60 2.5 2.75 52 54 106.1817416095753 0.0004396191907005687
10 60 2.5 2.75 54 56 93.31900633016774 0.0003845109317808237
10 60 2.5 2.75 56 58 82.3029588839519 0.0003377602697440807
10 60 2.5 2.75 58 60 72.82730047377505 0.0002978487429601273
10 60 2.5 2.75 60 65 148.5975017676266 0.0006057483729193791
10 60 2.5 2.75 65 70 112.2092353190086 0.0004560620112954439
10 60 2.5 2.75 70 80 152.9465832089414 0.0006213888977981696
10 60 2.5 2.75 80 90 94.48142844244363 0.0003857873793720046
10 60 2.5 2.75 90 100 60.81895745141341 0.0002505548986277972
10 60 2.75 3 0 0.5 -220320.1244983715 2.783514101960463
10 60 2.75 3 0.5 1 14323.67092886749 0.05843101658865635
10 60 2.75 3 1 1.5 25185.25704185358 1.121265770630998
10 60 2.75 3 1.5 2 21792.45262048815 0.8310715970183082
10 60 2.75 3 2 2.5 17984.81705060394 0.631202070730069
10 60 2.75 3 2.5 3 14894.21526465418 0.4853440185252111
10 60 2.75 3 3 3.5 12478.58166208833 0.3827966505450604
10 60 2.75 3 3.5 4 10581.36977851637 0.3053935685329634
10 60 2.75 3 4 4.5 9070.31412469377 0.2460942051857273
10 60 2.75 3 4.5 5 7848.209820913781 0.198360429445529
10 60 2.75 3 5 5.5 6845.462738069982 0.1615233087304659
10 60 2.75 3 5.5 6 6012.042118060554 0.1426467416531523
10 60 2.75 3 6 6.5 5311.492845252281 0.1269189019967598
10 60 2.75 3 6.5 7 4716.825887519653 0.1151127274415558
10 60 2.75 3 7 7.5 4207.730127503131 0.1066242395718291
10 60 2.75 3 7.5 8 3768.646355091853 0.09547166708944133
10 60 2.75 3 8 8.5 3387.50753616234 0.09034865613784859
10 60 2.75 3 8.5 9 3054.780947414723 0.08289868852943982
10 60 2.75 3 9 9.5 2762.863778690869 0.07781668755205828
10 60 2.75 3 9.5 10 2505.61439069675 0.0745448410143581
10 60 2.75 3 10 10.5 2278.00367163709 0.06987683140778245
10 60 2.75 3 10.5 11 2075.893615737605 0.06695853542851182
10 60 2.75 3 11 11.5 1895.841165618171 0.08940263441854768
10 60 2.75 3 11.5 12 1734.951182466839 0.06829184098069163
10 60 2.75 3 12 12.5 1590.785441740323 0.06047100367004532
10 60 2.75 3 12.5 13 1461.275811780328 0.0581499304441877
10 60 2.75 3 13 13.5 1344.650318015624 0.05549786580922955
10 60 2.75 3 13.5 14 1239.387884279059 0.05268032743151707
10 60 2.75 3 14 14.5 1144.181939050355 0.05078082144018481
10 60 2.75 3 14.5 15 1057.899582030185 0.05014047089980522
10 60 2.75 3 15 16 1887.82784059129 0.01472571413410151
10 60 2.75 3 16 17 1627.358969088679 0.02420395601575365
10 60 2.75 3 17 18 1410.007719696893 0.04592894842721762
10 60 2.75 3 18 19 1227.502700862941 0.05734824666888017
10 60 2.75 3 19 20 1073.371589876753 0.006907526350687476
10 60 2.75 3 20 21 942.4979831890776 0.005848514146123307
10 60 2.75 3 21 22 830.8126643188732 0.004992332444317071
10 60 2.75 3 22 23 735.0477129716543 0.004285830496087328
10 60 2.75 3 23 24 652.5674230474904 0.003698864636930921
10 60 2.75 3 24 25 581.2291975414385 0.003213003628161459
10 60 2.75 3 25 26 519.280125476481 0.002808047706707839
10 60 2.75 3 26 27 465.283005258428 0.002463999984513521
10 60 2.75 3 27 28 418.0483952138897 0.002170354877250702
10 60 2.75 3 28 29 376.5897253092338 0.001922897116628519
10 60 2.75 3 29 30 340.0846302080774 0.001708851455305194
10 60 2.75 3 30 31 307.8423276199006 0.001523428607299593
10 60 2.75 3 31 32 279.282427906246 0.001364241314718129
10 60 2.75 3 32 33 253.9143888769865 0.001223560050078731
10 60 2.75 3 33 34 231.3213624705021 0.001101956905415591
10 60 2.75 3 34 35 211.1488263004464 0.0009943547713930911
10 60 2.75 3 35 36 193.0937114980788 0.0009004164812438376
10 60 2.75 3 36 37 176.8959318904914 0.0008169891576699229
10 60 2.75 3 37 38 162.3322795755645 0.0007435930606334296
10 60 2.75 3 38 39 149.2101310899073 0.0006783216672090475
10 60 2.75 3 39 40 137.3626124739625 0.000619971012639553
10 60 2.75 3 40 42 243.5765989220869 0.001087790654025866
10 60 2.75 3 42 44 208.2022729461692 0.0009187299873474331
10 60 2.75 3 44 46 178.8949007116718 0.0007816591150628938
10 60 2.75 3 46 48 154.4565102767134 0.0006692565506227766
10 60 2.75 3 48 50 133.9560755867133 0.0005757803328947375
10 60 2.75 3 50 52 116.663692411998 0.000498817151054709
10 60 2.75 3 52 54 102.001820371492 0.0004335314471859419
10 60 2.75 3 54 56 89.50960751220498 0.0003787897862679301
10 60 2.75 3 56 58 78.81699598272348 0.0003323996148907327
10 60 2.75 3 58 60 69.62523778423557 0.0002928952056748813
10 60 2.75 3 60 65 141.6274093615564 0.000593623380950703
10 60 2.75 3 65 70 106.4143780683826 0.0004450725915319254
10 60 2.75 3 70 80 143.8714058070818 0.0006023883620969173
10 60 2.75 3 80 90 87.73675713165596 0.0003698075237537068
10 60 2.75 3 90 100 55.64537878234034 0.0002371713525306518
10 60 3 3.25 0 0.5 -206164.2521148573 6.136950413812883
10 60 3 3.25 0.5 1 15862.1406972883 0.0258617249019153
10 60 3 3.25 1 1.5 25133.98195118684 1.126020716113999
10 60 3 3.25 1.5 2 21465.77002876159 0.818682450470078
10 60 3 3.25 2 2.5 17614.75446154552 0.6138168085053621
10 60 3 3.25 2.5 3 14539.52044237586 0.4713232042231539
10 60 3 3.25 3 3.5 12154.70782348526 0.371591469649502
10 60 3 3.25 3.5 4 10290.68235929255 0.2952457131123083
10 60 3 3.25 4 4.5 8810.954843665746 0.2373445927350986
10 60 3 3.25 4.5 5 7617.133967369105 0.1922304614217865
10 60 3 3.25 5 5.5 6639.427743783799 0.1565212903651627
10 60 3 3.25 5.5 6 5828.051647348971 0.1389498810340228
10 60 3 3.25 6 6.5 5146.843703662164 0.1256837235760031
10 60 3 3.25 6.5 7 4569.178878120338 0.1237191555601385
10 60 3 3.25 7 7.5 4075.021566640528 0.1155248326731453
10 60 3 3.25 7.5 8 3649.122182285514 0.1144146987217027
10 60 3 3.25 8 8.5 3279.61132722561 0.1095162034334862
10 60 3 3.25 8.5 9 2957.187746349193 0.1074338093717415
10 60 3 3.25 9 9.5 2674.409546516918 0.1057888026698492
10 60 3 3.25 9.5 10 2425.277932585814 0.1036250439919968
10 60 3 3.25 10 10.5 2204.909265445576 0.1031301676825933
10 60 3 3.25 10.5 11 2009.258742520017 0.02298328750771361
10 60 3 3.25 11 11.5 1834.981458632399 0.08563170724733027
10 60 3 3.25 11.5 12 1679.269366188577 0.06567636215004313
10 60 3 3.25 12 12.5 1539.752404600109 0.04960301326150329
10 60 3 3.25 12.5 13 1414.420886074742 0.03681305415284442
10 60 3 3.25 13 13.5 1301.55905861409 0.02683524071267129
10 60 3 3.25 13.5 14 1199.692341144391 0.01876265020109713
10 60 3 3.25 14 14.5 1107.551867439091 0.01239631351108983
10 60 3 3.25 14.5 15 1024.040196864844 0.008451396897271479
10 60 3 3.25 15 16 1827.406726327087 0.01603681270671586
10 60 3 3.25 16 17 1575.240892013858 0.02190566955027862
10 60 3 3.25 17 18 1364.786323104765 0.04339409564886409
10 60 3 3.25 18 19 1188.047931154292 0.05402762712878939
10 60 3 3.25 19 20 1038.760543256243 0.006798668009196263
10 60 3 3.25 20 21 911.9780562799739 0.005766084026163298
10 60 3 3.25 21 22 803.7624993195823 0.004914793981697585
10 60 3 3.25 22 23 710.9578176592511 0.004221615522283173
10 60 3 3.25 23 24 631.0144503191793 0.003655350903272847
10 60 3 3.25 24 25 561.8606584789329 0.00317540321850629
10 60 3 3.25 25 26 501.8033710352667 0.00276941416950649
10 60 3 3.25 26 27 449.449914318044 0.00243663039771036
10 60 3 3.25 27 28 403.6504535839877 0.002143178663402523
10 60 3 3.25 28 29 363.4488526318275 0.001896465831293881
10 60 3 3.25 29 30 328.0479521924289 0.001687526672242257
10 60 3 3.25 30 31 296.7796020422313 0.001501568489231886
10 60 3 3.25 31 32 269.0819357785949 0.001344278175338331
10 60 3 3.25 32 33 244.4799088084659 0.001208104896988971
10 60 3 3.25 33 34 222.5704910133258 0.001085410389208619
10 60 3 3.25 34 35 203.0102735006932 0.0009813809729735112
10 60 3 3.25 35 36 185.5056877734767 0.0008877597854279884
10 60 3 3.25 36 37 169.8050783796959 0.0008049902810398635
10 60 3 3.25 37 38 155.6917769939811 0.000732395688004317
10 60 3 3.25 38 39 142.9786642668584 0.0006671614423510164
10 60 3 3.25 39 40 131.5036702873183 0.0006091375506684926
10 60 3 3.25 40 42 232.8498138566364 0.00106827554648703
10 60 3 3.25 42 44 198.6198512879387 0.0009015127767213471
10 60 3 3.25 44 46 170.2828379149426 0.0007656125626454013
10 60 3 3.25 46 48 146.6752457134192 0.0006545618698226008
10 60 3 3.25 48 50 126.8915880826347 0.00056204196073395
10 60 3 3.25 50 52 110.2212055655658 0.000485477047391214
10 60 3 3.25 52 54 96.10213493881496 0.0004212308659532482
10 60 3 3.25 54 56 84.08711224005056 0.0003671889771226233
10 60 3 3.25 56 58 73.81741144709032 0.0003212854244480923
10 60 3 3.25 58 60 65.00311439209614 0.0002822086775040589
10 60 3 3.25 60 65 131.4803157863388 0.0005694197304251247
10 60 3 3.25 65 70 97.91561041962561 0.0004235661952094461
10 60 3 3.25 70 80 130.5267856436591 0.0005662052691661756
10 60 3 3.25 80 90 77.8703147095826 0.0003410413177249438
10 60 3 3.25 90 100 48.19508455089899 0.0002683781221790582
10 60 3.25 3.5 0 0.5 -191861.3493924123 2.824613115866669
10 60 3.25 3.5 0.5 1 17422.19847558012 0.1730412035249174
10 60 3.25 3.5 1 1.5 25081.74269304926 1.063940336116502
10 60 3.25 3.5 1.5 2 21133.97844934809 0.7697526288466179
10 60 3.25 3.5 2 2.5 17238.80845837323 0.5805371406640916
10 60 3.25 3.5 2.5 3 14179.1214425052 0.4499904477797827
10 60 3.25 3.5 3 3.5 11825.54675743763 0.3546041230329138
10 60 3.25 3.5 3.5 4 9995.17263218134 0.3047884053576126
10 60 3.25 3.5 4 4.5 8547.192133068604 0.2752748737329966
10 60 3.25 3.5 4.5 5 7381.981537326114 0.2582520043642944
10 60 3.25 3.5 5 5.5 6429.636075188791 0.2494617048387227
10 60 3.25 3.5 5.5 6 5640.523136897285 0.2362720203736899
10 60 3.25 3.5 6 6.5 4978.874009208113 0.2308388656238094
10 60 3.25 3.5 6.5 7 4418.356744836487 0.08391206337819312
10 60 3.25 3.5 7 7.5 3939.283509951906 0.06980913939742095
10 60 3.25 3.5 7.5 8 3526.657245220088 0.0582922023422725
10 60 3.25 3.5 8 8.5 3168.872994466518 0.04906480672161706
10 60 3.25 3.5 8.5 9 2856.815982768188 0.04143057379769743
10 60 3.25 3.5 9 9.5 2583.232965577602 0.03535745749650232
10 60 3.25 3.5 9.5 10 2342.273845555027 0.03016706977905415
10 60 3.25 3.5 10 10.5 2129.178377922775 0.02597464240943737
10 60 3.25 3.5 10.5 11 1940.022535702564 0.02236550928910219
10 60 3.25 3.5 11 11.5 1771.551983721459 0.08239958590070273
10 60 3.25 3.5 11.5 12 1621.043495054878 0.06349968819154128
10 60 3.25 3.5 12 12.5 1486.196591034241 0.04786029883462106
10 60 3.25 3.5 12.5 13 1365.066797207965 0.03572580847185236
10 60 3.25 3.5 13 13.5 1255.99050811367 0.02613525323249632
10 60 3.25 3.5 13.5 14 1157.540835601976 0.01823078133202216
10 60 3.25 3.5 14 14.5 1068.49264835744 0.01227573227538414
10 60 3.25 3.5 14.5 15 987.7816324739293 0.008339794561948111
10 60 3.25 3.5 15 16 1762.28344525609 0.01712966119544035
10 60 3.25 3.5 16 17 1518.552100662372 0.01884855065213742
10 60 3.25 3.5 17 18 1315.111256240087 0.03959484796655488
10 60 3.25 3.5 18 19 1144.238915260966 0.05100729255605074
10 60 3.25 3.5 19 20 999.8955116719222 0.006637520447043244
10 60 3.25 3.5 20 21 877.3100100817273 0.005671563380587941
10 60 3.25 3.5 21 22 772.6814927107606 0.004846577039643307
10 60 3.25 3.5 22 23 682.9570807633538 0.004124321475842407
10 60 3.25 3.5 23 24 605.672103678438 0.003585310965377175
10 60 3.25 3.5 24 25 538.8243357202548 0.003127240098592665
10 60 3.25 3.5 25 26 480.7773998903593 0.00271270590428685
10 60 3.25 3.5 26 27 430.1856871562354 0.002383987200516913
10 60 3.25 3.5 27 28 385.9370527272777 0.002105509863383759
10 60 3.25 3.5 28 29 347.1076364667229 0.001859794560402861
10 60 3.25 3.5 29 30 312.9262612632029 0.001653277228513161
10 60 3.25 3.5 30 31 282.7464227663633 0.001472114014518411
10 60 3.25 3.5 31 32 256.0238587428506 0.00131584297361087
10 60 3.25 3.5 32 33 232.2982348651634 0.001178577659260327
10 60 3.25 3.5 33 34 211.1787807721118 0.001060572747405786
10 60 3.25 3.5 34 35 192.3329342667055 0.0009562208104796355
10 60 3.25 3.5 35 36 175.4767143155419 0.000864338691684452
10 60 3.25 3.5 36 37 160.3664631443612 0.0007828441011099585
10 60 3.25 3.5 37 38 146.7925238920639 0.0007115428153099401
10 60 3.25 3.5 38 39 134.5736999677837 0.0006476078981449973
10 60 3.25 3.5 39 40 123.5531498381191 0.000590660445851654
10 60 3.25 3.5 40 42 218.1748965079546 0.001033546860440993
10 60 3.25 3.5 42 44 185.3860382300573 0.0008691322938716439
10 60 3.25 3.5 44 46 158.2946634416014 0.0007353089144714886
10 60 3.25 3.5 46 48 135.7712253851952 0.0006259912540258483
10 60 3.25 3.5 48 50 116.9381588549349 0.0005362913407793712
10 60 3.25 3.5 50 52 101.1070382615269 0.0004614719305635617
10 60 3.25 3.5 52 54 87.73354886744313 0.0003989090090357195
10 60 3.25 3.5 54 56 76.38391719497432 0.0003461206030550557
10 60 3.25 3.5 56 58 66.71005190837803 0.0003015601793521228
10 60 3.25 3.5 58 60 58.43125243910544 0.0002637597373151834
10 60 3.25 3.5 60 65 117.0697250307401 0.0005275792045438266
10 60 3.25 3.5 65 70 85.90284601544187 0.0003872603133032726
10 60 3.25 3.5 70 80 111.9105119367124 0.0006370861807738493
10 60 3.25 3.5 80 90 64.44077663297192 0.0005301096849876785
10 60 3.25 3.5 90 100 38.34997397967395 0.0004303338670226253
10 60 3.5 4 0 0.5 -340838.150573509 5.861992413643748
10 60 3.5 4 0.5 1 39519.72606151178 0.04918217856902629
10 60 3.5 4 1 1.5 49940.76966721036 1.974754912138451
10 60 3.5 4 1.5 2 41208.29014076084 1.4403379406358
10 60 3.5 4 2 2.5 33293.29986888033 1.106208230892662
10 60 3.5 4 2.5 3 27227.41485534013 0.8466143244149862
10 60 3.5 4 3 3.5 22619.37467542927 0.6773148212560045
10 60 3.5 4 3.5 4 19063.60502227087 0.5384514719662548
10 60 3.5 4 4 4.5 16266.0367175628 0.4334736410637561
10 60 3.5 4 4.5 5 14023.91499679125 0.3520211034465319
10 60 3.5 4 5 5.5 12197.13047532002 0.2867341323053552
10 60 3.5 4 5.5 6 10687.26398075213 0.2346793571450689
10 60 3.5 4 6 6.5 9423.797867800804 0.1934124596282345
10 60 3.5 4 6.5 7 8355.215309869302 0.160093316620987
10 60 3.5 4 7 7.5 7443.125232447402 0.133878857941454
10 60 3.5 4 7.5 8 6658.407906071036 0.1121104263329471
10 60 3.5 4 8 8.5 5978.608891371066 0.09316305188622209
10 60 3.5 4 8.5 9 5386.148464770469 0.08013134596421878
10 60 3.5 4 9 9.5 4867.05634958792 0.06696652793743851
10 60 3.5 4 9.5 10 4410.112503232363 0.0576111103864605
10 60 3.5 4 10 10.5 4006.184479649514 0.04964124473781339
10 60 3.5 4 10.5 11 3647.777902739806 0.04240210238185682
10 60 3.5 4 11 11.5 3328.668289550012 0.1564128048366911
10 60 3.5 4 11.5 12 3043.663069989219 0.1206032211139245
10 60 3.5 4 12 12.5 2788.384801389887 0.09132763048910419
10 60 3.5 4 12.5 13 2559.128836024245 0.06816144981075922
10 60 3.5 4 13 13.5 2352.733674089327 0.05001768305419318
10 60 3.5 4 13.5 14 2166.489007164908 0.0352388473170322
10 60 3.5 4 14 14.5 1998.064932648843 0.02367891776475517
10 60 3.5 4 14.5 15 1845.444354262813 0.01597992697475092
10 60 3.5 4 15 16 3287.71800766942 0.03552598413671149
10 60 3.5 4 16 17 2827.172918740545 0.03478003721011191
10 60 3.5 4 17 18 2442.981298974022 0.07563524522583975
10 60 3.5 4 18 19 2120.511832525567 0.0967735003468988
10 60 3.5 4 19 20 1848.303402428998 0.01281048616942826
10 60 3.5 4 20 21 1617.307110076142 0.01086652768481144
10 60 3.5 4 21 22 1420.322517907277 0.009235784947577486
10 60 3.5 4 22 23 1251.570274897333 0.00791973146692726
10 60 3.5 4 23 24 1106.382791916333 0.006837059586359828
10 60 3.5 4 24 25 980.9662046837345 0.005946862563973809
10 60 3.5 4 25 26 872.2173728889544 0.005158093144018494
10 60 3.5 4 26 27 777.5834704344501 0.004519508986845722
10 60 3.5 4 27 28 694.9525814695136 0.004434578382756627
10 60 3.5 4 28 29 622.5716320195007 0.005312776709274658
10 60 3.5 4 29 30 558.9754655178695 0.006667405660664372
10 60 3.5 4 30 31 502.9370272826775 0.007262903744219784
10 60 3.5 4 31 32 453.4234165462659 0.00770757508519182
10 60 3.5 4 32 33 409.5618231132329 0.008224209402385441
10 60 3.5 4 33 34 370.6114125759778 0.008587588121656609
10 60 3.5 4 34 35 335.9411754676926 0.008595138357918586
10 60 3.5 4 35 36 305.0117516996852 0.008542692124933637
10 60 3.5 4 36 37 277.3606003935537 0.008494890066401695
10 60 3.5 4 37 38 252.5897828876452 0.008762800667255988
10 60 3.5 4 38 39 230.3561880778843 0.009296983505265644
10 60 3.5 4 39 40 210.3631974090644 0.009623681978951026
10 60 3.5 4 40 42 368.4542871107296 0.01787133254259743
10 60 3.5 4 42 44 309.5296906326231 0.001547640215335377
10 60 3.5 4 44 46 261.1835812534209 0.00129674312751149
10 60 3.5 4 46 48 221.2895938521445 0.00109265276674364
10 60 3.5 4 48 50 188.1947076938947 0.0009248787480942156
10 60 3.5 4 50 52 160.6051211477226 0.0007866641352620718
10 60 3.5 4 52 54 137.499458046708 0.0006714925560231677
10 60 3.5 4 54 56 118.0667184053739 0.0005759651530183874
10 60 3.5 4 56 58 101.6589518088398 0.0004955188958035706
10 60 3.5 4 58 60 87.75450091042349 0.000427666154521944
10 60 3.5 4 60 65 171.3812247991414 0.0008359599870857437
10 60 3.5 4 65 70 120.8660084768817 0.000591782232632454
10 60 3.5 4 70 80 148.2179357817981 0.0007324270140998124
10 60 3.5 4 80 90 77.84635455803577 0.0003917093551422113
10 60 3.5 4 90 100 41.90379826170122 0.0002157098974606697
10 60 4 5 0 0.5 -506450.6071941946 9.991917508596089
10 60 4 5 0.5 1 95223.34392323454 0.3775160996592604
10 60 4 5 1 1.5 95991.16397349341 4.021342223684769
10 60 4 5 1.5 2 75662.63469926499 2.692648402327904
10 60 4 5 2 2.5 59757.0957539202 1.928669839464419
10 60 4 5 2.5 3 48156.70860635913 1.445304551612935
10 60 4 5 3 3.5 39573.5298048687 1.405824079003651
10 60 4 5 3.5 4 33061.36773876234 0.8911344743391965
10 60 4 5 4 4.5 27998.88678474397 0.7121761791313475
10 60 4 5 4.5 5 23978.24477782088 0.5862837315326033
10 60 4 5 5 5.5 20725.8958513217 0.7064052690657263
10 60 4 5 5.5 6 18053.65282749205 0.405546024281648
10 60 4 5 6 6.5 15828.71710156567 0.3385553055595665
10 60 4 5 6.5 7 13955.17149140669 0.2842418002164777
10 60 4 5 7 7.5 12362.25394196986 0.2361006624050788
10 60 4 5 7.5 8 10996.70534743442 0.1990236204856046
10 60 4 5 8 8.5 9817.704093017577 0.1682664026211569
10 60 4 5 8.5 9 8793.482666865015 0.141398823916461
10 60 4 5 9 9.5 7898.927233414066 0.1206656480389938
10 60 4 5 9.5 10 7113.91844834272 0.1017937915330549
10 60 4 5 10 10.5 6422.162994073698 0.08755142837526364
10 60 4 5 10.5 11 5810.312985074615 0.07491194363683462
10 60 4 5 11 11.5 5267.319874840995 0.2512178782117189
10 60 4 5 11.5 12 4783.974354891136 0.1874183973823165
10 60 4 5 12 12.5 4352.535198533556 0.1367354602652995
10 60 4 5 12.5 13 3966.450518833196 0.0965690457405799
10 60 4 5 13 13.5 3620.143661320815 0.06453729849999945
10 60 4 5 13.5 14 3308.84447816909 0.03931944570058477
10 60 4 5 14 14.5 3028.449359239057 0.03072766016066453
10 60 4 5 14.5 15 2775.410596398913 0.02725941028211309
10 60 4 5 15 16 4886.14818589388 0.0969845512208849
10 60 4 5 16 17 4132.537275796778 0.2066186738511533
10 60 4 5 17 18 3509.915614089729 0.03044974842941883
10 60 4 5 18 19 2992.666651195659 0.02501391012719978
10 60 4 5 19 20 2560.788283178841 0.02072826345602152
10 60 4 5 20 21 2198.512918455879 0.0172916160377099
10 60 4 5 21 22 1893.316986272782 0.01450628359793882
10 60 4 5 22 23 1635.180357122081 0.01221589492456587
10 60 4 5 23 24 1416.035661876183 0.01231996697970317
10 60 4 5 24 25 1229.347840455032 0.01295665736279261
10 60 4 5 25 26 1069.792877200435 0.01374588038447655
10 60 4 5 26 27 933.0111880965566 0.01350276436335207
10 60 4 5 27 28 815.4173463435221 0.01316087053510273
10 60 4 5 28 29 714.0487356914155 0.01361622701483611
10 60 4 5 29 30 626.4463408308693 0.01406361327485683
10 60 4 5 30 31 550.5600293127937 0.01422898488772262
10 60 4 5 31 32 484.6746735737022 0.01342413577538082
10 60 4 5 32 33 427.351075336854 0.01253650562688335
10 60 4 5 33 34 377.3764935974201 0.01269442941071475
10 60 4 5 34 35 333.7249020501415 0.012386622491249
10 60 4 5 35 36 295.5257972484009 0.011951315207682
10 60 4 5 36 37 262.039818784019 0.01153619034482745
10 60 4 5 37 38 232.6372220792253 0.01116502020036592
10 60 4 5 38 39 206.7795879551018 0.001298953600581854
10 60 4 5 39 40 184.0054075496693 0.001148171072230753
10 60 4 5 40 42 310.0951063301709 0.001930428095988646
10 60 4 5 42 44 247.0796015107262 0.001524279492684855
10 60 4 5 44 46 197.6171218697058 0.001213428093564062
10 60 4 5 46 48 158.610820769744 0.0009688068837192532
10 60 4 5 48 50 127.7189082673389 0.005575594998859401
10 60 4 5 50 52 103.1563367036497 0.002625019940182938
10 60 4 5 52 54 83.55410996752566 0.0005052303589963003
10 60 4 5 54 56 67.85630067822794 0.002706785229122488
10 60 4 5 56 58 55.24274931662747 0.0003337992500931364
10 60 4 5 58 60 45.07601869074476 0.0002723913409212741
10 60 4 5 60 65 80.05403579320881 0.0004836385276547617
10 60 4 5 65 70 48.92669998847786 0.0002972681573609748
10 60 4 5 70 80 48.91083025995384 0.001066097777382424
10 60 4 5 80 90 19.00525742173627 0.0005265700928340777
10 60 4 5 90 100 7.449566409132644 0.0002382277741981298
60 120 -5 -4 0 0.5 -0.5876113990518159 6.742031903539392e-06
60 120 -5 -4 0.5 1 1910.139084659714 0.08503355127186296
60 120 -5 -4 1 1.5 3570.947015197475 0.1125564347544241
60 120 -5 -4 1.5 2 3069.041323594642 0.05821742463376722
60 120 -5 -4 2 2.5 2557.782440523395 0.03471231828325472
60 120 -5 -4 2.5 3 2147.485186812522 0.021955402297408
60 120 -5 -4 3 3.5 1826.180177099557 0.01435589055085984
60 120 -5 -4 3.5 4 1572.382765914524 0.00956904467102504
60 120 -5 -4 4 4.5 1368.82848070399 0.006511568177984373
60 120 -5 -4 4.5 5 1202.696680444242 0.05237305696437033
60 120 -5 -4 5 5.5 1065.679958714548 0.03785839160059368
60 120 -5 -4 5.5 6 950.9831173663504 0.02648339232302988
60 120 -5 -4 6 6.5 853.8760224244326 0.01746008752638772
60 120 -5 -4 6.5 7 770.8312725009456 0.01024639583522458
60 120 -5 -4 7 7.5 699.1807197632268 0.004444286759735405
60 120 -5 -4 7.5 8 636.8760001350686 0.0006839419620519038
60 120 -5 -4 8 8.5 582.3175160566368 0.004059632375401634
60 120 -5 -4 8.5 9 534.2414616297605 0.007149082195041956
60 120 -5 -4 9 9.5 491.6358920554197 0.009670033407132905
60 120 -5 -4 9.5 10 453.6848590819232 0.0117262097260209
60 120 -5 -4 10 10.5 419.7232440289121 0.01340105161852989
60 120 -5 -4 10.5 11 389.2019914131074 0.01476892829828103
60 120 -5 -4 11 11.5 361.6657715505648 0.01794223068924339
60 120 -5 -4 11.5 12 336.7340101623412 0.01677882466304936
60 120 -5 -4 12 12.5 314.1597534692921 0.01325153327695716
60 120 -5 -4 12.5 13 293.5188058029926 0.01142243333850956
60 120 -5 -4 13 13.5 274.659211621146 0.009880965549314169
60 120 -5 -4 13.5 14 257.3823609297305 0.008603069403477548
60 120 -5 -4 14 14.5 241.5165065062217 0.007496524670330018
60 120 -5 -4 14.5 15 226.9131431903075 0.006541001486453979
60 120 -5 -4 15 16 414.4375618492967 0.003056646496929716
60 120 -5 -4 16 17 368.2422232761962 0.002872006427708129
60 120 -5 -4 17 18 328.4373005493859 0.002734371176018158
60 120 -5 -4 18 19 293.9231415238049 0.002605498503100989
60 120 -5 -4 19 20 263.8284074912587 0.002519800709080755
60 120 -5 -4 20 21 237.4549385119798 0.01169237980670346
60 120 -5 -4 21 22 214.2369751039326 0.00896182332837725
60 120 -5 -4 22 23 193.7126318690151 0.006811741139699734
60 120 -5 -4 23 24 175.5014742522268 0.005102061824857174
60 120 -5 -4 24 25 159.2878128807021 0.003731405434677981
60 120 -5 -4 25 26 144.8077070867685 0.002650175866449445
60 120 -5 -4 26 27 131.8389623180986 0.002300389486435961
60 120 -5 -4 27 28 120.1936393580867 0.002279123889181278
60 120 -5 -4 28 29 109.7115468997873 0.002247773241833784
60 120 -5 -4 29 30 100.2555926817378 0.002187446076860056
60 120 -5 -4 30 31 91.70796442719103 0.002113283943003808
60 120 -5 -4 31 32 83.9669543026823 0.002017293567405432
60 120 -5 -4 32 33 76.94431249273927 0.001905702731178849
60 120 -5 -4 33 34 70.56330506613909 0.001778862614699506
60 120 -5 -4 34 35 64.75682306915455 0.0016508573500289
60 120 -5 -4 35 36 59.46603364267629 0.001512953283587137
60 120 -5 -4 36 37 54.63911365705095 0.001377912181624197
60 120 -5 -4 37 38 50.23031607394684 0.001310993221771639
60 120 -5 -4 38 39 46.19913285836013 0.001340741862144057
60 120 -5 -4 39 40 42.50958380069856 0.001360608509486383
60 120 -5 -4 40 42 75.16057706116449 0.001668635700625032
60 120 -5 -4 42 44 63.76451180871508 0.001266684910390836
60 120 -5 -4 44 46 54.15173803789838 0.0009204577550434578
60 120 -5 -4 46 48 46.02409416444187 0.000626713864775752
60 120 -5 -4 48 50 39.13852696505196 0.000379913539752863
60 120 -5 -4 50 52 33.29578675443165 0.0001928436968370306
60 120 -5 -4 52 54 28.33127777594865 5.811533984356743e-05
60 120 -5 -4 54 56 24.1084334044717 4.429569938224631e-05
60 120 -5 -4 56 58 20.51357942365559 0.0001184669013447603
60 120 -5 -4 58 60 17.45145515684591 0.0001692680385971812
60 120 -5 -4 60 65 33.03868506943753 0.0005362764547527377
60 120 -5 -4 65 70 21.97356536357472 0.0005741072082585674
60 120 -5 -4 70 80 24.13884426297403 0.0004663612001536421
60 120 -5 -4 80 90 10.34856748495818 0.0001487849531258689
60 120 -5 -4 90 100 4.297045533424498 0.0001014012185676094
60 120 -4 -3.5 0 0.5 -2.600735110292299 0.0001017654299593218
60 120 -4 -3.5 0.5 1 1685.259975085506 0.07065619549553048
60 120 -4 -3.5 1 1.5 6470.629815888987 0.08819728285106976
60 120 -4 -3.5 1.5 2 6634.031899771875 0.01425536184251541
60 120 -4 -3.5 2 2.5 5940.769853749001 0.00479759934660251
60 120 -4 -3.5 2.5 3 5202.54992051283 0.003535634920808661
60 120 -4 -3.5 3 3.5 4555.680871196716 0.0006883723281134735
60 120 -4 -3.5 3.5 4 4011.650768077466 0.004645491939299973
60 120 -4 -3.5 4 4.5 3556.987231305573 0.003657518270756555
60 120 -4 -3.5 4.5 5 3175.458915500228 0.004026304396120395
60 120 -4 -3.5 5 5.5 2852.900805703326 0.003473937764738366
60 120 -4 -3.5 5.5 6 2577.888453359055 0.001557645929551654
60 120 -4 -3.5 6 6.5 2341.456783874855 0.001680048701018677
60 120 -4 -3.5 6.5 7 2136.599990295598 0.001202414114231942
60 120 -4 -3.5 7 7.5 1957.818622734899 0.0001906988668451959
60 120 -4 -3.5 7.5 8 1800.75771060518 0.0001432277633739432
60 120 -4 -3.5 8 8.5 1661.941882976951 0.0006136033500752092
60 120 -4 -3.5 8.5 9 1538.571191545977 0.0001205501171170908
60 120 -4 -3.5 9 9.5 1428.370569358159 0.0003423984783239575
60 120 -4 -3.5 9.5 10 1329.477510348782 0.0004264415633770113
60 120 -4 -3.5 10 10.5 1240.353278077446 0.0007353904534284084
60 120 -4 -3.5 10.5 11 1159.717817895115 0.05563809177306211
60 120 -4 -3.5 11 11.5 1086.500165955683 0.04804860049830495
60 120 -4 -3.5 11.5 12 1019.796668998281 0.04166417909368647
60 120 -4 -3.5 12 12.5 958.839937004165 0.0363295680255078
60 120 -4 -3.5 12.5 13 902.9739623964506 0.03178563070321161
60 120 -4 -3.5 13 13.5 851.6359412352784 0.0279548373716807
60 120 -4 -3.5 13.5 14 804.3401145899635 0.0246266062789573
60 120 -4 -3.5 14 14.5 760.6661707906333 0.02175503928481248
60 120 -4 -3.5 14.5 15 720.2482901446471 0.01931339828627188
60 120 -4 -3.5 15 16 1330.706284533487 0.001626722906394207
60 120 -4 -3.5 16 17 1200.81453093825 0.0007522896594309714
60 120 -4 -3.5 17 18 1087.711333901713 0.0006014460998358118
60 120 -4 -3.5 18 19 988.6132522069786 0.0009287038690217742
60 120 -4 -3.5 19 20 901.2981078961913 0.0004929323785063389
60 120 -4 -3.5 20 21 823.9737952157745 0.0002230195239008026
60 120 -4 -3.5 21 22 755.1816253671742 0.03726539669594331
60 120 -4 -3.5 22 23 693.7230818568032 0.03079516403511207
60 120 -4 -3.5 23 24 638.6057952690038 0.02556804335256402
60 120 -4 -3.5 24 25 589.0013054418806 0.0212452583407412
60 120 -4 -3.5 25 26 544.2130305021703 0.01773838748715661
60 120 -4 -3.5 26 27 503.6513171167646 0.01480162911309435
60 120 -4 -3.5 27 28 466.8148286900154 0.01236039063115868
60 120 -4 -3.5 28 29 433.2748959286476 0.0103011328982916
60 120 -4 -3.5 29 30 402.6633056116159 0.008580486842845403
60 120 -4 -3.5 30 31 374.6620251065561 0.007090325576427858
60 120 -4 -3.5 31 32 348.9954770925627 0.005854974301598759
60 120 -4 -3.5 32 33 325.4233230187049 0.004787734318483672
60 120 -4 -3.5 33 34 303.7355549956374 0.003901362000419795
60 120 -4 -3.5 34 35 283.8319138365237 0.00489740707701003
60 120 -4 -3.5 35 36 265.2965539555697 0.002480928594195575
60 120 -4 -3.5 36 37 248.2390429457282 0.00191924220635542
60 120 -4 -3.5 37 38 232.4475571822358 0.00142788961596807
60 120 -4 -3.5 38 39 217.8090062538647 0.00101369213206226
60 120 -4 -3.5 39 40 204.2224634700387 0.0006472048013677068
60 120 -4 -3.5 40 42 371.4521067130839 0.001630026176428601
60 120 -4 -3.5 42 44 327.6461112651419 0.002069597029731085
60 120 -4 -3.5 44 46 289.5598515006845 0.004711694485081352
60 120 -4 -3.5 46 48 256.332659650638 0.006597110580912613
60 120 -4 -3.5 48 50 227.2559812372569 0.01127893963052884
60 120 -4 -3.5 50 52 201.7423808443606 0.00980366360030871
60 120 -4 -3.5 52 54 179.3016865200857 0.008532572141945138
60 120 -4 -3.5 54 56 159.5216796437552 0.007430744631619746
60 120 -4 -3.5 56 58 142.0537113969359 0.0064852178926742
60 120 -4 -3.5 58 60 126.6012314513853 0.005668396781842944
60 120 -4 -3.5 60 65 259.938974613999 0.01126311874958219
60 120 -4 -3.5 65 70 195.9501618219701 0.008107690975379001
60 120 -4 -3.5 70 80 260.3108824067061 0.01015211533297133
60 120 -4 -3.5 80 90 149.7014001555215 0.005432283144386929
60 120 -4 -3.5 90 100 86.37031941689608 0.002951952745206654
60 120 -3.5 -3.25 0 0.5 -1.878819212405215 6.142761802574448e-05
60 120 -3.5 -3.25 0.5 1 38.00436137842474 0.001400561744013373
60 120 -3.5 -3.25 1 1.5 3403.877496412482 0.06056346220884734
60 120 -3.5 -3.25 1.5 2 4042.314225334556 0.01217620740817438
60 120 -3.5 -3.25 2 2.5 3795.970395584723 0.001177958554308134
60 120 -3.5 -3.25 2.5 3 3408.773561198203 0.005846842650043982
60 120 -3.5 -3.25 3 3.5 3033.985938701761 0.00714425028900223
60 120 -3.5 -3.25 3.5 4 2703.495074045379 0.003123663313999714
60 120 -3.5 -3.25 4 4.5 2419.437411699078 0.001230035906701232
60 120 -3.5 -3.25 4.5 5 2176.517881422382 0.0007392079992314393
60 120 -3.5 -3.25 5 5.5 1968.253668520313 0.003007411999988108
60 120 -3.5 -3.25 5.5 6 1788.762836981023 0.003206611434507067
60 120 -3.5 -3.25 6 6.5 1633.110888007114 0.003936729587621812
60 120 -3.5 -3.25 6.5 7 1497.276840960269 0.005470895669304809
60 120 -3.5 -3.25 7 7.5 1378.008873921758 0.004926129196974216
60 120 -3.5 -3.25 7.5 8 1272.677448130536 0.004719948552065034
60 120 -3.5 -3.25 8 8.5 1179.143397034604 0.005264274666160418
60 120 -3.5 -3.25 8.5 9 1095.664618021301 0.005166518245914631
60 120 -3.5 -3.25 9 9.5 1020.812870018918 0.004527852751834871
60 120 -3.5 -3.25 9.5 10 953.4073113860494 0.003836343840930567
60 120 -3.5 -3.25 10 10.5 892.4658739447858 0.04382322716696763
60 120 -3.5 -3.25 10.5 11 837.1673390095542 0.03778837838865456
60 120 -3.5 -3.25 11 11.5 786.8168028423939 0.03276210954686576
60 120 -3.5 -3.25 11.5 12 740.8241366240997 0.02852531550308868
60 120 -3.5 -3.25 12 12.5 698.6867249789668 0.02490122902656822
60 120 -3.5 -3.25 12.5 13 659.974789719109 0.0218609579698068
60 120 -3.5 -3.25 13 13.5 624.317957795807 0.01922471051034336
60 120 -3.5 -3.25 13.5 14 591.3959249422896 0.01700120334771782
60 120 -3.5 -3.25 14 14.5 560.9298732580814 0.01506231712528461
60 120 -3.5 -3.25 14.5 15 532.6766655026579 0.01337255678572546
60 120 -3.5 -3.25 15 16 988.4054708341152 0.003362352868066409
60 120 -3.5 -3.25 16 17 897.0796453647846 0.04469284830975084
60 120 -3.5 -3.25 17 18 817.2552997209096 0.04033835560733223
60 120 -3.5 -3.25 18 19 747.0545487378689 0.0365354400302067
60 120 -3.5 -3.25 19 20 684.9755708736799 0.03319234640957802
60 120 -3.5 -3.25 20 21 629.8036978987233 0.03024291676820212
60 120 -3.5 -3.25 21 22 580.5471443573026 0.02762518322310825
60 120 -3.5 -3.25 22 23 536.388079109186 0.02529103498591212
60 120 -3.5 -3.25 23 24 496.6460241795176 0.02319924904827531
60 120 -3.5 -3.25 24 25 460.7514002218148 0.02131671101204802
60 120 -3.5 -3.25 25 26 428.2251191354948 0.01961812486536019
60 120 -3.5 -3.25 26 27 398.6615049488237 0.01808143591415501
60 120 -3.5 -3.25 27 28 371.7154981684318 0.01668874824088107
60 120 -3.5 -3.25 28 29 347.091043862281 0.01542369902836072
60 120 -3.5 -3.25 29 30 324.5334379110905 0.01427176394605567
60 120 -3.5 -3.25 30 31 303.8218944224129 0.01322042690651415
60 120 -3.5 -3.25 31 32 284.7643782012124 0.01225867551897863
60 120 -3.5 -3.25 32 33 267.1934426225493 0.01137698271719501
60 120 -3.5 -3.25 33 34 250.962378598627 0.01056763637612335
60 120 -3.5 -3.25 34 35 235.9426739254389 0.009823512151513114
60 120 -3.5 -3.25 35 36 222.0207964775091 0.009138732080288037
60 120 -3.5 -3.25 36 37 209.0964563600692 0.008508205489050624
60 120 -3.5 -3.25 37 38 197.0806331872508 0.007927120792430742
60 120 -3.5 -3.25 38 39 185.8940684964221 0.007390822468181568
60 120 -3.5 -3.25 39 40 175.4659069632119 0.006895298158241303
60 120 -3.5 -3.25 40 42 322.3699711597463 0.01244955308516182
60 120 -3.5 -3.25 42 44 288.289042554017 0.01087370401461385
60 120 -3.5 -3.25 44 46 258.373536445096 0.009518083365605889
60 120 -3.5 -3.25 46 48 232.0156409765524 0.008346173290163961
60 120 -3.5 -3.25 48 50 208.7142266954035 0.007333063709012322
60 120 -3.5 -3.25 50 52 188.0526313344407 0.006457446332433392
60 120 -3.5 -3.25 52 54 169.6815550888834 0.005695025896670813
60 120 -3.5 -3.25 54 56 153.3064059666801 0.005029394090229289
60 120 -3.5 -3.25 56 58 138.6773211069201 0.004450568443701286
60 120 -3.5 -3.25 58 60 125.5817073757544 0.003944519587591344
60 120 -3.5 -3.25 60 65 265.1461765899218 0.008037806139554959
60 120 -3.5 -3.25 65 70 208.5394722334296 0.006017384015677862
60 120 -3.5 -3.25 70 80 295.4406917324809 0.008000455366811821
60 120 -3.5 -3.25 80 90 186.9342926018169 0.004688489451353917
60 120 -3.5 -3.25 90 100 119.5265760381113 0.002816970804090602
60 120 -3.25 -3 0 0.5 -2.181518779076288 6.695273932422197e-05
60 120 -3.25 -3 0.5 1 -625.1915716721194 0.01632889281256666
60 120 -3.25 -3 1 1.5 3181.058759844699 0.07653323437079962
60 120 -3.25 -3 1.5 2 4210.794973246283 0.006571502066435642
60 120 -3.25 -3 2 2.5 4072.893308354956 0.005025042710258276
60 120 -3.25 -3 2.5 3 3711.665081358916 0.002528961018015252
60 120 -3.25 -3 3 3.5 3334.003529560925 0.003956895783630898
60 120 -3.25 -3 3.5 4 2990.19375449883 0.002244030041765654
60 120 -3.25 -3 4 4.5 2689.379222744504 0.002967135281323863
60 120 -3.25 -3 4.5 5 2429.097466787339 0.001362527596484142
60 120 -3.25 -3 5 5.5 2204.082372702373 0.002408932182333956
60 120 -3.25 -3 5.5 6 2008.931212850038 0.002387580853564941
60 120 -3.25 -3 6 6.5 1838.8631696704 0.002303652719092497
60 120 -3.25 -3 6.5 7 1689.855842143856 0.002280496307093927
60 120 -3.25 -3 7 7.5 1558.573780920521 0.002368979119182768
60 120 -3.25 -3 7.5 8 1442.283232499926 0.07182591847299591
60 120 -3.25 -3 8 8.5 1338.751317692762 0.06613194533269962
60 120 -3.25 -3 8.5 9 1246.141964485569 0.06108115703887051
60 120 -3.25 -3 9 9.5 1162.93831410747 0.05658103807536463
60 120 -3.25 -3 9.5 10 1087.878953979573 0.05255797843142318
60 120 -3.25 -3 10 10.5 1019.907158161573 0.04905769823130868
60 120 -3.25 -3 10.5 11 958.1317170492002 0.0456746332356488
60 120 -3.25 -3 11 11.5 901.8008065008351 0.0427229877972195
60 120 -3.25 -3 11.5 12 850.2751934839342 0.04004122136961996
60 120 -3.25 -3 12 12.5 803.009491132836 0.03759276496498387
60 120 -3.25 -3 12.5 13 759.53510707903 0.03535231300838859
60 120 -3.25 -3 13 13.5 719.4476355394662 0.03329776931911965
60 120 -3.25 -3 13.5 14 682.3962759619669 0.03140762284272114
60 120 -3.25 -3 14 14.5 648.075536628763 0.02966410158410326
60 120 -3.25 -3 14.5 15 616.2169274166585 0.02805388225488059
60 120 -3.25 -3 15 16 1145.558757435918 0.05174244272689066
60 120 -3.25 -3 16 17 1042.29321008856 0.04658892559132255
60 120 -3.25 -3 17 18 951.8756033882347 0.04211742630297977
60 120 -3.25 -3 18 19 872.2302463285778 0.03820705515738609
60 120 -3.25 -3 19 20 801.6928222338963 0.03476636295056323
60 120 -3.25 -3 20 21 738.9116727534156 0.03172177040187307
60 120 -3.25 -3 21 22 682.7781307484369 0.03147489187949759
60 120 -3.25 -3 22 23 632.3776710548389 0.02659232842859183
60 120 -3.25 -3 23 24 586.9510351683455 0.02442472083157554
60 120 -3.25 -3 24 25 545.8633149087633 0.02247471529119593
60 120 -3.25 -3 25 26 508.5789187241372 0.0207152400177506
60 120 -3.25 -3 26 27 474.6442396990154 0.0191236900289482
60 120 -3.25 -3 27 28 443.6710315000744 0.01768070810567224
60 120 -3.25 -3 28 29 415.3258368532995 0.01636750454713365
60 120 -3.25 -3 29 30 389.3210106353156 0.01516973323896309
60 120 -3.25 -3 30 31 365.4082756303854 0.01407443833488742
60 120 -3.25 -3 31 32 343.3721544500043 0.01307130678884505
60 120 -3.25 -3 32 33 323.0243810452504 0.01215217714337768
60 120 -3.25 -3 33 34 304.2000481183672 0.01130794625328235
60 120 -3.25 -3 34 35 286.7541780970765 0.01053150760702692
60 120 -3.25 -3 35 36 270.5586258108013 0.009816033381753186
60 120 -3.25 -3 36 37 255.4999226608387 0.009156209375419166
60 120 -3.25 -3 37 38 241.4770699398142 0.008546402663512254
60 120 -3.25 -3 38 39 228.400104793177 0.007982682126623786
60 120 -3.25 -3 39 40 216.1889311770042 0.007461320488232559
60 120 -3.25 -3 40 42 398.8557615290606 0.01408810149712281
60 120 -3.25 -3 42 44 358.7400619977967 0.01184759646156408
60 120 -3.25 -3 44 46 323.4007661574666 0.0104148624822642
60 120 -3.25 -3 46 48 292.1484258889874 0.009175568159719205
60 120 -3.25 -3 48 50 264.4131207724812 0.008100212179897426
60 120 -3.25 -3 50 52 239.7205807336994 0.007164461467795036
60 120 -3.25 -3 52 54 217.6736664908338 0.006349087276475984
60 120 -3.25 -3 54 56 197.9378814470109 0.005636490744421963
60 120 -3.25 -3 56 58 180.2293954548305 0.005012885348207874
60 120 -3.25 -3 58 60 164.3057444744261 0.004467207116078953
60 120 -3.25 -3 60 65 351.0081291023719 0.009192344995028634
60 120 -3.25 -3 65 70 281.0342120910118 0.006983413079353795
60 120 -3.25 -3 70 80 409.1486118726895 0.009502723612570207
60 120 -3.25 -3 80 90 269.5776600993443 0.005772447413789905
60 120 -3.25 -3 90 100 180.1021385336106 0.00360836227486061
60 120 -3 -2.75 0 0.5 -2.444233713667534 7.039909824202439e-05
60 120 -3 -2.75 0.5 1 -1271.745331969979 0.04606719182743291
60 120 -3 -2.75 1 1.5 2862.363787764698 0.08758306890558742
60 120 -3 -2.75 1.5 2 4253.400122818844 0.01196834381789813
60 120 -3 -2.75 2 2.5 4228.391846449271 0.00651802976608451
60 120 -3 -2.75 2.5 3 3903.819081596729 0.005344644395790965
60 120 -3 -2.75 3 3.5 3534.473123649382 0.0006651666831203329
60 120 -3 -2.75 3.5 4 3187.545911283617 0.002175407990307576
60 120 -3 -2.75 4 4.5 2878.843384888835 0.00125800089290351
60 120 -3 -2.75 4.5 5 2608.849469257934 0.000298641929475707
60 120 -3 -2.75 5 5.5 2373.697202452894 0.1179173629980141
60 120 -3 -2.75 5.5 6 2168.643684455477 0.1064032902272629
60 120 -3 -2.75 6 6.5 1989.182165951224 0.09649475294463628
60 120 -3 -2.75 6.5 7 1831.37183283591 0.08792828432501665
60 120 -3 -2.75 7 7.5 1691.913569010355 0.08045237450187415
60 120 -3 -2.75 7.5 8 1568.072574492913 0.07388991171683301
60 120 -3 -2.75 8 8.5 1457.584620191275 0.06809778432625535
60 120 -3 -2.75 8.5 9 1358.573020888206 0.06294480305973593
60 120 -3 -2.75 9 9.5 1269.468917383974 0.05834618608423625
60 120 -3 -2.75 9.5 10 1188.959805493168 0.0542249037032434
60 120 -3 -2.75 10 10.5 1115.946088419702 0.05302463682392045
60 120 -3 -2.75 10.5 11 1049.501646621678 0.0471592865465027
60 120 -3 -2.75 11 11.5 988.8413441658337 0.04412447274523856
60 120 -3 -2.75 11.5 12 933.2964742391882 0.04136392377995435
60 120 -3 -2.75 12 12.5 882.2950457553553 0.03884378487532558
60 120 -3 -2.75 12.5 13 835.3425570240968 0.03653846819702267
60 120 -3 -2.75 13 13.5 792.0104837296032 0.03442433650263865
60 120 -3 -2.75 13.5 14 751.9250072202551 0.03247915861038564
60 120 -3 -2.75 14 14.5 714.7614739137554 0.03068650965099096
60 120 -3 -2.75 14.5 15 680.236020403511 0.029028947635652
60 120 -3 -2.75 15 16 1266.229852276692 0.05355909778381829
60 120 -3 -2.75 16 17 1154.080361480097 0.04823851065953022
60 120 -3 -2.75 17 18 1055.763819729497 0.04361743798313
60 120 -3 -2.75 18 19 969.0611958726068 0.03957724289159614
60 120 -3 -2.75 19 20 892.1813611987212 0.03602385230385607
60 120 -3 -2.75 20 21 823.6725709672378 0.04106601373564445
60 120 -3 -2.75 21 22 762.3495949530118 0.03441835383216585
60 120 -3 -2.75 22 23 707.2334238632689 0.02890440206840594
60 120 -3 -2.75 23 24 657.5093357322776 0.02538047575001201
60 120 -3 -2.75 24 25 612.4921486048062 0.02337993149205886
60 120 -3 -2.75 25 26 571.6023891117342 0.02157654822190125
60 120 -3 -2.75 26 27 534.347836327557 0.01994404962874796
60 120 -3 -2.75 27 28 500.3092978358666 0.01846119087213083
60 120 -3 -2.75 28 29 469.1276040195829 0.01710929309365383
60 120 -3 -2.75 29 30 440.4932143989153 0.01587478864973946
60 120 -3 -2.75 30 31 414.1382468332667 0.01474457367839932
60 120 -3 -2.75 31 32 389.8289436346391 0.01370770581456782
60 120 -3 -2.75 32 33 367.3608768365087 0.01275502001175255
60 120 -3 -2.75 33 34 346.5543878473976 0.0118786598168299
60 120 -3 -2.75 34 35 327.2516946839901 0.01107139728651418
60 120 -3 -2.75 35 36 309.3137246930463 0.01032659185210605
60 120 -3 -2.75 36 37 292.6172229760281 0.009639850485541501
60 120 -3 -2.75 37 38 277.0529162990488 0.009005544563990497
60 120 -3 -2.75 38 39 262.5234435654339 0.008419667644432138
60 120 -3 -2.75 39 40 248.9417878058481 0.007878448876425637
60 120 -3 -2.75 40 42 460.5479836330912 0.01736616249473855
60 120 -3 -2.75 42 44 415.7882560447281 0.0131622814868706
60 120 -3 -2.75 44 46 376.2672292211882 0.01107560654259032
60 120 -3 -2.75 46 48 341.2327698210753 0.009782186042855301
60 120 -3 -2.75 48 50 310.0651729550295 0.00865696607178279
60 120 -3 -2.75 50 52 282.2483204520578 0.007677394794256998
60 120 -3 -2.75 52 54 257.3490263125334 0.006823316984537087
60 120 -3 -2.75 54 56 235.0012570384405 0.006076885909891416
60 120 -3 -2.75 56 58 214.8940869333304 0.005422326029872693
60 120 -3 -2.75 58 60 196.7620454865102 0.004846999482424508
60 120 -3 -2.75 60 65 423.5694234741553 0.01002990835962692
60 120 -3 -2.75 65 70 343.0754159727028 0.007691534530692934
60 120 -3 -2.75 70 80 508.3949853916993 0.01061630737427777
60 120 -3 -2.75 80 90 343.8355625347492 0.006594799965228049
60 120 -3 -2.75 90 100 236.2801384288989 0.004226623764111537
60 120 -2.75 -2.5 0 0.5 -2.683118842100322 7.470963395794783e-05
60 120 -2.75 -2.5 0.5 1 -1876.642265214883 0.04627375413633672
60 120 -2.75 -2.5 1 1.5 2514.535557950343 0.07234535447150847
60 120 -2.75 -2.5 1.5 2 4232.639737488078 0.1139172522698573
60 120 -2.75 -2.5 2 2.5 4316.605382124829 0.0770939602780345
60 120 -2.75 -2.5 2.5 3 4031.884572471913 0.1709407818093496
60 120 -2.75 -2.5 3 3.5 3675.894598030878 0.1155721864524821
60 120 -2.75 -2.5 3.5 4 3330.935570562941 0.07922270671951992
60 120 -2.75 -2.5 4 4.5 3018.989107232861 0.1483233046228634
60 120 -2.75 -2.5 4.5 5 2743.495065505656 0.1326378368062251
60 120 -2.75 -2.5 5 5.5 2501.986123123249 0.1192906947098891
60 120 -2.75 -2.5 5.5 6 2290.338366771638 0.1078156341604881
60 120 -2.75 -2.5 6 6.5 2104.357852608492 0.09789920671028085
60 120 -2.75 -2.5 6.5 7 1940.300147195757 0.08927554411252459
60 120 -2.75 -2.5 7 7.5 1794.957683770431 0.08173434568220728
60 120 -2.75 -2.5 7.5 8 1665.627357564011 0.07511089369495494
60 120 -2.75 -2.5 8 8.5 1550.031075737139 0.06925610049620445
60 120 -2.75 -2.5 8.5 9 1446.26118096508 0.06406418010783455
60 120 -2.75 -2.5 9 9.5 1352.72913364341 0.05943776403933043
60 120 -2.75 -2.5 9.5 10 1268.104392289452 0.05528611642807846
60 120 -2.75 -2.5 10 10.5 1191.267555811595 0.05596894044060718
60 120 -2.75 -2.5 10.5 11 1121.273290622314 0.04816738255408382
60 120 -2.75 -2.5 11 11.5 1057.315917104848 0.04510775027097225
60 120 -2.75 -2.5 11.5 12 998.701683350446 0.04231961137679718
60 120 -2.75 -2.5 12 12.5 944.8336334858443 0.03977329254291817
60 120 -2.75 -2.5 12.5 13 895.1979283640487 0.03744128824644122
60 120 -2.75 -2.5 13 13.5 849.3509960956927 0.03529627102932409
60 120 -2.75 -2.5 13.5 14 806.9078646983575 0.03331742544060035
60 120 -2.75 -2.5 14 14.5 767.5326412395329 0.03149226501557223
60 120 -2.75 -2.5 14.5 15 730.9307531113926 0.02980712564522037
60 120 -2.75 -2.5 15 16 1361.88311229611 0.05503994420155323
60 120 -2.75 -2.5 16 17 1242.806224034751 0.04963120542879551
60 120 -2.75 -2.5 17 18 1138.301060197906 0.04493270396096705
60 120 -2.75 -2.5 18 19 1046.039169957136 0.04081841153220012
60 120 -2.75 -2.5 19 20 964.152947967505 0.03719160809453115
60 120 -2.75 -2.5 20 21 891.126435019578 0.0436728381755529
60 120 -2.75 -2.5 21 22 825.7121755039958 0.0367803518730625
60 120 -2.75 -2.5 22 23 766.8738915852133 0.03125641437156901
60 120 -2.75 -2.5 23 24 713.7475747653032 0.0265604866533522
60 120 -2.75 -2.5 24 25 665.6109187760607 0.02419624285380451
60 120 -2.75 -2.5 25 26 621.8547740156644 0.02233208894767813
60 120 -2.75 -2.5 26 27 581.9618672880739 0.02064251702176989
60 120 -2.75 -2.5 27 28 545.490059156934 0.01910654770802012
60 120 -2.75 -2.5 28 29 512.0586652356644 0.01770820689705488
60 120 -2.75 -2.5 29 30 481.3383464152876 0.01643130861992859
60 120 -2.75 -2.5 30 31 453.0434138419513 0.01526538891113205
60 120 -2.75 -2.5 31 32 426.9259038451547 0.01419804991013507
60 120 -2.75 -2.5 32 33 402.769272262579 0.01321930514552605
60 120 -2.75 -2.5 33 34 380.3841835999013 0.01232043285216378
60 120 -2.75 -2.5 34 35 359.6038629383813 0.0114928707965305
60 120 -2.75 -2.5 35 36 340.280715233181 0.01072863324691298
60 120 -2.75 -2.5 36 37 322.2837494172263 0.01002290328443678
60 120 -2.75 -2.5 37 38 305.496104227833 0.009370458603711995
60 120 -2.75 -2.5 38 39 289.8139478392005 0.008767280208587636
60 120 -2.75 -2.5 39 40 275.1444636414521 0.008208371856710528
60 120 -2.75 -2.5 40 42 509.9241112777092 0.01996558119134306
60 120 -2.75 -2.5 42 44 461.4750781261738 0.01525712943691815
60 120 -2.75 -2.5 44 46 418.6365088529215 0.01156791114772204
60 120 -2.75 -2.5 46 48 380.6081195624283 0.01023053074266045
60 120 -2.75 -2.5 48 50 346.72661939771 0.009068007450025561
60 120 -2.75 -2.5 50 52 316.4400177254099 0.008055584210183042
60 120 -2.75 -2.5 52 54 289.2856534110022 0.007171343846152922
60 120 -2.75 -2.5 54 56 264.8739458515362 0.006396828716049185
60 120 -2.75 -2.5 56 58 242.8735950562053 0.005717080181852907
60 120 -2.75 -2.5 58 60 223.0008959486935 0.005119479977082619
60 120 -2.75 -2.5 60 65 482.4118430818573 0.02056637821095819
60 120 -2.75 -2.5 65 70 393.6362673293354 0.008193119025861506
60 120 -2.75 -2.5 70 80 589.9796785019086 0.01140293280616334
60 120 -2.75 -2.5 80 90 405.7512774818489 0.007178699894950569
60 120 -2.75 -2.5 90 100 283.9153501757465 0.00467131785580932
60 120 -2.5 -2.4 0 0.5 -1.136501807840203 4.42047791509026e-05
60 120 -2.5 -2.4 0.5 1 -912.8447134989301 0.03024991753409267
60 120 -2.5 -2.4 1 1.5 905.3786712890718 0.02907551585042256
60 120 -2.5 -2.4 1.5 2 1678.678020635533 0.04741993325137628
60 120 -2.5 -2.4 2 2.5 1741.899030809188 0.06070807678156598
60 120 -2.5 -2.4 2.5 3 1639.475355473784 0.06132644115791663
60 120 -2.5 -2.4 3 3.5 1501.505171202819 0.06066669576716777
60 120 -2.5 -2.4 3.5 4 1364.740224513678 0.06753976785739724
60 120 -2.5 -2.4 4 4.5 1239.710904270043 0.06016268184680484
60 120 -2.5 -2.4 4.5 5 1128.591214245879 0.05382779499109347
60 120 -2.5 -2.4 5 5.5 1030.741418050308 0.04839405999086921
60 120 -2.5 -2.4 5.5 6 944.692319319996 0.04372526768861462
60 120 -2.5 -2.4 6 6.5 868.8862513276534 0.03970695472764874
60 120 -2.5 -2.4 6.5 7 801.887443358228 0.03662392881869891
60 120 -2.5 -2.4 7 7.5 742.4437599468422 0.0347370254813768
60 120 -2.5 -2.4 7.5 8 689.470821911213 0.03240127213575761
60 120 -2.5 -2.4 8 8.5 642.0597604140976 0.03057655298994177
60 120 -2.5 -2.4 8.5 9 599.4515007022709 0.02915689555925383
60 120 -2.5 -2.4 9 9.5 561.0100706377627 0.0276475906749738
60 120 -2.5 -2.4 9.5 10 526.2014983374951 0.02560122341935767
60 120 -2.5 -2.4 10 10.5 494.5781740080908 0.0240870521947727
60 120 -2.5 -2.4 10.5 11 465.7541271909574 0.02017610147868254
60 120 -2.5 -2.4 11 11.5 439.3959139666744 0.01836101738797424
60 120 -2.5 -2.4 11.5 12 415.2224097973295 0.01722608345187382
60 120 -2.5 -2.4 12 12.5 392.9920227304192 0.01619116103950091
60 120 -2.5 -2.4 12.5 13 372.4981234906017 0.01524367653189529
60 120 -2.5 -2.4 13 13.5 353.5602452503945 0.01437332536164604
60 120 -2.5 -2.4 13.5 14 336.022509675865 0.01357119937040352
60 120 -2.5 -2.4 14 14.5 319.7470503393155 0.01283060009302517
60 120 -2.5 -2.4 14.5 15 304.6130455560209 0.0121457784686072
60 120 -2.5 -2.4 15 16 567.8623081297574 0.02243193020399303
60 120 -2.5 -2.4 16 17 518.5617595199188 0.02023351812260898
60 120 -2.5 -2.4 17 18 475.2631625839657 0.01831851973452103
60 120 -2.5 -2.4 18 19 437.0166671768891 0.01664234966983713
60 120 -2.5 -2.4 19 20 403.0571969742447 0.01516595168351387
60 120 -2.5 -2.4 20 21 372.7568687693358 0.01845388550117377
60 120 -2.5 -2.4 21 22 345.5974753027119 0.01550913415087507
60 120 -2.5 -2.4 22 23 321.1543606804181 0.01300234918949172
60 120 -2.5 -2.4 23 24 299.0746307135456 0.01108453785894881
60 120 -2.5 -2.4 24 25 279.060851596631 0.009879591667868226
60 120 -2.5 -2.4 25 26 260.8619699861692 0.009119482744381457
60 120 -2.5 -2.4 26 27 244.2642813590936 0.00843102835483478
60 120 -2.5 -2.4 27 28 229.0833305434934 0.007805745808894926
60 120 -2.5 -2.4 28 29 215.1612495916519 0.007236508588590596
60 120 -2.5 -2.4 29 30 202.3622817777055 0.006716870979261103
60 120 -2.5 -2.4 30 31 190.5693804178133 0.006241669963685581
60 120 -2.5 -2.4 31 32 179.6804843523212 0.005806206132831448
60 120 -2.5 -2.4 32 33 169.6063286639322 0.005406105312601994
60 120 -2.5 -2.4 33 34 160.2683293251455 0.00503851640419839
60 120 -2.5 -2.4 34 35 151.5967401626526 0.004700240301446001
60 120 -2.5 -2.4 35 36 143.5298315487935 0.004388459919624665
60 120 -2.5 -2.4 36 37 136.0132807586589 0.004100590431193041
60 120 -2.5 -2.4 37 38 128.9992417255674 0.003834362497030952
60 120 -2.5 -2.4 38 39 122.4447757743833 0.003587809394531405
60 120 -2.5 -2.4 39 40 116.3115767495319 0.003359852034719779
60 120 -2.5 -2.4 40 42 215.73971224018 0.008491737640525798
60 120 -2.5 -2.4 42 44 195.4647277784774 0.006598412914854634
60 120 -2.5 -2.4 44 46 177.5253725299726 0.005126911741911044
60 120 -2.5 -2.4 46 48 161.5875765120608 0.004195761993429414
60 120 -2.5 -2.4 48 50 147.3770898641501 0.003720367003694491
60 120 -2.5 -2.4 50 52 134.6656362796066 0.003306337064316267
60 120 -2.5 -2.4 52 54 123.2615673538201 0.002945245980029654
60 120 -2.5 -2.4 54 56 113.0022514501324 0.002628294394980912
60 120 -2.5 -2.4 56 58 103.7487500046052 0.002350905476646403
60 120 -2.5 -2.4 58 60 95.3834064952584 0.002106834206912822
60 120 -2.5 -2.4 60 65 206.8136094401949 0.006692387699985147
60 120 -2.5 -2.4 65 70 169.3435814660977 0.00338293401040346
60 120 -2.5 -2.4 70 80 255.1769506576913 0.004725124021547344
60 120 -2.5 -2.4 80 90 176.8930360233665 0.002991549564512752
60 120 -2.5 -2.4 90 100 124.8445516832064 0.001959802563078483
60 120 -2.4 -2.3 0 0.5 -1.171473256599384 3.106348312043039e-05
60 120 -2.4 -2.3 0.5 1 -1002.793337301296 0.02982701899918538
60 120 -2.4 -2.3 1 1.5 847.2202865428077 0.03760621282083321
60 120 -2.4 -2.3 1.5 2 1667.799534588267 0.02771372583720222
60 120 -2.4 -2.3 2 2.5 1747.604863181271 0.04832819150942669
60 120 -2.4 -2.3 2.5 3 1651.850674277849 0.04922659799331086
60 120 -2.4 -2.3 3 3.5 1516.578915091768 0.04709512240128788
60 120 -2.4 -2.3 3.5 4 1380.71176654742 0.06787315106544156
60 120 -2.4 -2.3 4 4.5 1255.752349941594 0.06044849814361442
60 120 -2.4 -2.3 4.5 5 1144.301264685372 0.05408434434139053
60 120 -2.4 -2.3 5 5.5 1045.892710198062 0.04862495577276604
60 120 -2.4 -2.3 5.5 6 959.1959787511527 0.04395000770398383
60 120 -2.4 -2.3 6 6.5 882.7177438578991 0.03992789784024353
60 120 -2.4 -2.3 6.5 7 815.0594321755792 0.03644652365835555
60 120 -2.4 -2.3 7 7.5 754.9736344676852 0.03341910822246064
60 120 -2.4 -2.3 7.5 8 701.3824604117909 0.03076255073665379
60 120 -2.4 -2.3 8 8.5 653.3829047308875 0.02840621278801336
60 120 -2.4 -2.3 8.5 9 610.2201566979276 0.02629998997849725
60 120 -2.4 -2.3 9 9.5 571.2622110562899 0.02441073954230433
60 120 -2.4 -2.3 9.5 10 535.9780871348102 0.02271080362231714
60 120 -2.4 -2.3 10 10.5 503.9077390075479 0.02375745062431633
60 120 -2.4 -2.3 10.5 11 474.6591991164291 0.02055446288699159
60 120 -2.4 -2.3 11 11.5 447.9023122357874 0.0185451312527789
60 120 -2.4 -2.3 11.5 12 423.3552550063129 0.01740375584307685
60 120 -2.4 -2.3 12 12.5 400.7764159801648 0.01660978077933351
60 120 -2.4 -2.3 12.5 13 379.9561038949473 0.01578353597034265
60 120 -2.4 -2.3 13 13.5 360.7138461754406 0.01484100849046399
60 120 -2.4 -2.3 13.5 14 342.8906624987997 0.01422145665327434
60 120 -2.4 -2.3 14 14.5 326.3463649647667 0.01393047834346817
60 120 -2.4 -2.3 14.5 15 310.9566314527532 0.01349215741322496
60 120 -2.4 -2.3 15 16 579.8368830519776 0.02559888045573189
60 120 -2.4 -2.3 16 17 529.6711002439445 0.02330157732922089
60 120 -2.4 -2.3 17 18 485.6019210392662 0.02159067690377015
60 120 -2.4 -2.3 18 19 446.6668627323181 0.02040691812010209
60 120 -2.4 -2.3 19 20 412.0836857553834 0.01929482680668571
60 120 -2.4 -2.3 20 21 381.2136513729604 0.01880305280002403
60 120 -2.4 -2.3 21 22 353.5367780597306 0.01714677776783446
60 120 -2.4 -2.3 22 23 328.6228061290541 0.01624132848280624
60 120 -2.4 -2.3 23 24 306.1128537645527 0.01507621978811358
60 120 -2.4 -2.3 24 25 285.7064460590349 0.009991649087623955
60 120 -2.4 -2.3 25 26 267.1468629526814 0.009223673253870857
60 120 -2.4 -2.3 26 27 250.214241276715 0.008528000431454075
60 120 -2.4 -2.3 27 28 234.7225522924178 0.007896388595099779
60 120 -2.4 -2.3 28 29 220.5127881814792 0.007320401242537855
60 120 -2.4 -2.3 29 30 207.4479905171108 0.006794615376264801
60 120 -2.4 -2.3 30 31 195.4085966990088 0.006313832519225571
60 120 -2.4 -2.3 31 32 184.290565172748 0.005873382455177989
60 120 -2.4 -2.3 32 33 174.0023660578489 0.00546966747427291
60 120 -2.4 -2.3 33 34 164.4633357380875 0.005098065076083458
60 120 -2.4 -2.3 34 35 155.6028428744558 0.004755886256077702
60 120 -2.4 -2.3 35 36 147.3588315488485 0.004440066147481048
60 120 -2.4 -2.3 36 37 139.6763485373345 0.00414866615406595
60 120 -2.4 -2.3 37 38 132.5062494744242 0.00387921442603556
60 120 -2.4 -2.3 38 39 125.8049722226431 0.00363027758986334
60 120 -2.4 -2.3 39 40 119.5334833944485 0.003399771348597369
60 120 -2.4 -2.3 40 42 221.8002393121686 0.008872437641457509
60 120 -2.4 -2.3 42 44 201.0578601687144 0.00696167581244822
60 120 -2.4 -2.3 44 46 182.6965911126694 0.005301395111672491
60 120 -2.4 -2.3 46 48 166.3792917059447 0.004246625632134737
60 120 -2.4 -2.3 48 50 151.8265383616322 0.003766875262158464
60 120 -2.4 -2.3 50 52 138.8051479555944 0.003348181114205317
60 120 -2.4 -2.3 52 54 127.1181443024057 0.002982675840826232
60 120 -2.4 -2.3 54 56 116.5995305116706 0.002662780028430234
60 120 -2.4 -2.3 56 58 107.1092719698121 0.0023818977072807
60 120 -2.4 -2.3 58 60 98.5270930649439 0.002134856616038405
60 120 -2.4 -2.3 60 65 213.8362313399334 0.006059907671527753
60 120 -2.4 -2.3 65 70 175.3482677037063 0.003432125234354544
60 120 -2.4 -2.3 70 80 264.8159425809195 0.004800047627099957
60 120 -2.4 -2.3 80 90 184.1919843060729 0.003045505679665439
60 120 -2.4 -2.3 90 100 130.4763635491407 0.002000383466821631
60 120 -2.3 -2.2 0 0.5 -1.205847095380295 4.186930048710735e-05
60 120 -2.3 -2.2 0.5 1 -1090.486487610421 0.02144516816542819
60 120 -2.3 -2.2 1 1.5 789.7349346959628 0.03184127699785222
60 120 -2.3 -2.2 1.5 2 1656.23234940041 0.02563313946802737
60 120 -2.3 -2.2 2 2.5 1752.201666481813 0.03837623682625235
60 120 -2.3 -2.2 2.5 3 1663.063906121974 0.03585664871070549
60 120 -2.3 -2.2 3 3.5 1530.495022017796 0.03393183755292739
60 120 -2.3 -2.2 3.5 4 1395.587745251441 0.06812756023123256
60 120 -2.3 -2.2 4 4.5 1270.788814086593 0.06063867608941109
60 120 -2.3 -2.2 4.5 5 1159.058579903769 0.05425629712408409
60 120 -2.3 -2.2 5 5.5 1060.157384639333 0.04885617518380059
60 120 -2.3 -2.2 5.5 6 972.871710498402 0.04423940961623885
60 120 -2.3 -2.2 6 6.5 895.7829574080904 0.04025619229219046
60 120 -2.3 -2.2 6.5 7 827.5205350480047 0.03679505139655248
60 120 -2.3 -2.2 7 7.5 766.8315258043158 0.03375803378912678
60 120 -2.3 -2.2 7.5 8 712.6557197892784 0.03106800809155175
60 120 -2.3 -2.2 8 8.5 664.1031617916096 0.02866979064140196
60 120 -2.3 -2.2 8.5 9 620.4249777391382 0.02653097416362016
60 120 -2.3 -2.2 9 9.5 580.9904035502361 0.02461660164510704
60 120 -2.3 -2.2 9.5 10 545.2550075673231 0.02290443542460707
60 120 -2.3 -2.2 10 10.5 512.7566007345413 0.02430503597383904
60 120 -2.3 -2.2 10.5 11 483.1053299038206 0.02093889447411357
60 120 -2.3 -2.2 11 11.5 455.9711417168543 0.01870178519487808
60 120 -2.3 -2.2 11.5 12 431.0716050889944 0.01754681341412834
60 120 -2.3 -2.2 12 12.5 408.1638617142261 0.01649401166986308
60 120 -2.3 -2.2 12.5 13 387.0383446974895 0.01553081637456444
60 120 -2.3 -2.2 13 13.5 367.5094660121034 0.01464626760144938
60 120 -2.3 -2.2 13.5 14 349.4141897132309 0.01383150529863997
60 120 -2.3 -2.2 14 14.5 332.6107385896547 0.01307986520509985
60 120 -2.3 -2.2 14.5 15 316.9764881100098 0.01238490831804029
60 120 -2.3 -2.2 15 16 591.1994238237014 0.02288462284150228
60 120 -2.3 -2.2 16 17 540.2166377746938 0.02065524588260814
60 120 -2.3 -2.2 17 18 495.4188317807891 0.01871112519734197
60 120 -2.3 -2.2 18 19 455.8265382625091 0.0170031056524067
60 120 -2.3 -2.2 19 20 420.6451182395122 0.01612204032653608
60 120 -2.3 -2.2 20 21 389.2322388244078 0.01925390083681577
60 120 -2.3 -2.2 21 22 361.0623103646918 0.01606176342255594
60 120 -2.3 -2.2 22 23 335.7009610060006 0.0134301890142865
60 120 -2.3 -2.2 23 24 312.7845297062555 0.01281114008577333
60 120 -2.3 -2.2 24 25 292.0030294435051 0.01243912894517507
60 120 -2.3 -2.2 25 26 273.0951706616909 0.01173125205156111
60 120 -2.3 -2.2 26 27 255.8414472477556 0.01107325408005977
60 120 -2.3 -2.2 27 28 240.0542795505307 0.01055987209304021
60 120 -2.3 -2.2 28 29 225.5719862022621 0.01013028850860564
60 120 -2.3 -2.2 29 30 212.2544833228409 0.009605674502495276
60 120 -2.3 -2.2 30 31 199.980491137281 0.009266840809601717
60 120 -2.3 -2.2 31 32 188.643184990129 0.008972288704029552
60 120 -2.3 -2.2 32 33 178.1494339902376 0.008670561253637743
60 120 -2.3 -2.2 33 34 168.4179698043976 0.008359798814751684
60 120 -2.3 -2.2 34 35 159.3775386517752 0.004807590940743012
60 120 -2.3 -2.2 35 36 150.9650301367557 0.004488664866073577
60 120 -2.3 -2.2 36 37 143.1244598468747 0.004194425708163863
60 120 -2.3 -2.2 37 38 135.8063376806911 0.003922638259354017
60 120 -2.3 -2.2 38 39 128.966010315038 0.00367100986073865
60 120 -2.3 -2.2 39 40 122.5633300662772 0.00343779664696342
60 120 -2.3 -2.2 40 42 227.4924226385114 0.009253484593699568
60 120 -2.3 -2.2 42 44 206.302444405766 0.007132483410714485
60 120 -2.3 -2.2 44 46 187.5414232089358 0.005498778016772121
60 120 -2.3 -2.2 46 48 170.8650084404634 0.004295433574696972
60 120 -2.3 -2.2 48 50 155.9879792433383 0.003809489645448139
60 120 -2.3 -2.2 50 52 142.6712003928272 0.003387016023594924
60 120 -2.3 -2.2 52 54 130.7153491046443 0.003017800737012521
60 120 -2.3 -2.2 54 56 119.9522713474152 0.002694107791469946
60 120 -2.3 -2.2 56 58 110.2386704801379 0.002409863307931914
60 120 -2.3 -2.2 58 60 101.452527293922 0.002160818428507127
60 120 -2.3 -2.2 60 65 220.3630219671319 0.004991931730017996
60 120 -2.3 -2.2 65 70 180.9161706939466 0.00347593741713581
60 120 -2.3 -2.2 70 80 273.7288944258081 0.004865135353725236
60 120 -2.3 -2.2 80 90 190.9047037826901 0.00309170284529614
60 120 -2.3 -2.2 90 100 135.6314556667121 0.002034561487789688
60 120 -2.2 -2.1 0 0.5 -1.239404803142923 3.180273494929331e-05
60 120 -2.2 -2.1 0.5 1 -1176.14944122822 0.02459340319728653
60 120 -2.2 -2.1 1 1.5 732.9910216205677 0.02761724139224953
60 120 -2.2 -2.1 1.5 2 1644.197966028333 0.0631135042904134
60 120 -2.2 -2.1 2 2.5 1755.988224500491 0.02825973821859407
60 120 -2.2 -2.1 2.5 3 1673.389599759031 0.02748600074733076
60 120 -2.2 -2.1 3 3.5 1543.506568995848 0.07687806955391352
60 120 -2.2 -2.1 3.5 4 1409.607435844096 0.06839995684549649
60 120 -2.2 -2.1 4 4.5 1285.013689307514 0.06108392918804384
60 120 -2.2 -2.1 4.5 5 1173.046412563475 0.05476354737834299
60 120 -2.2 -2.1 5 5.5 1073.690907046936 0.04935798061796959
60 120 -2.2 -2.1 5.5 6 985.8705942000355 0.04470183830176211
60 120 -2.2 -2.1 6 6.5 908.2299936735413 0.0406471200407168
60 120 -2.2 -2.1 6.5 7 839.3877672604654 0.03710499711871762
60 120 -2.2 -2.1 7 7.5 778.1243164303739 0.03400152776237064
60 120 -2.2 -2.1 7.5 8 723.3984077849897 0.0312717636461457
60 120 -2.2 -2.1 8 8.5 674.3286535476682 0.02886343145587489
60 120 -2.2 -2.1 8.5 9 630.1715324302363 0.02672147837370176
60 120 -2.2 -2.1 9 9.5 590.2832743337525 0.02480822009874828
60 120 -2.2 -2.1 9.5 10 554.1137335716617 0.02309136167525594
60 120 -2.2 -2.1 10 10.5 521.2042620913592 0.02455376902139506
60 120 -2.2 -2.1 10.5 11 491.1689512095238 0.02121787476897907
60 120 -2.2 -2.1 11 11.5 463.6774008885899 0.01887786389374924
60 120 -2.2 -2.1 11.5 12 438.446182318856 0.01772046497882229
60 120 -2.2 -2.1 12 12.5 415.2299441709944 0.01666063143983365
60 120 -2.2 -2.1 12.5 13 393.8118686239749 0.01569094976105134
60 120 -2.2 -2.1 13 13.5 374.0042768643494 0.01479992905058225
60 120 -2.2 -2.1 13.5 14 355.6455056929253 0.01397913482423974
60 120 -2.2 -2.1 14 14.5 338.5946073477895 0.01322080415081928
60 120 -2.2 -2.1 14.5 15 322.7276446862152 0.01252034635484733
60 120 -2.2 -2.1 15 16 602.0571457198018 0.02313414168861527
60 120 -2.2 -2.1 16 17 550.2963103985736 0.02087342360425737
60 120 -2.2 -2.1 17 18 504.8015798917229 0.01889955490526063
60 120 -2.2 -2.1 18 19 464.5740212323608 0.01717031365075172
60 120 -2.2 -2.1 19 20 428.8167293876374 0.01565078291753252
60 120 -2.2 -2.1 20 21 396.8845767358584 0.01942410402682526
60 120 -2.2 -2.1 21 22 368.2463230248107 0.0162781576409543
60 120 -2.2 -2.1 22 23 342.4588574404064 0.01406331212069745
60 120 -2.2 -2.1 23 24 319.1479200931896 0.01191428892013846
60 120 -2.2 -2.1 24 25 298.0026176014478 0.0104467817042746
60 120 -2.2 -2.1 25 26 278.7613229759866 0.009975168173752991
60 120 -2.2 -2.1 26 27 261.2012637968158 0.00956628093888412
60 120 -2.2 -2.1 27 28 245.1315139659791 0.008952121647212152
60 120 -2.2 -2.1 28 29 230.3882256217656 0.008490145606288024
60 120 -2.2 -2.1 29 30 216.8286857950154 0.008436171027284445
60 120 -2.2 -2.1 30 31 204.3278542603551 0.008127160715417858
60 120 -2.2 -2.1 31 32 192.7783750654824 0.00780543122394306
60 120 -2.2 -2.1 32 33 182.0866367905087 0.00739685971518611
60 120 -2.2 -2.1 33 34 172.1707370277332 0.007053649678198326
60 120 -2.2 -2.1 34 35 162.9581362944408 0.006729815354219681
60 120 -2.2 -2.1 35 36 154.3848555940104 0.006467888346548989
60 120 -2.2 -2.1 36 37 146.3938116092649 0.00644938635264225
60 120 -2.2 -2.1 37 38 138.9335109436993 0.006364508478696962
60 120 -2.2 -2.1 38 39 131.958422194042 0.006107260379877744
60 120 -2.2 -2.1 39 40 125.4282170149878 0.005773951999955784
60 120 -2.2 -2.1 40 42 232.8696075228938 0.01106580281154379
60 120 -2.2 -2.1 42 44 211.2530036797027 0.01040336721297308
60 120 -2.2 -2.1 44 46 192.1101560595418 0.00565615263417385
60 120 -2.2 -2.1 46 48 175.0899584966521 0.004432727611572318
60 120 -2.2 -2.1 48 50 159.900783040588 0.003850141315012934
60 120 -2.2 -2.1 50 52 146.3014364269956 0.003422821769930806
60 120 -2.2 -2.1 52 54 134.0892936475766 0.003049321454682286
60 120 -2.2 -2.1 54 56 123.0934662145409 0.002722699630268721
60 120 -2.2 -2.1 56 58 113.1680481484518 0.002436150086111866
60 120 -2.2 -2.1 58 60 104.1872855181479 0.002183656229476583
60 120 -2.2 -2.1 60 65 226.448356420991 0.00469550451265377
60 120 -2.2 -2.1 65 70 186.0948767077701 0.003514607217709909
60 120 -2.2 -2.1 70 80 281.9870662076389 0.004922199069255839
60 120 -2.2 -2.1 80 90 197.1000773528735 0.003131269225519873
60 120 -2.2 -2.1 90 100 140.3679090031671 0.002063537683483219
60 120 -2.1 -2 0 0.5 -1.272644429686914 4.115381581581978e-05
60 120 -2.1 -2 0.5 1 -1259.823093132822 0.02421460783739349
60 120 -2.1 -2 1 1.5 677.1102507663636 0.01386849893049202
60 120 -2.1 -2 1.5 2 1631.814263190435 0.006742914558117263
60 120 -2.1 -2 2 2.5 1759.148960670799 0.006229841151935034
60 120 -2.1 -2 2.5 3 1682.972358346828 0.01729829090277235
60 120 -2.1 -2 3 3.5 1555.766888332673 0.07739647323705867
60 120 -2.1 -2 3.5 4 1422.925302842987 0.06881127759470473
60 120 -2.1 -2 4 4.5 1298.564005447495 0.06135922373186986
60 120 -2.1 -2 4.5 5 1186.383559932981 0.05497023329758122
60 120 -2.1 -2 5 5.5 1086.61874063535 0.04954218829129786
60 120 -2.1 -2 5.5 6 998.3219957194926 0.04488853351915623
60 120 -2.1 -2 6 6.5 920.148502608302 0.04085968629465242
60 120 -2.1 -2 6.5 7 850.748902201349 0.03733820566981194
60 120 -2.1 -2 7 7.5 788.9369678067991 0.03424416091741023
60 120 -2.1 -2 7.5 8 733.6927160092119 0.03151333451341998
60 120 -2.1 -2 8 8.5 684.1442365263564 0.02909542936333764
60 120 -2.1 -2 8.5 9 639.5286780402153 0.02694503986276686
60 120 -2.1 -2 9 9.5 599.1948617192176 0.02502905995993387
60 120 -2.1 -2 9.5 10 562.6053960783329 0.02331299635193318
60 120 -2.1 -2 10 10.5 529.3056445947842 0.02498960604452805
60 120 -2.1 -2 10.5 11 498.9069226145032 0.02131343617156745
60 120 -2.1 -2 11 11.5 471.0782000170843 0.01906677204812013
60 120 -2.1 -2 11.5 12 445.5319148114839 0.01789943391815996
60 120 -2.1 -2 12 12.5 422.0158389284902 0.01682987973930494
60 120 -2.1 -2 12.5 13 400.3131972206987 0.01584702217024869
60 120 -2.1 -2 13 13.5 380.2372258739064 0.01494404891383283
60 120 -2.1 -2 13.5 14 361.625903973407 0.01410869343879995
60 120 -2.1 -2 14 14.5 344.337639642705 0.01333910714271269
60 120 -2.1 -2 14.5 15 328.2480717495158 0.01262956314957364
60 120 -2.1 -2 15 16 612.4856250966997 0.02333736566583866
60 120 -2.1 -2 16 17 559.9803299173969 0.02106382406520879
60 120 -2.1 -2 17 18 513.8047226065681 0.01908102233517184
60 120 -2.1 -2 18 19 472.9634135484484 0.01733862270316422
60 120 -2.1 -2 19 20 436.6566169441011 0.01580522311354571
60 120 -2.1 -2 20 21 404.2294801589654 0.01984124302589407
60 120 -2.1 -2 21 22 375.140390597903 0.01697102122818706
60 120 -2.1 -2 22 23 348.9364737733034 0.01428635344183249
60 120 -2.1 -2 23 24 325.2438836682173 0.01219558035580803
60 120 -2.1 -2 24 25 303.7491894684272 0.01037121687051012
60 120 -2.1 -2 25 26 284.1875042723652 0.009524557046233895
60 120 -2.1 -2 26 27 266.333452109867 0.008803894151753866
60 120 -2.1 -2 27 28 249.9930937802612 0.008148399681715546
60 120 -2.1 -2 28 29 234.9972108366538 0.007975862685810853
60 120 -2.1 -2 29 30 221.2007653187146 0.007472298911523012
60 120 -2.1 -2 30 31 208.4799322749649 0.006986849826375874
60 120 -2.1 -2 31 32 196.7264098411546 0.006620034061342039
60 120 -2.1 -2 32 33 185.8453233390455 0.006386421811924947
60 120 -2.1 -2 33 34 175.7528842592455 0.006068245807966832
60 120 -2.1 -2 34 35 166.3754211623935 0.006077630067778728
60 120 -2.1 -2 35 36 157.6466753733114 0.005957899331548333
60 120 -2.1 -2 36 37 149.5084416796328 0.005631303735242454
60 120 -2.1 -2 37 38 141.9097085358458 0.005420558690929056
60 120 -2.1 -2 38 39 134.8047845535986 0.005237769378879875
60 120 -2.1 -2 39 40 128.1527201489017 0.005144019900512831
60 120 -2.1 -2 40 42 237.9799357464231 0.009619430785562599
60 120 -2.1 -2 42 44 215.9535211866579 0.009046071670326228
60 120 -2.1 -2 44 46 196.4423494878995 0.008716397100755557
60 120 -2.1 -2 46 48 179.088927655857 0.008185466649592854
60 120 -2.1 -2 48 50 163.5995469828535 0.007627837626330347
60 120 -2.1 -2 50 52 149.7294237080307 0.007061478831332124
60 120 -2.1 -2 52 54 137.2727502734657 0.003079878003489966
60 120 -2.1 -2 54 56 126.0536174165065 0.002750052543930792
60 120 -2.1 -2 56 58 115.9232878064626 0.002459676370420993
60 120 -2.1 -2 58 60 106.7554296322268 0.00220517270453513
60 120 -2.1 -2 60 65 232.1532773304731 0.004588250245831205
60 120 -2.1 -2 65 70 190.9348532453917 0.003550031311988278
60 120 -2.1 -2 70 80 289.6686459365055 0.004972874699660679
60 120 -2.1 -2 80 90 202.8302044967608 0.003165436625607754
60 120 -2.1 -2 90 100 144.7281025324983 0.002087907171670622
60 120 -2 -1.9 0 0.5 -1.30513201037022 3.333388254267433e-05
60 120 -2 -1.9 0.5 1 -1341.50732895919 0.0173089058671394
60 120 -2 -1.9 1 1.5 622.1619142294592 0.0103797018084606
60 120 -2 -1.9 1.5 2 1619.283556978158 0.04288935737895372
60 120 -2 -1.9 2 2.5 1761.875235247 0.01713125709011365
60 120 -2 -1.9 2.5 3 1691.970168837341 0.03047793938071663
60 120 -2 -1.9 3 3.5 1567.410220192285 0.07762045980894072
60 120 -2 -1.9 3.5 4 1435.650234866941 0.06906177772088995
60 120 -2 -1.9 4 4.5 1311.511337939495 0.06166695917704601
60 120 -2 -1.9 4.5 5 1199.138560007829 0.05535678954584
60 120 -2 -1.9 5 5.5 1099.022225606696 0.04995991104988207
60 120 -2 -1.9 5.5 6 1010.283235070589 0.04527812042749702
60 120 -2 -1.9 6 6.5 931.5870529253193 0.04120769618953091
60 120 -2 -1.9 6.5 7 861.653476442847 0.03764357082479819
60 120 -2 -1.9 7 7.5 799.3312689901867 0.03451904471910439
60 120 -2 -1.9 7.5 8 743.6107617907727 0.03177166467503412
60 120 -2 -1.9 8 8.5 693.5984976233367 0.02933607536317595
60 120 -2 -1.9 8.5 9 648.5290372899059 0.02716759935947266
60 120 -2 -1.9 9 9.5 607.7683033868789 0.02522798621168931
60 120 -2 -1.9 9.5 10 570.7793107241125 0.02348393795546144
60 120 -2 -1.9 10 10.5 537.1070292523898 0.02490271765327634
60 120 -2 -1.9 10.5 11 506.3646377619186 0.02167732152264534
60 120 -2 -1.9 11 11.5 478.2137635351588 0.01921814695896273
60 120 -2 -1.9 11.5 12 452.3592706474975 0.01804271591811357
60 120 -2 -1.9 12 12.5 428.5497036058104 0.01696422663383146
60 120 -2 -1.9 12.5 13 406.5703349694157 0.01597656311611217
60 120 -2 -1.9 13 13.5 386.2353186867322 0.0150686886100857
60 120 -2 -1.9 13.5 14 367.3824596655035 0.01423358265606112
60 120 -2 -1.9 14 14.5 349.868899115034 0.01346310937282169
60 120 -2 -1.9 14.5 15 333.5686716242082 0.01275184827977682
60 120 -2 -1.9 15 16 622.5359117321103 0.02357185375149129
60 120 -2 -1.9 16 17 569.2976530231498 0.0212815878848005
60 120 -2 -1.9 17 18 522.4658285922171 0.01927948508739519
60 120 -2 -1.9 18 19 481.0386864756906 0.0175204891257863
60 120 -2 -1.9 19 20 444.2054812572916 0.01597184504555571
60 120 -2 -1.9 20 21 411.3003987873275 0.01459938303753461
60 120 -2 -1.9 21 22 381.770370060062 0.01725055591504088
60 120 -2 -1.9 22 23 355.1631919832164 0.01460098834337487
60 120 -2 -1.9 23 24 331.1027486649866 0.01229089746726686
60 120 -2 -1.9 24 25 309.2729495349682 0.01045237001790156
60 120 -2 -1.9 25 26 289.4051550518676 0.00961212147990409
60 120 -2 -1.9 26 27 271.267199425597 0.008888332337960492
60 120 -2 -1.9 27 28 254.6606123127755 0.00823057444256392
60 120 -2 -1.9 28 29 239.4175096768459 0.007630409937092963
60 120 -2 -1.9 29 30 225.3935921125609 0.007082815610488069
60 120 -2 -1.9 30 31 212.4620285587821 0.006581678957218173
60 120 -2 -1.9 31 32 200.512952053294 0.006122894558671987
60 120 -2 -1.9 32 33 189.4494840004283 0.005852387628635825
60 120 -2 -1.9 33 34 179.1859303354844 0.005787399005384941
60 120 -2 -1.9 34 35 169.64674692783 0.005452307276669899
60 120 -2 -1.9 35 36 160.7664517671832 0.005314433491093951
60 120 -2 -1.9 36 37 152.4864400302271 0.005123881231924088
60 120 -2 -1.9 37 38 144.7546611234636 0.004947133803142378
60 120 -2 -1.9 38 39 137.5246347904859 0.004603489999936983
60 120 -2 -1.9 39 40 130.7550661899895 0.004360744218814716
60 120 -2 -1.9 40 42 242.8595213558938 0.01017055659261246
60 120 -2 -1.9 42 44 220.4349850324585 0.008261533873678673
60 120 -2 -1.9 44 46 200.5656295489149 0.007661961175784882
60 120 -2 -1.9 46 48 182.8914950609344 0.006983536621447684
60 120 -2 -1.9 48 50 167.1146910483292 0.006723183896554019
60 120 -2 -1.9 50 52 152.9845085751335 0.006627251825051417
60 120 -2 -1.9 52 54 140.2897748017115 0.006102838699433732
60 120 -2 -1.9 54 56 128.8541967716449 0.00577948410642648
60 120 -2 -1.9 56 58 118.5274130531651 0.005462246224709588
60 120 -2 -1.9 58 60 109.1806917642171 0.005168773806545346
60 120 -2 -1.9 60 65 237.5291746685667 0.004630193447098918
60 120 -2 -1.9 65 70 195.4783305958903 0.003581829067286435
60 120 -2 -1.9 70 80 296.8478234608028 0.005017929177199676
60 120 -2 -1.9 80 90 208.1495113262454 0.003195056390353557
60 120 -2 -1.9 90 100 148.7523928599698 0.002108921345040926
60 120 -1.9 -1.8 0 0.5 -1.33698404797987 3.430330235887347e-05
60 120 -1.9 -1.8 0.5 1 -1421.133778572273 0.02038131884319228
60 120 -1.9 -1.8 1 1.5 568.5895456372052 0.01585571842042555
60 120 -1.9 -1.8 1.5 2 1606.875410586171 0.01294064795411032
60 120 -1.9 -1.8 2 2.5 1764.27853022166 0.008636119040602352
60 120 -1.9 -1.8 2.5 3 1700.436034819802 0.01147922479162844
60 120 -1.9 -1.8 3 3.5 1578.513349574572 0.07791926971481189
60 120 -1.9 -1.8 3.5 4 1447.832161483417 0.06936359808014458
60 120 -1.9 -1.8 4 4.5 1323.910185055805 0.06201034194828026
60 120 -1.9 -1.8 4.5 5 1211.400500965474 0.05568219016504372
60 120 -1.9 -1.8 5 5.5 1110.987776996811 0.05021999772361596
60 120 -1.9 -1.8 5.5 6 1021.793838945668 0.04552013810030076
60 120 -1.9 -1.8 6 6.5 942.5946985235996 0.04144940700359712
60 120 -1.9 -1.8 6.5 7 872.1619420375235 0.0378801936083164
60 120 -1.9 -1.8 7 7.5 809.3654184130013 0.03475473684954977
60 120 -1.9 -1.8 7.5 8 753.1804880375246 0.03200508185329909
60 120 -1.9 -1.8 8 8.5 702.7079896293392 0.02957032462438747
60 120 -1.9 -1.8 8.5 9 657.1999241669181 0.02740210428657974
60 120 -1.9 -1.8 9 9.5 616.0272540055585 0.02545355686834228
60 120 -1.9 -1.8 9.5 10 578.6583148554811 0.02370476021212653
60 120 -1.9 -1.8 10 10.5 544.637699362705 0.02560992743758561
60 120 -1.9 -1.8 10.5 11 513.564366312974 0.02230670627136533
60 120 -1.9 -1.8 11 11.5 485.0940201567299 0.01954844161156188
60 120 -1.9 -1.8 11.5 12 458.9359899343466 0.01821465860945182
60 120 -1.9 -1.8 12 12.5 434.8433876164381 0.01712856285104181
60 120 -1.9 -1.8 12.5 13 412.6011969043506 0.0161290567646688
60 120 -1.9 -1.8 13 13.5 392.0213203146303 0.01521272226887049
60 120 -1.9 -1.8 13.5 14 372.9399514197273 0.01436953006378872
60 120 -1.9 -1.8 14 14.5 355.210998578128 0.01359098505616885
60 120 -1.9 -1.8 14.5 15 338.7043035844132 0.01287092142030133
60 120 -1.9 -1.8 15 16 632.2242548036243 0.02378712585141329
60 120 -1.9 -1.8 16 17 578.2796537890371 0.02146161889368159
60 120 -1.9 -1.8 17 18 530.8185337489298 0.01943791861310729
60 120 -1.9 -1.8 18 19 488.8303530576379 0.01767275040504046
60 120 -1.9 -1.8 19 20 451.4879467856066 0.01611738805064533
60 120 -1.9 -1.8 20 21 418.1118963174149 0.01473650755792733
60 120 -1.9 -1.8 21 22 388.1535771288068 0.01749825933080729
60 120 -1.9 -1.8 22 23 361.1591245745286 0.01468958187763292
60 120 -1.9 -1.8 23 24 336.7476209619883 0.01251145161677414
60 120 -1.9 -1.8 24 25 314.5960584340138 0.0109654710962559
60 120 -1.9 -1.8 25 26 294.4275061116176 0.009710252924605811
60 120 -1.9 -1.8 26 27 276.0102870573116 0.008980574017471099
60 120 -1.9 -1.8 27 28 259.1472870368898 0.008314658309757306
60 120 -1.9 -1.8 28 29 243.6682200826352 0.007708516380148467
60 120 -1.9 -1.8 29 30 229.4254852575683 0.007154094535252398
60 120 -1.9 -1.8 30 31 216.2915983025188 0.006646605543267015
60 120 -1.9 -1.8 31 32 204.1530524143462 0.006181777560186674
60 120 -1.9 -1.8 32 33 192.9111529224015 0.005755299396867031
60 120 -1.9 -1.8 33 34 182.4802824229269 0.005474672098017663
60 120 -1.9 -1.8 34 35 172.7851752216869 0.005317149894835893
60 120 -1.9 -1.8 35 36 163.7587775929348 0.004942703937189208
60 120 -1.9 -1.8 36 37 155.3421921063981 0.004548201034680233
60 120 -1.9 -1.8 37 38 147.4827364096355 0.004420037043786351
60 120 -1.9 -1.8 38 39 140.1328538660583 0.004558197995663704
60 120 -1.9 -1.8 39 40 133.2493813968489 0.004375356123205165
60 120 -1.9 -1.8 40 42 247.5288943544665 0.01039257512735503
60 120 -1.9 -1.8 42 44 224.7179067472848 0.008032677216391448
60 120 -1.9 -1.8 44 46 204.5047629244148 0.006710871045669364
60 120 -1.9 -1.8 46 48 186.5232405662447 0.006740384581348735
60 120 -1.9 -1.8 48 50 170.4670056954042 0.006309346272360017
60 120 -1.9 -1.8 50 52 156.0828004333679 0.005800315742789053
60 120 -1.9 -1.8 52 54 143.1589317449139 0.00553370943245568
60 120 -1.9 -1.8 54 56 131.5156492825575 0.005149188877510369
60 120 -1.9 -1.8 56 58 121.0000211997132 0.005001385665082125
60 120 -1.9 -1.8 58 60 111.4804161462561 0.0047780930009651
60 120 -1.9 -1.8 60 65 242.6131051441252 0.01092575219715286
60 120 -1.9 -1.8 65 70 199.7624717085779 0.009518540034605394
60 120 -1.9 -1.8 70 80 303.5843625603946 0.005058872373467693
60 120 -1.9 -1.8 80 90 213.1091821092766 0.003221208783287466
60 120 -1.9 -1.8 90 100 152.4790530088694 0.002126625917043157
60 120 -1.8 -1.7 0 0.5 -1.368015088233125 3.957537528531674e-05
60 120 -1.8 -1.7 0.5 1 -1498.125432644727 0.01456999298352457
60 120 -1.8 -1.7 1 1.5 516.5419318453698 0.007675961135873877
60 120 -1.8 -1.7 1.5 2 1594.560204325816 0.03196403089214073
60 120 -1.8 -1.7 2 2.5 1766.469942314881 0.006223035291668566
60 120 -1.8 -1.7 2.5 3 1708.517953272099 0.02223036590999072
60 120 -1.8 -1.7 3 3.5 1589.259077600487 0.07814158120049797
60 120 -1.8 -1.7 3.5 4 1459.553618560186 0.06971271815609725
60 120 -1.8 -1.7 4 4.5 1335.848792277762 0.06239215751634219
60 120 -1.8 -1.7 4.5 5 1223.247434473176 0.05607072201109986
60 120 -1.8 -1.7 5 5.5 1122.505087265008 0.05061010309759695
60 120 -1.8 -1.7 5.5 6 1032.859526624048 0.04586607598412229
60 120 -1.8 -1.7 6 6.5 953.1800039424005 0.04172532134055018
60 120 -1.8 -1.7 6.5 7 882.286468573883 0.03812885819479561
60 120 -1.8 -1.7 7 7.5 819.0377412893964 0.03499429599287396
60 120 -1.8 -1.7 7.5 8 762.3887563945265 0.03223704288745921
60 120 -1.8 -1.7 8 8.5 711.4678818386542 0.0297865345057744
60 120 -1.8 -1.7 8.5 9 665.5426698331104 0.02760118650667209
60 120 -1.8 -1.7 9 9.5 623.9881476499496 0.02564106849240488
60 120 -1.8 -1.7 9.5 10 586.2661607002522 0.02387618479428966
60 120 -1.8 -1.7 10 10.5 551.9033562014805 0.02615731808543842
60 120 -1.8 -1.7 10.5 11 520.4997562729133 0.02278021416202591
60 120 -1.8 -1.7 11 11.5 491.7187255133333 0.01961106604221641
60 120 -1.8 -1.7 11.5 12 465.2727862662382 0.01836236446138173
60 120 -1.8 -1.7 12 12.5 440.9120613823951 0.01726863010787838
60 120 -1.8 -1.7 12.5 13 418.4199262654735 0.01626368998989847
60 120 -1.8 -1.7 13 13.5 397.6074934210372 0.01533980234978571
60 120 -1.8 -1.7 13.5 14 378.3041306417967 0.01449103027835008
60 120 -1.8 -1.7 14 14.5 360.3617491680851 0.0137076308457722
60 120 -1.8 -1.7 14.5 15 343.6518129425275 0.0129841090669629
60 120 -1.8 -1.7 15 16 641.5562903326454 0.02400198338898463
60 120 -1.8 -1.7 16 17 586.9349524036703 0.02167482496838602
60 120 -1.8 -1.7 17 18 538.8760102494416 0.01963927031295043
60 120 -1.8 -1.7 18 19 496.3426093638341 0.01785360300800676
60 120 -1.8 -1.7 19 20 458.4970067826849 0.01627523857104052
60 120 -1.8 -1.7 20 21 424.6687698009846 0.0211373999708826
60 120 -1.8 -1.7 21 22 394.3034924046136 0.01757308521291634
60 120 -1.8 -1.7 22 23 366.9403350770348 0.01508959266345755
60 120 -1.8 -1.7 23 24 342.1888446719877 0.01306651043688589
60 120 -1.8 -1.7 24 25 319.7198908348894 0.01104374324194168
60 120 -1.8 -1.7 25 26 299.2601659373139 0.00979824047647071
60 120 -1.8 -1.7 26 27 280.5757931512786 0.009058834544759975
60 120 -1.8 -1.7 27 28 263.4666846337727 0.008387171183187547
60 120 -1.8 -1.7 28 29 247.7611634444112 0.007775256703666855
60 120 -1.8 -1.7 29 30 233.3080623533402 0.007217042536808549
60 120 -1.8 -1.7 30 31 219.9755691735131 0.006706646473077171
60 120 -1.8 -1.7 31 32 207.6511755621129 0.006238479741625724
60 120 -1.8 -1.7 32 33 196.2365216586047 0.005809554919380844
60 120 -1.8 -1.7 33 34 185.644803848552 0.005415259008714202
60 120 -1.8 -1.7 34 35 175.7999776852558 0.005051407226517313
60 120 -1.8 -1.7 35 36 166.634327351934 0.004715646236832072
60 120 -1.8 -1.7 36 37 158.0865261472369 0.00468272233041489
60 120 -1.8 -1.7 37 38 150.1023540412349 0.004461018544077433
60 120 -1.8 -1.7 38 39 142.6341333393584 0.004143389628836758
60 120 -1.8 -1.7 39 40 135.6396399888548 0.003996968728642969
60 120 -1.8 -1.7 40 42 252.0028915001482 0.01050764140973115
60 120 -1.8 -1.7 42 44 228.8222017613787 0.008247260589200778
60 120 -1.8 -1.7 44 46 208.2777497786349 0.00696552241672066
60 120 -1.8 -1.7 46 48 189.9952418811677 0.006310434349160232
60 120 -1.8 -1.7 48 50 173.6681200545742 0.005894847128132596
60 120 -1.8 -1.7 50 52 159.0400452428887 0.005384782846789449
60 120 -1.8 -1.7 52 54 145.895735377776 0.005190920835815405
60 120 -1.8 -1.7 54 56 134.0518251552006 0.004915447377214832
60 120 -1.8 -1.7 56 58 123.3526514072448 0.004647897591738115
60 120 -1.8 -1.7 58 60 113.6654731804098 0.004438441353741496
60 120 -1.8 -1.7 60 65 247.4353837074304 0.009733322225685015
60 120 -1.8 -1.7 65 70 203.8161549652049 0.008921610685092674
60 120 -1.8 -1.7 70 80 309.9269009857611 0.01466639797894231
60 120 -1.8 -1.7 80 90 217.7490339429675 0.003244376715173303
60 120 -1.8 -1.7 90 100 155.945063273694 0.002141959533815907
60 120 -1.7 -1.6 0 0.5 -1.398008092012236 4.538302201240185e-05
60 120 -1.7 -1.6 0.5 1 -1572.943749468781 0.07649492092264154
60 120 -1.7 -1.6 1 1.5 466.0407600881036 0.01238880781340868
60 120 -1.7 -1.6 1.5 2 1582.560529790509 0.02918894090953472
60 120 -1.7 -1.6 2 2.5 1768.325747316763 0.02601301602453532
60 120 -1.7 -1.6 2.5 3 1716.095817138592 0.01996912938921014
60 120 -1.7 -1.6 3 3.5 1599.397231828643 0.07852415919114719
60 120 -1.7 -1.6 3.5 4 1470.63440937791 0.0700957675137488
60 120 -1.7 -1.6 4 4.5 1347.221055266036 0.06266215830760302
60 120 -1.7 -1.6 4.5 5 1234.568142580799 0.0563158009460949
60 120 -1.7 -1.6 5 5.5 1133.502488297367 0.05084462655167954
60 120 -1.7 -1.6 5.5 6 1043.442059716718 0.04609084584262746
60 120 -1.7 -1.6 6 6.5 963.3465860684171 0.0419714017860997
60 120 -1.7 -1.6 6.5 7 892.0303356446808 0.03839949016639821
60 120 -1.7 -1.6 7 7.5 828.3209721012929 0.03527312517030623
60 120 -1.7 -1.6 7.5 8 771.2216351525057 0.03250602850982887
60 120 -1.7 -1.6 8 8.5 719.8820270631568 0.03004011322514089
60 120 -1.7 -1.6 8.5 9 673.5705213867111 0.02783296650932243
60 120 -1.7 -1.6 9 9.5 631.6554718298705 0.02585805355067805
60 120 -1.7 -1.6 9.5 10 593.5804289550844 0.02408658037131772
60 120 -1.7 -1.6 10 10.5 558.8783724990367 0.02675519802221515
60 120 -1.7 -1.6 10.5 11 527.1564974233988 0.02278711703502267
60 120 -1.7 -1.6 11 11.5 498.0809025702192 0.01975526881011547
60 120 -1.7 -1.6 11.5 12 471.3620099841318 0.01850433971810617
60 120 -1.7 -1.6 12 12.5 446.7495721820059 0.01740165419590767
60 120 -1.7 -1.6 12.5 13 424.0210598486776 0.01638987330949249
60 120 -1.7 -1.6 13 13.5 402.9784786173992 0.01546040967440376
60 120 -1.7 -1.6 13.5 14 383.4551612405685 0.01460976637281419
60 120 -1.7 -1.6 14 14.5 365.3052580486798 0.01382585674645043
60 120 -1.7 -1.6 14.5 15 348.4022671839922 0.01309891639715488
60 120 -1.7 -1.6 15 16 650.5278960880106 0.0242148080633342
60 120 -1.7 -1.6 16 17 595.2706990523582 0.02185557897882973
60 120 -1.7 -1.6 17 18 546.6290840691657 0.01980073123979764
60 120 -1.7 -1.6 18 19 503.5615648051103 0.01800697340206625
60 120 -1.7 -1.6 19 20 465.2392191971134 0.01641882771093606
60 120 -1.7 -1.6 20 21 430.9818703168981 0.0211403049734713
60 120 -1.7 -1.6 21 22 400.2287943965015 0.01830617181491334
60 120 -1.7 -1.6 22 23 372.5055778152841 0.01559035929443553
60 120 -1.7 -1.6 23 24 347.4201107155753 0.01312579700163496
60 120 -1.7 -1.6 24 25 324.6467025865344 0.01129504466280196
60 120 -1.7 -1.6 25 26 303.9078454730029 0.009889187599753768
60 120 -1.7 -1.6 26 27 284.9686806699985 0.009144175188055215
60 120 -1.7 -1.6 27 28 267.6248061595641 0.008465294733298379
60 120 -1.7 -1.6 28 29 251.6977585495095 0.007846229270910499
60 120 -1.7 -1.6 29 30 237.0373198286968 0.007281074906330787
60 120 -1.7 -1.6 30 31 223.5129686346029 0.006764261326480892
60 120 -1.7 -1.6 31 32 211.0111965567225 0.006292642863257925
60 120 -1.7 -1.6 32 33 199.4320443258464 0.005860435827486299
60 120 -1.7 -1.6 33 34 188.687727948322 0.005461818563816223
60 120 -1.7 -1.6 34 35 178.6986092072914 0.005110315782332009
60 120 -1.7 -1.6 35 36 169.3959386098394 0.004819569124833833
60 120 -1.7 -1.6 36 37 160.7190438449366 0.004516858012010516
60 120 -1.7 -1.6 37 38 152.614230427079 0.004414354447106916
60 120 -1.7 -1.6 38 39 145.0330893126495 0.00419431952630589
60 120 -1.7 -1.6 39 40 137.9324647389599 0.003902049948152353
60 120 -1.7 -1.6 40 42 256.2950904809121 0.01091364758786995
60 120 -1.7 -1.6 42 44 232.75557021046 0.008620088138144411
60 120 -1.7 -1.6 44 46 211.8875409685211 0.006680121738384059
60 120 -1.7 -1.6 46 48 193.3156116895005 0.005952950604751095
60 120 -1.7 -1.6 48 50 176.7286365750417 0.005485287400205152
60 120 -1.7 -1.6 50 52 161.8661379504142 0.005397092060889008
60 120 -1.7 -1.6 52 54 148.5079963976363 0.005030439746548154
60 120 -1.7 -1.6 54 56 136.4693608058457 0.004789790083975731
60 120 -1.7 -1.6 56 58 125.5930478774267 0.004357888243788466
60 120 -1.7 -1.6 58 60 115.7450562322114 0.003991910003804833
60 120 -1.7 -1.6 60 65 252.0200461159176 0.009538375799849064
60 120 -1.7 -1.6 65 70 207.6563374191549 0.00813563078688162
60 120 -1.7 -1.6 70 80 315.9153931862652 0.01375822273018912
60 120 -1.7 -1.6 80 90 222.1034521545419 0.01074461873915311
60 120 -1.7 -1.6 90 100 159.1766527543286 0.00215542799458035
60 120 -1.6 -1.5 0 0.5 -1.426977004758397 3.595367951603201e-05
60 120 -1.6 -1.5 0.5 1 -1645.749311220566 0.02796924802851208
60 120 -1.6 -1.5 1 1.5 416.1933408678507 0.01726865089642615
60 120 -1.6 -1.5 1.5 2 1570.311486693413 0.03093615012744522
60 120 -1.6 -1.5 2 2.5 1769.64864252273 0.01403460663618716
60 120 -1.6 -1.5 2.5 3 1723.221772279849 0.02647657654051727
60 120 -1.6 -1.5 3 3.5 1608.987940529063 0.07887371715196423
60 120 -1.6 -1.5 3.5 4 1481.175373181412 0.07034943799999382
60 120 -1.6 -1.5 4 4.5 1358.12206283825 0.06292199444624202
60 120 -1.6 -1.5 4.5 5 1245.355576082357 0.0565354780915186
60 120 -1.6 -1.5 5 5.5 1143.971682077692 0.05110455668182112
60 120 -1.6 -1.5 5.5 6 1053.551850983686 0.04638615390490486
60 120 -1.6 -1.5 6 6.5 973.0758620772024 0.04228094172083274
60 120 -1.6 -1.5 6.5 7 901.3189481514905 0.03868080283598374
60 120 -1.6 -1.5 7 7.5 837.1678092360735 0.0355085213378743
60 120 -1.6 -1.5 7.5 8 779.6535060934592 0.03270288134297061
60 120 -1.6 -1.5 8 8.5 727.9321517875835 0.03022061852891511
60 120 -1.6 -1.5 8.5 9 681.2642963135488 0.02801124643315234
60 120 -1.6 -1.5 9 9.5 638.9931429098613 0.02603458260580283
60 120 -1.6 -1.5 9.5 10 600.5736116985207 0.02425152851844814
60 120 -1.6 -1.5 10 10.5 565.5499502422165 0.02650560010511072
60 120 -1.6 -1.5 10.5 11 533.5335898125609 0.022926735051783
60 120 -1.6 -1.5 11 11.5 504.1870535272429 0.01984917270004871
60 120 -1.6 -1.5 11.5 12 477.2163698558973 0.01864165486597358
60 120 -1.6 -1.5 12 12.5 452.3598697091493 0.0175413370205888
60 120 -1.6 -1.5 12.5 13 429.3928042115452 0.01653123949262181
60 120 -1.6 -1.5 13 13.5 408.1267466278314 0.01560389750494551
60 120 -1.6 -1.5 13.5 14 388.3950272752142 0.01474595790824651
60 120 -1.6 -1.5 14 14.5 370.0520581021351 0.01395236882996187
60 120 -1.6 -1.5 14.5 15 352.9674996794312 0.01321470287672355
60 120 -1.6 -1.5 15 16 659.1577028880747 0.02442287137819221
60 120 -1.6 -1.5 16 17 603.2756004387011 0.02204026314439034
60 120 -1.6 -1.5 17 18 554.0640534936451 0.0199663842162181
60 120 -1.6 -1.5 18 19 510.4898647572119 0.0181535619391866
60 120 -1.6 -1.5 19 20 471.7144541364027 0.01655359319732952
60 120 -1.6 -1.5 20 21 437.0483261921715 0.01513137852396085
60 120 -1.6 -1.5 21 22 405.9130863167314 0.01860919258700733
60 120 -1.6 -1.5 22 23 377.8394632334918 0.01562277774888798
60 120 -1.6 -1.5 23 24 352.4366484139293 0.01331723765514425
60 120 -1.6 -1.5 24 25 329.3749071827896 0.01129566693197148
60 120 -1.6 -1.5 25 26 308.3733693936786 0.009972524468423671
60 120 -1.6 -1.5 26 27 289.1874285243883 0.009222281220729656
60 120 -1.6 -1.5 27 28 271.6115498381404 0.008538653022640119
60 120 -1.6 -1.5 28 29 255.4711905973689 0.007914849179911698
60 120 -1.6 -1.5 29 30 240.6141144534763 0.007346081151126782
60 120 -1.6 -1.5 30 31 226.9085278385521 0.006825604546065733
60 120 -1.6 -1.5 31 32 214.2383763706086 0.006349565957179948
60 120 -1.6 -1.5 32 33 202.5004109845946 0.006049552879090925
60 120 -1.6 -1.5 33 34 191.6052076662428 0.005510434570311418
60 120 -1.6 -1.5 34 35 181.4752175462837 0.005225830352429739
60 120 -1.6 -1.5 35 36 172.0410593280681 0.004936640107530366
60 120 -1.6 -1.5 36 37 163.2414180313711 0.004571705732701048
60 120 -1.6 -1.5 37 38 155.0215868940982 0.004266082189417375
60 120 -1.6 -1.5 38 39 147.3326074784633 0.004335692936734858
60 120 -1.6 -1.5 39 40 140.1298673209945 0.004115226697592789
60 120 -1.6 -1.5 40 42 260.4038215966176 0.0112268041199286
60 120 -1.6 -1.5 42 44 236.5171549746321 0.008776749394627359
60 120 -1.6 -1.5 44 46 215.3396586334142 0.006735301739865918
60 120 -1.6 -1.5 46 48 196.4910930820353 0.006114462014068067
60 120 -1.6 -1.5 48 50 179.6537648052799 0.005840632303659277
60 120 -1.6 -1.5 50 52 164.5632914408928 0.005498303684703387
60 120 -1.6 -1.5 52 54 150.9985778213189 0.004868538233893105
60 120 -1.6 -1.5 54 56 138.773495848139 0.004410726494427308
60 120 -1.6 -1.5 56 58 127.7285947590445 0.004410096144553677
60 120 -1.6 -1.5 58 60 117.725991115688 0.004151732303924405
60 120 -1.6 -1.5 60 65 256.3757703884829 0.0091071889982004
60 120 -1.6 -1.5 65 70 211.3001150069023 0.007923373525017041
60 120 -1.6 -1.5 70 80 321.5741781301348 0.01267043397092493
60 120 -1.6 -1.5 80 90 226.1985474994717 0.01014023690615318
60 120 -1.6 -1.5 90 100 162.1993357663391 0.002167272164740552
60 120 -1.5 -1.4 0 0.5 -1.45491430698347 3.434810744318284e-05
60 120 -1.5 -1.4 0.5 1 -1715.663597805013 0.04916443513047852
60 120 -1.5 -1.4 1 1.5 368.2837168024426 0.009845732361497994
60 120 -1.5 -1.4 1.5 2 1558.530501751859 0.01735379565775474
60 120 -1.5 -1.4 2 2.5 1770.701656418818 0.0007514516933042614
60 120 -1.5 -1.4 2.5 3 1729.88103436844 0.01063325160225759
60 120 -1.5 -1.4 3 3.5 1617.935631658292 0.07901952173119753
60 120 -1.5 -1.4 3.5 4 1491.180244562737 0.07058703924985821
60 120 -1.5 -1.4 4 4.5 1368.467715568654 0.06329219971757993
60 120 -1.5 -1.4 4.5 5 1255.591825686638 0.05698987298592328
60 120 -1.5 -1.4 5 5.5 1153.962255216192 0.05149914120192989
60 120 -1.5 -1.4 5.5 6 1063.247348964067 0.0467129085036504
60 120 -1.5 -1.4 6 6.5 982.3770642339038 0.04254440413797056
60 120 -1.5 -1.4 6.5 7 910.1894528534679 0.03890567088240005
60 120 -1.5 -1.4 7 7.5 845.6278610211888 0.03572480671118683
60 120 -1.5 -1.4 7.5 8 787.7379159206563 0.03290946966399133
60 120 -1.5 -1.4 8 8.5 735.6591210943503 0.03041113638334991
60 120 -1.5 -1.4 8.5 9 688.6223971872795 0.02819451065556677
60 120 -1.5 -1.4 9 9.5 645.995967069766 0.02620840367490018
60 120 -1.5 -1.4 9.5 10 607.2508105907049 0.02442162538432058
60 120 -1.5 -1.4 10 10.5 571.9305851009617 0.02663354364165116
60 120 -1.5 -1.4 10.5 11 539.6411198227328 0.02326418987559009
60 120 -1.5 -1.4 11 11.5 510.0347578119915 0.02061148677267965
60 120 -1.5 -1.4 11.5 12 482.8085124071263 0.01880232303108187
60 120 -1.5 -1.4 12 12.5 457.7080485245108 0.01768733184377425
60 120 -1.5 -1.4 12.5 13 434.5168399616716 0.01666151609532562
60 120 -1.5 -1.4 13 13.5 413.041913672924 0.01571534779367312
60 120 -1.5 -1.4 13.5 14 393.1161112922861 0.01484841435433282
60 120 -1.5 -1.4 14 14.5 374.5919028088222 0.0140500800978316
60 120 -1.5 -1.4 14.5 15 357.3369749755721 0.01331151271909903
60 120 -1.5 -1.4 15 16 667.4036866960091 0.02460720889985168
60 120 -1.5 -1.4 16 17 610.9170721626798 0.02221656315907694
60 120 -1.5 -1.4 17 18 561.1714600714242 0.02012920165861942
60 120 -1.5 -1.4 18 19 517.1247179196625 0.01830562861141516
60 120 -1.5 -1.4 19 20 477.9184070900985 0.01669427336378249
60 120 -1.5 -1.4 20 21 442.848239379043 0.01526490205162645
60 120 -1.5 -1.4 21 22 411.3476219130345 0.01862331376969451
60 120 -1.5 -1.4 22 23 382.9448730032776 0.01569773145610043
60 120 -1.5 -1.4 23 24 357.2444521892085 0.01364965584986066
60 120 -1.5 -1.4 24 25 333.9062421510719 0.01177418535604602
60 120 -1.5 -1.4 25 26 312.6439429879903 0.01010349439155789
60 120 -1.5 -1.4 26 27 293.2182865042892 0.009294847858711819
60 120 -1.5 -1.4 27 28 275.423241004733 0.008605874542297443
60 120 -1.5 -1.4 28 29 259.0814186366563 0.007979034123820838
60 120 -1.5 -1.4 29 30 244.0382016119769 0.007406590622764497
60 120 -1.5 -1.4 30 31 230.1574342966072 0.006882738996694115
60 120 -1.5 -1.4 31 32 217.3216452493513 0.006400899053886633
60 120 -1.5 -1.4 32 33 205.4296264289622 0.005958437456882848
60 120 -1.5 -1.4 33 34 194.391358970547 0.005551815356227507
60 120 -1.5 -1.4 34 35 184.1279767150851 0.005178100236093997
60 120 -1.5 -1.4 35 36 174.5695179984648 0.004881557590238117
60 120 -1.5 -1.4 36 37 165.6532501861174 0.004930402759583785
60 120 -1.5 -1.4 37 38 157.3228885741856 0.004641327491384573
60 120 -1.5 -1.4 38 39 149.5291042771798 0.004475917309548549
60 120 -1.5 -1.4 39 40 142.2276451203593 0.004375495492894288
60 120 -1.5 -1.4 40 42 264.3255146930707 0.01136744600688644
60 120 -1.5 -1.4 42 44 240.1085465955328 0.008883704923476898
60 120 -1.5 -1.4 44 46 218.6361080518695 0.007074543581296666
60 120 -1.5 -1.4 46 48 199.519609681293 0.006464975898381908
60 120 -1.5 -1.4 48 50 182.4398364848569 0.005809921815398411
60 120 -1.5 -1.4 50 52 167.1316982487926 0.005004302207424871
60 120 -1.5 -1.4 52 54 153.3717689798347 0.005062998140743957
60 120 -1.5 -1.4 54 56 140.968314880471 0.00481341408627145
60 120 -1.5 -1.4 56 58 129.7592817030748 0.0044481630770008
60 120 -1.5 -1.4 58 60 119.6071311331175 0.003830868600161352
60 120 -1.5 -1.4 60 65 260.5131509177569 0.009176986133184073
60 120 -1.5 -1.4 65 70 214.7535114970415 0.01063072809009213
60 120 -1.5 -1.4 70 80 326.924358411016 0.01249667041514613
60 120 -1.5 -1.4 80 90 230.0511120171426 0.009536789569580151
60 120 -1.5 -1.4 90 100 165.0275966056901 0.007383098126751975
60 120 -1.4 -1.3 0 0.5 -1.48126166043533 5.84456924395127e-05
60 120 -1.4 -1.3 0.5 1 -1782.760893166287 0.03030905266541595
60 120 -1.4 -1.3 1 1.5 322.1799308194441 0.01109865456493253
60 120 -1.4 -1.3 1.5 2 1547.163392526788 0.00437904858517868
60 120 -1.4 -1.3 2 2.5 1771.762562093847 0.01294206128295627
60 120 -1.4 -1.3 2.5 3 1736.206932397661 0.01553756377643367
60 120 -1.4 -1.3 3 3.5 1626.471386791085 0.07930655139216469
60 120 -1.4 -1.3 3.5 4 1500.758049925586 0.07091567470502014
60 120 -1.4 -1.3 4 4.5 1378.259538138076 0.06355640656511241
60 120 -1.4 -1.3 4.5 5 1265.286578370822 0.0571793175147377
60 120 -1.4 -1.3 5 5.5 1163.471523007322 0.05167336139447798
60 120 -1.4 -1.3 5.5 6 1072.434319665123 0.04688995055607847
60 120 -1.4 -1.3 6 6.5 991.1594823302296 0.04273867989275004
60 120 -1.4 -1.3 6.5 7 918.5859083394795 0.03911745340280959
60 120 -1.4 -1.3 7 7.5 853.6715965477731 0.03593625454641369
60 120 -1.4 -1.3 7.5 8 795.4342087046591 0.03313196429451182
60 120 -1.4 -1.3 8 8.5 742.9854945283508 0.03064433553481649
60 120 -1.4 -1.3 8.5 9 695.5971686157366 0.02842141881831139
60 120 -1.4 -1.3 9 9.5 652.6513018297437 0.02641626200204428
60 120 -1.4 -1.3 9.5 10 613.6131329338705 0.02461245176073135
60 120 -1.4 -1.3 10 10.5 578.0215531202624 0.02747972942506749
60 120 -1.4 -1.3 10.5 11 545.4652418646995 0.02390634444361694
60 120 -1.4 -1.3 11 11.5 515.5975505481842 0.02086609159334785
60 120 -1.4 -1.3 11.5 12 488.126889686124 0.01892091883178182
60 120 -1.4 -1.3 12 12.5 462.8020859615271 0.01779981647297291
60 120 -1.4 -1.3 12.5 13 439.4010925810754 0.01677154954398929
60 120 -1.4 -1.3 13 13.5 417.7333947471243 0.01582669350943888
60 120 -1.4 -1.3 13.5 14 397.626147369111 0.01495718580912353
60 120 -1.4 -1.3 14 14.5 378.9243605467763 0.01415536288328667
60 120 -1.4 -1.3 14.5 15 361.4964485913345 0.01341141977047755
60 120 -1.4 -1.3 15 16 675.2475864986974 0.02479452808529459
60 120 -1.4 -1.3 16 17 618.1948575776174 0.02238587576266582
60 120 -1.4 -1.3 17 18 567.9522309114337 0.02028959599408608
60 120 -1.4 -1.3 18 19 523.4449419752119 0.01845499701460085
60 120 -1.4 -1.3 19 20 483.8126070984806 0.01682937622365444
60 120 -1.4 -1.3 20 21 448.3627118139335 0.02233861323884412
60 120 -1.4 -1.3 21 22 416.5225040630859 0.0189277730691515
60 120 -1.4 -1.3 22 23 387.8106432806316 0.01649489173587426
60 120 -1.4 -1.3 23 24 361.8188606170939 0.01383775872312754
60 120 -1.4 -1.3 24 25 338.2119264225627 0.01186266507494338
60 120 -1.4 -1.3 25 26 316.7055061278327 0.01021989044090788
60 120 -1.4 -1.3 26 27 297.0564755028735 0.009369583029069872
60 120 -1.4 -1.3 27 28 279.0565023019462 0.008677614555210766
60 120 -1.4 -1.3 28 29 262.5221309864272 0.008044886447066801
60 120 -1.4 -1.3 29 30 247.2976671783763 0.007538513957882742
60 120 -1.4 -1.3 30 31 233.2482526231624 0.007236445889503784
60 120 -1.4 -1.3 31 32 220.2562840865249 0.006725013531678314
60 120 -1.4 -1.3 32 33 208.2190112261605 0.006125597689305096
60 120 -1.4 -1.3 33 34 197.0459342880551 0.006032132402737034
60 120 -1.4 -1.3 34 35 186.6560201435325 0.005923391618551932
60 120 -1.4 -1.3 35 36 176.9775874824336 0.005518871586104979
60 120 -1.4 -1.3 36 37 167.9479051479536 0.005227428154881864
60 120 -1.4 -1.3 37 38 159.5111476391484 0.00503438648721044
60 120 -1.4 -1.3 38 39 151.6172980411894 0.004510762225407916
60 120 -1.4 -1.3 39 40 144.2221946392605 0.004175877822206076
60 120 -1.4 -1.3 40 42 268.0568729072634 0.01170963080329557
60 120 -1.4 -1.3 42 44 243.5247572931401 0.00925867738462216
60 120 -1.4 -1.3 44 46 221.7667166170351 0.007226472809634288
60 120 -1.4 -1.3 46 48 202.3947322840353 0.005938414673664738
60 120 -1.4 -1.3 48 50 185.0879502766827 0.006019098343330143
60 120 -1.4 -1.3 50 52 169.5738203690346 0.005805549660351517
60 120 -1.4 -1.3 52 54 155.6244227614356 0.005438443389948588
60 120 -1.4 -1.3 54 56 143.0487449171986 0.004519603229994118
60 120 -1.4 -1.3 56 58 131.6851273866273 0.004278217376537441
60 120 -1.4 -1.3 58 60 121.3928527180682 0.004399618101871283
60 120 -1.4 -1.3 60 65 264.4318683642438 0.009330907942967315
60 120 -1.4 -1.3 65 70 218.0197357221494 0.01069307675820141
60 120 -1.4 -1.3 70 80 331.9727050101557 0.01233149789288746
60 120 -1.4 -1.3 80 90 233.6732146457522 0.009553580540881512
60 120 -1.4 -1.3 90 100 167.6755444229117 0.00742811077967076
60 120 -1.3 -1.2 0 0.5 -1.506233942472526 4.328347018711654e-05
60 120 -1.3 -1.2 0.5 1 -1845.866678310589 0.02246169290083344
60 120 -1.3 -1.2 1 1.5 278.5690788026528 0.01131247458704365
60 120 -1.3 -1.2 1.5 2 1536.07424664182 0.0644653265717352
60 120 -1.3 -1.2 2 2.5 1772.745867363099 0.01454292167704807
60 120 -1.3 -1.2 2.5 3 1742.081832737385 0.0164570402573645
60 120 -1.3 -1.2 3 3.5 1634.622666579487 0.0794968721661462
60 120 -1.3 -1.2 3.5 4 1509.83941217502 0.07120587000440537
60 120 -1.3 -1.2 4 4.5 1387.534002482227 0.0638799564569581
60 120 -1.3 -1.2 4.5 5 1274.552379720387 0.05748473696280598
60 120 -1.3 -1.2 5 5.5 1172.538268585291 0.05195792049198644
60 120 -1.3 -1.2 5.5 6 1081.138372923376 0.04719246357103657
60 120 -1.3 -1.2 6 6.5 999.5021473529584 0.04302460660414908
60 120 -1.3 -1.2 6.5 7 926.5900495321281 0.03938725099317253
60 120 -1.3 -1.2 7 7.5 861.3301980618297 0.03617713201344941
60 120 -1.3 -1.2 7.5 8 802.7152888352385 0.03333654949335596
60 120 -1.3 -1.2 8 8.5 749.911863393941 0.03081564586705099
60 120 -1.3 -1.2 8.5 9 702.201358609862 0.02857875275219612
60 120 -1.3 -1.2 9 9.5 658.9627412414146 0.0265729737240008
60 120 -1.3 -1.2 9.5 10 619.6497589509682 0.02475633459778237
60 120 -1.3 -1.2 10 10.5 583.7797725306539 0.02785065884711457
60 120 -1.3 -1.2 10.5 11 550.9578230093806 0.02412221940880954
60 120 -1.3 -1.2 11 11.5 520.84639042071 0.02068052795425501
60 120 -1.3 -1.2 11.5 12 493.1530030466882 0.01905247300487645
60 120 -1.3 -1.2 12 12.5 467.6235432362324 0.01792978777962162
60 120 -1.3 -1.2 12.5 13 444.0326643083227 0.01690045737183254
60 120 -1.3 -1.2 13 13.5 422.1772839700629 0.01595257753086798
60 120 -1.3 -1.2 13.5 14 401.8860177064061 0.01507742513905441
60 120 -1.3 -1.2 14 14.5 383.0129699680621 0.01426765897548421
60 120 -1.3 -1.2 14.5 15 365.4263957593447 0.01351623497578203
60 120 -1.3 -1.2 15 16 682.6745782024622 0.02498061838377907
60 120 -1.3 -1.2 16 17 625.1029307107382 0.02255065617964647
60 120 -1.3 -1.2 17 18 574.3725232273222 0.02043456393255383
60 120 -1.3 -1.2 18 19 529.4222265883612 0.01857736233421292
60 120 -1.3 -1.2 19 20 489.3972792882176 0.01693816049305497
60 120 -1.3 -1.2 20 21 453.5966250618627 0.01548806685053705
60 120 -1.3 -1.2 21 22 421.430843130679 0.01956301662409032
60 120 -1.3 -1.2 22 23 392.4146564549415 0.01641102618810919
60 120 -1.3 -1.2 23 24 366.1473044004275 0.01395732851148068
60 120 -1.3 -1.2 24 25 342.289990607176 0.01188568720073135
60 120 -1.3 -1.2 25 26 320.5552573189557 0.01032903519961792
60 120 -1.3 -1.2 26 27 300.6942538381331 0.00944096222610824
60 120 -1.3 -1.2 27 28 282.494237813703 0.008742120400995645
60 120 -1.3 -1.2 28 29 265.7746830824491 0.008145108075382268
60 120 -1.3 -1.2 29 30 250.3790612019199 0.007520072912797104
60 120 -1.3 -1.2 30 31 236.1718300146729 0.006987678173771883
60 120 -1.3 -1.2 31 32 223.0343362209948 0.006891765214675161
60 120 -1.3 -1.2 32 33 210.8603085167308 0.006562948014561698
60 120 -1.3 -1.2 33 34 199.5578954432583 0.006300089537745635
60 120 -1.3 -1.2 34 35 189.0460426734636 0.00603440509325992
60 120 -1.3 -1.2 35 36 179.2536644938937 0.005631431661669239
60 120 -1.3 -1.2 36 37 170.1176183284968 0.004961970752418665
60 120 -1.3 -1.2 37 38 161.5820518368697 0.005030631609145075
60 120 -1.3 -1.2 38 39 153.5956515268023 0.005110810313425418
60 120 -1.3 -1.2 39 40 146.1124395964368 0.004996626308553687
60 120 -1.3 -1.2 40 42 271.5886395555615 0.01197907750218974
60 120 -1.3 -1.2 42 44 246.7538146320616 0.009175941673248644
60 120 -1.3 -1.2 44 46 224.729082421651 0.007307221220258953
60 120 -1.3 -1.2 46 48 205.1183500082878 0.007181316464794918
60 120 -1.3 -1.2 48 50 187.5919743903734 0.006442020603941501
60 120 -1.3 -1.2 50 52 171.878927459864 0.005273793041425279
60 120 -1.3 -1.2 52 54 157.7524345136497 0.005190126000655937
60 120 -1.3 -1.2 54 56 145.0168964220684 0.005281851931101755
60 120 -1.3 -1.2 56 58 133.5052822011414 0.004827675849867319
60 120 -1.3 -1.2 58 60 123.0767934552499 0.004218520119650293
60 120 -1.3 -1.2 60 65 268.1288625327492 0.009493310751565787
60 120 -1.3 -1.2 65 70 221.0991569500845 0.01045383117289589
60 120 -1.3 -1.2 70 80 336.7213140357712 0.01272477166548924
60 120 -1.3 -1.2 80 90 237.0683055016672 0.009345317782504026
60 120 -1.3 -1.2 90 100 170.148315524632 0.006926186139367019
60 120 -1.2 -1.1 0 0.5 -1.52998162419203 5.85178186862656e-05
60 120 -1.2 -1.1 0.5 1 -1904.68651842226 0.0136703489026786
60 120 -1.2 -1.1 1 1.5 238.456934444277 0.006567276207903205
60 120 -1.2 -1.1 1.5 2 1526.089027717997 0.01303381361367428
60 120 -1.2 -1.1 2 2.5 1773.854797835903 0.02385315411197553
60 120 -1.2 -1.1 2.5 3 1747.613047349568 0.01737436656685531
60 120 -1.2 -1.1 3 3.5 1642.318058658667 0.0799756237818201
60 120 -1.2 -1.1 3.5 4 1518.262554484159 0.07165401870088317
60 120 -1.2 -1.1 4 4.5 1396.233804648743 0.06418935309579865
60 120 -1.2 -1.1 4.5 5 1283.273206919654 0.0577276502622226
60 120 -1.2 -1.1 5 5.5 1180.999839370576 0.052171349230548
60 120 -1.2 -1.1 5.5 6 1089.297250423514 0.04737694997356812
60 120 -1.2 -1.1 6 6.5 1007.367156199176 0.04321818221922058
60 120 -1.2 -1.1 6.5 7 934.1384375385248 0.0395789768593886
60 120 -1.2 -1.1 7 7.5 868.5095743047642 0.03636796082730598
60 120 -1.2 -1.1 7.5 8 809.5487066305392 0.03353737939517032
60 120 -1.2 -1.1 8 8.5 756.4317262752045 0.03100272478241095
60 120 -1.2 -1.1 8.5 9 708.4395093302874 0.02874475751821137
60 120 -1.2 -1.1 9 9.5 664.920047582756 0.02672603422706743
60 120 -1.2 -1.1 9.5 10 625.3199846392981 0.02490609854032755
60 120 -1.2 -1.1 10 10.5 589.1857786688337 0.028039270501381
60 120 -1.2 -1.1 10.5 11 556.1230009048124 0.02389750769384591
60 120 -1.2 -1.1 11 11.5 525.7931793088301 0.02067581238009097
60 120 -1.2 -1.1 11.5 12 497.8983772127971 0.01918329345920711
60 120 -1.2 -1.1 12 12.5 472.1691273617457 0.01804914179962225
60 120 -1.2 -1.1 12.5 13 448.3811926455528 0.01700520317007204
60 120 -1.2 -1.1 13 13.5 426.3418440520257 0.01604228422047527
60 120 -1.2 -1.1 13.5 14 405.8828879037151 0.01515859824115751
60 120 -1.2 -1.1 14 14.5 386.8532595534572 0.01434606933662508
60 120 -1.2 -1.1 14.5 15 369.1231230781873 0.01359522671174318
60 120 -1.2 -1.1 15 16 689.6636685937367 0.02513793713649193
60 120 -1.2 -1.1 16 17 631.5763703718093 0.02269305566153434
60 120 -1.2 -1.1 17 18 580.3875203188852 0.02056588352650124
60 120 -1.2 -1.1 18 19 535.0338418471041 0.01870719674411703
60 120 -1.2 -1.1 19 20 494.6476030325869 0.01706586365088469
60 120 -1.2 -1.1 20 21 458.5081345956459 0.01560610140506924
60 120 -1.2 -1.1 21 22 426.0324609292039 0.01959783685873617
60 120 -1.2 -1.1 22 23 396.7368211566724 0.01631735108287558
60 120 -1.2 -1.1 23 24 370.2175747657071 0.0141962463117693
60 120 -1.2 -1.1 24 25 346.1285027252708 0.01236098735125779
60 120 -1.2 -1.1 25 26 324.1754927724255 0.01065615687218724
60 120 -1.2 -1.1 26 27 304.1113985263773 0.01031313157341174
60 120 -1.2 -1.1 27 28 285.7244734140768 0.009071851792725738
60 120 -1.2 -1.1 28 29 268.8338202019651 0.008261372410174772
60 120 -1.2 -1.1 29 30 253.2810088444937 0.008384780385597423
60 120 -1.2 -1.1 30 31 238.9258997479332 0.00792575983339816
60 120 -1.2 -1.1 31 32 225.6480821435327 0.007623241269527625
60 120 -1.2 -1.1 32 33 213.3426169685773 0.007137807270964913
60 120 -1.2 -1.1 33 34 201.9176971150197 0.006177610072711559
60 120 -1.2 -1.1 34 35 191.2931140737333 0.00579255413424562
60 120 -1.2 -1.1 35 36 181.3961867456929 0.006167570179144377
60 120 -1.2 -1.1 36 37 172.1612171784803 0.006001238964387312
60 120 -1.2 -1.1 37 38 163.5308781013741 0.005748444003415898
60 120 -1.2 -1.1 38 39 155.4542220148004 0.005375834234342847
60 120 -1.2 -1.1 39 40 147.886089226061 0.004688232296246042
60 120 -1.2 -1.1 40 42 274.9043894929732 0.0119157830042127
60 120 -1.2 -1.1 42 44 249.7925493218831 0.009741980775999082
60 120 -1.2 -1.1 44 46 227.5146385268695 0.008089263258597157
60 120 -1.2 -1.1 46 48 207.6738661869973 0.006691947077314353
60 120 -1.2 -1.1 48 50 189.944265032435 0.006381358788445368
60 120 -1.2 -1.1 50 52 174.0488920251779 0.006655244872973753
60 120 -1.2 -1.1 52 54 159.7532843868497 0.005991824124436107
60 120 -1.2 -1.1 54 56 146.8627476871837 0.004933044310746482
60 120 -1.2 -1.1 56 58 135.2124411833156 0.004539980951619782
60 120 -1.2 -1.1 58 60 124.6590219430768 0.004846543706278794
60 120 -1.2 -1.1 60 65 271.5977690759643 0.01001313574778351
60 120 -1.2 -1.1 65 70 223.984644788655 0.01038846378355629
60 120 -1.2 -1.1 70 80 341.1646999995295 0.0128009849843238
60 120 -1.2 -1.1 80 90 240.2389554165677 0.009400368886787192
60 120 -1.2 -1.1 90 100 172.4513584772315 0.00725282962994811
60 120 -1.1 -1 0 0.5 -1.552353059192132 3.712031852365349e-05
60 120 -1.1 -1 0.5 1 -1960.522436390925 0.01751854892017946
60 120 -1.1 -1 1 1.5 200.2422580863159 0.000890162285287488
60 120 -1.1 -1 1.5 2 1516.427610194816 0.03378871012205309
60 120 -1.1 -1 2 2.5 1774.564111852109 0.01051165963281164
60 120 -1.1 -1 2.5 3 1752.747043003887 0.01529790353038152
60 120 -1.1 -1 3 3.5 1649.356883320368 0.08005286512525345
60 120 -1.1 -1 3.5 4 1526.032318314461 0.07173992498815096
60 120 -1.1 -1 4 4.5 1404.334179916094 0.06428830033723898
60 120 -1.1 -1 4.5 5 1291.278254325902 0.05792696042885837
60 120 -1.1 -1 5 5.5 1188.776889939358 0.05244361495397243
60 120 -1.1 -1 5.5 6 1096.844264082616 0.04765642605411813
60 120 -1.1 -1 6 6.5 1014.644033349237 0.04347622948478147
60 120 -1.1 -1 6.5 7 941.0672309794586 0.03981753359983031
60 120 -1.1 -1 7 7.5 875.1170395445782 0.03657444115526687
60 120 -1.1 -1 7.5 8 815.8695092971484 0.03369643917051235
60 120 -1.1 -1 8 8.5 762.490883651927 0.03114665896191582
60 120 -1.1 -1 8.5 9 714.2148078314722 0.02888224225364411
60 120 -1.1 -1 9 9.5 670.4168368637197 0.02685009783556325
60 120 -1.1 -1 9.5 10 630.5666894244647 0.02502639964870923
60 120 -1.1 -1 10 10.5 594.2052536595447 0.02747301116846756
60 120 -1.1 -1 10.5 11 560.9367700881763 0.02440654261783948
60 120 -1.1 -1 11 11.5 530.4038954269217 0.0217007373588558
60 120 -1.1 -1 11.5 12 502.3032153602938 0.01928925129720938
60 120 -1.1 -1 12 12.5 476.3832791739705 0.0181524287764887
60 120 -1.1 -1 12.5 13 452.4201196696648 0.01710685758104091
60 120 -1.1 -1 13 13.5 430.2199430911729 0.01614535393036931
60 120 -1.1 -1 13.5 14 409.6123396201451 0.01525915615138729
60 120 -1.1 -1 14 14.5 390.4422358485779 0.01443989629296993
60 120 -1.1 -1 14.5 15 372.5727288740691 0.01367916859504703
60 120 -1.1 -1 15 16 696.1667447836896 0.02529207139730261
60 120 -1.1 -1 16 17 637.6079028812023 0.02284052663139846
60 120 -1.1 -1 17 18 586.0059368951374 0.02071077113691899
60 120 -1.1 -1 18 19 540.2766015984009 0.01883428388748598
60 120 -1.1 -1 19 20 499.5387437828273 0.01717182074429502
60 120 -1.1 -1 20 21 463.0822328556363 0.01569455120181829
60 120 -1.1 -1 21 22 430.3229588383318 0.01953466166554563
60 120 -1.1 -1 22 23 400.7724095190414 0.01706482452902947
60 120 -1.1 -1 23 24 374.0135752477132 0.01453640201015105
60 120 -1.1 -1 24 25 349.7010061676613 0.01240941519461103
60 120 -1.1 -1 25 26 327.5431640214263 0.01051724908734286
60 120 -1.1 -1 26 27 307.2939418996121 0.00957004210249579
60 120 -1.1 -1 27 28 288.7384314690842 0.009607658896186422
60 120 -1.1 -1 28 29 271.6888097447849 0.009376926331981394
60 120 -1.1 -1 29 30 255.9847468067579 0.008853892026394306
60 120 -1.1 -1 30 31 241.48898407875 0.007920929247148933
60 120 -1.1 -1 31 32 228.0819849061867 0.007025625693813708
60 120 -1.1 -1 32 33 215.6585007609136 0.007412445297035219
60 120 -1.1 -1 33 34 204.1234479545299 0.007654289268998582
60 120 -1.1 -1 34 35 193.3930268802288 0.007228926948101844
60 120 -1.1 -1 35 36 183.3947816858208 0.006817541722710985
60 120 -1.1 -1 36 37 174.0646529857231 0.005927121893108733
60 120 -1.1 -1 37 38 165.3461277671271 0.005254150025166382
60 120 -1.1 -1 38 39 157.1881892276631 0.005387789227626172
60 120 -1.1 -1 39 40 149.543946134839 0.00559818350515684
60 120 -1.1 -1 40 42 278.0035864694753 0.01250884945307007
60 120 -1.1 -1 42 44 252.623897854381 0.009698703083245164
60 120 -1.1 -1 44 46 230.1102951788318 0.007724753788551197
60 120 -1.1 -1 46 48 210.0610278175138 0.008140142866267297
60 120 -1.1 -1 48 50 192.1387233281836 0.007138098327004627
60 120 -1.1 -1 50 52 176.0673252063691 0.005830948360198818
60 120 -1.1 -1 52 54 161.6159144024352 0.00571801153597562
60 120 -1.1 -1 54 56 148.5852609178836 0.00593358732572824
60 120 -1.1 -1 56 58 136.8048889892124 0.005263115787045081
60 120 -1.1 -1 58 60 126.1315726319443 0.004457930063040294
60 120 -1.1 -1 60 65 274.8290425246255 0.01068499388361488
60 120 -1.1 -1 65 70 226.6708976158827 0.01043940501111251
60 120 -1.1 -1 70 80 345.2971027070984 0.01344091343128184
60 120 -1.1 -1 80 90 243.1823215588344 0.00984125901888433
60 120 -1.1 -1 90 100 174.5829957117253 0.007259410129648813
60 120 -1 -0.95 0 0.5 -0.7840338318894857 1.907988142502148e-05
60 120 -1 -0.95 0.5 1 -1000.238627696897 0.0270345491394437
60 120 -1 -0.95 1 1.5 86.30938509724666 0.0002360454009533441
60 120 -1 -0.95 1.5 2 754.708780921824 0.003200736143071481
60 120 -1 -0.95 2 2.5 887.4169334519981 0.002100195014008932
60 120 -1 -0.95 2.5 3 878.148623126208 0.002724919739421239
60 120 -1 -0.95 3 3.5 827.0906829017578 0.040140554628465
60 120 -1 -0.95 3.5 4 765.7423484752171 0.03596611077659873
60 120 -1 -0.95 4 4.5 704.9991647510307 0.03229353162191728
60 120 -1 -0.95 4.5 5 648.4315333290779 0.02908784701810418
60 120 -1 -0.95 5 5.5 597.1271642137981 0.0263171031233469
60 120 -1 -0.95 5.5 6 551.0918813699394 0.02390212084196719
60 120 -1 -0.95 6 6.5 509.8671709343978 0.02178560866286716
60 120 -1 -0.95 6.5 7 472.9632630337327 0.01993739857044829
60 120 -1 -0.95 7 7.5 439.8841426440331 0.01832506630290709
60 120 -1 -0.95 7.5 8 410.166097363558 0.01691014833556892
60 120 -1 -0.95 8 8.5 383.3652567412827 0.01565275293103241
60 120 -1 -0.95 8.5 9 359.123297246309 0.0145253829123817
60 120 -1 -0.95 9 9.5 337.1312940852871 0.01350820067648328
60 120 -1 -0.95 9.5 10 317.1227632116055 0.01258785493064352
60 120 -1 -0.95 10 10.5 298.8669871715625 0.01445479952883488
60 120 -1 -0.95 10.5 11 282.1528867187777 0.01250066666347038
60 120 -1 -0.95 11 11.5 266.8091012386642 0.01056175169941298
60 120 -1 -0.95 11.5 12 252.6902959350238 0.009678967647687386
60 120 -1 -0.95 12 12.5 239.666247514607 0.009106058041083998
60 120 -1 -0.95 12.5 13 227.6270713271144 0.008582878126304649
60 120 -1 -0.95 13 13.5 216.4736776241307 0.008100708786571431
60 120 -1 -0.95 13.5 14 206.1156624849003 0.007658315081272349
60 120 -1 -0.95 14 14.5 196.4779370476699 0.007249122964964272
60 120 -1 -0.95 14.5 15 187.4939288883043 0.00687028390626665
60 120 -1 -0.95 15 16 350.364472354287 0.01270412228865325
60 120 -1 -0.95 16 17 320.9256169123877 0.01147354062720751
60 120 -1 -0.95 17 18 294.9789488540171 0.01039840075947041
60 120 -1 -0.95 18 19 271.9778598111415 0.009456588351270057
60 120 -1 -0.95 19 20 251.4861504933937 0.008624261965309188
60 120 -1 -0.95 20 21 233.1502872455584 0.01164901355897996
60 120 -1 -0.95 21 22 216.6736554548056 0.01017997724358111
60 120 -1 -0.95 22 23 201.805130564622 0.008612568275054855
60 120 -1 -0.95 23 24 188.3396084658323 0.007282826204829007
60 120 -1 -0.95 24 25 176.1054646347136 0.006066593184982594
60 120 -1 -0.95 25 26 164.9582249350472 0.005446086456601051
60 120 -1 -0.95 26 27 154.768845067794 0.004805696531718695
60 120 -1 -0.95 27 28 145.4287097802166 0.004449551512578864
60 120 -1 -0.95 28 29 136.8455890755858 0.004124416272162534
60 120 -1 -0.95 29 30 128.9407151907032 0.003828101042643084
60 120 -1 -0.95 30 31 121.6458761309683 0.003556642346296712
60 120 -1 -0.95 31 32 114.8982616916393 0.003308225296166256
60 120 -1 -0.95 32 33 108.6435223981219 0.003080586778210659
60 120 -1 -0.95 33 34 102.8348371094276 0.002870386212393328
60 120 -1 -0.95 34 35 97.43155575914361 0.00267676814902984
60 120 -1 -0.95 35 36 92.39782836616916 0.002497832228726793
60 120 -1 -0.95 36 37 87.7014451654242 0.002332678448709657
60 120 -1 -0.95 37 38 83.31225135996317 0.002180258957210413
60 120 -1 -0.95 38 39 79.20397727578751 0.002039881600083504
60 120 -1 -0.95 39 40 75.35359323371971 0.001909639659373852
60 120 -1 -0.95 40 42 140.0878774175237 0.006099945361938808
60 120 -1 -0.95 42 44 127.3079549548057 0.004978899660187608
60 120 -1 -0.95 44 46 115.9692239636579 0.003978522560956321
60 120 -1 -0.95 46 48 105.8679278573262 0.003010243030999504
60 120 -1 -0.95 48 50 96.83926702313931 0.002206340955410724
60 120 -1 -0.95 50 52 88.74446053051858 0.001869478631974175
60 120 -1 -0.95 52 54 81.46325286059974 0.001663668485903713
60 120 -1 -0.95 54 56 74.89654249063484 0.001483948643283384
60 120 -1 -0.95 56 58 68.96080475780003 0.001326265857287012
60 120 -1 -0.95 58 60 63.58358136120935 0.001187812627506446
60 120 -1 -0.95 60 65 138.5487770599707 0.002466572913448317
60 120 -1 -0.95 65 70 114.2783560305923 0.005130086626792263
60 120 -1 -0.95 70 80 174.0982760492095 0.002657243887540517
60 120 -1 -0.95 80 90 122.6218170410731 0.001684845284160019
60 120 -1 -0.95 90 100 88.03682559634689 0.001108327919553176
60 120 -0.95 -0.9 0 0.5 -0.7889490607390857 1.805132458920777e-05
60 120 -0.95 -0.9 0.5 1 -1012.714537409494 0.02971751475320161
60 120 -0.95 -0.9 1 1.5 77.59803285084905 0.0005909181044216893
60 120 -0.95 -0.9 1.5 2 752.4286780272682 0.008112526726790747
60 120 -0.95 -0.9 2 2.5 887.4650221949132 0.001894613435524661
60 120 -0.95 -0.9 2.5 3 879.2502612645901 0.004167771857055413
60 120 -0.95 -0.9 3 3.5 828.5989224805594 0.04019678017345996
60 120 -0.95 -0.9 3.5 4 767.4734511962479 0.03602303389277495
60 120 -0.95 -0.9 4 4.5 706.764080503447 0.03232816156980789
60 120 -0.95 -0.9 4.5 5 650.1864022960682 0.02912138642068385
60 120 -0.95 -0.9 5 5.5 598.8645008145663 0.02635485463201803
60 120 -0.95 -0.9 5.5 6 552.762937556615 0.02394854521583056
60 120 -0.95 -0.9 6 6.5 511.4650250096481 0.02184400683825061
60 120 -0.95 -0.9 6.5 7 474.495147883407 0.02000653457059798
60 120 -0.95 -0.9 7 7.5 441.3599718894235 0.01838534041240791
60 120 -0.95 -0.9 7.5 8 411.5695323854013 0.01694659449236724
60 120 -0.95 -0.9 8 8.5 384.6989168001759 0.01566454349818969
60 120 -0.95 -0.9 8.5 9 360.3954477676265 0.01452375673625284
60 120 -0.95 -0.9 9 9.5 338.3479171504334 0.013505909780406
60 120 -0.95 -0.9 9.5 10 318.2904595062911 0.0125961496543141
60 120 -0.95 -0.9 10 10.5 299.9780839592061 0.01420839709453503
60 120 -0.95 -0.9 10.5 11 283.2117868941738 0.01234336721347518
60 120 -0.95 -0.9 11 11.5 267.8217763875858 0.01085230424075689
60 120 -0.95 -0.9 11.5 12 253.6589201168947 0.009720311530799108
60 120 -0.95 -0.9 12 12.5 240.5967079803794 0.0091451075216753
60 120 -0.95 -0.9 12.5 13 228.5209678419211 0.008616243564688375
60 120 -0.95 -0.9 13 13.5 217.3295399426428 0.008129284795103331
60 120 -0.95 -0.9 13.5 14 206.9362973613302 0.00767900567518609
60 120 -0.95 -0.9 14 14.5 197.2659734756931 0.00726581181623942
60 120 -0.95 -0.9 14.5 15 188.2516762407801 0.006882385488381715
60 120 -0.95 -0.9 15 16 351.7974396355129 0.0127259014383867
60 120 -0.95 -0.9 16 17 322.2601833588266 0.0114985346151002
60 120 -0.95 -0.9 17 18 296.218888500649 0.0104277740776979
60 120 -0.95 -0.9 18 19 273.132741387006 0.009485009335094219
60 120 -0.95 -0.9 19 20 252.5675508053 0.008649983315820009
60 120 -0.95 -0.9 20 21 234.1658951257192 0.007907921382695804
60 120 -0.95 -0.9 21 22 217.6240810633675 0.01011897450592869
60 120 -0.95 -0.9 22 23 202.696069048095 0.008576125916192723
60 120 -0.95 -0.9 23 24 189.177857113609 0.00715540031885098
60 120 -0.95 -0.9 24 25 176.8983279051669 0.006289845225410318
60 120 -0.95 -0.9 25 26 165.7060767601635 0.005485139147509699
60 120 -0.95 -0.9 26 27 155.4736073722132 0.004821133572960434
60 120 -0.95 -0.9 27 28 146.0939155029964 0.004463594902404111
60 120 -0.95 -0.9 28 29 137.4760695982609 0.00413774184235649
60 120 -0.95 -0.9 29 30 129.5406240688359 0.003839608454171639
60 120 -0.95 -0.9 30 31 122.2150261602161 0.003567324766407864
60 120 -0.95 -0.9 31 32 115.4374577585429 0.003317689644120492
60 120 -0.95 -0.9 32 33 109.1548253644323 0.00308829607867267
60 120 -0.95 -0.9 33 34 103.3209967025008 0.002877217995717274
60 120 -0.95 -0.9 34 35 97.89538530512347 0.002683265268416335
60 120 -0.95 -0.9 35 36 92.84076286519604 0.00250485716968285
60 120 -0.95 -0.9 36 37 88.12308647597085 0.002340029539027455
60 120 -0.95 -0.9 37 38 83.71348095496884 0.002187216640109568
60 120 -0.95 -0.9 38 39 79.58623516901402 0.002045780516752416
60 120 -0.95 -0.9 39 40 75.71865103909386 0.001914634926862391
60 120 -0.95 -0.9 40 42 140.7725741151272 0.006245700525028042
60 120 -0.95 -0.9 42 44 127.9349303931591 0.005070081355825096
60 120 -0.95 -0.9 44 46 116.5422700291998 0.003915347436233674
60 120 -0.95 -0.9 46 48 106.3947435116185 0.002957624837861772
60 120 -0.95 -0.9 48 50 97.32542663650372 0.00243953637087202
60 120 -0.95 -0.9 50 52 89.19118188065086 0.001874392749684262
60 120 -0.95 -0.9 52 54 81.87450213005229 0.00166814320107278
60 120 -0.95 -0.9 54 56 75.27710194097105 0.001487645315151553
60 120 -0.95 -0.9 56 58 69.31349096719227 0.001329355956272593
60 120 -0.95 -0.9 58 60 63.90944088529909 0.001190397325281367
60 120 -0.95 -0.9 60 65 139.261505984505 0.002472069294583434
60 120 -0.95 -0.9 65 70 114.8717426690371 0.004821636874638102
60 120 -0.95 -0.9 70 80 175.009643712365 0.002662515288221812
60 120 -0.95 -0.9 80 90 123.2692970738739 0.001687773007262194
60 120 -0.95 -0.9 90 100 88.5046051419518 0.001109984637650996
60 120 -0.9 -0.85 0 0.5 -0.7936305663128503 1.891989182456477e-05
60 120 -0.9 -0.85 0.5 1 -1024.485197426849 0.03252481095296389
60 120 -0.9 -0.85 1 1.5 69.42958370495083 0.001449323084756315
60 120 -0.9 -0.85 1.5 2 750.3160940555513 0.009837173596224602
60 120 -0.9 -0.85 2 2.5 887.5427466183527 0.007827341288589196
60 120 -0.9 -0.85 2.5 3 880.2703870924447 0.002260296118834049
60 120 -0.9 -0.85 3 3.5 830.0443130588516 0.04024321841097844
60 120 -0.9 -0.85 3.5 4 769.1333188268536 0.03607733641911182
60 120 -0.9 -0.85 4 4.5 708.4513514260409 0.03239038090657687
60 120 -0.9 -0.85 4.5 5 651.8771396325565 0.02918646336775055
60 120 -0.9 -0.85 5 5.5 600.5323416148689 0.02640481991602428
60 120 -0.9 -0.85 5.5 6 554.356840238279 0.02398973192953235
60 120 -0.9 -0.85 6 6.5 512.99496226717 0.02188674801948309
60 120 -0.9 -0.85 6.5 7 475.9687067524644 0.02004851220209503
60 120 -0.9 -0.85 7 7.5 442.7705710794718 0.0184314713098388
60 120 -0.9 -0.85 7.5 8 412.9066857112317 0.01699702425412397
60 120 -0.9 -0.85 8 8.5 385.974186574319 0.01571802173333481
60 120 -0.9 -0.85 8.5 9 361.6136905569185 0.01457922589855798
60 120 -0.9 -0.85 9 9.5 339.5171778629156 0.01355644343402673
60 120 -0.9 -0.85 9.5 10 319.4041151215694 0.01263423568860844
60 120 -0.9 -0.85 10 10.5 301.0391513100934 0.01450519981528942
60 120 -0.9 -0.85 10.5 11 284.2252280359337 0.0123279967967278
60 120 -0.9 -0.85 11 11.5 268.7909057524199 0.01062277033042847
60 120 -0.9 -0.85 11.5 12 254.5892598663437 0.009727096166301408
60 120 -0.9 -0.85 12 12.5 241.4896996058139 0.009159025463361559
60 120 -0.9 -0.85 12.5 13 229.3756702731684 0.008637542948434884
60 120 -0.9 -0.85 13 13.5 218.1479099079343 0.008156291751902245
60 120 -0.9 -0.85 13.5 14 207.7213389216222 0.007711617470761212
60 120 -0.9 -0.85 14 14.5 198.019150106893 0.007297389227716167
60 120 -0.9 -0.85 14.5 15 188.9760065084688 0.006912488703278541
60 120 -0.9 -0.85 15 16 353.1701108236158 0.01277424374097791
60 120 -0.9 -0.85 16 17 323.5316167608125 0.01153140367063088
60 120 -0.9 -0.85 17 18 297.3985140251286 0.01044892464449276
60 120 -0.9 -0.85 18 19 274.2330576492129 0.009502072325858535
60 120 -0.9 -0.85 19 20 253.6006723676239 0.008669177821218454
60 120 -0.9 -0.85 20 21 235.1316041905109 0.007929188098927398
60 120 -0.9 -0.85 21 22 218.5279925059159 0.01025672883901052
60 120 -0.9 -0.85 22 23 203.5453574795674 0.008365715736431412
60 120 -0.9 -0.85 23 24 189.9806337937896 0.007341284615989707
60 120 -0.9 -0.85 24 25 177.6546519002615 0.006451286234323561
60 120 -0.9 -0.85 25 26 166.4173843399029 0.005528715371042381
60 120 -0.9 -0.85 26 27 156.1441777870116 0.004833247379536942
60 120 -0.9 -0.85 27 28 146.7294243491216 0.004475037351312494
60 120 -0.9 -0.85 28 29 138.0801223188566 0.004148669517888948
60 120 -0.9 -0.85 29 30 130.1125980474187 0.003850344347256396
60 120 -0.9 -0.85 30 31 122.756165494044 0.003577286710509497
60 120 -0.9 -0.85 31 32 115.9504077272368 0.00332696234950447
60 120 -0.9 -0.85 32 33 109.6427864569464 0.003096956788084526
60 120 -0.9 -0.85 33 34 103.7867632903628 0.002885531921094753
60 120 -0.9 -0.85 34 35 98.33935268598097 0.002690948087732181
60 120 -0.9 -0.85 35 36 93.26250170409855 0.002511786796119964
60 120 -0.9 -0.85 36 37 88.52427915235279 0.002345688160829695
60 120 -0.9 -0.85 37 38 84.09569254016505 0.002192238239729249
60 120 -0.9 -0.85 38 39 79.95161558518194 0.002050655227023412
60 120 -0.9 -0.85 39 40 76.06867865927222 0.001919894032226921
60 120 -0.9 -0.85 40 42 141.4268126818107 0.006505816263086217
60 120 -0.9 -0.85 42 44 128.5312524891602 0.005077799508001135
60 120 -0.9 -0.85 44 46 117.0891717574723 0.003827552522778888
60 120 -0.9 -0.85 46 48 106.8987204590823 0.003158984964969136
60 120 -0.9 -0.85 48 50 97.78796639875569 0.002390351807790125
60 120 -0.9 -0.85 50 52 89.6165054741768 0.00187894516528786
60 120 -0.9 -0.85 52 54 82.26788742619397 0.001672191968026482
60 120 -0.9 -0.85 54 56 75.64107254932038 0.001491230615613404
60 120 -0.9 -0.85 56 58 69.64915498310427 0.001332533786978729
60 120 -0.9 -0.85 58 60 64.21937094569908 0.001193141039522061
60 120 -0.9 -0.85 60 65 139.9432756606472 0.002477534050143504
60 120 -0.9 -0.85 65 70 115.4362928470721 0.005438898490325528
60 120 -0.9 -0.85 70 80 175.8784759890314 0.002667574483496082
60 120 -0.9 -0.85 80 90 123.8862639945052 0.001690559895166643
60 120 -0.9 -0.85 90 100 88.95031712830941 0.001111518153223301
60 120 -0.85 -0.8 0 0.5 -0.7980175539011634 1.906966954423606e-05
60 120 -0.85 -0.8 0.5 1 -1035.510302192543 0.03463051988615007
60 120 -0.85 -0.8 1 1.5 61.84127219044658 0.00058116958302179
60 120 -0.85 -0.8 1.5 2 748.4258225589324 0.006293280304475957
60 120 -0.85 -0.8 2 2.5 887.7197852322768 0.003825769986406158
60 120 -0.85 -0.8 2.5 3 881.2642235167092 0.002460478255670751
60 120 -0.85 -0.8 3 3.5 831.4460790069955 0.04006968627516017
60 120 -0.85 -0.8 3.5 4 770.6939597196344 0.03595286788890917
60 120 -0.85 -0.8 4 4.5 710.0551160809907 0.0323003020437227
60 120 -0.85 -0.8 4.5 5 653.5037020049004 0.02912511169188292
60 120 -0.85 -0.8 5 5.5 602.1141193344533 0.02637205036364776
60 120 -0.85 -0.8 5.5 6 555.8771913373798 0.0239727340178888
60 120 -0.85 -0.8 6 6.5 514.4589854850657 0.02188038769224931
60 120 -0.85 -0.8 6.5 7 477.3808486614888 0.02004587231903088
60 120 -0.85 -0.8 7 7.5 444.1080091785412 0.01842631975824816
60 120 -0.85 -0.8 7.5 8 414.1803082729721 0.01699713390104307
60 120 -0.85 -0.8 8 8.5 387.1893868637189 0.01572483803488467
60 120 -0.85 -0.8 8.5 9 362.7791759816943 0.01459112774119831
60 120 -0.85 -0.8 9 9.5 340.6292569852587 0.01357457147315699
60 120 -0.85 -0.8 9.5 10 320.4613058024337 0.01265588304039511
60 120 -0.85 -0.8 10 10.5 302.0479194376907 0.01427899107937947
60 120 -0.85 -0.8 10.5 11 285.1889957803883 0.01238891978726997
60 120 -0.85 -0.8 11 11.5 269.7150452444845 0.01065957595892542
60 120 -0.85 -0.8 11.5 12 255.4764977059653 0.009754518345914676
60 120 -0.85 -0.8 12 12.5 242.3385909203342 0.009179976384700694
60 120 -0.85 -0.8 12.5 13 230.1876225077025 0.008650687273529911
60 120 -0.85 -0.8 13 13.5 218.9263952472607 0.008163507578075269
60 120 -0.85 -0.8 13.5 14 208.4673476748373 0.007714957666877353
60 120 -0.85 -0.8 14 14.5 198.7373886472454 0.007301308718496102
60 120 -0.85 -0.8 14.5 15 189.6691087398576 0.006919445139828895
60 120 -0.85 -0.8 15 16 354.4777960551206 0.01280295032319145
60 120 -0.85 -0.8 16 17 324.7400416574427 0.01157223737948243
60 120 -0.85 -0.8 17 18 298.5205853481126 0.01049067985707097
60 120 -0.85 -0.8 18 19 275.2844623445386 0.009534492458726618
60 120 -0.85 -0.8 19 20 254.5810098692252 0.00869150198417401
60 120 -0.85 -0.8 20 21 236.0460266174248 0.00794557839228105
60 120 -0.85 -0.8 21 22 219.3849561037057 0.00977943905002121
60 120 -0.85 -0.8 22 23 204.3548501526624 0.008699060779207457
60 120 -0.85 -0.8 23 24 190.7422119399902 0.007544006064819087
60 120 -0.85 -0.8 24 25 178.369869599248 0.006398364500654452
60 120 -0.85 -0.8 25 26 167.0912642450199 0.005343059846637743
60 120 -0.85 -0.8 26 27 156.7830633996236 0.004846166903519133
60 120 -0.85 -0.8 27 28 147.3360460047529 0.0044865060281154
60 120 -0.85 -0.8 28 29 138.6534760222511 0.004158757875956098
60 120 -0.85 -0.8 29 30 130.6543536266097 0.003859989489455984
60 120 -0.85 -0.8 30 31 123.2695098395057 0.003586129454404841
60 120 -0.85 -0.8 31 32 116.4391233541446 0.003335241562581359
60 120 -0.85 -0.8 32 33 110.1089269705229 0.003104814626340158
60 120 -0.85 -0.8 33 34 104.229811518991 0.002892941750417322
60 120 -0.85 -0.8 34 35 98.75962100601902 0.002697554827761905
60 120 -0.85 -0.8 35 36 93.66232969766897 0.002517741878634183
60 120 -0.85 -0.8 36 37 88.90546779914078 0.002351518700137945
60 120 -0.85 -0.8 37 38 84.46059599968696 0.002197939226377343
60 120 -0.85 -0.8 38 39 80.30071440660208 0.002056170113405642
60 120 -0.85 -0.8 39 40 76.40164883944293 0.001924880160331099
60 120 -0.85 -0.8 40 42 142.047121669921 0.006438918561116225
60 120 -0.85 -0.8 42 44 129.0986717384647 0.004877543548843732
60 120 -0.85 -0.8 44 46 117.6111204491011 0.004050878533902846
60 120 -0.85 -0.8 46 48 107.3766851166007 0.003142975785237923
60 120 -0.85 -0.8 48 50 98.22653518266827 0.002287432207921825
60 120 -0.85 -0.8 50 52 90.02181541091174 0.001883375519341257
60 120 -0.85 -0.8 52 54 82.64242539806685 0.001675826985618301
60 120 -0.85 -0.8 54 56 75.98590095431175 0.001494452805147262
60 120 -0.85 -0.8 56 58 69.96750898194064 0.001335344334336241
60 120 -0.85 -0.8 58 60 64.51506997622946 0.001195703878437371
60 120 -0.85 -0.8 60 65 140.590490710758 0.002482599992191581
60 120 -0.85 -0.8 65 70 115.9743009766716 0.005082981146784959
60 120 -0.85 -0.8 70 80 176.7037723923301 0.00267234921196291
60 120 -0.85 -0.8 80 90 124.4720486652124 0.001693210527321298
60 120 -0.85 -0.8 90 100 89.37305703626735 0.001112988567498974
60 120 -0.8 -0.75 0 0.5 -0.8016137755140392 1.89764187479291e-05
60 120 -0.8 -0.75 0.5 1 -1045.825324500976 0.02534339006524533
60 120 -0.8 -0.75 1 1.5 54.77307106754087 0.0001544932887327377
60 120 -0.8 -0.75 1.5 2 746.6891695788072 0.007860936396241414
60 120 -0.8 -0.75 2 2.5 887.9500856839215 0.004659466179759875
60 120 -0.8 -0.75 2.5 3 882.2462668299937 0.001958121738539376
60 120 -0.8 -0.75 3 3.5 832.8185656961912 0.04058078819207367
60 120 -0.8 -0.75 3.5 4 772.1708456062383 0.03635821253806171
60 120 -0.8 -0.75 4 4.5 711.5767543408846 0.03262821026658003
60 120 -0.8 -0.75 4.5 5 655.037865137032 0.02936636262916181
60 120 -0.8 -0.75 5 5.5 603.5935509821088 0.02653589033582193
60 120 -0.8 -0.75 5.5 6 557.3102297708082 0.02409100707052403
60 120 -0.8 -0.75 6 6.5 515.8509113103331 0.02196646296772542
60 120 -0.8 -0.75 6.5 7 478.7097215780648 0.02010925704576039
60 120 -0.8 -0.75 7 7.5 445.3720268418967 0.01847452418115836
60 120 -0.8 -0.75 7.5 8 415.3861007454456 0.01702944459452738
60 120 -0.8 -0.75 8 8.5 388.3442941258651 0.0157465011432123
60 120 -0.8 -0.75 8.5 9 363.8832872670724 0.01460137206743184
60 120 -0.8 -0.75 9 9.5 341.6777736165405 0.01357415775004256
60 120 -0.8 -0.75 9.5 10 321.4611302605318 0.01265129136220366
60 120 -0.8 -0.75 10 10.5 303.001222642006 0.01431279513008121
60 120 -0.8 -0.75 10.5 11 286.1024429537676 0.01212587749643035
60 120 -0.8 -0.75 11 11.5 270.5926135914601 0.01106975569945234
60 120 -0.8 -0.75 11.5 12 256.3147971464018 0.009752854630960428
60 120 -0.8 -0.75 12 12.5 243.1396163258356 0.009179662081209017
60 120 -0.8 -0.75 12.5 13 230.9545580230086 0.008651156171708863
60 120 -0.8 -0.75 13 13.5 219.6608358495824 0.008166088077359746
60 120 -0.8 -0.75 13.5 14 209.1753493145737 0.007718371294856752
60 120 -0.8 -0.75 14 14.5 199.4202837983051 0.007305972111765868
60 120 -0.8 -0.75 14.5 15 190.3252306083714 0.006923299402046723
60 120 -0.8 -0.75 15 16 355.712154044546 0.01280380935583025
60 120 -0.8 -0.75 16 17 325.8821830756588 0.01156776278537563
60 120 -0.8 -0.75 17 18 299.5890559983845 0.01049112832146193
60 120 -0.8 -0.75 18 19 276.2805059448133 0.009549322773466429
60 120 -0.8 -0.75 19 20 255.5073596837175 0.00871651701919518
60 120 -0.8 -0.75 20 21 236.9120726238529 0.01175592712419871
60 120 -0.8 -0.75 21 22 220.2015270601034 0.01030952571892385
60 120 -0.8 -0.75 22 23 205.1210848907331 0.008815917684131591
60 120 -0.8 -0.75 23 24 191.4597819460509 0.007432812694332824
60 120 -0.8 -0.75 24 25 179.0447025670813 0.006222565758463361
60 120 -0.8 -0.75 25 26 167.7306523620716 0.005439427508605377
60 120 -0.8 -0.75 26 27 157.3891597288514 0.004871877523981993
60 120 -0.8 -0.75 27 28 147.907747691236 0.004498131219719426
60 120 -0.8 -0.75 28 29 139.1933653446722 0.00416975155047794
60 120 -0.8 -0.75 29 30 131.1662265682621 0.003869749622168683
60 120 -0.8 -0.75 30 31 123.7574411695167 0.003595004209145714
60 120 -0.8 -0.75 31 32 116.9036010893578 0.003343224603824524
60 120 -0.8 -0.75 32 33 110.5492541661882 0.003112149213436055
60 120 -0.8 -0.75 33 34 104.6474025612356 0.002900072468861481
60 120 -0.8 -0.75 34 35 99.15690627498682 0.002704289898474599
60 120 -0.8 -0.75 35 36 94.04161275419615 0.002523881212752599
60 120 -0.8 -0.75 36 37 89.26841627302611 0.002357392357609456
60 120 -0.8 -0.75 37 38 84.80679403857614 0.002203327078362349
60 120 -0.8 -0.75 38 39 80.63034688923804 0.00206094615553809
60 120 -0.8 -0.75 39 40 76.71579497650906 0.001929015392050815
60 120 -0.8 -0.75 40 42 142.63452273631 0.006246260166818729
60 120 -0.8 -0.75 42 44 129.6383971923495 0.005188741441202183
60 120 -0.8 -0.75 44 46 118.1046313326907 0.004108615504563318
60 120 -0.8 -0.75 46 48 107.8285057118288 0.00300093889126174
60 120 -0.8 -0.75 48 50 98.64361523335573 0.002382288754162687
60 120 -0.8 -0.75 50 52 90.40630221971753 0.001887515210000856
60 120 -0.8 -0.75 52 54 82.99541965777345 0.001679444944869601
60 120 -0.8 -0.75 54 56 76.31174649213413 0.001497674375002589
60 120 -0.8 -0.75 56 58 70.27014761197182 0.001338298582680864
60 120 -0.8 -0.75 58 60 64.79499625118892 0.001198169735218357
60 120 -0.8 -0.75 60 65 141.2018936074822 0.002487492835683724
60 120 -0.8 -0.75 65 70 116.4838719495464 0.004741756119614138
60 120 -0.8 -0.75 70 80 177.4847089209369 0.002676937566747029
60 120 -0.8 -0.75 80 90 125.0265168323297 0.001695780535314384
60 120 -0.8 -0.75 90 100 89.77296951098823 0.001114381679798271
60 120 -0.75 -0.7 0 0.5 -0.8049067426964646 1.921266861271143e-05
60 120 -0.75 -0.7 0.5 1 -1055.534690610669 0.01984108894225756
60 120 -0.75 -0.7 1 1.5 48.10697416922346 0.0002077159977673659
60 120 -0.75 -0.7 1.5 2 745.0202854031664 0.003611919457853219
60 120 -0.75 -0.7 2 2.5 888.1628282225246 0.004604777626923351
60 120 -0.75 -0.7 2.5 3 883.1832529688628 0.003787520084642892
60 120 -0.75 -0.7 3 3.5 834.1179829247125 0.04163024032334306
60 120 -0.75 -0.7 3.5 4 773.569923164054 0.03717518655139429
60 120 -0.75 -0.7 4 4.5 713.033868865114 0.03333417569729136
60 120 -0.75 -0.7 4.5 5 656.4744047343677 0.03002190461461396
60 120 -0.75 -0.7 5 5.5 604.9837614741664 0.0271643128174901
60 120 -0.75 -0.7 5.5 6 558.6576183185018 0.02466627294495538
60 120 -0.75 -0.7 6 6.5 517.1518059130744 0.02247968617825791
60 120 -0.75 -0.7 6.5 7 479.9462439506545 0.02056402962523407
60 120 -0.75 -0.7 7 7.5 446.5534125534132 0.01887957426248477
60 120 -0.75 -0.7 7.5 8 416.5178113234405 0.01739460355440769
60 120 -0.75 -0.7 8 8.5 389.4322088907157 0.0160739003685535
60 120 -0.75 -0.7 8.5 9 364.918072990735 0.01489605111049741
60 120 -0.75 -0.7 9 9.5 342.663034264307 0.01383937154975001
60 120 -0.75 -0.7 9.5 10 322.3994059455686 0.0128888328642347
60 120 -0.75 -0.7 10 10.5 303.9004996486897 0.014101081833644
60 120 -0.75 -0.7 10.5 11 286.9669901425896 0.01282634439718322
60 120 -0.75 -0.7 11 11.5 271.4168803788743 0.01084469932357024
60 120 -0.75 -0.7 11.5 12 257.101945628112 0.009894043293229515
60 120 -0.75 -0.7 12 12.5 243.8918227687081 0.009303897127637129
60 120 -0.75 -0.7 12.5 13 231.6752171204564 0.008762979969503704
60 120 -0.75 -0.7 13 13.5 220.35634162621 0.008264079572029459
60 120 -0.75 -0.7 13.5 14 209.8452181559098 0.007806426717337445
60 120 -0.75 -0.7 14 14.5 200.062583813771 0.007382912416119325
60 120 -0.75 -0.7 14.5 15 190.9406393189014 0.006990852635993861
60 120 -0.75 -0.7 15 16 356.8710305447437 0.01291166440705638
60 120 -0.75 -0.7 16 17 326.9626495086944 0.01164561890368532
60 120 -0.75 -0.7 17 18 300.5968888402126 0.01054538205846711
60 120 -0.75 -0.7 18 19 277.2156246591455 0.009581891108609852
60 120 -0.75 -0.7 19 20 256.3798161808186 0.008732540946709832
60 120 -0.75 -0.7 20 21 237.7339309851401 0.007980894967403174
60 120 -0.75 -0.7 21 22 220.9721088507192 0.01039738275821378
60 120 -0.75 -0.7 22 23 205.8412088310977 0.008749081519994206
60 120 -0.75 -0.7 23 24 192.1361566037936 0.007290733826891937
60 120 -0.75 -0.7 24 25 179.6849183167012 0.006321797763945369
60 120 -0.75 -0.7 25 26 168.3359775057004 0.005668744087415689
60 120 -0.75 -0.7 26 27 157.958353381331 0.004864655829123876
60 120 -0.75 -0.7 27 28 148.4445492431112 0.004504658142849394
60 120 -0.75 -0.7 28 29 139.7021449539706 0.004177117602495173
60 120 -0.75 -0.7 29 30 131.6509463598307 0.003877881297114527
60 120 -0.75 -0.7 30 31 124.2172980127312 0.003603464411696677
60 120 -0.75 -0.7 31 32 117.3388978706027 0.003351817958886727
60 120 -0.75 -0.7 32 33 110.9621819629278 0.003120036133154258
60 120 -0.75 -0.7 33 34 105.0405833496599 0.002906726173051766
60 120 -0.75 -0.7 34 35 99.53282107404036 0.002710525189527857
60 120 -0.75 -0.7 35 36 94.40059473062516 0.002529389490703693
60 120 -0.75 -0.7 36 37 89.60999599190265 0.002362399108108093
60 120 -0.75 -0.7 37 38 85.13180930329951 0.002208362781544793
60 120 -0.75 -0.7 38 39 80.94007291926336 0.002065595557269262
60 120 -0.75 -0.7 39 40 77.01208155867285 0.00193344542319096
60 120 -0.75 -0.7 40 42 143.1905538833514 0.006605010874920936
60 120 -0.75 -0.7 42 44 130.1459814334592 0.005255454170367102
60 120 -0.75 -0.7 44 46 118.5683434516582 0.003853148905690773
60 120 -0.75 -0.7 46 48 108.2564998666366 0.003142557480515507
60 120 -0.75 -0.7 48 50 99.03743185631608 0.002499095918494731
60 120 -0.75 -0.7 50 52 90.76714762853639 0.001891490733129331
60 120 -0.75 -0.7 52 54 83.3286880322128 0.001683112568670708
60 120 -0.75 -0.7 54 56 76.62077764525789 0.001500639864772779
60 120 -0.75 -0.7 56 58 70.55465657340304 0.001340843310941864
60 120 -0.75 -0.7 58 60 65.05721841787789 0.001200416442145524
60 120 -0.75 -0.7 60 65 141.7801914069807 0.002492222746241168
60 120 -0.75 -0.7 65 70 116.9624589023154 0.005441415181621778
60 120 -0.75 -0.7 70 80 178.2211779705474 0.002681241256453859
60 120 -0.75 -0.7 80 90 125.5487013646598 0.001698113600966167
60 120 -0.75 -0.7 90 100 90.14922605726804 0.001115701972693728
60 120 -0.7 -0.65 0 0.5 -0.8083318330435064 1.821302467974739e-05
60 120 -0.7 -0.65 0.5 1 -1064.786980079287 0.01476591133427974
60 120 -0.7 -0.65 1 1.5 41.6981815587074 0.001567387025389166
60 120 -0.7 -0.65 1.5 2 743.3787639457929 0.005060659618379759
60 120 -0.7 -0.65 2 2.5 888.2754110690687 0.003430155034152449
60 120 -0.7 -0.65 2.5 3 884.0405108726445 0.04366474958123945
60 120 -0.7 -0.65 3 3.5 835.2902044011232 0.03964306614568613
60 120 -0.7 -0.65 3.5 4 774.8671404569689 0.03572931421763315
60 120 -0.7 -0.65 4 4.5 714.3973597851542 0.0321186814627481
60 120 -0.7 -0.65 4.5 5 657.8103028521948 0.02896039278550688
60 120 -0.7 -0.65 5 5.5 606.2855088230574 0.02625008488962521
60 120 -0.7 -0.65 5.5 6 559.9279712423869 0.02390916481704153
60 120 -0.7 -0.65 6 6.5 518.3626125890296 0.02186313142385643
60 120 -0.7 -0.65 6.5 7 481.0989368257231 0.02007012661681529
60 120 -0.7 -0.65 7 7.5 447.6536123967734 0.01847916865506249
60 120 -0.7 -0.65 7.5 8 417.5777283656333 0.01706069760263063
60 120 -0.7 -0.65 8 8.5 390.4408485894856 0.01579769781432105
60 120 -0.7 -0.65 8.5 9 365.877374804169 0.01466689298848678
60 120 -0.7 -0.65 9 9.5 343.5770222271069 0.01365228527322415
60 120 -0.7 -0.65 9.5 10 323.2770442811962 0.01273832177696477
60 120 -0.7 -0.65 10 10.5 304.7455273971847 0.0146518568102465
60 120 -0.7 -0.65 10.5 11 287.7727466029324 0.01258328352247418
60 120 -0.7 -0.65 11 11.5 272.1860218859551 0.01111290131905207
60 120 -0.7 -0.65 11.5 12 257.8361654083071 0.00984679263643784
60 120 -0.7 -0.65 12 12.5 244.5963279540355 0.009271915889598858
60 120 -0.7 -0.65 12.5 13 232.3556738824227 0.008743280827474109
60 120 -0.7 -0.65 13 13.5 221.0103376705848 0.00825595291053105
60 120 -0.7 -0.65 13.5 14 210.4712415494192 0.007806127661496021
60 120 -0.7 -0.65 14 14.5 200.6617427317518 0.007389243655381961
60 120 -0.7 -0.65 14.5 15 191.515683189442 0.00700340508032582
60 120 -0.7 -0.65 15 16 357.9599851355338 0.01295649355205342
60 120 -0.7 -0.65 16 17 327.9796019184873 0.01170853981193432
60 120 -0.7 -0.65 17 18 301.5377287368666 0.0106177466795998
60 120 -0.7 -0.65 18 19 278.0906862679831 0.009654700167345709
60 120 -0.7 -0.65 19 20 257.2032877864621 0.00880168546564164
60 120 -0.7 -0.65 20 21 238.505227708681 0.008044581017003338
60 120 -0.7 -0.65 21 22 221.6913958928093 0.01041194582410299
60 120 -0.7 -0.65 22 23 206.5161966102563 0.00851571750331459
60 120 -0.7 -0.65 23 24 192.7749567612464 0.007426998839974885
60 120 -0.7 -0.65 24 25 180.2877068751571 0.006579107679243634
60 120 -0.7 -0.65 25 26 168.9018896072531 0.00561082168863436
60 120 -0.7 -0.65 26 27 158.4917641822875 0.004886252424341819
60 120 -0.7 -0.65 27 28 148.9503616726316 0.004521012124428125
60 120 -0.7 -0.65 28 29 140.1831644531903 0.0041884751476573
60 120 -0.7 -0.65 29 30 132.1056543768319 0.003884944205481133
60 120 -0.7 -0.65 30 31 124.6470315263093 0.003608169928497773
60 120 -0.7 -0.65 31 32 117.7461182501576 0.003355435975279875
60 120 -0.7 -0.65 32 33 111.3501789064902 0.003124039621965835
60 120 -0.7 -0.65 33 34 105.4111761607869 0.002911664486859422
60 120 -0.7 -0.65 34 35 99.88553458269446 0.002715441446468958
60 120 -0.7 -0.65 35 36 94.73561808972686 0.002534550099014155
60 120 -0.7 -0.65 36 37 89.92865816371067 0.002367680852017884
60 120 -0.7 -0.65 37 38 85.4360754522592 0.002213155942598632
60 120 -0.7 -0.65 38 39 81.23171680687662 0.002070096448790082
60 120 -0.7 -0.65 39 40 77.29139172276383 0.00193758266080124
60 120 -0.7 -0.65 40 42 143.7109849019498 0.006636623425578136
60 120 -0.7 -0.65 42 44 130.6201949767394 0.004933611263879811
60 120 -0.7 -0.65 44 46 119.0056421967718 0.004080907476563311
60 120 -0.7 -0.65 46 48 108.6578396137182 0.003262850068040279
60 120 -0.7 -0.65 48 50 99.40455234008668 0.002324998729676508
60 120 -0.7 -0.65 50 52 91.10666666772832 0.001895066981546734
60 120 -0.7 -0.65 52 54 83.6427670903785 0.001686105586443887
60 120 -0.7 -0.65 54 56 76.90895713422898 0.0015034087951733
60 120 -0.7 -0.65 56 58 70.82082368951373 0.001343378781186289
60 120 -0.7 -0.65 58 60 65.30499818319633 0.001202695281136812
60 120 -0.7 -0.65 60 65 142.320872009175 0.002496651989332577
60 120 -0.7 -0.65 65 70 117.4129360892327 0.004655790700297757
60 120 -0.7 -0.65 70 80 178.9110066074926 0.002685287286738003
60 120 -0.7 -0.65 80 90 126.0381144587949 0.001700364915706132
60 120 -0.7 -0.65 90 100 90.50157118387207 0.00111691685965809
60 120 -0.65 -0.6 0 0.5 -0.812007526724662 1.853905151183444e-05
60 120 -0.65 -0.6 0.5 1 -1073.64415357492 0.02442535111708821
60 120 -0.65 -0.6 1 1.5 35.60283512823509 0.0004061292987245224
60 120 -0.65 -0.6 1.5 2 741.8228813827866 0.02363227701880533
60 120 -0.65 -0.6 2 2.5 888.3210873801623 0.00322119138729704
60 120 -0.65 -0.6 2.5 3 884.8348308029196 0.0006955580054182064
60 120 -0.65 -0.6 3 3.5 836.3609625590926 0.04074326488148472
60 120 -0.65 -0.6 3.5 4 776.081897592151 0.03653093896161863
60 120 -0.65 -0.6 4 4.5 715.6578607640892 0.03285811786452086
60 120 -0.65 -0.6 4.5 5 659.0539245174123 0.02963631386649013
60 120 -0.65 -0.6 5 5.5 607.5090731336569 0.02679421034588358
60 120 -0.65 -0.6 5.5 6 561.1168867052793 0.02429961499422006
60 120 -0.65 -0.6 6 6.5 519.4947232517268 0.02213701590778783
60 120 -0.65 -0.6 6.5 7 482.1780424371112 0.02026355362573895
60 120 -0.65 -0.6 7 7.5 448.6945843735674 0.0186275654194219
60 120 -0.65 -0.6 7.5 8 418.5712148156203 0.01718021270664849
60 120 -0.65 -0.6 8 8.5 391.3819199549432 0.01589292805840614
60 120 -0.65 -0.6 8.5 9 366.7707402558506 0.01474588021460477
60 120 -0.65 -0.6 9 9.5 344.4328256983301 0.01371223375025465
60 120 -0.65 -0.6 9.5 10 324.100327400574 0.01277715336749452
60 120 -0.65 -0.6 10 10.5 305.5295491971543 0.01476771091455475
60 120 -0.65 -0.6 10.5 11 288.5190783000487 0.01267817383228476
60 120 -0.65 -0.6 11 11.5 272.8982722891784 0.01078828173291413
60 120 -0.65 -0.6 11.5 12 258.5212180153858 0.009839105734499753
60 120 -0.65 -0.6 12 12.5 245.2587125431083 0.009258669249931017
60 120 -0.65 -0.6 12.5 13 232.9912527040637 0.008726151125586057
60 120 -0.65 -0.6 13 13.5 221.6180431405521 0.00823665888893288
60 120 -0.65 -0.6 13.5 14 211.0525887726262 0.007784832475209669
60 120 -0.65 -0.6 14 14.5 201.2197917417633 0.007366781182554405
60 120 -0.65 -0.6 14.5 15 192.0541121212887 0.0069796954143726
60 120 -0.65 -0.6 15 16 358.9843574307827 0.01290533261646942
60 120 -0.65 -0.6 16 17 328.9250313355358 0.01165652796009908
60 120 -0.65 -0.6 17 18 302.4141618938585 0.01056825408414852
60 120 -0.65 -0.6 18 19 278.9137042461229 0.009614190108550247
60 120 -0.65 -0.6 19 20 257.9730861495461 0.008772431321347085
60 120 -0.65 -0.6 20 21 239.2213034205465 0.008026192369328555
60 120 -0.65 -0.6 21 22 222.3621491978734 0.009970170809850742
60 120 -0.65 -0.6 22 23 207.1505286230596 0.008813551137365039
60 120 -0.65 -0.6 23 24 193.3717577107648 0.007630367386383341
60 120 -0.65 -0.6 24 25 180.8472710792697 0.006526703800716405
60 120 -0.65 -0.6 25 26 169.4289233303597 0.00538365800309748
60 120 -0.65 -0.6 26 27 158.9920339031117 0.004901997003571523
60 120 -0.65 -0.6 27 28 149.4250218291369 0.004539844398067316
60 120 -0.65 -0.6 28 29 140.6309220237823 0.004208941483682338
60 120 -0.65 -0.6 29 30 132.5284129621678 0.003905869299956066
60 120 -0.65 -0.6 30 31 125.0478858904024 0.003627737629955163
60 120 -0.65 -0.6 31 32 118.1284287626043 0.003371602647547434
60 120 -0.65 -0.6 32 33 111.7143813215002 0.003136606314441792
60 120 -0.65 -0.6 33 34 105.7565255356077 0.002920868558433654
60 120 -0.65 -0.6 34 35 100.2129091915466 0.002722572527503075
60 120 -0.65 -0.6 35 36 95.04711204782504 0.002539962069661783
60 120 -0.65 -0.6 36 37 90.22674280880022 0.002371883547695575
60 120 -0.65 -0.6 37 38 85.72145005439505 0.002216835301311448
60 120 -0.65 -0.6 38 39 81.50390423162757 0.002073190915851342
60 120 -0.65 -0.6 39 40 77.55016850154524 0.001940646073791186
60 120 -0.65 -0.6 40 42 144.1935473338652 0.006298069834798525
60 120 -0.65 -0.6 42 44 131.0650921486341 0.005259922203947553
60 120 -0.65 -0.6 44 46 119.4129811291758 0.004208250898855681
60 120 -0.65 -0.6 46 48 109.0300044669094 0.003028061694152484
60 120 -0.65 -0.6 48 50 99.7490130165498 0.002479665593185132
60 120 -0.65 -0.6 50 52 91.42393739678479 0.00193881741945745
60 120 -0.65 -0.6 52 54 83.93328786845476 0.00168906351505882
60 120 -0.65 -0.6 54 56 77.17808933749734 0.001506019672888215
60 120 -0.65 -0.6 56 58 71.07080430234249 0.0013456490716095
60 120 -0.65 -0.6 58 60 65.53525260498729 0.001204622016572898
60 120 -0.65 -0.6 60 65 142.8255424901894 0.002500718051891226
60 120 -0.65 -0.6 65 70 117.8312132522543 0.005223227962531496
60 120 -0.65 -0.6 70 80 179.5541338534049 0.002689115462800373
60 120 -0.65 -0.6 80 90 126.4940524220189 0.0017023907928575
60 120 -0.65 -0.6 90 100 90.82995018951034 0.001118052704171646
60 120 -0.6 -0.55 0 0.5 -0.8156535802965166 1.882538279229795e-05
60 120 -0.6 -0.55 0.5 1 -1081.899135440296 0.03900663313811492
60 120 -0.6 -0.55 1 1.5 30.03009017272622 0.000236443963519406
60 120 -0.6 -0.55 1.5 2 740.4604972748426 0.009077444807076063
60 120 -0.6 -0.55 2 2.5 888.4312550863791 0.003635665281194633
60 120 -0.6 -0.55 2.5 3 885.6125032848801 0.003138238692145023
60 120 -0.6 -0.55 3 3.5 837.3832783346752 0.04007874717910909
60 120 -0.6 -0.55 3.5 4 777.2454352793289 0.03599577441991642
60 120 -0.6 -0.55 4 4.5 716.8394164431287 0.03235168923902165
60 120 -0.6 -0.55 4.5 5 660.2236856423058 0.02919037970059435
60 120 -0.6 -0.55 5 5.5 608.669347638401 0.02647710165456374
60 120 -0.6 -0.55 5.5 6 562.2260042985897 0.02411484609012859
60 120 -0.6 -0.55 6 6.5 520.5515033020667 0.02203462115323873
60 120 -0.6 -0.55 6.5 7 483.1971643328848 0.02019070518969102
60 120 -0.6 -0.55 7 7.5 449.6742083862219 0.01854788677087527
60 120 -0.6 -0.55 7.5 8 419.4976009031597 0.01709888445924435
60 120 -0.6 -0.55 8 8.5 392.260098641682 0.01581755577689137
60 120 -0.6 -0.55 8.5 9 367.6112191913209 0.01468044251271294
60 120 -0.6 -0.55 9 9.5 345.2422234522082 0.01366569891342806
60 120 -0.6 -0.55 9.5 10 324.8684962079351 0.01274968409478561
60 120 -0.6 -0.55 10 10.5 306.2576637117197 0.01457954694046748
60 120 -0.6 -0.55 10.5 11 289.2122918024774 0.01231804280473625
60 120 -0.6 -0.55 11 11.5 273.5650744088662 0.01086304812457684
60 120 -0.6 -0.55 11.5 12 259.1641771159121 0.009848284115776096
60 120 -0.6 -0.55 12 12.5 245.8730017565842 0.0092704081233137
60 120 -0.6 -0.55 12.5 13 233.5766613057861 0.008740694046281305
60 120 -0.6 -0.55 13 13.5 222.1777145121894 0.008253066742412329
60 120 -0.6 -0.55 13.5 14 211.5905297680983 0.007802563564894172
60 120 -0.6 -0.55 14 14.5 201.7404665910571 0.007385828765137603
60 120 -0.6 -0.55 14.5 15 192.5576661190327 0.006999353158192889
60 120 -0.6 -0.55 15 16 359.9305243611399 0.01294876754570851
60 120 -0.6 -0.55 16 17 329.7992458634606 0.01170149171605317
60 120 -0.6 -0.55 17 18 303.2331747902407 0.01061142736585907
60 120 -0.6 -0.55 18 19 279.6793108976583 0.009652053122010784
60 120 -0.6 -0.55 19 20 258.6832826146752 0.008803613759994278
60 120 -0.6 -0.55 20 21 239.8852931932682 0.01193580261684701
60 120 -0.6 -0.55 21 22 222.9892677279628 0.01047163899451675
60 120 -0.6 -0.55 22 23 207.7387952162013 0.008937791024749231
60 120 -0.6 -0.55 23 24 193.9223269204735 0.007586783253969998
60 120 -0.6 -0.55 24 25 181.3653685728572 0.006273777648743817
60 120 -0.6 -0.55 25 26 169.920796382402 0.005619082960464539
60 120 -0.6 -0.55 26 27 159.4572747716669 0.004952813070246975
60 120 -0.6 -0.55 27 28 149.862855106591 0.004537690270183248
60 120 -0.6 -0.55 28 29 141.0438692603156 0.004206629130408146
60 120 -0.6 -0.55 29 30 132.920740996233 0.003904240615412391
60 120 -0.6 -0.55 30 31 125.4221254727605 0.003627448132561994
60 120 -0.6 -0.55 31 32 118.4836298047429 0.003374885724923615
60 120 -0.6 -0.55 32 33 112.0502655050638 0.003142900332889553
60 120 -0.6 -0.55 33 34 106.075034379001 0.00292892130347866
60 120 -0.6 -0.55 34 35 100.5170885262887 0.00273114675323427
60 120 -0.6 -0.55 35 36 95.3384446398349 0.002548452968611059
60 120 -0.6 -0.55 36 37 90.50432391043906 0.002379769044480895
60 120 -0.6 -0.55 37 38 85.98484846389017 0.002224108290832305
60 120 -0.6 -0.55 38 39 81.75403138489364 0.002080186598774958
60 120 -0.6 -0.55 39 40 77.78929715982594 0.001946633489211536
60 120 -0.6 -0.55 40 42 144.643628640172 0.006719523660194682
60 120 -0.6 -0.55 42 44 131.4755571562674 0.005283221811481553
60 120 -0.6 -0.55 44 46 119.7879302569945 0.00392302056965832
60 120 -0.6 -0.55 46 48 109.3772571748579 0.00330537831294464
60 120 -0.6 -0.55 48 50 100.0674850480328 0.002523525069065613
60 120 -0.6 -0.55 50 52 91.71574617508797 0.00190178178669953
60 120 -0.6 -0.55 52 54 84.20405744025884 0.001692097831039518
60 120 -0.6 -0.55 54 56 77.42832111179503 0.001508539954670596
60 120 -0.6 -0.55 56 58 71.30067296009193 0.001347767493257379
60 120 -0.6 -0.55 58 60 65.74840972315062 0.001206547372646583
60 120 -0.6 -0.55 60 65 143.2936320178065 0.002504391985240773
60 120 -0.6 -0.55 65 70 118.2191284434079 0.004961350956122601
60 120 -0.6 -0.55 70 80 180.1491238861217 0.00269258603989897
60 120 -0.6 -0.55 80 90 126.9157666584478 0.001704360088808698
60 120 -0.6 -0.55 90 100 91.13371027323915 0.001119208882641942
60 120 -0.55 -0.5 0 0.5 -0.8190088587065338 2.208711123397045e-05
60 120 -0.55 -0.5 0.5 1 -1089.254484729747 0.0381179164335208
60 120 -0.55 -0.5 1 1.5 24.99802244546344 0.0008252977462639421
60 120 -0.55 -0.5 1.5 2 739.2908914873599 0.008655116818204078
60 120 -0.55 -0.5 2 2.5 888.6198849214078 0.005639190405872796
60 120 -0.55 -0.5 2.5 3 886.3666141265961 0.004116646707984728
60 120 -0.55 -0.5 3 3.5 838.3689182993049 0.04077870135790818
60 120 -0.55 -0.5 3.5 4 778.3469944103226 0.03658617926146235
60 120 -0.55 -0.5 4 4.5 717.9452864107801 0.0328320436242393
60 120 -0.55 -0.5 4.5 5 661.3304841600163 0.02958458568059541
60 120 -0.55 -0.5 5 5.5 609.7497331398112 0.02675801135183065
60 120 -0.55 -0.5 5.5 6 563.2533707705583 0.02430324192221178
60 120 -0.55 -0.5 6 6.5 521.5375693228349 0.02217778035094398
60 120 -0.55 -0.5 6.5 7 484.1535735426916 0.02033025540890776
60 120 -0.55 -0.5 7 7.5 450.5776791056255 0.01870366252268241
60 120 -0.55 -0.5 7.5 8 420.3516214745035 0.01725722204810154
60 120 -0.55 -0.5 8 8.5 393.0773250372162 0.01596307259723062
60 120 -0.55 -0.5 8.5 9 368.3994447226146 0.01479601235001837
60 120 -0.55 -0.5 9 9.5 345.9887625163582 0.0137465789559883
60 120 -0.55 -0.5 9.5 10 325.5750730648606 0.01280463491031014
60 120 -0.55 -0.5 10 10.5 306.9303650930163 0.01426289840651407
60 120 -0.55 -0.5 10.5 11 289.8607692087152 0.0125277879366763
60 120 -0.55 -0.5 11 11.5 274.1887594686422 0.01112450229322803
60 120 -0.55 -0.5 11.5 12 259.7574998029191 0.009870062018876524
60 120 -0.55 -0.5 12 12.5 246.4369053707921 0.009291321919477014
60 120 -0.55 -0.5 12.5 13 234.1154786920915 0.008758139716576352
60 120 -0.55 -0.5 13 13.5 222.6961974248632 0.008266911632091478
60 120 -0.55 -0.5 13.5 14 212.0918137463728 0.007814141016865506
60 120 -0.55 -0.5 14 14.5 202.2221506037443 0.007394365488750054
60 120 -0.55 -0.5 14.5 15 193.0173371809553 0.007004919973212509
60 120 -0.55 -0.5 15 16 360.7944850421916 0.01295287049475746
60 120 -0.55 -0.5 16 17 330.6055377041887 0.01169968159581458
60 120 -0.55 -0.5 17 18 303.9872940203864 0.01060653947473611
60 120 -0.55 -0.5 18 19 280.377976310953 0.009646946213649699
60 120 -0.55 -0.5 19 20 259.3356723824143 0.008800328621248354
60 120 -0.55 -0.5 20 21 240.5009032452903 0.008048261997288364
60 120 -0.55 -0.5 21 22 223.5656529095427 0.01055298064929389
60 120 -0.55 -0.5 22 23 208.276889959497 0.008793501055492925
60 120 -0.55 -0.5 23 24 194.428716624844 0.00738751820847483
60 120 -0.55 -0.5 24 25 181.8459604206273 0.006560431507409703
60 120 -0.55 -0.5 25 26 170.3738995579426 0.005731042311538204
60 120 -0.55 -0.5 26 27 159.8824267067975 0.004912781844154779
60 120 -0.55 -0.5 27 28 150.2640318177355 0.00454940974185547
60 120 -0.55 -0.5 28 29 141.4259342705107 0.004217093384283999
60 120 -0.55 -0.5 29 30 133.2842177039033 0.003913281944676328
60 120 -0.55 -0.5 30 31 125.7652442746811 0.003635705322494687
60 120 -0.55 -0.5 31 32 118.8076576308947 0.003381273720407307
60 120 -0.55 -0.5 32 33 112.3587575369373 0.003147262921089578
60 120 -0.55 -0.5 33 34 106.3705599875927 0.0029318505102367
60 120 -0.55 -0.5 34 35 100.7989429339936 0.002733592206666913
60 120 -0.55 -0.5 35 36 95.60536601010976 0.002551231220991212
60 120 -0.55 -0.5 36 37 90.7573918785518 0.002382966489463456
60 120 -0.55 -0.5 37 38 86.22644312570296 0.002227360757729002
60 120 -0.55 -0.5 38 39 81.98603242097559 0.002082813789655802
60 120 -0.55 -0.5 39 40 78.01156897153682 0.001949193757383227
60 120 -0.55 -0.5 40 42 145.0561829194687 0.006629706234633659
60 120 -0.55 -0.5 42 44 131.8519427902704 0.005064594555591384
60 120 -0.55 -0.5 44 46 120.1354719457726 0.004258119685260908
60 120 -0.55 -0.5 46 48 109.6943768472859 0.00323823895745079
60 120 -0.55 -0.5 48 50 100.358484627979 0.002390024455365847
60 120 -0.55 -0.5 50 52 91.9856860334279 0.001938735281015624
60 120 -0.55 -0.5 52 54 84.45231646878987 0.001694311473329435
60 120 -0.55 -0.5 54 56 77.65662000857729 0.001510655222517698
60 120 -0.55 -0.5 56 58 71.51298426282807 0.001349742730184289
60 120 -0.55 -0.5 58 60 65.94506615219863 0.001208477522013141
60 120 -0.55 -0.5 60 65 143.7221396510854 0.002508009347309326
60 120 -0.55 -0.5 65 70 118.5753931422223 0.004966084526927261
60 120 -0.55 -0.5 70 80 180.69538496728 0.002695875800583281
60 120 -0.55 -0.5 80 90 127.3028909681653 0.001706107996398032
60 120 -0.55 -0.5 90 100 91.41277007604799 0.001120185686133368
60 120 -0.5 -0.45 0 0.5 -0.821947374731502 1.882532187236219e-05
60 120 -0.5 -0.45 0.5 1 -1095.747037794705 0.02662681198853534
60 120 -0.5 -0.45 1 1.5 20.51590595030871 0.0007390297737366325
60 120 -0.5 -0.45 1.5 2 738.2225584984371 0.009412221642719487
60 120 -0.5 -0.45 2 2.5 888.8096017488213 0.007794958414024222
60 120 -0.5 -0.45 2.5 3 887.0619147583944 0.009880489749889421
60 120 -0.5 -0.45 3 3.5 839.2986434862055 0.04071111812640993
60 120 -0.5 -0.45 3.5 4 779.3513287142481 0.03652424495226114
60 120 -0.5 -0.45 4 4.5 718.9592271430432 0.03282763476136097
60 120 -0.5 -0.45 4.5 5 662.357753890824 0.02960614997869015
60 120 -0.5 -0.45 5 5.5 610.7300819607357 0.0267961937893233
60 120 -0.5 -0.45 5.5 6 564.1902289928676 0.02434663115684543
60 120 -0.5 -0.45 6 6.5 522.4535938079287 0.02222134795829334
60 120 -0.5 -0.45 6.5 7 485.0222696859743 0.0203520940850126
60 120 -0.5 -0.45 7 7.5 451.3965022808567 0.01870156888315933
60 120 -0.5 -0.45 7.5 8 421.1344180376495 0.01725022211348914
60 120 -0.5 -0.45 8 8.5 393.8340276603078 0.01596688663829582
60 120 -0.5 -0.45 8.5 9 369.1151829341669 0.01482273035702519
60 120 -0.5 -0.45 9 9.5 346.6645742232228 0.01379370280517378
60 120 -0.5 -0.45 9.5 10 326.2189185577215 0.01286256770720229
60 120 -0.5 -0.45 10 10.5 307.5519094290227 0.01440543437888664
60 120 -0.5 -0.45 10.5 11 290.4572993045925 0.0129244686076504
60 120 -0.5 -0.45 11 11.5 274.7542950451441 0.01114919371622136
60 120 -0.5 -0.45 11.5 12 260.2954131983971 0.009898142907218244
60 120 -0.5 -0.45 12 12.5 246.951723007421 0.009311717415442899
60 120 -0.5 -0.45 12.5 13 234.6126847198674 0.008775791690339929
60 120 -0.5 -0.45 13 13.5 223.1754877570813 0.008284062390430336
60 120 -0.5 -0.45 13.5 14 212.549930923077 0.007832401999280592
60 120 -0.5 -0.45 14 14.5 202.6588457283298 0.00741471375320657
60 120 -0.5 -0.45 14.5 15 193.4359165010885 0.007027424220751755
60 120 -0.5 -0.45 15 16 361.5869758504004 0.01299564786012297
60 120 -0.5 -0.45 16 17 331.3455316980024 0.01173706703343669
60 120 -0.5 -0.45 17 18 304.6694764116072 0.01063882580575637
60 120 -0.5 -0.45 18 19 281.0120215007494 0.009675239436148786
60 120 -0.5 -0.45 19 20 259.9334267806166 0.008823678706903593
60 120 -0.5 -0.45 20 21 241.0595009201319 0.008068135946984967
60 120 -0.5 -0.45 21 22 224.0859797539017 0.01029539588833472
60 120 -0.5 -0.45 22 23 208.7676274292361 0.00871892600071078
60 120 -0.5 -0.45 23 24 194.894484885666 0.007732700274999615
60 120 -0.5 -0.45 24 25 182.2833628842997 0.006651980839563976
60 120 -0.5 -0.45 25 26 170.7832980326478 0.005513641775564793
60 120 -0.5 -0.45 26 27 160.2700445180602 0.004917783995210812
60 120 -0.5 -0.45 27 28 150.6333974109892 0.004552892117317242
60 120 -0.5 -0.45 28 29 141.7751557013411 0.004220670078751709
60 120 -0.5 -0.45 29 30 133.612466747869 0.003916967369775648
60 120 -0.5 -0.45 30 31 126.0762141241031 0.003639470422712066
60 120 -0.5 -0.45 31 32 119.1052231711051 0.003384767900257657
60 120 -0.5 -0.45 32 33 112.6428264083756 0.003150394516453048
60 120 -0.5 -0.45 33 34 106.6393443298422 0.002935197972490755
60 120 -0.5 -0.45 34 35 101.0529444008023 0.002737377031849064
60 120 -0.5 -0.45 35 36 95.84749964462256 0.002555088862038701
60 120 -0.5 -0.45 36 37 90.98971797131505 0.0023864277906398
60 120 -0.5 -0.45 37 38 86.44874197597167 0.002230446672754738
60 120 -0.5 -0.45 38 39 82.19733618597716 0.002086065157811845
60 120 -0.5 -0.45 39 40 78.21204336088923 0.001952896028512896
60 120 -0.5 -0.45 40 42 145.4317515737648 0.006460773283066601
60 120 -0.5 -0.45 42 44 132.1979902199892 0.00543812850452241
60 120 -0.5 -0.45 44 46 120.4499968703261 0.004081850778007379
60 120 -0.5 -0.45 46 48 109.9831945355994 0.003164568875050122
60 120 -0.5 -0.45 48 50 100.6253428926885 0.002610599234614597
60 120 -0.5 -0.45 50 52 92.22969208901765 0.001908100459715456
60 120 -0.5 -0.45 52 54 84.67736547347059 0.001697432710500379
60 120 -0.5 -0.45 54 56 77.86584615811945 0.001512894362704742
60 120 -0.5 -0.45 56 58 71.7056786720576 0.001351541386441113
60 120 -0.5 -0.45 58 60 66.12268501700699 0.00120985408058516
60 120 -0.5 -0.45 60 65 144.1131435512388 0.002511060324394521
60 120 -0.5 -0.45 65 70 118.8991994698405 0.005100089044049128
60 120 -0.5 -0.45 70 80 181.1925598951575 0.002699164151209743
60 120 -0.5 -0.45 80 90 127.6545623979353 0.001707865594596569
60 120 -0.5 -0.45 90 100 91.66627239683807 0.001121115657596761
60 120 -0.45 -0.4 0 0.5 -0.8245813196309242 1.887466466121701e-05
60 120 -0.45 -0.4 0.5 1 -1101.546121224959 0.01651349429516813
60 120 -0.45 -0.4 1 1.5 16.57222976304971 0.0002121713604594788
60 120 -0.45 -0.4 1.5 2 737.2306631536734 0.002967907427205319
60 120 -0.45 -0.4 2 2.5 888.9548538962208 0.03489714101942809
60 120 -0.45 -0.4 2.5 3 887.639657578257 0.02330268194702967
60 120 -0.45 -0.4 3 3.5 840.1283379515199 0.04066534562593915
60 120 -0.45 -0.4 3.5 4 780.2327793632379 0.03650595529052225
60 120 -0.45 -0.4 4 4.5 719.882504720646 0.03280875631503477
60 120 -0.45 -0.4 4.5 5 663.2672021442385 0.0295905546350923
60 120 -0.45 -0.4 5 5.5 611.596807032983 0.02679927536485138
60 120 -0.45 -0.4 5.5 6 565.042236415841 0.02437298973802626
60 120 -0.45 -0.4 6 6.5 523.2711067989183 0.02225036129289037
60 120 -0.45 -0.4 6.5 7 485.7901890076975 0.02037985023633837
60 120 -0.45 -0.4 7 7.5 452.1307242085663 0.01872989117237012
60 120 -0.45 -0.4 7.5 8 421.8469553307919 0.01727715752127779
60 120 -0.45 -0.4 8 8.5 394.5070040777426 0.01598399036072351
60 120 -0.45 -0.4 8.5 9 369.7498828000703 0.01482453677738249
60 120 -0.45 -0.4 9 9.5 347.2698175918847 0.01378715311909673
60 120 -0.45 -0.4 9.5 10 326.8041861439556 0.01285580172100254
60 120 -0.45 -0.4 10 10.5 308.1120585487479 0.01493840561892057
60 120 -0.45 -0.4 10.5 11 290.9870222317646 0.01277929518761312
60 120 -0.45 -0.4 11 11.5 275.2586054228439 0.01099254182940967
60 120 -0.45 -0.4 11.5 12 260.7791666506044 0.009928232934612424
60 120 -0.45 -0.4 12 12.5 247.4199017552439 0.009344250688229749
60 120 -0.45 -0.4 12.5 13 235.0618737810104 0.008806907683094778
60 120 -0.45 -0.4 13 13.5 223.6035850108996 0.008310184609371163
60 120 -0.45 -0.4 13.5 14 212.9583412590945 0.007850954129452248
60 120 -0.45 -0.4 14 14.5 203.0506022163511 0.007426125475546996
60 120 -0.45 -0.4 14.5 15 193.8147198752843 0.007034688876530026
60 120 -0.45 -0.4 15 16 362.3081778777335 0.01300621943988745
60 120 -0.45 -0.4 16 17 332.0089650004205 0.01175244054979885
60 120 -0.45 -0.4 17 18 305.283857030759 0.01066023864092358
60 120 -0.45 -0.4 18 19 281.590407176532 0.009695447094941301
60 120 -0.45 -0.4 19 20 260.4711969049295 0.008840964947182783
60 120 -0.45 -0.4 20 21 241.5579805522468 0.008083878181338378
60 120 -0.45 -0.4 21 22 224.556308681203 0.01030240919030234
60 120 -0.45 -0.4 22 23 209.2129451749122 0.009139772787733591
60 120 -0.45 -0.4 23 24 195.310242403897 0.00765660935780943
60 120 -0.45 -0.4 24 25 182.6730477520412 0.006369521290082503
60 120 -0.45 -0.4 25 26 171.154286152859 0.005639151475548942
60 120 -0.45 -0.4 26 27 160.6225722417928 0.005068912470335363
60 120 -0.45 -0.4 27 28 150.9643584080389 0.004560353055893529
60 120 -0.45 -0.4 28 29 142.0865859913849 0.004227631072637905
60 120 -0.45 -0.4 29 30 133.9093747576586 0.003923187214127211
60 120 -0.45 -0.4 30 31 126.3602124520321 0.003644836658537542
60 120 -0.45 -0.4 31 32 119.3739213110323 0.003389338856123914
60 120 -0.45 -0.4 32 33 112.8960593496217 0.003155184337657602
60 120 -0.45 -0.4 33 34 106.8799748583521 0.002939470064205807
60 120 -0.45 -0.4 34 35 101.2835585346077 0.002741364193482809
60 120 -0.45 -0.4 35 36 96.06799171042375 0.00255818504309957
60 120 -0.45 -0.4 36 37 91.19884027651251 0.002389054938007007
60 120 -0.45 -0.4 37 38 86.64686115707757 0.002232867706226216
60 120 -0.45 -0.4 38 39 82.38639532531388 0.002088784012045153
60 120 -0.45 -0.4 39 40 78.39372140744963 0.001955087686184243
60 120 -0.45 -0.4 40 42 145.772531029085 0.006893102623564573
60 120 -0.45 -0.4 42 44 132.5068643036582 0.005124865940786094
60 120 -0.45 -0.4 44 46 120.7342518849347 0.004157716412223067
60 120 -0.45 -0.4 46 48 110.2446094021685 0.003358277827061329
60 120 -0.45 -0.4 48 50 100.8637051000741 0.002392252829693575
60 120 -0.45 -0.4 50 52 92.4501987181617 0.0019104463252404
60 120 -0.45 -0.4 52 54 84.88115424932134 0.001699639139516762
60 120 -0.45 -0.4 54 56 78.05265061460352 0.001515212274512123
60 120 -0.45 -0.4 56 58 71.87860728159632 0.001353747921484683
60 120 -0.45 -0.4 58 60 66.28340843765388 0.001211609174148975
60 120 -0.45 -0.4 60 65 144.463276312711 0.002514242592525306
60 120 -0.45 -0.4 65 70 119.1907777732412 0.004905246723978962
60 120 -0.45 -0.4 70 80 181.6390539704551 0.002701600945329119
60 120 -0.45 -0.4 80 90 127.9709746428689 0.001709096071778049
60 120 -0.45 -0.4 90 100 91.89381158995286 0.00112194317900105
60 120 -0.4 -0.35 0 0.5 -0.8268291717907584 1.923752707988502e-05
60 120 -0.4 -0.35 0.5 1 -1105.536275919794 0.04403023116083205
60 120 -0.4 -0.35 1 1.5 14.50500520889989 0.0005832819013953383
60 120 -0.4 -0.35 1.5 2 737.3366304992346 0.03544499963186354
60 120 -0.4 -0.35 2 2.5 889.7555226518608 0.0257448534125615
60 120 -0.4 -0.35 2.5 3 888.6549794449551 0.0216903562106836
60 120 -0.4 -0.35 3 3.5 841.2148015129834 0.04048629005171733
60 120 -0.4 -0.35 3.5 4 781.3081365995507 0.03636881781812917
60 120 -0.4 -0.35 4 4.5 720.9546667742245 0.0326974424170885
60 120 -0.4 -0.35 4.5 5 664.2634375469213 0.02948602459719041
60 120 -0.4 -0.35 5 5.5 612.5456802498063 0.0266954608754304
60 120 -0.4 -0.35 5.5 6 565.9459085018409 0.02427543757278272
60 120 -0.4 -0.35 6 6.5 524.1053761043198 0.02216148496631831
60 120 -0.4 -0.35 6.5 7 486.5738727694383 0.02031488646008484
60 120 -0.4 -0.35 7 7.5 452.8811559625574 0.01868861038076375
60 120 -0.4 -0.35 7.5 8 422.5486199217821 0.01724588901748803
60 120 -0.4 -0.35 8 8.5 395.1614935748574 0.01595888544829904
60 120 -0.4 -0.35 8.5 9 370.3683323647863 0.01480156222618234
60 120 -0.4 -0.35 9 9.5 347.8629928261406 0.01376749359201312
60 120 -0.4 -0.35 9.5 10 327.3653333296934 0.01283719240171877
60 120 -0.4 -0.35 10 10.5 308.6390866183381 0.01480067205397972
60 120 -0.4 -0.35 10.5 11 291.4853192061455 0.01238322719200369
60 120 -0.4 -0.35 11 11.5 275.7358314553571 0.01098077379816687
60 120 -0.4 -0.35 11.5 12 261.2380130110341 0.009900017406039296
60 120 -0.4 -0.35 12 12.5 247.8559466947061 0.009321907201240265
60 120 -0.4 -0.35 12.5 13 235.4744638734259 0.008791772482311444
60 120 -0.4 -0.35 13 13.5 223.995662127872 0.008304119579065627
60 120 -0.4 -0.35 13.5 14 213.3344177198624 0.007852633758574257
60 120 -0.4 -0.35 14 14.5 203.4145334693079 0.007434381606486795
60 120 -0.4 -0.35 14.5 15 194.1649214437413 0.007044406444492779
60 120 -0.4 -0.35 15 16 362.9604538622234 0.01302569623209138
60 120 -0.4 -0.35 16 17 332.6079021863642 0.01176202705755713
60 120 -0.4 -0.35 17 18 305.8460297796827 0.01066080553943038
60 120 -0.4 -0.35 18 19 282.1096954054743 0.009696806871147601
60 120 -0.4 -0.35 19 20 260.9499947539391 0.008848024404130683
60 120 -0.4 -0.35 20 21 242.0096162827825 0.008094489688147632
60 120 -0.4 -0.35 21 22 224.9806362514123 0.01071246247829549
60 120 -0.4 -0.35 22 23 209.6058034945443 0.008845861349641382
60 120 -0.4 -0.35 23 24 195.6790117452485 0.007465234801486531
60 120 -0.4 -0.35 24 25 183.0237605580208 0.006627959766206004
60 120 -0.4 -0.35 25 26 171.4842642830713 0.005781896158879363
60 120 -0.4 -0.35 26 27 160.9307212187796 0.004934189648764686
60 120 -0.4 -0.35 27 28 151.2561891833097 0.00456878390428983
60 120 -0.4 -0.35 28 29 142.3658401882131 0.004234822104763225
60 120 -0.4 -0.35 29 30 134.1747137831993 0.003929359143967304
60 120 -0.4 -0.35 30 31 126.6097843594811 0.003650604500393229
60 120 -0.4 -0.35 31 32 119.6103098679722 0.003394925463112486
60 120 -0.4 -0.35 32 33 113.1223197931956 0.003159967011754361
60 120 -0.4 -0.35 33 34 107.0962506163407 0.00294377760097575
60 120 -0.4 -0.35 34 35 101.4884685789527 0.002745352063243445
60 120 -0.4 -0.35 35 36 96.26160948831502 0.002561575085508139
60 120 -0.4 -0.35 36 37 91.38342442169501 0.002392246785262842
60 120 -0.4 -0.35 37 38 86.82413217892179 0.002235721429116211
60 120 -0.4 -0.35 38 39 82.55626971832034 0.002091334087069185
60 120 -0.4 -0.35 39 40 78.55536504357867 0.00195715180525724
60 120 -0.4 -0.35 40 42 146.0723312786237 0.006501940190162259
60 120 -0.4 -0.35 42 44 132.782951916687 0.005374451185502949
60 120 -0.4 -0.35 44 46 120.9864897148256 0.004195778483264689
60 120 -0.4 -0.35 46 48 110.4748254096302 0.003172783549032943
60 120 -0.4 -0.35 48 50 101.0769206349955 0.002553911390009489
60 120 -0.4 -0.35 50 52 92.64595050987046 0.001913084464916892
60 120 -0.4 -0.35 52 54 85.06087182195736 0.00170182591087098
60 120 -0.4 -0.35 54 56 78.21936386887711 0.001517042411023795
60 120 -0.4 -0.35 56 58 72.03228942731891 0.001355104702994936
60 120 -0.4 -0.35 58 60 66.42475391988333 0.001213055934556451
60 120 -0.4 -0.35 60 65 144.7744875934613 0.002516903170203477
60 120 -0.4 -0.35 65 70 119.4489520205195 0.004910361409187658
60 120 -0.4 -0.35 70 80 182.0343014991253 0.002704191685381829
60 120 -0.4 -0.35 80 90 128.2510732489383 0.001710530637353713
60 120 -0.4 -0.35 90 100 92.095367257047 0.001122877837374858
60 120 -0.35 -0.3 0 0.5 -0.8287656240745719 2.031157818616069e-05
60 120 -0.35 -0.3 0.5 1 -1108.319896791302 0.01670610515384396
60 120 -0.35 -0.3 1 1.5 13.87160563452921 0.0001456263948949044
60 120 -0.35 -0.3 1.5 2 738.3511028689692 0.01712355560380274
60 120 -0.35 -0.3 2 2.5 891.1749013107052 0.005069861691367805
60 120 -0.35 -0.3 2.5 3 890.1681606438184 0.004582993391181844
60 120 -0.35 -0.3 3 3.5 842.6286250040008 0.04080427826625055
60 120 -0.35 -0.3 3.5 4 782.6670908909756 0.03661207404513789
60 120 -0.35 -0.3 4 4.5 722.2077442691236 0.03291393246865937
60 120 -0.35 -0.3 4.5 5 665.4237223276252 0.02968173073668368
60 120 -0.35 -0.3 5 5.5 613.6455795857831 0.02687623868337141
60 120 -0.35 -0.3 5.5 6 566.9546986299407 0.02443237828242673
60 120 -0.35 -0.3 6 6.5 525.0393003401786 0.0222954660372352
60 120 -0.35 -0.3 6.5 7 487.455857890543 0.02041909204478998
60 120 -0.35 -0.3 7 7.5 453.6990571081643 0.01876749597886374
60 120 -0.35 -0.3 7.5 8 423.3034942201025 0.01731000941543925
60 120 -0.35 -0.3 8 8.5 395.8683494167349 0.01601584637108999
60 120 -0.35 -0.3 8.5 9 371.0385113965787 0.01485765688363472
60 120 -0.35 -0.3 9 9.5 348.4899753157719 0.01382098344856786
60 120 -0.35 -0.3 9.5 10 327.9492400028099 0.01288772073581868
60 120 -0.35 -0.3 10 10.5 309.1875017881704 0.01432057153886035
60 120 -0.35 -0.3 10.5 11 292.0085846366402 0.0127436494051949
60 120 -0.35 -0.3 11 11.5 276.2330068182596 0.01129460813751848
60 120 -0.35 -0.3 11.5 12 261.704920627244 0.009931336545264458
60 120 -0.35 -0.3 12 12.5 248.2942023769947 0.009345642063806281
60 120 -0.35 -0.3 12.5 13 235.8899279481196 0.008808785741763359
60 120 -0.35 -0.3 13 13.5 224.3940265809996 0.008313380180624108
60 120 -0.35 -0.3 13.5 14 213.7162936869725 0.007857544284235018
60 120 -0.35 -0.3 14 14.5 203.7766961468324 0.007436227823831132
60 120 -0.35 -0.3 14.5 15 194.5068766165091 0.007046087536963341
60 120 -0.35 -0.3 15 16 363.5972173235125 0.01303681299521031
60 120 -0.35 -0.3 16 17 333.198291528932 0.01178463621477022
60 120 -0.35 -0.3 17 18 306.3833281236429 0.0106830808323366
60 120 -0.35 -0.3 18 19 282.6002816990737 0.009713170800921489
60 120 -0.35 -0.3 19 20 261.4089033627559 0.008854620369106669
60 120 -0.35 -0.3 20 21 242.4341831995636 0.008095173119812671
60 120 -0.35 -0.3 21 22 225.3704674045449 0.01032127792888105
60 120 -0.35 -0.3 22 23 209.9708731573769 0.0088119082883793
60 120 -0.35 -0.3 23 24 196.0224132821498 0.007832159751927747
60 120 -0.35 -0.3 24 25 183.341661230531 0.006619875242904527
60 120 -0.35 -0.3 25 26 171.7796009605821 0.005548741980959448
60 120 -0.35 -0.3 26 27 161.2100254320329 0.004938314334111737
60 120 -0.35 -0.3 27 28 151.5203887503809 0.004572061791634496
60 120 -0.35 -0.3 28 29 142.6129801936512 0.004238756774896046
60 120 -0.35 -0.3 29 30 134.4062799045187 0.003933775328476941
60 120 -0.35 -0.3 30 31 126.8300219425554 0.003654458348393064
60 120 -0.35 -0.3 31 32 119.8204368374166 0.003398908267371326
60 120 -0.35 -0.3 32 33 113.3207504608148 0.003163748463364868
60 120 -0.35 -0.3 33 34 107.2831354273562 0.00294765338745151
60 120 -0.35 -0.3 34 35 101.6661645164419 0.002748876819879342
60 120 -0.35 -0.3 35 36 96.43199114668144 0.002564862773979826
60 120 -0.35 -0.3 36 37 91.54631608289772 0.002395392477822611
60 120 -0.35 -0.3 37 38 86.97861443077268 0.002239024541523804
60 120 -0.35 -0.3 38 39 82.7027820580094 0.002094047093251561
60 120 -0.35 -0.3 39 40 78.69540992557759 0.001959512679462705
60 120 -0.35 -0.3 40 42 146.335854261231 0.006810865734280469
60 120 -0.35 -0.3 42 44 133.0222989823395 0.005243786075283197
60 120 -0.35 -0.3 44 46 121.2055838763928 0.004146957324380196
60 120 -0.35 -0.3 46 48 110.6770166024337 0.003342459398908204
60 120 -0.35 -0.3 48 50 101.2616704968063 0.002473811047877916
60 120 -0.35 -0.3 50 52 92.81638103102161 0.00191485093381516
60 120 -0.35 -0.3 52 54 85.21846700670476 0.001703526154599899
60 120 -0.35 -0.3 54 56 78.36378277255125 0.001518378159971689
60 120 -0.35 -0.3 56 58 72.16579625698363 0.00135648061919369
60 120 -0.35 -0.3 58 60 66.54861316352184 0.001214174754579744
60 120 -0.35 -0.3 60 65 145.044441125642 0.002519678341997178
60 120 -0.35 -0.3 65 70 119.6731029855524 0.005032086980293116
60 120 -0.35 -0.3 70 80 182.3779269209995 0.002706578916132685
60 120 -0.35 -0.3 80 90 128.4945545510382 0.001712115725297281
60 120 -0.35 -0.3 90 100 92.27070324429154 0.001123413028153664
60 120 -0.3 -0.25 0 0.5 -0.8304177930212006 1.886547850893372e-05
60 120 -0.3 -0.25 0.5 1 -1111.036697074327 0.02390808056270544
60 120 -0.3 -0.25 1 1.5 13.24463452724399 0.0003992635503777819
60 120 -0.3 -0.25 1.5 2 739.2902834346204 0.03388809138346005
60 120 -0.3 -0.25 2 2.5 892.4943571485516 0.02552939404949939
60 120 -0.3 -0.25 2.5 3 891.5909730761505 0.02426818411186105
60 120 -0.3 -0.25 3 3.5 843.9910105786333 0.0406408032794161
60 120 -0.3 -0.25 3.5 4 783.9708644603688 0.03650638594058364
60 120 -0.3 -0.25 4 4.5 723.394331799744 0.03279645639008777
60 120 -0.3 -0.25 4.5 5 666.5432620276189 0.02956937567478235
60 120 -0.3 -0.25 5 5.5 614.6767281041861 0.02677586756612982
60 120 -0.3 -0.25 5.5 6 567.9050251439749 0.02435367923646936
60 120 -0.3 -0.25 6 6.5 525.9398557008147 0.02223710004955137
60 120 -0.3 -0.25 6.5 7 488.2973002519476 0.02038733264697612
60 120 -0.3 -0.25 7 7.5 454.4762323865934 0.01875115591650456
60 120 -0.3 -0.25 7.5 8 424.0327073014445 0.01730010223781164
60 120 -0.3 -0.25 8 8.5 396.560301704839 0.01600856943991857
60 120 -0.3 -0.25 8.5 9 371.6833588621841 0.01485016284516405
60 120 -0.3 -0.25 9 9.5 349.0892233879597 0.0138133902505615
60 120 -0.3 -0.25 9.5 10 328.5149323796726 0.0128792683360075
60 120 -0.3 -0.25 10 10.5 309.7275531791531 0.01478712176663066
60 120 -0.3 -0.25 10.5 11 292.5180709266624 0.01300508306428583
60 120 -0.3 -0.25 11 11.5 276.7086655401027 0.01110091069574537
60 120 -0.3 -0.25 11.5 12 262.1526325769217 0.009938749749608178
60 120 -0.3 -0.25 12 12.5 248.721340330728 0.009355513452248942
60 120 -0.3 -0.25 12.5 13 236.2992611664038 0.008818968389789461
60 120 -0.3 -0.25 13 13.5 224.781928505498 0.008323326668005393
60 120 -0.3 -0.25 13.5 14 214.0815747942672 0.007867844518358424
60 120 -0.3 -0.25 14 14.5 204.1223002855311 0.007446263245100226
60 120 -0.3 -0.25 14.5 15 194.8378259530707 0.007055143325999325
60 120 -0.3 -0.25 15 16 364.2209461796377 0.01304759502778552
60 120 -0.3 -0.25 16 17 333.7622644452899 0.01178466346544838
60 120 -0.3 -0.25 17 18 306.8967519917788 0.01068604574459187
60 120 -0.3 -0.25 18 19 283.0772662621458 0.00972483316729722
60 120 -0.3 -0.25 19 20 261.8453772857604 0.00887301790322681
60 120 -0.3 -0.25 20 21 242.8340834993617 0.008114722363472993
60 120 -0.3 -0.25 21 22 225.7442288713366 0.01050313562257088
60 120 -0.3 -0.25 22 23 210.3182167787197 0.00914279113536054
60 120 -0.3 -0.25 23 24 196.3410251356837 0.007525853995844045
60 120 -0.3 -0.25 24 25 183.6385580977981 0.006509083644004932
60 120 -0.3 -0.25 25 26 172.0589970283515 0.005718423643571668
60 120 -0.3 -0.25 26 27 161.4703278673394 0.004981602200217594
60 120 -0.3 -0.25 27 28 151.7616662093032 0.004577273619418065
60 120 -0.3 -0.25 28 29 142.8396595888217 0.004242611818170872
60 120 -0.3 -0.25 29 30 134.6206155945214 0.003937430125517949
60 120 -0.3 -0.25 30 31 127.0309155362914 0.003657751034282342
60 120 -0.3 -0.25 31 32 120.0074861517351 0.003401505350041134
60 120 -0.3 -0.25 32 33 113.4969054631106 0.003166353073709161
60 120 -0.3 -0.25 33 34 107.4505834520644 0.002950061235807766
60 120 -0.3 -0.25 34 35 101.8247389223182 0.002750549530361468
60 120 -0.3 -0.25 35 36 96.58128278251061 0.002567125527562553
60 120 -0.3 -0.25 36 37 91.68724182322372 0.002397425543065879
60 120 -0.3 -0.25 37 38 87.11292640380978 0.002241158839311197
60 120 -0.3 -0.25 38 39 82.83122104576302 0.002095666247441841
60 120 -0.3 -0.25 39 40 78.81749854764469 0.001961609753635685
60 120 -0.3 -0.25 40 42 146.5609205496193 0.006622062841927345
60 120 -0.3 -0.25 42 44 133.2276346051399 0.005308940573996779
60 120 -0.3 -0.25 44 46 121.3930655972209 0.004190830029585868
60 120 -0.3 -0.25 46 48 110.8478854944094 0.003200322795748889
60 120 -0.3 -0.25 48 50 101.4196126709737 0.002571212391472955
60 120 -0.3 -0.25 50 52 92.96117190478847 0.00191637922078769
60 120 -0.3 -0.25 52 54 85.35133523276997 0.001704626816447785
60 120 -0.3 -0.25 54 56 78.48697088315262 0.001520024151787425
60 120 -0.3 -0.25 56 58 72.27910981737548 0.001357687260821194
60 120 -0.3 -0.25 58 60 66.65325600921028 0.001215344566091403
60 120 -0.3 -0.25 60 65 145.2741920888012 0.002521754763421313
60 120 -0.3 -0.25 65 70 119.863149123796 0.004805705110769054
60 120 -0.3 -0.25 70 80 182.6690257032144 0.002708411189757953
60 120 -0.3 -0.25 80 90 128.7010247409218 0.001713225383184636
60 120 -0.3 -0.25 90 100 92.41986970271353 0.001123811363655136
60 120 -0.25 -0.2 0 0.5 -0.8318792629663068 1.862545329422982e-05
60 120 -0.25 -0.2 0.5 1 -1114.216644271702 0.01385963260827339
60 120 -0.25 -0.2 1 1.5 11.72028566506595 6.587595028051396e-05
60 120 -0.25 -0.2 1.5 2 739.4927076832078 0.03425927420698827
60 120 -0.25 -0.2 2 2.5 893.2346769219527 0.027391324025416
60 120 -0.25 -0.2 2.5 3 892.4808817518519 0.02423033395609764
60 120 -0.25 -0.2 3 3.5 844.9571111337282 0.04074888600382565
60 120 -0.25 -0.2 3.5 4 784.9042012545435 0.03656010209942906
60 120 -0.25 -0.2 4 4.5 724.2977312541334 0.03291785778469603
60 120 -0.25 -0.2 4.5 5 667.4046946632358 0.02972589002865789
60 120 -0.25 -0.2 5 5.5 615.4692161615318 0.0269273740892686
60 120 -0.25 -0.2 5.5 6 568.6635156615613 0.02447104067914552
60 120 -0.25 -0.2 6 6.5 526.6545640062452 0.02232542721651498
60 120 -0.25 -0.2 6.5 7 488.9572862980335 0.02044473615814013
60 120 -0.25 -0.2 7 7.5 455.1037957395194 0.01878992157747916
60 120 -0.25 -0.2 7.5 8 424.6347781742549 0.01733010784261069
60 120 -0.25 -0.2 8 8.5 397.1223247423839 0.01603624490292077
60 120 -0.25 -0.2 8.5 9 372.2107589209868 0.01488270809045389
60 120 -0.25 -0.2 9 9.5 349.5951308308256 0.01384595962946378
60 120 -0.25 -0.2 9.5 10 328.9999969931595 0.01291281515392484
60 120 -0.25 -0.2 10 10.5 310.183365550101 0.01489588071160597
60 120 -0.25 -0.2 10.5 11 292.9451149651556 0.01260916984568894
60 120 -0.25 -0.2 11 11.5 277.1161048243841 0.01105690408866167
60 120 -0.25 -0.2 11.5 12 262.5444572456867 0.009953581194451999
60 120 -0.25 -0.2 12 12.5 249.0949671467594 0.009367460347704082
60 120 -0.25 -0.2 12.5 13 236.6511138030651 0.008829648951831359
60 120 -0.25 -0.2 13 13.5 225.1149985799163 0.008335411202608611
60 120 -0.25 -0.2 13.5 14 214.4010296822343 0.007878494237957057
60 120 -0.25 -0.2 14 14.5 204.4305862962671 0.007456779108196088
60 120 -0.25 -0.2 14.5 15 195.1334803274969 0.007066426285604166
60 120 -0.25 -0.2 15 16 364.7676137286001 0.01306729154123332
60 120 -0.25 -0.2 16 17 334.2622742017119 0.01180075430670513
60 120 -0.25 -0.2 17 18 307.3615719337604 0.01070058213616676
60 120 -0.25 -0.2 18 19 283.5010175959645 0.009731913381472168
60 120 -0.25 -0.2 19 20 262.2362063718559 0.008873580982708518
60 120 -0.25 -0.2 20 21 243.2000499846446 0.008115346944606472
60 120 -0.25 -0.2 21 22 226.0815857609304 0.01059143985307287
60 120 -0.25 -0.2 22 23 210.6286987607836 0.008850361603805368
60 120 -0.25 -0.2 23 24 196.6321728238387 0.007684708421493269
60 120 -0.25 -0.2 24 25 183.9104370010777 0.006690787359559636
60 120 -0.25 -0.2 25 26 172.3103171026023 0.005616492397791717
60 120 -0.25 -0.2 26 27 161.7049480530104 0.004945441722128407
60 120 -0.25 -0.2 27 28 151.9831289331721 0.004579046182470847
60 120 -0.25 -0.2 28 29 143.0470467021392 0.004245714954805635
60 120 -0.25 -0.2 29 30 134.8133109648753 0.003939810888738293
60 120 -0.25 -0.2 30 31 127.2112708881589 0.003660556703067641
60 120 -0.25 -0.2 31 32 120.1779663505936 0.003403957682905911
60 120 -0.25 -0.2 32 33 113.6572818462321 0.003169176276955454
60 120 -0.25 -0.2 33 34 107.6002239095154 0.002952300006199948
60 120 -0.25 -0.2 34 35 101.9652705087591 0.002753330487763606
60 120 -0.25 -0.2 35 36 96.71449291168044 0.002568421917999331
60 120 -0.25 -0.2 36 37 91.81347892239479 0.002399663905691796
60 120 -0.25 -0.2 37 38 87.23176077535108 0.002242545553500008
60 120 -0.25 -0.2 38 39 82.94282262984991 0.002097657189352731
60 120 -0.25 -0.2 39 40 78.92308214218242 0.001962367613870697
60 120 -0.25 -0.2 40 42 146.7570372690269 0.006796292646157553
60 120 -0.25 -0.2 42 44 133.4034688734276 0.005246264097280573
60 120 -0.25 -0.2 44 46 121.5521258558282 0.004137599335621189
60 120 -0.25 -0.2 46 48 110.992835085106 0.003310889158171904
60 120 -0.25 -0.2 48 50 101.5506265326169 0.002476880842948503
60 120 -0.25 -0.2 50 52 93.08117999650437 0.001930478671738456
60 120 -0.25 -0.2 52 54 85.46115029812663 0.001706399285140492
60 120 -0.25 -0.2 54 56 78.58745464812904 0.001521117309565057
60 120 -0.25 -0.2 56 58 72.37222471350331 0.00135823585782191
60 120 -0.25 -0.2 58 60 66.73927889821854 0.001215910211087134
60 120 -0.25 -0.2 60 65 145.4622314837345 0.002522696322699858
60 120 -0.25 -0.2 65 70 120.0184361564005 0.004972229898015712
60 120 -0.25 -0.2 70 80 182.9074226129281 0.002710115740654828
60 120 -0.25 -0.2 80 90 128.8702115279483 0.001713639027684621
60 120 -0.25 -0.2 90 100 92.54303861829001 0.001124254357691257
60 120 -0.2 -0.15 0 0.5 -0.8330523536027642 1.948277578556201e-05
60 120 -0.2 -0.15 0.5 1 -1117.55284331695 0.02416149277905788
60 120 -0.2 -0.15 1 1.5 9.478808620018606 0.0003070885100431298
60 120 -0.2 -0.15 1.5 2 738.9451715864196 0.005237304681600108
60 120 -0.2 -0.15 2 2.5 893.3480495911539 0.01107792547293229
60 120 -0.2 -0.15 2.5 3 892.8217505197948 0.009638187800987907
60 120 -0.2 -0.15 3 3.5 845.438204572614 0.04085293969330905
60 120 -0.2 -0.15 3.5 4 785.411595976447 0.03667700784797034
60 120 -0.2 -0.15 4 4.5 724.8437606315698 0.03290490532606327
60 120 -0.2 -0.15 4.5 5 667.922272586885 0.02962167637213042
60 120 -0.2 -0.15 5 5.5 615.9867899426794 0.02680317368947271
60 120 -0.2 -0.15 5.5 6 569.1678231146276 0.02438152667116356
60 120 -0.2 -0.15 6 6.5 527.1221150126829 0.0222820097976637
60 120 -0.2 -0.15 6.5 7 489.4113036466519 0.02042449282834014
60 120 -0.2 -0.15 7 7.5 455.5433088905045 0.01879260117482318
60 120 -0.2 -0.15 7.5 8 425.0430533828883 0.01734556425606115
60 120 -0.2 -0.15 8 8.5 397.5097296841845 0.01603905928800486
60 120 -0.2 -0.15 8.5 9 372.5901150887564 0.01487777257472089
60 120 -0.2 -0.15 9 9.5 349.9597628384403 0.01383304200800239
60 120 -0.2 -0.15 9.5 10 329.3426383457261 0.01289048094361078
60 120 -0.2 -0.15 10 10.5 310.5108833798018 0.01462701520063092
60 120 -0.2 -0.15 10.5 11 293.2643256804215 0.01277657891318995
60 120 -0.2 -0.15 11 11.5 277.4246968711415 0.01139054350267088
60 120 -0.2 -0.15 11.5 12 262.8368428491655 0.009943084459223428
60 120 -0.2 -0.15 12 12.5 249.3720711859055 0.009359650221512084
60 120 -0.2 -0.15 12.5 13 236.9181952315664 0.008826532188720648
60 120 -0.2 -0.15 13 13.5 225.3751732159805 0.008332573646953279
60 120 -0.2 -0.15 13.5 14 214.6514544450534 0.007876540471301041
60 120 -0.2 -0.15 14 14.5 204.6689353469276 0.007455839437426448
60 120 -0.2 -0.15 14.5 15 195.3601134189489 0.007062999799074987
60 120 -0.2 -0.15 15 16 365.1979958521985 0.01306184099598795
60 120 -0.2 -0.15 16 17 334.6642651694132 0.01179849519007803
60 120 -0.2 -0.15 17 18 307.7287937003254 0.01069529906476419
60 120 -0.2 -0.15 18 19 283.8445520438129 0.009727634697583198
60 120 -0.2 -0.15 19 20 262.5585910261231 0.008872844880727371
60 120 -0.2 -0.15 20 21 243.4971058787073 0.008115911294936495
60 120 -0.2 -0.15 21 22 226.3588451694664 0.01051801590838863
60 120 -0.2 -0.15 22 23 210.8897962014079 0.00905671628311211
60 120 -0.2 -0.15 23 24 196.8746871724298 0.007705920719928372
60 120 -0.2 -0.15 24 25 184.1359181232463 0.0064823595974417
60 120 -0.2 -0.15 25 26 172.5236388871314 0.005723780349313756
60 120 -0.2 -0.15 26 27 161.9057111541632 0.005005332316216027
60 120 -0.2 -0.15 27 28 152.1700673056866 0.004583487805234654
60 120 -0.2 -0.15 28 29 143.2221459840341 0.004248772939405399
60 120 -0.2 -0.15 29 30 134.9789898826988 0.0039432820552463
60 120 -0.2 -0.15 30 31 127.3670689459562 0.00366297764560386
60 120 -0.2 -0.15 31 32 120.3234856730683 0.003407362525706503
60 120 -0.2 -0.15 32 33 113.7939316387061 0.003172122396605914
60 120 -0.2 -0.15 33 34 107.7299989807391 0.002954947533510222
60 120 -0.2 -0.15 34 35 102.0879556203219 0.002754698970548475
60 120 -0.2 -0.15 35 36 96.82940238498071 0.002570609891506592
60 120 -0.2 -0.15 36 37 91.92143708261777 0.002401034330802077
60 120 -0.2 -0.15 37 38 87.33383644514264 0.002244705258874546
60 120 -0.2 -0.15 38 39 83.03948297252202 0.002098638215286996
60 120 -0.2 -0.15 39 40 79.01405820857835 0.001964383540169479
60 120 -0.2 -0.15 40 42 146.9231552430985 0.006606410888338132
60 120 -0.2 -0.15 42 44 133.5529780952901 0.005330276119991595
60 120 -0.2 -0.15 44 46 121.686299197227 0.004147546144082526
60 120 -0.2 -0.15 46 48 111.1134941088635 0.003257478800122726
60 120 -0.2 -0.15 48 50 101.6597168218202 0.002545117004245867
60 120 -0.2 -0.15 50 52 93.17915856075024 0.001918825578258065
60 120 -0.2 -0.15 52 54 85.55011506630512 0.001707255897088089
60 120 -0.2 -0.15 54 56 78.66842801374193 0.001521793491079393
60 120 -0.2 -0.15 56 58 72.44610392525011 0.001359093157432767
60 120 -0.2 -0.15 58 60 66.80714711556874 0.00121702231773213
60 120 -0.2 -0.15 60 65 145.6086813576014 0.00252406937480032
60 120 -0.2 -0.15 65 70 120.1390075599111 0.005071581638034672
60 120 -0.2 -0.15 70 80 183.0928841709176 0.002711404096885417
60 120 -0.2 -0.15 80 90 129.0023552739639 0.001714616148746018
60 120 -0.2 -0.15 90 100 92.64046785434778 0.001124616810585621
60 120 -0.15 -0.1 0 0.5 -0.8338590741094399 1.941496151047772e-05
60 120 -0.15 -0.1 0.5 1 -1120.281695302258 0.05291567461381419
60 120 -0.15 -0.1 1 1.5 7.414620307048361 0.0001370604481216731
60 120 -0.15 -0.1 1.5 2 738.2645090338332 0.02022691464458148
60 120 -0.15 -0.1 2 2.5 893.1987761091857 0.007248008885881063
60 120 -0.15 -0.1 2.5 3 892.9304418997815 0.002601967823693485
60 120 -0.15 -0.1 3 3.5 845.6339109463831 0.04056529241552198
60 120 -0.15 -0.1 3.5 4 785.6945712725446 0.03650485062689768
60 120 -0.15 -0.1 4 4.5 725.1323492971596 0.03293388896531724
60 120 -0.15 -0.1 4.5 5 668.2281857897626 0.02974646535005832
60 120 -0.15 -0.1 5 5.5 616.3045430037217 0.02694084890845261
60 120 -0.15 -0.1 5.5 6 569.464845755258 0.02447459894210624
60 120 -0.15 -0.1 6 6.5 527.4237131369425 0.02231668463593905
60 120 -0.15 -0.1 6.5 7 489.7080621742153 0.02043015699666739
60 120 -0.15 -0.1 7 7.5 455.8167838964043 0.01877266838118885
60 120 -0.15 -0.1 7.5 8 425.3082528285946 0.01731745062733125
60 120 -0.15 -0.1 8 8.5 397.772820966873 0.01603130582680024
60 120 -0.15 -0.1 8.5 9 372.838177118785 0.01487561427148876
60 120 -0.15 -0.1 9 9.5 350.1922974135661 0.01384349822285458
60 120 -0.15 -0.1 9.5 10 329.5696014670609 0.01291615945649482
60 120 -0.15 -0.1 10 10.5 310.733304296085 0.01494419579887563
60 120 -0.15 -0.1 10.5 11 293.4760395628737 0.01292824071850873
60 120 -0.15 -0.1 11 11.5 277.6242933382184 0.01103503313260035
60 120 -0.15 -0.1 11.5 12 263.0305905135207 0.009959756769035266
60 120 -0.15 -0.1 12 12.5 249.5627719457356 0.009371163436242114
60 120 -0.15 -0.1 12.5 13 237.1041150234167 0.008832017549792681
60 120 -0.15 -0.1 13 13.5 225.5522595430408 0.008334276391963158
60 120 -0.15 -0.1 13.5 14 214.8207481264801 0.007878808450954011
60 120 -0.15 -0.1 14 14.5 204.8336535643296 0.007455705183190275
60 120 -0.15 -0.1 14.5 15 195.5213007269924 0.007066085319650028
60 120 -0.15 -0.1 15 16 365.5038543987339 0.01306954618070222
60 120 -0.15 -0.1 16 17 334.9446549407122 0.01181188582529558
60 120 -0.15 -0.1 17 18 307.994455587365 0.01071224416563155
60 120 -0.15 -0.1 18 19 284.093586931401 0.009741855608581318
60 120 -0.15 -0.1 19 20 262.7895617843392 0.008886143969164095
60 120 -0.15 -0.1 20 21 243.7159247071012 0.008124334264351774
60 120 -0.15 -0.1 21 22 226.5643893638648 0.0106899747256648
60 120 -0.15 -0.1 22 23 211.0805922453166 0.00892231669806165
60 120 -0.15 -0.1 23 24 197.0549664309163 0.007660635136545579
60 120 -0.15 -0.1 24 25 184.3073177591812 0.006711021200999312
60 120 -0.15 -0.1 25 26 172.6838740373047 0.005649425135118236
60 120 -0.15 -0.1 26 27 162.0565011230016 0.004951633954618728
60 120 -0.15 -0.1 27 28 152.3133617983601 0.004584920126319503
60 120 -0.15 -0.1 28 29 143.3573549798784 0.004251363105396422
60 120 -0.15 -0.1 29 30 135.1054391107366 0.0039454844711031
60 120 -0.15 -0.1 30 31 127.486524922945 0.003664339118330417
60 120 -0.15 -0.1 31 32 120.4371489080614 0.003407495460308496
60 120 -0.15 -0.1 32 33 113.9015092034629 0.003170661297772881
60 120 -0.15 -0.1 33 34 107.8313210991915 0.0029548594704778
60 120 -0.15 -0.1 34 35 102.1837252983295 0.002755221999890978
60 120 -0.15 -0.1 35 36 96.92061866522194 0.002572432773888522
60 120 -0.15 -0.1 36 37 92.00767297919344 0.002402093597510202
60 120 -0.15 -0.1 37 38 87.41496336644737 0.002245640109450164
60 120 -0.15 -0.1 38 39 83.11603872881334 0.002098871232746546
60 120 -0.15 -0.1 39 40 79.08666659063506 0.001965106125496163
60 120 -0.15 -0.1 40 42 147.0570270235599 0.006712416989927306
60 120 -0.15 -0.1 42 44 133.6724931964793 0.005259987159433877
60 120 -0.15 -0.1 44 46 121.7938673626038 0.004229822140757733
60 120 -0.15 -0.1 46 48 111.2096018505302 0.003259601791256728
60 120 -0.15 -0.1 48 50 101.745892675988 0.002530840117245248
60 120 -0.15 -0.1 50 52 93.2567435919875 0.001920076943974891
60 120 -0.15 -0.1 52 54 85.61977787524677 0.001708407168393933
60 120 -0.15 -0.1 54 56 78.73156555380803 0.001522366384946849
60 120 -0.15 -0.1 56 58 72.50303704150893 0.00135989913272283
60 120 -0.15 -0.1 58 60 66.8585309994923 0.001217429156483263
60 120 -0.15 -0.1 60 65 145.7173555643713 0.002526024826607909
60 120 -0.15 -0.1 65 70 120.226397629322 0.005089751076653215
60 120 -0.15 -0.1 70 80 183.2253051172973 0.002712180833839284
60 120 -0.15 -0.1 80 90 129.0984092325161 0.001715151671874082
60 120 -0.15 -0.1 90 100 92.71300285669648 0.001125068780652327
60 120 -0.1 -0.05 0 0.5 -0.8343566297353897 1.890180630836902e-05
60 120 -0.1 -0.05 0.5 1 -1121.889439046588 0.03703097438460645
60 120 -0.1 -0.05 1 1.5 6.270907280339949 0.0001533705802536645
60 120 -0.1 -0.05 1.5 2 737.9524065568462 0.006434887062937378
60 120 -0.1 -0.05 2 2.5 893.1623668628482 0.004086569613946267
60 120 -0.1 -0.05 2.5 3 893.0390798914774 0.00265848892752274
60 120 -0.1 -0.05 3 3.5 845.8079918405325 0.04081147194517598
60 120 -0.1 -0.05 3.5 4 785.8933610434333 0.03647820304638572
60 120 -0.1 -0.05 4 4.5 725.3360268774911 0.03272504420306177
60 120 -0.1 -0.05 4.5 5 668.4473398337248 0.02952405213954989
60 120 -0.1 -0.05 5 5.5 616.5032099996939 0.02678334150232331
60 120 -0.1 -0.05 5.5 6 569.6718270363231 0.0243871832340119
60 120 -0.1 -0.05 6 6.5 527.625093498388 0.02228710355802832
60 120 -0.1 -0.05 6.5 7 489.8910253923455 0.02044227280322275
60 120 -0.1 -0.05 7 7.5 455.9993023177137 0.01881135202933137
60 120 -0.1 -0.05 7.5 8 425.4871411979922 0.01734339312645261
60 120 -0.1 -0.05 8 8.5 397.9378119294065 0.0160405463283837
60 120 -0.1 -0.05 8.5 9 372.995704006534 0.01487544607022073
60 120 -0.1 -0.05 9 9.5 350.3484204814045 0.01383063266223417
60 120 -0.1 -0.05 9.5 10 329.7187469658535 0.01289136809418778
60 120 -0.1 -0.05 10 10.5 310.8704162805249 0.01458966859405564
60 120 -0.1 -0.05 10.5 11 293.6069162106659 0.01278328243154192
60 120 -0.1 -0.05 11 11.5 277.7527675401618 0.01113568163464151
60 120 -0.1 -0.05 11.5 12 263.1549233184446 0.009948569162247622
60 120 -0.1 -0.05 12 12.5 249.6799516904493 0.009369687224335621
60 120 -0.1 -0.05 12.5 13 237.2153094460572 0.008836370684463191
60 120 -0.1 -0.05 13 13.5 225.6608783700532 0.008342615437783252
60 120 -0.1 -0.05 13.5 14 214.9281329226602 0.007885462139341826
60 120 -0.1 -0.05 14 14.5 204.9372902489681 0.00746409055886943
60 120 -0.1 -0.05 14.5 15 195.6200826787751 0.007073946453687086
60 120 -0.1 -0.05 15 16 365.6907016179584 0.01307577018957318
60 120 -0.1 -0.05 16 17 335.1240201927497 0.01181011229107298
60 120 -0.1 -0.05 17 18 308.1613275100117 0.01070602782897367
60 120 -0.1 -0.05 18 19 284.250389810737 0.009737000385825922
60 120 -0.1 -0.05 19 20 262.9391102370635 0.008886069799018514
60 120 -0.1 -0.05 20 21 243.8545709910587 0.008128331533782784
60 120 -0.1 -0.05 21 22 226.6943890819985 0.01052489742002649
60 120 -0.1 -0.05 22 23 211.204677016883 0.009095344907052549
60 120 -0.1 -0.05 23 24 197.1713220451166 0.007604973832030737
60 120 -0.1 -0.05 24 25 184.4170283393679 0.006599463127571426
60 120 -0.1 -0.05 25 26 172.7889289257504 0.005752853505214262
60 120 -0.1 -0.05 26 27 162.1557524861755 0.004975768242957201
60 120 -0.1 -0.05 27 28 152.4063828528467 0.004586190273727198
60 120 -0.1 -0.05 28 29 143.4455793828664 0.004253866429053232
60 120 -0.1 -0.05 29 30 135.1895737442941 0.003946353296356619
60 120 -0.1 -0.05 30 31 127.5660193191983 0.003666293038648405
60 120 -0.1 -0.05 31 32 120.5123977969698 0.003410893982902508
60 120 -0.1 -0.05 32 33 113.9735272715802 0.003175070048655471
60 120 -0.1 -0.05 33 34 107.8999297201664 0.00295611829987763
60 120 -0.1 -0.05 34 35 102.2487165648877 0.002756656515927602
60 120 -0.1 -0.05 35 36 96.98202694238644 0.002573635274544017
60 120 -0.1 -0.05 36 37 92.06606668391009 0.002402226028138443
60 120 -0.1 -0.05 37 38 87.47068547405807 0.002244818826568462
60 120 -0.1 -0.05 38 39 83.16880165070971 0.002100176540650978
60 120 -0.1 -0.05 39 40 79.13663010267366 0.001966525900940042
60 120 -0.1 -0.05 40 42 147.1501112952351 0.006734013041693743
60 120 -0.1 -0.05 42 44 133.7568327032421 0.005342604418842711
60 120 -0.1 -0.05 44 46 121.8694116168511 0.004192244459730432
60 120 -0.1 -0.05 46 48 111.2775128538531 0.003300851897805046
60 120 -0.1 -0.05 48 50 101.8065598709264 0.002504209956782688
60 120 -0.1 -0.05 50 52 93.31133115778836 0.001920181356837247
60 120 -0.1 -0.05 52 54 85.66918600025996 0.001708600643652858
60 120 -0.1 -0.05 54 56 78.77591226636679 0.001522669979166835
60 120 -0.1 -0.05 56 58 72.54290233608661 0.001360913434396593
60 120 -0.1 -0.05 58 60 66.89411649994383 0.001217365722794739
60 120 -0.1 -0.05 60 65 145.7909612667582 0.002526740439037667
60 120 -0.1 -0.05 65 70 120.2836806119498 0.005139076201714943
60 120 -0.1 -0.05 70 80 183.3081505737746 0.00271287163795364
60 120 -0.1 -0.05 80 90 129.1599752088798 0.001715247312205292
60 120 -0.1 -0.05 90 100 92.76175106581573 0.001125253435162676
60 120 -0.05 0 0 0.5 -0.8346215105305288 1.935338343095339e-05
60 120 -0.05 0 0.5 1 -1122.615262784568 0.02303279001876035
60 120 -0.05 0 1 1.5 5.811419923586116 5.714058184125292e-05
60 120 -0.05 0 1.5 2 737.8504802930241 0.005480423695757963
60 120 -0.05 0 2 2.5 893.2110112625586 0.003376521441055047
60 120 -0.05 0 2.5 3 893.1102728699703 0.002926078787254482
60 120 -0.05 0 3 3.5 845.9264794400267 0.04082415165328257
60 120 -0.05 0 3.5 4 786.0000876436261 0.03680502968177279
60 120 -0.05 0 4 4.5 725.4618939932549 0.03306705483328187
60 120 -0.05 0 4.5 5 668.5526727404794 0.02976269065879933
60 120 -0.05 0 5 5.5 616.6208078930508 0.02688923470498139
60 120 -0.05 0 5.5 6 569.7823267299748 0.02444234379561294
60 120 -0.05 0 6 6.5 527.7235982948192 0.02230048477235869
60 120 -0.05 0 6.5 7 489.9934183341113 0.02043818382696827
60 120 -0.05 0 7 7.5 456.0947390349849 0.0188041359615454
60 120 -0.05 0 7.5 8 425.572692845697 0.0173457962213206
60 120 -0.05 0 8 8.5 398.0242783279619 0.01605801122855155
60 120 -0.05 0 8.5 9 373.0817182794981 0.01491513333053263
60 120 -0.05 0 9 9.5 350.4261895267082 0.01387224268376031
60 120 -0.05 0 9.5 10 329.7911304387717 0.01293650237198563
60 120 -0.05 0 10 10.5 310.9431255952132 0.01485253012714338
60 120 -0.05 0 10.5 11 293.6769834051818 0.01291781090873201
60 120 -0.05 0 11 11.5 277.8172395456177 0.01114279859166345
60 120 -0.05 0 11.5 12 263.2150150612571 0.009964955969394396
60 120 -0.05 0 12 12.5 249.7393895856886 0.009378738354115512
60 120 -0.05 0 12.5 13 237.2735243526907 0.008836307500530438
60 120 -0.05 0 13 13.5 225.7158966971977 0.008337839879231979
60 120 -0.05 0 13.5 14 214.9789400068871 0.007882662026787557
60 120 -0.05 0 14 14.5 204.9858466940177 0.007463940449696338
60 120 -0.05 0 14.5 15 195.6679041836537 0.007073658858530507
60 120 -0.05 0 15 16 365.7813542238771 0.01308179949677424
60 120 -0.05 0 16 17 335.2065764314845 0.01182573760655714
60 120 -0.05 0 17 18 308.2422631926341 0.0107191709679455
60 120 -0.05 0 18 19 284.3271347949744 0.009749240856649521
60 120 -0.05 0 19 20 263.0103918886109 0.008890058673500789
60 120 -0.05 0 20 21 243.9231517839394 0.008124395668914985
60 120 -0.05 0 21 22 226.7582930687342 0.01054801186549525
60 120 -0.05 0 22 23 211.2642306450489 0.008904760231303044
60 120 -0.05 0 23 24 197.2291158484848 0.007752099696290315
60 120 -0.05 0 24 25 184.4716423331812 0.006593018450047339
60 120 -0.05 0 25 26 172.8400002252446 0.005735331021156753
60 120 -0.05 0 26 27 162.2041963243158 0.004973107791073517
60 120 -0.05 0 27 28 152.4524836720212 0.004588673785434594
60 120 -0.05 0 28 29 143.4886043636727 0.004253573244227482
60 120 -0.05 0 29 30 135.2304296411675 0.003944802718166329
60 120 -0.05 0 30 31 127.6053509031621 0.003665813398967543
60 120 -0.05 0 31 32 120.5500551650948 0.003410097418651503
60 120 -0.05 0 32 33 114.0090113442426 0.003173343273445539
60 120 -0.05 0 33 34 107.933742376431 0.002956493081981648
60 120 -0.05 0 34 35 102.2810161429197 0.002759103606194913
60 120 -0.05 0 35 36 97.01261742467119 0.002574608578910897
60 120 -0.05 0 36 37 92.09505794460703 0.002403152477214121
60 120 -0.05 0 37 38 87.49818800078894 0.002246429746676881
60 120 -0.05 0 38 39 83.19513146702482 0.002101308546528458
60 120 -0.05 0 39 40 79.16195251790295 0.001966169242749061
60 120 -0.05 0 40 42 147.1973817907427 0.006718668641070735
60 120 -0.05 0 42 44 133.7999302455414 0.005360844521192121
60 120 -0.05 0 44 46 121.9083764268591 0.00421706090143914
60 120 -0.05 0 46 48 111.3125133221179 0.003254601504920629
60 120 -0.05 0 48 50 101.8382936929159 0.002510104960194326
60 120 -0.05 0 50 52 93.3400978585055 0.001921762631653223
60 120 -0.05 0 52 54 85.69518261443433 0.001708359631692247
60 120 -0.05 0 54 56 78.7992050812863 0.001523233526668832
60 120 -0.05 0 56 58 72.56362234855494 0.001360321818452803
60 120 -0.05 0 58 60 66.91261333979446 0.001217749177243377
60 120 -0.05 0 60 65 145.8290454883226 0.002526366321518481
60 120 -0.05 0 65 70 120.3126040158725 0.00512801234822291
60 120 -0.05 0 70 80 183.3478703877952 0.002713789456322502
60 120 -0.05 0 80 90 129.1898191776167 0.00171531607671227
60 120 -0.05 0 90 100 92.78699391192399 0.001125399865827603
60 120 0 0.05 0 0.5 -0.8346504757353082 1.973821523870711e-05
60 120 0 0.05 0.5 1 -1122.651724973584 0.04368200294584312
60 120 0 0.05 1 1.5 5.846885454120182 0.0002480681902534698
60 120 0 0.05 1.5 2 737.8885669693747 0.0119878434909424
60 120 0 0.05 2 2.5 893.2326208492707 0.004495212274150617
60 120 0 0.05 2.5 3 893.1435953882175 0.001478464199294649
60 120 0 0.05 3 3.5 845.9324997463455 0.04060633847768713
60 120 0 0.05 3.5 4 786.0260312704098 0.03643047215666684
60 120 0 0.05 4 4.5 725.4651218593099 0.0328437140465212
60 120 0 0.05 4.5 5 668.5688269579381 0.0297040214311437
60 120 0 0.05 5 5.5 616.6291358577946 0.02692107157997725
60 120 0 0.05 5.5 6 569.7869595910541 0.02445854717143447
60 120 0 0.05 6 6.5 527.7345210888756 0.02231096411128419
60 120 0 0.05 6.5 7 489.9955399047422 0.02043233254340748
60 120 0 0.05 7 7.5 456.0958517355899 0.01879058347583396
60 120 0 0.05 7.5 8 425.5803994220786 0.01733090351888222
60 120 0 0.05 8 8.5 398.0288573496695 0.01603364252417805
60 120 0 0.05 8.5 9 373.0828851387957 0.01487838125382268
60 120 0 0.05 9 9.5 350.4301579098291 0.01383537754946929
60 120 0 0.05 9.5 10 329.7956246542331 0.0129003769703786
60 120 0 0.05 10 10.5 310.9445346216138 0.01480588280412576
60 120 0 0.05 10.5 11 293.6768456234524 0.01266922269837778
60 120 0 0.05 11 11.5 277.8192970818612 0.01121358573124098
60 120 0 0.05 11.5 12 263.2180196668718 0.009966392747344344
60 120 0 0.05 12 12.5 249.7410506715012 0.009385853810613298
60 120 0 0.05 12.5 13 237.2739579511139 0.008845285357438115
60 120 0 0.05 13 13.5 225.7170652144794 0.008345058779354986
60 120 0 0.05 13.5 14 214.9805416911217 0.007892416339757347
60 120 0 0.05 14 14.5 204.9866821134257 0.00746991108925954
60 120 0 0.05 14.5 15 195.6670082088831 0.007074828173131209
60 120 0 0.05 15 16 365.7789642742973 0.01307534152914513
60 120 0 0.05 16 17 335.2055180321385 0.01181506375451136
60 120 0 0.05 17 18 308.2394810886979 0.01070695230055208
60 120 0 0.05 18 19 284.3251667227939 0.009747187314872008
60 120 0 0.05 19 20 263.008616731777 0.008889492512594188
60 120 0 0.05 20 21 243.9204966378115 0.00813031810403686
60 120 0 0.05 21 22 226.7571901725017 0.01063041636081152
60 120 0 0.05 22 23 211.2641542749362 0.008957759706987645
60 120 0 0.05 23 24 197.2291795358437 0.007703838683767117
60 120 0 0.05 24 25 184.4721700839987 0.006654485853175629
60 120 0 0.05 25 26 172.8403386290312 0.00574382442837873
60 120 0 0.05 26 27 162.2039823708791 0.004975805116600895
60 120 0 0.05 27 28 152.4520020157898 0.004589161751312076
60 120 0 0.05 28 29 143.4885069783775 0.004252059487015458
60 120 0 0.05 29 30 135.230371828738 0.00394753209997134
60 120 0 0.05 30 31 127.6054306366507 0.003668106098871249
60 120 0 0.05 31 32 120.550248367477 0.003409152231739654
60 120 0 0.05 32 33 114.0092586320881 0.00317354588052865
60 120 0 0.05 33 34 107.9338024318201 0.002957566903219799
60 120 0 0.05 34 35 102.2808152291223 0.002757125549322836
60 120 0 0.05 35 36 97.01248594470771 0.002572717372927968
60 120 0 0.05 36 37 92.09487316483634 0.002404141493585144
60 120 0 0.05 37 38 87.49797358155851 0.002246408189719773
60 120 0 0.05 38 39 83.19514451089348 0.002100508298440218
60 120 0 0.05 39 40 79.16210008848705 0.00196600293895699
60 120 0 0.05 40 42 147.197822706444 0.006771999354555192
60 120 0 0.05 42 44 133.7999947509843 0.005317719570058443
60 120 0 0.05 44 46 121.9083083684497 0.004217015933150492
60 120 0 0.05 46 48 111.3124251944912 0.003255044328113854
60 120 0 0.05 48 50 101.8384981880863 0.002508893729640249
60 120 0 0.05 50 52 93.34051245634954 0.00192052810604082
60 120 0 0.05 52 54 85.69538961072764 0.001708169682984817
60 120 0 0.05 54 56 78.79921557154613 0.001523274883936665
60 120 0 0.05 56 58 72.56350659833568 0.001360905144608182
60 120 0 0.05 58 60 66.91251207350332 0.001218133775068964
60 120 0 0.05 60 65 145.8298820538291 0.002526039329438845
60 120 0 0.05 65 70 120.3134145745483 0.005111113015601632
60 120 0 0.05 70 80 183.3492724748119 0.002713729763257788
60 120 0 0.05 80 90 129.1908657927934 0.001715551568594265
60 120 0 0.05 90 100 92.78818677099606 0.001125262569971142
60 120 0.05 0.1 0 0.5 -0.8343395338501922 1.880419055177995e-05
60 120 0.05 0.1 0.5 1 -1121.768292754403 0.03283812107497397
60 120 0.05 0.1 1 1.5 6.522689994202919 0.0002049596834750034
60 120 0.05 0.1 1.5 2 738.1739431228903 0.005555510540034447
60 120 0.05 0.1 2 2.5 893.3224354333009 0.0005199698972546685
60 120 0.05 0.1 2.5 3 893.1489564144413 0.002245397465799215
60 120 0.05 0.1 3 3.5 845.9071951022188 0.04089547348917222
60 120 0.05 0.1 3.5 4 785.9573081960384 0.03667644650613511
60 120 0.05 0.1 4 4.5 725.3933344775184 0.03292576490116517
60 120 0.05 0.1 4.5 5 668.4850668029388 0.02964696548190204
60 120 0.05 0.1 5 5.5 616.546120945297 0.02686945512368766
60 120 0.05 0.1 5.5 6 569.7076961652624 0.02445776805780042
60 120 0.05 0.1 6 6.5 527.6483381208145 0.02233754168855739
60 120 0.05 0.1 6.5 7 489.9142621618731 0.0204734118069041
60 120 0.05 0.1 7 7.5 456.0178651609713 0.01881082606115569
60 120 0.05 0.1 7.5 8 425.501491188749 0.0173433317048648
60 120 0.05 0.1 8 8.5 397.9541575851846 0.01605261741752884
60 120 0.05 0.1 8.5 9 373.0117103464629 0.01488758301462667
60 120 0.05 0.1 9 9.5 350.3592543005997 0.01384825859008743
60 120 0.05 0.1 9.5 10 329.7260706148226 0.01291394391671474
60 120 0.05 0.1 10 10.5 310.878660358593 0.01482582726470127
60 120 0.05 0.1 10.5 11 293.6137837580412 0.01281130155240362
60 120 0.05 0.1 11 11.5 277.7575462342018 0.01110393100964302
60 120 0.05 0.1 11.5 12 263.1588151749744 0.009947416978263846
60 120 0.05 0.1 12 12.5 249.6846807960359 0.009362579710767704
60 120 0.05 0.1 12.5 13 237.2200568731519 0.008828748480254944
60 120 0.05 0.1 13 13.5 225.6639464152981 0.008334501297127872
60 120 0.05 0.1 13.5 14 214.9285647406155 0.007884891529585047
60 120 0.05 0.1 14 14.5 204.9364435627264 0.007463698908793504
60 120 0.05 0.1 14.5 15 195.6186480234118 0.007072395441383605
60 120 0.05 0.1 15 16 365.686341521307 0.01308008793387216
60 120 0.05 0.1 16 17 335.1188992603106 0.01181810919496229
60 120 0.05 0.1 17 18 308.1581564361284 0.01071133944066105
60 120 0.05 0.1 18 19 284.247098544937 0.009742725390935902
60 120 0.05 0.1 19 20 262.9341957138514 0.008879637615677893
60 120 0.05 0.1 20 21 243.8499846620567 0.008123970206611375
60 120 0.05 0.1 21 22 226.6905184299566 0.010495115916342
60 120 0.05 0.1 22 23 211.2023101829972 0.00903891787194766
60 120 0.05 0.1 23 24 197.1710005723725 0.007673142841042591
60 120 0.05 0.1 24 25 184.4172590401104 0.006676219513479964
60 120 0.05 0.1 25 26 172.7884009747472 0.0057087221258314
60 120 0.05 0.1 26 27 162.1549978293393 0.004980660998427311
60 120 0.05 0.1 27 28 152.4055751781776 0.004585943503002454
60 120 0.05 0.1 28 29 143.4447318785157 0.004251691977117389
60 120 0.05 0.1 29 30 135.189162498146 0.003946143330210816
60 120 0.05 0.1 30 31 127.5663974621241 0.003666413421441916
60 120 0.05 0.1 31 32 120.5129789219514 0.003408570671922462
60 120 0.05 0.1 32 33 113.9737907760379 0.003174604541641202
60 120 0.05 0.1 33 34 107.8998747567899 0.002956618951373002
60 120 0.05 0.1 34 35 102.2484618321001 0.002757806100674998
60 120 0.05 0.1 35 36 96.98154676755114 0.002572438513510633
60 120 0.05 0.1 36 37 92.06546796764663 0.002402280954086677
60 120 0.05 0.1 37 38 87.47029367585721 0.0022458892737518
60 120 0.05 0.1 38 39 83.16883746468922 0.002099765915431817
60 120 0.05 0.1 39 40 79.1370117469435 0.001965711765123501
60 120 0.05 0.1 40 42 147.1509425636596 0.006769455652943179
60 120 0.05 0.1 42 44 133.7571811979338 0.005352436395696714
60 120 0.05 0.1 44 46 121.8692009745926 0.004164499942120869
60 120 0.05 0.1 46 48 111.2773319688118 0.003250614576714383
60 120 0.05 0.1 48 50 101.8071022381169 0.002530820287176994
60 120 0.05 0.1 50 52 93.31214973065394 0.001920306589383358
60 120 0.05 0.1 52 54 85.66981681076103 0.001708002862187641
60 120 0.05 0.1 54 56 78.77609937955206 0.001523623735394608
60 120 0.05 0.1 56 58 72.54282417627377 0.001360028099909982
60 120 0.05 0.1 58 60 66.89424033232774 0.001217841640837491
60 120 0.05 0.1 60 65 145.793015198949 0.002526582173061342
60 120 0.05 0.1 65 70 120.2858426852349 0.005122939761122325
60 120 0.05 0.1 70 80 183.3123311137966 0.002713148469609905
60 120 0.05 0.1 80 90 129.1633364928015 0.00171515726961502
60 120 0.05 0.1 90 100 92.76513104922752 0.00112510611332084
60 120 0.1 0.15 0 0.5 -0.8337115243678976 1.955759532534795e-05
60 120 0.1 0.15 0.5 1 -1119.99744465974 0.05334771101024671
60 120 0.1 0.15 1 1.5 7.810430859767612 0.0001379183790808369
60 120 0.1 0.15 1.5 2 738.6359444827176 0.0119400649060708
60 120 0.1 0.15 2 2.5 893.4526952936261 0.004740061094935299
60 120 0.1 0.15 2.5 3 893.121834891036 0.00191199153641719
60 120 0.1 0.15 3 3.5 845.7962316897501 0.04074431003550671
60 120 0.1 0.15 3.5 4 785.8143329330271 0.0366281238383408
60 120 0.1 0.15 4 4.5 725.2231761547132 0.03292259735621883
60 120 0.1 0.15 4.5 5 668.3112118183358 0.0296591919425282
60 120 0.1 0.15 5 5.5 616.3672177487903 0.02685409909418013
60 120 0.1 0.15 5.5 6 569.5263738727851 0.02439985422597601
60 120 0.1 0.15 6 6.5 527.4709555225953 0.02227218689722577
60 120 0.1 0.15 6.5 7 489.7391045753345 0.02043364401993131
60 120 0.1 0.15 7 7.5 455.8495573344132 0.01879033626477167
60 120 0.1 0.15 7.5 8 425.3400230980064 0.01734757863977165
60 120 0.1 0.15 8 8.5 397.7975497846016 0.01605008537416097
60 120 0.1 0.15 8.5 9 372.8605700089515 0.01487388961453462
60 120 0.1 0.15 9 9.5 350.2136126992923 0.01383801913925709
60 120 0.1 0.15 9.5 10 329.5853122460115 0.01290553880846801
60 120 0.1 0.15 10 10.5 310.7416573390324 0.01458914271546519
60 120 0.1 0.15 10.5 11 293.4828326835537 0.01286947049652554
60 120 0.1 0.15 11 11.5 277.631798386629 0.01111183389275539
60 120 0.1 0.15 11.5 12 263.0373213009003 0.009958023667877569
60 120 0.1 0.15 12 12.5 249.5671709310421 0.009371154879147525
60 120 0.1 0.15 12.5 13 237.1066443627096 0.008835680144386515
60 120 0.1 0.15 13 13.5 225.5541142244786 0.008340729629992438
60 120 0.1 0.15 13.5 14 214.822342213289 0.007877312413569371
60 120 0.1 0.15 14 14.5 204.8332062433968 0.007454706256538657
60 120 0.1 0.15 14.5 15 195.5190315171055 0.007065706961299156
60 120 0.1 0.15 15 16 365.4980661670775 0.0130676976466475
60 120 0.1 0.15 16 17 334.9427780931325 0.01180791153137761
60 120 0.1 0.15 17 18 307.9928922651128 0.01071160988169595
60 120 0.1 0.15 18 19 284.0908474551895 0.009741592371028673
60 120 0.1 0.15 19 20 262.7859792009396 0.008888818463674397
60 120 0.1 0.15 20 21 243.7102798713084 0.008124680939772588
60 120 0.1 0.15 21 22 226.5591231827617 0.0105348376287111
60 120 0.1 0.15 22 23 211.0778259220302 0.00898539882544469
60 120 0.1 0.15 23 24 197.0531459863732 0.007737234721247432
60 120 0.1 0.15 24 25 184.3052232250591 0.006606489247246827
60 120 0.1 0.15 25 26 172.6822785817344 0.005728831868452744
60 120 0.1 0.15 26 27 162.0545406503029 0.004951872232425103
60 120 0.1 0.15 27 28 152.3110039025264 0.004584124030174053
60 120 0.1 0.15 28 29 143.3555648531779 0.004251455828438111
60 120 0.1 0.15 29 30 135.1050282838541 0.00394400762394298
60 120 0.1 0.15 30 31 127.4865675753547 0.00366310294032246
60 120 0.1 0.15 31 32 120.4372147844894 0.003408869115418156
60 120 0.1 0.15 32 33 113.9016375067025 0.003170463106243915
60 120 0.1 0.15 33 34 107.8312170434241 0.002953785082681293
60 120 0.1 0.15 34 35 102.1832006154297 0.002756061823276923
60 120 0.1 0.15 35 36 96.91967524682727 0.002571075551429658
60 120 0.1 0.15 36 37 92.00704067059155 0.002400426740521766
60 120 0.1 0.15 37 38 87.41479045830543 0.00224420261096725
60 120 0.1 0.15 38 39 83.1161016215711 0.002099700713998232
60 120 0.1 0.15 39 40 79.08692341060285 0.001964117537141874
60 120 0.1 0.15 40 42 147.0577651410606 0.006703959132153159
60 120 0.1 0.15 42 44 133.6729516289687 0.00531492740086037
60 120 0.1 0.15 44 46 121.7935599639122 0.00415296157645173
60 120 0.1 0.15 46 48 111.2096732823508 0.003256647394650258
60 120 0.1 0.15 48 50 101.7463234372154 0.002531094078420892
60 120 0.1 0.15 50 52 93.25747740535394 0.001919969569740942
60 120 0.1 0.15 52 54 85.62060142314405 0.001707257420548558
60 120 0.1 0.15 54 56 78.73207955940697 0.001522724895608008
60 120 0.1 0.15 56 58 72.50363794478886 0.00135992997606138
60 120 0.1 0.15 58 60 66.85939449388009 0.001217265103406362
60 120 0.1 0.15 60 65 145.7204986151884 0.002525668528335245
60 120 0.1 0.15 65 70 120.2295871379645 0.005123445491349798
60 120 0.1 0.15 70 80 183.2320526525944 0.002711829933247145
60 120 0.1 0.15 80 90 129.1043497806222 0.001715262063584078
60 120 0.1 0.15 90 100 92.71805367968506 0.001125024169738253
60 120 0.15 0.2 0 0.5 -0.8328004843953351 1.921697723117344e-05
60 120 0.15 0.2 0.5 1 -1117.088089261471 0.02878364630100805
60 120 0.15 0.2 1 1.5 9.932585846580237 4.967765368135701e-05
60 120 0.15 0.2 1.5 2 739.3224855286875 0.002625843416467433
60 120 0.15 0.2 2 2.5 893.6324529752255 0.010140161478148
60 120 0.15 0.2 2.5 3 893.081632186251 0.01125038941768253
60 120 0.15 0.2 3 3.5 845.6319700450042 0.04060432001347181
60 120 0.15 0.2 3.5 4 785.5738453747675 0.0365067643652992
60 120 0.15 0.2 4 4.5 724.9535668889838 0.03285750528641529
60 120 0.15 0.2 4.5 5 668.0265419418325 0.02966929747356062
60 120 0.15 0.2 5 5.5 616.0808745108989 0.02686939424370394
60 120 0.15 0.2 5.5 6 569.2389932441422 0.02443123313537399
60 120 0.15 0.2 6 6.5 527.1870137505626 0.02230296786649433
60 120 0.15 0.2 6.5 7 489.4634555610826 0.02040415232949044
60 120 0.15 0.2 7 7.5 455.5812777539331 0.01876559690515478
60 120 0.15 0.2 7.5 8 425.0795800015114 0.01730321924338796
60 120 0.15 0.2 8 8.5 397.5459906241286 0.01601376150779288
60 120 0.15 0.2 8.5 9 372.6167974230999 0.01487737193531302
60 120 0.15 0.2 9 9.5 349.9774059769367 0.01383754848649232
60 120 0.15 0.2 9.5 10 329.3574213771031 0.01290199718454232
60 120 0.15 0.2 10 10.5 310.5230782175252 0.01473833335137442
60 120 0.15 0.2 10.5 11 293.2721898406248 0.01275628711943
60 120 0.15 0.2 11 11.5 277.4293813720238 0.01119328659069652
60 120 0.15 0.2 11.5 12 262.8423885167525 0.009938219438197393
60 120 0.15 0.2 12 12.5 249.3793215789589 0.009356857528075579
60 120 0.15 0.2 12.5 13 236.9244790127853 0.008819849500810051
60 120 0.15 0.2 13 13.5 225.3783034400718 0.008336134564842723
60 120 0.15 0.2 13.5 14 214.6522315468583 0.007875049472289675
60 120 0.15 0.2 14 14.5 204.669012745336 0.007454095912606817
60 120 0.15 0.2 14.5 15 195.3607292786288 0.007063313817695871
60 120 0.15 0.2 15 16 365.1978847525989 0.01306586988096115
60 120 0.15 0.2 16 17 334.6624478125165 0.01179367542812315
60 120 0.15 0.2 17 18 307.7298311346083 0.01069572925644025
60 120 0.15 0.2 18 19 283.8438734976777 0.009723388879024242
60 120 0.15 0.2 19 20 262.5542543546258 0.008876314093868132
60 120 0.15 0.2 20 21 243.4936113282202 0.008115489607519066
60 120 0.15 0.2 21 22 226.3559181110151 0.01061220575621746
60 120 0.15 0.2 22 23 210.8861934807535 0.00894508122149773
60 120 0.15 0.2 23 24 196.8721638765774 0.007728288674712758
60 120 0.15 0.2 24 25 184.1340482089666 0.006580035039633003
60 120 0.15 0.2 25 26 172.5205780944677 0.005701065177078135
60 120 0.15 0.2 26 27 161.9019911791843 0.004950555933191936
60 120 0.15 0.2 27 28 152.1673029140742 0.004578866106527357
60 120 0.15 0.2 28 29 143.220174059009 0.00424826946846224
60 120 0.15 0.2 29 30 134.9771368530293 0.003943223173791921
60 120 0.15 0.2 30 31 127.365702049556 0.003661254386798873
60 120 0.15 0.2 31 32 120.3230024011258 0.003407814810913123
60 120 0.15 0.2 32 33 113.7936259886531 0.003171258724407267
60 120 0.15 0.2 33 34 107.7292342720379 0.002954132076126825
60 120 0.15 0.2 34 35 102.0869542726282 0.002754443884654734
60 120 0.15 0.2 35 36 96.82901352887386 0.002570988070857538
60 120 0.15 0.2 36 37 91.92126950156999 0.002401206945322087
60 120 0.15 0.2 37 38 87.3336103123342 0.002242956237708427
60 120 0.15 0.2 38 39 83.03925172060153 0.00209894571668201
60 120 0.15 0.2 39 40 79.01397071176433 0.001964203790905117
60 120 0.15 0.2 40 42 146.9232752781228 0.006721453205841499
60 120 0.15 0.2 42 44 133.5524545534866 0.005238455673861608
60 120 0.15 0.2 44 46 121.6861550926123 0.004172444649697127
60 120 0.15 0.2 46 48 111.1135909353921 0.003282536350610599
60 120 0.15 0.2 48 50 101.6599649700029 0.002510058718343089
60 120 0.15 0.2 50 52 93.17984482492865 0.001919523468913553
60 120 0.15 0.2 52 54 85.55081569003359 0.001706425896728092
60 120 0.15 0.2 54 56 78.66956263672266 0.001522212432647052
60 120 0.15 0.2 56 58 72.44757305625362 0.001358639444646315
60 120 0.15 0.2 58 60 66.80871675253749 0.001217155342942533
60 120 0.15 0.2 60 65 145.6126911308311 0.002524851546581885
60 120 0.15 0.2 65 70 120.143401101339 0.005070651596284392
60 120 0.15 0.2 70 80 183.1020856944674 0.002711519556839903
60 120 0.15 0.2 80 90 129.0106962659338 0.00171457504345085
60 120 0.15 0.2 90 100 92.64700532411919 0.001124681154067275
60 120 0.2 0.25 0 0.5 -0.8316373599871884 1.932025723050401e-05
60 120 0.2 0.25 0.5 1 -1113.513196064526 0.01307889408394658
60 120 0.2 0.25 1 1.5 12.46835387050943 0.0002568123784136844
60 120 0.2 0.25 1.5 2 739.9712009009215 0.02590895589742104
60 120 0.2 0.25 2 2.5 893.58184738364 0.02287570627436253
60 120 0.2 0.25 2.5 3 892.7701270398379 0.02319083689360468
60 120 0.2 0.25 3 3.5 845.2136656244049 0.04088153871634859
60 120 0.2 0.25 3.5 4 785.1038318509711 0.03661196801874667
60 120 0.2 0.25 4 4.5 724.4618640639497 0.03290595930923246
60 120 0.2 0.25 4.5 5 667.5309916681333 0.02967324496978563
60 120 0.2 0.25 5 5.5 615.5889112503542 0.02689866388300288
60 120 0.2 0.25 5.5 6 568.7585617407614 0.02446403064448077
60 120 0.2 0.25 6 6.5 526.7219131561309 0.02234158723013024
60 120 0.2 0.25 6.5 7 489.0177119644151 0.0204584860634327
60 120 0.2 0.25 7 7.5 455.1548259125973 0.018822812182691
60 120 0.2 0.25 7.5 8 424.6717741012789 0.01735883577401864
60 120 0.2 0.25 8 8.5 397.1550902408562 0.01605761588433552
60 120 0.2 0.25 8.5 9 372.2421950916423 0.01489600208071806
60 120 0.2 0.25 9 9.5 349.6182700297088 0.01383782523470245
60 120 0.2 0.25 9.5 10 329.013300686029 0.01290703762452949
60 120 0.2 0.25 10 10.5 310.1946848652915 0.01484814258020606
60 120 0.2 0.25 10.5 11 292.9575109930646 0.01268955882642331
60 120 0.2 0.25 11 11.5 277.1279810336699 0.01118662289496797
60 120 0.2 0.25 11.5 12 262.5531391617465 0.009963714699892989
60 120 0.2 0.25 12 12.5 249.1014273602786 0.009371926712958611
60 120 0.2 0.25 12.5 13 236.6575453488216 0.008824323216742869
60 120 0.2 0.25 13 13.5 225.1217701838788 0.00833346755104003
60 120 0.2 0.25 13.5 14 214.4056540254227 0.007877071264061897
60 120 0.2 0.25 14 14.5 204.4328850956873 0.007454751945260796
60 120 0.2 0.25 14.5 15 195.1339652346983 0.0070616019984584
60 120 0.2 0.25 15 16 364.7707874565491 0.01306814498281028
60 120 0.2 0.25 16 17 334.2664406844719 0.01181036558784854
60 120 0.2 0.25 17 18 307.3611072185681 0.0107004975958489
60 120 0.2 0.25 18 19 283.5003997077671 0.009732415319888332
60 120 0.2 0.25 19 20 262.235372071437 0.008872061258898611
60 120 0.2 0.25 20 21 243.1969500653064 0.008111996473047611
60 120 0.2 0.25 21 22 226.0788453983769 0.01053076981122558
60 120 0.2 0.25 22 23 210.6272878592569 0.009018158693749001
60 120 0.2 0.25 23 24 196.6293935028705 0.007632657709990553
60 120 0.2 0.25 24 25 183.9067844227622 0.00661856689160345
60 120 0.2 0.25 25 26 172.3074304934653 0.005616803974561435
60 120 0.2 0.25 26 27 161.7025606239001 0.004948670695114288
60 120 0.2 0.25 27 28 151.980104752291 0.004580424101078506
60 120 0.2 0.25 28 29 143.0441348553715 0.00424396414206285
60 120 0.2 0.25 29 30 134.8111784953745 0.003940734819281033
60 120 0.2 0.25 30 31 127.2094255668511 0.003659900491840062
60 120 0.2 0.25 31 32 120.1756408082568 0.003402066289140748
60 120 0.2 0.25 32 33 113.6549641817585 0.00316886359127011
60 120 0.2 0.25 33 34 107.59891865342 0.002952546667884803
60 120 0.2 0.25 34 35 101.9646935371387 0.002751205011833235
60 120 0.2 0.25 35 36 96.71389391423287 0.002568264100986539
60 120 0.2 0.25 36 37 91.81270665635125 0.002399141274111116
60 120 0.2 0.25 37 38 87.23123093460251 0.002240739724058471
60 120 0.2 0.25 38 39 82.94245225287426 0.002096349841281153
60 120 0.2 0.25 39 40 78.92251491879337 0.00196331437021513
60 120 0.2 0.25 40 42 146.7550653551592 0.006655202626575374
60 120 0.2 0.25 42 44 133.4025914255817 0.005296144546690584
60 120 0.2 0.25 44 46 121.552073142915 0.004169059816348408
60 120 0.2 0.25 46 48 110.9929534335043 0.003279397724938349
60 120 0.2 0.25 48 50 101.5511245248812 0.002532864221294062
60 120 0.2 0.25 50 52 93.08137491104414 0.001917643919611578
60 120 0.2 0.25 52 54 85.46195389990079 0.001705900295945639
60 120 0.2 0.25 54 56 78.58912469704016 0.001520666268817195
60 120 0.2 0.25 56 58 72.37420202123604 0.001358303801950456
60 120 0.2 0.25 58 60 66.74139265836754 0.001216286111386466
60 120 0.2 0.25 60 65 145.4668916289619 0.002523094260169501
60 120 0.2 0.25 65 70 120.02427005073 0.004894882682890511
60 120 0.2 0.25 70 80 182.918700813359 0.002709970355226687
60 120 0.2 0.25 80 90 128.8805490961061 0.001713690467937568
60 120 0.2 0.25 90 100 92.55133268602637 0.001124421148190891
60 120 0.25 0.3 0 0.5 -0.8302017440280336 1.947194806961594e-05
60 120 0.25 0.3 0.5 1 -1110.098942051711 0.02664761881942468
60 120 0.25 0.3 1 1.5 14.28091029865345 0.0001378550183854799
60 120 0.25 0.3 1.5 2 739.9944986967283 0.002348944423488319
60 120 0.25 0.3 2 2.5 892.9756828036943 0.02955660952136441
60 120 0.25 0.3 2.5 3 891.9227226939551 0.02170723634537808
60 120 0.25 0.3 3 3.5 844.2976362887258 0.04064749288011171
60 120 0.25 0.3 3.5 4 784.1952795411737 0.03653465872127981
60 120 0.25 0.3 4 4.5 723.5964138807615 0.03284036361469589
60 120 0.25 0.3 4.5 5 666.71015904418 0.02957904299171332
60 120 0.25 0.3 5 5.5 614.8102240798071 0.02677314225161354
60 120 0.25 0.3 5.5 6 568.0197797947236 0.02432164564493178
60 120 0.25 0.3 6 6.5 526.0240347327499 0.02224050302356773
60 120 0.25 0.3 6.5 7 488.3589094691148 0.0203673380178202
60 120 0.25 0.3 7 7.5 454.5322878920275 0.01874284898553924
60 120 0.25 0.3 7.5 8 424.0837651968372 0.01731190492841961
60 120 0.25 0.3 8 8.5 396.5986913269309 0.01598950437113444
60 120 0.25 0.3 8.5 9 371.7143547513198 0.01484139376640314
60 120 0.25 0.3 9 9.5 349.1189052385408 0.01382438163102506
60 120 0.25 0.3 9.5 10 328.541481063049 0.01287512250610234
60 120 0.25 0.3 10 10.5 309.7472209551037 0.01465145194214301
60 120 0.25 0.3 10.5 11 292.5335577522499 0.01283531367784008
60 120 0.25 0.3 11 11.5 276.7246250624111 0.01107538217058845
60 120 0.25 0.3 11.5 12 262.1693851528864 0.009928619681488726
60 120 0.25 0.3 12 12.5 248.7350730157941 0.009350666881232428
60 120 0.25 0.3 12.5 13 236.3081450742528 0.008823758404304272
60 120 0.25 0.3 13 13.5 224.7879261187141 0.008323150262100398
60 120 0.25 0.3 13.5 14 214.0877068880286 0.007863676021571564
60 120 0.25 0.3 14 14.5 204.1292019461694 0.007444491520345764
60 120 0.25 0.3 14.5 15 194.8439233287736 0.007057689633910513
60 120 0.25 0.3 15 16 364.2274276372877 0.01303907702708784
60 120 0.25 0.3 16 17 333.7667970784656 0.01178195453570652
60 120 0.25 0.3 17 18 306.9007302781779 0.01068704603221704
60 120 0.25 0.3 18 19 283.0762475596836 0.009720000090965186
60 120 0.25 0.3 19 20 261.8447225528408 0.008874454889337358
60 120 0.25 0.3 20 21 242.8354101862035 0.008105299747512618
60 120 0.25 0.3 21 22 225.7433196095157 0.01050137268006779
60 120 0.25 0.3 22 23 210.3150414209667 0.008969227666227653
60 120 0.25 0.3 23 24 196.3386173643842 0.007642755788822342
60 120 0.25 0.3 24 25 183.6357440718662 0.006516061094572478
60 120 0.25 0.3 25 26 172.0553229298164 0.005681979333758136
60 120 0.25 0.3 26 27 161.4672709840792 0.004944149872954995
60 120 0.25 0.3 27 28 151.7601671320378 0.004575314699764021
60 120 0.25 0.3 28 29 142.837808348658 0.004241166467153334
60 120 0.25 0.3 29 30 134.617580765093 0.003938497236845251
60 120 0.25 0.3 30 31 127.0273348047012 0.003655381012336534
60 120 0.25 0.3 31 32 120.0045704119925 0.003401332646859601
60 120 0.25 0.3 32 33 113.494322795731 0.003166771219483167
60 120 0.25 0.3 33 34 107.4479850075237 0.002947590279589463
60 120 0.25 0.3 34 35 101.8224782613882 0.002750189516646628
60 120 0.25 0.3 35 36 96.57969633885055 0.002567196195897736
60 120 0.25 0.3 36 37 91.6861034467382 0.002395966338454514
60 120 0.25 0.3 37 38 87.11152402815988 0.00224023874652346
60 120 0.25 0.3 38 39 82.82931685012274 0.002095858680718266
60 120 0.25 0.3 39 40 78.8155934530751 0.001961064721882622
60 120 0.25 0.3 40 42 146.5585319646498 0.006624989910164913
60 120 0.25 0.3 42 44 133.2264764207463 0.005311454507591407
60 120 0.25 0.3 44 46 121.3930458486387 0.004223897430250645
60 120 0.25 0.3 46 48 110.8485238155225 0.003268758164665542
60 120 0.25 0.3 48 50 101.4195851653743 0.002508713376741412
60 120 0.25 0.3 50 52 92.96165633166373 0.001915636861369308
60 120 0.25 0.3 52 54 85.35267157926188 0.001704916864511574
60 120 0.25 0.3 54 56 78.48868823423959 0.001519238427448499
60 120 0.25 0.3 56 58 72.28143332147825 0.001357462757894723
60 120 0.25 0.3 58 60 66.65559452543806 0.001215071588390515
60 120 0.25 0.3 60 65 145.2798012779477 0.002521292196121294
60 120 0.25 0.3 65 70 119.8698819388981 0.004838986644045917
60 120 0.25 0.3 70 80 182.6820361183573 0.002708243466997828
60 120 0.25 0.3 80 90 128.7129391292352 0.001712895568260819
60 120 0.25 0.3 90 100 92.43014784966995 0.001124115320038754
60 120 0.3 0.35 0 0.5 -0.8284097092709727 1.917698403097745e-05
60 120 0.3 0.35 0.5 1 -1107.167921552496 0.0114977178884601
60 120 0.3 0.35 1 1.5 15.13545781877281 0.0004476692690573714
60 120 0.3 0.35 1.5 2 739.2039821825455 0.007866258011972604
60 120 0.3 0.35 2 2.5 891.7491603787263 0.008190543422870178
60 120 0.3 0.35 2.5 3 890.5945325511705 0.006859060555484575
60 120 0.3 0.35 3 3.5 842.9676232017792 0.04070453261545026
60 120 0.3 0.35 3.5 4 782.9181058181284 0.03652291489459003
60 120 0.3 0.35 4 4.5 722.399555158633 0.03285356005665108
60 120 0.3 0.35 4.5 5 665.5988897291405 0.02964300865914993
60 120 0.3 0.35 5 5.5 613.7807193313644 0.02685683061406507
60 120 0.3 0.35 5.5 6 567.0657733677768 0.02443270923754426
60 120 0.3 0.35 6 6.5 525.1400038493696 0.02224401850980939
60 120 0.3 0.35 6.5 7 487.5367842557507 0.02041180842348922
60 120 0.3 0.35 7 7.5 453.7653533054706 0.01873552618712893
60 120 0.3 0.35 7.5 8 423.3656630573871 0.01728407377601116
60 120 0.3 0.35 8 8.5 395.9243306084396 0.01602719995730695
60 120 0.3 0.35 8.5 9 371.0806505747507 0.01484854731404539
60 120 0.3 0.35 9 9.5 348.5230982983929 0.01381931678304227
60 120 0.3 0.35 9.5 10 327.9812544973793 0.0129009574498582
60 120 0.3 0.35 10 10.5 309.2188802315063 0.01457475306125389
60 120 0.3 0.35 10.5 11 292.0346706135874 0.01280068671468371
60 120 0.3 0.35 11 11.5 276.2526729923549 0.01111379300931503
60 120 0.3 0.35 11.5 12 261.7217928065181 0.009932912914962344
60 120 0.3 0.35 12 12.5 248.3105018863414 0.009341693984652011
60 120 0.3 0.35 12.5 13 235.9050371501149 0.008817049545626787
60 120 0.3 0.35 13 13.5 224.4056765102752 0.008321492489784532
60 120 0.3 0.35 13.5 14 213.7248679274678 0.007861265419307983
60 120 0.3 0.35 14 14.5 203.7840921433553 0.007441616002097362
60 120 0.3 0.35 14.5 15 194.5153938769081 0.007054935802983664
60 120 0.3 0.35 15 16 363.6137732779974 0.01303983275488463
60 120 0.3 0.35 16 17 333.2051041354813 0.01177858943134424
60 120 0.3 0.35 17 18 306.3859148021189 0.01067041978950556
60 120 0.3 0.35 18 19 282.6044474389594 0.009707326481589007
60 120 0.3 0.35 19 20 261.4103501135154 0.008850400628148236
60 120 0.3 0.35 20 21 242.4343410236881 0.00809975298582799
60 120 0.3 0.35 21 22 225.3717602303904 0.01055310316243663
60 120 0.3 0.35 22 23 209.9699513939129 0.008875567172566434
60 120 0.3 0.35 23 24 196.0180359840626 0.007630119596200302
60 120 0.3 0.35 24 25 183.3378088883027 0.006501671724208791
60 120 0.3 0.35 25 26 171.7779812264651 0.005679747501886823
60 120 0.3 0.35 26 27 161.2081448436927 0.004936692831392975
60 120 0.3 0.35 27 28 151.5173030217648 0.004569333853396529
60 120 0.3 0.35 28 29 142.609900261956 0.004237130503724984
60 120 0.3 0.35 29 30 134.4034358444903 0.003933224401833968
60 120 0.3 0.35 30 31 126.826106796413 0.00365219239461112
60 120 0.3 0.35 31 32 119.8155642842761 0.003399659892835416
60 120 0.3 0.35 32 33 113.3164550437872 0.003163501176672412
60 120 0.3 0.35 33 34 107.2801758973472 0.002946139843544415
60 120 0.3 0.35 34 35 101.6636678486231 0.002748681686753685
60 120 0.3 0.35 35 36 96.42928196201656 0.00256445082686696
60 120 0.3 0.35 36 37 91.54331697630367 0.002393838408963234
60 120 0.3 0.35 37 38 86.97597360594493 0.002238418182344049
60 120 0.3 0.35 38 39 82.7006567879986 0.002093140394023862
60 120 0.3 0.35 39 40 78.69341253755718 0.00195848037600399
60 120 0.3 0.35 40 42 146.3323536788941 0.006728041566930187
60 120 0.3 0.35 42 44 133.021110709768 0.005326012829527826
60 120 0.3 0.35 44 46 121.2054989541659 0.004194276423106658
60 120 0.3 0.35 46 48 110.6767605872055 0.003277680950176887
60 120 0.3 0.35 48 50 101.2622036132441 0.002473474169661927
60 120 0.3 0.35 50 52 92.817438277997 0.001919430925781285
60 120 0.3 0.35 52 54 85.21981494216617 0.001702919920020918
60 120 0.3 0.35 54 56 78.36590047899608 0.001517937171087169
60 120 0.3 0.35 56 58 72.16786767679805 0.001356423131824158
60 120 0.3 0.35 58 60 66.55062812020901 0.001214233920549646
60 120 0.3 0.35 60 65 145.0513808083477 0.002518825654021839
60 120 0.3 0.35 65 70 119.6802197672755 0.004904490745119006
60 120 0.3 0.35 70 80 182.3925069256827 0.002706090194493527
60 120 0.3 0.35 80 90 128.5079322068463 0.001711898584090932
60 120 0.3 0.35 90 100 92.28263196991209 0.001123473610917358
60 120 0.35 0.4 0 0.5 -0.8263668847762793 1.874431620885186e-05
60 120 0.35 0.4 0.5 1 -1104.30866607863 0.03997297071259709
60 120 0.35 0.4 1 1.5 15.88707448672613 5.037951347297565e-05
60 120 0.35 0.4 1.5 2 738.2425890842601 0.03555073270797493
60 120 0.35 0.4 2 2.5 890.3462413514083 0.02446510630170451
60 120 0.35 0.4 2.5 3 889.1257183495602 0.01762130975043874
60 120 0.35 0.4 3 3.5 841.5372541547491 0.04067234320064017
60 120 0.35 0.4 3.5 4 781.5694304211884 0.03662187797146998
60 120 0.35 0.4 4 4.5 721.1375905523166 0.03285895273802453
60 120 0.35 0.4 4.5 5 664.4221688097261 0.02963167715427062
60 120 0.35 0.4 5 5.5 612.685716716575 0.02678158641288064
60 120 0.35 0.4 5.5 6 566.0514826812791 0.02434319822816633
60 120 0.35 0.4 6 6.5 524.203481180708 0.02224979493041701
60 120 0.35 0.4 6.5 7 486.6697503003742 0.02035734314148385
60 120 0.35 0.4 7 7.5 452.9602873752555 0.01874819059889887
60 120 0.35 0.4 7.5 8 422.6139660706577 0.01726463907607467
60 120 0.35 0.4 8 8.5 395.2209429965263 0.01595406906272956
60 120 0.35 0.4 8.5 9 370.4226801953003 0.01481665931771659
60 120 0.35 0.4 9 9.5 347.906936731536 0.01376333098346549
60 120 0.35 0.4 9.5 10 327.4022115296829 0.01283470442575663
60 120 0.35 0.4 10 10.5 308.6740017643417 0.01474864001812648
60 120 0.35 0.4 10.5 11 291.5198063248469 0.01267369096188986
60 120 0.35 0.4 11 11.5 275.7655030001327 0.01120367198291206
60 120 0.35 0.4 11.5 12 261.2592952044561 0.009912065116509439
60 120 0.35 0.4 12 12.5 247.8720041016468 0.009331673915340843
60 120 0.35 0.4 12.5 13 235.4889608387748 0.008791884527482807
60 120 0.35 0.4 13 13.5 224.0113815484453 0.00829460345491384
60 120 0.35 0.4 13.5 14 213.3496544857267 0.007847246810371189
60 120 0.35 0.4 14 14.5 203.4270101622071 0.007429932795332661
60 120 0.35 0.4 14.5 15 194.1743302308234 0.007036583413963626
60 120 0.35 0.4 15 16 362.9766103247612 0.01301590066839253
60 120 0.35 0.4 16 17 332.6216522601525 0.01176861410840502
60 120 0.35 0.4 17 18 305.8511284138457 0.01066514477349756
60 120 0.35 0.4 18 19 282.1131314932703 0.009705375903479307
60 120 0.35 0.4 19 20 260.9565530427108 0.00884441946732295
60 120 0.35 0.4 20 21 242.0131714060596 0.008092119472564718
60 120 0.35 0.4 21 22 224.9798426719391 0.01050349799191963
60 120 0.35 0.4 22 23 209.6047202622346 0.008900892423895357
60 120 0.35 0.4 23 24 195.6774697375716 0.007527579177491361
60 120 0.35 0.4 24 25 183.0202397690927 0.006592676477708892
60 120 0.35 0.4 25 26 171.4801688294838 0.005646049200123571
60 120 0.35 0.4 26 27 160.9283443763436 0.004954037959237212
60 120 0.35 0.4 27 28 151.2537237946385 0.004567916717491016
60 120 0.35 0.4 28 29 142.3614180242508 0.004231842901901928
60 120 0.35 0.4 29 30 134.1688159323795 0.003928476557547356
60 120 0.35 0.4 30 31 126.6049108498104 0.003649033317898898
60 120 0.35 0.4 31 32 119.6064460752619 0.003392597548980802
60 120 0.35 0.4 32 33 113.1182998232093 0.003159502350854382
60 120 0.35 0.4 33 34 107.0918316184642 0.002942525704156651
60 120 0.35 0.4 34 35 101.4845716715424 0.002744066020881064
60 120 0.35 0.4 35 36 96.25871526366043 0.002561240308864399
60 120 0.35 0.4 36 37 91.38077044163857 0.00239148117479715
60 120 0.35 0.4 37 38 86.82111472917062 0.002235220002290816
60 120 0.35 0.4 38 39 82.55308651023751 0.002090659326995592
60 120 0.35 0.4 39 40 78.55283383477445 0.001956594089236319
60 120 0.35 0.4 40 42 146.0696251606403 0.006694545267464491
60 120 0.35 0.4 42 44 132.7804770583406 0.005334377395996626
60 120 0.35 0.4 44 46 120.9847880017148 0.004162955254969347
60 120 0.35 0.4 46 48 110.4745386706634 0.003202075527667603
60 120 0.35 0.4 48 50 101.0772269264889 0.002535752502140554
60 120 0.35 0.4 50 52 92.64728590724347 0.001912493310172181
60 120 0.35 0.4 52 54 85.06278758403316 0.001701321568489789
60 120 0.35 0.4 54 56 78.22081279238247 0.001516412704646086
60 120 0.35 0.4 56 58 72.03394003775199 0.001354592357017737
60 120 0.35 0.4 58 60 66.42720563026741 0.001212778321558972
60 120 0.35 0.4 60 65 144.7815662589879 0.002516759422434234
60 120 0.35 0.4 65 70 119.4559490880742 0.005011300004866825
60 120 0.35 0.4 70 80 182.0503595502723 0.002703901181632773
60 120 0.35 0.4 80 90 128.2659084659303 0.001710840292986404
60 120 0.35 0.4 90 100 92.10836450709415 0.001122908543507606
60 120 0.4 0.45 0 0.5 -0.8241599376062199 1.927655085698365e-05
60 120 0.4 0.45 0.5 1 -1100.328483354892 0.01090336862375807
60 120 0.4 0.45 1 1.5 17.9874015206725 0.0002785334594683775
60 120 0.4 0.45 1.5 2 738.1543097476299 0.002707129278405773
60 120 0.4 0.45 2 2.5 889.5418502484347 0.03890813025805073
60 120 0.4 0.45 2.5 3 888.0776230728242 0.02629030060643345
60 120 0.4 0.45 3 3.5 840.4219802342648 0.04054110409106215
60 120 0.4 0.45 3.5 4 780.4748813690329 0.03629505687320034
60 120 0.4 0.45 4 4.5 720.0869147367956 0.03271290700604368
60 120 0.4 0.45 4.5 5 663.4222273711678 0.02949624779228088
60 120 0.4 0.45 5 5.5 611.7377570129098 0.02680857322354768
60 120 0.4 0.45 5.5 6 565.1582860342567 0.02433638503816837
60 120 0.4 0.45 6 6.5 523.3634148544735 0.02223558858747765
60 120 0.4 0.45 6.5 7 485.8798558051703 0.02035501016047192
60 120 0.4 0.45 7 7.5 452.216840815368 0.01870995026592936
60 120 0.4 0.45 7.5 8 421.9140961902608 0.01728609513276069
60 120 0.4 0.45 8 8.5 394.56160487879 0.01598569615481438
60 120 0.4 0.45 8.5 9 369.802091679306 0.0148433833367676
60 120 0.4 0.45 9 9.5 347.3220072700273 0.01380796434659715
60 120 0.4 0.45 9.5 10 326.8486634915047 0.01286283925765019
60 120 0.4 0.45 10 10.5 308.1494112181878 0.01476208628292852
60 120 0.4 0.45 10.5 11 291.0209230037632 0.01273699044799059
60 120 0.4 0.45 11 11.5 275.2899905961285 0.01107059605243421
60 120 0.4 0.45 11.5 12 260.8067464188169 0.009910887891976472
60 120 0.4 0.45 12 12.5 247.4408191116159 0.009329003684996451
60 120 0.4 0.45 12.5 13 235.0787502828357 0.008799904688743254
60 120 0.4 0.45 13 13.5 223.61941417895 0.008307437735368239
60 120 0.4 0.45 13.5 14 212.9747260529436 0.007851486577436617
60 120 0.4 0.45 14 14.5 203.0674593965464 0.007430940048323009
60 120 0.4 0.45 14.5 15 193.8291293637239 0.007042276881321641
60 120 0.4 0.45 15 16 362.3259884578036 0.01301292219147854
60 120 0.4 0.45 16 17 332.0203642550647 0.0117580839661855
60 120 0.4 0.45 17 18 305.2951786586361 0.0106562520687703
60 120 0.4 0.45 18 19 281.5966651291007 0.009694520025959719
60 120 0.4 0.45 19 20 260.4751999586484 0.008843554260863584
60 120 0.4 0.45 20 21 241.5629579772579 0.008084830523671371
60 120 0.4 0.45 21 22 224.5579093080805 0.01038976392950985
60 120 0.4 0.45 22 23 209.2095039068461 0.008837444799240757
60 120 0.4 0.45 23 24 195.3070141972347 0.007602118591307772
60 120 0.4 0.45 24 25 182.6713019442373 0.00654820318510474
60 120 0.4 0.45 25 26 171.1509072225466 0.005694779995053523
60 120 0.4 0.45 26 27 160.6167721293888 0.004925252773034572
60 120 0.4 0.45 27 28 150.9588980930534 0.004559946493600364
60 120 0.4 0.45 28 29 142.0821577569262 0.004226327867883128
60 120 0.4 0.45 29 30 133.9048963636205 0.0039229204822675
60 120 0.4 0.45 30 31 126.3547908187863 0.003643920753873431
60 120 0.4 0.45 31 32 119.3689952051599 0.003387709625542357
60 120 0.4 0.45 32 33 112.8924150095701 0.003153907989030813
60 120 0.4 0.45 33 34 106.8768247175037 0.002937605673153598
60 120 0.4 0.45 34 35 101.2797224200761 0.002739417801990385
60 120 0.4 0.45 35 36 96.06342202627664 0.002557346781657088
60 120 0.4 0.45 36 37 91.194826256887 0.002387856923832032
60 120 0.4 0.45 37 38 86.64405484346186 0.002232403475289857
60 120 0.4 0.45 38 39 82.38437900694406 0.002088488874548489
60 120 0.4 0.45 39 40 78.3916918467753 0.00195437820251243
60 120 0.4 0.45 40 42 145.7681028819908 0.006682907644631086
60 120 0.4 0.45 42 44 132.5040962590864 0.005264588982356599
60 120 0.4 0.45 44 46 120.7314979434327 0.004107148850906128
60 120 0.4 0.45 46 48 110.2428422836887 0.003238188593229552
60 120 0.4 0.45 48 50 100.8644366355815 0.002519288766279715
60 120 0.4 0.45 50 52 92.45125392299232 0.001924044486315779
60 120 0.4 0.45 52 54 84.88191555640196 0.001699179222541147
60 120 0.4 0.45 54 56 78.05402632551495 0.001514460490412262
60 120 0.4 0.45 56 58 71.88033034674446 0.001353103375834053
60 120 0.4 0.45 58 60 66.28539651566231 0.001211259252443142
60 120 0.4 0.45 60 65 144.4703621215072 0.002513695712792696
60 120 0.4 0.45 65 70 119.1980353081028 0.005081962081959546
60 120 0.4 0.45 70 80 181.6557980200834 0.00270174956210667
60 120 0.4 0.45 80 90 127.9872364990271 0.001709460527351325
60 120 0.4 0.45 90 100 91.90769230758592 0.001122139825852742
60 120 0.45 0.5 0 0.5 -0.8215857746697588 1.948436554521926e-05
60 120 0.45 0.5 0.5 1 -1094.371835115843 0.02187814157900903
60 120 0.45 0.5 1 1.5 22.05871827483449 0.0001134670204656629
60 120 0.45 0.5 1.5 2 739.1498450640214 0.003448409882366832
60 120 0.45 0.5 2 2.5 889.4589592130599 0.007582010475971401
60 120 0.45 0.5 2.5 3 887.5173348572679 0.00716035276036564
60 120 0.45 0.5 3 3.5 839.6430444354787 0.04077166881415906
60 120 0.45 0.5 3.5 4 779.6104704445175 0.03665977314904012
60 120 0.45 0.5 4 4.5 719.1971946817224 0.0328545655461312
60 120 0.45 0.5 4.5 5 662.5356472532652 0.02960900084644891
60 120 0.45 0.5 5 5.5 610.8717707104522 0.02675949953754753
60 120 0.45 0.5 5.5 6 564.3255633951544 0.02435284241857971
60 120 0.45 0.5 6 6.5 522.5639026532222 0.02223289700634723
60 120 0.45 0.5 6.5 7 485.1137939056392 0.02038617961670752
60 120 0.45 0.5 7 7.5 451.4824914357669 0.01874307996286007
60 120 0.45 0.5 7.5 8 421.2114667318496 0.01727855735049388
60 120 0.45 0.5 8 8.5 393.8918963471565 0.01598124478618956
60 120 0.45 0.5 8.5 9 369.1649041806072 0.01481609060573419
60 120 0.45 0.5 9 9.5 346.7151377328229 0.01377610763211123
60 120 0.45 0.5 9.5 10 326.2706285853279 0.01285354075895384
60 120 0.45 0.5 10 10.5 307.5964229779649 0.01457974555916053
60 120 0.45 0.5 10.5 11 290.4920127974534 0.01279687634843185
60 120 0.45 0.5 11 11.5 274.7835450835355 0.01093048005759556
60 120 0.45 0.5 11.5 12 260.3226300655656 0.009908374040321632
60 120 0.45 0.5 12 12.5 246.9781392769728 0.009320209905723686
60 120 0.45 0.5 12.5 13 234.6358656007655 0.008785193541456238
60 120 0.45 0.5 13 13.5 223.1941740357085 0.008287492538926244
60 120 0.45 0.5 13.5 14 212.5664444205778 0.007831863048124887
60 120 0.45 0.5 14 14.5 202.6745753633318 0.007412943700330743
60 120 0.45 0.5 14.5 15 193.4513135490675 0.007025811302639795
60 120 0.45 0.5 15 16 361.611560980716 0.01299417141780168
60 120 0.45 0.5 16 17 331.3580665622891 0.01173949242803474
60 120 0.45 0.5 17 18 304.6799303854783 0.01063941251220513
60 120 0.45 0.5 18 19 281.0225713863973 0.009673479835782928
60 120 0.45 0.5 19 20 259.9372558535656 0.008822612031622157
60 120 0.45 0.5 20 21 241.0586481911311 0.008066385891453365
60 120 0.45 0.5 21 22 224.0850635425902 0.01034846453865157
60 120 0.45 0.5 22 23 208.7663178563495 0.008815611434727089
60 120 0.45 0.5 23 24 194.8904816694379 0.007641674235259188
60 120 0.45 0.5 24 25 182.2785276162797 0.006524294168571032
60 120 0.45 0.5 25 26 170.7799119709233 0.005656724168858318
60 120 0.45 0.5 26 27 160.2660800339929 0.004913954326156045
60 120 0.45 0.5 27 28 150.6271930062795 0.004548435262449857
60 120 0.45 0.5 28 29 141.7687608609972 0.004218571271024985
60 120 0.45 0.5 29 30 133.6081542739676 0.003914862359408744
60 120 0.45 0.5 30 31 126.0732345054693 0.003637449407051463
60 120 0.45 0.5 31 32 119.1014158340283 0.003383193915340144
60 120 0.45 0.5 32 33 112.637790725562 0.003149891332370203
60 120 0.45 0.5 33 34 106.634491899324 0.002935033923321839
60 120 0.45 0.5 34 35 101.0489355868942 0.00273713666892661
60 120 0.45 0.5 35 36 95.84395240698461 0.002554947043037714
60 120 0.45 0.5 36 37 90.98597837874436 0.002385597166195907
60 120 0.45 0.5 37 38 86.44507232258751 0.002230040201581573
60 120 0.45 0.5 38 39 82.19444480438511 0.002085536668303689
60 120 0.45 0.5 39 40 78.21016205842994 0.001951313097109164
60 120 0.45 0.5 40 42 145.4284172344307 0.00667718354355884
60 120 0.45 0.5 42 44 132.1930940929866 0.005196277721978504
60 120 0.45 0.5 44 46 120.4471862320852 0.004101916251016746
60 120 0.45 0.5 46 48 109.9820770137156 0.003265379116996314
60 120 0.45 0.5 48 50 100.6242458724374 0.002509062224504532
60 120 0.45 0.5 50 52 92.22973584326132 0.001907503797795584
60 120 0.45 0.5 52 54 84.67781147095542 0.001696821136491167
60 120 0.45 0.5 54 56 77.86625773335346 0.001512530766916598
60 120 0.45 0.5 56 58 71.70710933770201 0.001351133229434254
60 120 0.45 0.5 58 60 66.12487797473237 0.001209407472032353
60 120 0.45 0.5 60 65 144.1184280966968 0.00251036928577264
60 120 0.45 0.5 65 70 118.9071931127399 0.004896354212164056
60 120 0.45 0.5 70 80 181.2093217339718 0.002698890850410862
60 120 0.45 0.5 80 90 127.6718642536006 0.001707894249207698
60 120 0.45 0.5 90 100 91.6809609270873 0.001121316353049906
60 120 0.5 0.55 0 0.5 -0.8186566139500339 1.898113086251652e-05
60 120 0.5 0.55 0.5 1 -1087.605706832497 0.02344387730727249
60 120 0.5 0.55 1 1.5 26.68643475904085 0.0002260056398739607
60 120 0.5 0.55 1.5 2 740.270684838629 0.006038659723230921
60 120 0.5 0.55 2 2.5 889.3512724888858 0.0003926473351612003
60 120 0.5 0.55 2.5 3 886.8895540204311 0.003338799853167984
60 120 0.5 0.55 3 3.5 838.7914095651862 0.04075386701151729
60 120 0.5 0.55 3.5 4 778.6642369946783 0.03649449947045014
60 120 0.5 0.55 4 4.5 718.2165629521454 0.03281198089530335
60 120 0.5 0.55 4.5 5 661.5528556628331 0.02960243989184619
60 120 0.5 0.55 5 5.5 609.9121436416941 0.02677994408099948
60 120 0.5 0.55 5.5 6 563.4000719719246 0.02431254237910707
60 120 0.5 0.55 6 6.5 521.6762083212548 0.02216516644682542
60 120 0.5 0.55 6.5 7 484.2632317221322 0.02029555403356653
60 120 0.5 0.55 7 7.5 450.6676308475522 0.01866497097961428
60 120 0.5 0.55 7.5 8 420.4323029226109 0.0172270844338982
60 120 0.5 0.55 8 8.5 393.1506739041472 0.01593962051867948
60 120 0.5 0.55 8.5 9 368.4587002846297 0.01479280908586134
60 120 0.5 0.55 9 9.5 346.0411006210319 0.01375449296210718
60 120 0.5 0.55 9.5 10 325.626278733706 0.01281743529307278
60 120 0.5 0.55 10 10.5 306.9795652936087 0.01459112495547288
60 120 0.5 0.55 10.5 11 289.9017425651818 0.01260800039381138
60 120 0.5 0.55 11 11.5 274.2200705219093 0.01098380273776911
60 120 0.5 0.55 11.5 12 259.784617623578 0.009872354051424281
60 120 0.5 0.55 12 12.5 246.464129857383 0.00929300785762166
60 120 0.5 0.55 12.5 13 234.1426650771327 0.008759995877682059
60 120 0.5 0.55 13 13.5 222.7213779874611 0.0082705173282136
60 120 0.5 0.55 13.5 14 212.1118379141789 0.007815450315092676
60 120 0.5 0.55 14 14.5 202.2374736420436 0.007394694078271868
60 120 0.5 0.55 14.5 15 193.0305416437061 0.007005075689846763
60 120 0.5 0.55 15 16 360.8175060602516 0.01294692712252754
60 120 0.5 0.55 16 17 330.6232260344448 0.01169119853528855
60 120 0.5 0.55 17 18 303.9967613812121 0.0105998958241571
60 120 0.5 0.55 18 19 280.3849861755105 0.009643973196432398
60 120 0.5 0.55 19 20 259.3408458608531 0.008797602564357021
60 120 0.5 0.55 20 21 240.4998105205465 0.008043692971341443
60 120 0.5 0.55 21 22 223.5622586677363 0.01039792374231752
60 120 0.5 0.55 22 23 208.2756057108358 0.00887413367723866
60 120 0.5 0.55 23 24 194.4281316658393 0.007555725543738845
60 120 0.5 0.55 24 25 181.8424668852282 0.006559766468171802
60 120 0.5 0.55 25 26 170.3679355162905 0.005588645249986257
60 120 0.5 0.55 26 27 159.8769560120918 0.00491378018111277
60 120 0.5 0.55 27 28 150.2598110154725 0.004547183650885245
60 120 0.5 0.55 28 29 141.4215664860397 0.004215318351015185
60 120 0.5 0.55 29 30 133.2790002701891 0.003911424221143989
60 120 0.5 0.55 30 31 125.7608132274172 0.003635104986202009
60 120 0.5 0.55 31 32 118.8043379510883 0.003380625830345707
60 120 0.5 0.55 32 33 112.3553395136857 0.003146156191945693
60 120 0.5 0.55 33 34 106.3656331360372 0.002930750828895157
60 120 0.5 0.55 34 35 100.7934013970064 0.00273180509165627
60 120 0.5 0.55 35 36 95.60087619958206 0.002549094362791493
60 120 0.5 0.55 36 37 90.75439534752243 0.002380698787447955
60 120 0.5 0.55 37 38 86.224085283062 0.002225123813133223
60 120 0.5 0.55 38 39 81.98325669340171 0.002081227549027176
60 120 0.5 0.55 39 40 78.00833619167013 0.001948032335263861
60 120 0.5 0.55 40 42 145.0509017656965 0.00654770765208923
60 120 0.5 0.55 42 44 131.8485042784935 0.005194358118274067
60 120 0.5 0.55 44 46 120.1319293605635 0.004156860889963809
60 120 0.5 0.55 46 48 109.6921541132491 0.003229827589109391
60 120 0.5 0.55 48 50 100.357127492913 0.002482563102844892
60 120 0.5 0.55 50 52 91.98370684733538 0.001903782134860421
60 120 0.5 0.55 52 54 84.45155675809362 0.001693967608872526
60 120 0.5 0.55 54 56 77.65761142942576 0.001510300791792929
60 120 0.5 0.55 56 58 71.51397624215276 0.001349104624878805
60 120 0.5 0.55 58 60 65.94604543272217 0.001207670383024606
60 120 0.5 0.55 60 65 143.7272112106484 0.00250752036799895
60 120 0.5 0.55 65 70 118.583040417409 0.004851746871025853
60 120 0.5 0.55 70 80 180.7121001324849 0.00269587695410678
60 120 0.5 0.55 80 90 127.319926739922 0.001706124457911073
60 120 0.5 0.55 90 100 91.42823264512903 0.001120474350031486
60 120 0.55 0.6 0 0.5 -0.8153290077091907 1.910772063162813e-05
60 120 0.55 0.6 0.5 1 -1080.261318170289 0.02656231872765602
60 120 0.55 0.6 1 1.5 31.78694683341639 0.001396078325846872
60 120 0.55 0.6 1.5 2 741.5255718635921 0.008840253043558732
60 120 0.55 0.6 2 2.5 889.2237580110193 0.001704821145040114
60 120 0.55 0.6 2.5 3 886.1777443976805 0.002306868049572586
60 120 0.55 0.6 3 3.5 837.8374976884135 0.04018918619613032
60 120 0.55 0.6 3.5 4 777.616488643121 0.03611661600359639
60 120 0.55 0.6 4 4.5 717.1405222153094 0.03243640930372749
60 120 0.55 0.6 4.5 5 660.4808011189647 0.02922631785338581
60 120 0.55 0.6 5 5.5 608.8677562115088 0.02648188380408101
60 120 0.55 0.6 5.5 6 562.3908101142987 0.02410684035760369
60 120 0.55 0.6 6 6.5 520.7058453256232 0.02202252875622435
60 120 0.55 0.6 6.5 7 483.3317515592053 0.0201834132455474
60 120 0.55 0.6 7 7.5 449.7756656000196 0.01854547675219465
60 120 0.55 0.6 7.5 8 419.5826264459224 0.01710034198077892
60 120 0.55 0.6 8 8.5 392.3416410772143 0.01581661941639823
60 120 0.55 0.6 8.5 9 367.6875478839272 0.01468481917345343
60 120 0.55 0.6 9 9.5 345.3041023870762 0.01367074296501869
60 120 0.55 0.6 9.5 10 324.9202082271071 0.01275344575049076
60 120 0.55 0.6 10 10.5 306.3045522990459 0.01466232483102203
60 120 0.55 0.6 10.5 11 289.2560945719352 0.01240615662271694
60 120 0.55 0.6 11 11.5 273.603929579891 0.01098272014212398
60 120 0.55 0.6 11.5 12 259.195677058978 0.009851017691858033
60 120 0.55 0.6 12 12.5 245.8998456449885 0.009271844777657634
60 120 0.55 0.6 12.5 13 233.6018484831134 0.008738279168426288
60 120 0.55 0.6 13 13.5 222.2021951178851 0.008249966929838592
60 120 0.55 0.6 13.5 14 211.6128540169116 0.007800950991480704
60 120 0.55 0.6 14 14.5 201.7581163908846 0.007384990734635721
60 120 0.55 0.6 14.5 15 192.5696090035221 0.006999752297474515
60 120 0.55 0.6 15 16 359.9491504686687 0.01295374568900343
60 120 0.55 0.6 16 17 329.8186278267254 0.01170436155609877
60 120 0.55 0.6 17 18 303.2474624438596 0.01061208887284693
60 120 0.55 0.6 18 19 279.6848913819339 0.009650195579752108
60 120 0.55 0.6 19 20 258.6863535545797 0.008801024996330398
60 120 0.55 0.6 20 21 239.8885067390229 0.008049991106616972
60 120 0.55 0.6 21 22 222.9898024272001 0.01031754636480287
60 120 0.55 0.6 22 23 207.737720555824 0.008877014099994085
60 120 0.55 0.6 23 24 193.9214759774483 0.007568879578826682
60 120 0.55 0.6 24 25 181.3643178907947 0.00647021507751333
60 120 0.55 0.6 25 26 169.9167177284382 0.005583601595617438
60 120 0.55 0.6 26 27 159.4511437207476 0.00489957237471117
60 120 0.55 0.6 27 28 149.8577189536798 0.004536565405658166
60 120 0.55 0.6 28 29 141.0404809512537 0.004205400785650681
60 120 0.55 0.6 29 30 132.9176330366476 0.003902941931528403
60 120 0.55 0.6 30 31 125.4174483881976 0.003624992518780346
60 120 0.55 0.6 31 32 118.478133238595 0.003371173553716744
60 120 0.55 0.6 32 33 112.045172572354 0.003138621507886796
60 120 0.55 0.6 33 34 106.0712220039766 0.002925946670657709
60 120 0.55 0.6 34 35 100.5135650978182 0.002729233171962164
60 120 0.55 0.6 35 36 95.3343080144866 0.002548029752546199
60 120 0.55 0.6 36 37 90.5000936981704 0.002379816124900458
60 120 0.55 0.6 37 38 85.98115317596485 0.002223928587795854
60 120 0.55 0.6 38 39 81.75123368000652 0.002079910238009575
60 120 0.55 0.6 39 40 77.78656026823801 0.001946092780798381
60 120 0.55 0.6 40 42 144.6368354338575 0.006484662889192805
60 120 0.55 0.6 42 44 131.4705528731496 0.00521106254325332
60 120 0.55 0.6 44 46 119.7851547981473 0.004137781924384853
60 120 0.55 0.6 46 48 109.3731973309688 0.003215988619217569
60 120 0.55 0.6 48 50 100.0637634520928 0.002415755295828603
60 120 0.55 0.6 50 52 91.71421954462832 0.001901259677623557
60 120 0.55 0.6 52 54 84.20324331273518 0.00169118806772417
60 120 0.55 0.6 54 56 77.42793449516277 0.001507680726973604
60 120 0.55 0.6 56 58 71.30137824295196 0.00134707898719455
60 120 0.55 0.6 58 60 65.74931112973023 0.001206030046091655
60 120 0.55 0.6 60 65 143.2977134157305 0.002503829851804085
60 120 0.55 0.6 65 70 118.225767307355 0.004984471709889249
60 120 0.55 0.6 70 80 180.1650426488304 0.00269238937593741
60 120 0.55 0.6 80 90 126.9324031574852 0.001704484626813496
60 120 0.55 0.6 90 100 91.14946541725197 0.001119395498164977
60 120 0.6 0.65 0 0.5 -0.8117075935684634 1.878996333171123e-05
60 120 0.6 0.65 0.5 1 -1072.283921470855 0.02938567369415068
60 120 0.6 0.65 1 1.5 37.33614255439291 0.0002350085153537407
60 120 0.6 0.65 1.5 2 742.9686788201728 0.006348667248744277
60 120 0.6 0.65 2 2.5 889.1365132366639 0.002109795065734943
60 120 0.6 0.65 2.5 3 885.4328242635899 0.001399267605052046
60 120 0.6 0.65 3 3.5 836.8173180098332 0.04069273700747544
60 120 0.6 0.65 3.5 4 776.4824763530635 0.03655006719850462
60 120 0.6 0.65 4 4.5 715.9678119550912 0.03286732534354542
60 120 0.6 0.65 4.5 5 659.3158822698833 0.02962644349724997
60 120 0.6 0.65 5 5.5 607.7367358095696 0.02678756831016926
60 120 0.6 0.65 5.5 6 561.3015666317043 0.0243094699728772
60 120 0.6 0.65 6 6.5 519.6588836537405 0.02215597850386075
60 120 0.6 0.65 6.5 7 482.3252802625087 0.0202915852893284
60 120 0.6 0.65 7 7.5 448.813250778415 0.01865618007360581
60 120 0.6 0.65 7.5 8 418.6668662054827 0.0172123732277214
60 120 0.6 0.65 8 8.5 391.4680727328924 0.01591471971818237
60 120 0.6 0.65 8.5 9 366.8526063680442 0.01475408609888973
60 120 0.6 0.65 9 9.5 344.5056769757617 0.01370694681497753
60 120 0.6 0.65 9.5 10 324.1563540578451 0.01276509819444982
60 120 0.6 0.65 10 10.5 305.5737382905101 0.01438753558414874
60 120 0.6 0.65 10.5 11 288.5588912116978 0.01258258309150051
60 120 0.6 0.65 11 11.5 272.9371535063265 0.01087205067420882
60 120 0.6 0.65 11.5 12 258.5572949047441 0.009839820458068971
60 120 0.6 0.65 12 12.5 245.2873573892053 0.009261405308052417
60 120 0.6 0.65 12.5 13 233.0142377914441 0.008732027472177606
60 120 0.6 0.65 13 13.5 221.6371237414087 0.008241560540113824
60 120 0.6 0.65 13.5 14 211.07036845802 0.00778834943827178
60 120 0.6 0.65 14 14.5 201.2365036249951 0.007367965499042839
60 120 0.6 0.65 14.5 15 192.0690899565149 0.006979044446978833
60 120 0.6 0.65 15 16 359.0060812464532 0.01290013299814063
60 120 0.6 0.65 16 17 328.9439011415763 0.01165180624047935
60 120 0.6 0.65 17 18 302.4327119127955 0.01056757493057603
60 120 0.6 0.65 18 19 278.9243646488308 0.009613637311247203
60 120 0.6 0.65 19 20 257.9759671854139 0.008769622298245849
60 120 0.6 0.65 20 21 239.2249097901466 0.008019230964322333
60 120 0.6 0.65 21 22 222.367308865698 0.01040465700324944
60 120 0.6 0.65 22 23 207.1520565139082 0.008770326243592308
60 120 0.6 0.65 23 24 193.3699724384951 0.007556050280612681
60 120 0.6 0.65 24 25 180.8445384257225 0.006402722009681838
60 120 0.6 0.65 25 26 169.4270182860384 0.005530070714314661
60 120 0.6 0.65 26 27 158.98933826804 0.004900860732874435
60 120 0.6 0.65 27 28 149.4207080240253 0.004537536278149901
60 120 0.6 0.65 28 29 140.6264270153679 0.004206449661239731
60 120 0.6 0.65 29 30 132.5244589289896 0.003903487533477801
60 120 0.6 0.65 30 31 125.0440982763495 0.003626447489423867
60 120 0.6 0.65 31 32 118.1235167254284 0.003371984082079393
60 120 0.6 0.65 32 33 111.708761711905 0.003137185294406208
60 120 0.6 0.65 33 34 105.751518592514 0.002920834693242114
60 120 0.6 0.65 34 35 100.2090780472065 0.002721617989593028
60 120 0.6 0.65 35 36 95.04404243753291 0.002538793152922381
60 120 0.6 0.65 36 37 90.22301608502764 0.002370065289454715
60 120 0.6 0.65 37 38 85.71670202233659 0.002215001514997539
60 120 0.6 0.65 38 39 81.49867845815417 0.002071565946977216
60 120 0.6 0.65 39 40 77.54560494678533 0.001938850605654352
60 120 0.6 0.65 40 42 144.1875008693681 0.006575805074220398
60 120 0.6 0.65 42 44 131.0590938197051 0.00524431844701212
60 120 0.6 0.65 44 46 119.4070993718864 0.004075448017132999
60 120 0.6 0.65 46 48 109.0258643298978 0.003134975583591881
60 120 0.6 0.65 48 50 99.74508563091865 0.002440268372623677
60 120 0.6 0.65 50 52 91.42106842399602 0.001896905061542498
60 120 0.6 0.65 52 54 83.93247301319846 0.001688209797507056
60 120 0.6 0.65 54 56 77.17754291953597 0.001505467190327181
60 120 0.6 0.65 56 58 71.06997272997828 0.001345256574566633
60 120 0.6 0.65 58 60 65.53563410571684 0.001204181627585399
60 120 0.6 0.65 60 65 142.8295457095989 0.00249943616270798
60 120 0.6 0.65 65 70 117.8364644771718 0.005112975513043239
60 120 0.6 0.65 70 80 179.5686464118784 0.002688741731930122
60 120 0.6 0.65 80 90 126.5099879031398 0.001702456732630253
60 120 0.6 0.65 90 100 90.84529441627413 0.001118276942094099
60 120 0.65 0.7 0 0.5 -0.8081215843062938 1.862630101157059e-05
60 120 0.65 0.7 0.5 1 -1063.624356165784 0.02635667319191271
60 120 0.65 0.7 1 1.5 43.32225214201654 0.0002815124108010991
60 120 0.65 0.7 1.5 2 744.5092504580545 0.001135933871296402
60 120 0.65 0.7 2 2.5 889.0751555872163 0.003941136593653027
60 120 0.65 0.7 2.5 3 884.666706282327 0.04383346178099146
60 120 0.65 0.7 3 3.5 835.7416371971279 0.03956910398267155
60 120 0.65 0.7 3.5 4 775.2719460484186 0.03553463933440071
60 120 0.65 0.7 4 4.5 714.708817957679 0.0320125624107277
60 120 0.65 0.7 4.5 5 658.062467458096 0.0289617953681045
60 120 0.65 0.7 5 5.5 606.5165156027007 0.02629755861903504
60 120 0.65 0.7 5.5 6 560.1237987270778 0.02396129264957381
60 120 0.65 0.7 6 6.5 518.5246270941168 0.02190076120496087
60 120 0.65 0.7 6.5 7 481.2388506213989 0.02008756349533769
60 120 0.65 0.7 7 7.5 447.77920534703 0.01847517382174146
60 120 0.65 0.7 7.5 8 417.6825191896726 0.01705170410730261
60 120 0.65 0.7 8 8.5 390.5293164879596 0.01578717884865455
60 120 0.65 0.7 8.5 9 365.9549343148702 0.01466275040797882
60 120 0.65 0.7 9 9.5 343.6463308701905 0.01365510463517694
60 120 0.65 0.7 9.5 10 323.3350704596401 0.01274626743077079
60 120 0.65 0.7 10 10.5 304.7893655636976 0.01420529030320949
60 120 0.65 0.7 10.5 11 287.8101712227217 0.01259865975868024
60 120 0.65 0.7 11 11.5 272.2206668533711 0.01092246918000228
60 120 0.65 0.7 11.5 12 257.8706139651501 0.009836725545596892
60 120 0.65 0.7 12 12.5 244.6287301562421 0.009258346708492127
60 120 0.65 0.7 12.5 13 232.3810012958547 0.008732684099129528
60 120 0.65 0.7 13 13.5 221.0290290977422 0.00824856998755763
60 120 0.65 0.7 13.5 14 210.4857776861024 0.007801494678744803
60 120 0.65 0.7 14 14.5 200.6753878645281 0.007389041191686374
60 120 0.65 0.7 14.5 15 191.5302867039197 0.007004927111267989
60 120 0.65 0.7 15 16 357.9884183178207 0.01296208967295343
60 120 0.65 0.7 16 17 327.9980645321579 0.01171096646629621
60 120 0.65 0.7 17 18 301.5517173232902 0.01061466477347039
60 120 0.65 0.7 18 19 278.1035284754942 0.009650570779285772
60 120 0.65 0.7 19 20 257.2115688409935 0.008801693863517812
60 120 0.65 0.7 20 21 238.5093623770727 0.008046634905213068
60 120 0.65 0.7 21 22 221.695507764 0.01035604927201916
60 120 0.65 0.7 22 23 206.5201411723365 0.008802005008220704
60 120 0.65 0.7 23 24 192.7746975600221 0.007410127139365841
60 120 0.65 0.7 24 25 180.284320180357 0.00640158525050083
60 120 0.65 0.7 25 26 168.8992422890162 0.005534621710381771
60 120 0.65 0.7 26 27 158.4907512305684 0.00488282327376055
60 120 0.65 0.7 27 28 148.9486709219626 0.004518638355023086
60 120 0.65 0.7 28 29 140.1789251744841 0.004186206027696926
60 120 0.65 0.7 29 30 132.1000312121721 0.003883289465818507
60 120 0.65 0.7 30 31 124.6415807845537 0.00360651470440132
60 120 0.65 0.7 31 32 117.7419271208045 0.003353454683164614
60 120 0.65 0.7 32 33 111.3463627216867 0.003121657795745136
60 120 0.65 0.7 33 34 105.4065151538798 0.002909291396477443
60 120 0.65 0.7 34 35 99.8803141162815 0.002713967388913829
60 120 0.65 0.7 35 36 94.73029004925111 0.002533277163450975
60 120 0.65 0.7 36 37 89.92372857276217 0.002366276077935936
60 120 0.65 0.7 37 38 85.43117574229736 0.002211810299286299
60 120 0.65 0.7 38 39 81.22658033974869 0.002068965673132084
60 120 0.65 0.7 39 40 77.28616949964963 0.001936766514702981
60 120 0.65 0.7 40 42 143.7022143987174 0.006546624053328287
60 120 0.65 0.7 42 44 130.6141794592163 0.005168171144873668
60 120 0.65 0.7 44 46 118.9988643868897 0.004022436129574203
60 120 0.65 0.7 46 48 108.6516393417214 0.00312132803685472
60 120 0.65 0.7 48 50 99.40130900065257 0.002463915676528927
60 120 0.65 0.7 50 52 91.10387053830915 0.001894525955862036
60 120 0.65 0.7 52 54 83.63950370887186 0.001685612960429239
60 120 0.65 0.7 54 56 76.90717737182462 0.001502785040969457
60 120 0.65 0.7 56 58 70.82055306443574 0.001342262160008545
60 120 0.65 0.7 58 60 65.30498695325713 0.001201798047674174
60 120 0.65 0.7 60 65 142.3229045882664 0.002495883990775383
60 120 0.65 0.7 65 70 117.4163799233689 0.005070542938554468
60 120 0.65 0.7 70 80 178.9235910405533 0.002684654901628392
60 120 0.65 0.7 80 90 126.0530235788819 0.001700202343968726
60 120 0.65 0.7 90 100 90.51632884128969 0.001117055741261197
60 120 0.7 0.75 0 0.5 -0.8047037252131564 1.901010172777884e-05
60 120 0.7 0.75 0.5 1 -1054.318083085187 0.02865557304016875
60 120 0.7 0.75 1 1.5 49.67997856839796 0.0001209962157915356
60 120 0.7 0.75 1.5 2 746.0823905846902 0.0048878630756235
60 120 0.7 0.75 2 2.5 888.9439969669597 0.001281926347928675
60 120 0.7 0.75 2.5 3 883.8202866228777 0.003623670879392193
60 120 0.7 0.75 3 3.5 834.5856068680303 0.0416834447120209
60 120 0.7 0.75 3.5 4 773.9742924379217 0.03732155552472705
60 120 0.7 0.75 4 4.5 713.3564408048486 0.0334051653495635
60 120 0.7 0.75 4.5 5 656.7192462003617 0.03002388045274529
60 120 0.7 0.75 5 5.5 605.2057874202414 0.02712407367368996
60 120 0.7 0.75 5.5 6 558.8541185988684 0.02464057530403352
60 120 0.7 0.75 6 6.5 517.3008485048719 0.0224787259654704
60 120 0.7 0.75 6.5 7 480.0691170329693 0.02057957209251526
60 120 0.7 0.75 7 7.5 446.6665176019695 0.01890477263168577
60 120 0.7 0.75 7.5 8 416.6215082851536 0.01741661244216175
60 120 0.7 0.75 8 8.5 389.5166415606085 0.01609271648430877
60 120 0.7 0.75 8.5 9 364.9883256052545 0.01490904773203283
60 120 0.7 0.75 9 9.5 342.7232917230002 0.01384539417244923
60 120 0.7 0.75 9.5 10 322.4545621564983 0.01288863098812953
60 120 0.7 0.75 10 10.5 303.9509914331792 0.0145705361805426
60 120 0.7 0.75 10.5 11 287.0083406800917 0.01236996354333542
60 120 0.7 0.75 11 11.5 271.4537472870372 0.01103387012011581
60 120 0.7 0.75 11.5 12 257.1348723659127 0.009904387181734364
60 120 0.7 0.75 12 12.5 243.9226159568634 0.009314625299765567
60 120 0.7 0.75 12.5 13 231.7030773130058 0.008769485719938075
60 120 0.7 0.75 13 13.5 220.3783407140754 0.00826798436796139
60 120 0.7 0.75 13.5 14 209.8614302328927 0.007803804164637995
60 120 0.7 0.75 14 14.5 200.0765713196149 0.007376801183937687
60 120 0.7 0.75 14.5 15 190.9540461545516 0.00698220373143954
60 120 0.7 0.75 15 16 356.8988218828947 0.01289949815702585
60 120 0.7 0.75 16 17 326.9839411645548 0.01164309758257787
60 120 0.7 0.75 17 18 300.6068362656275 0.01054691398792329
60 120 0.7 0.75 18 19 277.2240177170395 0.009584457852156447
60 120 0.7 0.75 19 20 256.3907672107468 0.008732926480433889
60 120 0.7 0.75 20 21 237.7409386882066 0.007978871024420187
60 120 0.7 0.75 21 22 220.9742462250283 0.01023333815200544
60 120 0.7 0.75 22 23 205.8423530608178 0.008711230759445243
60 120 0.7 0.75 23 24 192.137778007557 0.007392167406976569
60 120 0.7 0.75 24 25 179.6851672391265 0.006389529586954268
60 120 0.7 0.75 25 26 168.3338656965624 0.005587723331842653
60 120 0.7 0.75 26 27 157.9557669385653 0.004863084879673352
60 120 0.7 0.75 27 28 148.4420826338587 0.004503150829464175
60 120 0.7 0.75 28 29 139.6986936717922 0.004175111661368192
60 120 0.7 0.75 29 30 131.6451210966776 0.003876071880597465
60 120 0.7 0.75 30 31 124.2107404481807 0.003602387114895578
60 120 0.7 0.75 31 32 117.3331701770949 0.003350665559267441
60 120 0.7 0.75 32 33 110.9574883826449 0.003119141220764732
60 120 0.7 0.75 33 34 105.0362447130423 0.002906133776107822
60 120 0.7 0.75 34 35 99.52732060746847 0.002709136180413907
60 120 0.7 0.75 35 36 94.39394942465411 0.00252816057636096
60 120 0.7 0.75 36 37 89.60322617602978 0.002361104353596488
60 120 0.7 0.75 37 38 85.12594485017092 0.002207002483785914
60 120 0.7 0.75 38 39 80.9354747331946 0.002064167389505656
60 120 0.7 0.75 39 40 77.00786769200245 0.001931749070493538
60 120 0.7 0.75 40 42 143.1811247543769 0.006534563090383472
60 120 0.7 0.75 42 44 130.1365775913596 0.005075390137307068
60 120 0.7 0.75 44 46 118.561696008574 0.003956758337110955
60 120 0.7 0.75 46 48 108.2508761203918 0.003191391975860824
60 120 0.7 0.75 48 50 99.03207151726275 0.002442183603292847
60 120 0.7 0.75 50 52 90.76325425877241 0.001890223266016733
60 120 0.7 0.75 52 54 83.32544944380444 0.001681495557008361
60 120 0.7 0.75 54 56 76.61772777805926 0.001499372195539195
60 120 0.7 0.75 56 58 70.55308417355924 0.001340113863918191
60 120 0.7 0.75 58 60 65.05697614848388 0.001200171585367116
60 120 0.7 0.75 60 65 141.7791479678074 0.002491059439591936
60 120 0.7 0.75 65 70 116.9657221848507 0.004879819370842142
60 120 0.7 0.75 70 80 178.2311708084827 0.002680639744539803
60 120 0.7 0.75 80 90 125.5618143958061 0.00169801989983398
60 120 0.7 0.75 90 100 90.16277514367523 0.001115897875109795
60 120 0.75 0.8 0 0.5 -0.8013043947393932 1.918879636475523e-05
60 120 0.75 0.8 0.5 1 -1044.366137625083 0.01972680073095034
60 120 0.75 0.8 1 1.5 56.51817905454312 0.0005127550896162347
60 120 0.75 0.8 1.5 2 747.7686566601823 0.008263167482141398
60 120 0.75 0.8 2 2.5 888.7766802146773 0.002006579700605471
60 120 0.75 0.8 2.5 3 882.8891296520115 0.003076354998938768
60 120 0.75 0.8 3 3.5 833.3313438095024 0.04078049776148873
60 120 0.75 0.8 3.5 4 772.580315346841 0.03644397307402869
60 120 0.75 0.8 4 4.5 711.9212053094683 0.0327060048008434
60 120 0.75 0.8 4.5 5 655.297036909848 0.02943650456234082
60 120 0.75 0.8 5 5.5 603.814449647082 0.02657604412991077
60 120 0.75 0.8 5.5 6 557.5012816449326 0.02409155451641709
60 120 0.75 0.8 6 6.5 515.9980359700501 0.02194998237553136
60 120 0.75 0.8 6.5 7 478.8257031007031 0.02008885339949984
60 120 0.75 0.8 7 7.5 445.4805590191022 0.01846555183493592
60 120 0.75 0.8 7.5 8 415.4892704065689 0.01703352963926363
60 120 0.75 0.8 8 8.5 388.4344016911872 0.01575463215857553
60 120 0.75 0.8 8.5 9 363.9539115533581 0.01461298413494205
60 120 0.75 0.8 9 9.5 341.73717487871 0.01358878896479609
60 120 0.75 0.8 9.5 10 321.5154981027528 0.01266347331318229
60 120 0.75 0.8 10 10.5 303.0550069195158 0.01439752348392176
60 120 0.75 0.8 10.5 11 286.1526367604182 0.01256984888613033
60 120 0.75 0.8 11 11.5 270.6340902942948 0.01086219144877987
60 120 0.75 0.8 11.5 12 256.3498199831096 0.009749525678444115
60 120 0.75 0.8 12 12.5 243.1694673663194 0.009173347485926797
60 120 0.75 0.8 12.5 13 230.9813125115865 0.008648580814622164
60 120 0.75 0.8 13 13.5 219.6864102899861 0.008165067687201599
60 120 0.75 0.8 13.5 14 209.1986117879932 0.007721081838184318
60 120 0.75 0.8 14 14.5 199.4390612418776 0.007308988575942976
60 120 0.75 0.8 14.5 15 190.3408297412984 0.006927288088121486
60 120 0.75 0.8 15 16 355.7379140987117 0.01280810754769846
60 120 0.75 0.8 16 17 325.9043219432169 0.0115654749836267
60 120 0.75 0.8 17 18 299.6026963720669 0.01048604609837867
60 120 0.75 0.8 18 19 276.2887465013715 0.009543612274740099
60 120 0.75 0.8 19 20 255.5156447608167 0.008710285562045783
60 120 0.75 0.8 20 21 236.9201436280024 0.00796913111614117
60 120 0.75 0.8 21 22 220.2037109263735 0.0102571087151091
60 120 0.75 0.8 22 23 205.1189296856715 0.008513716577425612
60 120 0.75 0.8 23 24 191.4589809934334 0.007446325584112401
60 120 0.75 0.8 24 25 179.046045718947 0.006413973425793529
60 120 0.75 0.8 25 26 167.730466489269 0.005534719677541489
60 120 0.75 0.8 26 27 157.3852477140561 0.004856804173584806
60 120 0.75 0.8 27 28 147.9018082498275 0.004496411004595302
60 120 0.75 0.8 28 29 139.1875510046179 0.004167480795928213
60 120 0.75 0.8 29 30 131.1613916951595 0.003866507907162031
60 120 0.75 0.8 30 31 123.7519503138241 0.003591236202169057
60 120 0.75 0.8 31 32 116.8968462310094 0.003339365326212373
60 120 0.75 0.8 32 33 110.5423188435327 0.003109012788868881
60 120 0.75 0.8 33 34 104.6407978779438 0.002896916206239553
60 120 0.75 0.8 34 35 99.15087585904979 0.002702006161015902
60 120 0.75 0.8 35 36 94.03571369309384 0.002522198241919682
60 120 0.75 0.8 36 37 89.26233941293589 0.002355955736462079
60 120 0.75 0.8 37 38 84.80088223145924 0.002202230212844825
60 120 0.75 0.8 38 39 80.62479955779592 0.002059956464066204
60 120 0.75 0.8 39 40 76.71079576511285 0.001928439531582171
60 120 0.75 0.8 40 42 142.6250293909908 0.006385502695621881
60 120 0.75 0.8 42 44 129.6281568032122 0.005005402283700278
60 120 0.75 0.8 44 46 118.0963917980923 0.004054116582210554
60 120 0.75 0.8 46 48 107.8228646110414 0.003133310554161994
60 120 0.75 0.8 48 50 98.63781981570754 0.002393234554830315
60 120 0.75 0.8 50 52 90.40022431750252 0.001886156502351355
60 120 0.75 0.8 52 54 82.99133670092711 0.001678769268067981
60 120 0.75 0.8 54 56 76.30918044547265 0.00149696343142125
60 120 0.75 0.8 56 58 70.26721154806103 0.001337555526731649
60 120 0.75 0.8 58 60 64.79222332285798 0.001197355450003101
60 120 0.75 0.8 60 65 141.1999597054179 0.002486102293715931
60 120 0.75 0.8 65 70 116.4841410571804 0.005022520577654177
60 120 0.75 0.8 70 80 177.4925079971816 0.002676170238686382
60 120 0.75 0.8 80 90 125.0376188702575 0.001695583587761007
60 120 0.75 0.8 90 100 89.78482787786487 0.001114442366670687
60 120 0.8 0.85 0 0.5 -0.797551073190886 1.870024643368939e-05
60 120 0.8 0.85 0.5 1 -1033.899205642511 0.02187319890640538
60 120 0.8 0.85 1 1.5 63.8187284628114 0.000255418136418939
60 120 0.8 0.85 1.5 2 749.6380026133471 0.00646429738912957
60 120 0.8 0.85 2 2.5 888.6144841232127 0.001497399121262788
60 120 0.8 0.85 2.5 3 881.9055106518971 0.001868930017735693
60 120 0.8 0.85 3 3.5 831.9934892616211 0.04003125155566067
60 120 0.8 0.85 3.5 4 771.0863119824139 0.03598583437508296
60 120 0.8 0.85 4 4.5 710.392157869014 0.0323244231657327
60 120 0.8 0.85 4.5 5 653.7862006672334 0.02913464776440833
60 120 0.8 0.85 5 5.5 602.3393055479638 0.02639202379589278
60 120 0.8 0.85 5.5 6 556.0719750775493 0.02401270044538251
60 120 0.8 0.85 6 6.5 514.6256453673295 0.02191286337199472
60 120 0.8 0.85 6.5 7 477.5150041831525 0.02005926608467234
60 120 0.8 0.85 7 7.5 444.2265464505331 0.01842491505385624
60 120 0.8 0.85 7.5 8 414.2898983424129 0.01698470384843631
60 120 0.8 0.85 8 8.5 387.287270854282 0.01571396103213374
60 120 0.8 0.85 8.5 9 362.8583857647956 0.01458224291911847
60 120 0.8 0.85 9 9.5 340.693353333896 0.01357079980471099
60 120 0.8 0.85 9.5 10 320.5209733062725 0.01265922393054097
60 120 0.8 0.85 10 10.5 302.104445615077 0.01421693839563432
60 120 0.8 0.85 10.5 11 285.243252766094 0.01259665126127629
60 120 0.8 0.85 11 11.5 269.7626081523005 0.01081029743079398
60 120 0.8 0.85 11.5 12 255.5146404493904 0.009762113382123516
60 120 0.8 0.85 12 12.5 242.3696663239767 0.009186555843967881
60 120 0.8 0.85 12.5 13 230.21577516175 0.00865741542108367
60 120 0.8 0.85 13 13.5 218.9537004125527 0.008170923584998491
60 120 0.8 0.85 13.5 14 208.4948027284254 0.007720801979019143
60 120 0.8 0.85 14 14.5 198.7626742339849 0.007305314304062449
60 120 0.8 0.85 14.5 15 189.6898823606871 0.00692061828803503
60 120 0.8 0.85 15 16 354.5070870677929 0.01279867237872168
60 120 0.8 0.85 16 17 324.7611382685797 0.01156356362810129
60 120 0.8 0.85 17 18 298.5411019281362 0.01048201887567757
60 120 0.8 0.85 18 19 275.2982489578386 0.009526534362521488
60 120 0.8 0.85 19 20 254.5884210583594 0.008683447719675996
60 120 0.8 0.85 20 21 236.0503229879951 0.007939252008782205
60 120 0.8 0.85 21 22 219.3873844948658 0.009994570119630453
60 120 0.8 0.85 22 23 204.3534755944093 0.008684111639411185
60 120 0.8 0.85 23 24 190.7385560487992 0.007369368949895261
60 120 0.8 0.85 24 25 178.3665560499072 0.006411510376949536
60 120 0.8 0.85 25 26 167.0884707585978 0.005484386865674651
60 120 0.8 0.85 26 27 156.7784652089349 0.004843236237036308
60 120 0.8 0.85 27 28 147.3288411901699 0.004484526120762666
60 120 0.8 0.85 28 29 138.6462506944788 0.004157232042615533
60 120 0.8 0.85 29 30 130.648582342772 0.0038591522473439
60 120 0.8 0.85 30 31 123.2647683190462 0.003586004059783932
60 120 0.8 0.85 31 32 116.4336086901308 0.003335404528996833
60 120 0.8 0.85 32 33 110.1014180310967 0.003104353143811522
60 120 0.8 0.85 33 34 104.2214661625463 0.002891753162543864
60 120 0.8 0.85 34 35 98.75230579929344 0.002696373173534994
60 120 0.8 0.85 35 36 93.65647450687514 0.002516388108375622
60 120 0.8 0.85 36 37 88.90061620444206 0.002350140859647354
60 120 0.8 0.85 37 38 84.45527398248852 0.002196483656021542
60 120 0.8 0.85 38 39 80.29460574238682 0.00205441732748568
60 120 0.8 0.85 39 40 76.39523532910054 0.001922811527549584
60 120 0.8 0.85 40 42 142.0355987344939 0.006287273426863749
60 120 0.8 0.85 42 44 129.0899673455169 0.005078249109573107
60 120 0.8 0.85 44 46 117.602378441895 0.004010562498251602
60 120 0.8 0.85 46 48 107.3683026117971 0.003095656950648618
60 120 0.8 0.85 48 50 98.21967521718953 0.002310190730881345
60 120 0.8 0.85 50 52 90.01586721712063 0.001882008956414438
60 120 0.8 0.85 52 54 82.63672606821684 0.001674556175530029
60 120 0.8 0.85 54 56 75.98111098882939 0.001493222497870761
60 120 0.8 0.85 56 58 69.96379044486166 0.001334500751823953
60 120 0.8 0.85 58 60 64.51160224166452 0.001195116759376447
60 120 0.8 0.85 60 65 140.585582003858 0.00248148144871152
60 120 0.8 0.85 65 70 115.9727238588453 0.005202880524080911
60 120 0.8 0.85 70 80 176.7079661605801 0.002671490355652395
60 120 0.8 0.85 80 90 124.4810338417915 0.001693035845008239
60 120 0.8 0.85 90 100 89.38339736124952 0.001113005991712157
60 120 0.85 0.9 0 0.5 -0.7930538431221114 1.85864399242508e-05
60 120 0.85 0.9 0.5 1 -1022.908569086337 0.02532298611072292
60 120 0.85 0.9 1 1.5 71.38769106518747 0.0001839183536986866
60 120 0.85 0.9 1.5 2 751.6224042759361 0.005987036522583367
60 120 0.85 0.9 2 2.5 888.4830836087634 0.003244250600118903
60 120 0.85 0.9 2.5 3 880.8871298334941 0.003501604280018
60 120 0.85 0.9 3 3.5 830.5778842220934 0.04029342127194013
60 120 0.85 0.9 3.5 4 769.5005812446725 0.03605141390517019
60 120 0.85 0.9 4 4.5 708.7709213442241 0.03239026054325223
60 120 0.85 0.9 4.5 5 652.1779018542368 0.02920876636869707
60 120 0.85 0.9 5 5.5 600.7659750569969 0.02642666418785211
60 120 0.85 0.9 5.5 6 554.5523716998781 0.02399684859426543
60 120 0.85 0.9 6 6.5 513.1752600732381 0.02189168480560966
60 120 0.85 0.9 6.5 7 476.1303545850605 0.02005754567926488
60 120 0.85 0.9 7 7.5 442.9038214985922 0.01844311976549307
60 120 0.85 0.9 7.5 8 413.0239325948443 0.0170075838681214
60 120 0.85 0.9 8 8.5 386.0772593963147 0.01572113808316544
60 120 0.85 0.9 8.5 9 361.7049461747191 0.01457177572416413
60 120 0.85 0.9 9 9.5 339.5943126036004 0.01354164164979466
60 120 0.85 0.9 9.5 10 319.4711543247519 0.01261836935879046
60 120 0.85 0.9 10 10.5 301.1004252122271 0.01449024377967589
60 120 0.85 0.9 10.5 11 284.2807699149911 0.01228968521161278
60 120 0.85 0.9 11 11.5 268.8413799419818 0.01089403895127816
60 120 0.85 0.9 11.5 12 254.6320817750999 0.00973589714894274
60 120 0.85 0.9 12 12.5 241.5257630796096 0.009165078483391653
60 120 0.85 0.9 12.5 13 229.4078458702506 0.008637242057403682
60 120 0.85 0.9 13 13.5 218.1784303401393 0.008152454050872393
60 120 0.85 0.9 13.5 14 207.7497968347855 0.007705334817359244
60 120 0.85 0.9 14 14.5 198.0463933636645 0.007292773976672606
60 120 0.85 0.9 14.5 15 189.0002103137764 0.006908631780703445
60 120 0.85 0.9 15 16 353.2044331973873 0.01277307968103969
60 120 0.85 0.9 16 17 323.5550903593678 0.01153443055244452
60 120 0.85 0.9 17 18 297.4202887766413 0.01045527986258321
60 120 0.85 0.9 18 19 274.2519589983752 0.009510723466291893
60 120 0.85 0.9 19 20 253.6091291026453 0.008676515738102353
60 120 0.85 0.9 20 21 235.1329382485764 0.007932841715785344
60 120 0.85 0.9 21 22 218.5284195208391 0.01004532105903877
60 120 0.85 0.9 22 23 203.5466508387264 0.008615147785718591
60 120 0.85 0.9 23 24 189.9783877665387 0.00744310086747646
60 120 0.85 0.9 24 25 177.6486403945467 0.006291565309879843
60 120 0.85 0.9 25 26 166.4103919905116 0.005437949623143368
60 120 0.85 0.9 26 27 156.1382369448624 0.004832272098866497
60 120 0.85 0.9 27 28 146.7244516837289 0.004473469494399751
60 120 0.85 0.9 28 29 138.0740130038296 0.004146020866187428
60 120 0.85 0.9 29 30 130.1055814946343 0.003846837215519372
60 120 0.85 0.9 30 31 122.7491104056569 0.003573826646672273
60 120 0.85 0.9 31 32 115.9437578689442 0.003323391026526679
60 120 0.85 0.9 32 33 109.6363620549755 0.003093943425611201
60 120 0.85 0.9 33 34 103.7800005437964 0.002883065884702773
60 120 0.85 0.9 34 35 98.33219008159477 0.002688707274529634
60 120 0.85 0.9 35 36 93.25579764792964 0.002509528360235436
60 120 0.85 0.9 36 37 88.51800154519792 0.002344084128736768
60 120 0.85 0.9 37 38 84.08995103250024 0.002191337684365635
60 120 0.85 0.9 38 39 79.94567126559636 0.002050159443953703
60 120 0.85 0.9 39 40 76.06212839639406 0.001919243811144611
60 120 0.85 0.9 40 42 141.4141053683458 0.006365692019500102
60 120 0.85 0.9 42 44 128.5209134497352 0.005096939082534391
60 120 0.85 0.9 44 46 117.0796531199716 0.003926735590070507
60 120 0.85 0.9 46 48 106.888348265845 0.002995364284984703
60 120 0.85 0.9 48 50 97.77914901894978 0.002381861251620876
60 120 0.85 0.9 50 52 89.60988022101351 0.001877772959204549
60 120 0.85 0.9 52 54 82.26154125172653 0.001671055933613275
60 120 0.85 0.9 54 56 75.63444942922767 0.001490421707458722
60 120 0.85 0.9 56 58 69.64361035322777 0.001331636535383041
60 120 0.85 0.9 58 60 64.21574388048536 0.001192222858222181
60 120 0.85 0.9 60 65 139.9356884759356 0.002475706090365293
60 120 0.85 0.9 65 70 115.4331044639965 0.005147902212627287
60 120 0.85 0.9 70 80 175.8785201224708 0.002666426943221722
60 120 0.85 0.9 80 90 123.8924750353005 0.001690131199765688
60 120 0.85 0.9 90 100 88.95884819596206 0.001111451777006778
60 120 0.9 0.95 0 0.5 -0.7883354572308686 1.812566360781531e-05
60 120 0.9 0.95 0.5 1 -1011.318385116449 0.02517603696423976
60 120 0.9 0.95 1 1.5 79.28933110563872 0.00125081850534059
60 120 0.9 0.95 1.5 2 753.6149708693304 0.002522598108953389
60 120 0.9 0.95 2 2.5 888.3511146553454 0.003456095222645672
60 120 0.9 0.95 2.5 3 879.8535355761031 0.003261587212250561
60 120 0.9 0.95 3 3.5 829.1096616672007 0.04017280896005104
60 120 0.9 0.95 3.5 4 767.8477407893386 0.03606685265572196
60 120 0.9 0.95 4 4.5 707.071307586893 0.03234576829970592
60 120 0.9 0.95 4.5 5 650.4824148651029 0.02911848343319434
60 120 0.9 0.95 5 5.5 599.1044693401708 0.02635271034353082
60 120 0.9 0.95 5.5 6 552.9504441230636 0.02396256599934077
60 120 0.9 0.95 6 6.5 511.6435405785286 0.02186226037326833
60 120 0.9 0.95 6.5 7 474.6664550394147 0.0200172687233362
60 120 0.9 0.95 7 7.5 441.5042618260808 0.01838810468387919
60 120 0.9 0.95 7.5 8 411.6873013973283 0.01695345277147453
60 120 0.9 0.95 8 8.5 384.8038796189672 0.01568382960641657
60 120 0.9 0.95 8.5 9 360.4949258317515 0.01455048929813074
60 120 0.9 0.95 9 9.5 338.4408848075718 0.0135332848403209
60 120 0.9 0.95 9.5 10 318.3680744509001 0.01261088674533539
60 120 0.9 0.95 10 10.5 300.0443341905439 0.01433481807953285
60 120 0.9 0.95 10.5 11 283.2696961810694 0.01237849694194892
60 120 0.9 0.95 11 11.5 267.8727655977887 0.01059189032645236
60 120 0.9 0.95 11.5 12 253.7064938475695 0.00969901530592665
60 120 0.9 0.95 12 12.5 240.6397558361267 0.009127511446877179
60 120 0.9 0.95 12.5 13 228.5583109697129 0.008604953975975604
60 120 0.9 0.95 13 13.5 217.3620581087648 0.00812435515538823
60 120 0.9 0.95 13.5 14 206.9654129678836 0.007681762055852914
60 120 0.9 0.95 14 14.5 197.2914346861334 0.007269940392632179
60 120 0.9 0.95 14.5 15 188.2742739372275 0.006888093961720188
60 120 0.9 0.95 15 16 351.834135648001 0.01273448314566394
60 120 0.9 0.95 16 17 322.2859482261489 0.0115017839065672
60 120 0.9 0.95 17 18 296.2389182841857 0.01042510433148891
60 120 0.9 0.95 18 19 273.1489290614339 0.009478837401104556
60 120 0.9 0.95 19 20 252.5779158628667 0.008642046928144964
60 120 0.9 0.95 20 21 234.1696054547248 0.007902712168515791
60 120 0.9 0.95 21 22 217.6263079738498 0.01017178671185093
60 120 0.9 0.95 22 23 202.698132990298 0.008597153802810453
60 120 0.9 0.95 23 24 189.1784974655895 0.007323805207164469
60 120 0.9 0.95 24 25 176.8941048943604 0.0062706507849839
60 120 0.9 0.95 25 26 165.6988136570521 0.005302224333291861
60 120 0.9 0.95 26 27 155.4672878492745 0.004816586213081564
60 120 0.9 0.95 27 28 146.0892635495585 0.004461343383610483
60 120 0.9 0.95 28 29 137.4714300169979 0.004136905483932196
60 120 0.9 0.95 29 30 129.5334795581899 0.003839111993357847
60 120 0.9 0.95 30 31 122.2060974371011 0.003566724420011269
60 120 0.9 0.95 31 32 115.4286418613573 0.003316646074551954
60 120 0.9 0.95 32 33 109.1477623394084 0.003087333384428348
60 120 0.9 0.95 33 34 103.3152458619742 0.002876229277717357
60 120 0.9 0.95 34 35 97.88944463621641 0.002682023889889251
60 120 0.9 0.95 35 36 92.83352977052046 0.002503104497577624
60 120 0.9 0.95 36 37 88.11526018815543 0.002338046722300646
60 120 0.9 0.95 37 38 83.70574994363835 0.002185212097884914
60 120 0.9 0.95 38 39 79.57938805543701 0.002043693376847955
60 120 0.9 0.95 39 40 75.71277258410014 0.001912623206678177
60 120 0.9 0.95 40 42 140.7604154423613 0.006363204432716429
60 120 0.9 0.95 42 44 127.9213183724272 0.004945366378848348
60 120 0.9 0.95 44 46 116.5298799009921 0.003847157903962284
60 120 0.9 0.95 46 48 106.3844176456344 0.003062908986620982
60 120 0.9 0.95 48 50 97.31551418150237 0.002371909667274963
60 120 0.9 0.95 50 52 89.18201780344643 0.001873020077454157
60 120 0.9 0.95 52 54 81.86671598794804 0.00166676204428029
60 120 0.9 0.95 54 56 75.27028100910444 0.00148605587897066
60 120 0.9 0.95 56 58 69.30723302088848 0.001328301617192551
60 120 0.9 0.95 58 60 63.90383944611517 0.00118968273199016
60 120 0.9 0.95 60 65 139.2517064333056 0.002470630497157345
60 120 0.9 0.95 65 70 114.8654751545277 0.004969564585181274
60 120 0.9 0.95 70 80 175.0053895240732 0.002661224895689429
60 120 0.9 0.95 80 90 123.2724920324128 0.001687183955013438
60 120 0.9 0.95 90 100 88.51121970922689 0.001109805777943507
60 120 0.95 1 0 0.5 -0.7834864947591527 1.834827348734525e-05
60 120 0.95 1 0.5 1 -999.1151498147581 0.02764611881377732
60 120 0.95 1 1 1.5 87.61095198412455 0.0003115890507245922
60 120 0.95 1 1.5 2 755.6616364763089 0.005070572729209744
60 120 0.95 1 2 2.5 888.1523280878629 0.00159997582466076
60 120 0.95 1 2.5 3 878.7457808453538 0.004642517602292173
60 120 0.95 1 3 3.5 827.5751918728164 0.04014842144124486
60 120 0.95 1 3.5 4 766.141807109876 0.03593511945121008
60 120 0.95 1 4 4.5 705.3061141602258 0.03232089905532121
60 120 0.95 1 4.5 5 648.7110832366365 0.02912882622922552
60 120 0.95 1 5 5.5 597.36586296463 0.02632419962276344
60 120 0.95 1 5.5 6 551.2761686925372 0.02390208692952456
60 120 0.95 1 6 6.5 510.0373948864381 0.02180247678734304
60 120 0.95 1 6.5 7 473.1271446646282 0.01997258496351151
60 120 0.95 1 7 7.5 440.0304201728239 0.01836272001389716
60 120 0.95 1 7.5 8 410.2815451556024 0.0169282494053391
60 120 0.95 1 8 8.5 383.4681125183681 0.01565306401823818
60 120 0.95 1 8.5 9 359.2228590796096 0.01451281790451731
60 120 0.95 1 9 9.5 337.226991925882 0.01349110764732586
60 120 0.95 1 9.5 10 317.2084255514089 0.01257404450541344
60 120 0.95 1 10 10.5 298.9352730737202 0.0140507056800061
60 120 0.95 1 10.5 11 282.2099614205354 0.01229585127134669
60 120 0.95 1 11 11.5 266.8609660386936 0.01055861250733869
60 120 0.95 1 11.5 12 252.7393665817341 0.00969122696878344
60 120 0.95 1 12 12.5 239.7128294623315 0.009116029897228373
60 120 0.95 1 12.5 13 227.6681263883515 0.008587246353840783
60 120 0.95 1 13 13.5 216.5069497275951 0.008102149609356957
60 120 0.95 1 13.5 14 206.1427726473684 0.007655194919038877
60 120 0.95 1 14 14.5 196.500484576304 0.007244115326443534
60 120 0.95 1 14.5 15 187.5136582933808 0.006864764584378236
60 120 0.95 1 15 16 350.4007901174832 0.01269781656282021
60 120 0.95 1 16 17 320.9551112908932 0.01147370374582124
60 120 0.95 1 17 18 294.9983938288967 0.01040014822996227
60 120 0.95 1 18 19 271.990765404193 0.009457164626098802
60 120 0.95 1 19 20 251.4974139619682 0.008625364803378943
60 120 0.95 1 20 21 233.1600350180308 0.007885633723219598
60 120 0.95 1 21 22 216.6787421642046 0.01004395209312747
60 120 0.95 1 22 23 201.8068306428415 0.008589057070821582
60 120 0.95 1 23 24 188.3391503601699 0.007208584354970071
60 120 0.95 1 24 25 176.1043364665375 0.006134181244902948
60 120 0.95 1 25 26 164.9553651091833 0.005455989125408678
60 120 0.95 1 26 27 154.7642053185862 0.004803867659944672
60 120 0.95 1 27 28 145.423153300783 0.004446149496317275
60 120 0.95 1 28 29 136.8396961156062 0.004120376202052967
60 120 0.95 1 29 30 128.9345196375559 0.003824524453619915
60 120 0.95 1 30 31 121.6383673063206 0.003554087650357474
60 120 0.95 1 31 32 114.8902737095051 0.003306304125501924
60 120 0.95 1 32 33 108.6355230399475 0.003077868831283581
60 120 0.95 1 33 34 102.8273018719957 0.002867839328587252
60 120 0.95 1 34 35 97.42426827009047 0.00267447487959771
60 120 0.95 1 35 36 92.39033437876378 0.002496364965011821
60 120 0.95 1 36 37 87.69308960926598 0.002331648362797978
60 120 0.95 1 37 38 83.30380613278722 0.002179679607920093
60 120 0.95 1 38 39 79.19605964907113 0.002038969617075281
60 120 0.95 1 39 40 75.34633947952157 0.00190874223912374
60 120 0.95 1 40 42 140.0743913708439 0.006280358730350599
60 120 0.95 1 42 44 127.2930939349369 0.004877233216092236
60 120 0.95 1 44 46 115.9547663384558 0.003864217550628268
60 120 0.95 1 46 48 105.856113197987 0.003061551474800694
60 120 0.95 1 48 50 96.82855894295534 0.002314350467401027
60 120 0.95 1 50 52 88.73335461480518 0.001868081502962582
60 120 0.95 1 52 54 81.45354958449467 0.001662925109840785
60 120 0.95 1 54 56 74.88892169373456 0.001483362413694067
60 120 0.95 1 56 58 68.95400746911275 0.001325577884003337
60 120 0.95 1 58 60 63.57668070599078 0.001186428412083274
60 120 0.95 1 60 65 138.5353040597501 0.002464380463550242
60 120 0.95 1 65 70 114.2693938770505 0.005155363243773081
60 120 0.95 1 70 80 174.0900125203514 0.002655729696670051
60 120 0.95 1 80 90 122.6220722855359 0.001684213290346293
60 120 0.95 1 90 100 88.04127775450814 0.001108105348563981
60 120 1 1.1 0 0.5 -1.551665535151946 3.739195810359419e-05
60 120 1 1.1 0.5 1 -1959.135145143159 0.02630833103216901
60 120 1 1.1 1 1.5 201.9229285132686 0.006060268242208622
60 120 1 1.1 1.5 2 1517.931110127738 0.03399906496792937
60 120 1 1.1 2 2.5 1775.62680510513 0.01529454354408699
60 120 1 1.1 2.5 3 1753.795731512993 0.01282966785038298
60 120 1 1.1 3 3.5 1650.131596782656 0.08012127619986131
60 120 1 1.1 3.5 4 1526.802128907842 0.07181351492477006
60 120 1 1.1 4 4.5 1404.976897375983 0.06441555431774759
60 120 1 1.1 4.5 5 1291.79668190447 0.05794396821875125
60 120 1 1.1 5 5.5 1189.249872608528 0.05239825375565488
60 120 1 1.1 5.5 6 1097.264834759029 0.04762547686732432
60 120 1 1.1 6 6.5 1014.982633434206 0.04346149201774097
60 120 1 1.1 6.5 7 941.360372784022 0.03978959988421593
60 120 1 1.1 7 7.5 875.3790449157001 0.0365492115164443
60 120 1 1.1 7.5 8 816.1043868360008 0.03369611423261176
60 120 1 1.1 8 8.5 762.6886129308671 0.03116921393859684
60 120 1 1.1 8.5 9 714.3904001222687 0.02890670602641876
60 120 1 1.1 9 9.5 670.5774371464151 0.02687918225319663
60 120 1 1.1 9.5 10 630.7118836411755 0.02505671992958014
60 120 1 1.1 10 10.5 594.3336824262028 0.02794565534168214
60 120 1 1.1 10.5 11 561.0458442254243 0.02423988908674346
60 120 1 1.1 11 11.5 530.5000940981108 0.02129502871036948
60 120 1 1.1 11.5 12 502.3942898226218 0.01929518308827483
60 120 1 1.1 12 12.5 476.4687978569111 0.01815276872849836
60 120 1 1.1 12.5 13 452.4994753261592 0.01710716700421244
60 120 1 1.1 13 13.5 430.2903750659465 0.01614595816005249
60 120 1 1.1 13.5 14 409.6715258706009 0.01526144216830971
60 120 1 1.1 14 14.5 390.4925505011096 0.01444053629938935
60 120 1 1.1 14.5 15 372.6186896816485 0.01368001339000102
60 120 1 1.1 15 16 696.2512463217265 0.02528720905979753
60 120 1 1.1 16 17 637.6781817644802 0.02283021512107553
60 120 1 1.1 17 18 586.0531688588409 0.02069035536931096
60 120 1 1.1 18 19 540.3081223105605 0.01881619730272632
60 120 1 1.1 19 20 499.5668657922798 0.01716311907676982
60 120 1 1.1 20 21 463.1068931787356 0.01569596323042788
60 120 1 1.1 21 22 430.338966221927 0.01988622861244949
60 120 1 1.1 22 23 400.7769186665431 0.01663494497040574
60 120 1 1.1 23 24 374.013930503732 0.01435694199761883
60 120 1 1.1 24 25 349.7013204238331 0.01250643896634074
60 120 1 1.1 25 26 327.5426455146126 0.01128083180515205
60 120 1 1.1 26 27 307.2887813464505 0.01050060509288642
60 120 1 1.1 27 28 288.7269481124671 0.009301905618883666
60 120 1 1.1 28 29 271.6745575575995 0.008826126705855586
60 120 1 1.1 29 30 255.9713915653577 0.009059865561852121
60 120 1 1.1 30 31 241.4766037261387 0.008751937426893619
60 120 1 1.1 31 32 228.0685114842701 0.008069985637575883
60 120 1 1.1 32 33 215.6416399731748 0.007374594414073954
60 120 1 1.1 33 34 204.1035828412987 0.006635867765993453
60 120 1 1.1 34 35 193.3725069996372 0.006148588796094145
60 120 1 1.1 35 36 183.3756364216322 0.006221524905981823
60 120 1 1.1 36 37 174.0472961283994 0.00628656055363308
60 120 1 1.1 37 38 165.3293174151164 0.005877207963607134
60 120 1 1.1 38 39 157.1705277034903 0.005482081147789586
60 120 1 1.1 39 40 149.525190789528 0.005059271359726836
60 120 1 1.1 40 42 277.9671053417622 0.01215940495757195
60 120 1 1.1 42 44 252.5931837633061 0.009853755084805016
60 120 1 1.1 44 46 230.0815004593671 0.008527836161619007
60 120 1 1.1 46 48 210.0309866815337 0.007534110013239115
60 120 1 1.1 48 50 192.1109022452328 0.006654491979730892
60 120 1 1.1 50 52 176.0436557182719 0.006681761709103284
60 120 1 1.1 52 54 161.5936221899912 0.006119424372741378
60 120 1 1.1 54 56 148.5632638898048 0.005377098804075331
60 120 1 1.1 56 58 136.7850012910926 0.004785187154084269
60 120 1 1.1 58 60 126.1147739706724 0.00482570520982506
60 120 1 1.1 60 65 274.7926978694164 0.01040250402661513
60 120 1 1.1 65 70 226.6441574016584 0.01044774822867112
60 120 1 1.1 70 80 345.266716739099 0.01351223946801383
60 120 1 1.1 80 90 243.1718090166383 0.009896976333436669
60 120 1 1.1 90 100 174.5845599299851 0.007402670957901591
60 120 1.1 1.2 0 0.5 -1.529666670794143 7.617642527169011e-05
60 120 1.1 1.2 0.5 1 -1904.00454935551 0.01569779327951437
60 120 1.1 1.2 1 1.5 240.0822156299755 0.01151469263891158
60 120 1.1 1.2 1.5 2 1527.499474330606 0.04126478479975049
60 120 1.1 1.2 2 2.5 1774.904243156754 0.01274932571436693
60 120 1.1 1.2 2.5 3 1748.591182848492 0.00641577881970079
60 120 1.1 1.2 3 3.5 1643.031531940564 0.07993273920146748
60 120 1.1 1.2 3.5 4 1518.924206401193 0.07159568800170746
60 120 1.1 1.2 4 4.5 1396.825827061226 0.0642060131767721
60 120 1.1 1.2 4.5 5 1283.716884783584 0.05778991189299632
60 120 1.1 1.2 5 5.5 1181.415073670135 0.05221682419551144
60 120 1.1 1.2 5.5 6 1089.703166071518 0.0474526629200227
60 120 1.1 1.2 6 6.5 1007.711979039869 0.04328539280027144
60 120 1.1 1.2 6.5 7 934.4068816394988 0.03959414124005889
60 120 1.1 1.2 7 7.5 868.7586319990523 0.03636742527919523
60 120 1.1 1.2 7.5 8 809.7927537091464 0.03351389713441222
60 120 1.1 1.2 8 8.5 756.657825988896 0.03098909918287518
60 120 1.1 1.2 8.5 9 708.6237665504142 0.028739845783889
60 120 1.1 1.2 9 9.5 665.0674564815237 0.02672282820924465
60 120 1.1 1.2 9.5 10 625.4551352591269 0.02490738348546984
60 120 1.1 1.2 10 10.5 589.3175558873243 0.0279354301260355
60 120 1.1 1.2 10.5 11 556.2499682587415 0.02425138880448685
60 120 1.1 1.2 11 11.5 525.906931630816 0.02131994991123065
60 120 1.1 1.2 11.5 12 497.9904167734107 0.01917547512226747
60 120 1.1 1.2 12 12.5 472.2459929593384 0.0180449241606766
60 120 1.1 1.2 12.5 13 448.4507935691672 0.01700371923004695
60 120 1.1 1.2 13 13.5 426.4110930053068 0.01604728616911189
60 120 1.1 1.2 13.5 14 405.9510457845242 0.01516636248715031
60 120 1.1 1.2 14 14.5 386.9189606331822 0.01435195343373152
60 120 1.1 1.2 14.5 15 369.1805655397081 0.01359594874008963
60 120 1.1 1.2 15 16 689.7508873835853 0.02513431732859317
60 120 1.1 1.2 16 17 631.6445105896552 0.02269448131710305
60 120 1.1 1.2 17 18 580.4515825112859 0.02057092596669463
60 120 1.1 1.2 18 19 535.0882547747701 0.0187064968362165
60 120 1.1 1.2 19 20 494.6825507528071 0.0170603330755057
60 120 1.1 1.2 20 21 458.5296778105239 0.01559549749993039
60 120 1.1 1.2 21 22 426.0492957747538 0.01957826514177441
60 120 1.1 1.2 22 23 396.7512557699883 0.01674229936475058
60 120 1.1 1.2 23 24 370.2238846594501 0.0143034801752151
60 120 1.1 1.2 24 25 346.1248840071692 0.01217078270627781
60 120 1.1 1.2 25 26 324.1660360994182 0.01042548701286705
60 120 1.1 1.2 26 27 304.1008391413648 0.009505149396431989
60 120 1.1 1.2 27 28 285.7148775782996 0.009442178852509642
60 120 1.1 1.2 28 29 268.8226910386869 0.009110567267441638
60 120 1.1 1.2 29 30 253.2656718073673 0.008228112773821294
60 120 1.1 1.2 30 31 238.9075094978869 0.007454768499371767
60 120 1.1 1.2 31 32 225.6288332378355 0.006751131993070203
60 120 1.1 1.2 32 33 213.324767426616 0.007089855140009149
60 120 1.1 1.2 33 34 201.9011382024204 0.007100400673522245
60 120 1.1 1.2 34 35 191.2757465306661 0.006635533573785324
60 120 1.1 1.2 35 36 181.3765108626187 0.006032167138783961
60 120 1.1 1.2 36 37 172.1400533691441 0.005648865564410244
60 120 1.1 1.2 37 38 163.5093651957251 0.005107143536150716
60 120 1.1 1.2 38 39 155.4337883022611 0.00504432274493638
60 120 1.1 1.2 39 40 147.8672184208328 0.005182243375486451
60 120 1.1 1.2 40 42 274.867420787682 0.01222079172964641
60 120 1.1 1.2 42 44 249.7530871618559 0.009489302571921598
60 120 1.1 1.2 44 46 227.4767714309066 0.007369120297170184
60 120 1.1 1.2 46 48 207.6406292341536 0.007621408079245384
60 120 1.1 1.2 48 50 189.911993267814 0.006742017688623037
60 120 1.1 1.2 50 52 174.0165000057943 0.005966842296061259
60 120 1.1 1.2 52 54 159.7235325691134 0.005610184699975207
60 120 1.1 1.2 54 56 146.8367904357369 0.005528853091306019
60 120 1.1 1.2 56 58 135.1882743694453 0.004928628270903346
60 120 1.1 1.2 58 60 124.6355217648247 0.004373036609123915
60 120 1.1 1.2 60 65 271.5485061741056 0.009836241640300614
60 120 1.1 1.2 65 70 223.9459148799773 0.01046679477400403
60 120 1.1 1.2 70 80 341.1135789558489 0.01309914247252664
60 120 1.1 1.2 80 90 240.2128795201112 0.009627593284022851
60 120 1.1 1.2 90 100 172.4408839669597 0.007178438517456698
60 120 1.2 1.3 0 0.5 -1.505923775918325 6.013712461672149e-05
60 120 1.2 1.3 0.5 1 -1844.575751507355 0.02945733286583163
60 120 1.2 1.3 1 1.5 280.8045980052758 0.01092535169135544
60 120 1.2 1.3 1.5 2 1537.777923352554 0.01058475426793848
60 120 1.2 1.3 2 2.5 1774.179363343763 0.04057813975714453
60 120 1.2 1.3 2.5 3 1743.149855170831 0.03817200810112809
60 120 1.2 1.3 3 3.5 1635.578941209581 0.07967703269287085
60 120 1.2 1.3 3.5 4 1510.533974767467 0.07127195661996666
60 120 1.2 1.3 4 4.5 1388.149998030755 0.06389451816630753
60 120 1.2 1.3 4.5 5 1275.113300465998 0.05752733135909693
60 120 1.2 1.3 5 5.5 1172.987265685481 0.05197816814757061
60 120 1.2 1.3 5.5 6 1081.530633734651 0.04720820291072414
60 120 1.2 1.3 6 6.5 999.869201773331 0.04304538021074222
60 120 1.2 1.3 6.5 7 926.9268895102271 0.03939567644488307
60 120 1.2 1.3 7 7.5 861.6176793848472 0.03619068623333987
60 120 1.2 1.3 7.5 8 802.9718561933425 0.03333196718529052
60 120 1.2 1.3 8 8.5 750.1480065774383 0.03081840103845934
60 120 1.2 1.3 8.5 9 702.4239304274164 0.02859501360671857
60 120 1.2 1.3 9 9.5 659.1686213059844 0.02658362068825681
60 120 1.2 1.3 9.5 10 619.8296808296715 0.02476249053540869
60 120 1.2 1.3 10 10.5 583.9398966449838 0.02768874773187235
60 120 1.2 1.3 10.5 11 551.1030786324111 0.02407220339591731
60 120 1.2 1.3 11 11.5 520.9785534890564 0.02064125377000892
60 120 1.2 1.3 11.5 12 493.2747326250255 0.01905207822318289
60 120 1.2 1.3 12 12.5 467.7337222124906 0.0179277192063978
60 120 1.2 1.3 12.5 13 444.1273485016501 0.01689314700507794
60 120 1.2 1.3 13 13.5 422.2594379303035 0.01594424054223964
60 120 1.2 1.3 13.5 14 401.9588236806213 0.01506847413480727
60 120 1.2 1.3 14 14.5 383.0774767085034 0.01425798618936369
60 120 1.2 1.3 14.5 15 365.4842358149761 0.01350532591999354
60 120 1.2 1.3 15 16 682.7755952559546 0.02496808563660124
60 120 1.2 1.3 16 17 625.1791824887313 0.0225515922819568
60 120 1.2 1.3 17 18 574.4295913993151 0.02043641224986459
60 120 1.2 1.3 18 19 529.4660358415719 0.01858436001134578
60 120 1.2 1.3 19 20 489.4335680084811 0.01694682659609725
60 120 1.2 1.3 20 21 453.624245627094 0.01549386442508194
60 120 1.2 1.3 21 22 421.4487500117365 0.01946803028010891
60 120 1.2 1.3 22 23 392.4251093706661 0.01629941555864889
60 120 1.2 1.3 23 24 366.1532277424296 0.01386878354912824
60 120 1.2 1.3 24 25 342.2938753196963 0.01203800190444326
60 120 1.2 1.3 25 26 320.5548827804628 0.01070831223688629
60 120 1.2 1.3 26 27 300.6878564974696 0.009676031786739259
60 120 1.2 1.3 27 28 282.4831487718556 0.008732847939256771
60 120 1.2 1.3 28 29 265.7609917819042 0.008095907778510991
60 120 1.2 1.3 29 30 250.3648372252008 0.007515317057965376
60 120 1.2 1.3 30 31 236.1570222980619 0.007623917295660476
60 120 1.2 1.3 31 32 223.0167153580064 0.006973343287370426
60 120 1.2 1.3 32 33 210.8400154020284 0.006464718171400818
60 120 1.2 1.3 33 34 199.5358520970022 0.005817108628178858
60 120 1.2 1.3 34 35 189.0237287662713 0.005345932857181879
60 120 1.2 1.3 35 36 179.2323211250484 0.005548731584099187
60 120 1.2 1.3 36 37 170.0970321064358 0.005780358129470642
60 120 1.2 1.3 37 38 161.5606501133223 0.005337986999222721
60 120 1.2 1.3 38 39 153.5728661891571 0.004901349173280778
60 120 1.2 1.3 39 40 146.0888437386039 0.00454325104237796
60 120 1.2 1.3 40 42 271.5424073328225 0.0117172813028219
60 120 1.2 1.3 42 44 246.7120416861066 0.009457140905738015
60 120 1.2 1.3 44 46 224.6876859908363 0.007551662731771103
60 120 1.2 1.3 46 48 205.0764014564542 0.006531654341529247
60 120 1.2 1.3 48 50 187.5530035712511 0.0062085267258567
60 120 1.2 1.3 50 52 171.8437563021452 0.006067562179481456
60 120 1.2 1.3 52 54 157.7183913733951 0.005450665404964639
60 120 1.2 1.3 54 56 144.9834424342666 0.004650654442343694
60 120 1.2 1.3 56 58 133.4744652754845 0.004642327056018303
60 120 1.2 1.3 58 60 123.0490172963816 0.004524763269628806
60 120 1.2 1.3 60 65 268.0664432762458 0.009250772245081862
60 120 1.2 1.3 65 70 221.0479335402337 0.01045916729341911
60 120 1.2 1.3 70 80 336.6476035924627 0.01278607042030444
60 120 1.2 1.3 80 90 237.0247478760988 0.009308743696067268
60 120 1.2 1.3 90 100 170.1252535057726 0.00701862208470061
60 120 1.3 1.4 0 0.5 -1.48066417823204 6.200437241998813e-05
60 120 1.3 1.4 0.5 1 -1781.131673951706 0.0201435731910351
60 120 1.3 1.4 1 1.5 324.0839291073689 0.006005383079411786
60 120 1.3 1.4 1.5 2 1548.351897304195 0.05105197939315076
60 120 1.3 1.4 2 2.5 1772.904964869844 0.008749205901494861
60 120 1.3 1.4 2.5 3 1737.110156142519 0.01416019748239705
60 120 1.3 1.4 3 3.5 1627.399062943318 0.07932744114191337
60 120 1.3 1.4 3.5 4 1501.478166426922 0.07091669710848691
60 120 1.3 1.4 4 4.5 1378.904975837689 0.06359344118573063
60 120 1.3 1.4 4.5 5 1265.910655745003 0.05726490127881334
60 120 1.3 1.4 5 5.5 1163.981179206309 0.05174064322750382
60 120 1.3 1.4 5.5 6 1072.848403639529 0.04696473563853942
60 120 1.3 1.4 6 6.5 991.5527225442164 0.04279897491505835
60 120 1.3 1.4 6.5 7 918.9552881603068 0.03916777063795962
60 120 1.3 1.4 7 7.5 853.9830846808118 0.03598663737045626
60 120 1.3 1.4 7.5 8 795.681713358326 0.03315959135022695
60 120 1.3 1.4 8 8.5 743.2088304258206 0.03065096381885724
60 120 1.3 1.4 8.5 9 695.8126800093645 0.0284200485286874
60 120 1.3 1.4 9 9.5 652.8534356698858 0.02641552145553305
60 120 1.3 1.4 9.5 10 613.7914631427798 0.02461372590460087
60 120 1.3 1.4 10 10.5 578.1700147854986 0.02703722183309765
60 120 1.3 1.4 10.5 11 545.5956727682984 0.02362731598032042
60 120 1.3 1.4 11 11.5 515.7219073751727 0.02062843289775174
60 120 1.3 1.4 11.5 12 488.2478155165215 0.0189279267793836
60 120 1.3 1.4 12 12.5 462.9155811285822 0.01781379888933543
60 120 1.3 1.4 12.5 13 439.5046806298984 0.01678739410232311
60 120 1.3 1.4 13 13.5 417.8227317065779 0.01583938354895054
60 120 1.3 1.4 13.5 14 397.7022926600164 0.01496458536269074
60 120 1.3 1.4 14 14.5 378.9939543822284 0.01415585961439092
60 120 1.3 1.4 14.5 15 361.5633310194956 0.01340778737778692
60 120 1.3 1.4 15 16 675.3704180239249 0.02478153262711658
60 120 1.3 1.4 16 17 618.2947740378132 0.02237600856699373
60 120 1.3 1.4 17 18 568.0236246476148 0.02028109260595556
60 120 1.3 1.4 18 19 523.5008629566632 0.01843896748073348
60 120 1.3 1.4 19 20 483.8583750798287 0.01681416642270506
60 120 1.3 1.4 20 21 448.3967539916471 0.01537327758023821
60 120 1.3 1.4 21 22 416.5442971645138 0.01871890088966666
60 120 1.3 1.4 22 23 387.8232638561341 0.01629838813045126
60 120 1.3 1.4 23 24 361.8264654402274 0.01395485698560606
60 120 1.3 1.4 24 25 338.2145331499285 0.0118268928940779
60 120 1.3 1.4 25 26 316.7034940584354 0.01019852377504549
60 120 1.3 1.4 26 27 297.0506917477235 0.009366017829051998
60 120 1.3 1.4 27 28 279.0470368597839 0.008671237229862072
60 120 1.3 1.4 28 29 262.5093341248235 0.008258064879669291
60 120 1.3 1.4 29 30 247.2816917984289 0.007461415771672364
60 120 1.3 1.4 30 31 233.230148787782 0.006933078023592998
60 120 1.3 1.4 31 32 220.2370883085093 0.006446941426219155
60 120 1.3 1.4 32 33 208.1996177493594 0.006543088559055832
60 120 1.3 1.4 33 34 197.0251447414161 0.006416714413035152
60 120 1.3 1.4 34 35 186.633281043473 0.005828716408359469
60 120 1.3 1.4 35 36 176.9533849809057 0.005245110483258486
60 120 1.3 1.4 36 37 167.9230820808429 0.004761412150060096
60 120 1.3 1.4 37 38 159.4863136711703 0.004392850711354868
60 120 1.3 1.4 38 39 151.5933756547196 0.00465827853764722
60 120 1.3 1.4 39 40 144.1985494394366 0.004693732116521687
60 120 1.3 1.4 40 42 268.0076856526495 0.01168373749806051
60 120 1.3 1.4 42 44 243.4744815341022 0.009063095038868596
60 120 1.3 1.4 44 46 221.719674126763 0.007237606543867514
60 120 1.3 1.4 46 48 202.3507981611342 0.00689825903711494
60 120 1.3 1.4 48 50 185.044129068992 0.005921749119551123
60 120 1.3 1.4 50 52 169.5308808109995 0.005381562095067238
60 120 1.3 1.4 52 54 155.5844899262264 0.005489294432180714
60 120 1.3 1.4 54 56 143.0115478515322 0.00482627600317187
60 120 1.3 1.4 56 58 131.6493085998407 0.00415014005818648
60 120 1.3 1.4 58 60 121.3583530820042 0.004022872010523315
60 120 1.3 1.4 60 65 264.3564930049441 0.009398543783618152
60 120 1.3 1.4 65 70 217.956597057882 0.01078788957818233
60 120 1.3 1.4 70 80 331.8769749851303 0.01228064434553744
60 120 1.3 1.4 80 90 233.6118540631567 0.009430942334660131
60 120 1.3 1.4 90 100 167.6387338364383 0.007189136484299752
60 120 1.4 1.5 0 0.5 -1.454156342615116 3.72430201240892e-05
60 120 1.4 1.5 0.5 1 -1714.392984777137 0.07673080666177157
60 120 1.4 1.5 1 1.5 369.9607633646521 0.01010483140095175
60 120 1.4 1.5 1.5 2 1559.815695975938 0.01438496609443973
60 120 1.4 1.5 2 2.5 1771.738164044023 0.009291740791240954
60 120 1.4 1.5 2.5 3 1730.696405987997 0.008606807291016594
60 120 1.4 1.5 3 3.5 1618.620841787595 0.07907497412475095
60 120 1.4 1.5 3.5 4 1491.844346849074 0.0706870703088498
60 120 1.4 1.5 4 4.5 1369.000068328083 0.0633546275671506
60 120 1.4 1.5 4.5 5 1256.061524282975 0.05691380162807036
60 120 1.4 1.5 5 5.5 1154.428359833506 0.05137498375461291
60 120 1.4 1.5 5.5 6 1063.658675715006 0.04663195758780603
60 120 1.4 1.5 6 6.5 982.7210353464222 0.0425076765114909
60 120 1.4 1.5 6.5 7 910.4998540516004 0.03891471152519443
60 120 1.4 1.5 7 7.5 845.9302900082117 0.03574780603241834
60 120 1.4 1.5 7.5 8 788.019883127841 0.03293069930964521
60 120 1.4 1.5 8 8.5 735.8964881793805 0.03044017471677307
60 120 1.4 1.5 8.5 9 688.8243349259677 0.02821459405492988
60 120 1.4 1.5 9 9.5 646.1796638433414 0.02622013941402201
60 120 1.4 1.5 9.5 10 607.428567777636 0.02442484055973182
60 120 1.4 1.5 10 10.5 572.1007688028019 0.02724074398554421
60 120 1.4 1.5 10.5 11 539.7919832963227 0.0235896986246189
60 120 1.4 1.5 11 11.5 510.1611294486766 0.02045070946917349
60 120 1.4 1.5 11.5 12 482.9169925825437 0.01879376602829552
60 120 1.4 1.5 12 12.5 457.8073281527862 0.0176816532552948
60 120 1.4 1.5 12.5 13 434.6126760661812 0.01665943741767251
60 120 1.4 1.5 13 13.5 413.1351600668947 0.01572093675497399
60 120 1.4 1.5 13.5 14 393.2034302549774 0.01485395853546834
60 120 1.4 1.5 14 14.5 374.6684867452112 0.01405079278850963
60 120 1.4 1.5 14.5 15 357.4010017265277 0.01330328370750067
60 120 1.4 1.5 15 16 667.5101290630193 0.02459414747784194
60 120 1.4 1.5 16 17 611.0154321778379 0.02221441961819437
60 120 1.4 1.5 17 18 561.2599706871325 0.0201295020208363
60 120 1.4 1.5 18 19 517.1900946564995 0.01829970007486281
60 120 1.4 1.5 19 20 477.9629653805835 0.01668077865394935
60 120 1.4 1.5 20 21 442.8861655726826 0.01524989428702384
60 120 1.4 1.5 21 22 411.3793630974013 0.01893546246412825
60 120 1.4 1.5 22 23 382.9666717960475 0.01588073303332749
60 120 1.4 1.5 23 24 357.2540887685076 0.01351831505240852
60 120 1.4 1.5 24 25 333.9080795573738 0.01163636790766986
60 120 1.4 1.5 25 26 312.6424084454355 0.01011741570636104
60 120 1.4 1.5 26 27 293.2130721729733 0.009296203202723063
60 120 1.4 1.5 27 28 275.4141902437003 0.0086061181622199
60 120 1.4 1.5 28 29 259.0683533733196 0.007977230050244088
60 120 1.4 1.5 29 30 244.0218755090291 0.007404822868750216
60 120 1.4 1.5 30 31 230.1388988528517 0.006903731376951328
60 120 1.4 1.5 31 32 217.301563196744 0.006398293301288049
60 120 1.4 1.5 32 33 205.4082446762567 0.005956531184182268
60 120 1.4 1.5 33 34 194.3690756250176 0.005550517858722515
60 120 1.4 1.5 34 35 184.1054735168443 0.005275941110454596
60 120 1.4 1.5 35 36 174.5463672867749 0.005544788844133564
60 120 1.4 1.5 36 37 165.6287148044217 0.005323137227463803
60 120 1.4 1.5 37 38 157.2971860444608 0.004806968719321958
60 120 1.4 1.5 38 39 149.5026769927291 0.004408997503077217
60 120 1.4 1.5 39 40 142.2008361148945 0.004020509173102482
60 120 1.4 1.5 40 42 264.2733521028262 0.01157923461795463
60 120 1.4 1.5 42 44 240.0560034014738 0.008981604664683118
60 120 1.4 1.5 44 46 218.5821393893544 0.006939253931591338
60 120 1.4 1.5 46 48 199.4673728991444 0.006165921638569216
60 120 1.4 1.5 48 50 182.3907276528537 0.005998166086811807
60 120 1.4 1.5 50 52 167.084780875794 0.005229854352023722
60 120 1.4 1.5 52 54 153.3257584220176 0.004631706982394235
60 120 1.4 1.5 54 56 140.9244938478134 0.004807161113717484
60 120 1.4 1.5 56 58 129.7181422248663 0.004478072359177077
60 120 1.4 1.5 58 60 119.5687565502569 0.003888156119344899
60 120 1.4 1.5 60 65 260.425470012117 0.009251369332105241
60 120 1.4 1.5 65 70 214.678430222291 0.007545385783828351
60 120 1.4 1.5 70 80 326.8088878275939 0.01247513550640633
60 120 1.4 1.5 80 90 229.9731347492404 0.009698879438900576
60 120 1.4 1.5 90 100 164.9776919180846 0.007504059773225435
60 120 1.5 1.6 0 0.5 -1.426619176525791 3.54141576328626e-05
60 120 1.5 1.6 0.5 1 -1645.195921443017 0.01390397166801449
60 120 1.5 1.6 1 1.5 417.5495781796442 0.005926431009754651
60 120 1.5 1.6 1.5 2 1571.709697200299 0.01187381288900724
60 120 1.5 1.6 2 2.5 1770.740442189023 0.006835744635054652
60 120 1.5 1.6 2.5 3 1724.06634310764 0.003063825251047092
60 120 1.5 1.6 3 3.5 1609.616426561817 0.07886815448523521
60 120 1.5 1.6 3.5 4 1481.798623124571 0.07042053589088937
60 120 1.5 1.6 4 4.5 1358.597367361796 0.06307874033473126
60 120 1.5 1.6 4.5 5 1245.764518651637 0.05666606507224969
60 120 1.5 1.6 5 5.5 1144.382712254108 0.05115020390985592
60 120 1.5 1.6 5.5 6 1053.929541978048 0.04641775386221525
60 120 1.5 1.6 6 6.5 973.3904817548585 0.04230592395697386
60 120 1.5 1.6 6.5 7 901.6091252914912 0.0386953186896335
60 120 1.5 1.6 7 7.5 837.4489113563275 0.03549194086554053
60 120 1.5 1.6 7.5 8 779.9191447974889 0.03268449203710588
60 120 1.5 1.6 8 8.5 728.1723036000594 0.03021423829784453
60 120 1.5 1.6 8.5 9 681.4758037046058 0.02800543704506708
60 120 1.5 1.6 9 9.5 639.1854084783037 0.0260326076909223
60 120 1.5 1.6 9.5 10 600.7525046982568 0.02426189212462759
60 120 1.5 1.6 10 10.5 565.7170826122294 0.02680564501713434
60 120 1.5 1.6 10.5 11 533.68757313172 0.02289762493205671
60 120 1.5 1.6 11 11.5 504.3275327028653 0.01998175778425093
60 120 1.5 1.6 11.5 12 477.3411605029746 0.0186526344236313
60 120 1.5 1.6 12 12.5 452.4692329741707 0.01754614813131639
60 120 1.5 1.6 12.5 13 429.4908482892465 0.01653425732138203
60 120 1.5 1.6 13 13.5 408.215210308657 0.01559758356114571
60 120 1.5 1.6 13.5 14 388.4765144164308 0.01473541926151256
60 120 1.5 1.6 14 14.5 370.1275746122683 0.01394252267704132
60 120 1.5 1.6 14.5 15 353.0386439078969 0.01320867425016559
60 120 1.5 1.6 15 16 659.2751527534028 0.02441282790994137
60 120 1.5 1.6 16 17 603.362821838102 0.02204216709446882
60 120 1.5 1.6 17 18 554.1364369142254 0.01997275034591439
60 120 1.5 1.6 18 19 510.5562833150575 0.01815539948950118
60 120 1.5 1.6 19 20 471.7689119306751 0.01654900956395977
60 120 1.5 1.6 20 21 437.0847794907386 0.01513158467929543
60 120 1.5 1.6 21 22 405.9396640478311 0.0181603824947274
60 120 1.5 1.6 22 23 377.8634807325764 0.01586558375231562
60 120 1.5 1.6 23 24 352.4564729766846 0.01348926580004672
60 120 1.5 1.6 24 25 329.386921980803 0.01141378163600848
60 120 1.5 1.6 25 26 308.3755102921709 0.009966152234028414
60 120 1.5 1.6 26 27 289.1840080960966 0.009215783652166465
60 120 1.5 1.6 27 28 271.6053075453029 0.00853338582038532
60 120 1.5 1.6 28 29 255.4617273942463 0.007910121438982287
60 120 1.5 1.6 29 30 240.6009801318551 0.007341336456079262
60 120 1.5 1.6 30 31 226.891462213208 0.006821360224876116
60 120 1.5 1.6 31 32 214.217808006421 0.006344214828146733
60 120 1.5 1.6 32 33 202.4773131845968 0.006008194957956903
60 120 1.5 1.6 33 34 191.5805221076014 0.005504296583694668
60 120 1.5 1.6 34 35 181.4493938714782 0.005133461245577564
60 120 1.5 1.6 35 36 172.014484236169 0.004791908791276001
60 120 1.5 1.6 36 37 163.2147360805027 0.004537658853735138
60 120 1.5 1.6 37 38 154.9945905697633 0.004676838199713984
60 120 1.5 1.6 38 39 147.3046777987533 0.004497796138906551
60 120 1.5 1.6 39 40 140.1012183089116 0.004073987591254991
60 120 1.5 1.6 40 42 260.3458794654101 0.01103991104918123
60 120 1.5 1.6 42 44 236.46087986523 0.008870492007105213
60 120 1.5 1.6 44 46 215.2844881574049 0.006898606220460124
60 120 1.5 1.6 46 48 196.4352538010724 0.005722546693505137
60 120 1.5 1.6 48 50 179.5986223628194 0.005567022391858245
60 120 1.5 1.6 50 52 164.5102067330097 0.005472003077386489
60 120 1.5 1.6 52 54 150.9481265195669 0.004650208104862941
60 120 1.5 1.6 54 56 138.7252645071841 0.004345983566452105
60 120 1.5 1.6 56 58 127.6823503541185 0.004637060488946076
60 120 1.5 1.6 58 60 117.681716892973 0.004182706351073762
60 120 1.5 1.6 60 65 256.2764464026423 0.009062935067731814
60 120 1.5 1.6 65 70 211.2142798438695 0.007727071608286451
60 120 1.5 1.6 70 80 321.4405687378733 0.01291701394751499
60 120 1.5 1.6 80 90 226.1035661334396 0.01007302830549861
60 120 1.5 1.6 90 100 162.1353158979964 0.007953706317465503
60 120 1.6 1.7 0 0.5 -1.397546392572172 3.367298254941531e-05
60 120 1.6 1.7 0.5 1 -1572.454420536204 0.07677297868394817
60 120 1.6 1.7 1 1.5 466.9624474278929 0.003582675061693408
60 120 1.6 1.7 1.5 2 1583.699791457896 0.007853905059619137
60 120 1.6 1.7 2 2.5 1769.36401682089 0.03778492080664364
60 120 1.6 1.7 2.5 3 1717.137108971529 0.04204617376512942
60 120 1.6 1.7 3 3.5 1600.222825159453 0.07858709859215196
60 120 1.6 1.7 3.5 4 1471.321389933575 0.07010582302564217
60 120 1.6 1.7 4 4.5 1347.864854122731 0.06271885221804041
60 120 1.6 1.7 4.5 5 1235.063479042127 0.05636063574343098
60 120 1.6 1.7 5 5.5 1133.900801908096 0.05088179437802864
60 120 1.6 1.7 5.5 6 1043.824168711111 0.04614465146391922
60 120 1.6 1.7 6 6.5 963.6968174356247 0.04204960659978951
60 120 1.6 1.7 6.5 7 892.3084954491701 0.03845470471242152
60 120 1.6 1.7 7 7.5 828.5543831847588 0.03528565479882673
60 120 1.6 1.7 7.5 8 771.4470793632998 0.03248941176707376
60 120 1.6 1.7 8 8.5 720.1052824524879 0.03002736345558787
60 120 1.6 1.7 8.5 9 673.7759965631237 0.02783647731814654
60 120 1.6 1.7 9 9.5 631.830058772687 0.02586221152796497
60 120 1.6 1.7 9.5 10 593.7327465404649 0.02408190839787494
60 120 1.6 1.7 10 10.5 559.0232652963517 0.02657676337378234
60 120 1.6 1.7 10.5 11 527.2986668828119 0.02291294622182249
60 120 1.6 1.7 11 11.5 498.2176233080402 0.01994877334732337
60 120 1.6 1.7 11.5 12 471.4893288008823 0.01850215188989068
60 120 1.6 1.7 12 12.5 446.8632935686098 0.017404328883174
60 120 1.6 1.7 12.5 13 424.1213696677631 0.01639732943135641
60 120 1.6 1.7 13 13.5 403.070924648589 0.01547344924125582
60 120 1.6 1.7 13.5 14 383.5418208888693 0.01462085075382902
60 120 1.6 1.7 14 14.5 365.3869071929902 0.01382960385348042
60 120 1.6 1.7 14.5 15 348.4782437521577 0.0130969657528226
60 120 1.6 1.7 15 16 650.6611702597227 0.02420569352693747
60 120 1.6 1.7 16 17 595.3766433707274 0.02185124740753963
60 120 1.6 1.7 17 18 546.7095882779887 0.01979831071673743
60 120 1.6 1.7 18 19 503.625164911249 0.01799804051142928
60 120 1.6 1.7 19 20 465.2915470341819 0.01640982264694912
60 120 1.6 1.7 20 21 431.0245602227098 0.01500077718179682
60 120 1.6 1.7 21 22 400.2559698534643 0.01815981960311319
60 120 1.6 1.7 22 23 372.520549794167 0.01536280321187178
60 120 1.6 1.7 23 24 347.4294738925347 0.0130619147289508
60 120 1.6 1.7 24 25 324.653345401116 0.01133301695494993
60 120 1.6 1.7 25 26 303.9108835036615 0.009880365974879624
60 120 1.6 1.7 26 27 284.9659298172704 0.009137597066285252
60 120 1.6 1.7 27 28 267.6155194103483 0.008459134409974922
60 120 1.6 1.7 28 29 251.6859416806603 0.007840425080132718
60 120 1.6 1.7 29 30 237.0236977923788 0.007277457604089932
60 120 1.6 1.7 30 31 223.4977024920977 0.006761958161490611
60 120 1.6 1.7 31 32 210.993815967101 0.006290581246332749
60 120 1.6 1.7 32 33 199.4120383773651 0.005857768037856204
60 120 1.6 1.7 33 34 188.664781694006 0.005633829919958089
60 120 1.6 1.7 34 35 178.673058503521 0.005306942494371469
60 120 1.6 1.7 35 36 169.3687987415366 0.004834173713334167
60 120 1.6 1.7 36 37 160.6908560647531 0.00443994291066474
60 120 1.6 1.7 37 38 152.5853840387059 0.004151174849624795
60 120 1.6 1.7 38 39 145.0041660766236 0.00405953551529592
60 120 1.6 1.7 39 40 137.9032718629228 0.004198395544420919
60 120 1.6 1.7 40 42 256.2341211265133 0.01082730666178122
60 120 1.6 1.7 42 44 232.6931197156853 0.0083270369244417
60 120 1.6 1.7 44 46 211.8269174266116 0.006845156252069273
60 120 1.6 1.7 46 48 193.2566887162827 0.006071176149049506
60 120 1.6 1.7 48 50 176.6707792258674 0.005365177914825381
60 120 1.6 1.7 50 52 161.8096763777038 0.005733565321776268
60 120 1.6 1.7 52 54 148.4532292991674 0.005226449346082518
60 120 1.6 1.7 54 56 136.4164229499617 0.00444159033690994
60 120 1.6 1.7 56 58 125.5428922488953 0.004556797504704946
60 120 1.6 1.7 58 60 115.6970299483325 0.004290614709901774
60 120 1.6 1.7 60 65 251.9079417972203 0.008948737541771834
60 120 1.6 1.7 65 70 207.560189162253 0.007962515142281745
60 120 1.6 1.7 70 80 315.7622810573995 0.01373445090672476
60 120 1.6 1.7 80 90 221.9938696921877 0.01077644304433534
60 120 1.6 1.7 90 100 159.1004223720932 0.002151920951547481
60 120 1.7 1.8 0 0.5 -1.36750977343314 3.998889874945455e-05
60 120 1.7 1.8 0.5 1 -1497.082967110623 0.02142037615976733
60 120 1.7 1.8 1 1.5 518.0575207146719 0.0002514236460910979
60 120 1.7 1.8 1.5 2 1595.839361006583 0.02096889439530969
60 120 1.7 1.8 2 2.5 1767.38705753392 0.009480667825073397
60 120 1.7 1.8 2.5 3 1709.440935672636 0.01809722044481532
60 120 1.7 1.8 3 3.5 1590.020094130009 0.07829648725123661
60 120 1.7 1.8 3.5 4 1460.238028231654 0.0698094256447348
60 120 1.7 1.8 4 4.5 1336.497734729795 0.06240992105699661
60 120 1.7 1.8 4.5 5 1223.807728909221 0.05604392452005413
60 120 1.7 1.8 5 5.5 1122.979969498213 0.05057178532024409
60 120 1.7 1.8 5.5 6 1033.275004328894 0.04585198206609675
60 120 1.7 1.8 6 6.5 953.5592342329237 0.04174995112578017
60 120 1.7 1.8 6.5 7 882.6282333105651 0.03816664012958881
60 120 1.7 1.8 7 7.5 819.3256051358883 0.03503779022037179
60 120 1.7 1.8 7.5 8 762.6336084609729 0.03226523403361625
60 120 1.7 1.8 8 8.5 711.6885815313195 0.02980743955708931
60 120 1.7 1.8 8.5 9 665.7507800383415 0.02762327699758771
60 120 1.7 1.8 9 9.5 624.1816790770251 0.02566468586280735
60 120 1.7 1.8 9.5 10 586.4325954706459 0.02390076924098139
60 120 1.7 1.8 10 10.5 552.0437090902996 0.02607145484842022
60 120 1.7 1.8 10.5 11 520.6232528796122 0.02229132612330886
60 120 1.7 1.8 11 11.5 491.835196212291 0.0195518997360864
60 120 1.7 1.8 11.5 12 465.3858456129751 0.01836074872198878
60 120 1.7 1.8 12 12.5 441.0196908846993 0.01727236367634077
60 120 1.7 1.8 12.5 13 418.518623351858 0.01626997274178166
60 120 1.7 1.8 13 13.5 397.6934350540277 0.01534424455883254
60 120 1.7 1.8 13.5 14 378.3789515539461 0.01449186359889154
60 120 1.7 1.8 14 14.5 360.4298414767712 0.01370398302663034
60 120 1.7 1.8 14.5 15 343.7165287545186 0.01297643718322661
60 120 1.7 1.8 15 16 641.6762890381108 0.02399090682786209
60 120 1.7 1.8 16 17 587.0401200523128 0.0216628850091638
60 120 1.7 1.8 17 18 538.9611286305142 0.01962787303739333
60 120 1.7 1.8 18 19 496.4096574226016 0.01784255518498412
60 120 1.7 1.8 19 20 458.5522744158699 0.01626606297747912
60 120 1.7 1.8 20 21 424.7142827445523 0.02104686342812556
60 120 1.7 1.8 21 22 394.3403772943777 0.01804416590658775
60 120 1.7 1.8 22 23 366.9643876799144 0.01508572823763643
60 120 1.7 1.8 23 24 342.2005305985755 0.0128886442268481
60 120 1.7 1.8 24 25 319.7239489520601 0.0109700063583773
60 120 1.7 1.8 25 26 299.2600460807145 0.009794022479411524
60 120 1.7 1.8 26 27 280.5720089204171 0.009055588222508959
60 120 1.7 1.8 27 28 263.4589440172779 0.008385530638577166
60 120 1.7 1.8 28 29 247.7477898226096 0.007771287047347641
60 120 1.7 1.8 29 30 233.2904020705788 0.007212774600844796
60 120 1.7 1.8 30 31 219.9554948385613 0.006703157909640822
60 120 1.7 1.8 31 32 207.6295767586663 0.006235081899490069
60 120 1.7 1.8 32 33 196.2138212157282 0.005805385382473105
60 120 1.7 1.8 33 34 185.6212153143089 0.005409707745911874
60 120 1.7 1.8 34 35 175.7757079538047 0.005140324787475947
60 120 1.7 1.8 35 36 166.6079919931331 0.005218087060796961
60 120 1.7 1.8 36 37 158.0583690597662 0.004808750540007622
60 120 1.7 1.8 37 38 150.0729558627028 0.004260952617698877
60 120 1.7 1.8 38 39 142.6042486106398 0.004091287005337563
60 120 1.7 1.8 39 40 135.6098162004331 0.004316281949229506
60 120 1.7 1.8 40 42 251.9424038083551 0.01062374224849805
60 120 1.7 1.8 42 44 228.7590590717172 0.008181969724262217
60 120 1.7 1.8 44 46 208.2133031487239 0.006779139112836674
60 120 1.7 1.8 46 48 189.9317166510162 0.006411674796453326
60 120 1.7 1.8 48 50 173.606040843012 0.005414108773237558
60 120 1.7 1.8 50 52 158.9803665010558 0.005715891000562578
60 120 1.7 1.8 52 54 145.8373515973644 0.005245033015143008
60 120 1.7 1.8 54 56 133.9947657563814 0.004474515358452891
60 120 1.7 1.8 56 58 123.2982313843992 0.004713469728883979
60 120 1.7 1.8 58 60 113.6136001678355 0.004469121796233821
60 120 1.7 1.8 60 65 247.316308024392 0.009756506117668096
60 120 1.7 1.8 65 70 203.7095681402798 0.008557522835474174
60 120 1.7 1.8 70 80 309.7568896542375 0.0148651912034552
60 120 1.7 1.8 80 90 217.6253583838715 0.003238611559652327
60 120 1.7 1.8 90 100 155.8563163834733 0.002138097004149131
60 120 1.8 1.9 0 0.5 -1.336548300209647 3.301507676489734e-05
60 120 1.8 1.9 0.5 1 -1419.178737404187 0.01647156878289024
60 120 1.8 1.9 1 1.5 571.0263718211818 0.003564835232850783
60 120 1.8 1.9 1.5 2 1608.500334352262 0.0204207485171537
60 120 1.8 1.9 2 2.5 1765.545149715509 0.007339575915921159
60 120 1.8 1.9 2.5 3 1701.407301791234 0.002399780637460935
60 120 1.8 1.9 3 3.5 1579.416269583616 0.0778475556317062
60 120 1.8 1.9 3.5 4 1448.533397571277 0.06932434609075244
60 120 1.8 1.9 4 4.5 1324.562174862454 0.06201121209051053
60 120 1.8 1.9 4.5 5 1212.025398158966 0.05572555794674372
60 120 1.8 1.9 5 5.5 1111.508617445067 0.05026567916956992
60 120 1.8 1.9 5.5 6 1022.250346863452 0.0455593060943329
60 120 1.8 1.9 6 6.5 943.0229563515753 0.04147354551230364
60 120 1.8 1.9 6.5 7 872.5597847468797 0.03790541106104683
60 120 1.8 1.9 7 7.5 809.7166313488891 0.03478411411651905
60 120 1.8 1.9 7.5 8 753.4834893215635 0.03202770202040028
60 120 1.8 1.9 8 8.5 702.9745458841551 0.02958412404768751
60 120 1.8 1.9 8.5 9 657.4397868919509 0.02740928617117788
60 120 1.8 1.9 9 9.5 616.2479113346668 0.02545409136007493
60 120 1.8 1.9 9.5 10 578.8617485039623 0.02370427237678996
60 120 1.8 1.9 10 10.5 544.8184803404533 0.0259169638665071
60 120 1.8 1.9 10.5 11 513.719482007528 0.02218961714868328
60 120 1.8 1.9 11 11.5 485.2292134842044 0.01939358001436631
60 120 1.8 1.9 11.5 12 459.0584637770709 0.01821164711736856
60 120 1.8 1.9 12 12.5 434.9572104068804 0.0171272688614863
60 120 1.8 1.9 12.5 13 412.7086559364644 0.0161308102062776
60 120 1.8 1.9 13 13.5 392.1201273148617 0.01521602880853834
60 120 1.8 1.9 13.5 14 373.0278183842483 0.01437408321834255
60 120 1.8 1.9 14 14.5 355.2865831765814 0.01359374078936071
60 120 1.8 1.9 14.5 15 338.7695986392011 0.01287292877287882
60 120 1.8 1.9 15 16 632.3377948613473 0.02379225028084875
60 120 1.8 1.9 16 17 578.3787436269328 0.02147591983714392
60 120 1.8 1.9 17 18 530.9040025112938 0.01944784249474196
60 120 1.8 1.9 18 19 488.8986785184534 0.01767244666450551
60 120 1.8 1.9 19 20 451.5394742122998 0.016110128152377
60 120 1.8 1.9 20 21 418.1527800234194 0.02077155314606216
60 120 1.8 1.9 21 22 388.1877364096328 0.01736750761477879
60 120 1.8 1.9 22 23 361.1882125097787 0.01503413816499233
60 120 1.8 1.9 23 24 336.7681742760769 0.01259652728407445
60 120 1.8 1.9 24 25 314.6062733730674 0.01088719813890293
60 120 1.8 1.9 25 26 294.4299832370307 0.009700889643681876
60 120 1.8 1.9 26 27 276.0083974083184 0.008969703520733674
60 120 1.8 1.9 27 28 259.1411031991054 0.008304504507066213
60 120 1.8 1.9 28 29 243.6578656123482 0.007699089817720051
60 120 1.8 1.9 29 30 229.4105800581207 0.007147753741605811
60 120 1.8 1.9 30 31 216.2726487139557 0.006640301977455465
60 120 1.8 1.9 31 32 204.1301606997248 0.006176956325418814
60 120 1.8 1.9 32 33 192.8858750495298 0.005752248192692377
60 120 1.8 1.9 33 34 182.453254268098 0.005360518729531805
60 120 1.8 1.9 34 35 172.7574196080727 0.004999494627099921
60 120 1.8 1.9 35 36 163.7308134469249 0.005239062759812896
60 120 1.8 1.9 36 37 155.3133251328378 0.004947370763602521
60 120 1.8 1.9 37 38 147.452490825138 0.004349509816734098
60 120 1.8 1.9 38 39 140.1008485214258 0.004040690031047234
60 120 1.8 1.9 39 40 133.2169214415817 0.004202533350053272
60 120 1.8 1.9 40 42 247.4640442440224 0.01020653720055975
60 120 1.8 1.9 42 44 224.6537260243201 0.007917697831743453
60 120 1.8 1.9 44 46 204.4412459840198 0.007372149074996059
60 120 1.8 1.9 46 48 186.4584754718956 0.006754280750584485
60 120 1.8 1.9 48 50 170.4019776221957 0.005783155699532472
60 120 1.8 1.9 50 52 156.0196568502559 0.005953712480248896
60 120 1.8 1.9 52 54 143.0976192692694 0.005332942572266575
60 120 1.8 1.9 54 56 131.456346391537 0.005011868486036519
60 120 1.8 1.9 56 58 120.9428062379683 0.005156833401983363
60 120 1.8 1.9 58 60 111.4250449512074 0.004676118821038244
60 120 1.8 1.9 60 65 242.4857716359898 0.0110630554598572
60 120 1.8 1.9 65 70 199.6498534430291 0.00963007894873158
60 120 1.8 1.9 70 80 303.3982595587714 0.005048966173887948
60 120 1.8 1.9 80 90 212.9721394419726 0.003214749428650521
60 120 1.8 1.9 90 100 152.3806361033254 0.002122529825982156
60 120 1.9 2 0 0.5 -1.304702118836595 5.068170031496955e-05
60 120 1.9 2 0.5 1 -1339.429250491498 0.04507462977016985
60 120 1.9 2 1 1.5 625.3736586611664 0.0273591663769821
60 120 1.9 2 1.5 2 1621.463253731557 0.03725603023053736
60 120 1.9 2 2 2.5 1763.486000199859 0.01647040299690161
60 120 1.9 2 2.5 3 1693.183073535632 0.03571420282696636
60 120 1.9 2 3 3.5 1568.42353313034 0.07758672456452587
60 120 1.9 2 3.5 4 1436.479185607862 0.06906923171595736
60 120 1.9 2 4 4.5 1312.182419112435 0.06171981225406853
60 120 1.9 2 4.5 5 1199.747105077338 0.05533017402763107
60 120 1.9 2 5 5.5 1099.577556277838 0.04984184092040778
60 120 1.9 2 5.5 6 1010.746493853896 0.04517428404153634
60 120 1.9 2 6 6.5 931.9961656628125 0.04114144222580762
60 120 1.9 2 6.5 7 862.043434962423 0.03761742859444439
60 120 1.9 2 7 7.5 799.6994970917667 0.03450635094327481
60 120 1.9 2 7.5 8 743.9393985605477 0.03177068306695219
60 120 1.9 2 8 8.5 693.8858803020994 0.02933911135539802
60 120 1.9 2 8.5 9 648.7898561520163 0.0271721671870182
60 120 1.9 2 9 9.5 608.0088519265606 0.02523946035478275
60 120 1.9 2 9.5 10 571.0030139336194 0.02349411884301844
60 120 1.9 2 10 10.5 537.3142156079668 0.02519405658165397
60 120 1.9 2 10.5 11 506.5522378885562 0.02203330730890229
60 120 1.9 2 11 11.5 478.3782354634877 0.01921865391568645
60 120 1.9 2 11.5 12 452.5032414104078 0.0180358613516205
60 120 1.9 2 12 12.5 428.6781302230628 0.01696507599177721
60 120 1.9 2 12.5 13 406.6873954308962 0.01597878358359139
60 120 1.9 2 13 13.5 386.3445768181812 0.01507140781825456
60 120 1.9 2 13.5 14 367.4839058935603 0.014236755852437
60 120 1.9 2 14 14.5 349.9612293640165 0.01346610854261598
60 120 1.9 2 14.5 15 333.6497425744921 0.01275063792940045
60 120 1.9 2 15 16 622.6663844155935 0.02356618788007836
60 120 1.9 2 16 17 569.40226581919 0.0212678912098454
60 120 1.9 2 17 18 522.5528367910682 0.01926382504086632
60 120 1.9 2 18 19 481.1095942416922 0.01750967959441141
60 120 1.9 2 19 20 444.2606431839092 0.01596464085639582
60 120 1.9 2 20 21 411.3391345961891 0.02039217867815069
60 120 1.9 2 21 22 381.7977915306518 0.01708546287545687
60 120 1.9 2 22 23 355.1842810406577 0.01442698744148174
60 120 1.9 2 23 24 331.1198312639868 0.0124698389034279
60 120 1.9 2 24 25 309.2842057414467 0.01072296334302791
60 120 1.9 2 25 26 289.4080022957376 0.009610985595486454
60 120 1.9 2 26 27 271.2635824136566 0.008884643006581427
60 120 1.9 2 27 28 254.6528847107643 0.008226747514214594
60 120 1.9 2 28 29 239.4070102280093 0.007627431463760104
60 120 1.9 2 29 30 225.3801985313941 0.007077858560421646
60 120 1.9 2 30 31 212.4462440330674 0.006690314242092654
60 120 1.9 2 31 32 200.4938856343605 0.006676058956372799
60 120 1.9 2 32 33 189.426663226374 0.005868808100188971
60 120 1.9 2 33 34 179.1594185327027 0.005307881962693273
60 120 1.9 2 34 35 169.6184655289955 0.005295040877342672
60 120 1.9 2 35 36 160.7367276807739 0.005422012399350251
60 120 1.9 2 36 37 152.4557561068882 0.005033939980080504
60 120 1.9 2 37 38 144.7230201458385 0.004464444409450152
60 120 1.9 2 38 39 137.4925839405941 0.00439411736368811
60 120 1.9 2 39 40 130.7224524806265 0.004562859154106036
60 120 1.9 2 40 42 242.7916079850648 0.01005362572732338
60 120 1.9 2 42 44 220.3657281013074 0.007761685185130318
60 120 1.9 2 44 46 200.4980839201698 0.007884630805193638
60 120 1.9 2 46 48 182.8252094583604 0.006960873711676641
60 120 1.9 2 48 50 167.0493085692812 0.006940582897044578
60 120 1.9 2 50 52 152.9196252436564 0.006668932878739042
60 120 1.9 2 52 54 140.2261960980043 0.006028872083476244
60 120 1.9 2 54 56 128.7929862848927 0.005959296745885467
60 120 1.9 2 56 58 118.4678787375803 0.005432994678827185
60 120 1.9 2 58 60 109.1229991157243 0.005112827393332964
60 120 1.9 2 60 65 237.3943138703884 0.004620773738309936
60 120 1.9 2 65 70 195.3589165643522 0.003574604694961181
60 120 1.9 2 70 80 296.6502699733788 0.00500742139263366
60 120 1.9 2 80 90 208.0012313090176 0.003187753419666706
60 120 1.9 2 90 100 148.6437895135865 0.002104201913482484
60 120 2 2.1 0 0.5 -1.271995216723858 3.259712415393246e-05
60 120 2 2.1 0.5 1 -1258.287312482183 0.02024888790379009
60 120 2 2.1 1 1.5 679.7637721000002 0.007464592061069197
60 120 2 2.1 1.5 2 1633.966003006708 0.01971582635474078
60 120 2 2.1 2 2.5 1760.936228120527 0.01680459635258558
60 120 2 2.1 2.5 3 1684.303588040352 0.01051268303990582
60 120 2 2.1 3 3.5 1556.880903343928 0.0773807634448076
60 120 2 2.1 3.5 4 1423.852022709003 0.06882931879431453
60 120 2 2.1 4 4.5 1299.312238564864 0.06143383603330221
60 120 2 2.1 4.5 5 1187.020218064114 0.05509126197171099
60 120 2 2.1 5 5.5 1087.191615035666 0.04961896627560236
60 120 2 2.1 5.5 6 998.8209780064052 0.0449611382761077
60 120 2 2.1 6 6.5 920.5672134515581 0.04091255992204879
60 120 2 2.1 6.5 7 851.1159728025024 0.03735397969217047
60 120 2 2.1 7 7.5 789.2789374434399 0.0342378812770221
60 120 2 2.1 7.5 8 734.0120795713767 0.03149997454340792
60 120 2 2.1 8 8.5 684.4292229494146 0.02910045760040703
60 120 2 2.1 8.5 9 639.7780155106115 0.02696041570550278
60 120 2 2.1 9 9.5 599.422369678232 0.02503956918542372
60 120 2 2.1 9.5 10 562.8177776485915 0.02331732861159708
60 120 2 2.1 10 10.5 529.5057040265451 0.02489805768118458
60 120 2 2.1 10.5 11 499.0947143924132 0.02140591781000012
60 120 2 2.1 11 11.5 471.2523357973416 0.01905688307073206
60 120 2 2.1 11.5 12 445.6885658053249 0.01789037208914124
60 120 2 2.1 12 12.5 422.155883571604 0.01682136284620128
60 120 2 2.1 12.5 13 400.4394568682746 0.01583363804570581
60 120 2 2.1 13 13.5 380.3525810388368 0.01493779495689296
60 120 2 2.1 13.5 14 361.7338599985483 0.01410971058464838
60 120 2 2.1 14 14.5 344.4384764092617 0.01334669945674705
60 120 2 2.1 14.5 15 328.3416530962489 0.01263628280179319
60 120 2 2.1 15 16 612.6447430625263 0.0233417530563429
60 120 2 2.1 16 17 560.1018125310472 0.02107067059625933
60 120 2 2.1 17 18 513.9006957956972 0.0190826783407374
60 120 2 2.1 18 19 473.0418087634467 0.01734316733188734
60 120 2 2.1 19 20 436.7206031538699 0.01581255232457579
60 120 2 2.1 20 21 404.2781180764073 0.01983957253673907
60 120 2 2.1 21 22 375.1729537432364 0.01679313927206749
60 120 2 2.1 22 23 348.9575472867216 0.01428168385416484
60 120 2 2.1 23 24 325.2574602561936 0.01220184063799934
60 120 2 2.1 24 25 303.7567675318329 0.01034377097209926
60 120 2 2.1 25 26 284.1898900359814 0.00951368009611997
60 120 2 2.1 26 27 266.3309687953175 0.00879445023150538
60 120 2 2.1 27 28 249.9844363894443 0.008223966621159207
60 120 2 2.1 28 29 234.983423639425 0.007549200453439653
60 120 2 2.1 29 30 221.1845037565112 0.007162143763025597
60 120 2 2.1 30 31 208.4623106338372 0.007357913697092044
60 120 2 2.1 31 32 196.7071951211673 0.00700058998319264
60 120 2 2.1 32 33 185.8237555903653 0.006338209201231848
60 120 2 2.1 33 34 175.7291036862884 0.006312797360152445
60 120 2 2.1 34 35 166.349294707709 0.006445738680213253
60 120 2 2.1 35 36 157.6181509484393 0.006090647572932539
60 120 2 2.1 36 37 149.4782823671412 0.005571674568585649
60 120 2 2.1 37 38 141.8785328476389 0.005376051943500215
60 120 2 2.1 38 39 134.7731279710556 0.005388786120903433
60 120 2 2.1 39 40 128.1201977440037 0.005192463969251548
60 120 2 2.1 40 42 237.9125567095772 0.009563419939382811
60 120 2 2.1 42 44 215.8839187582209 0.00912909264013706
60 120 2 2.1 44 46 196.3709217717461 0.008424621586613057
60 120 2 2.1 46 48 179.0189541999976 0.008062951819454156
60 120 2 2.1 48 50 163.531481014408 0.007705321074666927
60 120 2 2.1 50 52 149.6629915964948 0.007185004990304833
60 120 2 2.1 52 54 137.2072498003687 0.00307449573264762
60 120 2 2.1 54 56 125.9895788666903 0.00274519302081444
60 120 2 2.1 56 58 115.8615400204028 0.002454520005770178
60 120 2 2.1 58 60 106.6961508893915 0.002202062686393447
60 120 2 2.1 60 65 232.014281661321 0.004579615776208357
60 120 2 2.1 65 70 190.8090356200277 0.003542493117009826
60 120 2 2.1 70 80 289.4614526061864 0.004961044841195417
60 120 2 2.1 80 90 202.6717239316029 0.003157734392573275
60 120 2 2.1 90 100 144.6111031553932 0.002083030283841936
60 120 2.1 2.2 0 0.5 -1.239197262495606 3.183480081592194e-05
60 120 2.1 2.2 0.5 1 -1174.446097538605 0.05464243926940071
60 120 2.1 2.2 1 1.5 735.3950783713306 0.03195943898344922
60 120 2.1 2.2 1.5 2 1646.143916441609 0.03823280000301565
60 120 2.1 2.2 2 2.5 1757.734882407995 0.04413599211670771
60 120 2.1 2.2 2.5 3 1674.830495899357 0.0488450766843016
60 120 2.1 2.2 3 3.5 1544.71614138461 0.07719527062545239
60 120 2.1 2.2 3.5 4 1410.644340165854 0.06853731276828512
60 120 2.1 2.2 4 4.5 1285.860090631288 0.06114355631007129
60 120 2.1 2.2 4.5 5 1173.756793443611 0.05477101294604836
60 120 2.1 2.2 5 5.5 1074.315350581713 0.0493740534554945
60 120 2.1 2.2 5.5 6 986.4299084928323 0.04469196884167559
60 120 2.1 2.2 6 6.5 908.7073427900716 0.04063326545212931
60 120 2.1 2.2 6.5 7 839.7929591944766 0.03713108815622945
60 120 2.1 2.2 7 7.5 778.4812797908949 0.03401718151053501
60 120 2.1 2.2 7.5 8 723.7255632603885 0.03129635403752218
60 120 2.1 2.2 8 8.5 674.6288129329897 0.02891488107877649
60 120 2.1 2.2 8.5 9 630.4369154366755 0.02676644035773279
60 120 2.1 2.2 9 9.5 590.5142986097281 0.02483445216842028
60 120 2.1 2.2 9.5 10 554.3188090131625 0.02310313252075957
60 120 2.1 2.2 10 10.5 521.3914367246439 0.02456774894380942
60 120 2.1 2.2 10.5 11 491.3425762790818 0.02123379030359729
60 120 2.1 2.2 11 11.5 463.8398345019191 0.01887931079573946
60 120 2.1 2.2 11.5 12 438.597579115845 0.01772474869500229
60 120 2.1 2.2 12 12.5 415.3668914303007 0.01667364899441282
60 120 2.1 2.2 12.5 13 393.9346778645946 0.01570063741763761
60 120 2.1 2.2 13 13.5 374.1156921516827 0.0148036754575287
60 120 2.1 2.2 13.5 14 355.7487872704219 0.01397386917273025
60 120 2.1 2.2 14 14.5 338.6913477368178 0.01321959706939424
60 120 2.1 2.2 14.5 15 322.8185645210129 0.01251858556270236
60 120 2.1 2.2 15 16 602.2213704056229 0.02312379524391872
60 120 2.1 2.2 16 17 550.434848041471 0.02085412162864486
60 120 2.1 2.2 17 18 504.9111654841631 0.01889937770789629
60 120 2.1 2.2 18 19 464.6610622815695 0.01716265983270659
60 120 2.1 2.2 19 20 428.8896015004811 0.01564877930087505
60 120 2.1 2.2 20 21 396.9442340477046 0.0195960758160254
60 120 2.1 2.2 21 22 368.2911017696626 0.01639300791549658
60 120 2.1 2.2 22 23 342.4890463350763 0.01407650009798544
60 120 2.1 2.2 23 24 319.1661399721262 0.01190529374275684
60 120 2.1 2.2 24 25 298.0121443868236 0.01019510468142926
60 120 2.1 2.2 25 26 278.765416508564 0.009896623724728215
60 120 2.1 2.2 26 27 261.2003096729879 0.009529785440463456
60 120 2.1 2.2 27 28 245.1250543703111 0.00874119540642937
60 120 2.1 2.2 28 29 230.3766243121447 0.008433003135849049
60 120 2.1 2.2 29 30 216.8120431428235 0.008332603850647047
60 120 2.1 2.2 30 31 204.3069185118383 0.007792072369113612
60 120 2.1 2.2 31 32 192.7551024581721 0.007373241295994148
60 120 2.1 2.2 32 33 182.0626605307781 0.007356583353441692
60 120 2.1 2.2 33 34 172.1457262139183 0.007156806156217499
60 120 2.1 2.2 34 35 162.9317499897153 0.006848329205325854
60 120 2.1 2.2 35 36 154.3570695023004 0.006579681312757657
60 120 2.1 2.2 36 37 146.3643980557549 0.006487743196146312
60 120 2.1 2.2 37 38 138.9023233813952 0.006322913519824169
60 120 2.1 2.2 38 39 131.9259776293069 0.006027534261733081
60 120 2.1 2.2 39 40 125.3954586175506 0.005839980075066364
60 120 2.1 2.2 40 42 232.8032076054426 0.01124842540494342
60 120 2.1 2.2 42 44 211.1847078679737 0.01039588047345319
60 120 2.1 2.2 44 46 192.0403583392856 0.00569547244236901
60 120 2.1 2.2 46 48 175.0185942362975 0.004336164027876066
60 120 2.1 2.2 48 50 159.8298368921731 0.003842693390765817
60 120 2.1 2.2 50 52 146.2320214446472 0.003418068203700386
60 120 2.1 2.2 52 54 134.0222478146013 0.003043324668652758
60 120 2.1 2.2 54 56 123.028291521421 0.002718504569870106
60 120 2.1 2.2 56 58 113.1043767694184 0.002431394623528149
60 120 2.1 2.2 58 60 104.1255369731594 0.002179563853971445
60 120 2.1 2.2 60 65 226.3051388558851 0.004691877568774316
60 120 2.1 2.2 65 70 185.9658920974988 0.003507539487117128
60 120 2.1 2.2 70 80 281.7698336493207 0.004910554042055537
60 120 2.1 2.2 80 90 196.9344403112343 0.003123376948678924
60 120 2.1 2.2 90 100 140.2440270754594 0.002058156626475238
60 120 2.2 2.3 0 0.5 -1.205644905028954 4.892915493992511e-05
60 120 2.2 2.3 0.5 1 -1088.539710498708 0.02311290166494473
60 120 2.2 2.3 1 1.5 792.2513041748125 0.03376989459832203
60 120 2.2 2.3 1.5 2 1658.060989163888 0.07803686708143687
60 120 2.2 2.3 2 2.5 1753.714175409094 0.02433310044671089
60 120 2.2 2.3 2.5 3 1664.373749890469 0.04058922625995365
60 120 2.2 2.3 3 3.5 1531.611891261472 0.04077754509785336
60 120 2.2 2.3 3.5 4 1396.600382085878 0.06814742956362352
60 120 2.2 2.3 4 4.5 1271.673393890112 0.06072823323484045
60 120 2.2 2.3 4.5 5 1159.814052932993 0.05441212989762789
60 120 2.2 2.3 5 5.5 1060.812334486853 0.04894546270224964
60 120 2.2 2.3 5.5 6 973.4549604112672 0.04435164611084019
60 120 2.2 2.3 6 6.5 896.3005156196448 0.0402825055584799
60 120 2.2 2.3 6.5 7 827.9631739142091 0.03678288519029138
60 120 2.2 2.3 7 7.5 767.2160015746583 0.03375799001855739
60 120 2.2 2.3 7.5 8 713.0014955578931 0.03101768826047646
60 120 2.2 2.3 8 8.5 664.4193911522973 0.02863403824653687
60 120 2.2 2.3 8.5 9 620.7135771653434 0.02653284194946082
60 120 2.2 2.3 9 9.5 581.2476091071652 0.02461562374287496
60 120 2.2 2.3 9.5 10 545.4800912760019 0.02288284409837615
60 120 2.2 2.3 10 10.5 512.9544860943299 0.02419084555265272
60 120 2.2 2.3 10.5 11 483.2832847351701 0.02076154694225352
60 120 2.2 2.3 11 11.5 456.1354152803003 0.01870904726649769
60 120 2.2 2.3 11.5 12 431.2243458006844 0.01755054132115674
60 120 2.2 2.3 12 12.5 408.3046309802916 0.01650928155748943
60 120 2.2 2.3 12.5 13 387.1651926694417 0.01554100912932199
60 120 2.2 2.3 13 13.5 367.6226968954762 0.01464554523744255
60 120 2.2 2.3 13.5 14 349.5151686584127 0.01382089927977859
60 120 2.2 2.3 14 14.5 332.7017958025796 0.01308428066244005
60 120 2.2 2.3 14.5 15 317.0597065102193 0.0123942006513289
60 120 2.2 2.3 15 16 591.3500963417072 0.02288512587836067
60 120 2.2 2.3 16 17 540.3486195018229 0.02065067643093244
60 120 2.2 2.3 17 18 495.5294993219305 0.01870771393606674
60 120 2.2 2.3 18 19 455.9169732190358 0.01743557988214661
60 120 2.2 2.3 19 20 420.7180816196815 0.01648323035954036
60 120 2.2 2.3 20 21 389.292816837184 0.01912870517895726
60 120 2.2 2.3 21 22 361.1133911976727 0.01620857350468441
60 120 2.2 2.3 22 23 335.7407939842734 0.01394924898482941
60 120 2.2 2.3 23 24 312.8121586669651 0.01289977550470667
60 120 2.2 2.3 24 25 292.0197212829662 0.01234203141171974
60 120 2.2 2.3 25 26 273.1031340954961 0.01159240006035134
60 120 2.2 2.3 26 27 255.8434844200941 0.01101204359551389
60 120 2.2 2.3 27 28 240.0512358020866 0.01054284589523036
60 120 2.2 2.3 28 29 225.5635293735336 0.01003151501967636
60 120 2.2 2.3 29 30 212.2415326323842 0.009535515075782541
60 120 2.2 2.3 30 31 199.9631792629825 0.009262575360423853
60 120 2.2 2.3 31 32 188.6214907683622 0.008892136337465217
60 120 2.2 2.3 32 33 178.1246296573374 0.008539606926035503
60 120 2.2 2.3 33 34 168.391399704567 0.008194262130416519
60 120 2.2 2.3 34 35 159.3494189020054 0.00794624301849467
60 120 2.2 2.3 35 36 150.9356659456645 0.004482984955302527
60 120 2.2 2.3 36 37 143.0943243219178 0.004189918659307068
60 120 2.2 2.3 37 38 135.7751799977125 0.003918686736994914
60 120 2.2 2.3 38 39 128.9335668607861 0.003666417842083547
60 120 2.2 2.3 39 40 122.5297673132828 0.003433549392028112
60 120 2.2 2.3 40 42 227.4241233193352 0.009221083886927772
60 120 2.2 2.3 42 44 206.2338330986054 0.007111398148765602
60 120 2.2 2.3 44 46 187.4726896602619 0.005531523900202728
60 120 2.2 2.3 46 48 170.7956441494339 0.004287921932927929
60 120 2.2 2.3 48 50 155.9179479190146 0.003804298539961337
60 120 2.2 2.3 50 52 142.6014338990402 0.003381702722776936
60 120 2.2 2.3 52 54 130.6469065102808 0.00301212083221003
60 120 2.2 2.3 54 56 119.8854811990824 0.002689508713331179
60 120 2.2 2.3 56 58 110.1741142367234 0.002404736537712893
60 120 2.2 2.3 58 60 101.3898784866227 0.002156864619806242
60 120 2.2 2.3 60 65 220.2152359170881 0.005357937918518019
60 120 2.2 2.3 65 70 180.7838609200824 0.003467761082077914
60 120 2.2 2.3 70 80 273.5057195984934 0.00485263133987246
60 120 2.2 2.3 80 90 190.7333320749238 0.003084889232781052
60 120 2.2 2.3 90 100 135.5019729470925 0.002029249785550746
60 120 2.3 2.4 0 0.5 -1.171233500873891 3.110170481113173e-05
60 120 2.3 2.4 0.5 1 -1000.658686460636 0.02162946705118429
60 120 2.3 2.4 1 1.5 849.9647232801102 0.0356143197233223
60 120 2.3 2.4 1.5 2 1669.810132427869 0.02130026213490055
60 120 2.3 2.4 2 2.5 1749.117061839672 0.03239876722068402
60 120 2.3 2.4 2.5 3 1653.104358282891 0.03757333634757742
60 120 2.3 2.4 3 3.5 1517.587999470175 0.03566879710706417
60 120 2.3 2.4 3.5 4 1381.605097264767 0.067843153263766
60 120 2.3 2.4 4 4.5 1256.567658857652 0.06039281749303882
60 120 2.3 2.4 4.5 5 1145.017131472899 0.05409775026669195
60 120 2.3 2.4 5 5.5 1046.527158224429 0.04867396373856536
60 120 2.3 2.4 5.5 6 959.7739973656204 0.04406342246534223
60 120 2.3 2.4 6 6.5 883.2468196573137 0.03999377595255282
60 120 2.3 2.4 6.5 7 815.5346992627756 0.03655357722277586
60 120 2.3 2.4 7 7.5 755.3917358061921 0.03348563912993541
60 120 2.3 2.4 7.5 8 701.7497474125922 0.03077247966041341
60 120 2.3 2.4 8 8.5 653.7126991525379 0.02843533183624913
60 120 2.3 2.4 8.5 9 610.5223103657033 0.02629452945745925
60 120 2.3 2.4 9 9.5 571.5382219205413 0.02441030956663326
60 120 2.3 2.4 9.5 10 536.2246122125894 0.0227094214266117
60 120 2.3 2.4 10 10.5 504.1262545668085 0.02371937797948931
60 120 2.3 2.4 10.5 11 474.8541784473756 0.02052017550562368
60 120 2.3 2.4 11 11.5 448.0779339146204 0.01855051039274258
60 120 2.3 2.4 11.5 12 423.5159863932068 0.01740703921245768
60 120 2.3 2.4 12 12.5 400.9249066350399 0.01673112069636318
60 120 2.3 2.4 12.5 13 380.0928888143941 0.01602697142158149
60 120 2.3 2.4 13 13.5 360.8376659771607 0.01524247566777603
60 120 2.3 2.4 13.5 14 343.0012560654376 0.01432871819031334
60 120 2.3 2.4 14 14.5 326.444540592872 0.01378718074596463
60 120 2.3 2.4 14.5 15 311.0442695695498 0.01332388717497679
60 120 2.3 2.4 15 16 579.987441602734 0.02498373088906192
60 120 2.3 2.4 16 17 529.7997921359488 0.02301991384115354
60 120 2.3 2.4 17 18 485.7108543000018 0.02154663899602838
60 120 2.3 2.4 18 19 446.7548464620162 0.02006870801420746
60 120 2.3 2.4 19 20 412.152634432596 0.0188568647787406
60 120 2.3 2.4 20 21 381.2686398725777 0.01864854211942202
60 120 2.3 2.4 21 22 353.5826348610368 0.01714313718133553
60 120 2.3 2.4 22 23 328.6607427052886 0.01639500554813367
60 120 2.3 2.4 23 24 306.1435037368941 0.01136542051494871
60 120 2.3 2.4 24 25 285.7281923652146 0.00998573525117763
60 120 2.3 2.4 25 26 267.1588711460593 0.009220443525862265
60 120 2.3 2.4 26 27 250.218927717973 0.008523166052526676
60 120 2.3 2.4 27 28 234.7218752012625 0.007890747660269426
60 120 2.3 2.4 28 29 220.507794628644 0.007315984307552981
60 120 2.3 2.4 29 30 207.4389744870697 0.006789985931504816
60 120 2.3 2.4 30 31 195.3953939319977 0.006309179351404737
60 120 2.3 2.4 31 32 184.2728462251519 0.005868484173447541
60 120 2.3 2.4 32 33 173.9805298120452 0.005464402622834541
60 120 2.3 2.4 33 34 164.4381863482769 0.005093800849010677
60 120 2.3 2.4 34 35 155.5753343430788 0.004750206275758728
60 120 2.3 2.4 35 36 147.3298142797209 0.004434344701309101
60 120 2.3 2.4 36 37 139.6461014416681 0.004145611423695073
60 120 2.3 2.4 37 38 132.4750285103378 0.00387471734745759
60 120 2.3 2.4 38 39 125.772944331183 0.003625295687456287
60 120 2.3 2.4 39 40 119.5006358597916 0.003396461855018629
60 120 2.3 2.4 40 42 221.7314224945996 0.008794953742267353
60 120 2.3 2.4 42 44 200.9869405103396 0.006873087078787421
60 120 2.3 2.4 44 46 182.6262968242419 0.005285842847598587
60 120 2.3 2.4 46 48 166.3101689618193 0.004241473440885102
60 120 2.3 2.4 48 50 151.7580565689016 0.00375951037943878
60 120 2.3 2.4 50 52 138.7366563267196 0.003343084968065568
60 120 2.3 2.4 52 54 127.0501379719285 0.002976939754816499
60 120 2.3 2.4 54 56 116.5329855668327 0.002657912854203914
60 120 2.3 2.4 56 58 107.0444339638038 0.002377081090784827
60 120 2.3 2.4 58 60 98.46419822313842 0.002130271376202586
60 120 2.3 2.4 60 65 213.6878736608701 0.006099811920250886
60 120 2.3 2.4 65 70 175.2133056719011 0.003424913211858893
60 120 2.3 2.4 70 80 264.5893512924676 0.004787908716707534
60 120 2.3 2.4 80 90 184.0158317512265 0.003037191052072785
60 120 2.3 2.4 90 100 130.3436034848723 0.001994627966439566
60 120 2.4 2.5 0 0.5 -1.136321230750129 5.25284040953089e-05
60 120 2.4 2.5 0.5 1 -910.6193941168966 0.0215445860460477
60 120 2.4 2.5 1 1.5 908.239342244942 0.03205958416185695
60 120 2.4 2.5 1.5 2 1680.824097355644 0.04491580907483694
60 120 2.4 2.5 2 2.5 1743.522600305067 0.06107467975516556
60 120 2.4 2.5 2.5 3 1640.812198967275 0.06288980676322353
60 120 2.4 2.5 3 3.5 1502.570753987575 0.06057583890651586
60 120 2.4 2.5 3.5 4 1365.63311065444 0.06755247040359791
60 120 2.4 2.5 4 4.5 1240.495980086044 0.06013633298925924
60 120 2.4 2.5 4.5 5 1129.274301100748 0.05376977554055884
60 120 2.4 2.5 5 5.5 1031.332184448422 0.04837742972426895
60 120 2.4 2.5 5.5 6 945.2234920316769 0.04371869271517426
60 120 2.4 2.5 6 6.5 869.3782449909877 0.03973198613357454
60 120 2.4 2.5 6.5 7 802.3429976317145 0.037015625669369
60 120 2.4 2.5 7 7.5 742.8563320361657 0.03531928954578234
60 120 2.4 2.5 7.5 8 689.8414993723903 0.0338026823957307
60 120 2.4 2.5 8 8.5 642.3946950511069 0.02815344687599008
60 120 2.4 2.5 8.5 9 599.7582539384334 0.0260529824678315
60 120 2.4 2.5 9 9.5 561.2933314433471 0.02417661990534725
60 120 2.4 2.5 9.5 10 526.4635827841061 0.0224925319371323
60 120 2.4 2.5 10 10.5 494.8161617745782 0.02329148659407565
60 120 2.4 2.5 10.5 11 465.9657669143049 0.02015538870409728
60 120 2.4 2.5 11 11.5 439.584299822785 0.01835949400867776
60 120 2.4 2.5 11.5 12 415.3919011162688 0.01722579800332369
60 120 2.4 2.5 12 12.5 393.1468098031651 0.01618717022722649
60 120 2.4 2.5 12.5 13 372.6404071908088 0.01524019453461278
60 120 2.4 2.5 13 13.5 353.6917446059884 0.01437492994705281
60 120 2.4 2.5 13.5 14 336.1432994986688 0.01357110105516313
60 120 2.4 2.5 14 14.5 319.856686592847 0.01282505216624941
60 120 2.4 2.5 14.5 15 304.7109960425935 0.01214208325660593
60 120 2.4 2.5 15 16 568.0281468988441 0.02243048658453972
60 120 2.4 2.5 16 17 518.6960532761265 0.02022403954470064
60 120 2.4 2.5 17 18 475.3743461871208 0.0183222767504958
60 120 2.4 2.5 18 19 437.1093773696206 0.01663411575253804
60 120 2.4 2.5 19 20 403.1308730319427 0.01516347961484144
60 120 2.4 2.5 20 21 372.8124391716311 0.01834945887833328
60 120 2.4 2.5 21 22 345.6393503977462 0.01540085289536819
60 120 2.4 2.5 22 23 321.1863807654774 0.01299267429743622
60 120 2.4 2.5 23 24 299.0988990223269 0.01105355673354325
60 120 2.4 2.5 24 25 279.0787979500503 0.009876854027027093
60 120 2.4 2.5 25 26 260.8739155345084 0.009111570656045842
60 120 2.4 2.5 26 27 244.2695578628891 0.008425283120004678
60 120 2.4 2.5 27 28 229.0825905939492 0.007804148750295781
60 120 2.4 2.5 28 29 215.1556871822523 0.007227632677626161
60 120 2.4 2.5 29 30 202.3531007274512 0.00671246398357539
60 120 2.4 2.5 30 31 190.5573175697172 0.006238613845397367
60 120 2.4 2.5 31 32 179.6657500800986 0.005796429437140205
60 120 2.4 2.5 32 33 169.5886725192377 0.005404391605338787
60 120 2.4 2.5 33 34 160.2473625314855 0.005034233022001899
60 120 2.4 2.5 34 35 151.5725234370236 0.004691416279712257
60 120 2.4 2.5 35 36 143.5029956825569 0.004387824364584958
60 120 2.4 2.5 36 37 135.984571643667 0.004096223977654745
60 120 2.4 2.5 37 38 128.9691209611065 0.003825843180010224
60 120 2.4 2.5 38 39 122.4136295555717 0.003587546063997138
60 120 2.4 2.5 39 40 116.2796116806498 0.003356485584134816
60 120 2.4 2.5 40 42 215.6740172141355 0.008539052750705878
60 120 2.4 2.5 42 44 195.3963991092426 0.006600785113903385
60 120 2.4 2.5 44 46 177.4548846000324 0.005035147405010321
60 120 2.4 2.5 46 48 161.5171982299485 0.004185789421313757
60 120 2.4 2.5 48 50 147.3082717628669 0.003716723793274923
60 120 2.4 2.5 50 52 134.598500474223 0.003298929187479871
60 120 2.4 2.5 52 54 123.1954060917443 0.002940574931756146
60 120 2.4 2.5 54 56 112.9366684082886 0.002622972060194684
60 120 2.4 2.5 56 58 103.6844842523121 0.002346448286388636
60 120 2.4 2.5 58 60 95.32095185473605 0.002102322032811799
60 120 2.4 2.5 60 65 206.6660696848887 0.00684369450181066
60 120 2.4 2.5 65 70 169.2087647269996 0.003375022447585252
60 120 2.4 2.5 70 80 254.9487048867292 0.004712648102213279
60 120 2.4 2.5 80 90 176.7151206678814 0.00298314216584572
60 120 2.4 2.5 90 100 124.7099057988587 0.001953910727223729
60 120 2.5 2.75 0 0.5 -2.682858642365344 7.39021506905857e-05
60 120 2.5 2.75 0.5 1 -1871.573236475869 0.05265733381884274
60 120 2.5 2.75 1 1.5 2522.310552390681 0.08257011774412604
60 120 2.5 2.75 1.5 2 4238.699367265142 0.1098949774341236
60 120 2.5 2.75 2 2.5 4321.177687122808 0.07823560521046602
60 120 2.5 2.75 2.5 3 4035.585844436523 0.1684529404337809
60 120 2.5 2.75 3 3.5 3678.949412309731 0.1173139118218387
60 120 2.5 2.75 3.5 4 3333.437492997664 0.08110392321759718
60 120 2.5 2.75 4 4.5 3021.121971648586 0.1486079634814814
60 120 2.5 2.75 4.5 5 2745.357792800205 0.1326355573673936
60 120 2.5 2.75 5 5.5 2503.596716356446 0.1192073625511512
60 120 2.5 2.75 5.5 6 2291.727693398513 0.1078816731578627
60 120 2.5 2.75 6 6.5 2105.578704847176 0.0978647434976665
60 120 2.5 2.75 6.5 7 1941.393907027867 0.08928753600707751
60 120 2.5 2.75 7 7.5 1795.94669709031 0.0817636146600762
60 120 2.5 2.75 7.5 8 1666.515458959566 0.07512952941738149
60 120 2.5 2.75 8 8.5 1550.825630371475 0.06935098085341451
60 120 2.5 2.75 8.5 9 1446.976578943055 0.06415249483984553
60 120 2.5 2.75 9 9.5 1353.379998666178 0.05945454245602377
60 120 2.5 2.75 9.5 10 1268.703777542632 0.05533894658719873
60 120 2.5 2.75 10 10.5 1191.82318088727 0.05608884063690311
60 120 2.5 2.75 10.5 11 1121.787947542809 0.04843444085736337
60 120 2.5 2.75 11 11.5 1057.788375910859 0.04511744125102268
60 120 2.5 2.75 11.5 12 999.1323209692904 0.04236309140367212
60 120 2.5 2.75 12 12.5 945.2262740001983 0.03978400176265495
60 120 2.5 2.75 12.5 13 895.5571527408823 0.03742556647762285
60 120 2.5 2.75 13 13.5 849.6822529078058 0.03530703095441368
60 120 2.5 2.75 13.5 14 807.2147266556335 0.0333429485558554
60 120 2.5 2.75 14 14.5 767.8176150707127 0.03148888188252386
60 120 2.5 2.75 14.5 15 731.1945566490814 0.0298027631495188
60 120 2.5 2.75 15 16 1362.346513269368 0.05507853907306526
60 120 2.5 2.75 16 17 1243.186701339325 0.04962675418960316
60 120 2.5 2.75 17 18 1138.612431801298 0.04495526803952998
60 120 2.5 2.75 18 19 1046.296925493319 0.04080352065375337
60 120 2.5 2.75 19 20 964.3667840763438 0.03718871582134398
60 120 2.5 2.75 20 21 891.3000042553711 0.04392798516096263
60 120 2.5 2.75 21 22 825.8467447479412 0.03674172482385529
60 120 2.5 2.75 22 23 766.9741633572567 0.0312538598162746
60 120 2.5 2.75 23 24 713.8197447883889 0.0263981290212314
60 120 2.5 2.75 24 25 665.6611137955531 0.02418870914209492
60 120 2.5 2.75 25 26 621.8869809277181 0.02231985971957329
60 120 2.5 2.75 26 27 581.9785570522123 0.0206229791676833
60 120 2.5 2.75 27 28 545.4924111876411 0.01909124444716781
60 120 2.5 2.75 28 29 512.0473291108535 0.01769711759891379
60 120 2.5 2.75 29 30 481.3153408011098 0.01641732945745389
60 120 2.5 2.75 30 31 453.0106863714631 0.01525713175868759
60 120 2.5 2.75 31 32 426.8856599100914 0.01418588142507815
60 120 2.5 2.75 32 33 402.7231173330199 0.01320766702468745
60 120 2.5 2.75 33 34 380.3334111566113 0.01231037985849071
60 120 2.5 2.75 34 35 359.5485216882154 0.01147860076099505
60 120 2.5 2.75 35 36 340.2209728260997 0.01071814756716094
60 120 2.5 2.75 36 37 322.219939840634 0.01001170649112737
60 120 2.5 2.75 37 38 305.4284284586337 0.009358644383780756
60 120 2.5 2.75 38 39 289.7430419231981 0.008757082996112331
60 120 2.5 2.75 39 40 275.0707003736059 0.008198828558363402
60 120 2.5 2.75 40 42 509.7708686992813 0.0199863670275704
60 120 2.5 2.75 42 44 461.3165980283201 0.01511525835331895
60 120 2.5 2.75 44 46 418.4749886770077 0.01158663391100845
60 120 2.5 2.75 46 48 380.4436645122818 0.01021310556239996
60 120 2.5 2.75 48 50 346.5610407031207 0.009052987696065884
60 120 2.5 2.75 50 52 316.275449544933 0.008041191296968009
60 120 2.5 2.75 52 54 289.1245230737114 0.007157803353720738
60 120 2.5 2.75 54 56 264.7165504757289 0.006384854579152943
60 120 2.5 2.75 56 58 242.7203505645739 0.005704802749619375
60 120 2.5 2.75 58 60 222.8517000669777 0.005108679296569107
60 120 2.5 2.75 60 65 482.0581917145975 0.02094067833343161
60 120 2.5 2.75 65 70 393.312755105403 0.00817315131888563
60 120 2.5 2.75 70 80 589.4242333972335 0.01137351303498235
60 120 2.5 2.75 80 90 405.3161300064252 0.007157552879789364
60 120 2.5 2.75 90 100 283.5828159328221 0.004656653573988478
60 120 2.75 3 0 0.5 -2.444651719110511 7.034365111957541e-05
60 120 2.75 3 0.5 1 -1268.400593383297 0.050320025658948
60 120 2.75 3 1 1.5 2868.020389009143 0.07772005345441357
60 120 2.75 3 1.5 2 4258.139834204446 0.01913710236294719
60 120 2.75 3 2 2.5 4232.509761174189 0.03210487367778114
60 120 2.75 3 2.5 3 3907.307865722901 0.01405320613366712
60 120 2.75 3 3 3.5 3537.522813003176 0.007813781737240788
60 120 2.75 3 3.5 4 3190.18000103487 0.007911672431418992
60 120 2.75 3 4 4.5 2881.095579303635 0.002624499241846934
60 120 2.75 3 4.5 5 2610.811852252355 0.0118501748406743
60 120 2.75 3 5 5.5 2375.431909938697 0.1179223081817327
60 120 2.75 3 5.5 6 2170.17100364189 0.1063848653316199
60 120 2.75 3 6 6.5 1990.518197798402 0.09656389663314258
60 120 2.75 3 6.5 7 1832.551912633168 0.08797942227988642
60 120 2.75 3 7 7.5 1692.969043101049 0.08048333054466639
60 120 2.75 3 7.5 8 1569.025123996181 0.07384364687641209
60 120 2.75 3 8 8.5 1458.44683384187 0.0680715808343848
60 120 2.75 3 8.5 9 1359.349572419813 0.06295951199058436
60 120 2.75 3 9 9.5 1270.165254063292 0.05835126814577052
60 120 2.75 3 9.5 10 1189.586331093548 0.05421627736927803
60 120 2.75 3 10 10.5 1116.512892815298 0.05316434337942155
60 120 2.75 3 10.5 11 1050.016612786471 0.04715760562226023
60 120 2.75 3 11 11.5 989.3130135779995 0.04413948882381646
60 120 2.75 3 11.5 12 933.7285956492312 0.04137586285810357
60 120 2.75 3 12 12.5 882.6904572386486 0.0388471815513185
60 120 2.75 3 12.5 13 835.7025500716379 0.0365410836417368
60 120 2.75 3 13 13.5 792.337431329187 0.03442472212998382
60 120 2.75 3 13.5 14 752.2221584158514 0.03248011019081787
60 120 2.75 3 14 14.5 715.0324844468571 0.03068504904524616
60 120 2.75 3 14.5 15 680.4838243534209 0.02902738481645883
60 120 2.75 3 15 16 1266.668443102556 0.05355505095121771
60 120 2.75 3 16 17 1154.455429430117 0.04823091522416689
60 120 2.75 3 17 18 1056.083151528273 0.04361621043290143
60 120 2.75 3 18 19 969.3272997065699 0.03956702027744541
60 120 2.75 3 19 20 892.4017472560218 0.03602238953919823
60 120 2.75 3 20 21 823.8567734189339 0.04108311735808456
60 120 2.75 3 21 22 762.503604688769 0.03449899396321143
60 120 2.75 3 22 23 707.3612998951621 0.02893039122625396
60 120 2.75 3 23 24 657.6121220554467 0.02537135095576559
60 120 2.75 3 24 25 612.570274997311 0.02337222342202949
60 120 2.75 3 25 26 571.6576936897228 0.02156385399348437
60 120 2.75 3 26 27 534.3840153737426 0.01993360002245481
60 120 2.75 3 27 28 500.3296767799056 0.0184494267947457
60 120 2.75 3 28 29 469.135117427732 0.01709676910934377
60 120 2.75 3 29 30 440.4888642000715 0.01586642325719367
60 120 2.75 3 30 31 414.1235077926075 0.01473600526429664
60 120 2.75 3 31 32 389.8042394634152 0.01369777990396415
60 120 2.75 3 32 33 367.3272679037713 0.01274629372647951
60 120 2.75 3 33 34 346.5129169595867 0.01186894985596609
60 120 2.75 3 34 35 327.203892469282 0.0110597682222533
60 120 2.75 3 35 36 309.2603169880645 0.01031763151507903
60 120 2.75 3 36 37 292.5598222606167 0.009629362807629605
60 120 2.75 3 37 38 276.9921981551631 0.008994793466342799
60 120 2.75 3 38 39 262.4601530172012 0.008411596661403564
60 120 2.75 3 39 40 248.8762515851256 0.007869946410096418
60 120 2.75 3 40 42 460.4108936951464 0.01739314950549442
60 120 2.75 3 42 44 415.6450543438373 0.01299513492739379
60 120 2.75 3 44 46 376.121291607453 0.01105987352605098
60 120 2.75 3 46 48 341.0864531024297 0.009765166849945217
60 120 2.75 3 48 50 309.9195833180331 0.008643657215031908
60 120 2.75 3 50 52 282.1043904862888 0.007663452969779883
60 120 2.75 3 52 54 257.2067874496448 0.006811845821459883
60 120 2.75 3 54 56 234.8605472993139 0.0060643170732817
60 120 2.75 3 56 58 214.7560412616511 0.005411360514216312
60 120 2.75 3 58 60 196.6279317430354 0.004836243064261225
60 120 2.75 3 60 65 423.2529598961409 0.01000734818956062
60 120 2.75 3 65 70 342.7876080883125 0.007672182403666739
60 120 2.75 3 70 80 507.9029262149505 0.01058675570703826
60 120 2.75 3 80 90 343.4468341165198 0.00657441503830114
60 120 2.75 3 90 100 235.9834185067831 0.004212506656472215
60 120 3 3.25 0 0.5 -2.183575847378172 6.664707142967075e-05
60 120 3 3.25 0.5 1 -622.9749678099312 0.01631563589523921
60 120 3 3.25 1 1.5 3185.053752981126 0.0726485625841633
60 120 3 3.25 1.5 2 4214.03466606451 0.01112628007194871
60 120 3 3.25 2 2.5 4075.687813571983 0.007381921901924215
60 120 3 3.25 2.5 3 3714.006030776783 0.005072058785117406
60 120 3 3.25 3 3.5 3336.044878130625 0.01366514088113036
60 120 3 3.25 3.5 4 2992.023285974517 0.003015626288743078
60 120 3 3.25 4 4.5 2691.010596724636 0.003071998815812549
60 120 3 3.25 4.5 5 2430.560738634246 0.007907652743142535
60 120 3 3.25 5 5.5 2205.414651801943 0.007201487554993946
60 120 3 3.25 5.5 6 2010.155777809912 0.001666879470349159
60 120 3 3.25 6 6.5 1839.989858673098 0.0007370613825514738
60 120 3 3.25 6.5 7 1690.880862153287 0.001522239837640882
60 120 3 3.25 7 7.5 1559.503366358743 0.000141238817377598
60 120 3 3.25 7.5 8 1443.131510208806 0.07181658019294446
60 120 3 3.25 8 8.5 1339.52783024487 0.06610736557399832
60 120 3 3.25 8.5 9 1246.855498715854 0.06107983247761695
60 120 3 3.25 9 9.5 1163.594026909607 0.05659512888473728
60 120 3 3.25 9.5 10 1088.477873920478 0.05256974695976169
60 120 3 3.25 10 10.5 1020.451551201139 0.04894780876020377
60 120 3 3.25 10.5 11 958.627506760345 0.04568138312356496
60 120 3 3.25 11 11.5 902.2519162031647 0.04272125384659375
60 120 3 3.25 11.5 12 850.68863083421 0.04004255218603703
60 120 3 3.25 12 12.5 803.3901714293216 0.03760174290891882
60 120 3 3.25 12.5 13 759.8855079182208 0.0353553804754938
60 120 3 3.25 13 13.5 719.770800412943 0.03329081878041507
60 120 3 3.25 13.5 14 682.69337979595 0.03139867935396978
60 120 3 3.25 14 14.5 648.3482868593344 0.02965642662331902
60 120 3 3.25 14.5 15 616.4661117723721 0.02804988199090985
60 120 3 3.25 15 16 1145.995096740335 0.05174763550144235
60 120 3 3.25 16 17 1042.658658173592 0.04658445536870204
60 120 3 3.25 17 18 952.1837279006436 0.0421123215218131
60 120 3 3.25 18 19 872.490843396105 0.03820452901425142
60 120 3 3.25 19 20 801.9104380950283 0.03475828891737365
60 120 3 3.25 20 21 739.0896167677752 0.03171341026529717
60 120 3 3.25 21 22 682.9216231448625 0.03146502892514036
60 120 3 3.25 22 23 632.4932601141812 0.02659036822080907
60 120 3 3.25 23 24 587.0440145773506 0.02442171996347042
60 120 3 3.25 24 25 545.9370940567306 0.02247279712844374
60 120 3 3.25 25 26 508.6363160406465 0.02071440173745032
60 120 3 3.25 26 27 474.6873322032133 0.01912014550725871
60 120 3 3.25 27 28 443.7005346379976 0.01767600783654188
60 120 3 3.25 28 29 415.3426559430463 0.01636193558107379
60 120 3 3.25 29 30 389.3267497863918 0.01516107506205344
60 120 3 3.25 30 31 365.405090519474 0.01406747272130815
60 120 3 3.25 31 32 343.3616978267935 0.01306283430386657
60 120 3 3.25 32 33 323.0075518794649 0.01214283346928369
60 120 3 3.25 33 34 304.176948054356 0.01130035924421691
60 120 3 3.25 34 35 286.72497322864 0.01052235356848996
60 120 3 3.25 35 36 270.523984310106 0.009805799745663535
60 120 3 3.25 36 37 255.4604687334999 0.009148099554579403
60 120 3 3.25 37 38 241.4335028723437 0.008538590415838598
60 120 3 3.25 38 39 228.3527418234734 0.00797438266994277
60 120 3 3.25 39 40 216.1381095135134 0.007454938216710616
60 120 3 3.25 40 42 398.7471203067459 0.01392283798827521
60 120 3 3.25 42 44 358.6261772223672 0.01183543753069216
60 120 3 3.25 44 46 323.2825235358387 0.0104004467765435
60 120 3 3.25 46 48 292.0270339983794 0.009162099170055171
60 120 3 3.25 48 50 264.2911950941014 0.008086030421736723
60 120 3 3.25 50 52 239.5991099485762 0.007152598055569115
60 120 3 3.25 52 54 217.5539129619144 0.006337310553078623
60 120 3 3.25 54 56 197.8215437268463 0.005626010133340742
60 120 3 3.25 56 58 180.1164202741953 0.005004122667855881
60 120 3 3.25 58 60 164.1957466752682 0.004457902460444529
60 120 3 3.25 60 65 350.7482437226018 0.009170103081544312
60 120 3 3.25 65 70 280.7979444617154 0.006967412339747625
60 120 3 3.25 70 80 408.7518101649161 0.009476607607382448
60 120 3 3.25 80 90 269.2701278082071 0.005753900967476966
60 120 3 3.25 90 100 179.8694645434613 0.003595505139628585
60 120 3.25 3.5 0 0.5 -1.88233847764651 6.183216178490269e-05
60 120 3.25 3.5 0.5 1 38.28011414782696 0.00114443970854694
60 120 3.25 3.5 1 1.5 3405.524507993341 0.06770071731489224
60 120 3.25 3.5 1.5 2 4044.061430599997 0.02163358938696547
60 120 3.25 3.5 2 2.5 3797.560714652448 0.005813188806769176
60 120 3.25 3.5 2.5 3 3410.226329351364 0.009347915863600065
60 120 3.25 3.5 3 3.5 3035.248924662344 0.0111441427416139
60 120 3.25 3.5 3.5 4 2704.645616840769 0.002072662829505134
60 120 3.25 3.5 4 4.5 2420.481146304289 0.001623343287064927
60 120 3.25 3.5 4.5 5 2177.449783891024 0.009402513748682395
60 120 3.25 3.5 5 5.5 1969.09197660648 0.006075097651546457
60 120 3.25 3.5 5.5 6 1789.524116765997 0.0004471278311939386
60 120 3.25 3.5 6 6.5 1633.811349878227 0.002482174747910904
60 120 3.25 3.5 6.5 7 1497.924905871467 0.004172370855030749
60 120 3.25 3.5 7 7.5 1378.60620508114 0.003115346094318738
60 120 3.25 3.5 7.5 8 1273.225313381198 0.001719762010679915
60 120 3.25 3.5 8 8.5 1179.649443483187 0.00270950459866981
60 120 3.25 3.5 8.5 9 1096.1370019667 0.004075451671269548
60 120 3.25 3.5 9 9.5 1021.255717936191 0.003247556148494368
60 120 3.25 3.5 9.5 10 953.822894261668 0.002171137819345859
60 120 3.25 3.5 10 10.5 892.8563762175909 0.04382231238594159
60 120 3.25 3.5 10.5 11 837.5336387105036 0.03788377269097509
60 120 3.25 3.5 11 11.5 787.1593209364363 0.0328575845441037
60 120 3.25 3.5 11.5 12 741.143733182045 0.02854714661884827
60 120 3.25 3.5 12 12.5 698.9845376965199 0.02501879584099242
60 120 3.25 3.5 12.5 13 660.2517449714214 0.02179313241413183
60 120 3.25 3.5 13 13.5 624.5765388718301 0.01925234499731232
60 120 3.25 3.5 13.5 14 591.637889739602 0.01698673944906659
60 120 3.25 3.5 14 14.5 561.1568335764272 0.01512231791434715
60 120 3.25 3.5 14.5 15 532.8888494997051 0.01347094401228333
60 120 3.25 3.5 15 16 988.7844557533573 0.004180768267815438
60 120 3.25 3.5 16 17 897.4018570064468 0.04469794804708727
60 120 3.25 3.5 17 18 817.5298534617135 0.0403421133376014
60 120 3.25 3.5 18 19 747.2876670442674 0.03654761194798084
60 120 3.25 3.5 19 20 685.1727254012504 0.03320696533876344
60 120 3.25 3.5 20 21 629.9714281317936 0.03025029607533725
60 120 3.25 3.5 21 22 580.6893390444425 0.02763891768813664
60 120 3.25 3.5 22 23 536.5051453828672 0.02529160418953325
60 120 3.25 3.5 23 24 496.7401329152008 0.02319288278414433
60 120 3.25 3.5 24 25 460.8267016979266 0.02131219238054882
60 120 3.25 3.5 25 26 428.284765900471 0.01961717626755899
60 120 3.25 3.5 26 27 398.7072313599008 0.01807652086137068
60 120 3.25 3.5 27 28 371.7489776116029 0.01668634913937694
60 120 3.25 3.5 28 29 347.1143427072644 0.015422917904516
60 120 3.25 3.5 29 30 324.5474886928303 0.01426655072458516
60 120 3.25 3.5 30 31 303.8270082501947 0.01321373687414962
60 120 3.25 3.5 31 32 284.7614445600668 0.01225280248837635
60 120 3.25 3.5 32 33 267.1837299667677 0.01137156229896163
60 120 3.25 3.5 33 34 250.9476627612127 0.01056034061849687
60 120 3.25 3.5 34 35 235.9235184681424 0.009816702205512229
60 120 3.25 3.5 35 36 221.99796788655 0.009135705406805528
60 120 3.25 3.5 36 37 209.0704604111093 0.008505360943530604
60 120 3.25 3.5 37 38 197.0520983076493 0.007921993069885502
60 120 3.25 3.5 38 39 185.8631931379275 0.007385655542066161
60 120 3.25 3.5 39 40 175.4326587779119 0.00689160990643245
60 120 3.25 3.5 40 42 322.2969333089751 0.01244005937763859
60 120 3.25 3.5 42 44 288.2094325636674 0.01086209938659977
60 120 3.25 3.5 44 46 258.289706797332 0.009506659063561074
60 120 3.25 3.5 46 48 231.929309734929 0.008335060110113091
60 120 3.25 3.5 48 50 208.6270427733681 0.007325874463333548
60 120 3.25 3.5 50 52 187.9650968855008 0.006446329776736093
60 120 3.25 3.5 52 54 169.5943720931337 0.005685923141072635
60 120 3.25 3.5 54 56 153.2205325462857 0.005021217730018179
60 120 3.25 3.5 56 58 138.593429623007 0.004442131198146626
60 120 3.25 3.5 58 60 125.5005081994988 0.003937036706574304
60 120 3.25 3.5 60 65 264.9566851409664 0.008021482124604518
60 120 3.25 3.5 65 70 208.3693900577335 0.006004000047852287
60 120 3.25 3.5 70 80 295.1585834274003 0.007975994054561397
60 120 3.25 3.5 80 90 186.7239388454272 0.00467252930587847
60 120 3.25 3.5 90 100 119.3729285153165 0.002807195240407623
60 120 3.5 4 0 0.5 -2.610380800055172 0.0001024425975995058
60 120 3.5 4 0.5 1 1678.217937979864 0.07177732256809577
60 120 3.5 4 1 1.5 6465.081276943089 0.08317295665437996
60 120 3.5 4 1.5 2 6631.672998651999 0.02158782970946049
60 120 3.5 4 2 2.5 5939.718741518897 0.009356914835734642
60 120 3.5 4 2.5 3 5202.193348706312 0.01705521640906227
60 120 3.5 4 3 3.5 4555.656020394368 0.00517606104403967
60 120 3.5 4 3.5 4 4011.79206170545 0.003607865137837507
60 120 3.5 4 4 4.5 3557.238103681222 0.003253237877743231
60 120 3.5 4 4.5 5 3175.779085998703 0.00358254298544125
60 120 3.5 4 5 5.5 2853.248111012448 0.002162670702091418
60 120 3.5 4 5.5 6 2578.243426133589 0.001103451739254524
60 120 3.5 4 6 6.5 2341.817415636371 0.0001869612160589895
60 120 3.5 4 6.5 7 2136.963755935195 0.0001584133815413225
60 120 3.5 4 7 7.5 1958.178745063137 0.001167396541177368
60 120 3.5 4 7.5 8 1801.109747881954 0.001544871339547171
60 120 3.5 4 8 8.5 1662.281732226787 0.001346297912050431
60 120 3.5 4 8.5 9 1538.897166628254 0.0007622262899076304
60 120 3.5 4 9 9.5 1428.682011774586 0.0004006293827387708
60 120 3.5 4 9.5 10 1329.774256884676 0.0008504604275003658
60 120 3.5 4 10 10.5 1240.636599422485 0.0002201672468800098
60 120 3.5 4 10.5 11 1159.98988897816 0.05564709244504229
60 120 3.5 4 11 11.5 1086.761366671149 0.04813859419186883
60 120 3.5 4 11.5 12 1020.045859728112 0.04179118014224059
60 120 3.5 4 12 12.5 959.0760168713413 0.03632127460105039
60 120 3.5 4 12.5 13 903.1974721574965 0.03183605072558748
60 120 3.5 4 13 13.5 851.8475722382398 0.02793312246342339
60 120 3.5 4 13.5 14 804.5409347051996 0.02466464820213332
60 120 3.5 4 14 14.5 760.8565942410042 0.02177688130734623
60 120 3.5 4 14.5 15 720.4289628046382 0.01929461704139612
60 120 3.5 4 15 16 1331.042392546079 0.0001015887914945779
60 120 3.5 4 16 17 1201.119988181556 0.0007520476938225329
60 120 3.5 4 17 18 1087.985958517368 0.001023348170065219
60 120 3.5 4 18 19 988.8584188069246 0.0002063982996105551
60 120 3.5 4 19 20 901.5151095542192 0.0005546019979192351
60 120 3.5 4 20 21 824.1649751359578 0.0005844573435069833
60 120 3.5 4 21 22 755.3495413800329 0.03720576611408433
60 120 3.5 4 22 23 693.8702466327152 0.03086223886555217
60 120 3.5 4 23 24 638.7336439273728 0.0256486037922059
60 120 3.5 4 24 25 589.1105095942271 0.02130476180661844
60 120 3.5 4 25 26 544.3046203705707 0.01775952012599191
60 120 3.5 4 26 27 503.7265725699017 0.01483745768211975
60 120 3.5 4 27 28 466.8751453545046 0.01235646987322525
60 120 3.5 4 28 29 433.322284502329 0.0102898840209491
60 120 3.5 4 29 30 402.6995060932073 0.008582018425784099
60 120 3.5 4 30 31 374.6882229007068 0.007116205598151737
60 120 3.5 4 31 32 349.0124354050151 0.005850713004747377
60 120 3.5 4 32 33 325.4321077958635 0.004787443777388489
60 120 3.5 4 33 34 303.7371036016528 0.003903323620306764
60 120 3.5 4 34 35 283.8268550611999 0.007487518945765714
60 120 3.5 4 35 36 265.2853963373282 0.002453279111762185
60 120 3.5 4 36 37 248.2227727154058 0.001911985333180155
60 120 3.5 4 37 38 232.4268329840323 0.001430025605827723
60 120 3.5 4 38 39 217.7843327057434 0.0009800756826621182
60 120 3.5 4 39 40 204.1948685680493 0.0006275492485201539
60 120 3.5 4 40 42 371.3904530636802 0.001670644320824977
60 120 3.5 4 42 44 327.5770775167625 0.002112593038987143
60 120 3.5 4 44 46 289.4856334300208 0.004726531017468005
60 120 3.5 4 46 48 256.2551857304802 0.006638557610699536
60 120 3.5 4 48 50 227.1768988000844 0.01126475981445196
60 120 3.5 4 50 52 201.6629377549239 0.009789150055894424
60 120 3.5 4 52 54 179.2229633101508 0.008517772773785737
60 120 3.5 4 54 56 159.4444163532551 0.007422483596855045
60 120 3.5 4 56 58 141.9783592507492 0.006481437625012632
60 120 3.5 4 58 60 126.5280892244997 0.005656859848812701
60 120 3.5 4 60 65 259.768601998944 0.01124361313219424
60 120 3.5 4 65 70 195.8011561492125 0.008090818681750989
60 120 3.5 4 70 80 260.0758027216459 0.0101257349758157
60 120 3.5 4 80 90 149.5381861607462 0.005418947572422894
60 120 3.5 4 90 100 86.26218675890823 0.002940553228341969
60 120 4 5 0 0.5 -0.6015030544518852 9.41305998580777e-06
60 120 4 5 0.5 1 1902.940406006069 0.05283571297923118
60 120 4 5 1 1.5 3563.76307438983 0.08961319108448151
60 120 4 5 1.5 2 3064.574431077458 0.0528135903864495
60 120 4 5 2 2.5 2554.715195877704 0.02939232007929604
60 120 4 5 2.5 3 2145.273987928339 0.01922406071980731
60 120 4 5 3 3.5 1824.536183557149 0.01477705270190199
60 120 4 5 3.5 4 1571.138279134774 0.00794633638997766
60 120 4 5 4 4.5 1367.525610591848 0.06799649493723336
60 120 4 5 4.5 5 1201.954217724766 0.04990492685033132
60 120 4 5 5 5.5 1065.10069154705 0.0357090096488264
60 120 4 5 5.5 6 950.5254992699652 0.02479764117583727
60 120 4 5 6 6.5 853.5090641508648 0.01613539568916167
60 120 4 5 6.5 7 770.5369858583008 0.009192513541734115
60 120 4 5 7 7.5 698.9461695617655 0.003591494844499721
60 120 4 5 7.5 8 636.68920437855 0.001088336664452072
60 120 4 5 8 8.5 582.1690162535965 0.004513309315484548
60 120 4 5 8.5 9 534.1226877947895 0.00751726245584905
60 120 4 5 9 9.5 491.5415977045378 0.009972710390059092
60 120 4 5 9.5 10 453.6111667049569 0.01196598337270416
60 120 4 5 10 10.5 419.6661886218213 0.01361264730047651
60 120 4 5 10.5 11 389.1586865294401 0.0149567599237912
60 120 4 5 11 11.5 361.6339296586287 0.01792862052184319
60 120 4 5 11.5 12 336.7117606883301 0.0168314399609244
60 120 4 5 12 12.5 314.1456093271743 0.01324886741105047
60 120 4 5 12.5 13 293.5117070901618 0.01144035705738133
60 120 4 5 13 13.5 274.6577266060845 0.009918732517746776
60 120 4 5 13.5 14 257.385008060852 0.008617911689213997
60 120 4 5 14 14.5 241.5224035212752 0.007499999749882136
60 120 4 5 14.5 15 226.9216936941324 0.006550595803986425
60 120 4 5 15 16 414.46059762604 0.003169272012939928
60 120 4 5 16 17 368.2712359751039 0.002751680147980551
60 120 4 5 17 18 328.4695549596208 0.002677229660321245
60 120 4 5 18 19 293.9564638010597 0.002593828936142017
60 120 4 5 19 20 263.8616107460891 0.002455849942350596
60 120 4 5 20 21 237.486608000167 0.01170917412551375
60 120 4 5 21 22 214.2664991941785 0.008954721087746975
60 120 4 5 22 23 193.7400480780254 0.006834218263747971
60 120 4 5 23 24 175.5267601284991 0.005108805747482847
60 120 4 5 24 25 159.3110485947383 0.003744824173423922
60 120 4 5 25 26 144.8288344505762 0.002652902603216489
60 120 4 5 26 27 131.8580376941872 0.00230663860403979
60 120 4 5 27 28 120.210620348434 0.002263772011914966
60 120 4 5 28 29 109.7264823789068 0.002299640778289813
60 120 4 5 29 30 100.2684998054749 0.0021866410821616
60 120 4 5 30 31 91.71880463704625 0.002033379700250748
60 120 4 5 31 32 83.97583286033634 0.002033540926788646
60 120 4 5 32 33 76.95140260133147 0.001960315902536536
60 120 4 5 33 34 70.5687199270766 0.001755981808798879
60 120 4 5 34 35 64.76065308223284 0.00160481334168594
60 120 4 5 35 36 59.46846406911497 0.001516283946763508
60 120 4 5 36 37 54.64026368925151 0.001427401841368692
60 120 4 5 37 38 50.2303363030593 0.001309784753772192
60 120 4 5 38 39 46.19812706820963 0.001344028546597542
60 120 4 5 39 40 42.50768431527055 0.001359888555107602
60 120 4 5 40 42 75.15462022119955 0.001697046631960575
60 120 4 5 42 44 63.75665013754804 0.001259572600240233
60 120 4 5 44 46 54.14253315544318 0.0009219252378187548
60 120 4 5 46 48 46.01415522921098 0.0006480904712304891
60 120 4 5 48 50 39.12821042245889 0.0003780277206431037
60 120 4 5 50 52 33.28546307849889 0.0002216757374071676
60 120 4 5 52 54 28.32112327727823 4.295443388713238e-05
60 120 4 5 54 56 24.09872999266412 4.361921510565026e-05
60 120 4 5 56 58 20.50434220382846 0.0001377065558791912
60 120 4 5 58 60 17.44273904115901 0.0001882067964729117
60 120 4 5 60 65 33.01950875515677 0.0005625087649221427
60 120 4 5 65 70 21.9581474431851 0.0005319177664055985
60 120 4 5 70 80 24.11836928321118 0.0004826447557881863
60 120 4 5 80 90 10.3376470415972 0.000152104646236495
60 120 4 5 90 100 4.291758333451147 9.482882841638229e-05
10 120 -5 5 0 100 1649981.151003621 32.79753402757009
