#q2lo q2hi ylo yhi qTlo qThi PDF0  uncertainty
10 60 -5 -4 0 0.5 -508679.953522886 9.138113171909936
10 60 -5 -4 0.5 1 78108.1737190243 0.3439961889962433
10 60 -5 -4 1 1.5 85526.67487656522 3.066095295362175
10 60 -5 -4 1.5 2 68660.14498165631 2.151755349448649
10 60 -5 -4 2 2.5 54737.61733770535 2.402317557978677
10 60 -5 -4 2.5 3 44385.04263755814 1.192402207176201
10 60 -5 -4 3 3.5 36642.3158938125 0.9160432097196463
10 60 -5 -4 3.5 4 30725.46455585355 0.7254725301099825
10 60 -5 -4 4 4.5 26101.25029117837 0.5919800105584727
10 60 -5 -4 4.5 5 22413.20374764327 0.8382106795033906
10 60 -5 -4 5 5.5 19419.46050609348 0.4137819786010368
10 60 -5 -4 5.5 6 16952.28456982506 0.3469224714535812
10 60 -5 -4 6 6.5 14892.63077573433 0.2920944666875585
10 60 -5 -4 6.5 7 13154.10342343019 0.2465083032857365
10 60 -5 -4 7 7.5 11672.73590067377 0.2074429731183045
10 60 -5 -4 7.5 8 10400.21326143619 0.1747516867490049
10 60 -5 -4 8 8.5 9299.435932191434 0.1477710810831923
10 60 -5 -4 8.5 9 8341.445316076297 0.1252216238608526
10 60 -5 -4 9 9.5 7503.295267742942 0.1065570644586842
10 60 -5 -4 9.5 10 6766.595564887871 0.09058783751606825
10 60 -5 -4 10 10.5 6116.3952661373 0.07757345181562414
10 60 -5 -4 10.5 11 5540.433739204426 0.06718823465507739
10 60 -5 -4 11 11.5 5028.561253014498 0.05849874241175712
10 60 -5 -4 11.5 12 4572.287654226512 0.1937731912094023
10 60 -5 -4 12 12.5 4164.47065642798 0.1438948970971978
10 60 -5 -4 12.5 13 3799.061343674381 0.1041002216570632
10 60 -5 -4 13 13.5 3470.899343282356 0.07268348371917455
10 60 -5 -4 13.5 14 3175.558207020415 0.04750639552094071
10 60 -5 -4 14 14.5 2909.229319669618 0.02784330370059251
10 60 -5 -4 14.5 15 2668.618085795113 0.02480217907077531
10 60 -5 -4 15 16 4704.322394909829 0.04188376279034856
10 60 -5 -4 16 17 3985.510631779495 0.1549190102373359
10 60 -5 -4 17 18 3390.478167761094 0.02788557866824704
10 60 -5 -4 18 19 2895.235923426605 0.02298148985119042
10 60 -5 -4 19 20 2481.005683635141 0.01909304448736293
10 60 -5 -4 20 21 2132.954293294618 0.01600512762252038
10 60 -5 -4 21 22 1839.272356451265 0.01345814566820991
10 60 -5 -4 22 23 1590.496880999666 0.01162928761527837
10 60 -5 -4 23 24 1378.992677975565 0.0123031633897881
10 60 -5 -4 24 25 1198.562772292457 0.01289422847753485
10 60 -5 -4 25 26 1044.150698289732 0.01357235760292497
10 60 -5 -4 26 27 911.6098698860876 0.0142162057953783
10 60 -5 -4 27 28 797.5231218434174 0.01434550617318564
10 60 -5 -4 28 29 699.0612405503375 0.01433732584462177
10 60 -5 -4 29 30 613.8731993771942 0.01400679954929274
10 60 -5 -4 30 31 539.996577176669 0.01378902593728526
10 60 -5 -4 31 32 475.7869987523724 0.01357532494978386
10 60 -5 -4 32 33 419.8625223056604 0.01334309138343315
10 60 -5 -4 33 34 371.057391242856 0.01312272172191342
10 60 -5 -4 34 35 328.3852621091165 0.01280352667254192
10 60 -5 -4 35 36 291.0087371634188 0.01228798909158968
10 60 -5 -4 36 37 258.214767178694 0.01181245109654583
10 60 -5 -4 37 38 229.3949440999711 0.01122559058413231
10 60 -5 -4 38 39 204.0288247999435 0.001248747517507809
10 60 -5 -4 39 40 181.6697214090775 0.001106873960793564
10 60 -5 -4 40 42 306.4220314360468 0.001858673189701676
10 60 -5 -4 42 44 244.4196799134434 0.001476498181347097
10 60 -5 -4 44 46 195.6869064570045 0.001175746469328942
10 60 -5 -4 46 48 157.2091104142799 0.0009439839486162782
10 60 -5 -4 48 50 126.6996062007253 0.00544625130488896
10 60 -5 -4 50 52 102.4137611406672 0.002244863790224372
10 60 -5 -4 52 54 83.01076956997237 0.0006464486660604507
10 60 -5 -4 54 56 67.45601352214369 0.00334014990185949
10 60 -5 -4 56 58 54.94608128390855 0.0003285638287877646
10 60 -5 -4 58 60 44.85478112508184 0.0002686015234303341
10 60 -5 -4 60 65 79.70973499900589 0.0004800588672537742
10 60 -5 -4 65 70 48.7467934114223 0.000295674680351965
10 60 -5 -4 70 80 48.74459400627558 0.0009274505814005352
10 60 -5 -4 80 90 18.92830878383972 0.000517862402485747
10 60 -5 -4 90 100 7.407211612763396 0.0002351209043407465
10 60 -4 -3.5 0 0.5 -338086.6187796858 5.361826718028169
10 60 -4 -3.5 0.5 1 33822.77580943958 0.2210901130310958
10 60 -4 -3.5 1 1.5 46211.98961364232 1.997507377964212
10 60 -4 -3.5 1.5 2 38637.77707440291 1.264149498085317
10 60 -4 -3.5 2 2.5 31415.29381966289 0.8902804535900941
10 60 -4 -3.5 2.5 3 25796.23968220614 0.7076859737899213
10 60 -4 -3.5 3 3.5 21494.45201525534 0.5930372291913955
10 60 -4 -3.5 3.5 4 18158.51026176224 0.4898062339962053
10 60 -4 -3.5 4 4.5 15524.490260595 0.3978638125317957
10 60 -4 -3.5 4.5 5 13407.5529070114 0.3193946959690948
10 60 -4 -3.5 5 5.5 11678.81488361204 0.2566513345100248
10 60 -4 -3.5 5.5 6 10247.18381440592 0.2095339730094565
10 60 -4 -3.5 6 6.5 9047.143040755378 0.1732837390591158
10 60 -4 -3.5 6.5 7 8030.636569047023 0.1450593621357257
10 60 -4 -3.5 7 7.5 7161.780618294211 0.1217215307769948
10 60 -4 -3.5 7.5 8 6413.28777406597 0.1024629918629216
10 60 -4 -3.5 8 8.5 5764.090607922545 0.08648125953186536
10 60 -4 -3.5 8.5 9 5197.649454915793 0.07309705050556659
10 60 -4 -3.5 9 9.5 4700.827208690873 0.0620613305727602
10 60 -4 -3.5 9.5 10 4263.039656052359 0.05297476703435677
10 60 -4 -3.5 10 10.5 3875.669272108421 0.04554429821519079
10 60 -4 -3.5 10.5 11 3531.634775837063 0.03952451759869291
10 60 -4 -3.5 11 11.5 3225.054264679369 0.1569869318414021
10 60 -4 -3.5 11.5 12 2951.005003936251 0.1213892292553282
10 60 -4 -3.5 12 12.5 2705.342335142216 0.09287377998907687
10 60 -4 -3.5 12.5 13 2484.549708351356 0.0702294163525039
10 60 -4 -3.5 13 13.5 2285.62397182473 0.0520166637084003
10 60 -4 -3.5 13.5 14 2105.990792930354 0.03746314078534851
10 60 -4 -3.5 14 14.5 1943.432559116117 0.02583011683191216
10 60 -4 -3.5 14.5 15 1796.029955237134 0.01672697908247756
10 60 -4 -3.5 15 16 3202.341491905373 0.0524839453119057
10 60 -4 -3.5 16 17 2756.715703911543 0.02082626303126744
10 60 -4 -3.5 17 18 2384.542738941835 0.06142872585041914
10 60 -4 -3.5 18 19 2071.815478551206 0.08479752678431396
10 60 -4 -3.5 19 20 1807.559747888683 0.01204969808077294
10 60 -4 -3.5 20 21 1583.09674021359 0.01026989980528015
10 60 -4 -3.5 21 22 1391.502911683989 0.008727363568596047
10 60 -4 -3.5 22 23 1227.221732574233 0.007541713861428434
10 60 -4 -3.5 23 24 1085.758623501967 0.006470381144708881
10 60 -4 -3.5 24 25 963.4535951465889 0.005657007979266382
10 60 -4 -3.5 25 26 857.3132125686141 0.004912258841841322
10 60 -4 -3.5 26 27 764.8734531192287 0.00431614443982653
10 60 -4 -3.5 27 28 684.0945392126956 0.003801852173751286
10 60 -4 -3.5 28 29 613.2806416372563 0.004537454972023625
10 60 -4 -3.5 29 30 551.0154767976228 0.00569252511581908
10 60 -4 -3.5 30 31 496.1104566087171 0.006304829845532822
10 60 -4 -3.5 31 32 447.5642745389991 0.006928969897614934
10 60 -4 -3.5 32 33 404.5300506956627 0.007597191856518748
10 60 -4 -3.5 33 34 366.288510669391 0.00787370943987753
10 60 -4 -3.5 34 35 332.226618578595 0.007971919057297328
10 60 -4 -3.5 35 36 301.8201175096715 0.008190326083024502
10 60 -4 -3.5 36 37 274.61920733431 0.008381673404699086
10 60 -4 -3.5 37 38 250.2367822947345 0.008470842474537221
10 60 -4 -3.5 38 39 228.3386357641827 0.008590625487670422
10 60 -4 -3.5 39 40 208.6353796050029 0.008720068795554425
10 60 -4 -3.5 40 42 365.716945033967 0.01761040664126767
10 60 -4 -3.5 42 44 307.5469385421295 0.001510769637150133
10 60 -4 -3.5 44 46 259.7642161960144 0.001268908250210643
10 60 -4 -3.5 46 48 220.288933839824 0.001071203950630206
10 60 -4 -3.5 48 50 187.5045497095318 0.0009089958787740215
10 60 -4 -3.5 50 52 160.1440982033992 0.0007748093470922868
10 60 -4 -3.5 52 54 137.207131081394 0.0006632353804434388
10 60 -4 -3.5 54 56 117.897979100533 0.0005696650416098237
10 60 -4 -3.5 56 58 101.5796433731678 0.0004909627322859933
10 60 -4 -3.5 58 60 87.73903901255049 0.0004244382456732865
10 60 -4 -3.5 60 65 171.508484120758 0.0008321901255214925
10 60 -4 -3.5 65 70 121.0984811444999 0.0005913477364600794
10 60 -4 -3.5 70 80 148.6810202270883 0.0007354694903938253
10 60 -4 -3.5 80 90 78.1666409064984 0.000395317689623198
10 60 -4 -3.5 90 100 42.08884677180303 0.0002182670124781794
10 60 -3.5 -3.25 0 0.5 -189947.4671836651 4.636275762430159
10 60 -3.5 -3.25 0.5 1 15166.43842951693 0.01883191960951081
10 60 -3.5 -3.25 1 1.5 23551.3385824987 0.926568590097304
10 60 -3.5 -3.25 1.5 2 20064.50303303214 0.9909775543601427
10 60 -3.5 -3.25 2 2.5 16451.40552243747 0.7722404584601463
10 60 -3.5 -3.25 2.5 3 13576.02016644211 0.6220724760532903
10 60 -3.5 -3.25 3 3.5 11349.85299497241 0.5202336525580904
10 60 -3.5 -3.25 3.5 4 9611.501883477373 0.4460688620911242
10 60 -3.5 -3.25 4 4.5 8232.335453092704 0.3902765883940447
10 60 -3.5 -3.25 4.5 5 7120.007121068092 0.3499759485830509
10 60 -3.5 -3.25 5 5.5 6209.204521109002 0.1385670826712158
10 60 -3.5 -3.25 5.5 6 5453.341605798495 0.1144129037811581
10 60 -3.5 -3.25 6 6.5 4818.685686477831 0.09455298428292735
10 60 -3.5 -3.25 6.5 7 4280.371233884689 0.07803666323161451
10 60 -3.5 -3.25 7 7.5 3819.749379115791 0.06486215085124059
10 60 -3.5 -3.25 7.5 8 3422.59441737557 0.05440716042767235
10 60 -3.5 -3.25 8 8.5 3077.88235288962 0.04567291632383785
10 60 -3.5 -3.25 8.5 9 2776.944895311944 0.03855780650519591
10 60 -3.5 -3.25 9 9.5 2512.873374971125 0.03286795360372707
10 60 -3.5 -3.25 9.5 10 2280.095649355433 0.02832796518350733
10 60 -3.5 -3.25 10 10.5 2074.066389701037 0.02433012210030938
10 60 -3.5 -3.25 10.5 11 1891.041381649991 0.02103284760005408
10 60 -3.5 -3.25 11 11.5 1727.909520882406 0.0828164619438212
10 60 -3.5 -3.25 11.5 12 1582.064585950838 0.06391208492982514
10 60 -3.5 -3.25 12 12.5 1451.307676460658 0.04875549604525986
10 60 -3.5 -3.25 12.5 13 1333.772432345103 0.0366776828007005
10 60 -3.5 -3.25 13 13.5 1227.865100574423 0.02703890211660109
10 60 -3.5 -3.25 13.5 14 1132.217881133857 0.01937653430468345
10 60 -3.5 -3.25 14 14.5 1045.65149182435 0.01327903655305818
10 60 -3.5 -3.25 14.5 15 967.145114269103 0.008472510031083402
10 60 -3.5 -3.25 15 16 1726.687631383204 0.02519356149309715
10 60 -3.5 -3.25 16 17 1489.238956261818 0.01199724286198034
10 60 -3.5 -3.25 17 18 1290.847951826385 0.03371385109994662
10 60 -3.5 -3.25 18 19 1124.064015803125 0.04541631534061707
10 60 -3.5 -3.25 19 20 983.047733276544 0.006383225689546634
10 60 -3.5 -3.25 20 21 863.1822953914045 0.005421697386395863
10 60 -3.5 -3.25 21 22 760.7878559235437 0.004613599053641337
10 60 -3.5 -3.25 22 23 672.9091252892423 0.003983420376243885
10 60 -3.5 -3.25 23 24 597.1579592386854 0.003440312452994476
10 60 -3.5 -3.25 24 25 531.5905673170508 0.00300005479630272
10 60 -3.5 -3.25 25 26 474.6167802328276 0.002618806472355573
10 60 -3.5 -3.25 26 27 424.9280216537108 0.00230175474735006
10 60 -3.5 -3.25 27 28 381.4416355685939 0.002032394779178048
10 60 -3.5 -3.25 28 29 343.2578334726458 0.00179838724864112
10 60 -3.5 -3.25 29 30 309.624956553489 0.001601479310579634
10 60 -3.5 -3.25 30 31 279.9124437762154 0.001424078211300639
10 60 -3.5 -3.25 31 32 253.5890576043754 0.00128090809212722
10 60 -3.5 -3.25 32 33 230.2054334874094 0.001144133274465275
10 60 -3.5 -3.25 33 34 209.3799465667252 0.00103398930491494
10 60 -3.5 -3.25 34 35 190.7873608111652 0.0009315885074840935
10 60 -3.5 -3.25 35 36 174.1495333310838 0.0008434347278125642
10 60 -3.5 -3.25 36 37 159.2277124463655 0.0007652325410560934
10 60 -3.5 -3.25 37 38 145.8163534037751 0.0006954265898286849
10 60 -3.5 -3.25 38 39 133.7379584955227 0.0006337782402852099
10 60 -3.5 -3.25 39 40 122.8387760782944 0.0005785444262755846
10 60 -3.5 -3.25 40 42 217.0463915036608 0.001014144157323926
10 60 -3.5 -3.25 42 44 184.5718765099121 0.0008543472386293161
10 60 -3.5 -3.25 44 46 157.7159967898363 0.0007244964510277896
10 60 -3.5 -3.25 46 48 135.3699296725951 0.0006179101979455481
10 60 -3.5 -3.25 48 50 116.6703729780202 0.0005299772639943967
10 60 -3.5 -3.25 50 52 100.9395159876555 0.0004566498541294095
10 60 -3.5 -3.25 52 54 87.64099072265323 0.0003954062005107062
10 60 -3.5 -3.25 54 56 76.34714639273885 0.000343726677073164
10 60 -3.5 -3.25 56 58 66.71474602423893 0.000299932594288066
10 60 -3.5 -3.25 58 60 58.4664287386072 0.000262633508711474
10 60 -3.5 -3.25 60 65 117.2383919149082 0.0005267061012688146
10 60 -3.5 -3.25 65 70 86.11986017004392 0.0003878573402147367
10 60 -3.5 -3.25 70 80 112.33573055597 0.000639607081851068
10 60 -3.5 -3.25 80 90 64.77761190921214 0.0005432562943354924
10 60 -3.5 -3.25 90 100 38.58654994123366 0.0004376806637367281
10 60 -3.25 -3 0 0.5 -204038.1002127797 3.215766976296436
10 60 -3.25 -3 0.5 1 13937.08162217959 0.007575476209240151
10 60 -3.25 -3 1 1.5 23796.91031262386 1.005521264309209
10 60 -3.25 -3 1.5 2 20523.21513485079 0.733124484828295
10 60 -3.25 -3 2 2.5 16917.31202415242 0.5765918984507152
10 60 -3.25 -3 2.5 3 14003.61997962178 0.4598103220669145
10 60 -3.25 -3 3 3.5 11731.13632116208 0.3797154743060673
10 60 -3.25 -3 3.5 4 9948.615558368552 0.3199138497639069
10 60 -3.25 -3 4 4.5 8530.029735289845 0.2761246199788729
10 60 -3.25 -3 4.5 5 7383.30633791807 0.2436828422860344
10 60 -3.25 -3 5 5.5 6442.699126331161 0.2181014619918642
10 60 -3.25 -3 5.5 6 5661.037872552246 0.1982079018371223
10 60 -3.25 -3 6 6.5 5004.007311505007 0.1821849755806397
10 60 -3.25 -3 6.5 7 4446.2306688784 0.1690513849080162
10 60 -3.25 -3 7 7.5 3968.623927550407 0.1583703680084909
10 60 -3.25 -3 7.5 8 3556.596119809163 0.1495540606383656
10 60 -3.25 -3 8 8.5 3198.81786588862 0.1421765586546826
10 60 -3.25 -3 8.5 9 2886.367972818852 0.1367747906347176
10 60 -3.25 -3 9 9.5 2612.122469768905 0.03429475386519698
10 60 -3.25 -3 9.5 10 2370.328716727874 0.02930374951256454
10 60 -3.25 -3 10 10.5 2156.289405424773 0.02509612514586479
10 60 -3.25 -3 10.5 11 1966.130899169159 0.02172307101773185
10 60 -3.25 -3 11 11.5 1796.631130112887 0.08603588035111898
10 60 -3.25 -3 11.5 12 1645.08917179541 0.06622715306434657
10 60 -3.25 -3 12 12.5 1509.224801698353 0.05040007879119912
10 60 -3.25 -3 12.5 13 1387.101152422491 0.03777988652495878
10 60 -3.25 -3 13 13.5 1277.063429511529 0.02774468972506838
10 60 -3.25 -3 13.5 14 1177.690901885096 0.01974037615400448
10 60 -3.25 -3 14 14.5 1087.758571486411 0.01341995900020265
10 60 -3.25 -3 14.5 15 1006.205130021158 0.008444003155545943
10 60 -3.25 -3 15 16 1796.770056066993 0.02340390351810129
10 60 -3.25 -3 16 17 1550.158927150578 0.01476612008195843
10 60 -3.25 -3 17 18 1344.142810497476 0.03696829632781373
10 60 -3.25 -3 18 19 1170.972007395499 0.04872448640185212
10 60 -3.25 -3 19 20 1024.572371014102 0.006520933665797202
10 60 -3.25 -3 20 21 900.1422265361412 0.005575347463604885
10 60 -3.25 -3 21 22 793.8544751450758 0.004745964643120715
10 60 -3.25 -3 22 23 702.6368824989504 0.004089205402351581
10 60 -3.25 -3 23 24 624.0061864111117 0.003537878946872297
10 60 -3.25 -3 24 25 555.9428877066814 0.003073483366961227
10 60 -3.25 -3 25 26 496.794719184881 0.002692548197387623
10 60 -3.25 -3 26 27 445.2025579996344 0.002361216869076088
10 60 -3.25 -3 27 28 400.042380959775 0.002087093596458089
10 60 -3.25 -3 28 29 360.3799621999306 0.001852395231651371
10 60 -3.25 -3 29 30 325.4354977213774 0.001640483516382574
10 60 -3.25 -3 30 31 294.5547866023783 0.001471729066167882
10 60 -3.25 -3 31 32 267.1867563078848 0.001311659784335006
10 60 -3.25 -3 32 33 242.8654898950299 0.00118292802019937
10 60 -3.25 -3 33 34 221.1954502830414 0.001063659669284789
10 60 -3.25 -3 34 35 201.8395208504316 0.0009612414582136353
10 60 -3.25 -3 35 36 184.5094462204344 0.0008715773015239847
10 60 -3.25 -3 36 37 168.9579722849412 0.0007906551250016491
10 60 -3.25 -3 37 38 154.972215204542 0.0007200768863526719
10 60 -3.25 -3 38 39 142.3683048613479 0.0006566846516875557
10 60 -3.25 -3 39 40 130.9870501033976 0.0006005525950456558
10 60 -3.25 -3 40 42 232.0474892931973 0.001054364002243346
10 60 -3.25 -3 42 44 198.0588870513313 0.0008909382657691367
10 60 -3.25 -3 44 46 169.9018059637067 0.0007578343186480652
10 60 -3.25 -3 46 48 146.428269154934 0.0006485466063566037
10 60 -3.25 -3 48 50 126.7445453851767 0.0005580788371588596
10 60 -3.25 -3 50 52 110.1488336896822 0.000482528939201643
10 60 -3.25 -3 52 54 96.08556905716297 0.0004193800149892013
10 60 -3.25 -3 54 56 84.11173548620202 0.0003659779866609369
10 60 -3.25 -3 56 58 73.87161956606151 0.0003206420920918163
10 60 -3.25 -3 58 60 65.07773053568917 0.0002820200504345394
10 60 -3.25 -3 60 65 131.7154489895061 0.0005700656807618998
10 60 -3.25 -3 65 70 98.17467753281804 0.0004249451792901482
10 60 -3.25 -3 70 80 131.0137194764719 0.0005697238253219439
10 60 -3.25 -3 80 90 78.25876690207538 0.000344146836440018
10 60 -3.25 -3 90 100 48.4818048362913 0.0002577663802298957
10 60 -3 -2.75 0 0.5 -218078.617724259 9.972686252760468
10 60 -3 -2.75 0.5 1 12688.71798092372 0.2623657768654084
10 60 -3 -2.75 1 1.5 24020.82735404261 1.018965723913425
10 60 -3 -2.75 1.5 2 20964.35010456156 0.8118881483642326
10 60 -3 -2.75 2 2.5 17369.15067768748 0.5793169054340979
10 60 -3 -2.75 2.5 3 14419.78852778134 0.4590193090698449
10 60 -3 -2.75 3 3.5 12102.90852861639 0.3914388999837684
10 60 -3 -2.75 3.5 4 10277.65426191408 0.3363141778700083
10 60 -3 -2.75 4 4.5 8820.735629952209 0.2926977904044179
10 60 -3 -2.75 4.5 5 7640.444757584864 0.2543161719067939
10 60 -3 -2.75 5 5.5 6670.68368518764 0.2225219951405961
10 60 -3 -2.75 5.5 6 5863.734240578695 0.1960790536195418
10 60 -3 -2.75 6 6.5 5184.735391380831 0.1740950065413926
10 60 -3 -2.75 6.5 7 4607.824380943607 0.1559589355001663
10 60 -3 -2.75 7 7.5 4113.497961602331 0.1410819938255372
10 60 -3 -2.75 7.5 8 3686.81570576165 0.1286615464609895
10 60 -3 -2.75 8 8.5 3316.153010857998 0.1184081920678182
10 60 -3 -2.75 8.5 9 2992.3394524479 0.1094833694492081
10 60 -3 -2.75 9 9.5 2708.046413287489 0.1021648359987921
10 60 -3 -2.75 9.5 10 2457.344421613117 0.0954284836716397
10 60 -3 -2.75 10 10.5 2235.388445394189 0.08965991670265794
10 60 -3 -2.75 10.5 11 2038.178542078138 0.08506535880565025
10 60 -3 -2.75 11 11.5 1862.384187292174 0.08953062622708785
10 60 -3 -2.75 11.5 12 1705.211108055177 0.07746635657667866
10 60 -3 -2.75 12 12.5 1564.299494385267 0.07459811420517326
10 60 -3 -2.75 12.5 13 1437.643348087722 0.03903053454337169
10 60 -3 -2.75 13 13.5 1323.527215379149 0.02853581879185185
10 60 -3 -2.75 13.5 14 1220.478714935737 0.02021634207108036
10 60 -3 -2.75 14 14.5 1127.227042931703 0.01363745684807327
10 60 -3 -2.75 14.5 15 1042.67122933006 0.008438326977739052
10 60 -3 -2.75 15 16 1861.794611606953 0.02194344508802715
10 60 -3 -2.75 16 17 1606.186738682587 0.01758300075903207
10 60 -3 -2.75 17 18 1392.705949783748 0.0402928884125231
10 60 -3 -2.75 18 19 1213.304587359202 0.05224202032900394
10 60 -3 -2.75 19 20 1061.674764102648 0.006688332900921523
10 60 -3 -2.75 20 21 932.8296557505113 0.005651777885077536
10 60 -3 -2.75 21 22 822.7952763165489 0.004882312450490645
10 60 -3 -2.75 22 23 728.3819642415717 0.004162742946050457
10 60 -3 -2.75 23 24 647.0122340430942 0.003606068280532782
10 60 -3 -2.75 24 25 576.5901543680305 0.003141034744430726
10 60 -3 -2.75 25 26 515.4015337387291 0.002746618221522112
10 60 -3 -2.75 26 27 462.036542684167 0.002412897330998476
10 60 -3 -2.75 27 28 415.3295730458965 0.002126164122159935
10 60 -3 -2.75 28 29 374.3121275212134 0.00188268623469412
10 60 -3 -2.75 29 30 338.175781235837 0.001685412739334424
10 60 -3 -2.75 30 31 306.2428473725593 0.001489403635446251
10 60 -3 -2.75 31 32 277.9425366462964 0.001346258035937353
10 60 -3 -2.75 32 33 252.7923128688866 0.001203836555447424
10 60 -3 -2.75 33 34 230.3826892443991 0.001085647371894538
10 60 -3 -2.75 34 35 210.3647498216597 0.0009826341728569332
10 60 -3 -2.75 35 36 192.4401934840572 0.00088851257476108
10 60 -3 -2.75 36 37 176.3532041938975 0.0008083180460118911
10 60 -3 -2.75 37 38 161.8836128549861 0.000735561068665902
10 60 -3 -2.75 38 39 148.8413159505282 0.0006711051065053653
10 60 -3 -2.75 39 40 137.0617121257964 0.0006141095649923045
10 60 -3 -2.75 40 42 243.1393506596653 0.001079420460854408
10 60 -3 -2.75 42 44 207.9333691060073 0.0009126168877742202
10 60 -3 -2.75 44 46 178.7481474809149 0.0007772456488339685
10 60 -3 -2.75 46 48 154.3987518965395 0.0006662302032793832
10 60 -3 -2.75 48 50 133.9626020019038 0.0005744520530299724
10 60 -3 -2.75 50 52 116.7155587911079 0.0004976327918058132
10 60 -3 -2.75 52 54 102.0844698499514 0.0004333460276768619
10 60 -3 -2.75 54 56 89.61240877318885 0.0003790906841629749
10 60 -3 -2.75 56 58 78.93248328161752 0.0003329013047874696
10 60 -3 -2.75 58 60 69.74813792943982 0.0002934916756629491
10 60 -3 -2.75 60 65 141.9444169734976 0.0005959266779598238
10 60 -3 -2.75 65 70 106.7220183913488 0.0004474601974067127
10 60 -3 -2.75 70 80 144.4053442611163 0.0006067743783262358
10 60 -3 -2.75 80 90 88.14504243987354 0.0003733694673968557
10 60 -3 -2.75 90 100 55.95035630527086 0.0002398657129774051
10 60 -2.75 -2.5 0 0.5 -231877.3481225646 3.082462569000199
10 60 -2.75 -2.5 0.5 1 11448.21507615829 0.09553168968523096
10 60 -2.75 -2.5 1 1.5 24230.88616082981 1.081308722004906
10 60 -2.75 -2.5 1.5 2 21390.63129346048 0.7857551657507429
10 60 -2.75 -2.5 2 2.5 17807.79645553807 0.6113090756698512
10 60 -2.75 -2.5 2.5 3 14824.60916591044 0.5699574025966285
10 60 -2.75 -2.5 3 3.5 12464.9774780826 0.5027204506641283
10 60 -2.75 -2.5 3.5 4 10598.3699462123 0.4392733639051585
10 60 -2.75 -2.5 4 4.5 9104.245618683846 0.3820047292429081
10 60 -2.75 -2.5 4.5 5 7891.323224358868 0.3328474433892552
10 60 -2.75 -2.5 5 5.5 6893.176698808242 0.2906926225132338
10 60 -2.75 -2.5 5.5 6 6061.573242543182 0.2552099852700849
10 60 -2.75 -2.5 6 6.5 5361.132249051787 0.2244597908766082
10 60 -2.75 -2.5 6.5 7 4765.524464755864 0.1987543128043399
10 60 -2.75 -2.5 7 7.5 4254.845746235585 0.1767049899626727
10 60 -2.75 -2.5 7.5 8 3813.815475211415 0.1576279545033685
10 60 -2.75 -2.5 8 8.5 3430.525977832124 0.1409590326256875
10 60 -2.75 -2.5 8.5 9 3095.569495511776 0.1267480083465671
10 60 -2.75 -2.5 9 9.5 2801.414729707335 0.1141142901565217
10 60 -2.75 -2.5 9.5 10 2541.965554489424 0.1035223054636845
10 60 -2.75 -2.5 10 10.5 2312.230922646052 0.09456435814263386
10 60 -2.75 -2.5 10.5 11 2108.087343541859 0.0865785132577912
10 60 -2.75 -2.5 11 11.5 1926.100284383847 0.0931739393602129
10 60 -2.75 -2.5 11.5 12 1763.38538509251 0.07381249897071029
10 60 -2.75 -2.5 12 12.5 1617.504000555593 0.06851970540446928
10 60 -2.75 -2.5 12.5 13 1486.382813549142 0.06383885397690392
10 60 -2.75 -2.5 13 13.5 1368.248871653917 0.05980766939387649
10 60 -2.75 -2.5 13.5 14 1261.578161016725 0.05623614096862184
10 60 -2.75 -2.5 14 14.5 1165.055387199054 0.05300141831753535
10 60 -2.75 -2.5 14.5 15 1077.541009814256 0.05021475185731106
10 60 -2.75 -2.5 15 16 1923.742089250651 0.09397182588509168
10 60 -2.75 -2.5 16 17 1659.272046028164 0.01996443301550244
10 60 -2.75 -2.5 17 18 1438.442257947202 0.0433397101094215
10 60 -2.75 -2.5 18 19 1252.912450265331 0.05558330477720119
10 60 -2.75 -2.5 19 20 1096.145112894039 0.006878771951733142
10 60 -2.75 -2.5 20 21 962.9713001321452 0.005768598034251227
10 60 -2.75 -2.5 21 22 849.2721330455624 0.004936226431368596
10 60 -2.75 -2.5 22 23 751.741502835548 0.004257069752952702
10 60 -2.75 -2.5 23 24 667.7083198617363 0.003671677762326908
10 60 -2.75 -2.5 24 25 595.0008469923425 0.003188936143374121
10 60 -2.75 -2.5 25 26 531.8429591361341 0.002789704508018076
10 60 -2.75 -2.5 26 27 476.7743926421998 0.002451342682775248
10 60 -2.75 -2.5 27 28 428.5879394727409 0.002161247311960324
10 60 -2.75 -2.5 28 29 386.2809841396095 0.001913644430032946
10 60 -2.75 -2.5 29 30 349.0167489215752 0.001700278780958797
10 60 -2.75 -2.5 30 31 316.0936615100839 0.001521173087837724
10 60 -2.75 -2.5 31 32 286.9212636083965 0.001359213196565179
10 60 -2.75 -2.5 32 33 261.0005120266399 0.001222049760485788
10 60 -2.75 -2.5 33 34 237.9078772283476 0.001101417410268368
10 60 -2.75 -2.5 34 35 217.2827017673932 0.0009949440243701702
10 60 -2.75 -2.5 35 36 198.8167115176893 0.0009014622795575633
10 60 -2.75 -2.5 36 37 182.2455107990352 0.0008191516852775749
10 60 -2.75 -2.5 37 38 167.3417385762858 0.0007452705601451726
10 60 -2.75 -2.5 38 39 153.9091129814805 0.00068044235942466
10 60 -2.75 -2.5 39 40 141.7776714495369 0.0006224584884080286
10 60 -2.75 -2.5 40 42 251.6474536283524 0.001093530846134172
10 60 -2.75 -2.5 42 44 215.3925008998169 0.000925638484176261
10 60 -2.75 -2.5 44 46 185.3367448654051 0.0007887644461561649
10 60 -2.75 -2.5 46 48 160.258493911129 0.0006761139367199576
10 60 -2.75 -2.5 48 50 139.2069216282717 0.0005830372722925858
10 60 -2.75 -2.5 50 52 121.4360952636178 0.0005056194353443288
10 60 -2.75 -2.5 52 54 106.3559969817276 0.0004405641245455172
10 60 -2.75 -2.5 54 56 93.49621740006678 0.0003856455076203247
10 60 -2.75 -2.5 56 58 82.47930597026995 0.00033905848378879
10 60 -2.75 -2.5 58 60 73.00029280076109 0.0002992557608934021
10 60 -2.75 -2.5 60 65 149.0051754003071 0.0006089079185755963
10 60 -2.75 -2.5 65 70 112.5704030749875 0.0004590856005677324
10 60 -2.75 -2.5 70 80 153.5247336179593 0.000626512980517191
10 60 -2.75 -2.5 80 90 94.90490507442414 0.0003895823135593446
10 60 -2.75 -2.5 90 100 61.12449483597801 0.0002533659138990174
10 60 -2.5 -2.4 0 0.5 -96514.37790765472 1.296556978457374
10 60 -2.5 -2.4 0.5 1 4242.250413732611 0.1775210499763489
10 60 -2.5 -2.4 1 1.5 9750.253699491732 0.3240724118204525
10 60 -2.5 -2.4 1.5 2 8672.812542191961 0.256395285607141
10 60 -2.5 -2.4 2 2.5 7242.921940270866 0.2039950222970219
10 60 -2.5 -2.4 2.5 3 6040.374252474579 0.1762203922744447
10 60 -2.5 -2.4 3 3.5 5084.850520469136 0.1496342262516919
10 60 -2.5 -2.4 3.5 4 4326.92390901764 0.1226535017758579
10 60 -2.5 -2.4 4 4.5 3719.129646024576 0.09959546919662898
10 60 -2.5 -2.4 4.5 5 3225.063513463436 0.08160224463563281
10 60 -2.5 -2.4 5 5.5 2818.064862061854 0.06616247750162074
10 60 -2.5 -2.4 5.5 6 2478.70076725423 0.05368413735004651
10 60 -2.5 -2.4 6 6.5 2192.676438788033 0.04371230772085255
10 60 -2.5 -2.4 6.5 7 1949.33126813994 0.03585502088935755
10 60 -2.5 -2.4 7 7.5 1740.594865807433 0.02975226593525804
10 60 -2.5 -2.4 7.5 8 1560.263037170122 0.02501388560494888
10 60 -2.5 -2.4 8 8.5 1403.496046788438 0.02108847263275493
10 60 -2.5 -2.4 8.5 9 1266.465904640368 0.01773523746828687
10 60 -2.5 -2.4 9 9.5 1146.105508602892 0.01496298503184335
10 60 -2.5 -2.4 9.5 10 1039.930094209012 0.01272097903279246
10 60 -2.5 -2.4 10 10.5 945.9042300853259 0.0109349988890699
10 60 -2.5 -2.4 10.5 11 862.345442306875 0.009456179098151551
10 60 -2.5 -2.4 11 11.5 787.8515128620859 0.03832467425627328
10 60 -2.5 -2.4 11.5 12 721.2441124704262 0.02938905730195529
10 60 -2.5 -2.4 12 12.5 661.5265723440205 0.02225735512786287
10 60 -2.5 -2.4 12.5 13 607.8511730390112 0.01657712708970394
10 60 -2.5 -2.4 13 13.5 559.4928506882632 0.01207375432238678
10 60 -2.5 -2.4 13.5 14 515.8281953887353 0.008506887215844472
10 60 -2.5 -2.4 14 14.5 476.3189391848939 0.005686884779777301
10 60 -2.5 -2.4 14.5 15 440.4985799117509 0.003465448709107477
10 60 -2.5 -2.4 15 16 786.3143797649161 0.008234328303274197
10 60 -2.5 -2.4 16 17 678.0838293896344 0.008563082844943892
10 60 -2.5 -2.4 17 18 587.7264169202781 0.01815018322349715
10 60 -2.5 -2.4 18 19 511.8259971577773 0.02312344712368031
10 60 -2.5 -2.4 19 20 447.704102549025 0.00390770193729395
10 60 -2.5 -2.4 20 21 393.2428519627341 0.003626383026187341
10 60 -2.5 -2.4 21 22 346.7545564498915 0.003353768853742167
10 60 -2.5 -2.4 22 23 306.8848524688783 0.003065077644691883
10 60 -2.5 -2.4 23 24 272.5396690289276 0.002847802048449921
10 60 -2.5 -2.4 24 25 242.8294623550446 0.002710585764020834
10 60 -2.5 -2.4 25 26 217.0266764845276 0.002579259343633566
10 60 -2.5 -2.4 26 27 194.5331071764161 0.002461617686719819
10 60 -2.5 -2.4 27 28 174.8543946413134 0.002360303097361793
10 60 -2.5 -2.4 28 29 157.579997643138 0.002219848294259918
10 60 -2.5 -2.4 29 30 142.3674320138147 0.002081075345898853
10 60 -2.5 -2.4 30 31 128.9296497293844 0.00203802793447494
10 60 -2.5 -2.4 31 32 117.0248770551492 0.002013992669148479
10 60 -2.5 -2.4 32 33 106.4487661283695 0.001941922623728942
10 60 -2.5 -2.4 33 34 97.02805464445973 0.001849521976254209
10 60 -2.5 -2.4 34 35 88.61525364272053 0.001764034515261415
10 60 -2.5 -2.4 35 36 81.08433300623548 0.001706862975979107
10 60 -2.5 -2.4 36 37 74.32718818687533 0.00165808115914956
10 60 -2.5 -2.4 37 38 68.25080848838638 0.001617081588307201
10 60 -2.5 -2.4 38 39 62.77492338986514 0.001588806131479714
10 60 -2.5 -2.4 39 40 57.83005790227471 0.001552869213810482
10 60 -2.5 -2.4 40 42 102.6560085418302 0.002912446593299478
10 60 -2.5 -2.4 42 44 87.88274095271834 0.002733618020315021
10 60 -2.5 -2.4 44 46 75.63775143934474 0.002660474627333542
10 60 -2.5 -2.4 46 48 65.42191767881583 0.002442075598082738
10 60 -2.5 -2.4 48 50 56.84745271535796 0.002306217527433319
10 60 -2.5 -2.4 50 52 49.60995575166835 0.002241200650331621
10 60 -2.5 -2.4 52 54 43.46852675721055 0.002110804299334745
10 60 -2.5 -2.4 54 56 38.23139927014661 0.0001552438670486822
10 60 -2.5 -2.4 56 58 33.74472208826629 0.0001365048313601847
10 60 -2.5 -2.4 58 60 29.88416484295267 0.000120498549144088
10 60 -2.5 -2.4 60 65 61.0665603558728 0.000245335752985909
10 60 -2.5 -2.4 65 70 46.22101051171626 0.0001851124363696499
10 60 -2.5 -2.4 70 80 63.23914105611872 0.000253212039858397
10 60 -2.5 -2.4 80 90 39.30152825118358 0.0001581591676469429
10 60 -2.5 -2.4 90 100 25.47303369429468 0.0001033899303806152
10 60 -2.4 -2.3 0 0.5 -98615.48855928528 1.454789982584771
10 60 -2.4 -2.3 0.5 1 4056.399970487612 0.1015617642701727
10 60 -2.4 -2.3 1 1.5 9784.004563835566 0.1342930661885475
10 60 -2.4 -2.3 1.5 2 8738.809969323418 0.4046543828480935
10 60 -2.4 -2.3 2 2.5 7310.428856516793 0.3035860487007085
10 60 -2.4 -2.3 2.5 3 6102.506627176826 0.221506040085842
10 60 -2.4 -2.3 3 3.5 5140.331187087391 0.1616937161898022
10 60 -2.4 -2.3 3.5 4 4376.01252001288 0.1233523981718463
10 60 -2.4 -2.3 4 4.5 3762.490637655736 0.09830742697977257
10 60 -2.4 -2.3 4.5 5 3263.412927274327 0.07878316147798614
10 60 -2.4 -2.3 5 5.5 2852.063708553678 0.06309123475648448
10 60 -2.4 -2.3 5.5 6 2508.927900397633 0.05164844074579378
10 60 -2.4 -2.3 6 6.5 2219.62773296181 0.04336647911350155
10 60 -2.4 -2.3 6.5 7 1973.429680556448 0.03668694151951968
10 60 -2.4 -2.3 7 7.5 1762.199585497333 0.03082393606018741
10 60 -2.4 -2.3 7.5 8 1579.680763869751 0.0255736159456319
10 60 -2.4 -2.3 8 8.5 1420.988346548732 0.02119905266044952
10 60 -2.4 -2.3 8.5 9 1282.257252783858 0.01774854713335117
10 60 -2.4 -2.3 9 9.5 1160.390258326555 0.01505601883559393
10 60 -2.4 -2.3 9.5 10 1052.876198588888 0.012887876123159
10 60 -2.4 -2.3 10 10.5 957.6587511544149 0.01109584496600746
10 60 -2.4 -2.3 10.5 11 873.0370684252075 0.009617272110517661
10 60 -2.4 -2.3 11 11.5 797.5923793136768 0.0389464479973185
10 60 -2.4 -2.3 11.5 12 730.132989791168 0.02983736340081578
10 60 -2.4 -2.3 12 12.5 669.650903951796 0.02259250415841052
10 60 -2.4 -2.3 12.5 13 615.2881276241333 0.01682887921333531
10 60 -2.4 -2.3 13 13.5 566.3105625490397 0.01224419895277151
10 60 -2.4 -2.3 13.5 14 522.0871936109688 0.008614854405550432
10 60 -2.4 -2.3 14 14.5 482.0731288269416 0.005748148519728602
10 60 -2.4 -2.3 14.5 15 445.7959952860082 0.00366260942541885
10 60 -2.4 -2.3 15 16 795.7054329170375 0.00819649856362048
10 60 -2.4 -2.3 16 17 686.1047030411905 0.008826930858276683
10 60 -2.4 -2.3 17 18 594.6099245541667 0.01853613361845419
10 60 -2.4 -2.3 18 19 517.7601797346936 0.02359603126660659
10 60 -2.4 -2.3 19 20 452.8423493849175 0.003808250938618585
10 60 -2.4 -2.3 20 21 397.7109482192699 0.003486162065257759
10 60 -2.4 -2.3 21 22 350.6558069112943 0.003187492839572315
10 60 -2.4 -2.3 22 23 310.3044047016703 0.002908905602396317
10 60 -2.4 -2.3 23 24 275.5479917573729 0.002699585025084161
10 60 -2.4 -2.3 24 25 245.4851530071249 0.002514537126728555
10 60 -2.4 -2.3 25 26 219.3788748089062 0.002281934071731939
10 60 -2.4 -2.3 26 27 196.623403820498 0.002116065714261595
10 60 -2.4 -2.3 27 28 176.7179883160869 0.002055677931821265
10 60 -2.4 -2.3 28 29 159.2465472856002 0.001978207898105211
10 60 -2.4 -2.3 29 30 143.8619973428198 0.001858642748430839
10 60 -2.4 -2.3 30 31 130.2735957277765 0.001741522538139861
10 60 -2.4 -2.3 31 32 118.2366623316856 0.00163964582884546
10 60 -2.4 -2.3 32 33 107.5444098175531 0.001572245323060883
10 60 -2.4 -2.3 33 34 98.02136139677339 0.00153081242073938
10 60 -2.4 -2.3 34 35 89.51806985696065 0.0014881268056115
10 60 -2.4 -2.3 35 36 81.90683553566545 0.001451015354845708
10 60 -2.4 -2.3 36 37 75.07819830143436 0.001411469230646389
10 60 -2.4 -2.3 37 38 68.93802502671934 0.00133528195230781
10 60 -2.4 -2.3 38 39 63.40514709165695 0.001258016902689008
10 60 -2.4 -2.3 39 40 58.4093225035051 0.001220116149021067
10 60 -2.4 -2.3 40 42 103.6821986499016 0.002400773465282668
10 60 -2.4 -2.3 42 44 88.76041284523583 0.002254532957991273
10 60 -2.4 -2.3 44 46 76.39405975648025 0.002094121327743892
10 60 -2.4 -2.3 46 48 66.07858364519139 0.002009964800066655
10 60 -2.4 -2.3 48 50 57.42143362729756 0.00193189018951756
10 60 -2.4 -2.3 50 52 50.11475681299549 0.001770029018672403
10 60 -2.4 -2.3 52 54 43.91535381827154 0.001686373383911643
10 60 -2.4 -2.3 54 56 38.6293163134675 0.001646532974518777
10 60 -2.4 -2.3 56 58 34.10097828513604 0.001547090347003177
10 60 -2.4 -2.3 58 60 30.20476714135913 0.001445758088205906
10 60 -2.4 -2.3 60 65 61.74301495201929 0.0002457449511865661
10 60 -2.4 -2.3 65 70 46.7615589089099 0.0001854688690343664
10 60 -2.4 -2.3 70 80 64.05001900475652 0.0002538550418762497
10 60 -2.4 -2.3 80 90 39.88333201397083 0.0001587521187857988
10 60 -2.4 -2.3 90 100 25.91286085140993 0.0001039928806392254
10 60 -2.3 -2.2 0 0.5 -100681.2534216821 1.850321194055141
10 60 -2.3 -2.2 0.5 1 3873.309348925151 0.1302678749671031
10 60 -2.3 -2.2 1 1.5 9817.014810540853 0.3395730722349981
10 60 -2.3 -2.2 1.5 2 8803.636954844245 0.2803145475318161
10 60 -2.3 -2.2 2 2.5 7376.811676140696 0.2130827986857184
10 60 -2.3 -2.2 2.5 3 6163.650727808356 0.1730825186032234
10 60 -2.3 -2.2 3 3.5 5194.958331779257 0.1478993412365526
10 60 -2.3 -2.2 3.5 4 4424.364228456667 0.1245108594548583
10 60 -2.3 -2.2 4 4.5 3805.210160267977 0.1018504704957195
10 60 -2.3 -2.2 4.5 5 3301.19700393159 0.08261164916348207
10 60 -2.3 -2.2 5 5.5 2885.559048598219 0.06800225753704581
10 60 -2.3 -2.2 5.5 6 2538.700194454142 0.05668391609287937
10 60 -2.3 -2.2 6 6.5 2246.164175524847 0.0466896878128864
10 60 -2.3 -2.2 6.5 7 1997.145921925774 0.03788712011328244
10 60 -2.3 -2.2 7 7.5 1783.452153944256 0.03063459998293183
10 60 -2.3 -2.2 7.5 8 1598.77362902571 0.02503729429099621
10 60 -2.3 -2.2 8 8.5 1438.182784735114 0.02089992554624587
10 60 -2.3 -2.2 8.5 9 1297.777141488781 0.01786183537774377
10 60 -2.3 -2.2 9 9.5 1174.428546790877 0.01541488653447232
10 60 -2.3 -2.2 9.5 10 1065.600322902682 0.01319205528852763
10 60 -2.3 -2.2 10 10.5 969.2131058263016 0.01128644522646027
10 60 -2.3 -2.2 10.5 11 883.5474872568743 0.009712300883165881
10 60 -2.3 -2.2 11 11.5 807.1695006143751 0.03955417994336585
10 60 -2.3 -2.2 11.5 12 738.8737337343813 0.03031233070896633
10 60 -2.3 -2.2 12 12.5 677.6404465495712 0.02294147269640234
10 60 -2.3 -2.2 12.5 13 622.601877894313 0.01707222727543467
10 60 -2.3 -2.2 13 13.5 573.0154609174579 0.01241885393039865
10 60 -2.3 -2.2 13.5 14 528.2426309102386 0.008730765950645036
10 60 -2.3 -2.2 14 14.5 487.7319445662722 0.005816442765649299
10 60 -2.3 -2.2 14.5 15 451.0052793133615 0.004009152010723938
10 60 -2.3 -2.2 15 16 804.938894300929 0.008187538642800973
10 60 -2.3 -2.2 16 17 693.9888634226211 0.009088446336363631
10 60 -2.3 -2.2 17 18 601.3741383288914 0.01892458947475006
10 60 -2.3 -2.2 18 19 523.5898447418442 0.02403221608005879
10 60 -2.3 -2.2 19 20 457.887918697144 0.004096635223220346
10 60 -2.3 -2.2 20 21 402.0952126350784 0.003513179657886667
10 60 -2.3 -2.2 21 22 354.4804107111946 0.003089967696155327
10 60 -2.3 -2.2 22 23 313.6536101119387 0.00290036472358679
10 60 -2.3 -2.2 23 24 278.4913786549051 0.002606354245131115
10 60 -2.3 -2.2 24 25 248.0808296167384 0.002334377897994955
10 60 -2.3 -2.2 25 26 221.6755814013785 0.002226068354588051
10 60 -2.3 -2.2 26 27 198.6617369344732 0.002078596571067237
10 60 -2.3 -2.2 27 28 178.5321764911846 0.001836595874237901
10 60 -2.3 -2.2 28 29 160.8660137450401 0.001670899119005753
10 60 -2.3 -2.2 29 30 145.3119707479998 0.001637267648931129
10 60 -2.3 -2.2 30 31 131.5754213914657 0.001568229810033017
10 60 -2.3 -2.2 31 32 119.4084776692458 0.001457223727470591
10 60 -2.3 -2.2 32 33 108.6017723896504 0.00140003368824182
10 60 -2.3 -2.2 33 34 98.97768510925523 0.001343339308874647
10 60 -2.3 -2.2 34 35 90.38499651016834 0.001232627588137802
10 60 -2.3 -2.2 35 36 82.69459432901176 0.001156767495899658
10 60 -2.3 -2.2 36 37 75.79573389899699 0.001146605844454029
10 60 -2.3 -2.2 37 38 69.59309802478802 0.001133729953622264
10 60 -2.3 -2.2 38 39 64.00444687596395 0.00108461185980957
10 60 -2.3 -2.2 39 40 58.95867082168689 0.001031186635771064
10 60 -2.3 -2.2 40 42 104.651001032325 0.001945886674917574
10 60 -2.3 -2.2 42 44 89.58392724958992 0.001816514505918576
10 60 -2.3 -2.2 44 46 77.09936533612787 0.001731762271873549
10 60 -2.3 -2.2 46 48 66.68684263906817 0.001619012653250707
10 60 -2.3 -2.2 48 50 57.94956564971623 0.001539591222631032
10 60 -2.3 -2.2 50 52 50.57634187823939 0.001453987299278481
10 60 -2.3 -2.2 52 54 44.32118621030697 0.001387169290453016
10 60 -2.3 -2.2 54 56 38.98812785274142 0.001296614421349318
10 60 -2.3 -2.2 56 58 34.4200649422019 0.001245536358247534
10 60 -2.3 -2.2 58 60 30.49005255233005 0.001196853974580137
10 60 -2.3 -2.2 60 65 62.33806571269036 0.002745103500558344
10 60 -2.3 -2.2 65 70 47.22972683646875 0.0001856107679856223
10 60 -2.3 -2.2 70 80 64.73918040839835 0.0002541250778165249
10 60 -2.3 -2.2 80 90 40.36805257525216 0.000158992466772645
10 60 -2.3 -2.2 90 100 26.27472704785684 0.0001042902263606038
10 60 -2.2 -2.1 0 0.5 -102702.7714467551 2.106989090287243
10 60 -2.2 -2.1 0.5 1 3693.361245845723 0.1564416837873068
10 60 -2.2 -2.1 1 1.5 9849.035639167631 0.1288056196881371
10 60 -2.2 -2.1 1.5 2 8866.951539235755 0.3781110933960008
10 60 -2.2 -2.1 2 2.5 7441.729461885731 0.287205753440503
10 60 -2.2 -2.1 2.5 3 6223.495346018996 0.2215056023833313
10 60 -2.2 -2.1 3 3.5 5248.460334161246 0.1689092632213942
10 60 -2.2 -2.1 3.5 4 4471.750661427545 0.1301207842152508
10 60 -2.2 -2.1 4 4.5 3847.101133838884 0.1027549892305615
10 60 -2.2 -2.1 4.5 5 3338.268792951427 0.08359659465213554
10 60 -2.2 -2.1 5 5.5 2918.439445241444 0.06798896034888458
10 60 -2.2 -2.1 5.5 6 2567.939246088258 0.05468727659899741
10 60 -2.2 -2.1 6 6.5 2272.233172015588 0.04390597152359987
10 60 -2.2 -2.1 6.5 7 2020.44955364095 0.03589827382461408
10 60 -2.2 -2.1 7 7.5 1804.335195458852 0.03011308348709463
10 60 -2.2 -2.1 7.5 8 1617.532091794933 0.02559773222787953
10 60 -2.2 -2.1 8 8.5 1455.070082672359 0.02186787466280293
10 60 -2.2 -2.1 8.5 9 1313.013584394603 0.01866261754685183
10 60 -2.2 -2.1 9 9.5 1188.204944159649 0.01579381012402337
10 60 -2.2 -2.1 9.5 10 1078.082054399425 0.01329950480135267
10 60 -2.2 -2.1 10 10.5 980.5447308314187 0.01126077165713468
10 60 -2.2 -2.1 10.5 11 893.8546259021133 0.009703918269678979
10 60 -2.2 -2.1 11 11.5 816.5612900599958 0.04012330579587342
10 60 -2.2 -2.1 11.5 12 747.4458481810199 0.03074419668962491
10 60 -2.2 -2.1 12 12.5 685.4769904832867 0.02327058388095793
10 60 -2.2 -2.1 12.5 13 629.7768147904412 0.01732348627297142
10 60 -2.2 -2.1 13 13.5 579.5941085019728 0.0125980760293487
10 60 -2.2 -2.1 13.5 14 534.2829519944502 0.008852554094346488
10 60 -2.2 -2.1 14 14.5 493.2854416897711 0.005897308301825888
10 60 -2.2 -2.1 14.5 15 456.1177919120207 0.004537652689293736
10 60 -2.2 -2.1 15 16 814.0004642828029 0.008207000407196574
10 60 -2.2 -2.1 16 17 701.7253867841208 0.009342515305093002
10 60 -2.2 -2.1 17 18 608.0107130355116 0.01928847745591611
10 60 -2.2 -2.1 18 19 529.3082209286433 0.02446401743293336
10 60 -2.2 -2.1 19 20 462.8360566400064 0.004300376733056055
10 60 -2.2 -2.1 20 21 406.3942355189419 0.003850808861216137
10 60 -2.2 -2.1 21 22 358.2292078235798 0.003357586900108345
10 60 -2.2 -2.1 22 23 316.9340299221033 0.002874541451433288
10 60 -2.2 -2.1 23 24 281.3721396970916 0.0025997848194379
10 60 -2.2 -2.1 24 25 250.6191496477091 0.002375186283899211
10 60 -2.2 -2.1 25 26 223.9192122471554 0.002123987090101309
10 60 -2.2 -2.1 26 27 200.6511283850627 0.00194675626892149
10 60 -2.2 -2.1 27 28 180.3014944984916 0.001802319091353866
10 60 -2.2 -2.1 28 29 162.4439287716507 0.001668598527999166
10 60 -2.2 -2.1 29 30 146.7227477813569 0.001550916733890517
10 60 -2.2 -2.1 30 31 132.8399514400486 0.001401910525402172
10 60 -2.2 -2.1 31 32 120.5448341553004 0.001265836702799561
10 60 -2.2 -2.1 32 33 109.6255428134079 0.001235190867305391
10 60 -2.2 -2.1 33 34 99.90222475033205 0.001204507914650321
10 60 -2.2 -2.1 34 35 91.2218055142651 0.00112001324208677
10 60 -2.2 -2.1 35 36 83.45359001421488 0.001037370891168621
10 60 -2.2 -2.1 36 37 76.48556588513983 0.0009816057382607823
10 60 -2.2 -2.1 37 38 70.221361042807 0.0009298786317089025
10 60 -2.2 -2.1 38 39 64.57784684822272 0.0008869038688317232
10 60 -2.2 -2.1 39 40 59.4830732046004 0.0008613367943510752
10 60 -2.2 -2.1 40 42 105.5726794436625 0.001649375566032063
10 60 -2.2 -2.1 42 44 90.36341139245506 0.001509618094232223
10 60 -2.2 -2.1 44 46 77.76315525588586 0.001432089500752909
10 60 -2.2 -2.1 46 48 67.2558949369656 0.001297826895623189
10 60 -2.2 -2.1 48 50 58.44064895395449 0.001220938507699998
10 60 -2.2 -2.1 50 52 51.00284474196351 0.001197402824374194
10 60 -2.2 -2.1 52 54 44.6937416495452 0.001131147326525195
10 60 -2.2 -2.1 54 56 39.31540224113825 0.001046501860628268
10 60 -2.2 -2.1 56 58 34.70910409568862 0.001013552029064613
10 60 -2.2 -2.1 58 60 30.74662802905439 0.0009769314269334473
10 60 -2.2 -2.1 60 65 62.866869117814 0.002197560754396477
10 60 -2.2 -2.1 65 70 47.63878665383864 0.001990589555724398
10 60 -2.2 -2.1 70 80 65.32810471103336 0.0002540129798376256
10 60 -2.2 -2.1 80 90 40.77210570582038 0.0001589985910754876
10 60 -2.2 -2.1 90 100 26.57104140447555 0.0001043582065740623
10 60 -2.1 -2 0 0.5 -104673.7543997402 2.335051505171577
10 60 -2.1 -2 0.5 1 3517.184976225577 0.008604006388850394
10 60 -2.1 -2 1 1.5 9879.960578805114 0.42744116650465
10 60 -2.1 -2 1.5 2 8928.569327596573 0.3263301028873684
10 60 -2.1 -2 2 2.5 7504.987608793008 0.2483386822432294
10 60 -2.1 -2 2.5 3 6281.848636434288 0.1919506511676445
10 60 -2.1 -2 3 3.5 5300.658031666962 0.1540192317806941
10 60 -2.1 -2 3.5 4 4518.002973147582 0.1259996887783927
10 60 -2.1 -2 4 4.5 3888.006987907548 0.1027103666988296
10 60 -2.1 -2 4.5 5 3374.484834488284 0.08291382267043446
10 60 -2.1 -2 5 5.5 2950.574144495306 0.0668971106938443
10 60 -2.1 -2 5.5 6 2596.525909987016 0.05474726573038424
10 60 -2.1 -2 6 6.5 2297.73225787753 0.04574019538222274
10 60 -2.1 -2 6.5 7 2043.254205992523 0.03855547997341091
10 60 -2.1 -2 7 7.5 1824.780885829567 0.03224309041002016
10 60 -2.1 -2 7.5 8 1635.904463887035 0.02680098635096329
10 60 -2.1 -2 8 8.5 1471.616082110436 0.02233047921527032
10 60 -2.1 -2 8.5 9 1327.945138242809 0.01860321016192756
10 60 -2.1 -2 9 9.5 1201.706240711929 0.01557317136553138
10 60 -2.1 -2 9.5 10 1090.313348864085 0.01316740250399562
10 60 -2.1 -2 10 10.5 991.6455892066029 0.01129481447446778
10 60 -2.1 -2 10.5 11 903.9477067633341 0.009829567922452043
10 60 -2.1 -2 11 11.5 825.7545992985147 0.04064500388403758
10 60 -2.1 -2 11.5 12 755.8343256913469 0.03112953161985388
10 60 -2.1 -2 12 12.5 693.1441241967296 0.02355283799738572
10 60 -2.1 -2 12.5 13 636.7961499402761 0.01753345044699017
10 60 -2.1 -2 13 13.5 586.0304015802889 0.01275701881229452
10 60 -2.1 -2 13.5 14 540.1932200501208 0.008968521441261146
10 60 -2.1 -2 14 14.5 498.7201119399548 0.005979587148601695
10 60 -2.1 -2 14.5 15 461.1216391570728 0.005101897739450578
10 60 -2.1 -2 15 16 822.8713785207067 0.008911574867397576
10 60 -2.1 -2 16 17 709.300403063509 0.009504651045631363
10 60 -2.1 -2 17 18 614.5084815894384 0.01966369972149096
10 60 -2.1 -2 18 19 534.9068171839345 0.02485253893382833
10 60 -2.1 -2 19 20 467.6799009582855 0.004721066646425243
10 60 -2.1 -2 20 21 410.6015530019791 0.00405054744589961
10 60 -2.1 -2 21 22 361.8977353446154 0.003628177297230195
10 60 -2.1 -2 22 23 320.1440845390204 0.003168374268227581
10 60 -2.1 -2 23 24 284.1901099068183 0.002778599308328467
10 60 -2.1 -2 24 25 253.1007109514358 0.002439079588015147
10 60 -2.1 -2 25 26 226.1113596723097 0.00211926650621308
10 60 -2.1 -2 26 27 202.5935000634275 0.001955692117263652
10 60 -2.1 -2 27 28 182.0274683487456 0.001812333323442772
10 60 -2.1 -2 28 29 163.9817924996659 0.001601521207476253
10 60 -2.1 -2 29 30 148.0966796767126 0.00147069856490134
10 60 -2.1 -2 30 31 134.0705600837923 0.001403240775147196
10 60 -2.1 -2 31 32 121.6496019412597 0.001288569446060706
10 60 -2.1 -2 32 33 110.6194709972663 0.00114390887455329
10 60 -2.1 -2 33 34 100.798462293655 0.001022564333482023
10 60 -2.1 -2 34 35 92.0318566467157 0.0009695543573542409
10 60 -2.1 -2 35 36 84.18738244307512 0.0009632477882348667
10 60 -2.1 -2 36 37 77.151594836142 0.0009201083569934099
10 60 -2.1 -2 37 38 70.8270174720551 0.0008429254034467704
10 60 -2.1 -2 38 39 65.12961386293964 0.0007741420968301327
10 60 -2.1 -2 39 40 59.98667241043989 0.0007390869729562155
10 60 -2.1 -2 40 42 106.4549344451444 0.001405816906583368
10 60 -2.1 -2 42 44 91.10619741645796 0.001244475922263177
10 60 -2.1 -2 44 46 78.39288544358648 0.001155518223924901
10 60 -2.1 -2 46 48 67.79329482754666 0.001133695603897422
10 60 -2.1 -2 48 50 58.90183969272993 0.001039299643998959
10 60 -2.1 -2 50 52 51.4008318100778 0.000928846512920245
10 60 -2.1 -2 52 54 45.03925918235156 0.000905056298506679
10 60 -2.1 -2 54 56 39.61704085768393 0.0008837552883775857
10 60 -2.1 -2 56 58 34.97374034431976 0.0008199158593384936
10 60 -2.1 -2 58 60 30.97996540885984 0.000764095825587674
10 60 -2.1 -2 60 65 63.34232439888616 0.001794315603007135
10 60 -2.1 -2 65 70 48.00007398216404 0.001577533525178865
10 60 -2.1 -2 70 80 65.8355437008475 0.002721780803113916
10 60 -2.1 -2 80 90 41.10988165460842 0.0001587697189435744
10 60 -2.1 -2 90 100 26.81307284902465 0.0001042601879213123
10 60 -2 -1.9 0 0.5 -106588.7296741928 2.569915407017106
10 60 -2 -1.9 0.5 1 3345.543403857275 0.004464910928618337
10 60 -2 -1.9 1 1.5 9909.769039925091 0.4478391991415265
10 60 -2 -1.9 1.5 2 8988.303088530491 0.3557122928759782
10 60 -2 -1.9 2 2.5 7566.396999096018 0.2626221069967869
10 60 -2 -1.9 2.5 3 6338.538441539172 0.2067992378824783
10 60 -2 -1.9 3 3.5 5351.39027045669 0.1656796579673028
10 60 -2 -1.9 3.5 4 4562.97296065999 0.1309411434094727
10 60 -2 -1.9 4 4.5 3927.792064990868 0.1044817884780969
10 60 -2 -1.9 4.5 5 3409.722027278818 0.08497556209340473
10 60 -2 -1.9 5 5.5 2981.850815078637 0.07020525955522317
10 60 -2 -1.9 5.5 6 2624.359514020111 0.05811114583957533
10 60 -2 -1.9 6 6.5 2322.569193444408 0.04769512082930305
10 60 -2 -1.9 6.5 7 2065.475206496863 0.03877538999768149
10 60 -2 -1.9 7 7.5 1844.710283752687 0.03167343361974417
10 60 -2 -1.9 7.5 8 1653.820755718285 0.02611667381347615
10 60 -2 -1.9 8 8.5 1487.758024787229 0.02185276626801169
10 60 -2 -1.9 8.5 9 1342.519384222765 0.01843648109706919
10 60 -2 -1.9 9 9.5 1214.890525710543 0.01558503089586338
10 60 -2 -1.9 9.5 10 1102.26201787245 0.01373812861356782
10 60 -2 -1.9 10 10.5 1002.493353932932 0.01230666858509721
10 60 -2 -1.9 10.5 11 913.812319570265 0.01096666202454344
10 60 -2 -1.9 11 11.5 834.7398074209866 0.04121049680748001
10 60 -2 -1.9 11.5 12 764.0317728076732 0.03154268459195464
10 60 -2 -1.9 12 12.5 700.6347917247219 0.02385419156621538
10 60 -2 -1.9 12.5 13 643.6516012666069 0.01774479647781391
10 60 -2 -1.9 13 13.5 592.3140708370267 0.01288808014498954
10 60 -2 -1.9 13.5 14 545.9615481930535 0.009048911661011516
10 60 -2 -1.9 14 14.5 504.0232789813082 0.006021260091017666
10 60 -2 -1.9 14.5 15 466.004197512968 0.005335566932615166
10 60 -2 -1.9 15 16 831.5281557951027 0.009621101203265425
10 60 -2 -1.9 16 17 716.69507438598 0.009676421820245196
10 60 -2 -1.9 17 18 620.8539119128055 0.01991140131099201
10 60 -2 -1.9 18 19 540.374387831285 0.02525823662040239
10 60 -2 -1.9 19 20 472.4104525430067 0.005158836869213701
10 60 -2 -1.9 20 21 414.7105090007073 0.004473303399890938
10 60 -2 -1.9 21 22 365.4798403461022 0.003883489803058637
10 60 -2 -1.9 22 23 323.2780361344886 0.003377570284897047
10 60 -2 -1.9 23 24 286.9413666225087 0.002967853790551089
10 60 -2 -1.9 24 25 255.5237125068866 0.0026807362508805
10 60 -2 -1.9 25 26 228.2514402819753 0.002352097929900765
10 60 -2 -1.9 26 27 204.4888042532094 0.002022200443320799
10 60 -2 -1.9 27 28 183.7106079955232 0.001816139598332711
10 60 -2 -1.9 28 29 165.4805658057587 0.001639920209925094
10 60 -2 -1.9 29 30 149.4347058869055 0.001479952130210904
10 60 -2 -1.9 30 31 135.268041137406 0.001322788766714211
10 60 -2 -1.9 31 32 122.7239760107577 0.001221927268815648
10 60 -2 -1.9 32 33 111.5856637247248 0.001164773198127023
10 60 -2 -1.9 33 34 101.6691624800594 0.00108383503368259
10 60 -2 -1.9 34 35 92.81796196961187 0.0009648260656831553
10 60 -2 -1.9 35 36 84.89844611651927 0.0008532729126358163
10 60 -2 -1.9 36 37 77.79609881142662 0.0007924150036728861
10 60 -2 -1.9 37 38 71.4123899831432 0.0007677399399454998
10 60 -2 -1.9 38 39 65.66228354202693 0.0007369930571883287
10 60 -2 -1.9 39 40 60.47221675571083 0.0006788563447202023
10 60 -2 -1.9 40 42 107.3037622705268 0.00120113287188417
10 60 -2 -1.9 42 44 91.81857540239851 0.001151907194255841
10 60 -2 -1.9 44 46 78.99426756447772 0.001005469754673527
10 60 -2 -1.9 46 48 68.30397089206313 0.0008985158405749871
10 60 -2 -1.9 48 50 59.33819616308698 0.0008763948463439419
10 60 -2 -1.9 50 52 51.77574006180884 0.0008252250888531876
10 60 -2 -1.9 52 54 45.36289733090104 0.0007531818977781768
10 60 -2 -1.9 54 56 39.89779806827121 0.0006876561810713611
10 60 -2 -1.9 56 58 35.21859568889325 0.0006510749266013249
10 60 -2 -1.9 58 60 31.19458172240721 0.0006308928969076533
10 60 -2 -1.9 60 65 63.77475059743909 0.001443114465594419
10 60 -2 -1.9 65 70 48.32312117998777 0.001273057606852035
10 60 -2 -1.9 70 80 66.27747794023119 0.002151727570094408
10 60 -2 -1.9 80 90 41.39398357366676 0.001782780177784105
10 60 -2 -1.9 90 100 27.01078088717751 0.0001040298311352217
10 60 -1.9 -1.8 0 0.5 -108441.9718779489 2.801946475417935
10 60 -1.9 -1.8 0.5 1 3179.086879032106 0.0182519757127011
10 60 -1.9 -1.8 1 1.5 9938.527114818993 0.1385137904435396
10 60 -1.9 -1.8 1.5 2 9046.081706288936 0.3415156385563023
10 60 -1.9 -1.8 2 2.5 7625.807535835599 0.271905897859142
10 60 -1.9 -1.8 2.5 3 6393.39619567658 0.2187949827057309
10 60 -1.9 -1.8 3 3.5 5400.503930936426 0.1689121038871235
10 60 -1.9 -1.8 3.5 4 4606.525694667939 0.1330027026106109
10 60 -1.9 -1.8 4 4.5 3966.33646099555 0.1080628905383492
10 60 -1.9 -1.8 4.5 5 3443.868538841962 0.08788492749999932
10 60 -1.9 -1.8 5 5.5 3012.168219508536 0.07108465099781824
10 60 -1.9 -1.8 5.5 6 2651.348146842414 0.05709970382713436
10 60 -1.9 -1.8 6 6.5 2346.660246675526 0.04621096613573172
10 60 -1.9 -1.8 6.5 7 2087.035599754904 0.03782310934820998
10 60 -1.9 -1.8 7 7.5 1864.05338999848 0.03156755112945575
10 60 -1.9 -1.8 7.5 8 1671.216055679905 0.0265113690054477
10 60 -1.9 -1.8 8 8.5 1503.436871276007 0.02224536231096863
10 60 -1.9 -1.8 8.5 9 1356.680400331669 0.01933631786664591
10 60 -1.9 -1.8 9 9.5 1227.705938058366 0.01738505023013204
10 60 -1.9 -1.8 9.5 10 1113.881172787979 0.01561442438674021
10 60 -1.9 -1.8 10 10.5 1013.046606418496 0.01397724916694187
10 60 -1.9 -1.8 10.5 11 923.4139665639499 0.01255734904179917
10 60 -1.9 -1.8 11 11.5 843.4898193566145 0.0418111458519661
10 60 -1.9 -1.8 11.5 12 772.0176279104638 0.03200054358183024
10 60 -1.9 -1.8 12 12.5 707.9337301423177 0.02419400861310805
10 60 -1.9 -1.8 12.5 13 650.332248569128 0.01797232683406946
10 60 -1.9 -1.8 13 13.5 598.4375513347414 0.01305537361156439
10 60 -1.9 -1.8 13.5 14 551.582101183165 0.009155093395406766
10 60 -1.9 -1.8 14 14.5 509.1892692309423 0.006109104333745563
10 60 -1.9 -1.8 14.5 15 470.7589659267648 0.005565253982013019
10 60 -1.9 -1.8 15 16 839.9549935489272 0.009992065849587561
10 60 -1.9 -1.8 16 17 723.8904711069113 0.009985299061668229
10 60 -1.9 -1.8 17 18 627.0284576243166 0.02025267236740547
10 60 -1.9 -1.8 18 19 545.6969262011179 0.02558278652929857
10 60 -1.9 -1.8 19 20 477.0168871893828 0.005791272906208178
10 60 -1.9 -1.8 20 21 418.7120801209789 0.004897990008373654
10 60 -1.9 -1.8 21 22 368.9686890492897 0.004183507886182269
10 60 -1.9 -1.8 22 23 326.3305767290354 0.003750218156142182
10 60 -1.9 -1.8 23 24 289.6208233742564 0.003213330931089331
10 60 -1.9 -1.8 24 25 257.8830950318013 0.002813494631425328
10 60 -1.9 -1.8 25 26 230.335384874708 0.002536071789108973
10 60 -1.9 -1.8 26 27 206.334697350388 0.002234209360011619
10 60 -1.9 -1.8 27 28 185.3498960380211 0.001957624473305941
10 60 -1.9 -1.8 28 29 166.9400213764759 0.001730987685249374
10 60 -1.9 -1.8 29 30 150.7371973021675 0.001555798060479674
10 60 -1.9 -1.8 30 31 136.4331629382061 0.001377659866193426
10 60 -1.9 -1.8 31 32 123.7685803337827 0.00122635435951679
10 60 -1.9 -1.8 32 33 112.5243186081687 0.001114527772301699
10 60 -1.9 -1.8 33 34 102.514499307513 0.001043131622836313
10 60 -1.9 -1.8 34 35 93.58087218268159 0.0009733911186060595
10 60 -1.9 -1.8 35 36 85.58830111380779 0.0008850850713031377
10 60 -1.9 -1.8 36 37 78.42100534229638 0.00080266937976603
10 60 -1.9 -1.8 37 38 71.97941556199117 0.0007311981033524262
10 60 -1.9 -1.8 38 39 66.17768514571524 0.000682437231390054
10 60 -1.9 -1.8 39 40 60.94149662950461 0.0006345194557653144
10 60 -1.9 -1.8 40 42 108.1227345269479 0.001146562704008147
10 60 -1.9 -1.8 42 44 92.50393761550704 0.00102492142420374
10 60 -1.9 -1.8 44 46 79.57125780131673 0.0009196274180993669
10 60 -1.9 -1.8 46 48 68.79237629840402 0.0008362525836389523
10 60 -1.9 -1.8 48 50 59.75366254542218 0.0007271278543257154
10 60 -1.9 -1.8 50 52 52.13104297223703 0.0006684221146358027
10 60 -1.9 -1.8 52 54 45.66838177131586 0.000627395617598836
10 60 -1.9 -1.8 54 56 40.16172476748999 0.0006009561011026676
10 60 -1.9 -1.8 56 58 35.44756779187265 0.000564863737636756
10 60 -1.9 -1.8 58 60 31.39403381346608 0.0005045581611113903
10 60 -1.9 -1.8 60 65 64.17247693151269 0.001140942042425763
10 60 -1.9 -1.8 65 70 48.61549477753457 0.001022744613891291
10 60 -1.9 -1.8 70 80 66.66738196394824 0.001714974765334887
10 60 -1.9 -1.8 80 90 41.63518993338833 0.001394019080734665
10 60 -1.9 -1.8 90 100 27.17270375191834 0.00119062816759552
10 60 -1.8 -1.7 0 0.5 -110228.1187431489 2.980320590941119
10 60 -1.8 -1.7 0.5 1 3018.333023245678 0.00329028749911231
10 60 -1.8 -1.7 1 1.5 9966.194028464932 0.4509899510539981
10 60 -1.8 -1.7 1.5 2 9101.76405614529 0.3763233834924904
10 60 -1.8 -1.7 2 2.5 7683.088141004063 0.2832142260640467
10 60 -1.8 -1.7 2.5 3 6446.294060682337 0.206299430488798
10 60 -1.8 -1.7 3 3.5 5447.868821888886 0.1617575028822102
10 60 -1.8 -1.7 3.5 4 4648.531643590207 0.1334944011305197
10 60 -1.8 -1.7 4 4.5 4003.523654203923 0.1081223823748587
10 60 -1.8 -1.7 4.5 5 3476.822702938788 0.08597289167710187
10 60 -1.8 -1.7 5 5.5 3041.434067537367 0.06918192063722017
10 60 -1.8 -1.7 5.5 6 2677.408450392635 0.05649248622285086
10 60 -1.8 -1.7 6 6.5 2369.927754351887 0.04668827543127918
10 60 -1.8 -1.7 6.5 7 2107.863513993381 0.0389284521229456
10 60 -1.8 -1.7 7 7.5 1882.745259489973 0.03245439680085838
10 60 -1.8 -1.7 7.5 8 1688.03091492073 0.02708125024037145
10 60 -1.8 -1.7 8 8.5 1518.597082632412 0.02378865424520882
10 60 -1.8 -1.7 8.5 9 1370.377233730399 0.02141261938731986
10 60 -1.8 -1.7 9 9.5 1240.104743277222 0.01913442327418124
10 60 -1.8 -1.7 9.5 10 1125.126527241653 0.01721948318663635
10 60 -1.8 -1.7 10 10.5 1023.264532261553 0.01558429452768451
10 60 -1.8 -1.7 10.5 11 932.7141009902517 0.01405923205902582
10 60 -1.8 -1.7 11 11.5 851.968273185416 0.0423568191619097
10 60 -1.8 -1.7 11.5 12 779.7591765942663 0.0324343952900108
10 60 -1.8 -1.7 12 12.5 715.0129066650609 0.02453022554288964
10 60 -1.8 -1.7 12.5 13 656.8147626420051 0.01822509857424848
10 60 -1.8 -1.7 13 13.5 604.3817235951265 0.01322803474158718
10 60 -1.8 -1.7 13.5 14 557.0399913113077 0.009273772096321409
10 60 -1.8 -1.7 14 14.5 514.2072040355827 0.006993847448143242
10 60 -1.8 -1.7 14.5 15 475.3781172280526 0.006330020268990211
10 60 -1.8 -1.7 15 16 848.1407915651171 0.01108381199389896
10 60 -1.8 -1.7 16 17 730.8775891586881 0.01021366668669543
10 60 -1.8 -1.7 17 18 633.0207389641268 0.02065440926230622
10 60 -1.8 -1.7 18 19 550.8601029668117 0.02603836034347751
10 60 -1.8 -1.7 19 20 481.4857502960647 0.006064913331840671
10 60 -1.8 -1.7 20 21 422.595716151005 0.005421648967512738
10 60 -1.8 -1.7 21 22 372.3557464921045 0.004690971472143701
10 60 -1.8 -1.7 22 23 329.2943369376662 0.0040631294149307
10 60 -1.8 -1.7 23 24 292.222646424389 0.003500284359404304
10 60 -1.8 -1.7 24 25 260.1742852129344 0.00307151052129484
10 60 -1.8 -1.7 25 26 232.3589970788561 0.002669121168764832
10 60 -1.8 -1.7 26 27 208.1271834206653 0.002388210554727266
10 60 -1.8 -1.7 27 28 186.9419729858398 0.002147376611986829
10 60 -1.8 -1.7 28 29 168.357636065322 0.001863275526545749
10 60 -1.8 -1.7 29 30 152.0025092242777 0.001649672935741364
10 60 -1.8 -1.7 30 31 137.565118783369 0.001523922421313273
10 60 -1.8 -1.7 31 32 124.7833102895698 0.001364489747416542
10 60 -1.8 -1.7 32 33 113.4357418575752 0.001158283557600726
10 60 -1.8 -1.7 33 34 103.3348089139954 0.00100295612369905
10 60 -1.8 -1.7 34 35 94.32076309213492 0.0009493261257915719
10 60 -1.8 -1.7 35 36 86.25701219316174 0.0009094327263454716
10 60 -1.8 -1.7 36 37 79.0264887335348 0.0008304383088386658
10 60 -1.8 -1.7 37 38 72.52860610434051 0.0007470594529337404
10 60 -1.8 -1.7 38 39 66.67661839967474 0.0006830862040914099
10 60 -1.8 -1.7 39 40 61.39550022618402 0.0006497244498149257
10 60 -1.8 -1.7 40 42 108.9139556160923 0.001168014146443852
10 60 -1.8 -1.7 42 44 93.16458627555802 0.0009312012638389433
10 60 -1.8 -1.7 44 46 80.12611815237733 0.0008512985004642815
10 60 -1.8 -1.7 46 48 69.26091449044651 0.0007621812792990568
10 60 -1.8 -1.7 48 50 60.15129900901127 0.0006603810619907335
10 60 -1.8 -1.7 50 52 52.47006926469389 0.0006292453813685484
10 60 -1.8 -1.7 52 54 45.95863452219899 0.0005415511010298246
10 60 -1.8 -1.7 54 56 40.41132038915602 0.0004745393712610735
10 60 -1.8 -1.7 56 58 35.66322711162972 0.0004559857569148562
10 60 -1.8 -1.7 58 60 31.58119347257019 0.0004414395938781013
10 60 -1.8 -1.7 60 65 64.54241850893972 0.0009541506287149559
10 60 -1.8 -1.7 65 70 48.88330686703236 0.0008062888864301954
10 60 -1.8 -1.7 70 80 67.01594737082321 0.001351233085713943
10 60 -1.8 -1.7 80 90 41.84261616521636 0.001114043776887286
10 60 -1.8 -1.7 90 100 27.30600626084836 0.0009293800384995166
10 60 -1.7 -1.6 0 0.5 -111942.5993726312 3.187613423899165
10 60 -1.7 -1.6 0.5 1 2863.820536811499 0.01122878062506061
10 60 -1.7 -1.6 1 1.5 9992.709868484395 0.1531118569037062
10 60 -1.7 -1.6 1.5 2 9155.22086976392 0.3477759423967655
10 60 -1.7 -1.6 2 2.5 7738.098948127152 0.2572389621527691
10 60 -1.7 -1.6 2.5 3 6497.103344838719 0.2118928124809827
10 60 -1.7 -1.6 3 3.5 5493.364994528054 0.1725265701588796
10 60 -1.7 -1.6 3.5 4 4688.886029214722 0.134522700155685
10 60 -1.7 -1.6 4 4.5 4039.250962007714 0.1055673826722341
10 60 -1.7 -1.6 4.5 5 3508.485465931168 0.08574037827838765
10 60 -1.7 -1.6 5 5.5 3069.560498395654 0.07116853512889065
10 60 -1.7 -1.6 5.5 6 2702.459561663911 0.05864865594548974
10 60 -1.7 -1.6 6 6.5 2392.298534127159 0.04809628268731103
10 60 -1.7 -1.6 6.5 7 2127.893837379958 0.03974623325075299
10 60 -1.7 -1.6 7 7.5 1900.72541280102 0.03287725346854131
10 60 -1.7 -1.6 7.5 8 1704.209800767634 0.02875595355180849
10 60 -1.7 -1.6 8 8.5 1533.186864078938 0.02583279051441423
10 60 -1.7 -1.6 8.5 9 1383.561604784939 0.02315924480785725
10 60 -1.7 -1.6 9 9.5 1252.043679353093 0.0208854660313591
10 60 -1.7 -1.6 9.5 10 1135.958230648201 0.01888667596222149
10 60 -1.7 -1.6 10 10.5 1033.109260943487 0.01699408901936295
10 60 -1.7 -1.6 10.5 11 941.6772976351214 0.0154200824513282
10 60 -1.7 -1.6 11 11.5 860.1421823760935 0.04291459605462933
10 60 -1.7 -1.6 11.5 12 787.2247574935523 0.03282606717766612
10 60 -1.7 -1.6 12 12.5 721.8421588646869 0.024820857824011
10 60 -1.7 -1.6 12.5 13 663.0714084060967 0.01846095196719943
10 60 -1.7 -1.6 13 13.5 610.1218086130807 0.01340853923886698
10 60 -1.7 -1.6 13.5 14 562.3130584002321 0.00940684359181887
10 60 -1.7 -1.6 14 14.5 519.0573513862137 0.007923484400976122
10 60 -1.7 -1.6 14.5 15 479.8447278553137 0.007215671938752166
10 60 -1.7 -1.6 15 16 856.0603498140525 0.01246304068035897
10 60 -1.7 -1.6 16 17 737.6405450727775 0.01041672054964238
10 60 -1.7 -1.6 17 18 638.8220251089965 0.0209524564769481
10 60 -1.7 -1.6 18 19 555.8579711833505 0.02637304670656704
10 60 -1.7 -1.6 19 20 485.8090311774209 0.006288156428695402
10 60 -1.7 -1.6 20 21 426.3509778328565 0.005497933056119564
10 60 -1.7 -1.6 21 22 375.6307618577932 0.004925742731813898
10 60 -1.7 -1.6 22 23 332.1608688116634 0.004308533921118851
10 60 -1.7 -1.6 23 24 294.7400645456107 0.00382031870077526
10 60 -1.7 -1.6 24 25 262.3918487404935 0.003433256432174403
10 60 -1.7 -1.6 25 26 234.3178743732573 0.002914806612977827
10 60 -1.7 -1.6 26 27 209.8623399008648 0.00252076118857758
10 60 -1.7 -1.6 27 28 188.4831908211034 0.00229330492192048
10 60 -1.7 -1.6 28 29 169.7301186964009 0.00206467245203612
10 60 -1.7 -1.6 29 30 153.2275796154727 0.00179785627258866
10 60 -1.7 -1.6 30 31 138.6610948003746 0.001562821278014326
10 60 -1.7 -1.6 31 32 125.7660704661339 0.001422987917194973
10 60 -1.7 -1.6 32 33 114.3188691076168 0.001327819551150355
10 60 -1.7 -1.6 33 34 104.1298251523944 0.001193921068647796
10 60 -1.7 -1.6 34 35 95.03759001763569 0.00103451038660296
10 60 -1.7 -1.6 35 36 86.90443530434432 0.0009052688351118832
10 60 -1.7 -1.6 36 37 79.61229791616567 0.0008228718192100359
10 60 -1.7 -1.6 37 38 73.05962677422401 0.0007722017111859714
10 60 -1.7 -1.6 38 39 67.15878789717775 0.0007118502095977419
10 60 -1.7 -1.6 39 40 61.83399835046484 0.0006437926972324703
10 60 -1.7 -1.6 40 42 109.6777644735032 0.001146550320839879
10 60 -1.7 -1.6 42 44 93.80198853151448 0.000990089775413594
10 60 -1.7 -1.6 44 46 80.66061319768198 0.0008461937587327384
10 60 -1.7 -1.6 46 48 69.7112570140736 0.0006948740583112567
10 60 -1.7 -1.6 48 50 60.53263996693369 0.0006303769638549284
10 60 -1.7 -1.6 50 52 52.79443701626629 0.0005541726145423809
10 60 -1.7 -1.6 52 54 46.23577570653833 0.0004924305540399132
10 60 -1.7 -1.6 54 56 40.64904517102287 0.0004652607794284336
10 60 -1.7 -1.6 56 58 35.8678153847234 0.0004026559508503169
10 60 -1.7 -1.6 58 60 31.75790413586414 0.0003389934830515529
10 60 -1.7 -1.6 60 65 64.88944200458234 0.0008099462688591075
10 60 -1.7 -1.6 65 70 49.13152959000902 0.0006662642717643052
10 60 -1.7 -1.6 70 80 67.33180679712206 0.001089967915106627
10 60 -1.7 -1.6 80 90 42.02326012993647 0.0008632511426043266
10 60 -1.7 -1.6 90 100 27.41683898057774 0.0007271348894555274
10 60 -1.6 -1.5 0 0.5 -113580.6944131979 3.33120702051383
10 60 -1.6 -1.5 0.5 1 2715.932157583534 0.001970670774881
10 60 -1.6 -1.5 1 1.5 10018.03776051699 0.437407409574007
10 60 -1.6 -1.5 1.5 2 9206.324163632216 0.3569027124904096
10 60 -1.6 -1.5 2 2.5 7790.688025368692 0.2874778404575409
10 60 -1.6 -1.5 2.5 3 6545.687791961504 0.2170068233581333
10 60 -1.6 -1.5 3 3.5 5536.87469473599 0.164995098091822
10 60 -1.6 -1.5 3.5 4 4727.48371437175 0.1326458426101453
10 60 -1.6 -1.5 4 4.5 4073.423567620804 0.1101833229249678
10 60 -1.6 -1.5 4.5 5 3538.774117892695 0.09040205316978245
10 60 -1.6 -1.5 5 5.5 3096.469092144644 0.07278598772563782
10 60 -1.6 -1.5 5.5 6 2726.427273143128 0.05872602001227278
10 60 -1.6 -1.5 6 6.5 2413.705410519376 0.04806108071943527
10 60 -1.6 -1.5 6.5 7 2147.065099615652 0.03981643141878521
10 60 -1.6 -1.5 7 7.5 1917.938390333471 0.03428032675742543
10 60 -1.6 -1.5 7.5 8 1719.699700157392 0.03063512378207633
10 60 -1.6 -1.5 8 8.5 1547.157816574515 0.0275615801085678
10 60 -1.6 -1.5 8.5 9 1396.189991704273 0.02488326892012083
10 60 -1.6 -1.5 9 9.5 1263.481608182666 0.02239172706185855
10 60 -1.6 -1.5 9.5 10 1146.337965723479 0.0203502681279133
10 60 -1.6 -1.5 10 10.5 1042.545635526029 0.01848004683256477
10 60 -1.6 -1.5 10.5 11 950.2703608915868 0.01663264781382168
10 60 -1.6 -1.5 11 11.5 867.9805463449816 0.04339494137093425
10 60 -1.6 -1.5 11.5 12 794.3865503070883 0.03322216701019443
10 60 -1.6 -1.5 12 12.5 728.3956880258173 0.02511841323325825
10 60 -1.6 -1.5 12.5 13 669.0770699705662 0.0186801714756939
10 60 -1.6 -1.5 13 13.5 615.6332334453898 0.01356523898675732
10 60 -1.6 -1.5 13.5 14 567.3779143696199 0.009524527852022402
10 60 -1.6 -1.5 14 14.5 523.7179518397439 0.008722496221366782
10 60 -1.6 -1.5 14.5 15 484.1387772774334 0.008023459818900847
10 60 -1.6 -1.5 15 16 863.6796781753727 0.01392895841888731
10 60 -1.6 -1.5 16 17 744.1536203783863 0.01175775932517809
10 60 -1.6 -1.5 17 18 644.4128754963291 0.02116512557745409
10 60 -1.6 -1.5 18 19 560.6768464460844 0.02669313609328583
10 60 -1.6 -1.5 19 20 489.9792160903987 0.007113720278709934
10 60 -1.6 -1.5 20 21 429.9730242664492 0.0059726219096774
10 60 -1.6 -1.5 21 22 378.7883137253689 0.005079133627930332
10 60 -1.6 -1.5 22 23 334.9237810891897 0.004523889649931334
10 60 -1.6 -1.5 23 24 297.1659569287735 0.003946869145295295
10 60 -1.6 -1.5 24 25 264.5288481104896 0.003464577604063379
10 60 -1.6 -1.5 25 26 236.2064086216959 0.003199980189037888
10 60 -1.6 -1.5 26 27 211.5357816974858 0.002861359062762858
10 60 -1.6 -1.5 27 28 189.9696414131195 0.002424907292947864
10 60 -1.6 -1.5 28 29 171.0538563572426 0.002140924032346447
10 60 -1.6 -1.5 29 30 154.4094302770495 0.001982700604997945
10 60 -1.6 -1.5 30 31 139.7186367359969 0.001767628915843034
10 60 -1.6 -1.5 31 32 126.7142962902571 0.001549813188418625
10 60 -1.6 -1.5 32 33 115.1708075270095 0.001395400176434691
10 60 -1.6 -1.5 33 34 104.8967970476313 0.001266199611436036
10 60 -1.6 -1.5 34 35 95.72939971327889 0.001133907987352245
10 60 -1.6 -1.5 35 36 87.52951877172524 0.001023133038287938
10 60 -1.6 -1.5 36 37 80.17796499545692 0.000933427364955719
10 60 -1.6 -1.5 37 38 73.57225131046523 0.0008332890584483721
10 60 -1.6 -1.5 38 39 67.62404082020304 0.0007246241477929516
10 60 -1.6 -1.5 39 40 62.2569216158646 0.0006379884429321692
10 60 -1.6 -1.5 40 42 110.4139279909222 0.001168031603995701
10 60 -1.6 -1.5 42 44 94.41570201274652 0.001010942060091224
10 60 -1.6 -1.5 44 46 81.1749619962596 0.0008459155260567286
10 60 -1.6 -1.5 46 48 70.14442186536212 0.0007276271718552607
10 60 -1.6 -1.5 48 50 60.89892520328103 0.0006356981063433409
10 60 -1.6 -1.5 50 52 53.10540135064084 0.0005154053475067144
10 60 -1.6 -1.5 52 54 46.5008800007106 0.0004551362978517659
10 60 -1.6 -1.5 54 56 40.87594474713509 0.0004152767894467502
10 60 -1.6 -1.5 56 58 36.0627574599354 0.0003744905368421314
10 60 -1.6 -1.5 58 60 31.9259467888286 0.0003431154439113016
10 60 -1.6 -1.5 60 65 65.21716868335818 0.0006713055430651593
10 60 -1.6 -1.5 65 70 49.36365828365248 0.0005628514475191082
10 60 -1.6 -1.5 70 80 67.62143036553013 0.000891735201719257
10 60 -1.6 -1.5 80 90 42.18286495017612 0.0007051061336937892
10 60 -1.6 -1.5 90 100 27.51012993398454 0.0005562123284121867
10 60 -1.5 -1.4 0 0.5 -115138.6653827994 3.540912431577453
10 60 -1.5 -1.4 0.5 1 2575.177117562826 0.001573475053191942
10 60 -1.5 -1.4 1 1.5 10042.0937015251 0.1541919671308278
10 60 -1.5 -1.4 1.5 2 9254.940228233347 0.3783250374344789
10 60 -1.5 -1.4 2 2.5 7840.732611294968 0.2684475406558704
10 60 -1.5 -1.4 2.5 3 6591.921807730867 0.2116071555574308
10 60 -1.5 -1.4 3 3.5 5578.28029772087 0.1739388766454795
10 60 -1.5 -1.4 3.5 4 4764.21794143324 0.141250237242275
10 60 -1.5 -1.4 4 4.5 4105.948890303317 0.1115167274956548
10 60 -1.5 -1.4 4.5 5 3567.606657648224 0.08815960275160251
10 60 -1.5 -1.4 5 5.5 3122.0849294698 0.07140003498898295
10 60 -1.5 -1.4 5.5 6 2749.244600158848 0.05907830732621733
10 60 -1.5 -1.4 6 6.5 2434.087120323823 0.04892606060593607
10 60 -1.5 -1.4 6.5 7 2165.320831924138 0.04040395115180218
10 60 -1.5 -1.4 7 7.5 1934.330306441814 0.03619430521916911
10 60 -1.5 -1.4 7.5 8 1734.453650895492 0.03265786395786563
10 60 -1.5 -1.4 8 8.5 1560.467261307851 0.02923852452340725
10 60 -1.5 -1.4 8.5 9 1408.222434844576 0.02634586690123797
10 60 -1.5 -1.4 9 9.5 1274.381558738806 0.02391037112920458
10 60 -1.5 -1.4 9.5 10 1156.230223787893 0.02157315769181878
10 60 -1.5 -1.4 10 10.5 1051.539966574272 0.01959161418540134
10 60 -1.5 -1.4 10.5 11 958.4632054331422 0.01783025129759608
10 60 -1.5 -1.4 11 11.5 875.4558602721415 0.01623798064179027
10 60 -1.5 -1.4 11.5 12 801.2180603930452 0.03359605241928421
10 60 -1.5 -1.4 12 12.5 734.6485075011836 0.02539263881533316
10 60 -1.5 -1.4 12.5 13 674.808807859935 0.01889644296466031
10 60 -1.5 -1.4 13 13.5 620.8947114836483 0.01373235321591437
10 60 -1.5 -1.4 13.5 14 572.2141792919227 0.01029523153340506
10 60 -1.5 -1.4 14 14.5 528.1693677039722 0.009343965701759771
10 60 -1.5 -1.4 14.5 15 488.2415025703829 0.008630421470115834
10 60 -1.5 -1.4 15 16 870.9642927435175 0.01527852689287101
10 60 -1.5 -1.4 16 17 750.3861474395605 0.01284016422403056
10 60 -1.5 -1.4 17 18 649.7686348741548 0.02128639499028395
10 60 -1.5 -1.4 18 19 565.2970625063284 0.02693695652203587
10 60 -1.5 -1.4 19 20 493.980004071993 0.007654035886275778
10 60 -1.5 -1.4 20 21 433.4509250381013 0.006744260111474887
10 60 -1.5 -1.4 21 22 381.8219498748758 0.005717212041247421
10 60 -1.5 -1.4 22 23 337.5784089320085 0.004896776467944619
10 60 -1.5 -1.4 23 24 299.4965412643159 0.004285584651142926
10 60 -1.5 -1.4 24 25 266.5813118682534 0.003676782524564715
10 60 -1.5 -1.4 25 26 238.0193966503242 0.003223775659762396
10 60 -1.5 -1.4 26 27 213.1421555607206 0.002909876911559195
10 60 -1.5 -1.4 27 28 191.397019603834 0.00262560859633254
10 60 -1.5 -1.4 28 29 172.3252996835312 0.002375528693647766
10 60 -1.5 -1.4 29 30 155.5444648660846 0.00211302403184277
10 60 -1.5 -1.4 30 31 140.7341763417564 0.001868490005307422
10 60 -1.5 -1.4 31 32 127.6249604250583 0.001675824483569954
10 60 -1.5 -1.4 32 33 115.9891073591981 0.001511874027372073
10 60 -1.5 -1.4 33 34 105.6335353189968 0.001361616648566155
10 60 -1.5 -1.4 34 35 96.39393832769737 0.001223183310500531
10 60 -1.5 -1.4 35 36 88.13001178675577 0.001087852544245038
10 60 -1.5 -1.4 36 37 80.72153467289864 0.0009793752229967367
10 60 -1.5 -1.4 37 38 74.06512664151134 0.0008988120706732161
10 60 -1.5 -1.4 38 39 68.07161872845965 0.0008268341434956028
10 60 -1.5 -1.4 39 40 62.66388450783567 0.0007541702113726956
10 60 -1.5 -1.4 40 42 111.1219940672474 0.001253887974641543
10 60 -1.5 -1.4 42 44 95.00541464195018 0.0009854449642148211
10 60 -1.5 -1.4 44 46 81.6688384274413 0.0008779359104664763
10 60 -1.5 -1.4 46 48 70.56004829699503 0.000743798801110529
10 60 -1.5 -1.4 48 50 61.25026315950948 0.0006228598511910377
10 60 -1.5 -1.4 50 52 53.40363356242083 0.0005643193413433778
10 60 -1.5 -1.4 52 54 46.75483485644523 0.0004802499237044344
10 60 -1.5 -1.4 54 56 41.09287591401181 0.0003833780295323663
10 60 -1.5 -1.4 56 58 36.24872487715963 0.0003380974057165531
10 60 -1.5 -1.4 58 60 32.08592429495086 0.0003101705845338643
10 60 -1.5 -1.4 60 65 65.52840835090208 0.0006592320667095919
10 60 -1.5 -1.4 65 70 49.58212147531724 0.0004949836487142534
10 60 -1.5 -1.4 70 80 67.88951668512703 0.0007657103501799156
10 60 -1.5 -1.4 80 90 42.32563007512488 0.0005340124341444152
10 60 -1.5 -1.4 90 100 27.58995394847519 0.0004398314368607714
10 60 -1.4 -1.3 0 0.5 -116611.840452556 3.715356702916324
10 60 -1.4 -1.3 0.5 1 2441.944292960441 0.002711850825107831
10 60 -1.4 -1.3 1 1.5 10064.88151212366 0.4667403859020851
10 60 -1.4 -1.3 1.5 2 9300.941447465808 0.3556500434424379
10 60 -1.4 -1.3 2 2.5 7888.085759195921 0.2895716056473248
10 60 -1.4 -1.3 2.5 3 6635.679016027761 0.2285163276792446
10 60 -1.4 -1.3 3 3.5 5617.475478716676 0.1740647231799812
10 60 -1.4 -1.3 3.5 4 4798.990769269522 0.1350463596445479
10 60 -1.4 -1.3 4 4.5 4136.73942650425 0.109233373378629
10 60 -1.4 -1.3 4.5 5 3594.903087676575 0.09021143611835214
10 60 -1.4 -1.3 5 5.5 3146.335960149776 0.07448975583974971
10 60 -1.4 -1.3 5.5 6 2770.848308826648 0.0605303755719433
10 60 -1.4 -1.3 6 6.5 2453.386956839974 0.04903708537540297
10 60 -1.4 -1.3 6.5 7 2182.607472464251 0.04249650550173101
10 60 -1.4 -1.3 7 7.5 1949.852750908937 0.03812616797404189
10 60 -1.4 -1.3 7.5 8 1748.426082094099 0.03412585601495266
10 60 -1.4 -1.3 8 8.5 1573.074727537337 0.03095298707080474
10 60 -1.4 -1.3 8.5 9 1419.621820636737 0.02793900750998546
10 60 -1.4 -1.3 9 9.5 1284.708596751787 0.02523840103617658
10 60 -1.4 -1.3 9.5 10 1165.604047639976 0.02284682972845076
10 60 -1.4 -1.3 10 10.5 1060.064221769183 0.0207011575339493
10 60 -1.4 -1.3 10.5 11 966.228639320159 0.01880070097956832
10 60 -1.4 -1.3 11 11.5 882.5422030383564 0.01711060063701098
10 60 -1.4 -1.3 11.5 12 807.6953720869941 0.0339543713968169
10 60 -1.4 -1.3 12 12.5 740.5781736008514 0.02567475919579465
10 60 -1.4 -1.3 12.5 13 680.2449887610745 0.01908368755550782
10 60 -1.4 -1.3 13 13.5 625.8858706333803 0.01385219736926047
10 60 -1.4 -1.3 13.5 14 576.8035424107474 0.01097332088966141
10 60 -1.4 -1.3 14 14.5 532.3950832864736 0.01010909715569142
10 60 -1.4 -1.3 14.5 15 492.1372088295053 0.009278383137825585
10 60 -1.4 -1.3 15 16 877.8835452773499 0.01633001081529528
10 60 -1.4 -1.3 16 17 756.3096635843916 0.0139429144243195
10 60 -1.4 -1.3 17 18 654.8624671257951 0.02153532382430967
10 60 -1.4 -1.3 18 19 569.6966775524361 0.0271378337574788
10 60 -1.4 -1.3 19 20 497.7943983839509 0.008654867130246657
10 60 -1.4 -1.3 20 21 436.7688840981909 0.007327526863434741
10 60 -1.4 -1.3 21 22 384.7180916389214 0.006282944356541975
10 60 -1.4 -1.3 22 23 340.1148013893888 0.005428845252140491
10 60 -1.4 -1.3 23 24 301.7247533985239 0.004721934188978594
10 60 -1.4 -1.3 24 25 268.54453591634 0.004144199875042887
10 60 -1.4 -1.3 25 26 239.7538260100887 0.003573425441913969
10 60 -1.4 -1.3 26 27 214.6784914255626 0.003111985844611809
10 60 -1.4 -1.3 27 28 192.7614986853155 0.002768403528079943
10 60 -1.4 -1.3 28 29 173.5402837188763 0.002432752096666491
10 60 -1.4 -1.3 29 30 156.6291013451433 0.002158396873710444
10 60 -1.4 -1.3 30 31 141.7047809006145 0.001987061720797101
10 60 -1.4 -1.3 31 32 128.4953611824656 0.001801456670250445
10 60 -1.4 -1.3 32 33 116.7712091289166 0.001580765408064622
10 60 -1.4 -1.3 33 34 106.3377289043717 0.001416502237660211
10 60 -1.4 -1.3 34 35 97.02925344745918 0.001316425775954144
10 60 -1.4 -1.3 35 36 88.70420579376994 0.001200136714558653
10 60 -1.4 -1.3 36 37 81.24132524904017 0.001071584671834103
10 60 -1.4 -1.3 37 38 74.53639970603886 0.0009590125831664409
10 60 -1.4 -1.3 38 39 68.49957142340054 0.0008603318800339821
10 60 -1.4 -1.3 39 40 63.0531197945183 0.0007847030521617171
10 60 -1.4 -1.3 40 42 111.7999452657086 0.001383793377982556
10 60 -1.4 -1.3 42 44 95.5706391341823 0.001146359137379704
10 60 -1.4 -1.3 44 46 82.14194835943749 0.0009012630101921104
10 60 -1.4 -1.3 46 48 70.95785977964057 0.0007584862503478007
10 60 -1.4 -1.3 48 50 61.58628932499297 0.0006569514906047402
10 60 -1.4 -1.3 50 52 53.68861226599385 0.0005501599756456699
10 60 -1.4 -1.3 52 54 46.99750262045243 0.0004742742917329679
10 60 -1.4 -1.3 54 56 41.30024923474148 0.0004242652769832489
10 60 -1.4 -1.3 56 58 36.42638807162447 0.0003752517275259493
10 60 -1.4 -1.3 58 60 32.23847627863432 0.0003133723370254415
10 60 -1.4 -1.3 60 65 65.82388318429481 0.0006194804598322889
10 60 -1.4 -1.3 65 70 49.78844277116517 0.0004741562105436969
10 60 -1.4 -1.3 70 80 68.13928334190018 0.0006531765778703402
10 60 -1.4 -1.3 80 90 42.45528011592554 0.0004570770005472014
10 60 -1.4 -1.3 90 100 27.65921674789034 0.0003233559930002627
10 60 -1.3 -1.2 0 0.5 -117995.866632534 3.855350782818277
10 60 -1.3 -1.2 0.5 1 2316.498762344116 0.004996529125946836
10 60 -1.3 -1.2 1 1.5 10086.30279882919 0.1454624834350398
10 60 -1.3 -1.2 1.5 2 9344.238501269047 0.3783264683497691
10 60 -1.3 -1.2 2 2.5 7932.646159886403 0.2806206609757282
10 60 -1.3 -1.2 2.5 3 6676.843531067836 0.2135772491874377
10 60 -1.3 -1.2 3 3.5 5654.347483930306 0.1712088157537437
10 60 -1.3 -1.2 3.5 4 4831.704363341967 0.1413726550981664
10 60 -1.3 -1.2 4 4.5 4165.711305788916 0.1151917774532194
10 60 -1.3 -1.2 4.5 5 3620.587735496172 0.09217771630028437
10 60 -1.3 -1.2 5 5.5 3169.155449649024 0.07373289174847741
10 60 -1.3 -1.2 5.5 6 2791.1790027254 0.05968265821820751
10 60 -1.3 -1.2 6 6.5 2471.54947977589 0.04958064743550494
10 60 -1.3 -1.2 6.5 7 2198.874991464479 0.04433259265442757
10 60 -1.3 -1.2 7 7.5 1964.461378235035 0.03980259819763887
10 60 -1.3 -1.2 7.5 8 1761.577923272383 0.03587165776139045
10 60 -1.3 -1.2 8 8.5 1584.940914959309 0.03230327124765608
10 60 -1.3 -1.2 8.5 9 1430.351074904451 0.02922168600412078
10 60 -1.3 -1.2 9 9.5 1294.430174384703 0.02650569351317245
10 60 -1.3 -1.2 9.5 10 1174.429842897655 0.02398808543671294
10 60 -1.3 -1.2 10 10.5 1068.09173027975 0.02176230438976745
10 60 -1.3 -1.2 10.5 11 973.5428517935626 0.01989443616616882
10 60 -1.3 -1.2 11 11.5 889.2171074593131 0.01808005806105939
10 60 -1.3 -1.2 11.5 12 813.7963552213012 0.03425498451497333
10 60 -1.3 -1.2 12 12.5 746.1638223291727 0.02589075632272397
10 60 -1.3 -1.2 12.5 13 685.3671349866459 0.01926866093219815
10 60 -1.3 -1.2 13 13.5 630.5898702469071 0.01399517793220184
10 60 -1.3 -1.2 13.5 14 581.1295200467698 0.01156658397928823
10 60 -1.3 -1.2 14 14.5 536.3788740862827 0.01070663646225967
10 60 -1.3 -1.2 14.5 15 495.8106932464898 0.009890282967432995
10 60 -1.3 -1.2 15 16 884.4101720173759 0.01730374007490809
10 60 -1.3 -1.2 16 17 761.9001278061605 0.01480536803501309
10 60 -1.3 -1.2 17 18 659.6734164804736 0.02167332909732522
10 60 -1.3 -1.2 18 19 573.8541361714636 0.02739384627193431
10 60 -1.3 -1.2 19 20 501.4017020613195 0.00937622690076978
10 60 -1.3 -1.2 20 21 439.9104773978633 0.008031216411040987
10 60 -1.3 -1.2 21 22 387.4632292989236 0.006983670898250693
10 60 -1.3 -1.2 22 23 342.520720730146 0.006006447422350902
10 60 -1.3 -1.2 23 24 303.839545941991 0.005112265193758958
10 60 -1.3 -1.2 24 25 270.4090039445092 0.004539341643123862
10 60 -1.3 -1.2 25 26 241.4021872283606 0.003976942216695534
10 60 -1.3 -1.2 26 27 216.139507497353 0.003452519399814946
10 60 -1.3 -1.2 27 28 194.0596101902646 0.00303920456909168
10 60 -1.3 -1.2 28 29 174.6963836630425 0.00265782427388217
10 60 -1.3 -1.2 29 30 157.6610876414339 0.00233262834802872
10 60 -1.3 -1.2 30 31 142.6280296370669 0.00207548610211461
10 60 -1.3 -1.2 31 32 129.3231739486401 0.001841758967373153
10 60 -1.3 -1.2 32 33 117.5150821252161 0.001660132676605031
10 60 -1.3 -1.2 33 34 107.0074861786674 0.001523726786658131
10 60 -1.3 -1.2 34 35 97.63332860511382 0.001362107707805649
10 60 -1.3 -1.2 35 36 89.25004275953199 0.001211346137793612
10 60 -1.3 -1.2 36 37 81.73546827653138 0.001105183591448622
10 60 -1.3 -1.2 37 38 74.98455527739839 0.001037869976613592
10 60 -1.3 -1.2 38 39 68.90665682567379 0.0009485597083340735
10 60 -1.3 -1.2 39 40 63.42341483346824 0.0008404348315806942
10 60 -1.3 -1.2 40 42 112.4449219520639 0.001459142048219064
10 60 -1.3 -1.2 42 44 96.108669881854 0.001232814247856595
10 60 -1.3 -1.2 44 46 82.59295341629529 0.00102502321864506
10 60 -1.3 -1.2 46 48 71.33735164156457 0.0008461447831820124
10 60 -1.3 -1.2 48 50 61.90670452347195 0.0006678504683677033
10 60 -1.3 -1.2 50 52 53.96022107621597 0.0005721854589211262
10 60 -1.3 -1.2 52 54 47.22860414132686 0.0005259590633457378
10 60 -1.3 -1.2 54 56 41.49749108812215 0.0004367563535510044
10 60 -1.3 -1.2 56 58 36.59525706771347 0.0003700968875932631
10 60 -1.3 -1.2 58 60 32.38348242320434 0.0003400697571365185
10 60 -1.3 -1.2 60 65 66.10431246327208 0.0006474911348561818
10 60 -1.3 -1.2 65 70 49.98323190692284 0.0004695159354852763
10 60 -1.3 -1.2 70 80 68.37318092161756 0.0006047254129271096
10 60 -1.3 -1.2 80 90 42.57398457039725 0.0003676963839112091
10 60 -1.3 -1.2 90 100 27.72049081656566 0.0002734188782191893
10 60 -1.2 -1.1 0 0.5 -119287.2080758461 4.051080026198179
10 60 -1.2 -1.1 0.5 1 2199.389432779837 0.007435388457452063
10 60 -1.2 -1.1 1 1.5 10106.28072015055 0.4686998649340239
10 60 -1.2 -1.1 1.5 2 9384.660144820711 0.3748761465230928
10 60 -1.2 -1.1 2 2.5 7974.273786695599 0.2906588004507284
10 60 -1.2 -1.1 2.5 3 6715.313253696704 0.2252993831689309
10 60 -1.2 -1.1 3 3.5 5688.805679846617 0.1790882806426453
10 60 -1.2 -1.1 3.5 4 4862.272841945403 0.1419017077851095
10 60 -1.2 -1.1 4 4.5 4192.783261304166 0.1121431018455041
10 60 -1.2 -1.1 4.5 5 3644.585890163125 0.09042723450829726
10 60 -1.2 -1.1 5 5.5 3190.480035830537 0.07417829510859519
10 60 -1.2 -1.1 5.5 6 2810.179478853303 0.06124004027878982
10 60 -1.2 -1.1 6 6.5 2488.522106537652 0.05154868012823499
10 60 -1.2 -1.1 6.5 7 2214.078067015329 0.04612300946246251
10 60 -1.2 -1.1 7 7.5 1978.115447499338 0.04135847921043023
10 60 -1.2 -1.1 7.5 8 1773.869814631663 0.03728623057600089
10 60 -1.2 -1.1 8 8.5 1596.031410196958 0.03369256570613288
10 60 -1.2 -1.1 8.5 9 1440.379158362645 0.03040539092830841
10 60 -1.2 -1.1 9 9.5 1303.516808585904 0.0274515906171473
10 60 -1.2 -1.1 9.5 10 1182.680195102684 0.02502736733640631
10 60 -1.2 -1.1 10 10.5 1075.596415123499 0.02281359940366201
10 60 -1.2 -1.1 10.5 11 980.3809048502965 0.0206917158008082
10 60 -1.2 -1.1 11 11.5 895.4586244879976 0.01890513198600274
10 60 -1.2 -1.1 11.5 12 819.5029134270401 0.03457380425368228
10 60 -1.2 -1.1 12 12.5 751.3891549715119 0.02612917494252542
10 60 -1.2 -1.1 12.5 13 690.1588907037461 0.01942594560591715
10 60 -1.2 -1.1 13 13.5 634.9906450660102 0.01412456812749951
10 60 -1.2 -1.1 13.5 14 585.1769314706927 0.01215769288944557
10 60 -1.2 -1.1 14 14.5 540.1063793480963 0.01115463533608363
10 60 -1.2 -1.1 14.5 15 499.248312204545 0.01026432918570208
10 60 -1.2 -1.1 15 16 890.5203457424636 0.01830263282431588
10 60 -1.2 -1.1 16 17 767.1364352845324 0.01555705292878429
10 60 -1.2 -1.1 17 18 664.1813667956586 0.02183033936591983
10 60 -1.2 -1.1 18 19 577.7516024509761 0.02759459436958878
10 60 -1.2 -1.1 19 20 504.7849773511786 0.009934828627308434
10 60 -1.2 -1.1 20 21 442.8588372826733 0.008661993001624069
10 60 -1.2 -1.1 21 22 390.0415995439107 0.007490780802527297
10 60 -1.2 -1.1 22 23 344.7829432996401 0.006565320159836574
10 60 -1.2 -1.1 23 24 305.8301766141742 0.005714561520960615
10 60 -1.2 -1.1 24 25 272.1651283825674 0.004912881601853769
10 60 -1.2 -1.1 25 26 242.95561258258 0.004246110697522454
10 60 -1.2 -1.1 26 27 217.517424864343 0.003746686987881276
10 60 -1.2 -1.1 27 28 195.284964684326 0.003328969352992317
10 60 -1.2 -1.1 28 29 175.7885983386579 0.002945339825004112
10 60 -1.2 -1.1 29 30 158.6367047654208 0.002596398463424521
10 60 -1.2 -1.1 30 31 143.5012668200321 0.002282171296656088
10 60 -1.2 -1.1 31 32 130.1063321164463 0.002011810254799684
10 60 -1.2 -1.1 32 33 118.2188077783347 0.001798212611831218
10 60 -1.2 -1.1 33 34 107.6410132787562 0.001603558289204443
10 60 -1.2 -1.1 34 35 98.20475465620032 0.001415347151677793
10 60 -1.2 -1.1 35 36 89.76641064468204 0.001270601717720865
10 60 -1.2 -1.1 36 37 82.20287423350638 0.00116299082264959
10 60 -1.2 -1.1 37 38 75.40829646323159 0.001057800684250765
10 60 -1.2 -1.1 38 39 69.29143348313571 0.0009549058320033055
10 60 -1.2 -1.1 39 40 63.77339025332842 0.0008688946085726457
10 60 -1.2 -1.1 40 42 113.0545957011093 0.00157037975760943
10 60 -1.2 -1.1 42 44 96.61733177474294 0.001294137557295016
10 60 -1.2 -1.1 44 46 83.01948422054939 0.00107769135733804
10 60 -1.2 -1.1 46 48 71.69668030861168 0.0009337669588802555
10 60 -1.2 -1.1 48 50 62.21056674782616 0.0008063036135084189
10 60 -1.2 -1.1 50 52 54.2178315007753 0.0006581296266432446
10 60 -1.2 -1.1 52 54 47.44753677498361 0.0005264453462672236
10 60 -1.2 -1.1 54 56 41.68417396736935 0.0004425605026057156
10 60 -1.2 -1.1 56 58 36.75496818760583 0.0004031303084204296
10 60 -1.2 -1.1 58 60 32.52047801735372 0.0003534827043054634
10 60 -1.2 -1.1 60 65 66.36913483526105 0.0006801671541296628
10 60 -1.2 -1.1 65 70 50.1669104009276 0.000472340367672075
10 60 -1.2 -1.1 70 80 68.5923288236726 0.000581929878109122
10 60 -1.2 -1.1 80 90 42.68364337695449 0.0003481795889186401
10 60 -1.2 -1.1 90 100 27.77534553793398 0.0002163019236682828
10 60 -1.1 -1 0 0.5 -120481.4813891466 4.187685480952496
10 60 -1.1 -1 0.5 1 2090.947611207044 0.004233946120166365
10 60 -1.1 -1 1 1.5 10124.82188241496 0.1530984502060164
10 60 -1.1 -1 1.5 2 9422.119942188812 0.3760327009858884
10 60 -1.1 -1 2 2.5 8012.84568497163 0.2799503320029544
10 60 -1.1 -1 2.5 3 6750.957310434961 0.2246556948630314
10 60 -1.1 -1 3 3.5 5720.741654532663 0.1795936238149807
10 60 -1.1 -1 3.5 4 4890.613218167173 0.141836129121657
10 60 -1.1 -1 4 4.5 4217.882025158575 0.1135875633144678
10 60 -1.1 -1 4.5 5 3666.834779554478 0.09259511898380879
10 60 -1.1 -1 5 5.5 3210.251339721583 0.07534670168797675
10 60 -1.1 -1 5.5 6 2827.792917595675 0.06133037878817049
10 60 -1.1 -1 6 6.5 2504.257593117762 0.05342650975217111
10 60 -1.1 -1 6.5 7 2228.174934023741 0.04777569279804084
10 60 -1.1 -1 7 7.5 1990.776108587858 0.04304803202421681
10 60 -1.1 -1 7.5 8 1785.266620447784 0.0387183964153337
10 60 -1.1 -1 8 8.5 1606.314114722213 0.0347062829969218
10 60 -1.1 -1 8.5 9 1449.678250596068 0.03145213213633724
10 60 -1.1 -1 9 9.5 1311.943683181402 0.02861978818259558
10 60 -1.1 -1 9.5 10 1190.330563563397 0.025864527283602
10 60 -1.1 -1 10 10.5 1082.554856494377 0.02355421413426484
10 60 -1.1 -1 10.5 11 986.7217917181943 0.02145467199602535
10 60 -1.1 -1 11 11.5 901.2469727834417 0.01949824375503795
10 60 -1.1 -1 11.5 12 824.7959774720296 0.03484667857435397
10 60 -1.1 -1 12 12.5 756.237061218851 0.02636688935956499
10 60 -1.1 -1 12.5 13 694.6054020478554 0.01960896190269068
10 60 -1.1 -1 13 13.5 639.0745704412726 0.01422297516114668
10 60 -1.1 -1 13.5 14 588.9332126388939 0.01265340310033025
10 60 -1.1 -1 14 14.5 543.5660650806506 0.01155920708094982
10 60 -1.1 -1 14.5 15 502.4392640612044 0.01060968265068141
10 60 -1.1 -1 15 16 896.1926435262624 0.01907766571616776
10 60 -1.1 -1 16 17 771.9984378765847 0.01635892130559569
10 60 -1.1 -1 17 18 668.3679916094727 0.02198898445556097
10 60 -1.1 -1 18 19 581.3726260681906 0.02779165955882945
10 60 -1.1 -1 19 20 507.9296360957335 0.01048212686566785
10 60 -1.1 -1 20 21 445.6001280375897 0.009170656487015094
10 60 -1.1 -1 21 22 392.4398241654911 0.00791613322928697
10 60 -1.1 -1 22 23 346.8882853984334 0.006962468633730623
10 60 -1.1 -1 23 24 307.6844200546749 0.006079414169846586
10 60 -1.1 -1 24 25 273.8031637336817 0.005321525222711898
10 60 -1.1 -1 25 26 244.4064243188807 0.004727134033458924
10 60 -1.1 -1 26 27 218.8052425253308 0.004111693163594055
10 60 -1.1 -1 27 28 196.4306715274262 0.003536425699621759
10 60 -1.1 -1 28 29 176.8103999456396 0.003129839951924396
10 60 -1.1 -1 29 30 159.5502008791537 0.002823402370523809
10 60 -1.1 -1 30 31 144.3196564802298 0.002514912217407073
10 60 -1.1 -1 31 32 130.840930478364 0.002227272926035084
10 60 -1.1 -1 32 33 118.8793888094425 0.00195244743792955
10 60 -1.1 -1 33 34 108.2361383735504 0.001737299426338268
10 60 -1.1 -1 34 35 98.74184497770972 0.001573889387600502
10 60 -1.1 -1 35 36 90.25187354754996 0.001422070107338413
10 60 -1.1 -1 36 37 82.64230805152556 0.00126040802189209
10 60 -1.1 -1 37 38 75.8066673990426 0.0011055234761983
10 60 -1.1 -1 38 39 69.65315116665822 0.0009984784646235312
10 60 -1.1 -1 39 40 64.10231493080587 0.0009146409922209386
10 60 -1.1 -1 40 42 113.6272102551243 0.001564753725887158
10 60 -1.1 -1 42 44 97.09486315181756 0.001343454466919525
10 60 -1.1 -1 44 46 83.41983206703021 0.00119161698395942
10 60 -1.1 -1 46 48 72.03373640767346 0.0009833823166900402
10 60 -1.1 -1 48 50 62.49551609001428 0.00083623838746405
10 60 -1.1 -1 50 52 54.45970101932354 0.0007097037617214141
10 60 -1.1 -1 52 54 47.65351444511206 0.0006276173381252192
10 60 -1.1 -1 54 56 41.85992491013256 0.0005318378659637801
10 60 -1.1 -1 56 58 36.90515149841588 0.0004158299177206004
10 60 -1.1 -1 58 60 32.64913518818483 0.0003381080554731852
10 60 -1.1 -1 60 65 66.61752323342596 0.0006994738233174758
10 60 -1.1 -1 65 70 50.33923310239643 0.00052737886296228
10 60 -1.1 -1 70 80 68.79732636489054 0.000587669558512971
10 60 -1.1 -1 80 90 42.78511531595199 0.0003157177931214505
10 60 -1.1 -1 90 100 27.82488177440563 0.0001876719073230504
10 60 -1 -0.95 0 0.5 -60657.3127089627 0.7631526209952426
10 60 -1 -0.95 0.5 1 1007.581791195948 0.04965476371239674
10 60 -1 -0.95 1 1.5 5068.898910005877 0.231705732512637
10 60 -1 -0.95 1.5 2 4724.160624515248 0.1940081080392702
10 60 -1 -0.95 2 2.5 4019.908666937881 0.1494877070585972
10 60 -1 -0.95 2.5 3 3387.939226388125 0.1095998114128633
10 60 -1 -0.95 3 3.5 2871.532849826877 0.08694002626043584
10 60 -1 -0.95 3.5 4 2455.212616239754 0.07132050070140394
10 60 -1 -0.95 4 4.5 2117.714429578456 0.05826881651455551
10 60 -1 -0.95 4.5 5 1841.197214838219 0.04678712082500169
10 60 -1 -0.95 5 5.5 1612.03885928731 0.03766371758615605
10 60 -1 -0.95 5.5 6 1420.055185493245 0.03085082889219848
10 60 -1 -0.95 6 6.5 1257.630946298839 0.02529449761891556
10 60 -1 -0.95 6.5 7 1119.017018605903 0.0207909674061284
10 60 -1 -0.95 7 7.5 999.8149370942199 0.01722876713222377
10 60 -1 -0.95 7.5 8 896.618330928657 0.01433434269927147
10 60 -1 -0.95 8 8.5 806.7533309041595 0.01194372294878576
10 60 -1 -0.95 8.5 9 728.0913375151017 0.01003556308012321
10 60 -1 -0.95 9 9.5 658.9186070155126 0.008554276296536045
10 60 -1 -0.95 9.5 10 597.8407679510824 0.007328480121259418
10 60 -1 -0.95 10 10.5 543.7110166310316 0.006248247327789613
10 60 -1 -0.95 10.5 11 495.5786146672045 0.005336997109964159
10 60 -1 -0.95 11 11.5 452.6481578976598 0.004603502801501236
10 60 -1 -0.95 11.5 12 414.2491966953324 0.01752625268358088
10 60 -1 -0.95 12 12.5 379.8137829490859 0.01324250438528907
10 60 -1 -0.95 12.5 13 348.8577620461715 0.009856013764760974
10 60 -1 -0.95 13 13.5 320.9659551104168 0.007156694651826001
10 60 -1 -0.95 13.5 14 295.7810305864153 0.005020564412689055
10 60 -1 -0.95 14 14.5 272.99403038253 0.00334304468526625
10 60 -1 -0.95 14.5 15 252.3366575726918 0.002021958697525861
10 60 -1 -0.95 15 16 450.0813541269269 0.004516065886264187
10 60 -1 -0.95 16 17 387.7003780186586 0.005417930341195643
10 60 -1 -0.95 17 18 335.6491349591998 0.01106500104287989
10 60 -1 -0.95 18 19 291.9538391195088 0.01395736487990007
10 60 -1 -0.95 19 20 255.0657864348034 0.001501267594022693
10 60 -1 -0.95 20 21 223.7599921982657 0.001269012053711549
10 60 -1 -0.95 21 22 197.0600589579464 0.001078143095156747
10 60 -1 -0.95 22 23 174.1819469752332 0.0009212397987710119
10 60 -1 -0.95 23 24 154.492291039206 0.0007942915221406111
10 60 -1 -0.95 24 25 137.4761571761296 0.0007034973109796283
10 60 -1 -0.95 25 26 122.7124468401714 0.0006137822415439587
10 60 -1 -0.95 26 27 109.8551884769295 0.0005413187003568964
10 60 -1 -0.95 27 28 98.6184940741777 0.0004831908048572586
10 60 -1 -0.95 28 29 88.76496949706257 0.000418619146202559
10 60 -1 -0.95 29 30 80.09677387474885 0.0003648105357854092
10 60 -1 -0.95 30 31 72.44813830194668 0.0003219497359765455
10 60 -1 -0.95 31 32 65.67948621495943 0.0002965220070194619
10 60 -1 -0.95 32 33 59.67284458080203 0.0002648430432259374
10 60 -1 -0.95 33 34 54.3282644272681 0.000236337353818783
10 60 -1 -0.95 34 35 49.56070962638523 0.0002108575302770532
10 60 -1 -0.95 35 36 45.29756379919692 0.0001872323581650903
10 60 -1 -0.95 36 37 41.47661732500554 0.0001696074176606999
10 60 -1 -0.95 37 38 38.044382724147 0.0001540450631196677
10 60 -1 -0.95 38 39 34.9547196116139 0.0001401561648251004
10 60 -1 -0.95 39 40 32.16772063446331 0.0001279522974186875
10 60 -1 -0.95 40 42 57.01656447567329 0.0002241129805753417
10 60 -1 -0.95 42 44 48.71643837406631 0.0001888538718048949
10 60 -1 -0.95 44 46 41.85129305765594 0.0001602311292714376
10 60 -1 -0.95 46 48 36.13589127264706 0.0001367060007737564
10 60 -1 -0.95 48 50 31.34840634493782 0.0001175064374479007
10 60 -1 -0.95 50 52 27.31522997394475 0.000101568256802409
10 60 -1 -0.95 52 54 23.89941409242465 8.821070830222766e-05
10 60 -1 -0.95 54 56 20.99202912548183 7.69824195536728e-05
10 60 -1 -0.95 56 58 18.50576267376476 6.749102347924918e-05
10 60 -1 -0.95 58 60 16.37019363025803 5.941144734578074e-05
10 60 -1 -0.95 60 65 33.39669320585651 0.0001204375168200045
10 60 -1 -0.95 65 70 25.23040117046767 9.037678927015236e-05
10 60 -1 -0.95 70 80 34.47111238988378 0.000122848736737069
10 60 -1 -0.95 80 90 21.42816485709002 7.626303501240272e-05
10 60 -1 -0.95 90 100 13.92958846168955 4.973112736550434e-05
10 60 -0.95 -0.9 0 0.5 -60918.16815582819 0.8426716070171096
10 60 -0.95 -0.9 0.5 1 983.8899190561282 0.003335227993488843
10 60 -0.95 -0.9 1 1.5 5072.960369914545 0.08420098393617081
10 60 -0.95 -0.9 1.5 2 4732.372130505247 0.1785448340178846
10 60 -0.95 -0.9 2 2.5 4028.364442342036 0.1490297201125941
10 60 -0.95 -0.9 2.5 3 3395.753099945465 0.1169349185533974
10 60 -0.95 -0.9 3 3.5 2878.531331380149 0.08842317426115187
10 60 -0.95 -0.9 3.5 4 2461.423506424884 0.06997989404953842
10 60 -0.95 -0.9 4 4.5 2123.21435094148 0.05683656943028836
10 60 -0.95 -0.9 4.5 5 1846.074813520661 0.04671391263491387
10 60 -0.95 -0.9 5 5.5 1616.373536627461 0.03809674518424799
10 60 -0.95 -0.9 5.5 6 1423.916895765097 0.03088620613834792
10 60 -0.95 -0.9 6 6.5 1261.081742539706 0.02537074765405123
10 60 -0.95 -0.9 6.5 7 1122.108122283845 0.02095067499021752
10 60 -0.95 -0.9 7 7.5 1002.590560042849 0.0172572541550835
10 60 -0.95 -0.9 7.5 8 899.1176039024745 0.01432684523649641
10 60 -0.95 -0.9 8 8.5 809.0088480800794 0.01203830445354015
10 60 -0.95 -0.9 8.5 9 730.1308592263637 0.01015353198874891
10 60 -0.95 -0.9 9 9.5 660.7667743073564 0.008545206236362901
10 60 -0.95 -0.9 9.5 10 599.5185415223125 0.007246269888469214
10 60 -0.95 -0.9 10 10.5 545.2373674826729 0.006224037636684443
10 60 -0.95 -0.9 10.5 11 496.9698405784363 0.005400639384902206
10 60 -0.95 -0.9 11 11.5 453.9180091624253 0.004686449535427073
10 60 -0.95 -0.9 11.5 12 415.4102052591503 0.01757895924805553
10 60 -0.95 -0.9 12 12.5 380.8770647103753 0.01329572696948844
10 60 -0.95 -0.9 12.5 13 349.8329846535378 0.009879664019251777
10 60 -0.95 -0.9 13 13.5 321.8619115534933 0.007173713602810494
10 60 -0.95 -0.9 13.5 14 296.6054754007363 0.005045516004429373
10 60 -0.95 -0.9 14 14.5 273.7536085809808 0.003359529240469783
10 60 -0.95 -0.9 14.5 15 253.0373226075028 0.002028292083537053
10 60 -0.95 -0.9 15 16 451.3269592337095 0.004575983967754382
10 60 -0.95 -0.9 16 17 388.7676794121012 0.005469691434370816
10 60 -0.95 -0.9 17 18 336.5682738184623 0.01108475887139093
10 60 -0.95 -0.9 18 19 292.7488947103922 0.01401400916000739
10 60 -0.95 -0.9 19 20 255.7564766258261 0.001505409242867017
10 60 -0.95 -0.9 20 21 224.362433934721 0.001270594624259047
10 60 -0.95 -0.9 21 22 197.58735673648 0.001078698432365854
10 60 -0.95 -0.9 22 23 174.6452139438147 0.0009226554848567048
10 60 -0.95 -0.9 23 24 154.9005846324708 0.0008162774822153551
10 60 -0.95 -0.9 24 25 137.8369967215306 0.0007093828926088008
10 60 -0.95 -0.9 25 26 123.0323811064503 0.0006293752713162348
10 60 -0.95 -0.9 26 27 110.1396724261604 0.0005576553197954581
10 60 -0.95 -0.9 27 28 98.87209798428731 0.000497930147076886
10 60 -0.95 -0.9 28 29 88.99158423276806 0.0004418188369470499
10 60 -0.95 -0.9 29 30 80.29960590516637 0.0003817154222218733
10 60 -0.95 -0.9 30 31 72.62997973446519 0.0003339764912908549
10 60 -0.95 -0.9 31 32 65.84284231491677 0.000300701178062468
10 60 -0.95 -0.9 32 33 59.81992826523514 0.00027597309821914
10 60 -0.95 -0.9 33 34 54.46092973214797 0.0002470960693088387
10 60 -0.95 -0.9 34 35 49.68056689682676 0.0002166821785323236
10 60 -0.95 -0.9 35 36 45.40604902630259 0.0001920415954899113
10 60 -0.95 -0.9 36 37 41.57497902484984 0.000173634623415353
10 60 -0.95 -0.9 37 38 38.13369075340685 0.0001599863646433164
10 60 -0.95 -0.9 38 39 35.03589588519504 0.0001477360936661398
10 60 -0.95 -0.9 39 40 32.2415637881175 0.000132320089576865
10 60 -0.95 -0.9 40 42 57.14507624797732 0.0002242452235563519
10 60 -0.95 -0.9 42 44 48.82359046986011 0.000188911435351713
10 60 -0.95 -0.9 44 46 41.94101899971332 0.0001602759427612455
10 60 -0.95 -0.9 46 48 36.21118800984638 0.0001368043930156659
10 60 -0.95 -0.9 48 50 31.41195828143221 0.0001174985594865063
10 60 -0.95 -0.9 50 52 27.36914853704957 0.0001015303839224657
10 60 -0.95 -0.9 52 54 23.94533767877024 8.818481447647741e-05
10 60 -0.95 -0.9 54 56 21.03124175557005 7.696824975411687e-05
10 60 -0.95 -0.9 56 58 18.53934757418224 6.746927860490359e-05
10 60 -0.95 -0.9 58 60 16.39907738761329 5.939164375945438e-05
10 60 -0.95 -0.9 60 65 33.45240973204469 0.0001203477734037506
10 60 -0.95 -0.9 65 70 25.26894877359632 9.029746645694559e-05
10 60 -0.95 -0.9 70 80 34.51685884030691 0.0001227006371706807
10 60 -0.95 -0.9 80 90 21.45060716679259 7.61513963034588e-05
10 60 -0.95 -0.9 90 100 13.9403612431767 4.963507004163148e-05
10 60 -0.9 -0.85 0 0.5 -61166.26712180711 0.9192227194580482
10 60 -0.9 -0.85 0.5 1 961.4211548716114 0.003919410060007067
10 60 -0.9 -0.85 1 1.5 5076.837772690186 0.08674076830084232
10 60 -0.9 -0.85 1.5 2 4740.181517160338 0.1925838957195083
10 60 -0.9 -0.85 2 2.5 4036.411120839963 0.1388539270233196
10 60 -0.9 -0.85 2.5 3 3403.189163562705 0.1151716415474766
10 60 -0.9 -0.85 3 3.5 2885.193011866987 0.09290880155776904
10 60 -0.9 -0.85 3.5 4 2467.33420770499 0.07202728401580316
10 60 -0.9 -0.85 4 4.5 2128.448694358786 0.05713864085100795
10 60 -0.9 -0.85 4.5 5 1850.716379904558 0.04624099058264619
10 60 -0.9 -0.85 5 5.5 1620.497994049268 0.03788226045958254
10 60 -0.9 -0.85 5.5 6 1427.592080632463 0.0311021350989904
10 60 -0.9 -0.85 6 6.5 1264.366238690509 0.02534100280945495
10 60 -0.9 -0.85 6.5 7 1125.049859381544 0.02085054759822924
10 60 -0.9 -0.85 7 7.5 1005.232571758398 0.01739169709253474
10 60 -0.9 -0.85 7.5 8 901.4966092051218 0.01447702603343259
10 60 -0.9 -0.85 8 8.5 811.1555544817544 0.01203942529741653
10 60 -0.9 -0.85 8.5 9 732.0723320847034 0.01010527830794672
10 60 -0.9 -0.85 9 9.5 662.525834109579 0.008589186756466916
10 60 -0.9 -0.85 9.5 10 601.115709750904 0.007338943465128978
10 60 -0.9 -0.85 10 10.5 546.6905344966171 0.006269290569775876
10 60 -0.9 -0.85 10.5 11 498.2940206347345 0.005357830744003422
10 60 -0.9 -0.85 11 11.5 455.1267497617107 0.004625956964048328
10 60 -0.9 -0.85 11.5 12 416.515409607397 0.01764319957192129
10 60 -0.9 -0.85 12 12.5 381.8891516306221 0.01332908793051502
10 60 -0.9 -0.85 12.5 13 350.7613969281643 0.009912009396032317
10 60 -0.9 -0.85 13 13.5 322.7148408023189 0.007206673152325038
10 60 -0.9 -0.85 13.5 14 297.3900333347443 0.00506023834844882
10 60 -0.9 -0.85 14 14.5 274.4762947345536 0.003362044835000688
10 60 -0.9 -0.85 14.5 15 253.704046990161 0.002035839290186914
10 60 -0.9 -0.85 15 16 452.5125562688403 0.004602457625082934
10 60 -0.9 -0.85 16 17 389.7841517822777 0.00544546692105996
10 60 -0.9 -0.85 17 18 337.443243828374 0.01115025677438553
10 60 -0.9 -0.85 18 19 293.505677536572 0.0140559893795853
10 60 -0.9 -0.85 19 20 256.4139040524326 0.001508919542004605
10 60 -0.9 -0.85 20 21 224.9358789783467 0.00127093735636663
10 60 -0.9 -0.85 21 22 198.0895435627166 0.001080569399420028
10 60 -0.9 -0.85 22 23 175.0863553945896 0.0009421989425391075
10 60 -0.9 -0.85 23 24 155.2893531839339 0.0008260041787764294
10 60 -0.9 -0.85 24 25 138.1807623535179 0.0007281959003933025
10 60 -0.9 -0.85 25 26 123.3372326873 0.0006423054764468361
10 60 -0.9 -0.85 26 27 110.4107566040961 0.0005744276499086709
10 60 -0.9 -0.85 27 28 99.11377671319845 0.0005050752438506834
10 60 -0.9 -0.85 28 29 89.20763690249031 0.0004491597585314366
10 60 -0.9 -0.85 29 30 80.49325333710347 0.0004065883156272321
10 60 -0.9 -0.85 30 31 72.80377651527871 0.000359653534218296
10 60 -0.9 -0.85 31 32 65.99895948747853 0.0003101073995708248
10 60 -0.9 -0.85 32 33 59.96042184341015 0.0002744755224668438
10 60 -0.9 -0.85 33 34 54.58769726551391 0.0002486769956107082
10 60 -0.9 -0.85 34 35 49.79521399140872 0.0002247787432310133
10 60 -0.9 -0.85 35 36 45.50990093352058 0.0002062824161583876
10 60 -0.9 -0.85 36 37 41.66915225031722 0.0001878853974943695
10 60 -0.9 -0.85 37 38 38.21916407973491 0.0001697039447350335
10 60 -0.9 -0.85 38 39 35.11355908463487 0.0001494113621731685
10 60 -0.9 -0.85 39 40 32.31224961960996 0.0001343384395298131
10 60 -0.9 -0.85 40 42 57.26832863896873 0.0002323450513017633
10 60 -0.9 -0.85 42 44 48.92640072982038 0.0001888468336801452
10 60 -0.9 -0.85 44 46 42.02713565103276 0.0001629838021344199
10 60 -0.9 -0.85 46 48 36.28350634587458 0.0001368787141231564
10 60 -0.9 -0.85 48 50 31.47286149421613 0.0001175062011853356
10 60 -0.9 -0.85 50 52 27.42077483968331 0.0001014891865196432
10 60 -0.9 -0.85 52 54 23.98928394419879 8.815658018690442e-05
10 60 -0.9 -0.85 54 56 21.06878617529956 7.694908414634938e-05
10 60 -0.9 -0.85 56 58 18.57150872896499 6.745210742664653e-05
10 60 -0.9 -0.85 58 60 16.42664649016585 5.936559171715317e-05
10 60 -0.9 -0.85 60 65 33.50586265831233 0.0001202839775942266
10 60 -0.9 -0.85 65 70 25.30591627539881 9.02173384709215e-05
10 60 -0.9 -0.85 70 80 34.5606536906368 0.0001225803787150426
10 60 -0.9 -0.85 80 90 21.47207904960612 7.604048825626819e-05
10 60 -0.9 -0.85 90 100 13.95059387471666 4.95402539577583e-05
10 60 -0.85 -0.8 0 0.5 -61401.43474401862 0.9889665601076558
10 60 -0.85 -0.8 0.5 1 940.1947411016739 0.005227156143632783
10 60 -0.85 -0.8 1 1.5 5080.538091579365 0.2327238473644684
10 60 -0.85 -0.8 1.5 2 4747.595193628371 0.2005725363615056
10 60 -0.85 -0.8 2 2.5 4044.038571999736 0.146720335023474
10 60 -0.85 -0.8 2.5 3 3410.241615043476 0.1095002564111383
10 60 -0.85 -0.8 3 3.5 2891.511213477907 0.08964971481600514
10 60 -0.85 -0.8 3.5 4 2472.941007086313 0.0737366697521793
10 60 -0.85 -0.8 4 4.5 2133.414657514179 0.05857858448689512
10 60 -0.85 -0.8 4.5 5 1855.11930180151 0.04675331865678345
10 60 -0.85 -0.8 5 5.5 1624.409870467485 0.03779816321252838
10 60 -0.85 -0.8 5.5 6 1431.078908335347 0.03098772117891713
10 60 -0.85 -0.8 6 6.5 1267.481717217759 0.02562056801798462
10 60 -0.85 -0.8 6.5 7 1127.840514456685 0.0210268549860757
10 60 -0.85 -0.8 7 7.5 1007.739245648766 0.01723849871882521
10 60 -0.85 -0.8 7.5 8 903.7534935324177 0.01438491305100342
10 60 -0.85 -0.8 8 8.5 813.1923321638798 0.01211991801483236
10 60 -0.85 -0.8 8.5 9 733.9140408148979 0.01021495806537587
10 60 -0.85 -0.8 9 9.5 664.1947301410621 0.008597763770353595
10 60 -0.85 -0.8 9.5 10 602.6314611349204 0.007294012807619765
10 60 -0.85 -0.8 10 10.5 548.069304500909 0.00625417042567733
10 60 -0.85 -0.8 10.5 11 499.5503171222306 0.005422009020776386
10 60 -0.85 -0.8 11 11.5 456.2734576646131 0.004703899589515004
10 60 -0.85 -0.8 11.5 12 417.5638604624327 0.01768680118306065
10 60 -0.85 -0.8 12 12.5 382.8495016848207 0.01337600842873599
10 60 -0.85 -0.8 12.5 13 351.6423158628081 0.0099523495667313
10 60 -0.85 -0.8 13 13.5 323.5239039511196 0.007227929481757656
10 60 -0.85 -0.8 13.5 14 298.1341672812892 0.005071080525624438
10 60 -0.85 -0.8 14 14.5 275.1617379936255 0.003373366495054597
10 60 -0.85 -0.8 14.5 15 254.3362917438084 0.002035828570825515
10 60 -0.85 -0.8 15 16 453.6368808156467 0.004600797583862004
10 60 -0.85 -0.8 16 17 390.7485238155341 0.005414181882485991
10 60 -0.85 -0.8 17 18 338.2736440079377 0.01117056319640142
10 60 -0.85 -0.8 18 19 294.2236121990126 0.0141257255343703
10 60 -0.85 -0.8 19 20 257.0375514683835 0.001506979842019973
10 60 -0.85 -0.8 20 21 225.479939695095 0.001275686575070267
10 60 -0.85 -0.8 21 22 198.5659222220629 0.001098185196184431
10 60 -0.85 -0.8 22 23 175.5048961284685 0.0009605226906614917
10 60 -0.85 -0.8 23 24 155.6582913288178 0.0008360365848716356
10 60 -0.85 -0.8 24 25 138.507065466387 0.0007456414742534889
10 60 -0.85 -0.8 25 26 123.6266403461678 0.0006606108824058765
10 60 -0.85 -0.8 26 27 110.6681070630158 0.0005776962227770355
10 60 -0.85 -0.8 27 28 99.34330750694205 0.0005167294624328633
10 60 -0.85 -0.8 28 29 89.4128885094144 0.0004653959435643173
10 60 -0.85 -0.8 29 30 80.67718489203368 0.0004142555516324364
10 60 -0.85 -0.8 30 31 72.96898000784898 0.0003740512848793287
10 60 -0.85 -0.8 31 32 66.1475985236479 0.0003305408553870848
10 60 -0.85 -0.8 32 33 60.0943056472799 0.0002809432380317389
10 60 -0.85 -0.8 33 34 54.70850098312466 0.0002519799847462423
10 60 -0.85 -0.8 34 35 49.90444554712025 0.0002370645104647906
10 60 -0.85 -0.8 35 36 45.60881613769586 0.0002172055596219025
10 60 -0.85 -0.8 36 37 41.75883330753241 0.0001943085672735378
10 60 -0.85 -0.8 37 38 38.30059091091348 0.0001724496024166911
10 60 -0.85 -0.8 38 39 35.18761763027549 0.0001548889076374849
10 60 -0.85 -0.8 39 40 32.37970323102635 0.0001396519679133235
10 60 -0.85 -0.8 40 42 57.38601683457411 0.0002440544045754223
10 60 -0.85 -0.8 42 44 49.02466189026742 0.0002059220765033842
10 60 -0.85 -0.8 44 46 42.10938555785988 0.0001612650210702782
10 60 -0.85 -0.8 46 48 36.35272895969053 0.0001376208721239891
10 60 -0.85 -0.8 48 50 31.53125995624204 0.0001175919862319574
10 60 -0.85 -0.8 50 52 27.47010948572397 0.0001015081531328121
10 60 -0.85 -0.8 52 54 24.03123233065302 8.812971632110589e-05
10 60 -0.85 -0.8 54 56 21.10459049370188 7.837485598827243e-05
10 60 -0.85 -0.8 56 58 18.60212229721076 6.741910073770896e-05
10 60 -0.85 -0.8 58 60 16.45294925360469 5.93506847863523e-05
10 60 -0.85 -0.8 60 65 33.55688531260833 0.0001202517405118897
10 60 -0.85 -0.8 65 70 25.34124484447953 9.014777799620788e-05
10 60 -0.85 -0.8 70 80 34.60244495801874 0.0001224661541598948
10 60 -0.85 -0.8 80 90 21.49261554509875 7.592728349692379e-05
10 60 -0.85 -0.8 90 100 13.96033275225546 4.945171137826776e-05
10 60 -0.8 -0.75 0 0.5 -61623.45268842608 1.056157285987865
10 60 -0.8 -0.75 0.5 1 920.1716310654168 0.001340004740768563
10 60 -0.8 -0.75 1 1.5 5084.059960232892 0.2432058375170527
10 60 -0.8 -0.75 1.5 2 4754.603132625902 0.1839645227028086
10 60 -0.8 -0.75 2 2.5 4051.246299450252 0.1523921605876239
10 60 -0.8 -0.75 2.5 3 3416.901655918023 0.1151946327699989
10 60 -0.8 -0.75 3 3.5 2897.480054005352 0.08768192922434537
10 60 -0.8 -0.75 3.5 4 2478.238524968294 0.07094943291349409
10 60 -0.8 -0.75 4 4.5 2138.107370781233 0.05878666422086098
10 60 -0.8 -0.75 4.5 5 1859.280130956624 0.04763740196744948
10 60 -0.8 -0.75 5 5.5 1628.106737203607 0.03834656650019497
10 60 -0.8 -0.75 5.5 6 1434.373870013035 0.03095977810994555
10 60 -0.8 -0.75 6 6.5 1270.425590499337 0.02528512741787381
10 60 -0.8 -0.75 6.5 7 1130.47821066429 0.02105972096182995
10 60 -0.8 -0.75 7 7.5 1010.108504857668 0.01758093907335478
10 60 -0.8 -0.75 7.5 8 905.8868859535588 0.01447831026575841
10 60 -0.8 -0.75 8 8.5 815.1173444549091 0.01204306287263535
10 60 -0.8 -0.75 8.5 9 735.6546756997343 0.01014943751181363
10 60 -0.8 -0.75 9 9.5 665.772635523996 0.008640335713039349
10 60 -0.8 -0.75 9.5 10 604.0642746259946 0.007373402277039531
10 60 -0.8 -0.75 10 10.5 549.3725938081719 0.00630404943206031
10 60 -0.8 -0.75 10.5 11 500.737847585921 0.00539086949919465
10 60 -0.8 -0.75 11 11.5 457.3573113028057 0.004643134297339202
10 60 -0.8 -0.75 11.5 12 418.554979476659 0.01774191233732836
10 60 -0.8 -0.75 12 12.5 383.7572343467386 0.01342261572034431
10 60 -0.8 -0.75 12.5 13 352.4748174355327 0.009981952773273406
10 60 -0.8 -0.75 13 13.5 324.2885324522238 0.007249976060904828
10 60 -0.8 -0.75 13.5 14 298.8374526272172 0.005089011108623254
10 60 -0.8 -0.75 14 14.5 275.8094720882531 0.003377935378807706
10 60 -0.8 -0.75 14.5 15 254.9337614999797 0.002038391432819253
10 60 -0.8 -0.75 15 16 454.6992018890294 0.004616827802578882
10 60 -0.8 -0.75 16 17 391.6594654192772 0.005449702413272917
10 60 -0.8 -0.75 17 18 339.0586059091747 0.01115590646372766
10 60 -0.8 -0.75 18 19 294.9024329003678 0.01416919462138821
10 60 -0.8 -0.75 19 20 257.6270324696891 0.001514354488335812
10 60 -0.8 -0.75 20 21 225.9941258260493 0.001273378623977806
10 60 -0.8 -0.75 21 22 199.0159932261161 0.001104097151937822
10 60 -0.8 -0.75 22 23 175.9004097291175 0.0009686761608236338
10 60 -0.8 -0.75 23 24 156.0071120203845 0.0008655310503513647
10 60 -0.8 -0.75 24 25 138.815506646859 0.0007518963769825859
10 60 -0.8 -0.75 25 26 123.9002307553602 0.0006656811858078981
10 60 -0.8 -0.75 26 27 110.9115500145437 0.0005970157829011669
10 60 -0.8 -0.75 27 28 99.56043463586742 0.0005274718967882563
10 60 -0.8 -0.75 28 29 89.60700483331321 0.0004730721112764513
10 60 -0.8 -0.75 29 30 80.8511472719815 0.0004254348027501464
10 60 -0.8 -0.75 30 31 73.12524868269529 0.0003732268641840619
10 60 -0.8 -0.75 31 32 66.28836277232614 0.0003365712295675394
10 60 -0.8 -0.75 32 33 60.22136325799151 0.0003113244007124649
10 60 -0.8 -0.75 33 34 54.82320593603487 0.0002752075531518017
10 60 -0.8 -0.75 34 35 50.00803083178091 0.0002374262794120341
10 60 -0.8 -0.75 35 36 45.7025473704772 0.0002147277756918697
10 60 -0.8 -0.75 36 37 41.84386022671465 0.0001976929633684676
10 60 -0.8 -0.75 37 38 38.37787002273153 0.0001774227902870962
10 60 -0.8 -0.75 38 39 35.25795742317916 0.0001618917288936927
10 60 -0.8 -0.75 39 40 32.44379973653901 0.000147910241196314
10 60 -0.8 -0.75 40 42 57.49783105032724 0.0002593393251331122
10 60 -0.8 -0.75 42 44 49.11802509762982 0.0002088912886222261
10 60 -0.8 -0.75 44 46 42.18772720360073 0.000171579000586064
10 60 -0.8 -0.75 46 48 36.41866565487224 0.0001415625231970807
10 60 -0.8 -0.75 48 50 31.58698120907629 0.0001197125962413281
10 60 -0.8 -0.75 50 52 27.51727752882016 0.000101520828025059
10 60 -0.8 -0.75 52 54 24.07116776434825 8.811662972263434e-05
10 60 -0.8 -0.75 54 56 21.13858225037081 7.686864626776924e-05
10 60 -0.8 -0.75 56 58 18.63125797426414 6.739576481606946e-05
10 60 -0.8 -0.75 58 60 16.47799327179995 5.932661771623771e-05
10 60 -0.8 -0.75 60 65 33.6052567329589 0.0001201927547995751
10 60 -0.8 -0.75 65 70 25.37490455747299 9.009393352599204e-05
10 60 -0.8 -0.75 70 80 34.64217463703606 0.0001223391577909183
10 60 -0.8 -0.75 80 90 21.51212431889381 7.582656160920465e-05
10 60 -0.8 -0.75 90 100 13.96962752037632 4.937555119433057e-05
10 60 -0.75 -0.7 0 0.5 -61832.10472894158 1.102284156237147
10 60 -0.75 -0.7 0.5 1 901.3087971413344 0.002701779681274274
10 60 -0.75 -0.7 1 1.5 5087.389380895506 0.07929172992044187
10 60 -0.75 -0.7 1.5 2 4761.205993247338 0.1851592227048968
10 60 -0.75 -0.7 2 2.5 4058.024251928277 0.1434698608691178
10 60 -0.75 -0.7 2.5 3 3423.164854662127 0.1179016837877498
10 60 -0.75 -0.7 3 3.5 2903.090834812615 0.09225326028627023
10 60 -0.75 -0.7 3.5 4 2483.219401926233 0.07132517490072132
10 60 -0.75 -0.7 4 4.5 2142.52112653487 0.05692300557257113
10 60 -0.75 -0.7 4.5 5 1863.193884727473 0.04704466897078419
10 60 -0.75 -0.7 5 5.5 1631.585363445893 0.03869219278521996
10 60 -0.75 -0.7 5.5 6 1437.473656467041 0.03158564447653589
10 60 -0.75 -0.7 6 6.5 1273.195020053417 0.02566315325429969
10 60 -0.75 -0.7 6.5 7 1132.959643577487 0.02086062660487187
10 60 -0.75 -0.7 7 7.5 1012.338162657367 0.01727803511676029
10 60 -0.75 -0.7 7.5 8 907.8946371817525 0.01459104285243029
10 60 -0.75 -0.7 8 8.5 816.9285516980877 0.0122348827709402
10 60 -0.75 -0.7 8.5 9 737.2929657547638 0.01023501576128183
10 60 -0.75 -0.7 9 9.5 667.2575665420403 0.008625041196182792
10 60 -0.75 -0.7 9.5 10 605.4125956766201 0.00732066153489086
10 60 -0.75 -0.7 10 10.5 550.5990212220155 0.006269685274446601
10 60 -0.75 -0.7 10.5 11 501.8553010080682 0.005436413519021244
10 60 -0.75 -0.7 11 11.5 458.3774716010973 0.004729197184929035
10 60 -0.75 -0.7 11.5 12 419.4877700382293 0.01779979206912685
10 60 -0.75 -0.7 12 12.5 384.6113262807318 0.0134566078933176
10 60 -0.75 -0.7 12.5 13 353.258085056251 0.01000802785245014
10 60 -0.75 -0.7 13 13.5 325.0079427712403 0.007271304062669515
10 60 -0.75 -0.7 13.5 14 299.4991658005837 0.005096231985930899
10 60 -0.75 -0.7 14 14.5 276.4190548612782 0.003388693625936412
10 60 -0.75 -0.7 14.5 15 255.4960533879474 0.002048736095531467
10 60 -0.75 -0.7 15 16 455.69862765769 0.004619976291905914
10 60 -0.75 -0.7 16 17 392.516241996878 0.005472625140214404
10 60 -0.75 -0.7 17 18 339.7968300753608 0.01121018650513861
10 60 -0.75 -0.7 18 19 295.5415760082079 0.01416502657622232
10 60 -0.75 -0.7 19 20 258.1821052426877 0.001511177831332589
10 60 -0.75 -0.7 20 21 226.477834259729 0.001272986486185346
10 60 -0.75 -0.7 21 22 199.4395373136192 0.001125755428631692
10 60 -0.75 -0.7 22 23 176.2726099393434 0.0009917673588404341
10 60 -0.75 -0.7 23 24 156.3352622331894 0.0008685010164413143
10 60 -0.75 -0.7 24 25 139.1058401395253 0.0007735475054175822
10 60 -0.75 -0.7 25 26 124.1578243294935 0.0006806460948496351
10 60 -0.75 -0.7 26 27 111.1407155706326 0.0006028391542969302
10 60 -0.75 -0.7 27 28 99.76487352277375 0.0005463978629904886
10 60 -0.75 -0.7 28 29 89.78976515361755 0.0004788684407799337
10 60 -0.75 -0.7 29 30 81.01495903221624 0.0004206615952142556
10 60 -0.75 -0.7 30 31 73.27251431641506 0.0003855964342420748
10 60 -0.75 -0.7 31 32 66.42101386637376 0.0003538608394677567
10 60 -0.75 -0.7 32 33 60.3410218687587 0.0003172966378031106
10 60 -0.75 -0.7 33 34 54.93134153719386 0.0002880678796159941
10 60 -0.75 -0.7 34 35 50.10586019549924 0.0002544480785857672
10 60 -0.75 -0.7 35 36 45.79110914520941 0.0002178720612064922
10 60 -0.75 -0.7 36 37 41.92417325406792 0.0001938620074923847
10 60 -0.75 -0.7 37 38 38.45087475107316 0.0001854900027780104
10 60 -0.75 -0.7 38 39 35.32440967883204 0.0001712939861278073
10 60 -0.75 -0.7 39 40 32.50433980671627 0.0001555636226697743
10 60 -0.75 -0.7 40 42 57.6034585231247 0.0002629790111541297
10 60 -0.75 -0.7 42 44 49.20636162081906 0.0002156763020551011
10 60 -0.75 -0.7 44 46 42.26194661016076 0.0001825128397570097
10 60 -0.75 -0.7 46 48 36.48120409114826 0.0001475114964080149
10 60 -0.75 -0.7 48 50 31.63982990786513 0.0001271806367562078
10 60 -0.75 -0.7 50 52 27.56207010632395 0.0001065310692389687
10 60 -0.75 -0.7 52 54 24.10917482525653 8.81302219291058e-05
10 60 -0.75 -0.7 54 56 21.17092857709792 7.685705738325055e-05
10 60 -0.75 -0.7 56 58 18.65889725387495 6.735798178425512e-05
10 60 -0.75 -0.7 58 60 16.5016651897697 5.928791228626551e-05
10 60 -0.75 -0.7 60 65 33.65095587972457 0.0001201213037873572
10 60 -0.75 -0.7 65 70 25.40673537086299 9.00522934621506e-05
10 60 -0.75 -0.7 70 80 34.67987569125626 0.0001222091848376294
10 60 -0.75 -0.7 80 90 21.53054158775022 7.573265094151793e-05
10 60 -0.75 -0.7 90 100 13.97841977020175 4.930270585745689e-05
10 60 -0.7 -0.65 0 0.5 -62027.20387490016 1.102764256684168
10 60 -0.7 -0.65 0.5 1 883.6081909392773 0.006813953245114135
10 60 -0.7 -0.65 1 1.5 5090.512134492857 0.2476070406846702
10 60 -0.7 -0.65 1.5 2 4767.395994217457 0.2017965466566238
10 60 -0.7 -0.65 2 2.5 4064.375406229201 0.1427465596252659
10 60 -0.7 -0.65 2.5 3 3429.026930243186 0.1123067050930331
10 60 -0.7 -0.65 3 3.5 2908.34227933479 0.09240843167845014
10 60 -0.7 -0.65 3.5 4 2487.879431035216 0.07431701810946834
10 60 -0.7 -0.65 4 4.5 2146.651315975864 0.05855929884091893
10 60 -0.7 -0.65 4.5 5 1866.856339648581 0.04643521495677305
10 60 -0.7 -0.65 5 5.5 1634.842306098115 0.03785934598931817
10 60 -0.7 -0.65 5.5 6 1440.375963578448 0.03131898530705257
10 60 -0.7 -0.65 6 6.5 1275.787973355582 0.0259293193562371
10 60 -0.7 -0.65 6.5 7 1135.282949309522 0.0213927942513692
10 60 -0.7 -0.65 7 7.5 1014.425941157614 0.01750778950815857
10 60 -0.7 -0.65 7.5 8 909.7741472122365 0.01436190798847292
10 60 -0.7 -0.65 8 8.5 818.6248547865391 0.01207301607826139
10 60 -0.7 -0.65 8.5 9 738.8273627031803 0.01024846035818427
10 60 -0.7 -0.65 9 9.5 668.6479920833525 0.008682237797188463
10 60 -0.7 -0.65 9.5 10 606.6748833547915 0.007406788499793038
10 60 -0.7 -0.65 10 10.5 551.7471335971779 0.006336806340755174
10 60 -0.7 -0.65 10.5 11 502.9017225046895 0.005408712268774707
10 60 -0.7 -0.65 11 11.5 459.3327843179656 0.004655507128063618
10 60 -0.7 -0.65 11.5 12 420.3611305140782 0.01784768985834262
10 60 -0.7 -0.65 12 12.5 385.4109806536064 0.01349296525478394
10 60 -0.7 -0.65 12.5 13 353.9913404624358 0.01003182534140024
10 60 -0.7 -0.65 13 13.5 325.6813747931693 0.007280307716200696
10 60 -0.7 -0.65 13.5 14 300.1186973593684 0.005111576969682119
10 60 -0.7 -0.65 14 14.5 276.989778135892 0.003401668890319343
10 60 -0.7 -0.65 14.5 15 256.0224480472563 0.002052733721882305
10 60 -0.7 -0.65 15 16 456.6342637203405 0.004637681462725141
10 60 -0.7 -0.65 16 17 393.3180599421528 0.005505838805959229
10 60 -0.7 -0.65 17 18 340.4876336273769 0.01125687125102104
10 60 -0.7 -0.65 18 19 296.1397541254254 0.01418352723226235
10 60 -0.7 -0.65 19 20 258.701963037554 0.001514355069957674
10 60 -0.7 -0.65 20 21 226.930991642947 0.001287283132711536
10 60 -0.7 -0.65 21 22 199.8360728363247 0.001135500796863198
10 60 -0.7 -0.65 22 23 176.6210640228697 0.001008816806802315
10 60 -0.7 -0.65 23 24 156.6425028298403 0.0008855168304933159
10 60 -0.7 -0.65 24 25 139.377652969026 0.0007837354984587819
10 60 -0.7 -0.65 25 26 124.399073351057 0.0007013669538196154
10 60 -0.7 -0.65 26 27 111.3553533087963 0.0006252470542023048
10 60 -0.7 -0.65 27 28 99.95627241069499 0.0005423404477369331
10 60 -0.7 -0.65 28 29 89.9610255538407 0.0004885172730553222
10 60 -0.7 -0.65 29 30 81.16858679100068 0.0004433886660564212
10 60 -0.7 -0.65 30 31 73.41052912569801 0.0003980353147454707
10 60 -0.7 -0.65 31 32 66.54522116795708 0.0003578319823418497
10 60 -0.7 -0.65 32 33 60.45304839582748 0.0003234225078827535
10 60 -0.7 -0.65 33 34 55.03260389323412 0.0002877539433399079
10 60 -0.7 -0.65 34 35 50.19762204622182 0.0002589144392004528
10 60 -0.7 -0.65 35 36 45.87439716673025 0.0002389167722256502
10 60 -0.7 -0.65 36 37 41.99975679299546 0.0002120924849151606
10 60 -0.7 -0.65 37 38 38.51946772431776 0.0001863137832671669
10 60 -0.7 -0.65 38 39 35.38677079290456 0.0001689702283727001
10 60 -0.7 -0.65 39 40 32.56116678790169 0.0001568490222183527
10 60 -0.7 -0.65 40 42 57.70276250156991 0.0002697444990502618
10 60 -0.7 -0.65 42 44 49.28950965843347 0.0002263306037519897
10 60 -0.7 -0.65 44 46 42.33181599047115 0.0001857064526618046
10 60 -0.7 -0.65 46 48 36.54016629394946 0.0001637891197745489
10 60 -0.7 -0.65 48 50 31.68965265205943 0.0001260613354752138
10 60 -0.7 -0.65 50 52 27.60434024971717 0.000101792728539607
10 60 -0.7 -0.65 52 54 24.14523922374486 9.608639079061732e-05
10 60 -0.7 -0.65 54 56 21.20162576445691 7.700743787708575e-05
10 60 -0.7 -0.65 56 58 18.68498804765537 6.735868396745559e-05
10 60 -0.7 -0.65 58 60 16.52395984741344 5.926733044603338e-05
10 60 -0.7 -0.65 60 65 33.69404997101044 0.0001200710396318527
10 60 -0.7 -0.65 65 70 25.43655547028525 9.000039096207502e-05
10 60 -0.7 -0.65 70 80 34.71547275641198 0.0001221042001731121
10 60 -0.7 -0.65 80 90 21.5479112620782 7.565073001813971e-05
10 60 -0.7 -0.65 90 100 13.98672109561936 4.923011654334175e-05
10 60 -0.65 -0.6 0 0.5 -62208.6022653601 1.050615499698324
10 60 -0.65 -0.6 0.5 1 867.1146972736016 0.007522954994897191
10 60 -0.65 -0.6 1 1.5 5093.40967335101 0.2375370649497199
10 60 -0.65 -0.6 1.5 2 4773.169952965291 0.1934620980146065
10 60 -0.65 -0.6 2 2.5 4070.294690905009 0.152387779595756
10 60 -0.65 -0.6 2.5 3 3434.489311940468 0.1121628064979632
10 60 -0.65 -0.6 3 3.5 2913.23242406512 0.08811422025473803
10 60 -0.65 -0.6 3.5 4 2492.218410779251 0.07264579659522497
10 60 -0.65 -0.6 4 4.5 2150.49533552919 0.05974155360991062
10 60 -0.65 -0.6 4.5 5 1870.266171652037 0.04812779983512883
10 60 -0.65 -0.6 5 5.5 1637.874488507702 0.03834485274001054
10 60 -0.65 -0.6 5.5 6 1443.078724256542 0.03089875918590224
10 60 -0.65 -0.6 6 6.5 1278.202986104381 0.02542160050666098
10 60 -0.65 -0.6 6.5 7 1137.447527796817 0.02115022029465763
10 60 -0.65 -0.6 7 7.5 1016.369860463548 0.01766295277354857
10 60 -0.65 -0.6 7.5 8 911.5242900569162 0.01473207166839074
10 60 -0.65 -0.6 8 8.5 820.2049016177513 0.01217040486130827
10 60 -0.65 -0.6 8.5 9 740.2565577944088 0.01020062752047579
10 60 -0.65 -0.6 9 9.5 669.9428528779458 0.00867896571617166
10 60 -0.65 -0.6 9.5 10 607.8501960380182 0.007342896900468077
10 60 -0.65 -0.6 10 10.5 552.816234654171 0.006286907036155753
10 60 -0.65 -0.6 10.5 11 503.8760925272025 0.005455361989731955
10 60 -0.65 -0.6 11 11.5 460.222237697482 0.004750220910977987
10 60 -0.65 -0.6 11.5 12 421.1743060571164 0.01789523216518774
10 60 -0.65 -0.6 12 12.5 386.1554935488203 0.01352439873045341
10 60 -0.65 -0.6 12.5 13 354.6740540977519 0.0100499162521146
10 60 -0.65 -0.6 13 13.5 326.3084306338408 0.007299002590741566
10 60 -0.65 -0.6 13.5 14 300.6954547534198 0.00512447973721919
10 60 -0.65 -0.6 14 14.5 277.5210019036877 0.003406393038289934
10 60 -0.65 -0.6 14.5 15 256.5124274443504 0.002061979597101526
10 60 -0.65 -0.6 15 16 457.5051010771817 0.004651616080309395
10 60 -0.65 -0.6 16 17 394.064398005311 0.005547640820225297
10 60 -0.65 -0.6 17 18 341.1305639561438 0.01126848367243838
10 60 -0.65 -0.6 18 19 296.6960106439395 0.01423366487358635
10 60 -0.65 -0.6 19 20 259.1855884097713 0.001532895735692819
10 60 -0.65 -0.6 20 21 227.3531283181492 0.001338191533022837
10 60 -0.65 -0.6 21 22 200.2053745632935 0.00114316816933524
10 60 -0.65 -0.6 22 23 176.9453438145768 0.001009438705267485
10 60 -0.65 -0.6 23 24 156.9284910348334 0.0009051617440718474
10 60 -0.65 -0.6 24 25 139.6306395516996 0.0007994656612027029
10 60 -0.65 -0.6 25 26 124.623505993829 0.0007134817273737326
10 60 -0.65 -0.6 26 27 111.5550622988156 0.000625683799043486
10 60 -0.65 -0.6 27 28 100.1345698326038 0.00056260177997558
10 60 -0.65 -0.6 28 29 90.12055071697556 0.0005052109382575054
10 60 -0.65 -0.6 29 30 81.31160275585492 0.0004558631200239915
10 60 -0.65 -0.6 30 31 73.53899258433135 0.0004116111272196576
10 60 -0.65 -0.6 31 32 66.66082759512493 0.0003630735307069699
10 60 -0.65 -0.6 32 33 60.55733930264704 0.0003217065832714638
10 60 -0.65 -0.6 33 34 55.12694701748445 0.0002944243414049197
10 60 -0.65 -0.6 34 35 50.28312979848672 0.0002717476883660197
10 60 -0.65 -0.6 35 36 45.95199522418658 0.0002482127832621472
10 60 -0.65 -0.6 36 37 42.07026333428618 0.0002249546771437849
10 60 -0.65 -0.6 37 38 38.58356155192616 0.0001977196715259311
10 60 -0.65 -0.6 38 39 35.44505866559826 0.0001693979980288418
10 60 -0.65 -0.6 39 40 32.61426470672756 0.0001531284897211549
10 60 -0.65 -0.6 40 42 57.79556838719907 0.0002802921864812902
10 60 -0.65 -0.6 42 44 49.36724364941521 0.0002317039991410752
10 60 -0.65 -0.6 44 46 42.39718761573871 0.0002004468394432024
10 60 -0.65 -0.6 46 48 36.59528234050502 0.0001555290082748684
10 60 -0.65 -0.6 48 50 31.736415036392 0.0001338999630355886
10 60 -0.65 -0.6 50 52 27.64410964245027 0.0001154998395804796
10 60 -0.65 -0.6 52 54 24.17905626546277 9.63499377313326e-05
10 60 -0.65 -0.6 54 56 21.23047916568112 8.30108186633538e-05
10 60 -0.65 -0.6 56 58 18.70961050608023 6.735807923163861e-05
10 60 -0.65 -0.6 58 60 16.54498646253703 5.92561940528924e-05
10 60 -0.65 -0.6 60 65 33.73446161890532 0.0001200209247329553
10 60 -0.65 -0.6 65 70 25.46440877569263 8.994767042480589e-05
10 60 -0.65 -0.6 70 80 34.74881913314366 0.0001220324316903998
10 60 -0.65 -0.6 80 90 21.56418792740512 7.557395852586524e-05
10 60 -0.65 -0.6 90 100 13.99448783037897 4.916456311399031e-05
10 60 -0.6 -0.55 0 0.5 -62376.2525570575 0.9584650286633405
10 60 -0.6 -0.55 0.5 1 851.8804721701365 0.00293763597301222
10 60 -0.6 -0.55 1 1.5 5096.083889190884 0.07512235989452165
10 60 -0.6 -0.55 1.5 2 4778.51283015042 0.1819402280098075
10 60 -0.6 -0.55 2 2.5 4075.783220429363 0.1487811897013671
10 60 -0.6 -0.55 2.5 3 3439.549312211492 0.1191927137097082
10 60 -0.6 -0.55 3 3.5 2917.762590902302 0.09077802611136576
10 60 -0.6 -0.55 3.5 4 2496.236216679234 0.07072077459770298
10 60 -0.6 -0.55 4 4.5 2154.053206385835 0.05740021720475852
10 60 -0.6 -0.55 4.5 5 1873.422267013879 0.04754397348688144
10 60 -0.6 -0.55 5 5.5 1640.680771123795 0.0391957611327598
10 60 -0.6 -0.55 5.5 6 1445.580048034679 0.03181215787913061
10 60 -0.6 -0.55 6 6.5 1280.439068088525 0.02563386789984179
10 60 -0.6 -0.55 6.5 7 1139.451911102464 0.02095973748214419
10 60 -0.6 -0.55 7 7.5 1018.169350940747 0.01742644422745343
10 60 -0.6 -0.55 7.5 8 913.1445687952149 0.01460125412438629
10 60 -0.6 -0.55 8 8.5 821.6675591871917 0.01231159416590799
10 60 -0.6 -0.55 8.5 9 741.5794614591994 0.01028757853839579
10 60 -0.6 -0.55 9 9.5 671.1414152584845 0.008640459788693988
10 60 -0.6 -0.55 9.5 10 608.9382147053044 0.007437694659984118
10 60 -0.6 -0.55 10 10.5 553.805880548969 0.006364537909348655
10 60 -0.6 -0.55 10.5 11 504.7778669593735 0.005421019274592709
10 60 -0.6 -0.55 11 11.5 461.0452486809797 0.004661648573744515
10 60 -0.6 -0.55 11.5 12 421.9266393648653 0.01793025297769191
10 60 -0.6 -0.55 12 12.5 386.84439719571 0.01355139086462032
10 60 -0.6 -0.55 12.5 13 355.3058963145128 0.01007454275156761
10 60 -0.6 -0.55 13 13.5 326.8887458639494 0.00732038718348349
10 60 -0.6 -0.55 13.5 14 301.2291129610354 0.005134378354171076
10 60 -0.6 -0.55 14 14.5 278.0124243926209 0.003415673919050732
10 60 -0.6 -0.55 14.5 15 256.965551834294 0.002062669730321431
10 60 -0.6 -0.55 15 16 458.3104312404366 0.004636120170857794
10 60 -0.6 -0.55 16 17 394.7548744760794 0.005529314332932245
10 60 -0.6 -0.55 17 18 341.7250473208107 0.01129608450452224
10 60 -0.6 -0.55 18 19 297.2101178508987 0.01428657018823287
10 60 -0.6 -0.55 19 20 259.6324296588635 0.001540713011081607
10 60 -0.6 -0.55 20 21 227.7432574467964 0.001352711344480895
10 60 -0.6 -0.55 21 22 200.5471554996057 0.001182436212246785
10 60 -0.6 -0.55 22 23 177.245374428337 0.001013710538899204
10 60 -0.6 -0.55 23 24 157.1928146267291 0.0009047089655211948
10 60 -0.6 -0.55 24 25 139.8644255585414 0.0008173700632028158
10 60 -0.6 -0.55 25 26 124.8308814938875 0.0007082256081361038
10 60 -0.6 -0.55 26 27 111.7396932280422 0.0006403981280982407
10 60 -0.6 -0.55 27 28 100.299382788322 0.0005797983613149427
10 60 -0.6 -0.55 28 29 90.26795767680186 0.0005198448044012594
10 60 -0.6 -0.55 29 30 81.44367783446683 0.0004640966160707194
10 60 -0.6 -0.55 30 31 73.65762963515982 0.0004098018456346608
10 60 -0.6 -0.55 31 32 66.76771827946065 0.0003696252675382539
10 60 -0.6 -0.55 32 33 60.65385709260114 0.0003361848138254686
10 60 -0.6 -0.55 33 34 55.2142115141279 0.0003066427674269789
10 60 -0.6 -0.55 34 35 50.36213456632491 0.0002778408402690502
10 60 -0.6 -0.55 35 36 46.02365541242382 0.000249926011186119
10 60 -0.6 -0.55 36 37 42.1354086918483 0.0002232940539030892
10 60 -0.6 -0.55 37 38 38.6429301627444 0.0002050341108912335
10 60 -0.6 -0.55 38 39 35.49921901204922 0.0001892949050770198
10 60 -0.6 -0.55 39 40 32.66363749083212 0.0001644045933346661
10 60 -0.6 -0.55 40 42 57.88170435334121 0.0002764431600041917
10 60 -0.6 -0.55 42 44 49.43937564807807 0.0002474752814904946
10 60 -0.6 -0.55 44 46 42.4578313265197 0.0001913393060277713
10 60 -0.6 -0.55 46 48 36.64660179657668 0.000165633100870366
10 60 -0.6 -0.55 48 50 31.77996452564296 0.0001432660490721105
10 60 -0.6 -0.55 50 52 27.68112490015097 0.0001222507265481454
10 60 -0.6 -0.55 52 54 24.2105563127325 9.742459160122507e-05
10 60 -0.6 -0.55 54 56 21.25737250062763 7.947644732908543e-05
10 60 -0.6 -0.55 56 58 18.73269684158428 7.291395627007091e-05
10 60 -0.6 -0.55 58 60 16.56475608175828 6.393135579330078e-05
10 60 -0.6 -0.55 60 65 33.77212054024096 0.0001199762872943211
10 60 -0.6 -0.55 65 70 25.49044743230987 8.989312856044762e-05
10 60 -0.6 -0.55 70 80 34.77977851560684 0.0001219579682754102
10 60 -0.6 -0.55 80 90 21.57935777768854 7.549747540736007e-05
10 60 -0.6 -0.55 90 100 14.00166818753187 4.911259863149553e-05
10 60 -0.55 -0.5 0 0.5 -62530.22333851946 0.8587209299366805
10 60 -0.55 -0.5 0.5 1 837.9331738873939 0.003247780760034402
10 60 -0.55 -0.5 1 1.5 5098.542178985121 0.2542113362324017
10 60 -0.55 -0.5 1.5 2 4783.419100751089 0.2008739053180761
10 60 -0.55 -0.5 2 2.5 4080.828386976199 0.1413985737112853
10 60 -0.55 -0.5 2.5 3 3444.205929727824 0.1146751378264526
10 60 -0.55 -0.5 3 3.5 2921.930029843925 0.09407716121449994
10 60 -0.55 -0.5 3.5 4 2499.931799650833 0.07439760611850943
10 60 -0.55 -0.5 4 4.5 2157.325293034519 0.05843795075952585
10 60 -0.55 -0.5 4.5 5 1876.323325946796 0.04663486853246468
10 60 -0.55 -0.5 5 5.5 1643.260232848948 0.03805110352914198
10 60 -0.55 -0.5 5.5 6 1447.878459379245 0.03163670144317621
10 60 -0.55 -0.5 6 6.5 1282.49500648895 0.02623972775381844
10 60 -0.55 -0.5 6.5 7 1141.29396391978 0.0214229403002264
10 60 -0.55 -0.5 7 7.5 1019.824005379749 0.01750214635433167
10 60 -0.55 -0.5 7.5 8 914.6344773088457 0.01449862876404495
10 60 -0.55 -0.5 8 8.5 823.0119540464765 0.01216087146008249
10 60 -0.55 -0.5 8.5 9 742.7950317763077 0.01032778798094114
10 60 -0.55 -0.5 9 9.5 672.2429942043473 0.00875261716271325
10 60 -0.55 -0.5 9.5 10 609.9385539698728 0.007336372807685621
10 60 -0.55 -0.5 10 10.5 554.7157789848983 0.006292826223784687
10 60 -0.55 -0.5 10.5 11 505.6066338981178 0.005498083454597236
10 60 -0.55 -0.5 11 11.5 461.8014284238108 0.004765744984467801
10 60 -0.55 -0.5 11.5 12 422.6178655527426 0.01795956778693153
10 60 -0.55 -0.5 12 12.5 387.4773856914284 0.01357910472665935
10 60 -0.55 -0.5 12.5 13 355.8864590029163 0.01010031075736606
10 60 -0.55 -0.5 13 13.5 327.4219271627348 0.007336438652430388
10 60 -0.55 -0.5 13.5 14 301.719418141672 0.005150601397929222
10 60 -0.55 -0.5 14 14.5 278.4638257878075 0.003422632947774673
10 60 -0.55 -0.5 14.5 15 257.3816892334711 0.002062091179482195
10 60 -0.55 -0.5 15 16 459.0500149715075 0.004611210157349888
10 60 -0.55 -0.5 16 17 395.38884840761 0.00551018240690837
10 60 -0.55 -0.5 17 18 342.2707410276913 0.01132942866252051
10 60 -0.55 -0.5 18 19 297.6820454944103 0.01431695270201772
10 60 -0.55 -0.5 19 20 260.0423319142168 0.001536176721060656
10 60 -0.55 -0.5 20 21 228.1009416080884 0.001356677402895912
10 60 -0.55 -0.5 21 22 200.8606367627691 0.001194157248050942
10 60 -0.55 -0.5 22 23 177.5209798937904 0.001054338038613878
10 60 -0.55 -0.5 23 24 157.4354036221047 0.0009043941210222783
10 60 -0.55 -0.5 24 25 140.078732001642 0.0007947761885702675
10 60 -0.55 -0.5 25 26 125.0211572792187 0.0007345495383361822
10 60 -0.55 -0.5 26 27 111.9089726535146 0.000650283474200819
10 60 -0.55 -0.5 27 28 100.450321730515 0.0005847777854057767
10 60 -0.55 -0.5 28 29 90.40289566821922 0.000524705666109071
10 60 -0.55 -0.5 29 30 81.56465590147037 0.0004630368123486051
10 60 -0.55 -0.5 30 31 73.76639936539183 0.0004164056472717448
10 60 -0.55 -0.5 31 32 66.86572725248578 0.0003811413166943112
10 60 -0.55 -0.5 32 33 60.74230739781289 0.0003492359434886794
10 60 -0.55 -0.5 33 34 55.29413642804729 0.0003120887748977452
10 60 -0.55 -0.5 34 35 50.43449073358649 0.0002763352387447071
10 60 -0.55 -0.5 35 36 46.08932797044064 0.0002494942092567953
10 60 -0.55 -0.5 36 37 42.19516159263591 0.000231677006176767
10 60 -0.55 -0.5 37 38 38.69737524039822 0.0002099142617808525
10 60 -0.55 -0.5 38 39 35.54890583689188 0.0001901799976025131
10 60 -0.55 -0.5 39 40 32.70905682485772 0.0001781357132628614
10 60 -0.55 -0.5 40 42 57.96109554812773 0.0003033025465413175
10 60 -0.55 -0.5 42 44 49.50569513244986 0.0002280332756825487
10 60 -0.55 -0.5 44 46 42.5137988902536 0.0002079288870646678
10 60 -0.55 -0.5 46 48 36.6939513166289 0.0001756691047489767
10 60 -0.55 -0.5 48 50 31.82008594178074 0.0001468273197140491
10 60 -0.55 -0.5 50 52 27.71523542593504 0.0001202219203797483
10 60 -0.55 -0.5 52 54 24.23970692049608 0.0001028398637537009
10 60 -0.55 -0.5 54 56 21.28232522404351 8.718157620180023e-05
10 60 -0.55 -0.5 56 58 18.75403967017786 7.919518651178237e-05
10 60 -0.55 -0.5 58 60 16.58303284629051 6.434100826879785e-05
10 60 -0.55 -0.5 60 65 33.80726848397712 0.0001199508611335887
10 60 -0.55 -0.5 65 70 25.51449594873035 8.984225105024279e-05
10 60 -0.55 -0.5 70 80 34.80829563417719 0.0001218841989469865
10 60 -0.55 -0.5 80 90 21.59344045443269 7.543248987929019e-05
10 60 -0.55 -0.5 90 100 14.00831884347414 4.906177803576384e-05
10 60 -0.5 -0.45 0 0.5 -62670.61035215086 0.7465208582798368
10 60 -0.5 -0.45 0.5 1 825.2705968855922 0.0049697339946988
10 60 -0.5 -0.45 1 1.5 5100.789569511313 0.2372882314139133
10 60 -0.5 -0.45 1.5 2 4787.882269483974 0.1991502648243113
10 60 -0.5 -0.45 2 2.5 4085.423633024677 0.1524254848986857
10 60 -0.5 -0.45 2.5 3 3448.449497635641 0.1119606394599941
10 60 -0.5 -0.45 3 3.5 2925.731465250963 0.08955246751474988
10 60 -0.5 -0.45 3.5 4 2503.302893055471 0.07354778277340301
10 60 -0.5 -0.45 4 4.5 2160.309172921914 0.05984137336963613
10 60 -0.5 -0.45 4.5 5 1878.969399506358 0.04810839820015644
10 60 -0.5 -0.45 5 5.5 1645.610843107836 0.03859488310558845
10 60 -0.5 -0.45 5.5 6 1449.973605075642 0.03109416837492063
10 60 -0.5 -0.45 6 6.5 1284.368293656733 0.0255708708803013
10 60 -0.5 -0.45 6.5 7 1142.972239467575 0.02136786588425821
10 60 -0.5 -0.45 7 7.5 1021.332182945318 0.01774500204999185
10 60 -0.5 -0.45 7.5 8 915.9930634379937 0.01466148338181483
10 60 -0.5 -0.45 8 8.5 824.2375599712917 0.01220796397478807
10 60 -0.5 -0.45 8.5 9 743.902773410776 0.01026678961443395
10 60 -0.5 -0.45 9 9.5 673.2467404128415 0.008710924166280165
10 60 -0.5 -0.45 9.5 10 610.8503125320003 0.0075012810567614
10 60 -0.5 -0.45 10 10.5 555.5451685645588 0.006352919743562779
10 60 -0.5 -0.45 10.5 11 506.3620959290806 0.0053862617072582
10 60 -0.5 -0.45 11 11.5 462.4905891767928 0.004694560038956297
10 60 -0.5 -0.45 11.5 12 423.2477350337078 0.01798690636661604
10 60 -0.5 -0.45 12 12.5 388.0541242105105 0.01360322280970649
10 60 -0.5 -0.45 12.5 13 356.4153704453374 0.01012214636392628
10 60 -0.5 -0.45 13 13.5 327.9076179910937 0.007354823462833338
10 60 -0.5 -0.45 13.5 14 302.1659572685955 0.00515948692617485
10 60 -0.5 -0.45 14 14.5 278.874950734851 0.00342161557568943
10 60 -0.5 -0.45 14.5 15 257.7608330735114 0.002063169018299504
10 60 -0.5 -0.45 15 16 459.7237777381211 0.00467974111205649
10 60 -0.5 -0.45 16 17 395.9657262983471 0.005569884752617327
10 60 -0.5 -0.45 17 18 342.7674399119603 0.01134100537132099
10 60 -0.5 -0.45 18 19 298.1115654447755 0.01434219717293672
10 60 -0.5 -0.45 19 20 260.4153098579574 0.001550997884407934
10 60 -0.5 -0.45 20 21 228.4261074553605 0.001348522481208647
10 60 -0.5 -0.45 21 22 201.1454497582242 0.001205061834355092
10 60 -0.5 -0.45 22 23 177.7713764555853 0.001061495422248981
10 60 -0.5 -0.45 23 24 157.6562408497284 0.0009264895211060775
10 60 -0.5 -0.45 24 25 140.273832089811 0.000810510945683518
10 60 -0.5 -0.45 25 26 125.1939381616428 0.0007208156746401073
10 60 -0.5 -0.45 26 27 112.0626160076951 0.000667492781175838
10 60 -0.5 -0.45 27 28 100.5872371578627 0.0005836994206873669
10 60 -0.5 -0.45 28 29 90.52529632653608 0.0005147253592667766
10 60 -0.5 -0.45 29 30 81.67448315385752 0.0004710805677348162
10 60 -0.5 -0.45 30 31 73.86515086655189 0.0004333328598420394
10 60 -0.5 -0.45 31 32 66.95459908096402 0.0003874005042519002
10 60 -0.5 -0.45 32 33 60.82242974733031 0.0003440299346735287
10 60 -0.5 -0.45 33 34 55.36659131672515 0.0003102343571725896
10 60 -0.5 -0.45 34 35 50.50018669248772 0.0002842964394886849
10 60 -0.5 -0.45 35 36 46.14898238396584 0.000257112177706631
10 60 -0.5 -0.45 36 37 42.24939492900221 0.0002305546666576674
10 60 -0.5 -0.45 37 38 38.7467822535933 0.0002144239712364993
10 60 -0.5 -0.45 38 39 35.59398748494027 0.0002018322813555073
10 60 -0.5 -0.45 39 40 32.7502273182013 0.0001791348647017799
10 60 -0.5 -0.45 40 42 58.03330801993064 0.0003028750022622262
10 60 -0.5 -0.45 42 44 49.56639967046374 0.000251824344964291
10 60 -0.5 -0.45 44 46 42.56483169674552 0.0002093255765274193
10 60 -0.5 -0.45 46 48 36.73709102663598 0.0001808752378593681
10 60 -0.5 -0.45 48 50 31.85669157817936 0.000147538818424664
10 60 -0.5 -0.45 50 52 27.74644303638856 0.0001244358541434565
10 60 -0.5 -0.45 52 54 24.26639501760006 0.0001108049116353982
10 60 -0.5 -0.45 54 56 21.305152991455 9.833420111959867e-05
10 60 -0.5 -0.45 56 58 18.77353580661091 7.255891494395428e-05
10 60 -0.5 -0.45 58 60 16.59978679434868 5.921645691131516e-05
10 60 -0.5 -0.45 60 65 33.83980606968316 0.0001346928876273523
10 60 -0.5 -0.45 65 70 25.53664781214167 8.980837822036847e-05
10 60 -0.5 -0.45 70 80 34.83437951051149 0.0001218216298042307
10 60 -0.5 -0.45 80 90 21.60633163845271 7.537964983939105e-05
10 60 -0.5 -0.45 90 100 14.01441696314446 4.901233528720184e-05
10 60 -0.45 -0.4 0 0.5 -62797.47559635191 0.6432544526978745
10 60 -0.45 -0.4 0.5 1 813.8796402159749 0.001782936014819825
10 60 -0.45 -0.4 1 1.5 5102.828915379866 0.07698105416238832
10 60 -0.45 -0.4 1.5 2 4791.909963984004 0.1856922155930079
10 60 -0.45 -0.4 2 2.5 4089.563753049674 0.1528319788676527
10 60 -0.45 -0.4 2.5 3 3452.275987767975 0.1195009877860684
10 60 -0.45 -0.4 3 3.5 2929.160781034574 0.09021487115614946
10 60 -0.45 -0.4 3.5 4 2506.34578522009 0.07178971349003405
10 60 -0.45 -0.4 4 4.5 2163.00307656107 0.05826654936754494
10 60 -0.45 -0.4 4.5 5 1881.357682999238 0.04761723827414244
10 60 -0.45 -0.4 5 5.5 1647.731638627836 0.0389892603654971
10 60 -0.45 -0.4 5.5 6 1451.864574113325 0.03180823370917096
10 60 -0.45 -0.4 6 6.5 1286.057345707819 0.02583571943432617
10 60 -0.45 -0.4 6.5 7 1144.485884166805 0.02113091619048646
10 60 -0.45 -0.4 7 7.5 1022.692435079955 0.0176206523141218
10 60 -0.45 -0.4 7.5 8 917.2184155025169 0.01474984302797111
10 60 -0.45 -0.4 8 8.5 825.3433317686355 0.01227812036017895
10 60 -0.45 -0.4 8.5 9 744.902461568443 0.01024995323166422
10 60 -0.45 -0.4 9 9.5 674.1525088925373 0.008692313124583961
10 60 -0.45 -0.4 9.5 10 611.6725018032446 0.007376430286171853
10 60 -0.45 -0.4 10 10.5 556.2929712801346 0.006408964874708545
10 60 -0.45 -0.4 10.5 11 507.0435009460718 0.005552245980538828
10 60 -0.45 -0.4 11 11.5 463.1124720391314 0.004725758276720171
10 60 -0.45 -0.4 11.5 12 423.8161078208282 0.01801973180931782
10 60 -0.45 -0.4 12 12.5 388.5743478372154 0.01363063395234576
10 60 -0.45 -0.4 12.5 13 356.892181988731 0.01013646644594246
10 60 -0.45 -0.4 13 13.5 328.3453133699072 0.007363556754683032
10 60 -0.45 -0.4 13.5 14 302.5684363302606 0.00515832715933584
10 60 -0.45 -0.4 14 14.5 279.2457218895368 0.003430612314843984
10 60 -0.45 -0.4 14.5 15 258.1027980507452 0.002076580485152135
10 60 -0.45 -0.4 15 16 460.3310191189344 0.004660674371905316
10 60 -0.45 -0.4 16 17 396.4855747550172 0.005569875207982022
10 60 -0.45 -0.4 17 18 343.2147263190307 0.0113855881921836
10 60 -0.45 -0.4 18 19 298.4984278962636 0.01434749745766339
10 60 -0.45 -0.4 19 20 260.7511199311712 0.001552605974154631
10 60 -0.45 -0.4 20 21 228.7188078751198 0.00137048620973701
10 60 -0.45 -0.4 21 22 201.4014116097929 0.001193961122453402
10 60 -0.45 -0.4 22 23 177.9963232424268 0.001057097214413716
10 60 -0.45 -0.4 23 24 157.854833507313 0.0009513462011625506
10 60 -0.45 -0.4 24 25 140.4494660422558 0.0008386632006249783
10 60 -0.45 -0.4 25 26 125.3493099288 0.0007332176979417682
10 60 -0.45 -0.4 26 27 112.2003913947805 0.0006380153019591717
10 60 -0.45 -0.4 27 28 100.7101367168896 0.0005866487735062265
10 60 -0.45 -0.4 28 29 90.63526398547981 0.0005304614978882682
10 60 -0.45 -0.4 29 30 81.77300251171739 0.0004804374895144292
10 60 -0.45 -0.4 30 31 73.95356691086617 0.0004284105529563931
10 60 -0.45 -0.4 31 32 67.03418894327977 0.0003856400441435426
10 60 -0.45 -0.4 32 33 60.89427504618239 0.0003471251363293959
10 60 -0.45 -0.4 33 34 55.43157999775092 0.0003130510820241739
10 60 -0.45 -0.4 34 35 50.55909043436544 0.0002838545770700307
10 60 -0.45 -0.4 35 36 46.2024786257472 0.0002625054165292795
10 60 -0.45 -0.4 36 37 42.29804255591633 0.0002446170872829612
10 60 -0.45 -0.4 37 38 38.79103571015165 0.0002168410909533236
10 60 -0.45 -0.4 38 39 35.63431606365389 0.0001889000864494506
10 60 -0.45 -0.4 39 40 32.78711352017387 0.0001745274707403155
10 60 -0.45 -0.4 40 42 58.09819173881274 0.0003189035133814855
10 60 -0.45 -0.4 42 44 49.6210925985249 0.0002707123604679396
10 60 -0.45 -0.4 44 46 42.61081967898758 0.0002133271064010955
10 60 -0.45 -0.4 46 48 36.77591203783864 0.000176865108485913
10 60 -0.45 -0.4 48 50 31.88973992882928 0.0001533426092130696
10 60 -0.45 -0.4 50 52 27.77464637825967 0.000138334940945839
10 60 -0.45 -0.4 52 54 24.29042636710295 0.0001142737854920028
10 60 -0.45 -0.4 54 56 21.3256887458831 8.603851140165375e-05
10 60 -0.45 -0.4 56 58 18.79127205965989 7.707588815364375e-05
10 60 -0.45 -0.4 58 60 16.61510381517374 7.651033451239186e-05
10 60 -0.45 -0.4 60 65 33.86925877988294 0.0001198853640218545
10 60 -0.45 -0.4 65 70 25.55706277624723 8.987772566015906e-05
10 60 -0.45 -0.4 70 80 34.85804831955606 0.0001217448876573712
10 60 -0.45 -0.4 80 90 21.61795998580131 7.533970117989952e-05
10 60 -0.45 -0.4 90 100 14.01996574809619 4.896785985231134e-05
10 60 -0.4 -0.35 0 0.5 -62910.81860234794 0.5678816062427359
10 60 -0.4 -0.35 0.5 1 803.7571838724898 0.0003942500864013709
10 60 -0.4 -0.35 1 1.5 5104.660038978948 0.07999371058122051
10 60 -0.4 -0.35 1.5 2 4795.501792433356 0.1905102301288935
10 60 -0.4 -0.35 2 2.5 4093.2519449243 0.1427224501321689
10 60 -0.4 -0.35 2.5 3 3455.683654676396 0.1169954205752219
10 60 -0.4 -0.35 3 3.5 2932.213702320993 0.09438140416750684
10 60 -0.4 -0.35 3.5 4 2509.057429628775 0.07346099738515477
10 60 -0.4 -0.35 4 4.5 2165.404140417393 0.05866771160299322
10 60 -0.4 -0.35 4.5 5 1883.485888179629 0.04753944737899474
10 60 -0.4 -0.35 5 5.5 1649.62210125974 0.03852915993002171
10 60 -0.4 -0.35 5.5 6 1453.548916818991 0.03154309555429791
10 60 -0.4 -0.35 6 6.5 1287.561960382817 0.02598390206458134
10 60 -0.4 -0.35 6.5 7 1145.833918808088 0.02132881087914029
10 60 -0.4 -0.35 7 7.5 1023.90396401022 0.01752757031727015
10 60 -0.4 -0.35 7.5 8 918.3093503800607 0.01465389173597487
10 60 -0.4 -0.35 8 8.5 826.3278198083958 0.01238666995823223
10 60 -0.4 -0.35 8.5 9 745.7931991739861 0.010408120577722
10 60 -0.4 -0.35 9 9.5 674.9598317559205 0.00870828066786089
10 60 -0.4 -0.35 9.5 10 612.4049421497111 0.007387525437479781
10 60 -0.4 -0.35 10 10.5 556.958720209255 0.006285677241180565
10 60 -0.4 -0.35 10.5 11 507.6500476236693 0.005409039497806134
10 60 -0.4 -0.35 11 11.5 463.6663397824022 0.004785903318690998
10 60 -0.4 -0.35 11.5 12 424.32257174194 0.01807071037649166
10 60 -0.4 -0.35 12 12.5 389.037740265723 0.01365369846320164
10 60 -0.4 -0.35 12.5 13 357.3166551463968 0.01014589827389045
10 60 -0.4 -0.35 13 13.5 328.7348651359542 0.007355876574820286
10 60 -0.4 -0.35 13.5 14 302.9267528728463 0.005168880935684683
10 60 -0.4 -0.35 14 14.5 279.5757486901514 0.003442470047559709
10 60 -0.4 -0.35 14.5 15 258.407048591709 0.002080211871657411
10 60 -0.4 -0.35 15 16 460.8713811362346 0.004679774599537723
10 60 -0.4 -0.35 16 17 396.9481034529704 0.005604702280948004
10 60 -0.4 -0.35 17 18 343.6125964559411 0.01138605321665409
10 60 -0.4 -0.35 18 19 298.8421511063071 0.0143910703303618
10 60 -0.4 -0.35 19 20 261.0495708714447 0.001583275244968263
10 60 -0.4 -0.35 20 21 228.9786953047187 0.00136913587351728
10 60 -0.4 -0.35 21 22 201.6286664527696 0.001197738605753784
10 60 -0.4 -0.35 22 23 178.1958602291472 0.001064575337949236
10 60 -0.4 -0.35 23 24 158.030676983898 0.0009517018767724039
10 60 -0.4 -0.35 24 25 140.6049772865034 0.0008572304306255774
10 60 -0.4 -0.35 25 26 125.4871162322201 0.0007408468935778956
10 60 -0.4 -0.35 26 27 112.3227301468905 0.0006448391304161305
10 60 -0.4 -0.35 27 28 100.8190015990118 0.0005809806931580397
10 60 -0.4 -0.35 28 29 90.73250247331315 0.0005422417827247727
10 60 -0.4 -0.35 29 30 81.86003444742987 0.0004776299776381165
10 60 -0.4 -0.35 30 31 74.03168109307015 0.0004266580437644052
10 60 -0.4 -0.35 31 32 67.10452492464019 0.0003837369567492033
10 60 -0.4 -0.35 32 33 60.95779303665176 0.0003486527043392584
10 60 -0.4 -0.35 33 34 55.48905299816472 0.0003202074951644818
10 60 -0.4 -0.35 34 35 50.61114476946933 0.0002938692840288581
10 60 -0.4 -0.35 35 36 46.24966820974879 0.0002658053297963647
10 60 -0.4 -0.35 36 37 42.34090640492862 0.0002326790862881012
10 60 -0.4 -0.35 37 38 38.83011432027217 0.0002111913673772392
10 60 -0.4 -0.35 38 39 35.67003455610622 0.0001978358750918119
10 60 -0.4 -0.35 39 40 32.819777652402 0.0001824878626095483
10 60 -0.4 -0.35 40 42 58.15546440923688 0.000322839142313569
10 60 -0.4 -0.35 42 44 49.66933333375314 0.0002710177517784018
10 60 -0.4 -0.35 44 46 42.65167201005443 0.0002250558973884154
10 60 -0.4 -0.35 46 48 36.81046895130977 0.0001780231232118012
10 60 -0.4 -0.35 48 50 31.91907739643186 0.000167090747414278
10 60 -0.4 -0.35 50 52 27.79958778573154 0.000136147768934336
10 60 -0.4 -0.35 52 54 24.31174543904773 0.0001023658844800934
10 60 -0.4 -0.35 54 56 21.34409841322932 9.846422175385783e-05
10 60 -0.4 -0.35 56 58 18.80711789408463 9.406869063255385e-05
10 60 -0.4 -0.35 58 60 16.62867444377871 6.576068525276924e-05
10 60 -0.4 -0.35 60 65 33.89576890237683 0.0001325052818827999
10 60 -0.4 -0.35 65 70 25.57541149835469 8.974978527831468e-05
10 60 -0.4 -0.35 70 80 34.87938038657223 0.0001216730017006284
10 60 -0.4 -0.35 80 90 21.62831372039495 7.530213592943369e-05
10 60 -0.4 -0.35 90 100 14.02497323786542 4.892604487416463e-05
10 60 -0.35 -0.3 0 0.5 -63010.50199289239 0.5793281256628688
10 60 -0.35 -0.3 0.5 1 794.8873314790183 0.0004713948555945535
10 60 -0.35 -0.3 1 1.5 5106.279408497544 0.2495238308711123
10 60 -0.35 -0.3 1.5 2 4798.661608358259 0.1995560877285243
10 60 -0.35 -0.3 2 2.5 4096.488216793606 0.1461451806990226
10 60 -0.35 -0.3 2.5 3 3458.672936066828 0.1119182914026169
10 60 -0.35 -0.3 3 3.5 2934.8885956053 0.09136948181230764
10 60 -0.35 -0.3 3.5 4 2511.433492111494 0.0745473994297754
10 60 -0.35 -0.3 4 4.5 2167.509637565055 0.05922671625467046
10 60 -0.35 -0.3 4.5 5 1885.35235898197 0.04762479161627198
10 60 -0.35 -0.3 5 5.5 1651.280578339554 0.03897958538891544
10 60 -0.35 -0.3 5.5 6 1455.025753624651 0.03173741412433628
10 60 -0.35 -0.3 6 6.5 1288.880998456784 0.02594296494066839
10 60 -0.35 -0.3 6.5 7 1147.015545749164 0.02137989314746847
10 60 -0.35 -0.3 7 7.5 1024.965759259759 0.01765145139597735
10 60 -0.35 -0.3 7.5 8 919.2651339783245 0.01453604217601878
10 60 -0.35 -0.3 8 8.5 827.1904532974038 0.0121407845089152
10 60 -0.35 -0.3 8.5 9 746.5739373318225 0.01037327956544232
10 60 -0.35 -0.3 9 9.5 675.6674287213349 0.008877650736053511
10 60 -0.35 -0.3 9.5 10 613.0471765931617 0.007538972297538749
10 60 -0.35 -0.3 10 10.5 557.5423909518549 0.006407395238511526
10 60 -0.35 -0.3 10.5 11 508.1816894852967 0.00549604796009362
10 60 -0.35 -0.3 11 11.5 464.1516355637817 0.004641913228795147
10 60 -0.35 -0.3 11.5 12 424.766134225691 0.01809657020521627
10 60 -0.35 -0.3 12 12.5 389.4436961264117 0.0136763614867732
10 60 -0.35 -0.3 12.5 13 357.6887446520502 0.01015084540790667
10 60 -0.35 -0.3 13 13.5 329.0764975215102 0.007376339291056411
10 60 -0.35 -0.3 13.5 14 303.2407154885295 0.005177615008335579
10 60 -0.35 -0.3 14 14.5 279.8646144174555 0.0034423150668772
10 60 -0.35 -0.3 14.5 15 258.6732664960822 0.002077353422521355
10 60 -0.35 -0.3 15 16 461.3443130399144 0.004682416820514845
10 60 -0.35 -0.3 16 17 397.3531437018636 0.005570504188369796
10 60 -0.35 -0.3 17 18 343.9607040954632 0.01142373022446463
10 60 -0.35 -0.3 18 19 299.1427290225769 0.01440340477887503
10 60 -0.35 -0.3 19 20 261.3101368608701 0.001578064114937661
10 60 -0.35 -0.3 20 21 229.2056784338193 0.001381210171018665
10 60 -0.35 -0.3 21 22 201.8271333261342 0.001214565473731
10 60 -0.35 -0.3 22 23 178.3698622651329 0.001072484849970579
10 60 -0.35 -0.3 23 24 158.1836532818114 0.0009532402094691861
10 60 -0.35 -0.3 24 25 140.7400484446441 0.0008341062344925376
10 60 -0.35 -0.3 25 26 125.6071102273862 0.0007543801186500332
10 60 -0.35 -0.3 26 27 112.4295191605173 0.000681513980069326
10 60 -0.35 -0.3 27 28 100.9138592064137 0.0005911312922251
10 60 -0.35 -0.3 28 29 90.81686905731206 0.0005146516301977044
10 60 -0.35 -0.3 29 30 81.93556235584443 0.0004792020183259638
10 60 -0.35 -0.3 30 31 74.09955546736474 0.0004294105095965506
10 60 -0.35 -0.3 31 32 67.16564061531676 0.0003866470759135154
10 60 -0.35 -0.3 32 33 61.01291725028923 0.0003565187342857712
10 60 -0.35 -0.3 33 34 55.53884093127954 0.0003280099402402925
10 60 -0.35 -0.3 34 35 50.65618533106763 0.0002875663661754402
10 60 -0.35 -0.3 35 36 46.29053900907936 0.0002535182476890441
10 60 -0.35 -0.3 36 37 42.37813282820553 0.0002369985385328732
10 60 -0.35 -0.3 37 38 38.86406995073452 0.0002208419802940398
10 60 -0.35 -0.3 38 39 35.70102242294753 0.0002047233868225362
10 60 -0.35 -0.3 39 40 32.8480739448687 0.0001858098067586411
10 60 -0.35 -0.3 40 42 58.20501094636721 0.0003187839816547466
10 60 -0.35 -0.3 42 44 49.71107498857053 0.0002690804393381541
10 60 -0.35 -0.3 44 46 42.68714564403574 0.0002284286169214056
10 60 -0.35 -0.3 46 48 36.84065820023042 0.0002066452221498594
10 60 -0.35 -0.3 48 50 31.94451634641184 0.0001516824645761972
10 60 -0.35 -0.3 50 52 27.82128481989462 0.0001230791561326328
10 60 -0.35 -0.3 52 54 24.33049416744395 0.0001266130045713965
10 60 -0.35 -0.3 54 56 21.3601461514932 0.0001072454326092043
10 60 -0.35 -0.3 56 58 18.82084225160497 7.148866797024311e-05
10 60 -0.35 -0.3 58 60 16.64061515353352 7.045254786319788e-05
10 60 -0.35 -0.3 60 65 33.91908482548752 0.0001484818696795287
10 60 -0.35 -0.3 65 70 25.59169229615911 9.710740333090939e-05
10 60 -0.35 -0.3 70 80 34.8983758432053 0.0001216444759819524
10 60 -0.35 -0.3 80 90 21.63739913168224 7.526619826947467e-05
10 60 -0.35 -0.3 90 100 14.02940167049194 4.889475519576081e-05
10 60 -0.3 -0.25 0 0.5 -63096.2783412669 0.5904775469898595
10 60 -0.3 -0.25 0.5 1 787.2393433339237 0.003413068922441198
10 60 -0.3 -0.25 1 1.5 5107.68609056253 0.09360541535625089
10 60 -0.3 -0.25 1.5 2 4801.387278893149 0.1955280634410883
10 60 -0.3 -0.25 2 2.5 4099.274342437097 0.1538682462232828
10 60 -0.3 -0.25 2.5 3 3461.243024859587 0.1164265465135941
10 60 -0.3 -0.25 3 3.5 2937.18662874306 0.08960561803360179
10 60 -0.3 -0.25 3.5 4 2513.472430861914 0.07271512269380764
10 60 -0.3 -0.25 4 4.5 2169.316628897356 0.05950145763472392
10 60 -0.3 -0.25 4.5 5 1886.954852833821 0.04771837068301465
10 60 -0.3 -0.25 5 5.5 1652.704930892541 0.03845735086952118
10 60 -0.3 -0.25 5.5 6 1456.294473586655 0.03157406188847744
10 60 -0.3 -0.25 6 6.5 1290.01342144121 0.02599100372663088
10 60 -0.3 -0.25 6.5 7 1148.030398894237 0.02146594856935735
10 60 -0.3 -0.25 7 7.5 1025.876754999255 0.01784240950246385
10 60 -0.3 -0.25 7.5 8 920.0850400485839 0.01486332572687843
10 60 -0.3 -0.25 8 8.5 827.9308494013029 0.01226857112305879
10 60 -0.3 -0.25 8.5 9 747.2438569326816 0.01013068862891942
10 60 -0.3 -0.25 9 9.5 676.2744402895192 0.008570285269684064
10 60 -0.3 -0.25 9.5 10 613.598203354402 0.007388733998027419
10 60 -0.3 -0.25 10 10.5 558.0437380575086 0.006384827508441049
10 60 -0.3 -0.25 10.5 11 508.6384718728622 0.005516513283623681
10 60 -0.3 -0.25 11 11.5 464.5679663610055 0.004853566669851261
10 60 -0.3 -0.25 11.5 12 425.1462905522218 0.01809504361625613
10 60 -0.3 -0.25 12 12.5 389.7917977663326 0.01367655341067575
10 60 -0.3 -0.25 12.5 13 358.0082028369844 0.01018167945414916
10 60 -0.3 -0.25 13 13.5 329.3697882316465 0.007394690257228831
10 60 -0.3 -0.25 13.5 14 303.5100794418632 0.005183907314176395
10 60 -0.3 -0.25 14 14.5 280.1123084204246 0.003439781016595589
10 60 -0.3 -0.25 14.5 15 258.9014323728098 0.002076537880611795
10 60 -0.3 -0.25 15 16 461.7494763199701 0.004673372727154401
10 60 -0.3 -0.25 16 17 397.7000089729754 0.00558162563015685
10 60 -0.3 -0.25 17 18 344.2589206418685 0.01140342011484563
10 60 -0.3 -0.25 18 19 299.3998637228545 0.01442262986978449
10 60 -0.3 -0.25 19 20 261.5328005080046 0.001577358465283396
10 60 -0.3 -0.25 20 21 229.399518015706 0.001390937680668003
10 60 -0.3 -0.25 21 22 201.9964782193082 0.00123029706850275
10 60 -0.3 -0.25 22 23 178.5180928433972 0.001082577563494169
10 60 -0.3 -0.25 23 24 158.3138276057773 0.0009359199878247182
10 60 -0.3 -0.25 24 25 140.8550145144897 0.0008381176639886689
10 60 -0.3 -0.25 25 26 125.709002154213 0.0007632397737324936
10 60 -0.3 -0.25 26 27 112.5200656004526 0.000683151071143584
10 60 -0.3 -0.25 27 28 100.994520707642 0.0006051536570765848
10 60 -0.3 -0.25 28 29 90.88874952346241 0.000524583388227029
10 60 -0.3 -0.25 29 30 81.99969416525948 0.0004573908660603365
10 60 -0.3 -0.25 30 31 74.15710653675022 0.0004336682071084397
10 60 -0.3 -0.25 31 32 67.21742468533834 0.0004060580896094734
10 60 -0.3 -0.25 32 33 61.05949805005097 0.0003542227768349449
10 60 -0.3 -0.25 33 34 55.5808635237625 0.0003079659734481766
10 60 -0.3 -0.25 34 35 50.6943076971878 0.0002843709929010174
10 60 -0.3 -0.25 35 36 46.32522920976279 0.000270487008542375
10 60 -0.3 -0.25 36 37 42.40967085247779 0.000246096280974939
10 60 -0.3 -0.25 37 38 38.89274418435647 0.0002215079424914279
10 60 -0.3 -0.25 38 39 35.72713699074423 0.0001991825922189605
10 60 -0.3 -0.25 39 40 32.87192739652929 0.0001834597002314808
10 60 -0.3 -0.25 40 42 58.2468777980969 0.0003240786772025217
10 60 -0.3 -0.25 42 44 49.74637005932625 0.0002668653712163405
10 60 -0.3 -0.25 44 46 42.71706218798121 0.0002459446844369495
10 60 -0.3 -0.25 46 48 36.86603371411042 0.0001908503444028042
10 60 -0.3 -0.25 48 50 31.96627759072743 0.0001540818787368892
10 60 -0.3 -0.25 50 52 27.83990960992933 0.0001484640570268425
10 60 -0.3 -0.25 52 54 24.34629238861551 0.0001167242777775357
10 60 -0.3 -0.25 54 56 21.37372186152688 8.678290575758751e-05
10 60 -0.3 -0.25 56 58 18.83269956217576 9.394886460611929e-05
10 60 -0.3 -0.25 58 60 16.65084688964286 8.528413746233809e-05
10 60 -0.3 -0.25 60 65 33.93893215634972 0.000133557018827446
10 60 -0.3 -0.25 65 70 25.60568745595306 0.0001002275282573351
10 60 -0.3 -0.25 70 80 34.91503030927047 0.0001216559421663987
10 60 -0.3 -0.25 80 90 21.64528770334166 7.522812916249677e-05
10 60 -0.3 -0.25 90 100 14.03319545475002 4.887475909498562e-05
10 60 -0.25 -0.2 0 0.5 -63167.93600712747 0.5897799758531619
10 60 -0.25 -0.2 0.5 1 780.791972311716 0.004441798437369471
10 60 -0.25 -0.2 1 1.5 5108.880505744069 0.2510956038950098
10 60 -0.25 -0.2 1.5 2 4803.675241048007 0.1911643468793045
10 60 -0.25 -0.2 2 2.5 4101.606355034797 0.148614739403456
10 60 -0.25 -0.2 2.5 3 3463.392990525155 0.1183471248436945
10 60 -0.25 -0.2 3 3.5 2939.108340384681 0.0925771222464391
10 60 -0.25 -0.2 3.5 4 2515.174781079193 0.07247912954380809
10 60 -0.25 -0.2 4 4.5 2170.823937064939 0.05874345461415942
10 60 -0.25 -0.2 4.5 5 1888.291926171174 0.04833544066900686
10 60 -0.25 -0.2 5 5.5 1653.893180455693 0.03906611389493264
10 60 -0.25 -0.2 5.5 6 1457.353182133528 0.03145946434096913
10 60 -0.25 -0.2 6 6.5 1290.95895241874 0.02574911397709911
10 60 -0.25 -0.2 6.5 7 1148.877360478732 0.02118981568173695
10 60 -0.25 -0.2 7 7.5 1026.636534870551 0.01754694654528066
10 60 -0.25 -0.2 7.5 8 920.76887465035 0.0147342873776779
10 60 -0.25 -0.2 8 8.5 828.5483731036496 0.01253757348001727
10 60 -0.25 -0.2 8.5 9 747.8022059503646 0.01060010767969288
10 60 -0.25 -0.2 9 9.5 676.7802603236318 0.008844673422572669
10 60 -0.25 -0.2 9.5 10 614.0576628172877 0.007411203019046297
10 60 -0.25 -0.2 10 10.5 558.4621852691956 0.006311058751748533
10 60 -0.25 -0.2 10.5 11 509.0195406326455 0.005424610089733051
10 60 -0.25 -0.2 11 11.5 464.9151974974574 0.004650991149333095
10 60 -0.25 -0.2 11.5 12 425.4633357372707 0.01809282199945983
10 60 -0.25 -0.2 12 12.5 390.0820523539666 0.0136910247791775
10 60 -0.25 -0.2 12.5 13 358.2743539142403 0.01019637327891587
10 60 -0.25 -0.2 13 13.5 329.6140820035492 0.007404357284656271
10 60 -0.25 -0.2 13.5 14 303.7345784240112 0.005192285572547917
10 60 -0.25 -0.2 14 14.5 280.3188251954002 0.003445039287043983
10 60 -0.25 -0.2 14.5 15 259.0916234733398 0.002078053452692075
10 60 -0.25 -0.2 15 16 462.0867214502884 0.004678754375106564
10 60 -0.25 -0.2 16 17 397.988322667643 0.005592136896439115
10 60 -0.25 -0.2 17 18 344.5066553592808 0.01140495471014447
10 60 -0.25 -0.2 18 19 299.6133982244956 0.01444339464359246
10 60 -0.25 -0.2 19 20 261.7175928712116 0.001584143828495144
10 60 -0.25 -0.2 20 21 229.5600017635478 0.001397135119049153
10 60 -0.25 -0.2 21 22 202.1362982245014 0.00123560008191248
10 60 -0.25 -0.2 22 23 178.6404225443308 0.001068722974878256
10 60 -0.25 -0.2 23 24 158.421444829283 0.0009533070686700285
10 60 -0.25 -0.2 24 25 140.9498253831998 0.0008522148949339226
10 60 -0.25 -0.2 25 26 125.7926450313173 0.0007523774226569913
10 60 -0.25 -0.2 26 27 112.5942373119725 0.000674007957755407
10 60 -0.25 -0.2 27 28 101.0607111619696 0.0006009966778464104
10 60 -0.25 -0.2 28 29 90.94803476317414 0.0005409711507269321
10 60 -0.25 -0.2 29 30 82.05268300436683 0.0004877654295540879
10 60 -0.25 -0.2 30 31 74.20428106194218 0.0004296682243847272
10 60 -0.25 -0.2 31 32 67.25961097193421 0.0003742549982206356
10 60 -0.25 -0.2 32 33 61.09758747218836 0.0003481580375961357
10 60 -0.25 -0.2 33 34 55.61538292191872 0.0003248994290743212
10 60 -0.25 -0.2 34 35 50.72555653845436 0.0002980712747202574
10 60 -0.25 -0.2 35 36 46.35349980314623 0.0002646888795396762
10 60 -0.25 -0.2 36 37 42.43533552100666 0.0002431682210044528
10 60 -0.25 -0.2 37 38 38.9161055300397 0.0002221250145950648
10 60 -0.25 -0.2 38 39 35.74843666121543 0.0002021291386995472
10 60 -0.25 -0.2 39 40 32.89137225616597 0.0001835520416406666
10 60 -0.25 -0.2 40 42 58.2810192785994 0.0003184864313325875
10 60 -0.25 -0.2 42 44 49.77514667779003 0.0002917005821387875
10 60 -0.25 -0.2 44 46 42.74122446108858 0.0002169831265135258
10 60 -0.25 -0.2 46 48 36.88679404900772 0.0001903242663416904
10 60 -0.25 -0.2 48 50 31.98422428479223 0.0001909743207804127
10 60 -0.25 -0.2 50 52 27.85511590130024 0.0001295075108274091
10 60 -0.25 -0.2 52 54 24.35930816643146 0.000103007390499954
10 60 -0.25 -0.2 54 56 21.38503984978952 0.000116635265470677
10 60 -0.25 -0.2 56 58 18.84238224763252 9.226209762758231e-05
10 60 -0.25 -0.2 58 60 16.65916240300132 6.425714708058194e-05
10 60 -0.25 -0.2 60 65 33.95543893898524 0.0001569949985480434
10 60 -0.25 -0.2 65 70 25.61731340334448 9.52848133373152e-05
10 60 -0.25 -0.2 70 80 34.92917364631528 0.0001216183150702932
10 60 -0.25 -0.2 80 90 21.65198731200056 7.518281526230908e-05
10 60 -0.25 -0.2 90 100 14.03633396191396 4.885893678796549e-05
10 60 -0.2 -0.15 0 0.5 -63225.44492453448 0.591287724848371
10 60 -0.2 -0.15 0.5 1 775.5474738444304 0.004910218527356847
10 60 -0.2 -0.15 1 1.5 5109.830257841608 0.247074944583801
10 60 -0.2 -0.15 1.5 2 4805.52154548095 0.1945346356696973
10 60 -0.2 -0.15 2 2.5 4103.48395230266 0.1465917128971341
10 60 -0.2 -0.15 2.5 3 3465.119283441594 0.1150100296013079
10 60 -0.2 -0.15 3 3.5 2940.652517864995 0.09301869469163648
10 60 -0.2 -0.15 3.5 4 2516.540366059607 0.07415192223561462
10 60 -0.2 -0.15 4 4.5 2172.032450806361 0.0587064312635448
10 60 -0.2 -0.15 4.5 5 1889.362448324828 0.04741851730568669
10 60 -0.2 -0.15 5 5.5 1654.844912553026 0.03928491982833293
10 60 -0.2 -0.15 5.5 6 1458.200579461739 0.03224437013273018
10 60 -0.2 -0.15 6 6.5 1291.7166441242 0.02611874816670934
10 60 -0.2 -0.15 6.5 7 1149.555399083697 0.02137071635070242
10 60 -0.2 -0.15 7 7.5 1027.244704426952 0.01757868863523981
10 60 -0.2 -0.15 7.5 8 921.3166268246978 0.01445852012216164
10 60 -0.2 -0.15 8 8.5 829.0424474647203 0.01201022411430586
10 60 -0.2 -0.15 8.5 9 748.2485556069379 0.01021900015211941
10 60 -0.2 -0.15 9 9.5 677.1846677885123 0.008809789668930534
10 60 -0.2 -0.15 9.5 10 614.425489967235 0.007555662673553343
10 60 -0.2 -0.15 10 10.5 558.7966926243352 0.006454753386151424
10 60 -0.2 -0.15 10.5 11 509.3240826982989 0.005546053342357027
10 60 -0.2 -0.15 11 11.5 465.1932200606827 0.004800606564742793
10 60 -0.2 -0.15 11.5 12 425.7175489134605 0.01813043613600485
10 60 -0.2 -0.15 12 12.5 390.3144025477087 0.01371258304084222
10 60 -0.2 -0.15 12.5 13 358.4868461818155 0.01018465098820798
10 60 -0.2 -0.15 13 13.5 329.8090314878776 0.007399970498340736
10 60 -0.2 -0.15 13.5 14 303.9139105498951 0.005198100223765323
10 60 -0.2 -0.15 14 14.5 280.4839783823032 0.003459793836839253
10 60 -0.2 -0.15 14.5 15 259.2436772859546 0.002085414833629784
10 60 -0.2 -0.15 15 16 462.3558964484915 0.004638515645922325
10 60 -0.2 -0.15 16 17 398.2179502397315 0.005590058339123516
10 60 -0.2 -0.15 17 18 344.7034636772933 0.0114305380851647
10 60 -0.2 -0.15 18 19 299.7830876260564 0.01443851047491762
10 60 -0.2 -0.15 19 20 261.8643363856432 0.001607641053169573
10 60 -0.2 -0.15 20 21 229.6869459699857 0.001400673715579615
10 60 -0.2 -0.15 21 22 202.2465599454005 0.001208937458073933
10 60 -0.2 -0.15 22 23 178.7370126589634 0.001085965062060268
10 60 -0.2 -0.15 23 24 158.5061953112814 0.0009651209888943413
10 60 -0.2 -0.15 24 25 141.0242248136749 0.0008523057300351411
10 60 -0.2 -0.15 25 26 125.8581872001178 0.00075032301401734
10 60 -0.2 -0.15 26 27 112.6522856949762 0.0006559654693489847
10 60 -0.2 -0.15 27 28 101.112458827898 0.0006037377631429308
10 60 -0.2 -0.15 28 29 90.99430398374417 0.0005625942915372661
10 60 -0.2 -0.15 29 30 82.09401967786972 0.0004934260856401806
10 60 -0.2 -0.15 30 31 74.24121557080785 0.0004176548848420225
10 60 -0.2 -0.15 31 32 67.29268634764811 0.0003766650816743322
10 60 -0.2 -0.15 32 33 61.12728965590478 0.0003524283903857395
10 60 -0.2 -0.15 33 34 55.64214832180944 0.0003287354249863483
10 60 -0.2 -0.15 34 35 50.7497178467811 0.0002925999103453591
10 60 -0.2 -0.15 35 36 46.3753744274109 0.0002680908023009465
10 60 -0.2 -0.15 36 37 42.45516628876797 0.0002416911379157227
10 60 -0.2 -0.15 37 38 38.93414014946539 0.0002205771899141951
10 60 -0.2 -0.15 38 39 35.76489679298192 0.0001967263124313945
10 60 -0.2 -0.15 39 40 32.90644643614434 0.0001857658284123431
10 60 -0.2 -0.15 40 42 58.30738202784853 0.0003433088323916422
10 60 -0.2 -0.15 42 44 49.79711085757691 0.0002561187040797108
10 60 -0.2 -0.15 44 46 42.76006849572943 0.0002302198313728354
10 60 -0.2 -0.15 46 48 36.90289151447709 0.0002171040876319807
10 60 -0.2 -0.15 48 50 31.99784684057664 0.0001482349644987835
10 60 -0.2 -0.15 50 52 27.86708906326835 0.0001456373283801327
10 60 -0.2 -0.15 52 54 24.36970182067738 0.0001399439852534101
10 60 -0.2 -0.15 54 56 21.39373392186952 8.853076316484021e-05
10 60 -0.2 -0.15 56 58 18.84989199361864 8.034392971723037e-05
10 60 -0.2 -0.15 58 60 16.66579090893202 8.867667777323618e-05
10 60 -0.2 -0.15 60 65 33.96830400840548 0.0001409003625170158
10 60 -0.2 -0.15 65 70 25.62659036559084 0.0001078768151145937
10 60 -0.2 -0.15 70 80 34.94059659387079 0.0001216053281964946
10 60 -0.2 -0.15 80 90 21.65751930594237 7.516226675363669e-05
10 60 -0.2 -0.15 90 100 14.03887985723698 4.884331138121922e-05
10 60 -0.15 -0.1 0 0.5 -63268.77885233944 0.5987411951791728
10 60 -0.15 -0.1 0.5 1 771.5434439280142 0.01895842538999659
10 60 -0.15 -0.1 1 1.5 5110.517200939888 0.08055625702763791
10 60 -0.15 -0.1 1.5 2 4806.915332784941 0.1922744081721248
10 60 -0.15 -0.1 2 2.5 4104.906153705308 0.1497896683140425
10 60 -0.15 -0.1 2.5 3 3466.420631454234 0.115835752122166
10 60 -0.15 -0.1 3 3.5 2941.817326764231 0.09095641022759082
10 60 -0.15 -0.1 3.5 4 2517.5682297213 0.07350373504004892
10 60 -0.15 -0.1 4 4.5 2172.942583832333 0.05927172698829963
10 60 -0.15 -0.1 4.5 5 1890.166390513698 0.04737229621628103
10 60 -0.15 -0.1 5 5.5 1655.559519965358 0.03813018245887179
10 60 -0.15 -0.1 5.5 6 1458.836707869113 0.03149780063017715
10 60 -0.15 -0.1 6 6.5 1292.285362857398 0.0262653900551868
10 60 -0.15 -0.1 6.5 7 1150.064005578168 0.0216827503127206
10 60 -0.15 -0.1 7 7.5 1027.701210313548 0.01799039023057958
10 60 -0.15 -0.1 7.5 8 921.7276230090199 0.01500624277116458
10 60 -0.15 -0.1 8 8.5 829.4126027230004 0.01244058397560366
10 60 -0.15 -0.1 8.5 9 748.5828049395124 0.01028384197843479
10 60 -0.15 -0.1 9 9.5 677.4880999201368 0.008599766035786161
10 60 -0.15 -0.1 9.5 10 614.700879062966 0.00734366481788129
10 60 -0.15 -0.1 10 10.5 559.0467863322411 0.00632723305568561
10 60 -0.15 -0.1 10.5 11 509.5520463410018 0.005452489787558079
10 60 -0.15 -0.1 11 11.5 465.4016771448112 0.004731580317638873
10 60 -0.15 -0.1 11.5 12 425.9081592551154 0.0181668284806733
10 60 -0.15 -0.1 12 12.5 390.4885359098868 0.01372121326016895
10 60 -0.15 -0.1 12.5 13 358.6460949916238 0.01019139025657978
10 60 -0.15 -0.1 13 13.5 329.954892729509 0.007396864361396638
10 60 -0.15 -0.1 13.5 14 304.0478051387877 0.00519803752382586
10 60 -0.15 -0.1 14 14.5 280.6071320559996 0.003457128974105217
10 60 -0.15 -0.1 14.5 15 259.3571811373758 0.002090122248489479
10 60 -0.15 -0.1 15 16 462.5570312565462 0.004720266515221283
10 60 -0.15 -0.1 16 17 398.3886706331423 0.005632891290815678
10 60 -0.15 -0.1 17 18 344.8493232548154 0.0114602582571024
10 60 -0.15 -0.1 18 19 299.9086180526403 0.01443411534290817
10 60 -0.15 -0.1 19 20 261.9724989494973 0.001622954589095116
10 60 -0.15 -0.1 20 21 229.780317580373 0.001389272237730665
10 60 -0.15 -0.1 21 22 202.3277068556674 0.001223124809882847
10 60 -0.15 -0.1 22 23 178.8075970866043 0.001083405677434257
10 60 -0.15 -0.1 23 24 158.5677763089529 0.0009700596412471896
10 60 -0.15 -0.1 24 25 141.0781859076183 0.0008427163177486818
10 60 -0.15 -0.1 25 26 125.9057849699845 0.0007379926537680603
10 60 -0.15 -0.1 26 27 112.6944534149451 0.0006816394214297361
10 60 -0.15 -0.1 27 28 101.1496901855147 0.0006149126189427534
10 60 -0.15 -0.1 28 29 91.02723994548303 0.0005256259302512944
10 60 -0.15 -0.1 29 30 82.12358321009141 0.0004779845442612896
10 60 -0.15 -0.1 30 31 74.2679681292656 0.0004525629100839978
10 60 -0.15 -0.1 31 32 67.31667035065827 0.0004041894023458781
10 60 -0.15 -0.1 32 33 61.14856878751173 0.0003423493014835799
10 60 -0.15 -0.1 33 34 55.66110392723245 0.0003089757721923547
10 60 -0.15 -0.1 34 35 50.76680776121554 0.0002973197752709211
10 60 -0.15 -0.1 35 36 46.39083664809871 0.0002675594799654846
10 60 -0.15 -0.1 36 37 42.46919320795564 0.0002362713874930478
10 60 -0.15 -0.1 37 38 38.94691641978579 0.0002183971267299967
10 60 -0.15 -0.1 38 39 35.776550884019 0.0002148967474226993
10 60 -0.15 -0.1 39 40 32.91701414511682 0.0001952669779043958
10 60 -0.15 -0.1 40 42 58.32570318678889 0.0003052939907419727
10 60 -0.15 -0.1 42 44 49.81278091410805 0.0002735007780358956
10 60 -0.15 -0.1 44 46 42.77335010964288 0.0002520573905613332
10 60 -0.15 -0.1 46 48 36.9140363117617 0.0001701049188582715
10 60 -0.15 -0.1 48 50 32.00766171837492 0.0001761832264151053
10 60 -0.15 -0.1 50 52 27.8755774222091 0.0001623524091485251
10 60 -0.15 -0.1 52 54 24.37695772672236 0.0001097256062259078
10 60 -0.15 -0.1 54 56 21.40013534538879 0.0001047100580890969
10 60 -0.15 -0.1 56 58 18.8553950567679 9.700267292345188e-05
10 60 -0.15 -0.1 58 60 16.67044264506874 6.891223134175561e-05
10 60 -0.15 -0.1 60 65 33.97767762709337 0.0001533411562419928
10 60 -0.15 -0.1 65 70 25.63334065522892 9.993732913216036e-05
10 60 -0.15 -0.1 70 80 34.94915044701195 0.0001272104074629965
10 60 -0.15 -0.1 80 90 21.66186006797024 7.515919345735256e-05
10 60 -0.15 -0.1 90 100 14.04087317222674 4.882768201674992e-05
10 60 -0.1 -0.05 0 0.5 -63297.92958261327 0.7335863411717582
10 60 -0.1 -0.05 0.5 1 768.8176224518398 0.02300599608679477
10 60 -0.1 -0.05 1 1.5 5110.95122055742 0.07913010235915863
10 60 -0.1 -0.05 1.5 2 4807.843681057057 0.1937543199883294
10 60 -0.1 -0.05 2 2.5 4105.866859416507 0.148677668919845
10 60 -0.1 -0.05 2.5 3 3467.298531421554 0.1169067022915442
10 60 -0.1 -0.05 3 3.5 2942.600373851149 0.0921161481519448
10 60 -0.1 -0.05 3.5 4 2518.259395605735 0.07351534784947944
10 60 -0.1 -0.05 4 4.5 2173.552191601959 0.05961380089865997
10 60 -0.1 -0.05 4.5 5 1890.705234625137 0.04837463602484604
10 60 -0.1 -0.05 5 5.5 1656.036596175504 0.03893069245373226
10 60 -0.1 -0.05 5.5 6 1459.261590177131 0.03125969454276856
10 60 -0.1 -0.05 6 6.5 1292.664441626625 0.02549905871796909
10 60 -0.1 -0.05 6.5 7 1150.403018633162 0.02111679281233592
10 60 -0.1 -0.05 7 7.5 1028.005957049193 0.01748905909039422
10 60 -0.1 -0.05 7.5 8 922.0012367785707 0.01461929689617136
10 60 -0.1 -0.05 8 8.5 829.6585668578821 0.01241051975819119
10 60 -0.1 -0.05 8.5 9 748.8054767611969 0.01055647901625889
10 60 -0.1 -0.05 9 9.5 677.6898094544501 0.008911958657449759
10 60 -0.1 -0.05 9.5 10 614.8833993847138 0.007500406837152696
10 60 -0.1 -0.05 10 10.5 559.2127798407407 0.00638609312193239
10 60 -0.1 -0.05 10.5 11 509.7036432723645 0.005502178524864121
10 60 -0.1 -0.05 11 11.5 465.5399860897788 0.004733165829122754
10 60 -0.1 -0.05 11.5 12 426.0343347692577 0.01815223517382947
10 60 -0.1 -0.05 12 12.5 390.6041174173168 0.0137273337002739
10 60 -0.1 -0.05 12.5 13 358.7520956198873 0.01021541801213743
10 60 -0.1 -0.05 13 13.5 330.0518238891856 0.007412125727171315
10 60 -0.1 -0.05 13.5 14 304.1363092664948 0.005186882881048405
10 60 -0.1 -0.05 14 14.5 280.6882467994737 0.003448260498203126
10 60 -0.1 -0.05 14.5 15 259.4318315751361 0.002088171918501303
10 60 -0.1 -0.05 15 16 462.6892166801422 0.004777284885449262
10 60 -0.1 -0.05 16 17 398.5006193335106 0.005627318746292076
10 60 -0.1 -0.05 17 18 344.9443874977479 0.01147543276522356
10 60 -0.1 -0.05 18 19 299.9896314432095 0.01443577861903123
10 60 -0.1 -0.05 19 20 262.0418069489743 0.001602898573935363
10 60 -0.1 -0.05 20 21 229.840291845315 0.001403730059365671
10 60 -0.1 -0.05 21 22 202.3794993568033 0.001240191094666443
10 60 -0.1 -0.05 22 23 178.8521186540655 0.00109139262235658
10 60 -0.1 -0.05 23 24 158.6061976445799 0.0009327097491222958
10 60 -0.1 -0.05 24 25 141.111921021397 0.0008397167423197516
10 60 -0.1 -0.05 25 26 125.9355054665455 0.0007759095739032773
10 60 -0.1 -0.05 26 27 112.7203419790371 0.0006784191479169976
10 60 -0.1 -0.05 27 28 101.1723397829515 0.0005783084647390524
10 60 -0.1 -0.05 28 29 91.0474024972842 0.000533997062731828
10 60 -0.1 -0.05 29 30 82.14157440995521 0.0004957509445233654
10 60 -0.1 -0.05 30 31 74.28399158780957 0.0004417542349983705
10 60 -0.1 -0.05 31 32 67.33106423666115 0.0004006738990227632
10 60 -0.1 -0.05 32 33 61.16151007461782 0.0003675302375398815
10 60 -0.1 -0.05 33 34 55.67254946026565 0.0003167764903722059
10 60 -0.1 -0.05 34 35 50.77688178259291 0.0002714182988867719
10 60 -0.1 -0.05 35 36 46.39990740324797 0.0002542844283439649
10 60 -0.1 -0.05 36 37 42.47747151811595 0.0002596283043843073
10 60 -0.1 -0.05 37 38 38.95436045162733 0.0002363867260370967
10 60 -0.1 -0.05 38 39 35.78316983203657 0.0001978655833170251
10 60 -0.1 -0.05 39 40 32.92300580853378 0.0001634528234859545
10 60 -0.1 -0.05 40 42 58.33652948399515 0.0003277612495224957
10 60 -0.1 -0.05 42 44 49.82186506635917 0.0002933721558022739
10 60 -0.1 -0.05 44 46 42.78085055549215 0.0001983568090366816
10 60 -0.1 -0.05 46 48 36.920775719773 0.0002165368053397287
10 60 -0.1 -0.05 48 50 32.01333948174854 0.0001760867612929928
10 60 -0.1 -0.05 50 52 27.88037822699488 0.0001247514176512254
10 60 -0.1 -0.05 52 54 24.38136703707163 0.0001366058543759152
10 60 -0.1 -0.05 54 56 21.40402470108877 0.000115370289940131
10 60 -0.1 -0.05 56 58 18.85871371955444 7.867735243038965e-05
10 60 -0.1 -0.05 58 60 16.67334509703772 7.439308688006463e-05
10 60 -0.1 -0.05 60 65 33.98343536458269 0.0001494067975542634
10 60 -0.1 -0.05 65 70 25.63762027495038 0.0001099272607909541
10 60 -0.1 -0.05 70 80 34.95471830535143 0.0001230711596349465
10 60 -0.1 -0.05 80 90 21.66494374050434 7.516489192482823e-05
10 60 -0.1 -0.05 90 100 14.04231877796252 4.881058557693052e-05
10 60 -0.05 0 0 0.5 -63312.91550582026 0.8987619157342124
10 60 -0.05 0 0.5 1 767.3827294994438 0.01347840949779311
10 60 -0.05 0 1 1.5 5111.141985627966 0.2432711582250704
10 60 -0.05 0 1.5 2 4808.3023678913 0.2031133537293499
10 60 -0.05 0 2 2.5 4106.356652625853 0.1474293925803067
10 60 -0.05 0 2.5 3 3467.75122026603 0.1157485503117641
10 60 -0.05 0 3 3.5 2943.001045057129 0.09266602435309323
10 60 -0.05 0 3.5 4 2518.613219970632 0.07357784000714673
10 60 -0.05 0 4 4.5 2173.861059861356 0.05920569157069622
10 60 -0.05 0 4.5 5 1890.978192149573 0.04831813067744406
10 60 -0.05 0 5 5.5 1656.276982086077 0.03964198834705712
10 60 -0.05 0 5.5 6 1459.474931509163 0.03228133463244376
10 60 -0.05 0 6 6.5 1292.853778367123 0.0261517760507104
10 60 -0.05 0 6.5 7 1150.572659056689 0.02136404172006223
10 60 -0.05 0 7 7.5 1028.158084206983 0.01770497502275248
10 60 -0.05 0 7.5 8 922.1372361541773 0.01461156899949856
10 60 -0.05 0 8 8.5 829.7811307912245 0.0120723840300343
10 60 -0.05 0 8.5 9 748.9161656566132 0.01017821785637807
10 60 -0.05 0 9 9.5 677.7891465985055 0.008717866567508281
10 60 -0.05 0 9.5 10 614.9733582560921 0.00749854781531667
10 60 -0.05 0 10 10.5 559.2948753015066 0.006412539689677033
10 60 -0.05 0 10.5 11 509.7783114475478 0.005493888634077848
10 60 -0.05 0 11 11.5 465.6077996702576 0.004772725751251983
10 60 -0.05 0 11.5 12 426.0963624353345 0.0181549487199959
10 60 -0.05 0 12 12.5 390.6609556041972 0.0137433699770213
10 60 -0.05 0 12.5 13 358.8040021774409 0.01021692547868724
10 60 -0.05 0 13 13.5 330.0992679749136 0.007411678759240203
10 60 -0.05 0 13.5 14 304.1797081045619 0.005204941444844735
10 60 -0.05 0 14 14.5 280.7277343401619 0.003453477364757873
10 60 -0.05 0 14.5 15 259.467653363184 0.002090289740465323
10 60 -0.05 0 15 16 462.751605140074 0.004686998846295864
10 60 -0.05 0 16 17 398.5535624847485 0.00559395713065669
10 60 -0.05 0 17 18 344.98869583047 0.01141721073815916
10 60 -0.05 0 18 19 300.0260163528823 0.01450435180521481
10 60 -0.05 0 19 20 262.0726162785015 0.001599979105264993
10 60 -0.05 0 20 21 229.8665511544548 0.001426962660247
10 60 -0.05 0 21 22 202.401520954592 0.001249067697756345
10 60 -0.05 0 22 23 178.8705879477882 0.0010570792057365
10 60 -0.05 0 23 24 158.6220773172241 0.0009479840630604031
10 60 -0.05 0 24 25 141.1254153641713 0.0008631258905609229
10 60 -0.05 0 25 26 125.9467794793767 0.0007497240527527538
10 60 -0.05 0 26 27 112.7300373920946 0.0006546931368376363
10 60 -0.05 0 27 28 101.180893507485 0.0006075062169799139
10 60 -0.05 0 28 29 91.05475022667872 0.0005461162339486236
10 60 -0.05 0 29 30 82.14778995722884 0.0004767228460735851
10 60 -0.05 0 30 31 74.28937091913335 0.0004385603711938302
10 60 -0.05 0 31 32 67.33580728277626 0.0004036174586872221
10 60 -0.05 0 32 33 61.16574787869862 0.0003586527049961319
10 60 -0.05 0 33 34 55.67640721135172 0.0003162418566091674
10 60 -0.05 0 34 35 50.78031625877772 0.0003001687430099764
10 60 -0.05 0 35 36 46.40272946255497 0.0002744289021237023
10 60 -0.05 0 36 37 42.47969222295604 0.0002306938589313745
10 60 -0.05 0 37 38 38.95628492369121 0.0001977761845566306
10 60 -0.05 0 38 39 35.78504882522599 0.0001921362192334186
10 60 -0.05 0 39 40 32.92484633765575 0.0001983758201120622
10 60 -0.05 0 40 42 58.33948881873405 0.0003413522677746528
10 60 -0.05 0 42 44 49.82418148890011 0.0002396786259950545
10 60 -0.05 0 44 46 42.78320230304258 0.0002597194341333875
10 60 -0.05 0 46 48 36.92254394163731 0.0001907776052476606
10 60 -0.05 0 48 50 32.01487967628973 0.0001536814362381733
10 60 -0.05 0 50 52 27.88193953819138 0.0001620105802189187
10 60 -0.05 0 52 54 24.38264608105603 0.0001177663963929376
10 60 -0.05 0 54 56 21.40523174674939 9.987565564628653e-05
10 60 -0.05 0 56 58 18.85999416557646 0.0001022545555855459
10 60 -0.05 0 58 60 16.67447805473977 7.697765326142303e-05
10 60 -0.05 0 60 65 33.98560275013275 0.0001449660202723635
10 60 -0.05 0 65 70 25.63931736483037 0.0001025716718601188
10 60 -0.05 0 70 80 34.95730636359439 0.0001292833670802906
10 60 -0.05 0 80 90 21.66665647481208 7.516519870165439e-05
10 60 -0.05 0 90 100 14.0431895433864 4.880131897344597e-05
10 60 0 0.05 0 0.5 -63313.76375600211 1.078180492397223
10 60 0 0.05 0.5 1 767.2377689316404 0.006219417052307108
10 60 0 0.05 1 1.5 5111.098290535958 0.2446836024428194
10 60 0 0.05 1.5 2 4808.294512915329 0.1933914125529554
10 60 0 0.05 2 2.5 4106.371533160097 0.1532686977516278
10 60 0 0.05 2.5 3 3467.773074211491 0.1144362687614375
10 60 0 0.05 3 3.5 2943.016976760313 0.09072806959193258
10 60 0 0.05 3.5 4 2518.629038755899 0.07321841607699753
10 60 0 0.05 4 4.5 2173.869470400966 0.05834364608290343
10 60 0 0.05 4.5 5 1890.984556227766 0.04695038705199295
10 60 0 0.05 5 5.5 1656.280752690413 0.0383736080430026
10 60 0 0.05 5.5 6 1459.476585093256 0.03178764596191286
10 60 0 0.05 6 6.5 1292.854373567116 0.02631360877785482
10 60 0 0.05 6.5 7 1150.572574964953 0.02161026875683092
10 60 0 0.05 7 7.5 1028.157132899525 0.0178234836005231
10 60 0 0.05 7.5 8 922.1361304413211 0.01493553047009755
10 60 0 0.05 8 8.5 829.7801790401993 0.01252442921656893
10 60 0 0.05 8.5 9 748.9142351201255 0.01040718177068811
10 60 0 0.05 9 9.5 677.7867746564909 0.008683439909873414
10 60 0 0.05 9.5 10 614.971229729324 0.007356011473575563
10 60 0 0.05 10 10.5 559.2924986492689 0.006344633861544935
10 60 0 0.05 10.5 11 509.7756475529102 0.005490686015150459
10 60 0 0.05 11 11.5 465.6054362396292 0.004729501521694601
10 60 0 0.05 11.5 12 426.0942645075011 0.0181852071158346
10 60 0 0.05 12 12.5 390.6586195201543 0.01373365985335795
10 60 0 0.05 12.5 13 358.8015868206438 0.01020585757589743
10 60 0 0.05 13 13.5 330.0969843157652 0.007413359546774245
10 60 0 0.05 13.5 14 304.1775172486356 0.005216350490286459
10 60 0 0.05 14 14.5 280.7253253345123 0.003473913020741293
10 60 0 0.05 14.5 15 259.4647013054287 0.002080489358888826
10 60 0 0.05 15 16 462.7448609385773 0.004611165965513919
10 60 0 0.05 16 17 398.5469058789714 0.005511948947287237
10 60 0 0.05 17 18 344.9815453545979 0.01144031772423659
10 60 0 0.05 18 19 300.0185862239525 0.01450675130473655
10 60 0 0.05 19 20 262.0649892387798 0.00160997854618472
10 60 0 0.05 20 21 229.8586052155157 0.001422037559933642
10 60 0 0.05 21 22 202.3937276588137 0.001208619490057572
10 60 0 0.05 22 23 178.8634896435094 0.001087547598899619
10 60 0 0.05 23 24 158.6151622503174 0.0009769146286942032
10 60 0 0.05 24 25 141.1183574659711 0.0008272588400473069
10 60 0 0.05 25 26 125.9400439692177 0.000731762343704645
10 60 0 0.05 26 27 112.7238459982129 0.0006857945084419725
10 60 0 0.05 27 28 101.1749719637523 0.0006032395087061104
10 60 0 0.05 28 29 91.04908693531756 0.000535152710781972
10 60 0 0.05 29 30 82.14243067008826 0.0004914370590398676
10 60 0 0.05 30 31 74.28422913156925 0.0004346936079713259
10 60 0 0.05 31 32 67.33095651866743 0.0003732119420476465
10 60 0 0.05 32 33 61.16139795207244 0.0003575708314258463
10 60 0 0.05 33 34 55.67250937724621 0.0003537898785523907
10 60 0 0.05 34 35 50.77661156223596 0.0003070501672866044
10 60 0 0.05 35 36 46.39914576005126 0.0002393091334980113
10 60 0 0.05 36 37 42.47636384934079 0.0002150477449873733
10 60 0 0.05 37 38 38.9532505116746 0.0002218004750389468
10 60 0 0.05 38 39 35.78219605023546 0.0002251472000978083
10 60 0 0.05 39 40 32.92204848308047 0.0001812097809335
10 60 0 0.05 40 42 58.33452631781493 0.0002860249188785247
10 60 0 0.05 42 44 49.82034850308566 0.0003051682457524407
10 60 0 0.05 44 46 42.77965442980444 0.000216557473464718
10 60 0 0.05 46 48 36.91964596438189 0.0001889881384542491
10 60 0 0.05 48 50 32.01256183570553 0.0001843538611936424
10 60 0 0.05 50 52 27.87985620686998 0.000130443162646543
10 60 0 0.05 52 54 24.3810077528868 0.000121118975712875
10 60 0 0.05 54 56 21.40395857775503 0.0001129472977829948
10 60 0 0.05 56 58 18.85895287592516 8.730172389093127e-05
10 60 0 0.05 58 60 16.67373645974025 8.105517614609425e-05
10 60 0 0.05 60 65 33.98426723630725 0.0001473815917805155
10 60 0 0.05 65 70 25.63850175046464 0.000107817721428205
10 60 0 0.05 70 80 34.95683505932755 0.0001281665157293332
10 60 0 0.05 80 90 21.66692133168993 7.515130853619212e-05
10 60 0 0.05 90 100 14.04350292721007 4.881506535703295e-05
10 60 0.05 0.1 0 0.5 -63300.55404436951 1.220771402127866
10 60 0.05 0.1 0.5 1 768.3693829728361 0.0210022070358491
10 60 0.05 0.1 1 1.5 5110.82971144099 0.07720121716647554
10 60 0.05 0.1 1.5 2 4807.831479989565 0.1846293512326156
10 60 0.05 0.1 2 2.5 4105.910009693738 0.1500522667574842
10 60 0.05 0.1 2.5 3 3467.360692224241 0.1200800976571372
10 60 0.05 0.1 3 3.5 2942.647241612888 0.09135473524020199
10 60 0.05 0.1 3.5 4 2518.303504130638 0.07316941543695066
10 60 0.05 0.1 4 4.5 2173.578085186522 0.05980580586492579
10 60 0.05 0.1 4.5 5 1890.724765708942 0.04813482787312751
10 60 0.05 0.1 5 5.5 1656.047191588822 0.03855201186047452
10 60 0.05 0.1 5.5 6 1459.267358155194 0.03118335593194388
10 60 0.05 0.1 6 6.5 1292.666265600684 0.02563140946926978
10 60 0.05 0.1 6.5 7 1150.402772282496 0.02130147312118424
10 60 0.05 0.1 7 7.5 1028.003856009051 0.01761753340110772
10 60 0.05 0.1 7.5 8 921.9981491537428 0.01454214404770937
10 60 0.05 0.1 8 8.5 829.6547710233779 0.0122338025882982
10 60 0.05 0.1 8.5 9 748.8001244805414 0.01044793678192946
10 60 0.05 0.1 9 9.5 677.683399920735 0.008906572267619595
10 60 0.05 0.1 9.5 10 614.8765414192284 0.007547240397002497
10 60 0.05 0.1 10 10.5 559.2055461695753 0.006384194340057547
10 60 0.05 0.1 10.5 11 509.6963193445646 0.005475986050782922
10 60 0.05 0.1 11 11.5 465.5329124745713 0.004755479663288043
10 60 0.05 0.1 11.5 12 426.0272896725058 0.01815124494419251
10 60 0.05 0.1 12 12.5 390.5970544318824 0.01372483300224303
10 60 0.05 0.1 12.5 13 358.7451074550209 0.01020743408577118
10 60 0.05 0.1 13 13.5 330.044991986736 0.007433335265204732
10 60 0.05 0.1 13.5 14 304.1291905478237 0.005218145075389202
10 60 0.05 0.1 14 14.5 280.680295939697 0.003453261866184221
10 60 0.05 0.1 14.5 15 259.4229983432513 0.00208573587644878
10 60 0.05 0.1 15 16 462.6698573957847 0.004730897250510679
10 60 0.05 0.1 16 17 398.4800583152902 0.005636614326306244
10 60 0.05 0.1 17 18 344.9229234940868 0.01146393713946736
10 60 0.05 0.1 18 19 299.9673672623556 0.01442226107081979
10 60 0.05 0.1 19 20 262.018716963804 0.001612071626823308
10 60 0.05 0.1 20 21 229.8167454025362 0.001351729793441336
10 60 0.05 0.1 21 22 202.3566965018798 0.001238386328452634
10 60 0.05 0.1 22 23 178.8303058013785 0.001112663556284588
10 60 0.05 0.1 23 24 158.5850172597928 0.0009327503366591827
10 60 0.05 0.1 24 25 141.0912979011916 0.0008371719991373539
10 60 0.05 0.1 25 26 125.9155912407545 0.0007663979108230023
10 60 0.05 0.1 26 27 112.701396876254 0.0006535006217376349
10 60 0.05 0.1 27 28 101.1545496089853 0.0006040068450516856
10 60 0.05 0.1 28 29 91.03049144381697 0.0005506676083086859
10 60 0.05 0.1 29 30 82.12538324108637 0.000471687055423331
10 60 0.05 0.1 30 31 74.26873124088904 0.0004137907906027749
10 60 0.05 0.1 31 32 67.31692132545592 0.0004127908985225304
10 60 0.05 0.1 32 33 61.14839576961121 0.000372819627422416
10 60 0.05 0.1 33 34 55.66040619566042 0.0002997859438238493
10 60 0.05 0.1 34 35 50.76571185143815 0.0002648230921735717
10 60 0.05 0.1 35 36 46.3895547708232 0.0002831348716796356
10 60 0.05 0.1 36 37 42.46764751227131 0.000275435361309917
10 60 0.05 0.1 37 38 38.94495556385764 0.0002138155572595224
10 60 0.05 0.1 38 39 35.77431740489376 0.0001561978916839735
10 60 0.05 0.1 39 40 32.91489676831196 0.0001642567300521591
10 60 0.05 0.1 40 42 58.32226020115606 0.0003633556816993178
10 60 0.05 0.1 42 44 49.80959268485189 0.00024820202792597
10 60 0.05 0.1 44 46 42.7706975003616 0.0002282925536292169
10 60 0.05 0.1 46 48 36.91214302819235 0.000211594210789201
10 60 0.05 0.1 48 50 32.00605404256021 0.000149238998503165
10 60 0.05 0.1 50 52 27.87447005836638 0.0001453260752946051
10 60 0.05 0.1 52 54 24.37646623451047 0.0001256567382981189
10 60 0.05 0.1 54 56 21.40008119994891 9.911635608617075e-05
10 60 0.05 0.1 56 58 18.85572934681629 9.219291294826348e-05
10 60 0.05 0.1 58 60 16.67105300524865 8.416275499811832e-05
10 60 0.05 0.1 60 65 33.97938113277824 0.0001514257962398347
10 60 0.05 0.1 65 70 25.63514894258518 9.912765444752836e-05
10 60 0.05 0.1 70 80 34.95330562207817 0.0001284750681449509
10 60 0.05 0.1 80 90 21.66569266973573 7.513800455072328e-05
10 60 0.05 0.1 90 100 14.04327705970335 4.883547016909517e-05
10 60 0.1 0.15 0 0.5 -63273.38017726644 1.280274367905804
10 60 0.1 0.15 0.5 1 770.7611371237336 0.02060561677319583
10 60 0.1 0.15 1 1.5 5110.330086640415 0.07389477640117548
10 60 0.1 0.15 1.5 2 4806.919105364549 0.1971790720917852
10 60 0.1 0.15 2 2.5 4104.980875444305 0.1436341661292317
10 60 0.1 0.15 2.5 3 3466.51325793001 0.1166392960976737
10 60 0.1 0.15 3 3.5 2941.893163325691 0.09537208535539321
10 60 0.1 0.15 3.5 4 2517.634020829544 0.07396773297523396
10 60 0.1 0.15 4 4.5 2172.986966568967 0.0590679706742776
10 60 0.1 0.15 4.5 5 1890.198146206986 0.04851865386581267
10 60 0.1 0.15 5 5.5 1655.577074682554 0.03969053044056636
10 60 0.1 0.15 5.5 6 1458.847818704218 0.03212336720298481
10 60 0.1 0.15 6 6.5 1292.289213087568 0.0259768723428806
10 60 0.1 0.15 6.5 7 1150.063860148292 0.02125975998092144
10 60 0.1 0.15 7 7.5 1027.69925063344 0.01770814958695155
10 60 0.1 0.15 7.5 8 921.7226409893626 0.01478650727199238
10 60 0.1 0.15 8 8.5 829.40528396977 0.01224740445843508
10 60 0.1 0.15 8.5 9 748.5747197743165 0.01019693912803632
10 60 0.1 0.15 9 9.5 677.4782063676589 0.008642241633424419
10 60 0.1 0.15 9.5 10 614.6891863699921 0.007423749164672699
10 60 0.1 0.15 10 10.5 559.0349234757929 0.006415847678340469
10 60 0.1 0.15 10.5 11 509.5404918143041 0.005518458178016772
10 60 0.1 0.15 11 11.5 465.389550987717 0.004749387835204288
10 60 0.1 0.15 11.5 12 425.8957782691913 0.01813794059694374
10 60 0.1 0.15 12 12.5 390.4765734128022 0.01372136067107022
10 60 0.1 0.15 12.5 13 358.6344587712251 0.0102350718267985
10 60 0.1 0.15 13 13.5 329.9426911093365 0.007421556582755784
10 60 0.1 0.15 13.5 14 304.0345826270252 0.005192570751034964
10 60 0.1 0.15 14 14.5 280.5931024796296 0.003449701581644149
10 60 0.1 0.15 14.5 15 259.3425726673185 0.00209991475304605
10 60 0.1 0.15 15 16 462.5255485519609 0.004812539273245875
10 60 0.1 0.15 16 17 398.3539975974059 0.005706808540082875
10 60 0.1 0.15 17 18 344.8132375391043 0.01144128831316493
10 60 0.1 0.15 18 19 299.8712302155223 0.01440666090758214
10 60 0.1 0.15 19 20 261.9339251202762 0.001564742636958272
10 60 0.1 0.15 20 21 229.7420744878252 0.001400715305209133
10 60 0.1 0.15 21 22 202.2900586518643 0.001233283315656308
10 60 0.1 0.15 22 23 178.7706814795248 0.001049447924572178
10 60 0.1 0.15 23 24 158.5322216116312 0.0009686539916629044
10 60 0.1 0.15 24 25 141.0441069039496 0.0008606144971281537
10 60 0.1 0.15 25 26 125.8730056673138 0.0007310503180377736
10 60 0.1 0.15 26 27 112.6630140596254 0.0006830837232314479
10 60 0.1 0.15 27 28 101.1196701554661 0.0005959331801221879
10 60 0.1 0.15 28 29 90.99885925910694 0.0005065140049964612
10 60 0.1 0.15 29 30 82.09697380965635 0.0004825405956552231
10 60 0.1 0.15 30 31 74.24300162500595 0.0004707344155860937
10 60 0.1 0.15 31 32 67.29319995940145 0.0003833729259952179
10 60 0.1 0.15 32 33 61.12670615670866 0.0003073791261343217
10 60 0.1 0.15 33 34 55.64092653714602 0.0003140556321739041
10 60 0.1 0.15 34 35 50.74810128143235 0.0003255063072273856
10 60 0.1 0.15 35 36 46.37331417480016 0.0002728852857885045
10 60 0.1 0.15 36 37 42.45273905330986 0.0002112139001368973
10 60 0.1 0.15 37 38 38.93154957879189 0.0002072403286987878
10 60 0.1 0.15 38 39 35.76223296766305 0.0002193587419512255
10 60 0.1 0.15 39 40 32.90365738285758 0.0001970012564456169
10 60 0.1 0.15 40 42 58.30180127901331 0.0002795237759869451
10 60 0.1 0.15 42 44 49.79256828026314 0.0002770228147994658
10 60 0.1 0.15 44 46 42.75628080296953 0.0002370559457460786
10 60 0.1 0.15 46 48 36.89977557113315 0.0001746335830361545
10 60 0.1 0.15 48 50 31.99575249029716 0.0001761889118121474
10 60 0.1 0.15 50 52 27.86566918413994 0.0001375973998989366
10 60 0.1 0.15 52 54 24.36895819958198 0.0001156667949260282
10 60 0.1 0.15 54 56 21.39374809235292 0.000111029375297278
10 60 0.1 0.15 56 58 18.85030171901294 8.845646377153571e-05
10 60 0.1 0.15 58 60 16.66641585965725 7.212582505999876e-05
10 60 0.1 0.15 60 65 33.97083943241486 0.0001590230153780681
10 60 0.1 0.15 65 70 25.62937354478189 0.0001003847140665926
10 60 0.1 0.15 70 80 34.94673231615573 0.0001256280310570901
10 60 0.1 0.15 80 90 21.66298150625188 7.514853783163744e-05
10 60 0.1 0.15 90 100 14.04247867240317 4.884630250678867e-05
10 60 0.15 0.2 0 0.5 -63232.31089363129 1.240171055949759
10 60 0.15 0.2 0.5 1 774.3999045873474 0.02068997269611828
10 60 0.15 0.2 1 1.5 5109.598522743255 0.2506006925559632
10 60 0.15 0.2 1.5 2 4805.554550023599 0.2010149536381505
10 60 0.15 0.2 2 2.5 4103.590606911278 0.1491917332505182
10 60 0.15 0.2 2.5 3 3465.233350324863 0.1118969792241842
10 60 0.15 0.2 3 3.5 2940.754628853607 0.09051882428730096
10 60 0.15 0.2 3.5 4 2516.622545975041 0.07448071194357908
10 60 0.15 0.2 4 4.5 2172.095149109973 0.0588920425930155
10 60 0.15 0.2 4.5 5 1889.404767685777 0.04696288579702923
10 60 0.15 0.2 5 5.5 1654.871916844487 0.03848744816514227
10 60 0.15 0.2 5.5 6 1458.217229849005 0.03185969845026193
10 60 0.15 0.2 6 6.5 1291.723908801346 0.02635009773075581
10 60 0.15 0.2 6.5 7 1149.557160499565 0.02158484935262095
10 60 0.15 0.2 7 7.5 1027.242501448962 0.01769368203440536
10 60 0.15 0.2 7.5 8 921.3100562545321 0.0147422465387308
10 60 0.15 0.2 8 8.5 829.033100017024 0.01242531618947851
10 60 0.15 0.2 8.5 9 748.237142944611 0.01046538136620256
10 60 0.15 0.2 9 9.5 677.1710020741466 0.008776690488161876
10 60 0.15 0.2 9.5 10 614.4102089272662 0.007404981134527588
10 60 0.15 0.2 10 10.5 558.7807086586909 0.006319420852832991
10 60 0.15 0.2 10.5 11 509.3072248285515 0.005464870483251616
10 60 0.15 0.2 11 11.5 465.1759704534869 0.004755085454519303
10 60 0.15 0.2 11.5 12 425.7004071287851 0.01813974294492482
10 60 0.15 0.2 12 12.5 390.2972272722727 0.0137548692593441
10 60 0.15 0.2 12.5 13 358.4689262836116 0.01019806471634865
10 60 0.15 0.2 13 13.5 329.7901554630545 0.007390299932922062
10 60 0.15 0.2 13.5 14 303.8943972002597 0.00519784360722042
10 60 0.15 0.2 14 14.5 280.4639521045563 0.003476735566778189
10 60 0.15 0.2 14.5 15 259.2228820645208 0.00210719036658702
10 60 0.15 0.2 15 16 462.3111683752518 0.004650586308002858
10 60 0.15 0.2 16 17 398.1696649950392 0.005568935959558985
10 60 0.15 0.2 17 18 344.6522852777859 0.01143513416616315
10 60 0.15 0.2 18 19 299.7300879336132 0.01451378963184879
10 60 0.15 0.2 19 20 261.8112125263212 0.001630967479172796
10 60 0.15 0.2 20 21 229.6339397508654 0.001407281154399698
10 60 0.15 0.2 21 22 202.1939605344305 0.001183073355775832
10 60 0.15 0.2 22 23 178.6855495084407 0.001083178185922407
10 60 0.15 0.2 23 24 158.4563588200018 0.0009499015676794897
10 60 0.15 0.2 24 25 140.9764455458226 0.0008406055866316819
10 60 0.15 0.2 25 26 125.8125386045313 0.0007794043456783584
10 60 0.15 0.2 26 27 112.6084589940344 0.0006514838816116253
10 60 0.15 0.2 27 28 101.0705789943885 0.0005584795142112853
10 60 0.15 0.2 28 29 90.95478444836944 0.0005586384302773695
10 60 0.15 0.2 29 30 82.05690586015776 0.0005016745456174476
10 60 0.15 0.2 30 31 74.20642985623074 0.0003900303337047717
10 60 0.15 0.2 31 32 67.26029578991955 0.0003610758557925919
10 60 0.15 0.2 32 33 61.09715233388096 0.0003825859094206407
10 60 0.15 0.2 33 34 55.6138656869532 0.0003405199419361793
10 60 0.15 0.2 34 35 50.72313075455422 0.0002510647527458332
10 60 0.15 0.2 35 36 46.35064068104053 0.0002324821190740067
10 60 0.15 0.2 36 37 42.43236083561302 0.0002573976591762062
10 60 0.15 0.2 37 38 38.91302039294821 0.0002503645456712889
10 60 0.15 0.2 38 39 35.74515105884324 0.0001997737445549319
10 60 0.15 0.2 39 40 32.88793781752427 0.0001588451252985124
10 60 0.15 0.2 40 42 58.27423832785711 0.0003120759093135916
10 60 0.15 0.2 42 44 49.76902208503272 0.0002654611477268531
10 60 0.15 0.2 44 46 42.73629925695678 0.000209289195169049
10 60 0.15 0.2 46 48 36.88300484530258 0.0002046613324822033
10 60 0.15 0.2 48 50 31.98139297161199 0.0001527366999098945
10 60 0.15 0.2 50 52 27.85350736727134 0.000140709132111283
10 60 0.15 0.2 52 54 24.35861665729225 0.0001269680416697838
10 60 0.15 0.2 54 56 21.38484632687693 9.565072228312488e-05
10 60 0.15 0.2 56 58 18.84272763373069 8.805714507786888e-05
10 60 0.15 0.2 58 60 16.65997434036784 8.023292084047284e-05
10 60 0.15 0.2 60 65 33.95852973558019 0.0001501274549724485
10 60 0.15 0.2 65 70 25.62117947578382 0.000104685003087468
10 60 0.15 0.2 70 80 34.93717002693311 0.0001214805009226438
10 60 0.15 0.2 80 90 21.65883636363579 7.516514708783006e-05
10 60 0.15 0.2 90 100 14.04105204699112 4.884798332227547e-05
10 60 0.2 0.25 0 0.5 -63177.38479620872 1.122394872450968
10 60 0.2 0.25 0.5 1 779.2785930018441 0.02420510390777508
10 60 0.2 0.25 1 1.5 5108.631798818696 0.2550733200632749
10 60 0.2 0.25 1.5 2 4803.739206743862 0.1907423291631858
10 60 0.2 0.25 2 2.5 4101.740926764127 0.1525314577002064
10 60 0.2 0.25 2.5 3 3463.525574006278 0.1168015573221055
10 60 0.2 0.25 3 3.5 2939.232548957495 0.08916974729572757
10 60 0.2 0.25 3.5 4 2515.271584325872 0.07232217683622366
10 60 0.2 0.25 4 4.5 2170.901800254864 0.05982092136900974
10 60 0.2 0.25 4.5 5 1888.34529704549 0.04814444157477737
10 60 0.2 0.25 5 5.5 1653.931939867328 0.03848646977235148
10 60 0.2 0.25 5.5 6 1457.376081166821 0.03127627474691508
10 60 0.2 0.25 6 6.5 1290.971853137162 0.02569781020383743
10 60 0.2 0.25 6.5 7 1148.882139798381 0.02137298741763516
10 60 0.2 0.25 7 7.5 1026.633827339633 0.01774527210659471
10 60 0.2 0.25 7.5 8 920.7619233453854 0.01467678933556726
10 60 0.2 0.25 8 8.5 828.5375152764908 0.01220437412371211
10 60 0.2 0.25 8.5 9 747.7870293331764 0.01032071740576157
10 60 0.2 0.25 9 9.5 676.7631477026645 0.008811845496779824
10 60 0.2 0.25 9.5 10 614.039604054719 0.00752135956793154
10 60 0.2 0.25 10 10.5 558.4417054715035 0.006414796990497962
10 60 0.2 0.25 10.5 11 508.9974886240672 0.005481063191041358
10 60 0.2 0.25 11 11.5 464.8930637138059 0.004724997601385894
10 60 0.2 0.25 11.5 12 425.4409215623997 0.01816831511922601
10 60 0.2 0.25 12 12.5 390.0582272535682 0.01369439768927805
10 60 0.2 0.25 12.5 13 358.2492173144896 0.01016051734353596
10 60 0.2 0.25 13 13.5 329.5884593279371 0.007408249139587042
10 60 0.2 0.25 13.5 14 303.7085679260218 0.00521803555312772
10 60 0.2 0.25 14 14.5 280.2919843343699 0.003468066203595299
10 60 0.2 0.25 14.5 15 259.0636463216711 0.002077830345626808
10 60 0.2 0.25 15 16 462.0279815475716 0.004713940318026744
10 60 0.2 0.25 16 17 397.9259167023525 0.005495446983559304
10 60 0.2 0.25 17 18 344.4402582813116 0.01149857378317165
10 60 0.2 0.25 18 19 299.5454841275514 0.01447431530999665
10 60 0.2 0.25 19 20 261.6496110661196 0.001613171302949468
10 60 0.2 0.25 20 21 229.4921037581452 0.001383730927784654
10 60 0.2 0.25 21 22 202.0691355982357 0.001233239264450958
10 60 0.2 0.25 22 23 178.574647786362 0.001050934522652369
10 60 0.2 0.25 23 24 158.3576938484254 0.000946100926029203
10 60 0.2 0.25 24 25 140.8884264812339 0.0008608482041552179
10 60 0.2 0.25 25 26 125.7337225652844 0.0007195023840296244
10 60 0.2 0.25 26 27 112.5382053515762 0.0006520246568157972
10 60 0.2 0.25 27 28 101.0076528509214 0.0006412456166486891
10 60 0.2 0.25 28 29 90.8976068694946 0.0005187544130080823
10 60 0.2 0.25 29 30 82.00514545322271 0.0004127702710832182
10 60 0.2 0.25 30 31 74.160091615984 0.0004350386377609539
10 60 0.2 0.25 31 32 67.21843483752876 0.0004325171441763587
10 60 0.2 0.25 32 33 61.0588057757001 0.0003283687093187382
10 60 0.2 0.25 33 34 55.57898202671146 0.0002731757037608418
10 60 0.2 0.25 34 35 50.69171670041548 0.0002923152207117141
10 60 0.2 0.25 35 36 46.32208235193604 0.0002930807699570437
10 60 0.2 0.25 36 37 42.40602958936847 0.0002341344707232906
10 60 0.2 0.25 37 38 38.88883225002619 0.0001853643706155594
10 60 0.2 0.25 38 39 35.72323465169394 0.0001894009149410181
10 60 0.2 0.25 39 40 32.86812169505212 0.000205012452958897
10 60 0.2 0.25 40 42 58.23928618998169 0.0003199064908940841
10 60 0.2 0.25 42 44 49.73917682440477 0.0002321123231041611
10 60 0.2 0.25 44 46 42.7111053132126 0.0002363221621450862
10 60 0.2 0.25 46 48 36.86153983689982 0.0001766442662258783
10 60 0.2 0.25 48 50 31.96321371180204 0.0001654297603259636
10 60 0.2 0.25 50 52 27.83798194086088 0.0001396786232170655
10 60 0.2 0.25 52 54 24.34533488387588 0.000112137879646923
10 60 0.2 0.25 54 56 21.37355206487784 0.0001055078326537284
10 60 0.2 0.25 56 58 18.83304256313311 8.559388344764329e-05
10 60 0.2 0.25 58 60 16.65166447767091 7.404055155646461e-05
10 60 0.2 0.25 60 65 33.94258748604923 0.0001475137116386804
10 60 0.2 0.25 65 70 25.61046577392842 0.0001081549568411333
10 60 0.2 0.25 70 80 34.92473766713503 0.0001214785081913305
10 60 0.2 0.25 80 90 21.65330595753698 7.517906709963995e-05
10 60 0.2 0.25 90 100 14.03895755825777 4.885098778828478e-05
10 60 0.25 0.3 0 0.5 -63108.6817055655 0.9447733472406981
10 60 0.25 0.3 0.5 1 785.3865273050495 0.01238983504265434
10 60 0.25 0.3 1 1.5 5107.42133435775 0.2548702091598898
10 60 0.25 0.3 1.5 2 4801.466175618207 0.1929137260876814
10 60 0.25 0.3 2 2.5 4099.429437333242 0.1482783732935786
10 60 0.25 0.3 2.5 3 3461.395422350983 0.1189960349543071
10 60 0.25 0.3 3 3.5 2937.327652723296 0.09395138013587712
10 60 0.25 0.3 3.5 4 2513.583996472935 0.07281584650127115
10 60 0.25 0.3 4 4.5 2169.406794658421 0.05860750436659146
10 60 0.25 0.3 4.5 5 1887.021805894778 0.04843435199791202
10 60 0.25 0.3 5 5.5 1652.755327400239 0.03944013313639516
10 60 0.25 0.3 5.5 6 1456.325996388561 0.03175529187228676
10 60 0.25 0.3 6 6.5 1290.033899017593 0.02586822966031832
10 60 0.25 0.3 6.5 7 1148.038279922385 0.02117373969736036
10 60 0.25 0.3 7 7.5 1025.875146958181 0.017596092930944
10 60 0.25 0.3 7.5 8 920.0782381859286 0.01473586390284254
10 60 0.25 0.3 8 8.5 827.9176631515611 0.01234643490238341
10 60 0.25 0.3 8.5 9 747.2261556785704 0.01031134165702952
10 60 0.25 0.3 9 9.5 676.254745196316 0.008681044454078801
10 60 0.25 0.3 9.5 10 613.5758954174213 0.007409790378005709
10 60 0.25 0.3 10 10.5 558.0190205331359 0.006374951709972265
10 60 0.25 0.3 10.5 11 508.6123412708562 0.005506981137557432
10 60 0.25 0.3 11 11.5 464.5404117527017 0.004764277128231242
10 60 0.25 0.3 11.5 12 425.1167250619837 0.01808511029798865
10 60 0.25 0.3 12 12.5 389.7606994293166 0.01364731418851761
10 60 0.25 0.3 12.5 13 357.976358020382 0.01019466853796303
10 60 0.25 0.3 13 13.5 329.3371792940737 0.007420020006065897
10 60 0.25 0.3 13.5 14 303.4763978987445 0.005196189600837897
10 60 0.25 0.3 14 14.5 280.0775379941545 0.00343027765285342
10 60 0.25 0.3 14.5 15 258.8658698763293 0.002082803440146108
10 60 0.25 0.3 15 16 461.6757833609763 0.004804153414283974
10 60 0.25 0.3 16 17 397.6220530101335 0.005615544670206418
10 60 0.25 0.3 17 18 344.1781298712983 0.01140521862083688
10 60 0.25 0.3 18 19 299.3173033899566 0.01442957404344725
10 60 0.25 0.3 19 20 261.4494184534793 0.001544632171430749
10 60 0.25 0.3 20 21 229.3168419564464 0.001419682420277013
10 60 0.25 0.3 21 22 201.9149289066304 0.001213363356299624
10 60 0.25 0.3 22 23 178.4383452081823 0.001080642957703049
10 60 0.25 0.3 23 24 158.2363123325535 0.0009490976627830605
10 60 0.25 0.3 24 25 140.7800304680794 0.0007834539443081212
10 60 0.25 0.3 25 26 125.6374061118786 0.0007466957690951403
10 60 0.25 0.3 26 27 112.4520643464335 0.000713283663046127
10 60 0.25 0.3 27 28 100.9299098871704 0.00054752526669688
10 60 0.25 0.3 28 29 90.82799366595017 0.0004883079484017117
10 60 0.25 0.3 29 30 81.94283221703729 0.0005129744800029812
10 60 0.25 0.3 30 31 74.10343908699231 0.0004397698677252038
10 60 0.25 0.3 31 32 67.16680378134352 0.0003230264096174551
10 60 0.25 0.3 32 33 61.01235069563289 0.0003358324722100292
10 60 0.25 0.3 33 34 55.5370889846042 0.0003520335495608151
10 60 0.25 0.3 34 35 50.65339163561106 0.0002975035462213782
10 60 0.25 0.3 35 36 46.28692211378841 0.0002211269278333816
10 60 0.25 0.3 36 37 42.37407234613424 0.0002174191637394074
10 60 0.25 0.3 37 38 38.85982324011497 0.0002306158867000363
10 60 0.25 0.3 38 39 35.69666333476921 0.000208006054826626
10 60 0.25 0.3 39 40 32.84368740236522 0.0001629961508484712
10 60 0.25 0.3 40 42 58.19670733678494 0.0003070810027310245
10 60 0.25 0.3 42 44 49.70352593671254 0.0002741684858236226
10 60 0.25 0.3 44 46 42.68051505544304 0.0001901974890898828
10 60 0.25 0.3 46 48 36.83564722954508 0.000197379291577704
10 60 0.25 0.3 48 50 31.94113438511795 0.0001552197201064587
10 60 0.25 0.3 50 52 27.81913610587567 0.0001302231916717744
10 60 0.25 0.3 52 54 24.32928017290826 0.0001204565668473379
10 60 0.25 0.3 54 56 21.35980003437683 9.681882690770749e-05
10 60 0.25 0.3 56 58 18.82127264565939 8.769687518750402e-05
10 60 0.25 0.3 58 60 16.64155538110381 7.416435973439661e-05
10 60 0.25 0.3 60 65 33.9231072263232 0.0001429961732029028
10 60 0.25 0.3 65 70 25.59719027477982 0.0001013562079812402
10 60 0.25 0.3 70 80 34.90955017751242 0.0001215097512456964
10 60 0.25 0.3 80 90 21.64643063709568 7.520265785743163e-05
10 60 0.25 0.3 90 100 14.03615602911204 4.887943901010772e-05
10 60 0.3 0.35 0 0.5 -63026.18617154161 0.7206623706006212
10 60 0.3 0.35 0.5 1 792.7043534058425 0.01880452609066197
10 60 0.3 0.35 1 1.5 5105.97251197483 0.2497382446235861
10 60 0.3 0.35 1.5 2 4798.739672778123 0.1942112640999767
10 60 0.3 0.35 2 2.5 4096.655132952836 0.1464993217314259
10 60 0.3 0.35 2.5 3 3458.843734153683 0.1147218585388146
10 60 0.3 0.35 3 3.5 2935.042892882423 0.09269281680781205
10 60 0.3 0.35 3.5 4 2511.562215530279 0.07428128655146793
10 60 0.3 0.35 4 4.5 2167.612812497929 0.05850292748618813
10 60 0.3 0.35 4.5 5 1885.435466804053 0.04695940492592854
10 60 0.3 0.35 5 5.5 1651.342230030757 0.03882224827498248
10 60 0.3 0.35 5.5 6 1455.068694682322 0.03205850288895817
10 60 0.3 0.35 6 6.5 1288.908376789122 0.02619189790266319
10 60 0.3 0.35 6.5 7 1147.027609879194 0.02149445532700156
10 60 0.3 0.35 7 7.5 1024.967566281274 0.0176883835499666
10 60 0.3 0.35 7.5 8 919.2576406560073 0.01465972980690822
10 60 0.3 0.35 8 8.5 827.175849081758 0.01229979075662868
10 60 0.3 0.35 8.5 9 746.5552355193655 0.01038373385074465
10 60 0.3 0.35 9 9.5 675.6442712185333 0.008772038855340725
10 60 0.3 0.35 9.5 10 613.0203025824138 0.007425740041185236
10 60 0.3 0.35 10 10.5 557.5138514317015 0.006343476079791799
10 60 0.3 0.35 10.5 11 508.1509077844594 0.005461127342528016
10 60 0.3 0.35 11 11.5 464.117411678542 0.004726536365751599
10 60 0.3 0.35 11.5 12 424.7293819404405 0.01804581848824682
10 60 0.3 0.35 12 12.5 389.4057921407685 0.01369498104884315
10 60 0.3 0.35 12.5 13 357.6496654391682 0.01018477985081745
10 60 0.3 0.35 13 13.5 329.0358197180751 0.007378186694211308
10 60 0.3 0.35 13.5 14 303.1986579697838 0.005163914519926038
10 60 0.3 0.35 14 14.5 279.8216928823254 0.003448148438906173
10 60 0.3 0.35 14.5 15 258.6295433177807 0.002096486320965596
10 60 0.3 0.35 15 16 461.2538417801935 0.004726620026701767
10 60 0.3 0.35 16 17 397.2594631551125 0.005603955861431587
10 60 0.3 0.35 17 18 343.8651307808286 0.01136363035539034
10 60 0.3 0.35 18 19 299.0452693631932 0.01442238942826179
10 60 0.3 0.35 19 20 261.2118251436014 0.001586409586593618
10 60 0.3 0.35 20 21 229.1078687060083 0.001335905258173398
10 60 0.3 0.35 21 22 201.7314007633462 0.001253807244950167
10 60 0.3 0.35 22 23 178.2762017062232 0.001091683465290316
10 60 0.3 0.35 23 24 158.0923765457796 0.0008733865213343961
10 60 0.3 0.35 24 25 140.6524027297299 0.0008516979884234388
10 60 0.3 0.35 25 26 125.5231500511194 0.0007655622875546442
10 60 0.3 0.35 26 27 112.3494401681667 0.0005772556973084875
10 60 0.3 0.35 27 28 100.8386378206412 0.0005868459437579077
10 60 0.3 0.35 28 29 90.7462603390079 0.0005825354134714189
10 60 0.3 0.35 29 30 81.8687127729509 0.0004404574067393696
10 60 0.3 0.35 30 31 74.03655441832926 0.0003724969328544603
10 60 0.3 0.35 31 32 67.10672787740947 0.0004044930951891956
10 60 0.3 0.35 32 33 60.95777843970396 0.0003720683049053264
10 60 0.3 0.35 33 34 55.48720871096101 0.000277760956564066
10 60 0.3 0.35 34 35 50.60813422344216 0.0002579039781309689
10 60 0.3 0.35 35 36 46.24599622457666 0.000269656402217322
10 60 0.3 0.35 36 37 42.33675108225456 0.0002512898170792255
10 60 0.3 0.35 37 38 38.82555916480477 0.0001925861815692542
10 60 0.3 0.35 38 39 35.66531052421606 0.0001726401856529947
10 60 0.3 0.35 39 40 32.81511386505656 0.0001747104287943557
10 60 0.3 0.35 40 42 58.14667226877876 0.0003210130579134329
10 60 0.3 0.35 42 44 49.66152442330274 0.000252796921273557
10 60 0.3 0.35 44 46 42.64508961044502 0.000225306223128996
10 60 0.3 0.35 46 48 36.80521337554821 0.0001613159930329289
10 60 0.3 0.35 48 50 31.91526759730408 0.0001577245841275499
10 60 0.3 0.35 50 52 27.7971167211891 0.0001350911629636187
10 60 0.3 0.35 52 54 24.31041848577444 0.0001093105050280485
10 60 0.3 0.35 54 56 21.34366286552198 0.000100896127236183
10 60 0.3 0.35 56 58 18.80742627687681 8.213814544077991e-05
10 60 0.3 0.35 58 60 16.62967123786675 7.217596046871222e-05
10 60 0.3 0.35 60 65 33.90019802864389 0.0001390858620808899
10 60 0.3 0.35 65 70 25.58147722727643 9.629663833621294e-05
10 60 0.3 0.35 70 80 34.8916664342952 0.000121537554072404
10 60 0.3 0.35 80 90 21.63820823099176 7.521663968290682e-05
10 60 0.3 0.35 90 100 14.03262165674678 4.890443264393696e-05
10 60 0.35 0.4 0 0.5 -62929.84989261947 0.5767600526669412
10 60 0.35 0.4 0.5 1 801.1860787652136 0.001277291014616821
10 60 0.35 0.4 1 1.5 5104.282831958307 0.1109711691578923
10 60 0.35 0.4 1.5 2 4795.557859287712 0.1934340744192014
10 60 0.35 0.4 2 2.5 4093.420263634539 0.1487831935405666
10 60 0.35 0.4 2.5 3 3455.870016113619 0.1143687610228881
10 60 0.35 0.4 3 3.5 2932.382982975992 0.09006853383380076
10 60 0.35 0.4 3.5 4 2509.20583686858 0.07331900667850277
10 60 0.35 0.4 4 4.5 2165.524853816235 0.0595906233261303
10 60 0.35 0.4 4.5 5 1883.585344845118 0.04767402040693014
10 60 0.35 0.4 5 5.5 1649.695967887883 0.03829337326146742
10 60 0.35 0.4 5.5 6 1453.603762108825 0.03144744220685425
10 60 0.35 0.4 6 6.5 1287.595590666076 0.02598816334784715
10 60 0.35 0.4 6.5 7 1145.852361847564 0.02142989428011788
10 60 0.35 0.4 7 7.5 1023.909260097266 0.0177379857032065
10 60 0.35 0.4 7.5 8 918.3019329872531 0.01470423773173479
10 60 0.35 0.4 8 8.5 826.3136483951525 0.01223353622185641
10 60 0.35 0.4 8.5 9 745.7728997067364 0.01030353606711287
10 60 0.35 0.4 9 9.5 674.9331351503051 0.008757961529795466
10 60 0.35 0.4 9.5 10 612.3746426427224 0.007467346399607777
10 60 0.35 0.4 10 10.5 556.9252775566649 0.00637240262733485
10 60 0.35 0.4 10.5 11 507.6126167943855 0.005473713751257492
10 60 0.35 0.4 11 11.5 463.6255815151421 0.004736011857687572
10 60 0.35 0.4 11.5 12 424.2796046619166 0.01809550539621796
10 60 0.35 0.4 12 12.5 388.992572210216 0.01368135782485069
10 60 0.35 0.4 12.5 13 357.2692249403175 0.01013454264341362
10 60 0.35 0.4 13 13.5 328.6856937291295 0.007351688072503748
10 60 0.35 0.4 13.5 14 302.8762990189523 0.005179267165601686
10 60 0.35 0.4 14 14.5 279.5240852634107 0.003452273046548271
10 60 0.35 0.4 14.5 15 258.3542058166154 0.002082261092255067
10 60 0.35 0.4 15 16 460.763269813282 0.004607659632313243
10 60 0.35 0.4 16 17 396.8383533482905 0.005508976929775145
10 60 0.35 0.4 17 18 343.5010072348335 0.01140722362816859
10 60 0.35 0.4 18 19 298.7295243528666 0.01436039782987564
10 60 0.35 0.4 19 20 260.9363686054552 0.001556577630310585
10 60 0.35 0.4 20 21 228.866414425491 0.001390289874251494
10 60 0.35 0.4 21 22 201.5181364867566 0.001191128036111877
10 60 0.35 0.4 22 23 178.0881596518053 0.001006207762515032
10 60 0.35 0.4 23 24 157.9268100492947 0.001008856306384587
10 60 0.35 0.4 24 25 140.5046082447538 0.0008223584331403799
10 60 0.35 0.4 25 26 125.3910541542752 0.0006315951410158505
10 60 0.35 0.4 26 27 112.2321403059568 0.0006863871540616628
10 60 0.35 0.4 27 28 100.7333250358876 0.0006171316135521465
10 60 0.35 0.4 28 29 90.65126615467948 0.0004552157828214831
10 60 0.35 0.4 29 30 81.78372326198432 0.0004574840046558393
10 60 0.35 0.4 30 31 73.96020593895932 0.0004693426705273396
10 60 0.35 0.4 31 32 67.03730906446543 0.000370143612855145
10 60 0.35 0.4 32 33 60.8947102020464 0.0002925231850596788
10 60 0.35 0.4 33 34 55.43024551873595 0.0003056967873860117
10 60 0.35 0.4 34 35 50.55646342319251 0.0003024294280677964
10 60 0.35 0.4 35 36 46.19881295203515 0.0002428875465483316
10 60 0.35 0.4 36 37 42.29371357519433 0.0002066448949875621
10 60 0.35 0.4 37 38 38.78643578781308 0.0002072308394360789
10 60 0.35 0.4 38 39 35.62962906295484 0.0002023268790196653
10 60 0.35 0.4 39 40 32.78238910657686 0.0001697700972229654
10 60 0.35 0.4 40 42 58.08912245579864 0.0002831850554585458
10 60 0.35 0.4 42 44 49.61331419041945 0.0002711684421967675
10 60 0.35 0.4 44 46 42.6044442482747 0.0002091051911961017
10 60 0.35 0.4 46 48 36.77071087959691 0.0001780968997735499
10 60 0.35 0.4 48 50 31.88568665776541 0.0001392935001547357
10 60 0.35 0.4 50 52 27.77188506319897 0.0001307923260007726
10 60 0.35 0.4 52 54 24.28887393111805 0.0001137440074892027
10 60 0.35 0.4 54 56 21.32517114796721 9.073357885824862e-05
10 60 0.35 0.4 56 58 18.79156954154338 8.119723718991168e-05
10 60 0.35 0.4 58 60 16.61606630249294 6.908270487215873e-05
10 60 0.35 0.4 60 65 33.87396220878792 0.0001343366842263549
10 60 0.35 0.4 65 70 25.56344999552803 9.171210873759605e-05
10 60 0.35 0.4 70 80 34.87113265541979 0.0001215462002122081
10 60 0.35 0.4 80 90 21.62860921909005 7.52593169650595e-05
10 60 0.35 0.4 90 100 14.02832350562905 4.893125256622e-05
10 60 0.4 0.45 0 0.5 -62819.70440618251 0.5704043523437576
10 60 0.4 0.45 0.5 1 810.7964989303955 0.001587395802289393
10 60 0.4 0.45 1 1.5 5102.333694321699 0.1007180123742728
10 60 0.4 0.45 1.5 2 4791.925936616345 0.1947612285912328
10 60 0.4 0.45 2 2.5 4089.725135088484 0.1499728268954641
10 60 0.4 0.45 2.5 3 3452.475565046763 0.1169286075237324
10 60 0.4 0.45 3 3.5 2929.348885556446 0.09178334136004196
10 60 0.4 0.45 3.5 4 2506.515617757732 0.07276265313066688
10 60 0.4 0.45 4 4.5 2163.145607671115 0.05903681257905191
10 60 0.4 0.45 4.5 5 1881.472471757567 0.04813744320040314
10 60 0.4 0.45 5 5.5 1647.820238478105 0.03881604581783904
10 60 0.4 0.45 5.5 6 1451.92968207466 0.03130220950652074
10 60 0.4 0.45 6 6.5 1286.098832484503 0.02567129695603398
10 60 0.4 0.45 6.5 7 1144.511476508775 0.02123504577298263
10 60 0.4 0.45 7 7.5 1022.700597295627 0.01757931509200716
10 60 0.4 0.45 7.5 8 917.2138296698314 0.01470584206560943
10 60 0.4 0.45 8 8.5 825.3295975722398 0.01231854018942613
10 60 0.4 0.45 8.5 9 744.8799262184995 0.01032533979332584
10 60 0.4 0.45 9 9.5 674.1236974007365 0.008698809861016343
10 60 0.4 0.45 9.5 10 611.6383094128644 0.0074065910068839
10 60 0.4 0.45 10 10.5 556.25302593088 0.006366148499864721
10 60 0.4 0.45 10.5 11 506.9993071178095 0.005481890418138846
10 60 0.4 0.45 11 11.5 463.0656062273446 0.00472943812229687
10 60 0.4 0.45 11.5 12 423.7661965787009 0.01806544567881474
10 60 0.4 0.45 12 12.5 388.5210828973067 0.01360852415217551
10 60 0.4 0.45 12.5 13 356.8363388950057 0.01012508217075947
10 60 0.4 0.45 13 13.5 328.2876292945849 0.007378657094307073
10 60 0.4 0.45 13.5 14 302.5090316281843 0.005172593439908724
10 60 0.4 0.45 14 14.5 279.1846716521213 0.003420190219742381
10 60 0.4 0.45 14.5 15 258.0406053351446 0.002056641912076884
10 60 0.4 0.45 15 16 460.2051631782859 0.004733165356071822
10 60 0.4 0.45 16 17 396.3582052666367 0.005584786723545676
10 60 0.4 0.45 17 18 343.08656842931 0.01132025709500795
10 60 0.4 0.45 18 19 298.3696438241668 0.01441735236903696
10 60 0.4 0.45 19 20 260.6232600453951 0.001620257504100664
10 60 0.4 0.45 20 21 228.5918303142515 0.001380369050849595
10 60 0.4 0.45 21 22 201.2763966632063 0.001102606151931695
10 60 0.4 0.45 22 23 177.87530101151 0.001116425671796151
10 60 0.4 0.45 23 24 157.7377726955694 0.0009054176430254302
10 60 0.4 0.45 24 25 140.3372490123685 0.0007606775637327701
10 60 0.4 0.45 25 26 125.2427961113094 0.0007936908758665595
10 60 0.4 0.45 26 27 112.0989098242611 0.0006241238618258649
10 60 0.4 0.45 27 28 100.6137417720857 0.0005010983495878918
10 60 0.4 0.45 28 29 90.54456781800819 0.0005475447726581706
10 60 0.4 0.45 29 30 81.68768381267253 0.0005028100033541705
10 60 0.4 0.45 30 31 73.87322720034447 0.0003676130302778802
10 60 0.4 0.45 31 32 66.95897231789625 0.0003510099810739575
10 60 0.4 0.45 32 33 60.82410663631036 0.0003677376300998958
10 60 0.4 0.45 33 34 55.36603251923454 0.000303846993915613
10 60 0.4 0.45 34 35 50.49793381649752 0.0002389280542374195
10 60 0.4 0.45 35 36 46.14568508388588 0.0002391841772038106
10 60 0.4 0.45 36 37 42.24545762515059 0.0002413191555490357
10 60 0.4 0.45 37 38 38.74237823874409 0.0002082117787409743
10 60 0.4 0.45 38 39 35.58932330313958 0.0001718011470401848
10 60 0.4 0.45 39 40 32.74557289480037 0.0001650257569707492
10 60 0.4 0.45 40 42 58.02457317954962 0.0003069755756754944
10 60 0.4 0.45 42 44 49.55880973772593 0.0002313112673704154
10 60 0.4 0.45 44 46 42.55864630110675 0.000221565799328971
10 60 0.4 0.45 46 48 36.73202806896609 0.0001759341152478555
10 60 0.4 0.45 48 50 31.85266297273776 0.0001433012030815917
10 60 0.4 0.45 50 52 27.74354080876345 0.0001170149038323132
10 60 0.4 0.45 52 54 24.26464831790264 0.0001067372960825708
10 60 0.4 0.45 54 56 21.30445478881853 9.221894896782601e-05
10 60 0.4 0.45 56 58 18.77378830445285 7.577690658067127e-05
10 60 0.4 0.45 58 60 16.60079114930517 6.670966448396598e-05
10 60 0.4 0.45 60 65 33.84450576450546 0.0001288508862913318
10 60 0.4 0.45 65 70 25.5432247270741 8.960429961746286e-05
10 60 0.4 0.45 70 80 34.8479310853299 0.0001215414270774318
10 60 0.4 0.45 80 90 21.61766149628118 7.529392523863976e-05
10 60 0.4 0.45 90 100 14.02324697159197 4.89665562497521e-05
10 60 0.45 0.5 0 0.5 -62695.90687521398 0.5626869370098575
10 60 0.45 0.5 0.5 1 821.5339099123996 0.03105504618235955
10 60 0.45 0.5 1 1.5 5100.103192629177 0.241932760302916
10 60 0.45 0.5 1.5 2 4787.845005428449 0.1954265441781899
10 60 0.45 0.5 2 2.5 4085.57634086441 0.1470314191269608
10 60 0.45 0.5 2.5 3 3448.660885597999 0.1160825207048219
10 60 0.45 0.5 3 3.5 2925.943358877946 0.09224897146623334
10 60 0.45 0.5 3.5 4 2503.493916298312 0.07304221444428549
10 60 0.45 0.5 4 4.5 2160.474826650775 0.05834388358789511
10 60 0.45 0.5 4.5 5 1879.100410756037 0.04754040578927743
10 60 0.45 0.5 5 5.5 1645.714776164582 0.03903982312999688
10 60 0.45 0.5 5.5 6 1450.048763626773 0.0318174845865542
10 60 0.45 0.5 6 6.5 1284.42035661452 0.02581322793935215
10 60 0.45 0.5 6.5 7 1143.003528566003 0.02122211440178035
10 60 0.45 0.5 7 7.5 1021.345257434156 0.01763079059185202
10 60 0.45 0.5 7.5 8 915.9926785804172 0.01461169483650337
10 60 0.45 0.5 8 8.5 824.2237413168052 0.01221621493141356
10 60 0.45 0.5 8.5 9 743.8790720779181 0.01031630409045192
10 60 0.45 0.5 9 9.5 673.2154943095748 0.00875570210632759
10 60 0.45 0.5 9.5 10 610.8108642943508 0.007422205047646457
10 60 0.45 0.5 10 10.5 555.4992381590466 0.006325322020757085
10 60 0.45 0.5 10.5 11 506.3120044011326 0.005452026175191804
10 60 0.45 0.5 11 11.5 462.4364681622487 0.004740064009581602
10 60 0.45 0.5 11.5 12 423.1896019075709 0.01797306015106415
10 60 0.45 0.5 12 12.5 387.9927271300606 0.01360642834549708
10 60 0.45 0.5 12.5 13 356.351245328273 0.01014450228893793
10 60 0.45 0.5 13 13.5 327.8409101523148 0.00735627237281733
10 60 0.45 0.5 13.5 14 302.0971431304802 0.005147471923919511
10 60 0.45 0.5 14 14.5 278.8047148264108 0.003417340379940015
10 60 0.45 0.5 14.5 15 257.6895889585495 0.002072202089550501
10 60 0.45 0.5 15 16 459.5789972340106 0.004578761940251752
10 60 0.45 0.5 16 17 395.8199768193797 0.005509063325973784
10 60 0.45 0.5 17 18 342.6213300078443 0.01140856008595392
10 60 0.45 0.5 18 19 297.9667373080774 0.01428353351604983
10 60 0.45 0.5 19 20 260.2716192156481 0.001575326095860419
10 60 0.45 0.5 20 21 228.2844240984236 0.001287152518557377
10 60 0.45 0.5 21 22 201.0072713005467 0.001291861504569169
10 60 0.45 0.5 22 23 177.6365053458484 0.0009534610395007803
10 60 0.45 0.5 23 24 157.526845251091 0.0008592650709431382
10 60 0.45 0.5 24 25 140.150946297194 0.0009114444531235222
10 60 0.45 0.5 25 26 125.076360310021 0.0006746567930520087
10 60 0.45 0.5 26 27 111.9506008407375 0.0005982758946458944
10 60 0.45 0.5 27 28 100.4813805622321 0.0006233809323532569
10 60 0.45 0.5 28 29 90.42518268611177 0.0004932495413640936
10 60 0.45 0.5 29 30 81.58010819616003 0.0003997796416399524
10 60 0.45 0.5 30 31 73.7768139897474 0.0004304278785411952
10 60 0.45 0.5 31 32 66.87200843445638 0.0003968342777795897
10 60 0.45 0.5 32 33 60.74518507909731 0.0002989233697263671
10 60 0.45 0.5 33 34 55.29459780641476 0.0002816360610395918
10 60 0.45 0.5 34 35 50.43326594789389 0.0002846531538125419
10 60 0.45 0.5 35 36 46.08679539817946 0.0002490092583542491
10 60 0.45 0.5 36 37 42.19167683094634 0.0002000189411077713
10 60 0.45 0.5 37 38 38.69337695093177 0.000192328655330698
10 60 0.45 0.5 38 39 35.54469140911038 0.0001932303900460397
10 60 0.45 0.5 39 40 32.70476511854528 0.0001729244919417283
10 60 0.45 0.5 40 42 57.95287451104058 0.0002726952942495586
10 60 0.45 0.5 42 44 49.49854657425006 0.0002457986548449753
10 60 0.45 0.5 44 46 42.50769418428027 0.0001935627287892316
10 60 0.45 0.5 46 48 36.68905606670165 0.000182111952163666
10 60 0.45 0.5 48 50 31.81623559572234 0.0001434172081715701
10 60 0.45 0.5 50 52 27.71234284589422 0.0001132985747105408
10 60 0.45 0.5 52 54 24.23787112083092 9.622081512006275e-05
10 60 0.45 0.5 54 56 21.28154944249797 8.844312769440421e-05
10 60 0.45 0.5 56 58 18.75416157033838 7.529599521305386e-05
10 60 0.45 0.5 58 60 16.58392605461622 6.376674987507158e-05
10 60 0.45 0.5 60 65 33.81195708527229 0.0001211950710384713
10 60 0.45 0.5 65 70 25.52090975713142 8.960471204133569e-05
10 60 0.45 0.5 70 80 34.82203426292015 0.000121574035233607
10 60 0.45 0.5 80 90 21.60536828532166 7.532448949731929e-05
10 60 0.45 0.5 90 100 14.01741184126813 4.899976632977143e-05
10 60 0.5 0.55 0 0.5 -62558.61560490204 0.5624258888710756
10 60 0.5 0.55 0.5 1 833.4092693002638 0.002988715197034253
10 60 0.5 0.55 1 1.5 5097.613413445353 0.04553379413209768
10 60 0.5 0.55 1.5 2 4783.320432820955 0.1879020418991786
10 60 0.5 0.55 2 2.5 4080.978978844813 0.1485423023000294
10 60 0.5 0.55 2.5 3 3444.432366366054 0.1143489953019525
10 60 0.5 0.55 3 3.5 2922.166899176698 0.09085213374783052
10 60 0.5 0.55 3.5 4 2500.146465760975 0.07378299438823888
10 60 0.5 0.55 4 4.5 2157.51100107018 0.05906399703098941
10 60 0.5 0.55 4.5 5 1876.473868381456 0.04730594701982227
10 60 0.5 0.55 5 5.5 1643.377906325823 0.03857456651053326
10 60 0.5 0.55 5.5 6 1447.966010329113 0.03177748123857782
10 60 0.5 0.55 6 6.5 1282.558016299426 0.02612541300300109
10 60 0.5 0.55 6.5 7 1141.331770782011 0.02131613469055083
10 60 0.5 0.55 7 7.5 1019.844455033126 0.01753321748742565
10 60 0.5 0.55 7.5 8 914.6375295659008 0.01463235232961324
10 60 0.5 0.55 8 8.5 822.9992435480173 0.01224651596623971
10 60 0.5 0.55 8.5 9 742.7706230907648 0.0102799156788933
10 60 0.5 0.55 9 9.5 672.2077857737503 0.008688090931059378
10 60 0.5 0.55 9.5 10 609.8944217011016 0.007418139060746398
10 60 0.5 0.55 10 10.5 554.6649915709078 0.006362420398772883
10 60 0.5 0.55 10.5 11 505.549738670751 0.005458766453102726
10 60 0.5 0.55 11 11.5 461.7391371322893 0.00470158084152672
10 60 0.5 0.55 11.5 12 422.5514812093469 0.01796563696865405
10 60 0.5 0.55 12 12.5 387.407564196808 0.01360680379343648
10 60 0.5 0.55 12.5 13 355.8133526959472 0.01009778491606994
10 60 0.5 0.55 13 13.5 327.3461002685557 0.007328757567904631
10 60 0.5 0.55 13.5 14 301.6415283030445 0.005150841754982594
10 60 0.5 0.55 14 14.5 278.3843167244902 0.003423942633958177
10 60 0.5 0.55 14.5 15 257.3008991393342 0.002045795914909831
10 60 0.5 0.55 15 16 458.8862733186173 0.004671807204658762
10 60 0.5 0.55 16 17 395.2234028516116 0.005626008846718378
10 60 0.5 0.55 17 18 342.1066481004136 0.01130688787714007
10 60 0.5 0.55 18 19 297.5198071812153 0.01430405035159765
10 60 0.5 0.55 19 20 259.8824544692925 0.001521064679707251
10 60 0.5 0.55 20 21 227.9451880858574 0.001467306092138188
10 60 0.5 0.55 21 22 200.7083690397438 0.001093316569040326
10 60 0.5 0.55 22 23 177.3741061269458 0.001021341695491174
10 60 0.5 0.55 23 24 157.2947887596739 0.0009785461239175675
10 60 0.5 0.55 24 25 139.9439289252191 0.0007009550267298437
10 60 0.5 0.55 25 26 124.8930858891939 0.0007262058238239888
10 60 0.5 0.55 26 27 111.7875409407467 0.0007122851961440801
10 60 0.5 0.55 27 28 100.3348381348439 0.0005071453735894238
10 60 0.5 0.55 28 29 90.29385591763024 0.0004667021819528827
10 60 0.5 0.55 29 30 81.46234766773658 0.0004866911207130897
10 60 0.5 0.55 30 31 73.67040682982331 0.0003827002942813351
10 60 0.5 0.55 31 32 66.77593010314962 0.0003318886731591419
10 60 0.5 0.55 32 33 60.65865270345321 0.0003398141545218891
10 60 0.5 0.55 33 34 55.21627508783939 0.0003119674180922516
10 60 0.5 0.55 34 35 50.36203869840175 0.000245324784351908
10 60 0.5 0.55 35 36 46.02206211910011 0.0002258629172615656
10 60 0.5 0.55 36 37 42.13283951849372 0.0002234887698762122
10 60 0.5 0.55 37 38 38.63969257230855 0.0002011257179432846
10 60 0.5 0.55 38 39 35.49559050431765 0.0001638041799338907
10 60 0.5 0.55 39 40 32.65991453206685 0.0001538511499390438
10 60 0.5 0.55 40 42 57.87442549621942 0.0002906613249749057
10 60 0.5 0.55 42 44 49.43253847119799 0.0002253006477488384
10 60 0.5 0.55 44 46 42.45196182694423 0.000196954700655283
10 60 0.5 0.55 46 48 36.64183172379846 0.0001582251784171262
10 60 0.5 0.55 48 50 31.77632239712498 0.0001470577325655142
10 60 0.5 0.55 50 52 27.67842896854048 0.0001166176855278422
10 60 0.5 0.55 52 54 24.20876088521681 9.168951963545169e-05
10 60 0.5 0.55 54 56 21.25653305782311 7.963371539787545e-05
10 60 0.5 0.55 56 58 18.73272904193923 7.310744941335656e-05
10 60 0.5 0.55 58 60 16.56553360034164 6.020884450208541e-05
10 60 0.5 0.55 60 65 33.77649610468904 0.0001195021154956066
10 60 0.5 0.55 65 70 25.4965569006179 8.962542182544553e-05
10 60 0.5 0.55 70 80 34.79346659612479 0.0001216558571641713
10 60 0.5 0.55 80 90 21.59165550412742 7.53620769735619e-05
10 60 0.5 0.55 90 100 14.01084448174218 4.904106905812e-05
10 60 0.55 0.6 0 0.5 -62407.80240857218 0.6520595244364813
10 60 0.55 0.6 0.5 1 846.4525749056452 0.03841375602837616
10 60 0.55 0.6 1 1.5 5094.879955481337 0.03819541601114906
10 60 0.55 0.6 1.5 2 4778.340194602723 0.1916328565766889
10 60 0.55 0.6 2 2.5 4075.934653879813 0.1478093739647193
10 60 0.55 0.6 2.5 3 3439.795155884387 0.116240808310522
10 60 0.55 0.6 3 3.5 2918.021068686454 0.09094070700257362
10 60 0.55 0.6 3.5 4 2496.47541264794 0.07224354143318124
10 60 0.55 0.6 4 4.5 2154.257359601412 0.05891839522791997
10 60 0.55 0.6 4.5 5 1873.593116386288 0.047731649398429
10 60 0.55 0.6 5 5.5 1640.812787956956 0.03827935045160302
10 60 0.55 0.6 5.5 6 1445.682650423062 0.03108757624750069
10 60 0.55 0.6 6 6.5 1280.512553357854 0.02569653864452448
10 60 0.55 0.6 6.5 7 1139.499843458246 0.02136302872281703
10 60 0.55 0.6 7 7.5 1018.196105073242 0.01761925416280974
10 60 0.55 0.6 7.5 8 913.1511637872902 0.01456957509606127
10 60 0.55 0.6 8 8.5 821.6574083743756 0.01222283269396485
10 60 0.55 0.6 8.5 9 741.553789912802 0.01029020943110481
10 60 0.55 0.6 9 9.5 671.1029577446216 0.00871456491677236
10 60 0.55 0.6 9.5 10 608.8902735207082 0.007386574810197999
10 60 0.55 0.6 10 10.5 553.7493463392117 0.006306768432295939
10 60 0.55 0.6 10.5 11 504.7137105076451 0.005454007304365405
10 60 0.55 0.6 11 11.5 460.9751691091001 0.004730001663972416
10 60 0.55 0.6 11.5 12 421.8517815999692 0.01794486483288438
10 60 0.55 0.6 12 12.5 386.7654573027367 0.01354178770787939
10 60 0.55 0.6 12.5 13 355.2236993653229 0.01007547695058975
10 60 0.55 0.6 13 13.5 326.8038373580454 0.007333461273958619
10 60 0.55 0.6 13.5 14 301.1418516255443 0.005137830309649871
10 60 0.55 0.6 14 14.5 277.9233375307284 0.003399296832924392
10 60 0.55 0.6 14.5 15 256.8752776814802 0.002078068791604437
10 60 0.55 0.6 15 16 458.1267731041524 0.00457435156693009
10 60 0.55 0.6 16 17 394.570180656173 0.005640379217425107
10 60 0.55 0.6 17 18 341.5420073400853 0.0112666081097359
10 60 0.55 0.6 18 19 297.0296452494395 0.01446500550770224
10 60 0.55 0.6 19 20 259.4570872139653 0.001675816596502955
10 60 0.55 0.6 20 21 227.5720484140072 0.0012782308266992
10 60 0.55 0.6 21 22 200.382272461626 0.001182225711460205
10 60 0.55 0.6 22 23 177.0871775557497 0.001110516892140367
10 60 0.55 0.6 23 24 157.040308027226 0.0007971224016500855
10 60 0.55 0.6 24 25 139.7188800667206 0.0008212902941977518
10 60 0.55 0.6 25 26 124.6925330044572 0.0007355433489948382
10 60 0.55 0.6 26 27 111.6083263590473 0.0005585853379130867
10 60 0.55 0.6 27 28 100.1754007880229 0.0005766641392739302
10 60 0.55 0.6 28 29 90.15106902777558 0.0005290051318098676
10 60 0.55 0.6 29 30 81.3335983551197 0.000389037940337289
10 60 0.55 0.6 30 31 73.55459155539161 0.0003810277448366151
10 60 0.55 0.6 31 32 66.67156452410988 0.0003736423460338756
10 60 0.55 0.6 32 33 60.56417579663078 0.0003079724187742272
10 60 0.55 0.6 33 34 55.13075000303096 0.0002720166014569259
10 60 0.55 0.6 34 35 50.28465848531562 0.0002663859087590481
10 60 0.55 0.6 35 36 45.95179669585964 0.0002444047380265602
10 60 0.55 0.6 36 37 42.06880024137844 0.0001950727820059228
10 60 0.55 0.6 37 38 38.58132306075557 0.0001783749579828964
10 60 0.55 0.6 38 39 35.44238298123328 0.0001756998983566405
10 60 0.55 0.6 39 40 32.61129038871751 0.0001574300306614873
10 60 0.55 0.6 40 42 57.78918439635361 0.0002632759940937035
10 60 0.55 0.6 42 44 49.36100870967567 0.0002303889917882884
10 60 0.55 0.6 44 46 42.39159211655449 0.0001823306590864604
10 60 0.55 0.6 46 48 36.59071829577064 0.0001554198320334876
10 60 0.55 0.6 48 50 31.73295450684857 0.0001315825057659481
10 60 0.55 0.6 50 52 27.64168865605381 0.0001211333016470917
10 60 0.55 0.6 52 54 24.17744619406895 9.607126175836811e-05
10 60 0.55 0.6 54 56 21.22959316612678 7.648799000392614e-05
10 60 0.55 0.6 56 58 18.70956222419257 6.707920975301818e-05
10 60 0.55 0.6 58 60 16.5456805716689 5.911609664011053e-05
10 60 0.55 0.6 60 65 33.73825305756748 0.0001195519705348147
10 60 0.55 0.6 65 70 25.47018020193663 8.962603449091944e-05
10 60 0.55 0.6 70 80 34.76225465239554 0.0001217038890501954
10 60 0.55 0.6 80 90 21.57648215147437 7.53986197352674e-05
10 60 0.55 0.6 90 100 14.00359153272348 4.908562646832593e-05
10 60 0.6 0.65 0 0.5 -62243.27624640446 0.7710033715411555
10 60 0.6 0.65 0.5 1 860.7206906478127 0.001036804564705562
10 60 0.6 0.65 1 1.5 5091.90055175691 0.235820416198294
10 60 0.6 0.65 1.5 2 4772.911983490741 0.2002324897148355
10 60 0.6 0.65 2 2.5 4070.439576367378 0.1436296224719626
10 60 0.6 0.65 2.5 3 3434.750932664998 0.1142743859845723
10 60 0.6 0.65 3 3.5 2913.5113547644 0.09137612989798072
10 60 0.6 0.65 3.5 4 2492.479956140613 0.07236701703368453
10 60 0.6 0.65 4 4.5 2150.720247929649 0.05782579239757979
10 60 0.6 0.65 4.5 5 1870.455705307882 0.04727510914744926
10 60 0.6 0.65 5 5.5 1638.025273554782 0.03884230558060153
10 60 0.6 0.65 5.5 6 1443.195914941878 0.03151871797695094
10 60 0.6 0.65 6 6.5 1278.28895065129 0.02555134396902758
10 60 0.6 0.65 6.5 7 1137.506405954049 0.02106476564358672
10 60 0.6 0.65 7 7.5 1016.402222215047 0.01762447334431272
10 60 0.6 0.65 7.5 8 911.5356709701985 0.01467130783544235
10 60 0.6 0.65 8 8.5 820.1967140807204 0.01218742030096109
10 60 0.6 0.65 8.5 9 740.2306168399864 0.01022077476272898
10 60 0.6 0.65 9 9.5 669.9026561109721 0.008676343051547519
10 60 0.6 0.65 9.5 10 607.7978648525258 0.007418255756647341
10 60 0.6 0.65 10 10.5 552.7537279978155 0.006347874215293814
10 60 0.6 0.65 10.5 11 503.8052549142308 0.005424300935544579
10 60 0.6 0.65 11 11.5 460.1443455551188 0.00469570033465061
10 60 0.6 0.65 11.5 12 421.090713511582 0.01787268947674647
10 60 0.6 0.65 12 12.5 386.0675967917876 0.01353149626180539
10 60 0.6 0.65 12.5 13 354.5825167197629 0.01006053265217588
10 60 0.6 0.65 13 13.5 326.213803891385 0.007284582542467888
10 60 0.6 0.65 13.5 14 300.598612715111 0.005117934851455175
10 60 0.6 0.65 14 14.5 277.4224354479676 0.003439056132776841
10 60 0.6 0.65 14.5 15 256.4120125537702 0.002049108105438791
10 60 0.6 0.65 15 16 457.3014793368139 0.004425140049534093
10 60 0.6 0.65 16 17 393.8607342205955 0.005396967557771859
10 60 0.6 0.65 17 18 340.9276640156125 0.01157575361611407
10 60 0.6 0.65 18 19 296.4985722930911 0.01410162691314554
10 60 0.6 0.65 19 20 258.9930445498349 0.001513108487756654
10 60 0.6 0.65 20 21 227.1680729337473 0.001355358625744429
10 60 0.6 0.65 21 22 200.0279719439491 0.001232194818129528
10 60 0.6 0.65 22 23 176.774618491487 0.0009283075309838296
10 60 0.6 0.65 23 24 156.7654872700493 0.0009762234732022534
10 60 0.6 0.65 24 25 139.4746511000181 0.000778671693439037
10 60 0.6 0.65 25 26 124.4748473153976 0.0006066188524158633
10 60 0.6 0.65 26 27 111.4148232860408 0.0006491175772112001
10 60 0.6 0.65 27 28 100.0024068496717 0.0005481138699110488
10 60 0.6 0.65 28 29 89.9961427403304 0.0004527697770839723
10 60 0.6 0.65 29 30 81.19488605159611 0.0004497894220492071
10 60 0.6 0.65 30 31 73.42962828915951 0.0003922411569448059
10 60 0.6 0.65 31 32 66.55861251450081 0.0003143770186255779
10 60 0.6 0.65 32 33 60.46217437447398 0.0003006598920265446
10 60 0.6 0.65 33 34 55.03851339558875 0.0002908714343519136
10 60 0.6 0.65 34 35 50.20100641590785 0.0002429266095873572
10 60 0.6 0.65 35 36 45.87587878450087 0.0002160618974897943
10 60 0.6 0.65 36 37 41.99988124901928 0.0002096983955865994
10 60 0.6 0.65 37 38 38.51857074480921 0.0001882204693046674
10 60 0.6 0.65 38 39 35.38508632457643 0.0001561305836972338
10 60 0.6 0.65 39 40 32.5589463366359 0.0001466554973603706
10 60 0.6 0.65 40 42 57.69750260984284 0.0002629110559198011
10 60 0.6 0.65 42 44 49.28404358186673 0.000214458911322879
10 60 0.6 0.65 44 46 42.32678711840131 0.0001807947456811121
10 60 0.6 0.65 46 48 36.53589297952889 0.0001518140300973414
10 60 0.6 0.65 48 50 31.68638776305292 0.0001252609562989448
10 60 0.6 0.65 50 52 27.60209333518521 0.0001093121781750028
10 60 0.6 0.65 52 54 24.14382851136276 9.714761710810649e-05
10 60 0.6 0.65 54 56 21.20089127301154 7.718060501815671e-05
10 60 0.6 0.65 56 58 18.6848485350117 6.707231135649749e-05
10 60 0.6 0.65 58 60 16.52441838234268 5.899749330851023e-05
10 60 0.6 0.65 60 65 33.69727674754544 0.0001195492630401418
10 60 0.6 0.65 65 70 25.44178018140609 8.964826350066346e-05
10 60 0.6 0.65 70 80 34.72841247537215 0.0001217425539223882
10 60 0.6 0.65 80 90 21.55985849801313 7.545080570281471e-05
10 60 0.6 0.65 90 100 13.99569200138887 4.913670048267704e-05
10 60 0.65 0.7 0 0.5 -62065.04923143701 0.8977423596006702
10 60 0.65 0.7 0.5 1 876.2161349823538 0.001916452243676758
10 60 0.65 0.7 1 1.5 5088.697480425629 0.2389925399511412
10 60 0.65 0.7 1.5 2 4767.040100024666 0.1911989291866121
10 60 0.65 0.7 2 2.5 4064.49297608249 0.1514752723942365
10 60 0.65 0.7 2.5 3 3429.297189740781 0.1128231061165934
10 60 0.65 0.7 3 3.5 2908.640724625206 0.0906656692445722
10 60 0.65 0.7 3.5 4 2488.160905689221 0.07351924345039151
10 60 0.65 0.7 4 4.5 2146.900356600092 0.05893856295915612
10 60 0.65 0.7 4.5 5 1867.064934615335 0.04724710310256341
10 60 0.65 0.7 5 5.5 1635.01446198088 0.03835845272351435
10 60 0.65 0.7 5.5 6 1440.508467541992 0.03160769282794718
10 60 0.65 0.7 6 6.5 1275.888275473451 0.02594431595184687
10 60 0.65 0.7 6.5 7 1135.351294260703 0.02115874381524918
10 60 0.65 0.7 7 7.5 1014.465864303089 0.01733739618998698
10 60 0.65 0.7 7.5 8 909.789594808271 0.01450956066537401
10 60 0.65 0.7 8 8.5 818.618780369098 0.01224610324015885
10 60 0.65 0.7 8.5 9 738.8024439713229 0.01029157408947867
10 60 0.65 0.7 9 9.5 668.6060243991343 0.008660153998107489
10 60 0.65 0.7 9.5 10 606.6187527951989 0.007340685930671498
10 60 0.65 0.7 10 10.5 551.6794434235034 0.006288759774292885
10 60 0.65 0.7 10.5 11 502.8241389906469 0.005454290150112229
10 60 0.65 0.7 11 11.5 459.2472829256068 0.004705882629082225
10 60 0.65 0.7 11.5 12 420.2693896855935 0.01787052294275782
10 60 0.65 0.7 12 12.5 385.3137597245961 0.01347972816051879
10 60 0.65 0.7 12.5 13 353.8899045205278 0.009988731614669177
10 60 0.65 0.7 13 13.5 325.5772058963872 0.007303112106569642
10 60 0.65 0.7 13.5 14 300.012016949796 0.005148384203494061
10 60 0.65 0.7 14 14.5 276.8805656364774 0.003369985121821628
10 60 0.65 0.7 14.5 15 255.9118414271051 0.002017766445703728
10 60 0.65 0.7 15 16 456.4118457713233 0.004905884856896137
10 60 0.65 0.7 16 17 393.09382699398 0.005872838923949075
10 60 0.65 0.7 17 18 340.267279336143 0.0111323716398033
10 60 0.65 0.7 18 19 295.9237539105307 0.01444114245811079
10 60 0.65 0.7 19 20 258.4940796052042 0.001516923379085711
10 60 0.65 0.7 20 21 226.7319357147754 0.001366084951996527
10 60 0.65 0.7 21 22 199.644968396236 0.001084083575761952
10 60 0.65 0.7 22 23 176.4389106100447 0.001106291988151042
10 60 0.65 0.7 23 24 156.4682787259645 0.0008318939805462833
10 60 0.65 0.7 24 25 139.211746445368 0.0007341659355972752
10 60 0.65 0.7 25 26 124.241803668547 0.0007307728194518859
10 60 0.65 0.7 26 27 111.2064069012964 0.0005354176999787796
10 60 0.65 0.7 27 28 99.8162645095972 0.000506215566772994
10 60 0.65 0.7 28 29 89.82992481090287 0.0005153039901699685
10 60 0.65 0.7 29 30 81.04566401999219 0.0004114047011967159
10 60 0.65 0.7 30 31 73.29544668476298 0.0003581990564214266
10 60 0.65 0.7 31 32 66.43778432417204 0.0003444888767774046
10 60 0.65 0.7 32 33 60.35294306658378 0.0002956614900284649
10 60 0.65 0.7 33 34 54.93956295044904 0.0002471405371906599
10 60 0.65 0.7 34 35 50.11140576384981 0.0002396186804460854
10 60 0.65 0.7 35 36 45.79464298728352 0.0002273024328118822
10 60 0.65 0.7 36 37 41.92604684340508 0.0001914509863851777
10 60 0.65 0.7 37 38 38.45139745288174 0.0001790024737573503
10 60 0.65 0.7 38 39 35.32389399512193 0.0001677321623461125
10 60 0.65 0.7 39 40 32.50306051366223 0.0001436330174016121
10 60 0.65 0.7 40 42 57.59959554267433 0.0002429885682744271
10 60 0.65 0.7 42 44 49.20189548568322 0.0002074525851298858
10 60 0.65 0.7 44 46 42.25764462534739 0.0001792243207603406
10 60 0.65 0.7 46 48 36.47743999094835 0.0001435886032226108
10 60 0.65 0.7 48 50 31.63679602289589 0.0001232776012543013
10 60 0.65 0.7 50 52 27.55987878371215 0.0001009623096059897
10 60 0.65 0.7 52 54 24.10789877098259 8.765602870042244e-05
10 60 0.65 0.7 54 56 21.17035089973641 7.967331996994176e-05
10 60 0.65 0.7 56 58 18.65872962927014 6.704776371435628e-05
10 60 0.65 0.7 58 60 16.50187322528006 5.90349310449767e-05
10 60 0.65 0.7 60 65 33.65356717795959 0.0001195401205862368
10 60 0.65 0.7 65 70 25.41138509475293 8.967293270956134e-05
10 60 0.65 0.7 70 80 34.69197075575389 0.0001217716548680414
10 60 0.65 0.7 80 90 21.54184172434775 7.551543531292282e-05
10 60 0.65 0.7 90 100 13.98713686028178 4.919132401859372e-05
10 60 0.7 0.75 0 0.5 -61873.19787529884 0.9787357322275057
10 60 0.7 0.75 0.5 1 892.9253703598449 0.01172198617700815
10 60 0.7 0.75 1 1.5 5085.275185022963 0.1323841392559189
10 60 0.7 0.75 1.5 2 4760.728406163797 0.1846889623202514
10 60 0.7 0.75 2 2.5 4058.098006892797 0.1503874406130308
10 60 0.7 0.75 2.5 3 3423.43016610747 0.1181048531075248
10 60 0.7 0.75 3 3.5 2903.406981826207 0.0900783124843656
10 60 0.7 0.75 3.5 4 2483.522427740038 0.07228601170572801
10 60 0.7 0.75 4 4.5 2142.794277589958 0.05860459546283892
10 60 0.7 0.75 4.5 5 1863.42618635145 0.04751021738707095
10 60 0.7 0.75 5 5.5 1631.777427790606 0.03830735589008327
10 60 0.7 0.75 5.5 6 1437.624955791692 0.03106161753612469
10 60 0.7 0.75 6 6.5 1273.307964220625 0.02557778562049862
10 60 0.7 0.75 6.5 7 1133.038485884795 0.02126592405488736
10 60 0.7 0.75 7 7.5 1012.386202383735 0.01759377640985349
10 60 0.7 0.75 7.5 8 907.9143787565642 0.0144984244753914
10 60 0.7 0.75 8 8.5 816.925448130816 0.01207067851692045
10 60 0.7 0.75 8.5 9 737.2684525047863 0.01020791277096578
10 60 0.7 0.75 9 9.5 667.2145187380361 0.00867658765730539
10 60 0.7 0.75 9.5 10 605.3537237412696 0.007399217643410338
10 60 0.7 0.75 10 10.5 550.5262627182617 0.006304091395463729
10 60 0.7 0.75 10.5 11 501.7717403161788 0.005396272319387663
10 60 0.7 0.75 11 11.5 458.2850376503067 0.004700534861001415
10 60 0.7 0.75 11.5 12 419.387257955724 0.01776484465329986
10 60 0.7 0.75 12 12.5 384.5048387444506 0.01340690794324928
10 60 0.7 0.75 12.5 13 353.1475571424966 0.01005594397207688
10 60 0.7 0.75 13 13.5 324.8935288344889 0.007277203715375435
10 60 0.7 0.75 13.5 14 299.3814903892716 0.005030576106889839
10 60 0.7 0.75 14 14.5 276.2998882774647 0.003374789755753227
10 60 0.7 0.75 14.5 15 255.376107735595 0.002101240476577004
10 60 0.7 0.75 15 16 455.4552099081695 0.004310696229083533
10 60 0.7 0.75 16 17 392.2741181569464 0.005391039457094848
10 60 0.7 0.75 17 18 339.5578131608013 0.01141921826763337
10 60 0.7 0.75 18 19 295.3093977187788 0.01426659664832641
10 60 0.7 0.75 19 20 257.9590465761286 0.001530947638968883
10 60 0.7 0.75 20 21 226.2637561236803 0.001274483834379225
10 60 0.7 0.75 21 22 199.2357548542387 0.001232100566539884
10 60 0.7 0.75 22 23 176.0779845243616 0.0009238881997930548
10 60 0.7 0.75 23 24 156.1504717764952 0.0008517528333982227
10 60 0.7 0.75 24 25 138.9308756998078 0.0008011380054426809
10 60 0.7 0.75 25 26 123.9921293994248 0.0006090256068347344
10 60 0.7 0.75 26 27 110.9844672713425 0.0005924053913162197
10 60 0.7 0.75 27 28 99.61783897890363 0.0005224938365984144
10 60 0.7 0.75 28 29 89.65191668277049 0.0004153691880190991
10 60 0.7 0.75 29 30 80.88632576412765 0.0004211070211965762
10 60 0.7 0.75 30 31 73.15247584680532 0.0003890709140677018
10 60 0.7 0.75 31 32 66.30893818986985 0.0003084304422600326
10 60 0.7 0.75 32 33 60.23664847014096 0.0002797889677168541
10 60 0.7 0.75 33 34 54.83444201609468 0.0002686605521162733
10 60 0.7 0.75 34 35 50.01609594437567 0.000226132642424659
10 60 0.7 0.75 35 36 45.70811316966177 0.0002049723563501971
10 60 0.7 0.75 36 37 41.84747096388952 0.0001968628935244965
10 60 0.7 0.75 37 38 38.37992676967997 0.0001742976854970379
10 60 0.7 0.75 38 39 35.25878911383456 0.0001527609761708959
10 60 0.7 0.75 39 40 32.44370397185234 0.0001429828594154969
10 60 0.7 0.75 40 42 57.4957957148117 0.0002426843570972892
10 60 0.7 0.75 42 44 49.11476784549466 0.0001987492533856994
10 60 0.7 0.75 44 46 42.18425346165193 0.0001655107729803262
10 60 0.7 0.75 46 48 36.41549133838242 0.0001437421165775277
10 60 0.7 0.75 48 50 31.58428750994457 0.0001168772656185979
10 60 0.7 0.75 50 52 27.51525546909328 0.0001008858211157815
10 60 0.7 0.75 52 54 24.06986267599399 8.766691662742687e-05
10 60 0.7 0.75 54 56 21.13791759923114 7.650788079516246e-05
10 60 0.7 0.75 56 58 18.63107972414949 6.748321175820138e-05
10 60 0.7 0.75 58 60 16.47814750844568 5.906471125172175e-05
10 60 0.7 0.75 60 65 33.60718452148053 0.0001195628827872497
10 60 0.7 0.75 65 70 25.3790128064402 8.96929966174298e-05
10 60 0.7 0.75 70 80 34.65302405717988 0.0001218424481095326
10 60 0.7 0.75 80 90 21.52249858047088 7.558807249807842e-05
10 60 0.7 0.75 90 100 13.97790315643318 4.924275200401951e-05
10 60 0.75 0.8 0 0.5 -61667.87142868953 0.9671683106716955
10 60 0.75 0.8 0.5 1 910.840181072306 0.003332974363161156
10 60 0.75 0.8 1 1.5 5081.606329225277 0.1290607335185996
10 60 0.75 0.8 1.5 2 4753.981103770711 0.1937463514432238
10 60 0.75 0.8 2 2.5 4051.262569676587 0.1409005979712674
10 60 0.75 0.8 2.5 3 3417.153091612221 0.1154169024143812
10 60 0.75 0.8 3 3.5 2897.807287289799 0.09159218068180053
10 60 0.75 0.8 3.5 4 2478.567113416107 0.07144027874346648
10 60 0.75 0.8 4 4.5 2138.404594238599 0.05757998511126061
10 60 0.75 0.8 4.5 5 1859.538716847937 0.04695365113730077
10 60 0.75 0.8 5 5.5 1628.319486744398 0.03848528976118359
10 60 0.75 0.8 5.5 6 1434.543903173879 0.03132746856726953
10 60 0.75 0.8 6 6.5 1270.551907230982 0.02551620283293232
10 60 0.75 0.8 6.5 7 1130.568804131226 0.02099205818171868
10 60 0.75 0.8 7 7.5 1010.164205196408 0.01745190156464105
10 60 0.75 0.8 7.5 8 905.9132025178831 0.01457396475768746
10 60 0.75 0.8 8 8.5 815.1162161510447 0.01214992767745571
10 60 0.75 0.8 8.5 9 735.6309013917827 0.01018411222423765
10 60 0.75 0.8 9 9.5 665.7292285456373 0.008617977864787463
10 60 0.75 0.8 9.5 10 604.0023779729738 0.007348742938688702
10 60 0.75 0.8 10 10.5 549.2959655120382 0.006306581415287837
10 60 0.75 0.8 10.5 11 500.6489935632054 0.005444328397857134
10 60 0.75 0.8 11 11.5 457.257181524626 0.004666849290515529
10 60 0.75 0.8 11.5 12 418.446411834029 0.01768708766411464
10 60 0.75 0.8 12 12.5 383.6425783040481 0.01350284351485698
10 60 0.75 0.8 12.5 13 352.3541871696102 0.009958330594258769
10 60 0.75 0.8 13 13.5 324.1634425383727 0.00715526803156763
10 60 0.75 0.8 13.5 14 298.7103377414504 0.005108770638628357
10 60 0.75 0.8 14 14.5 275.6806109578025 0.003435667285998534
10 60 0.75 0.8 14.5 15 254.8027563326084 0.001988533561245731
10 60 0.75 0.8 15 16 454.4365578621076 0.00449942817971305
10 60 0.75 0.8 16 17 391.3988179893759 0.005504106698822397
10 60 0.75 0.8 17 18 338.8028037028632 0.01133527271332468
10 60 0.75 0.8 18 19 294.6550872753301 0.0141127570763615
10 60 0.75 0.8 19 20 257.3881591869119 0.001506902371886554
10 60 0.75 0.8 20 21 225.7662286355416 0.001367581870567847
10 60 0.75 0.8 21 22 198.7984735377578 0.001079645265775753
10 60 0.75 0.8 22 23 175.6943558674953 0.000974319096343379
10 60 0.75 0.8 23 24 155.8122621812804 0.0008614070613361946
10 60 0.75 0.8 24 25 138.6314629123553 0.0006890021764149878
10 60 0.75 0.8 25 26 123.7270910782451 0.0006903218021960811
10 60 0.75 0.8 26 27 110.748549313561 0.0005745104509600196
10 60 0.75 0.8 27 28 99.40717074924898 0.0004769207395725061
10 60 0.75 0.8 28 29 89.4634153708265 0.0004519368041968619
10 60 0.75 0.8 29 30 80.71704928168091 0.0003774048062439306
10 60 0.75 0.8 30 31 73.00047033625337 0.0003472286978052352
10 60 0.75 0.8 31 32 66.17241217952524 0.0003378080978251319
10 60 0.75 0.8 32 33 60.11356591842676 0.0002870023967957991
10 60 0.75 0.8 33 34 54.72309722717817 0.0002429472408422839
10 60 0.75 0.8 34 35 49.91524528189004 0.000228363532720266
10 60 0.75 0.8 35 36 45.61660032279538 0.0002044910517824405
10 60 0.75 0.8 36 37 41.76428083062215 0.0001751174830886271
10 60 0.75 0.8 37 38 38.30427883034893 0.0001660714662250484
10 60 0.75 0.8 38 39 35.18994547348343 0.0001530156548597006
10 60 0.75 0.8 39 40 32.38095283484226 0.0001356900811799733
10 60 0.75 0.8 40 42 57.38616482850687 0.0002405288442375308
10 60 0.75 0.8 42 44 49.02288872444339 0.000191813354796011
10 60 0.75 0.8 44 46 42.1068577151174 0.0001592909675309784
10 60 0.75 0.8 46 48 36.35014221999688 0.0001359753946417186
10 60 0.75 0.8 48 50 31.52902538863839 0.0001167829357093808
10 60 0.75 0.8 50 52 27.46831803788226 0.0001009583367981293
10 60 0.75 0.8 52 54 24.02985658649717 8.762651596327942e-05
10 60 0.75 0.8 54 56 21.10371381392652 7.645786688215139e-05
10 60 0.75 0.8 56 58 18.60181077446197 6.707273282557935e-05
10 60 0.75 0.8 58 60 16.45306987647823 5.907446825048623e-05
10 60 0.75 0.8 60 65 33.55833362471623 0.0001196670243572839
10 60 0.75 0.8 65 70 25.34464673851872 8.970499782989805e-05
10 60 0.75 0.8 70 80 34.61169256405643 0.0001219080890919599
10 60 0.75 0.8 80 90 21.50185811889331 7.565890697946998e-05
10 60 0.75 0.8 90 100 13.96795572944429 4.929815330001475e-05
10 60 0.8 0.85 0 0.5 -61449.19153980201 0.8963095860235626
10 60 0.8 0.85 0.5 1 929.9400887888352 0.001882510297036788
10 60 0.8 0.85 1 1.5 5077.720318754977 0.2258269840885987
10 60 0.8 0.85 1.5 2 4746.811367253946 0.1971187604412989
10 60 0.8 0.85 2 2.5 4043.990615908368 0.1436353193221294
10 60 0.8 0.85 2.5 3 3410.477836158421 0.1100585551444055
10 60 0.8 0.85 3 3.5 2891.844752633454 0.09063802581431446
10 60 0.8 0.85 3.5 4 2473.293477867204 0.07317413190548905
10 60 0.8 0.85 4 4.5 2133.739638727483 0.05806111998435881
10 60 0.8 0.85 4.5 5 1855.400992869028 0.04681598270053655
10 60 0.8 0.85 5 5.5 1624.646677486453 0.03804050000007919
10 60 0.8 0.85 5.5 6 1431.26580006402 0.03125780495429353
10 60 0.8 0.85 6 6.5 1267.625069106653 0.02566320564096713
10 60 0.8 0.85 6.5 7 1127.941884838832 0.02098090542403952
10 60 0.8 0.85 7 7.5 1007.804801754405 0.01729267425207581
10 60 0.8 0.85 7.5 8 903.7855230753145 0.0144420694504106
10 60 0.8 0.85 8 8.5 813.1942041604153 0.01216187988222828
10 60 0.8 0.85 8.5 9 733.8919066770492 0.01022710529866799
10 60 0.8 0.85 9 9.5 664.1497784741679 0.008615920545821609
10 60 0.8 0.85 9.5 10 602.5675957986057 0.007311397425951327
10 60 0.8 0.85 10 10.5 547.9894138414946 0.006265439273875018
10 60 0.8 0.85 10.5 11 499.4551051880446 0.005391183868880489
10 60 0.8 0.85 11 11.5 456.1668825753292 0.004695246530900477
10 60 0.8 0.85 11.5 12 417.4485744018841 0.01782131019632516
10 60 0.8 0.85 12 12.5 382.7253736301872 0.01331253535158794
10 60 0.8 0.85 12.5 13 351.5120331323341 0.009850080215528578
10 60 0.8 0.85 13 13.5 323.3903481812052 0.007295182345956164
10 60 0.8 0.85 13.5 14 297.9970965192847 0.00508632177633217
10 60 0.8 0.85 14 14.5 275.0216460427525 0.003262034960528126
10 60 0.8 0.85 14.5 15 254.1956642165561 0.002015403204580934
10 60 0.8 0.85 15 16 453.3559347213853 0.004785751535223426
10 60 0.8 0.85 16 17 390.4697938814354 0.005773907205593787
10 60 0.8 0.85 17 18 338.0027998605051 0.01103485501869272
10 60 0.8 0.85 18 19 293.9602621484196 0.01436449419361452
10 60 0.8 0.85 19 20 256.78474535434 0.001517795249583287
10 60 0.8 0.85 20 21 225.2375315101255 0.00126988059668065
10 60 0.8 0.85 21 22 198.3361187367914 0.001106545248745761
10 60 0.8 0.85 22 23 175.2877412344205 0.0009258391390574161
10 60 0.8 0.85 23 24 155.4536755039252 0.0007934076724325223
10 60 0.8 0.85 24 25 138.3149021990333 0.000775774277229857
10 60 0.8 0.85 25 26 123.4460243575335 0.000606887172267534
10 60 0.8 0.85 26 27 110.4987880900444 0.0005576301936685013
10 60 0.8 0.85 27 28 99.18476465808227 0.0005242533395772853
10 60 0.8 0.85 28 29 89.2643929642114 0.0004105272862204856
10 60 0.8 0.85 29 30 80.53852913441669 0.0003701092599328604
10 60 0.8 0.85 30 31 72.84001995905545 0.000341306881324499
10 60 0.8 0.85 31 32 66.0280312243372 0.0003043129691917557
10 60 0.8 0.85 32 33 59.98357059979951 0.0002882433955306851
10 60 0.8 0.85 33 34 54.60577747274875 0.0002584364478721568
10 60 0.8 0.85 34 35 49.80900329877552 0.0002113973217419129
10 60 0.8 0.85 35 36 45.52023212784083 0.000190439358526362
10 60 0.8 0.85 36 37 41.67677656554756 0.0001763988640632874
10 60 0.8 0.85 37 38 38.22468080111715 0.0001555173438987367
10 60 0.8 0.85 38 39 35.11746320063798 0.0001456543557623036
10 60 0.8 0.85 39 40 32.31489492889457 0.0001340839669268235
10 60 0.8 0.85 40 42 57.27082044398943 0.0002276987897360527
10 60 0.8 0.85 42 44 48.92638834025046 0.0001878346903296801
10 60 0.8 0.85 44 46 42.0257284419197 0.0001592590875745259
10 60 0.8 0.85 46 48 36.28164246558606 0.0001359283245534471
10 60 0.8 0.85 48 50 31.47105369279243 0.0001167578402103686
10 60 0.8 0.85 50 52 27.41913195158393 0.000100936392520623
10 60 0.8 0.85 52 54 23.98793110731782 8.767699498335446e-05
10 60 0.8 0.85 54 56 21.06781240121789 7.648648553626458e-05
10 60 0.8 0.85 56 58 18.57096341273405 6.703877297908889e-05
10 60 0.8 0.85 58 60 16.42657854950859 5.905493106084236e-05
10 60 0.8 0.85 60 65 33.50699521060504 0.0001197217921813376
10 60 0.8 0.85 65 70 25.30839188899846 8.973390516686663e-05
10 60 0.8 0.85 70 80 34.56807307363845 0.0001219833198149445
10 60 0.8 0.85 80 90 21.47998028521859 7.572921466802995e-05
10 60 0.8 0.85 90 100 13.95726912408526 4.936958225165711e-05
10 60 0.85 0.9 0 0.5 -61217.209438144 0.8110234726045746
10 60 0.85 0.9 0.5 1 950.228331440926 0.001506893183773172
10 60 0.85 0.9 1 1.5 5073.645628761811 0.2474163162942205
10 60 0.85 0.9 1.5 2 4739.229476084632 0.1850310463942151
10 60 0.85 0.9 2 2.5 4036.293006770864 0.1516791904068668
10 60 0.85 0.9 2.5 3 3403.409540918192 0.1132465180721738
10 60 0.85 0.9 3 3.5 2885.534302882329 0.0884563569625243
10 60 0.85 0.9 3.5 4 2467.702823431503 0.07226888347622662
10 60 0.85 0.9 4 4.5 2128.802042164208 0.05849504592288213
10 60 0.85 0.9 4.5 5 1851.022079711786 0.04686789405832315
10 60 0.85 0.9 5 5.5 1620.757424636244 0.03792664217576203
10 60 0.85 0.9 5.5 6 1427.799613112843 0.03080461136801205
10 60 0.85 0.9 6 6.5 1264.526160680679 0.02537643751338692
10 60 0.85 0.9 6.5 7 1125.163946833018 0.02106633836660876
10 60 0.85 0.9 7 7.5 1005.30842866784 0.01744399022709331
10 60 0.85 0.9 7.5 8 901.5341118132752 0.01439200639038063
10 60 0.85 0.9 8 8.5 811.1628679721213 0.01200827950469829
10 60 0.85 0.9 8.5 9 732.0504306620132 0.0101489321881445
10 60 0.85 0.9 9 9.5 662.480160515103 0.008650458436250119
10 60 0.85 0.9 9.5 10 601.0505204543258 0.007338485134368966
10 60 0.85 0.9 10 10.5 546.6056059978882 0.006283453952050877
10 60 0.85 0.9 10.5 11 498.1942170365796 0.005393411049340102
10 60 0.85 0.9 11 11.5 455.0149411867192 0.004649983607691865
10 60 0.85 0.9 11.5 12 416.391604031845 0.01752673131522897
10 60 0.85 0.9 12 12.5 381.7572283955419 0.01326718622448197
10 60 0.85 0.9 12.5 13 350.6239245711046 0.01002627702280279
10 60 0.85 0.9 13 13.5 322.571353063182 0.007159429069361067
10 60 0.85 0.9 13.5 14 297.2425934469333 0.004942809516364832
10 60 0.85 0.9 14 14.5 274.3278210298558 0.003394358123387065
10 60 0.85 0.9 14.5 15 253.5545900479507 0.0020633334571869
10 60 0.85 0.9 15 16 452.2123113711359 0.004007458132036845
10 60 0.85 0.9 16 17 389.4901360908606 0.005225423661613604
10 60 0.85 0.9 17 18 337.1557511296411 0.01145548090471493
10 60 0.85 0.9 18 19 293.2284112144893 0.01396786210847267
10 60 0.85 0.9 19 20 256.1466338125108 0.001503744213493974
10 60 0.85 0.9 20 21 224.681189778767 0.001267204470451588
10 60 0.85 0.9 21 22 197.8479896509002 0.001078611703263732
10 60 0.85 0.9 22 23 174.8587726513286 0.0009203375834090366
10 60 0.85 0.9 23 24 155.0758431645399 0.0008493991914804155
10 60 0.85 0.9 24 25 137.9804564205414 0.0006861728864748784
10 60 0.85 0.9 25 26 123.1498931152028 0.0006390390276180824
10 60 0.85 0.9 26 27 110.2356184560713 0.0005497564778380593
10 60 0.85 0.9 27 28 98.95021923306483 0.0004638275235748779
10 60 0.85 0.9 28 29 89.05517405621362 0.0004491365446313011
10 60 0.85 0.9 29 30 80.35111003403212 0.0003720604910029124
10 60 0.85 0.9 30 31 72.67149060031706 0.0003188192091982955
10 60 0.85 0.9 31 32 65.87623065524777 0.0002929541412157732
10 60 0.85 0.9 32 33 59.84673807578621 0.0002621427255675712
10 60 0.85 0.9 33 34 54.48237987684281 0.0002428993413872149
10 60 0.85 0.9 34 35 49.69755778450532 0.0002233259768686935
10 60 0.85 0.9 35 36 45.41927446151858 0.0001892556780518362
10 60 0.85 0.9 36 37 41.58509103283784 0.0001687165413173375
10 60 0.85 0.9 37 38 38.14129683673644 0.0001532573316112007
10 60 0.85 0.9 38 39 35.04151549627711 0.0001395526953160697
10 60 0.85 0.9 39 40 32.24565448513359 0.0001271907691631213
10 60 0.85 0.9 40 42 57.14998434444232 0.0002225441179959375
10 60 0.85 0.9 42 44 48.82544067142229 0.0001877742120655057
10 60 0.85 0.9 44 46 41.94101763916081 0.0001593490416595955
10 60 0.85 0.9 46 48 36.2101948770752 0.0001359406076488767
10 60 0.85 0.9 48 50 31.41050096317245 0.0001167488553228679
10 60 0.85 0.9 50 52 27.36768129904339 0.0001009104033258268
10 60 0.85 0.9 52 54 23.94405600776235 8.76773793585528e-05
10 60 0.85 0.9 54 56 21.03023227235824 7.650817416049449e-05
10 60 0.85 0.9 56 58 18.53865891030418 6.703515440875663e-05
10 60 0.85 0.9 58 60 16.39871698763429 5.901706230204695e-05
10 60 0.85 0.9 60 65 33.45302103256714 0.0001197411020044115
10 60 0.85 0.9 65 70 25.27046834208903 8.982224926157301e-05
10 60 0.85 0.9 70 80 34.52220972956779 0.000122067186765662
10 60 0.85 0.9 80 90 21.45691789753731 7.580004734109025e-05
10 60 0.85 0.9 90 100 13.94588236986378 4.945165977510158e-05
10 60 0.9 0.95 0 0.5 -60972.11987201605 0.7282682187724276
10 60 0.9 0.95 0.5 1 971.6967555227396 0.001370422651234549
10 60 0.9 0.95 1 1.5 5069.349813014594 0.01627798669687763
10 60 0.9 0.95 1.5 2 4731.246368376304 0.184211820170276
10 60 0.9 0.95 2 2.5 4028.174754442659 0.1460026030240442
10 60 0.9 0.95 2.5 3 3395.95432613367 0.1169356782070281
10 60 0.9 0.95 3 3.5 2878.882116866871 0.0892864539864604
10 60 0.9 0.95 3.5 4 2461.80806229343 0.07069731871069962
10 60 0.9 0.95 4 4.5 2123.588607247538 0.05775632218455939
10 60 0.9 0.95 4.5 5 1846.409448671924 0.04710137352799393
10 60 0.9 0.95 5 5.5 1616.653206402457 0.03812114841775838
10 60 0.9 0.95 5.5 6 1424.148094866047 0.03116192070433499
10 60 0.9 0.95 6 6.5 1261.25754691307 0.02541650396642581
10 60 0.9 0.95 6.5 7 1122.238253979106 0.02083675480253078
10 60 0.9 0.95 7 7.5 1002.674536921666 0.01731616643917278
10 60 0.9 0.95 7.5 8 899.1640557401636 0.01449967747180381
10 60 0.9 0.95 8 8.5 809.0197609349626 0.01210441766329495
10 60 0.9 0.95 8.5 9 730.1105826911627 0.01010930191921489
10 60 0.9 0.95 9 9.5 660.7218962460402 0.008558633780580749
10 60 0.9 0.95 9.5 10 599.4493644023282 0.007302744664684724
10 60 0.9 0.95 10 10.5 545.1495128249638 0.006270667869216595
10 60 0.9 0.95 10.5 11 496.8663256601742 0.005381801552232446
10 60 0.9 0.95 11 11.5 453.7989398988394 0.004653454868332574
10 60 0.9 0.95 11.5 12 415.280579128721 0.01756882613864263
10 60 0.9 0.95 12 12.5 380.7391537227693 0.01343601661062621
10 60 0.9 0.95 12.5 13 349.6864236968976 0.009765077686779478
10 60 0.9 0.95 13 13.5 321.7100142818738 0.007093335631566333
10 60 0.9 0.95 13.5 14 296.4508344928111 0.005108072328084745
10 60 0.9 0.95 14 14.5 273.5961115237472 0.003337263938362867
10 60 0.9 0.95 14.5 15 252.8782685284911 0.001932562105793068
10 60 0.9 0.95 15 16 451.0115694841494 0.004790825119528108
10 60 0.9 0.95 16 17 388.456450980976 0.005849829546946239
10 60 0.9 0.95 17 18 336.2662381174529 0.01099465455507698
10 60 0.9 0.95 18 19 292.4567731477555 0.01425143637686688
10 60 0.9 0.95 19 20 255.4770676433601 0.001502397184964366
10 60 0.9 0.95 20 21 224.0962361684559 0.001266045676487693
10 60 0.9 0.95 21 22 197.3355215156393 0.001077777389951962
10 60 0.9 0.95 22 23 174.4082442965925 0.0009200354643041919
10 60 0.9 0.95 23 24 154.6783239594646 0.0007919590895255624
10 60 0.9 0.95 24 25 137.6294890696483 0.0007150089385561387
10 60 0.9 0.95 25 26 122.838744366057 0.0005970929589125262
10 60 0.9 0.95 26 27 109.9592889336816 0.0005289921824100929
10 60 0.9 0.95 27 28 98.70426472433049 0.0004845934617492276
10 60 0.9 0.95 28 29 88.83550891788137 0.0004049361451450295
10 60 0.9 0.95 29 30 80.15464873038823 0.0003827062844976581
10 60 0.9 0.95 30 31 72.49522970593215 0.0003289150182723688
10 60 0.9 0.95 31 32 65.71749707888911 0.0002850600024970618
10 60 0.9 0.95 32 33 59.70354572601794 0.0002548249168725647
10 60 0.9 0.95 33 34 54.35314763365194 0.0002286826025112987
10 60 0.9 0.95 34 35 49.58085279629365 0.0002129672615041045
10 60 0.9 0.95 35 36 45.31371980493449 0.0001945759551773563
10 60 0.9 0.95 36 37 41.4893752671157 0.000168596820039113
10 60 0.9 0.95 37 38 38.05428958538503 0.0001531950416548966
10 60 0.9 0.95 38 39 34.96230323467724 0.0001393700972514011
10 60 0.9 0.95 39 40 32.17344417416402 0.0001272428388716662
10 60 0.9 0.95 40 42 57.02393245794769 0.0002227636404086297
10 60 0.9 0.95 42 44 48.7202537280909 0.000187465454779101
10 60 0.9 0.95 44 46 41.85281427293145 0.0001591822876747528
10 60 0.9 0.95 46 48 36.13583646440053 0.0001359652815153822
10 60 0.9 0.95 48 50 31.34748311445797 0.0001168594512854781
10 60 0.9 0.95 50 52 27.31399244191833 0.0001008982808201608
10 60 0.9 0.95 52 54 23.89821425783011 8.763046081483594e-05
10 60 0.9 0.95 54 56 20.99097912677576 7.649890142147342e-05
10 60 0.9 0.95 56 58 18.50490662637185 6.706842317782957e-05
10 60 0.9 0.95 58 60 16.3696043731193 5.904380090981931e-05
10 60 0.9 0.95 60 65 33.39640656435751 0.0001197245004718184
10 60 0.9 0.95 65 70 25.23101205966519 8.98871439929394e-05
10 60 0.9 0.95 70 80 34.47416508449808 0.0001221481907904831
10 60 0.9 0.95 80 90 21.43268817494873 7.588330744212612e-05
10 60 0.9 0.95 90 100 13.93385238459117 4.953142103580888e-05
10 60 0.95 1 0 0.5 -60714.18373137755 0.7072453489527106
10 60 0.95 1 0.5 1 994.3228729036283 0.04683541161568883
10 60 0.95 1 1 1.5 5064.866721859854 0.2492766644381845
10 60 0.95 1 1.5 2 4722.855605950998 0.1978080087492344
10 60 0.95 1 2 2.5 4019.644651443291 0.139540290716468
10 60 0.95 1 2.5 3 3388.11487417489 0.1134311157816228
10 60 0.95 1 3 3.5 2871.888291952397 0.09146256421172438
10 60 0.95 1 3.5 4 2455.617922331131 0.07133798806717095
10 60 0.95 1 4 4.5 2118.106447984896 0.05690378740200686
10 60 0.95 1 4.5 5 1841.558092810912 0.04666647240287602
10 60 0.95 1 5 5.5 1612.344297932454 0.03808386707123645
10 60 0.95 1 5.5 6 1420.30655988876 0.03092596588726337
10 60 0.95 1 6 6.5 1257.827349006616 0.02543908073084822
10 60 0.95 1 6.5 7 1119.160690027173 0.02088308291763497
10 60 0.95 1 7 7.5 999.9101483174519 0.01720664299546115
10 60 0.95 1 7.5 8 896.6730463545325 0.01429850324598192
10 60 0.95 1 8 8.5 806.7681337329734 0.01201282191595965
10 60 0.95 1 8.5 9 728.0753781342343 0.01014215665929896
10 60 0.95 1 9 9.5 658.8720726954324 0.008563532163634591
10 60 0.95 1 9.5 10 597.770086360882 0.007256970417984121
10 60 0.95 1 10 10.5 543.6209950469123 0.006215215746692593
10 60 0.95 1 10.5 11 495.4691455470777 0.005370495910199224
10 60 0.95 1 11 11.5 452.5251314915288 0.004660655628470067
10 60 0.95 1 11.5 12 414.1147246302819 0.0176649625502705
10 60 0.95 1 12 12.5 379.6679354023524 0.01306825897171393
10 60 0.95 1 12.5 13 348.7049725099214 0.009836003909754254
10 60 0.95 1 13 13.5 320.8081371913216 0.00723759896465026
10 60 0.95 1 13.5 14 295.6180600294462 0.004914335850742191
10 60 0.95 1 14 14.5 272.8285315562717 0.003261407884281198
10 60 0.95 1 14.5 15 252.1709068614078 0.00205664282313478
10 60 0.95 1 15 16 449.74953418633 0.004165484272334652
10 60 0.95 1 16 17 387.3744104777325 0.005393255874821534
10 60 0.95 1 17 18 335.331869317002 0.01134226948306605
10 60 0.95 1 18 19 291.649045332836 0.01400481895933581
10 60 0.95 1 19 20 254.7747705332147 0.001501481048194364
10 60 0.95 1 20 21 223.4839015199281 0.001262060322034131
10 60 0.95 1 21 22 196.7991757083474 0.00107364676614452
10 60 0.95 1 22 23 173.9364205762446 0.0009198947211075392
10 60 0.95 1 23 24 154.2626212826077 0.0007909995811417048
10 60 0.95 1 24 25 137.2619102036282 0.0006845510444861702
10 60 0.95 1 25 26 122.5132842125969 0.0005956965605236064
10 60 0.95 1 26 27 109.6702606022332 0.0005216579042439662
10 60 0.95 1 27 28 98.44690662649695 0.000457281409168786
10 60 0.95 1 28 29 88.60587792812399 0.0004150588716811399
10 60 0.95 1 29 30 79.94917696729934 0.0003578040089138312
10 60 0.95 1 30 31 72.3111265275197 0.0003206443344652143
10 60 0.95 1 31 32 65.55216168477156 0.0002845078957278702
10 60 0.95 1 32 33 59.55451311298742 0.0002544621891900078
10 60 0.95 1 33 34 54.21847346368452 0.0002290206689607999
10 60 0.95 1 34 35 49.45906824559841 0.0002056370822671738
10 60 0.95 1 35 36 45.20356945590549 0.0001860954582539875
10 60 0.95 1 36 37 41.38962905323901 0.0001683811766710619
10 60 0.95 1 37 38 37.96378195559101 0.0001530439182459986
10 60 0.95 1 38 39 34.87999001236357 0.0001393203788566666
10 60 0.95 1 39 40 32.09846370970244 0.000127108552170796
10 60 0.95 1 40 42 56.89310751914495 0.0002226093675687935
10 60 0.95 1 42 44 48.61092636852845 0.000187351534449931
10 60 0.95 1 44 46 41.76116749470117 0.0001590119725420891
10 60 0.95 1 46 48 36.05857243183117 0.0001358832478359773
10 60 0.95 1 48 50 31.28195701882858 0.0001168172373695597
10 60 0.95 1 50 52 27.25817251488824 0.0001009190806229299
10 60 0.95 1 52 54 23.85046266056199 8.763441108072811e-05
10 60 0.95 1 54 56 20.95003995445429 7.649607545445747e-05
10 60 0.95 1 56 58 18.4697313220185 6.708247881803686e-05
10 60 0.95 1 58 60 16.33929449548043 5.907152136686022e-05
10 60 0.95 1 60 65 33.33737770398562 0.0001197190835426909
10 60 0.95 1 65 70 25.18991841042603 8.994873412859761e-05
10 60 0.95 1 70 80 34.42411790908435 0.0001222473743567321
10 60 0.95 1 80 90 21.40729919767836 7.597810341408717e-05
10 60 0.95 1 90 100 13.92118190418616 4.960556309008268e-05
10 60 1 1.1 0 0.5 -120604.9581042206 3.976147143737762
10 60 1 1.1 0.5 1 2060.961203283486 0.006495043946870283
10 60 1 1.1 1 1.5 10115.51624692901 0.4825591182598146
10 60 1 1.1 1.5 2 9418.942567869193 0.3696450279312558
10 60 1 1.1 2 2.5 8012.086798811551 0.2938588240704121
10 60 1 1.1 2.5 3 6751.229904833839 0.2217711519242584
10 60 1 1.1 3 3.5 5721.448171036729 0.1753137111081742
10 60 1 1.1 3.5 4 4891.475293731354 0.143096053768204
10 60 1 1.1 4 4.5 4218.745197476932 0.1153643769412156
10 60 1 1.1 4.5 5 3667.623547473842 0.09238768611430714
10 60 1 1.1 5 5.5 3210.94181557474 0.07485731545239105
10 60 1 1.1 5.5 6 2828.360372622042 0.06153380599562297
10 60 1 1.1 6 6.5 2504.70883174765 0.05414163076329714
10 60 1 1.1 6.5 7 2228.508619698707 0.04659196864395199
10 60 1 1.1 7 7.5 1991.005431270507 0.04376773835974745
10 60 1 1.1 7.5 8 1785.398787774362 0.03679369505471186
10 60 1 1.1 8 8.5 1606.366438201379 0.03630537040430681
10 60 1 1.1 8.5 9 1449.652966046355 0.02934687182778362
10 60 1 1.1 9 9.5 1311.856627609913 0.02915522080684241
10 60 1 1.1 9.5 10 1190.188118279033 0.02551397834372438
10 60 1 1.1 10 10.5 1082.365670064147 0.02185639254366833
10 60 1 1.1 10.5 11 986.4967121906824 0.02265970551616192
10 60 1 1.1 11 11.5 900.9884268678998 0.01839059823532807
10 60 1 1.1 11.5 12 824.5113177072631 0.034748284533066
10 60 1 1.1 12 12.5 755.9327053795807 0.02646110266800861
10 60 1 1.1 12.5 13 694.2835679838905 0.01946494819230793
10 60 1 1.1 13 13.5 638.7405542137515 0.01415557235168308
10 60 1 1.1 13.5 14 588.5912953985425 0.01325500044640648
10 60 1 1.1 14 14.5 543.2177375066735 0.01121796451502632
10 60 1 1.1 14.5 15 502.0870661515426 0.009593265663170314
10 60 1 1.1 15 16 895.4883943034316 0.0190174892829873
10 60 1 1.1 16 17 771.3047291056819 0.01500977780983703
10 60 1 1.1 17 18 667.6968060992392 0.02214834792982856
10 60 1 1.1 18 19 580.7291307972264 0.02812824143666148
10 60 1 1.1 19 20 507.3182146482066 0.01039736081543197
10 60 1 1.1 20 21 445.0217723110535 0.00850147916781907
10 60 1 1.1 21 22 391.8955760920757 0.007690467558916225
10 60 1 1.1 22 23 346.377697904601 0.006413746452778923
10 60 1 1.1 23 24 307.2073984938625 0.005650893372262544
10 60 1 1.1 24 25 273.3591822472506 0.004925234484517205
10 60 1 1.1 25 26 243.9945974148077 0.004378939141730598
10 60 1 1.1 26 27 218.4241087213082 0.003932786128899579
10 60 1 1.1 27 28 196.0781402973883 0.003420577088633081
10 60 1 1.1 28 29 176.4842153664307 0.003064519125985044
10 60 1 1.1 29 30 159.24811756439 0.002713901168078792
10 60 1 1.1 30 31 144.039787358009 0.002404996163846818
10 60 1 1.1 31 32 130.5815295669508 0.002124648914389127
10 60 1 1.1 32 33 118.6388545557056 0.001911753075106049
10 60 1 1.1 33 34 108.012905853217 0.001679286788544232
10 60 1 1.1 34 35 98.53462281761004 0.001398155580460525
10 60 1 1.1 35 36 90.05977927617738 0.001208052491591616
10 60 1 1.1 36 37 82.46455962082715 0.001138301082605153
10 60 1 1.1 37 38 75.64231299769098 0.001080579823025118
10 60 1 1.1 38 39 69.5010798844593 0.0009960695130502017
10 60 1 1.1 39 40 63.96145385267178 0.0009005249128790638
10 60 1 1.1 40 42 113.3755401735499 0.001500669961004064
10 60 1 1.1 42 44 96.87838255864577 0.001282299753341931
10 60 1 1.1 44 46 83.23356428516186 0.001073611749603742
10 60 1 1.1 46 48 71.87352680925697 0.0009832312368303064
10 60 1 1.1 48 50 62.35744287838201 0.0008371698057700883
10 60 1 1.1 50 52 54.34045206440508 0.0006814185490000568
10 60 1 1.1 52 54 47.55046060355127 0.0005603552495614395
10 60 1 1.1 54 56 41.77098775240196 0.0004759357129628938
10 60 1 1.1 56 58 36.82852054943999 0.0004209698883954616
10 60 1 1.1 58 60 32.58306334371824 0.000367535167150379
10 60 1 1.1 60 65 66.48885682760475 0.0007270614551799781
10 60 1 1.1 65 70 50.24953581674591 0.0005076929278686748
10 60 1 1.1 70 80 68.69063767467469 0.0006327158705659031
10 60 1 1.1 80 90 42.73401464018878 0.000368429579992835
10 60 1 1.1 90 100 27.80170398316828 0.0002208514694004293
10 60 1.1 1.2 0 0.5 -119426.930118816 4.070462905452587
10 60 1.1 1.2 0.5 1 2164.724712344129 0.08038179343975571
10 60 1.1 1.2 1 1.5 10095.17477961338 0.4965932464019716
10 60 1.1 1.2 1.5 2 9380.70370541279 0.3824095907639276
10 60 1.1 1.2 2 2.5 7973.194015588238 0.2819410155752848
10 60 1.1 1.2 2.5 3 6715.488253354367 0.2250502420147313
10 60 1.1 1.2 3 3.5 5689.53294795576 0.180148131419628
10 60 1.1 1.2 3.5 4 4863.200382868334 0.1415108136470735
10 60 1.1 1.2 4 4.5 4193.737235266391 0.1127733330167757
10 60 1.1 1.2 4.5 5 3645.485251726035 0.09193639797376818
10 60 1.1 1.2 5 5.5 3191.266229182113 0.07544808897273469
10 60 1.1 1.2 5.5 6 2810.839297479104 0.06140700240439401
10 60 1.1 1.2 6 6.5 2489.052832025893 0.05191607825099709
10 60 1.1 1.2 6.5 7 2214.481178287579 0.04501211130445881
10 60 1.1 1.2 7 7.5 1978.401265966656 0.04157481073070812
10 60 1.1 1.2 7.5 8 1774.046497817013 0.03639101154249147
10 60 1.1 1.2 8 8.5 1596.11250668876 0.03268410518671772
10 60 1.1 1.2 8.5 9 1440.378675072641 0.03095292780858472
10 60 1.1 1.2 9 9.5 1303.44217966899 0.02527479127661536
10 60 1.1 1.2 9.5 10 1182.546415508605 0.02633090363042356
10 60 1.1 1.2 10 10.5 1075.408151729264 0.02097673090611352
10 60 1.1 1.2 10.5 11 980.150036789595 0.02037193268358806
10 60 1.1 1.2 11 11.5 895.1927522629521 0.01933446156044738
10 60 1.1 1.2 11.5 12 819.2066695052902 0.03434105699022894
10 60 1.1 1.2 12 12.5 751.0711342526331 0.02612729770623901
10 60 1.1 1.2 12.5 13 689.8231743253215 0.01943276666679594
10 60 1.1 1.2 13 13.5 634.6404738194091 0.01397270618690527
10 60 1.1 1.2 13.5 14 584.8174350090536 0.01202619523166959
10 60 1.1 1.2 14 14.5 539.7403601086642 0.01123449715100833
10 60 1.1 1.2 14.5 15 498.8777625193312 0.009396571599211256
10 60 1.1 1.2 15 16 889.7773182857163 0.01763290494534431
10 60 1.1 1.2 16 17 766.4036903123181 0.01428961446413268
10 60 1.1 1.2 17 18 663.4723616471256 0.02214856014450106
10 60 1.1 1.2 18 19 577.0737456634355 0.02796847942317982
10 60 1.1 1.2 19 20 504.1429255199749 0.009510094770178057
10 60 1.1 1.2 20 21 442.2543735355869 0.00796426847642806
10 60 1.1 1.2 21 22 389.4756823805096 0.007172045424283624
10 60 1.1 1.2 22 23 344.2547331176024 0.006132724324743322
10 60 1.1 1.2 23 24 305.3384997095134 0.005392365810848787
10 60 1.1 1.2 24 25 271.7083559415118 0.004591358803850198
10 60 1.1 1.2 25 26 242.5320681056288 0.003982745410723965
10 60 1.1 1.2 26 27 217.1252705514381 0.003472585884793489
10 60 1.1 1.2 27 28 194.9224584527376 0.003130591683287776
10 60 1.1 1.2 28 29 175.4537425664725 0.002771755058148528
10 60 1.1 1.2 29 30 158.3274651585154 0.002472229995674979
10 60 1.1 1.2 30 31 143.2155822624902 0.002224674984546482
10 60 1.1 1.2 31 32 129.8421982487076 0.001953824134574234
10 60 1.1 1.2 32 33 117.9743935913594 0.001708439512825066
10 60 1.1 1.2 33 34 107.4147205985755 0.001513499125479711
10 60 1.1 1.2 34 35 97.99512062074125 0.001379858977983872
10 60 1.1 1.2 35 36 89.57201427157979 0.001246330345807678
10 60 1.1 1.2 36 37 82.02245759177083 0.001073141122631682
10 60 1.1 1.2 37 38 75.24089405745383 0.0009361691825375829
10 60 1.1 1.2 38 39 69.13625614610977 0.0008882634781457455
10 60 1.1 1.2 39 40 63.62959917912227 0.0008792192927629117
10 60 1.1 1.2 40 42 112.7973915558484 0.001569774675630242
10 60 1.1 1.2 42 44 96.39505008726546 0.001284975357847884
10 60 1.1 1.2 44 46 82.82682757329046 0.001039565553384136
10 60 1.1 1.2 46 48 71.52960154724825 0.0008599642659987694
10 60 1.1 1.2 48 50 62.06574480815954 0.0007305947709426164
10 60 1.1 1.2 50 52 54.09233629157423 0.0006449218143771418
10 60 1.1 1.2 52 54 47.3386187554085 0.000545335664625668
10 60 1.1 1.2 54 56 41.58940105649009 0.0004586514946467446
10 60 1.1 1.2 56 58 36.67232861694865 0.0003866924322437626
10 60 1.1 1.2 58 60 32.44838788840774 0.0003246987944365287
10 60 1.1 1.2 60 65 66.22670348926808 0.0006727022566082042
10 60 1.1 1.2 65 70 50.06554185689652 0.0004825610782646095
10 60 1.1 1.2 70 80 68.46795319551802 0.0006437656492295218
10 60 1.1 1.2 80 90 42.61922454551187 0.0003376415662188492
10 60 1.1 1.2 90 100 27.74299759117991 0.0002434057139417689
10 60 1.2 1.3 0 0.5 -118152.1933662875 3.995102303524618
10 60 1.2 1.3 0.5 1 2277.365069982676 0.06021110574874911
10 60 1.2 1.3 1 1.5 10073.46726486443 0.4851797800547502
10 60 1.2 1.3 1.5 2 9339.551939646184 0.363776991087434
10 60 1.2 1.3 2 2.5 7931.244538255587 0.2857078243969227
10 60 1.2 1.3 2.5 3 6676.909471433105 0.2214531937761421
10 60 1.2 1.3 3 3.5 5655.071616883636 0.172753052038388
10 60 1.2 1.3 3.5 4 4832.691913626437 0.1396756893000202
10 60 1.2 1.3 4 4.5 4166.759991251187 0.1137595523450727
10 60 1.2 1.3 4.5 5 3621.577280707613 0.09198619367634819
10 60 1.2 1.3 5 5.5 3170.044522576502 0.07412554666825599
10 60 1.2 1.3 5.5 6 2791.939872291063 0.06009885887215205
10 60 1.2 1.3 6 6.5 2472.165079410322 0.04970334260315212
10 60 1.2 1.3 6.5 7 2199.35886424814 0.04617902990730727
10 60 1.2 1.3 7 7.5 1964.81271388642 0.0369287360006183
10 60 1.2 1.3 7.5 8 1761.814050884156 0.03762054730395903
10 60 1.2 1.3 8 8.5 1585.066824057213 0.02955715522966784
10 60 1.2 1.3 8.5 9 1430.386289497605 0.03021760102660664
10 60 1.2 1.3 9 9.5 1294.383141678309 0.02464536536649575
10 60 1.2 1.3 9.5 10 1174.31472321194 0.02369792651484204
10 60 1.2 1.3 10 10.5 1067.918421679854 0.02169888670505316
10 60 1.2 1.3 10.5 11 973.3192781632174 0.01806786871077293
10 60 1.2 1.3 11 11.5 888.9548062442877 0.01842638603466185
10 60 1.2 1.3 11.5 12 813.5011277668932 0.03412875996389175
10 60 1.2 1.3 12 12.5 745.8427749259968 0.02583060112499425
10 60 1.2 1.3 12.5 13 685.0263331654376 0.01931235035704049
10 60 1.2 1.3 13 13.5 630.2331419237748 0.01386257843205385
10 60 1.2 1.3 13.5 14 580.761909587826 0.01090493222352507
10 60 1.2 1.3 14 14.5 536.0042797544279 0.01059837680452347
10 60 1.2 1.3 14.5 15 495.4317451534266 0.009198717801439216
10 60 1.2 1.3 15 16 883.6505713292212 0.01659943732875035
10 60 1.2 1.3 16 17 761.1501560253448 0.01368250856580744
10 60 1.2 1.3 17 18 658.9454316753881 0.02209812331557259
10 60 1.2 1.3 18 19 573.1576394024808 0.02783000501347033
10 60 1.2 1.3 19 20 500.7432140580718 0.008797195771592214
10 60 1.2 1.3 20 21 439.2924359304353 0.00746284695861732
10 60 1.2 1.3 21 22 386.886180785511 0.006515474966363399
10 60 1.2 1.3 22 23 341.9839758857711 0.005629567457276607
10 60 1.2 1.3 23 24 303.3413959849067 0.004940863403191997
10 60 1.2 1.3 24 25 269.9468711038464 0.004307013007348814
10 60 1.2 1.3 25 26 240.9736495564408 0.003707342152097226
10 60 1.2 1.3 26 27 215.7424626320563 0.003206321565272674
10 60 1.2 1.3 27 28 193.6921195423831 0.002799246977048142
10 60 1.2 1.3 28 29 174.3566834576762 0.002415910460996429
10 60 1.2 1.3 29 30 157.3474662688271 0.002153907182758985
10 60 1.2 1.3 30 31 142.3386463159437 0.001942135554713786
10 60 1.2 1.3 31 32 129.0561377392218 0.001755340577290099
10 60 1.2 1.3 32 33 117.2685309765007 0.001605260444236478
10 60 1.2 1.3 33 34 106.7796351705733 0.001482113531125151
10 60 1.2 1.3 34 35 97.42253512147819 0.001371655516592796
10 60 1.2 1.3 35 36 89.05473330554348 0.001246619311274344
10 60 1.2 1.3 36 37 81.55420291601961 0.001128668768032526
10 60 1.2 1.3 37 38 74.81602866081995 0.001028572648721138
10 60 1.2 1.3 38 39 68.74976491065367 0.0009125427520331186
10 60 1.2 1.3 39 40 63.2772572312148 0.0007775755601002743
10 60 1.2 1.3 40 42 112.1821253870981 0.001334528000029422
10 60 1.2 1.3 42 44 95.88104822946185 0.001240221579550393
10 60 1.2 1.3 44 46 82.39516726989049 0.001019464326333264
10 60 1.2 1.3 46 48 71.16493433630954 0.0007827197402860975
10 60 1.2 1.3 48 50 61.75630454372902 0.0006653035745713964
10 60 1.2 1.3 50 52 53.82887415415357 0.0005754299627582782
10 60 1.2 1.3 52 54 47.11371883459253 0.0005151192676038363
10 60 1.2 1.3 54 56 41.39682575298765 0.0004327118964795318
10 60 1.2 1.3 56 58 36.50686856472788 0.0003715356642146617
10 60 1.2 1.3 58 60 32.30574803644377 0.0003262244142021586
10 60 1.2 1.3 60 65 65.94844276179249 0.0006145891214828225
10 60 1.2 1.3 65 70 49.86997908251546 0.0004676137805574854
10 60 1.2 1.3 70 80 68.22988130042995 0.0006380601054871704
10 60 1.2 1.3 80 90 42.49603549002991 0.0003757515790780985
10 60 1.2 1.3 90 100 27.67843198140596 0.0002847540487103117
10 60 1.3 1.4 0 0.5 -116782.0619605858 3.784666760926484
10 60 1.3 1.4 0.5 1 2398.459524170772 0.09087969561142017
10 60 1.3 1.4 1 1.5 10050.46364601168 0.4974215513047966
10 60 1.3 1.4 1.5 2 9295.517171715002 0.3767049997804861
10 60 1.3 1.4 2 2.5 7886.345420659329 0.2835048499455297
10 60 1.3 1.4 2.5 3 6635.617294413356 0.219716733057794
10 60 1.3 1.4 3 3.5 5618.18290559987 0.1753655588927359
10 60 1.3 1.4 3.5 4 4800.019148309452 0.1399147019255906
10 60 1.3 1.4 4 4.5 4137.858548346287 0.1113722797463197
10 60 1.3 1.4 4.5 5 3595.989883331332 0.09000705313610524
10 60 1.3 1.4 5 5.5 3147.327026828005 0.07368819736757359
10 60 1.3 1.4 5.5 6 2771.705669728372 0.06057248073284427
10 60 1.3 1.4 6 6.5 2454.104973061837 0.04976825647190708
10 60 1.3 1.4 6.5 7 2183.178628975117 0.04154228405150207
10 60 1.3 1.4 7 7.5 1950.286797572083 0.03775067498759199
10 60 1.3 1.4 7.5 8 1748.731602413096 0.03346431243312509
10 60 1.3 1.4 8 8.5 1573.264646016565 0.03024676650193214
10 60 1.3 1.4 8.5 9 1419.708399612421 0.02687060384073447
10 60 1.3 1.4 9 9.5 1284.706463082757 0.02500239739356402
10 60 1.3 1.4 9.5 10 1165.523816386252 0.02092952096995759
10 60 1.3 1.4 10 10.5 1059.920390881023 0.02076993192235932
10 60 1.3 1.4 10.5 11 966.0298727989009 0.0172534594322542
10 60 1.3 1.4 11 11.5 882.299096840278 0.01681296398351151
10 60 1.3 1.4 11.5 12 807.4153816485482 0.03393495057946438
10 60 1.3 1.4 12 12.5 740.2683847285979 0.02558800663325655
10 60 1.3 1.4 12.5 13 679.9126948606114 0.01903706489235901
10 60 1.3 1.4 13 13.5 625.5360241666569 0.0137445654631847
10 60 1.3 1.4 13.5 14 576.4410261960463 0.01011704582685979
10 60 1.3 1.4 14 14.5 532.0242702476814 0.009722614721795253
10 60 1.3 1.4 14.5 15 491.7612755839864 0.008587816429724171
10 60 1.3 1.4 15 16 877.1282344184597 0.01532210774678333
10 60 1.3 1.4 16 17 755.5639107727022 0.01286149176769413
10 60 1.3 1.4 17 18 654.1386722999969 0.02183208169981299
10 60 1.3 1.4 18 19 569.0023149500751 0.02754192744362172
10 60 1.3 1.4 19 20 497.1358876356975 0.00778483046309475
10 60 1.3 1.4 20 21 436.1504971942953 0.00675075580329576
10 60 1.3 1.4 21 22 384.1408683406527 0.005897219633254736
10 60 1.3 1.4 22 23 339.5777401147263 0.005080733600664189
10 60 1.3 1.4 23 24 301.2261901283637 0.004388351505099308
10 60 1.3 1.4 24 25 268.0825622381761 0.003893821138774456
10 60 1.3 1.4 25 26 239.3261206689261 0.003400832709843371
10 60 1.3 1.4 26 27 214.2825296716951 0.002939059888404927
10 60 1.3 1.4 27 28 192.3948969057103 0.002540581501250472
10 60 1.3 1.4 28 29 173.2010115298926 0.00223456903174224
10 60 1.3 1.4 29 30 156.3153200535295 0.001984823593687679
10 60 1.3 1.4 30 31 141.4147792988762 0.00179923897462686
10 60 1.3 1.4 31 32 128.2275414220952 0.001705940167795461
10 60 1.3 1.4 32 33 116.5238372117491 0.00158070140945199
10 60 1.3 1.4 33 34 106.1089703189265 0.001411025839033186
10 60 1.3 1.4 34 35 96.81741473267498 0.001284965279921835
10 60 1.3 1.4 35 36 88.5077979020656 0.001184435687775931
10 60 1.3 1.4 36 37 81.05897930086549 0.001084795655557969
10 60 1.3 1.4 37 38 74.36685486475267 0.0009790016219000108
10 60 1.3 1.4 38 39 68.34169488535407 0.0008776482122812013
10 60 1.3 1.4 39 40 62.90589119031745 0.000800186631281008
10 60 1.3 1.4 40 42 111.5339162488467 0.001337247528852004
10 60 1.3 1.4 42 44 95.33816142855727 0.0009598298509132519
10 60 1.3 1.4 44 46 81.93932724786717 0.0009156344839311714
10 60 1.3 1.4 46 48 70.78088001759298 0.0008435802780724089
10 60 1.3 1.4 48 50 61.43080865793199 0.0006594595085047672
10 60 1.3 1.4 50 52 53.55160355469558 0.0005134122738894575
10 60 1.3 1.4 52 54 46.87669576739978 0.000451043109983118
10 60 1.3 1.4 54 56 41.19369979288393 0.0003997355571740968
10 60 1.3 1.4 56 58 36.33239326317894 0.0003783805082022695
10 60 1.3 1.4 58 60 32.15541994175406 0.000312959622611686
10 60 1.3 1.4 60 65 65.6552780972243 0.0006112243253966199
10 60 1.3 1.4 65 70 49.66318737206768 0.0004541888438396313
10 60 1.3 1.4 70 80 67.97648764383828 0.0006547506637559763
10 60 1.3 1.4 80 90 42.36373122628991 0.0004740038916395406
10 60 1.3 1.4 90 100 27.60702625713155 0.0003201549460811748
10 60 1.4 1.5 0 0.5 -115321.0813801628 3.540178463576012
10 60 1.4 1.5 0.5 1 2527.129885909178 0.02537425400532811
10 60 1.4 1.5 1 1.5 10025.9586000271 0.4842752576169005
10 60 1.4 1.5 1.5 2 9248.720014781462 0.3689199611690128
10 60 1.4 1.5 2 2.5 7838.606636216237 0.2813423517327465
10 60 1.4 1.5 2.5 3 6591.696509751806 0.2201762204231272
10 60 1.4 1.5 3 3.5 5578.945276664267 0.1727060120274473
10 60 1.4 1.5 3.5 4 4765.278695886515 0.1378503390478727
10 60 1.4 1.5 4 4.5 4107.139964907134 0.1113521068955379
10 60 1.4 1.5 4.5 5 3568.786446769704 0.09041658992464363
10 60 1.4 1.5 5 5.5 3123.171221750748 0.07338442287482394
10 60 1.4 1.5 5.5 6 2750.205959713227 0.05961783209022542
10 60 1.4 1.5 6 6.5 2434.905900629119 0.04844097598561348
10 60 1.4 1.5 6.5 7 2165.989511580561 0.04006238435067644
10 60 1.4 1.5 7 7.5 1934.858106823757 0.03743270076165572
10 60 1.4 1.5 7.5 8 1734.845574199835 0.03060317682320601
10 60 1.4 1.5 8 8.5 1560.73813368002 0.02962576221329982
10 60 1.4 1.5 8.5 9 1408.381141317191 0.02436511208247794
10 60 1.4 1.5 9 9.5 1274.443836701396 0.02380388641813624
10 60 1.4 1.5 9.5 10 1156.207800688904 0.02005224588856436
10 60 1.4 1.5 10 10.5 1051.446092966711 0.01930507549150207
10 60 1.4 1.5 10.5 11 958.3077935723161 0.01655896285012659
10 60 1.4 1.5 11 11.5 875.2496660847548 0.01525550164262768
10 60 1.4 1.5 11.5 12 800.9705630849546 0.03357800311641768
10 60 1.4 1.5 12 12.5 734.3675371885462 0.02530375750598068
10 60 1.4 1.5 12.5 13 674.5018437597073 0.01883156462656643
10 60 1.4 1.5 13 13.5 620.5675370731324 0.01361755523021202
10 60 1.4 1.5 13.5 14 571.8723054461794 0.009546131276238157
10 60 1.4 1.5 14 14.5 527.8173153418818 0.008891134075270202
10 60 1.4 1.5 14.5 15 487.8826209011701 0.007938217057471775
10 60 1.4 1.5 15 16 870.2389612107287 0.01413170318642187
10 60 1.4 1.5 16 17 749.6667638095527 0.01179354677685751
10 60 1.4 1.5 17 18 649.0688556492116 0.02169251998134314
10 60 1.4 1.5 18 19 564.6253627795249 0.02720629039083633
10 60 1.4 1.5 19 20 493.3407597803561 0.007167049755310018
10 60 1.4 1.5 20 21 432.8465428462648 0.006001408199438174
10 60 1.4 1.5 21 22 381.2548185573106 0.005100049449879407
10 60 1.4 1.5 22 23 337.0495305161303 0.004521414278030988
10 60 1.4 1.5 23 24 299.0050005590664 0.003927611823144161
10 60 1.4 1.5 24 25 266.1254671624175 0.003378055066605157
10 60 1.4 1.5 25 26 237.5973578148667 0.00300110968834133
10 60 1.4 1.5 26 27 212.7517669403015 0.002735560835589013
10 60 1.4 1.5 27 28 191.0359474272545 0.002515034633745472
10 60 1.4 1.5 28 29 171.9911241546185 0.002315977666711433
10 60 1.4 1.5 29 30 155.2348582964937 0.002058129657257268
10 60 1.4 1.5 30 31 140.447056567276 0.001776186090580723
10 60 1.4 1.5 31 32 127.3585714613398 0.001560263487419888
10 60 1.4 1.5 32 33 115.7419680855041 0.001394670805851206
10 60 1.4 1.5 33 34 105.4043177849437 0.001287400053641363
10 60 1.4 1.5 34 35 96.18130320665504 0.0012019237357066
10 60 1.4 1.5 35 36 87.93257953739771 0.001075155180913612
10 60 1.4 1.5 36 37 80.53801792570236 0.0009659503927252899
10 60 1.4 1.5 37 38 73.89435806269343 0.0008800962474140306
10 60 1.4 1.5 38 39 67.91254068013296 0.0008021664828135044
10 60 1.4 1.5 39 40 62.51554357414847 0.0007310972561640483
10 60 1.4 1.5 40 42 110.8540983486149 0.001290499524188249
10 60 1.4 1.5 42 44 94.77062306536662 0.001102932360453224
10 60 1.4 1.5 44 46 81.46176859224437 0.0007865691448358803
10 60 1.4 1.5 46 48 70.37743277908159 0.0006452686104694294
10 60 1.4 1.5 48 50 61.08942016742345 0.000663630037877283
10 60 1.4 1.5 50 52 53.26147648935093 0.0005849786738636453
10 60 1.4 1.5 52 54 46.62875866126512 0.000449894356776781
10 60 1.4 1.5 54 56 40.9809240850888 0.0003688289145244994
10 60 1.4 1.5 56 58 36.14923927000133 0.0003237061541767616
10 60 1.4 1.5 58 60 31.99746441738946 0.0002998641218567855
10 60 1.4 1.5 60 65 65.34724189452992 0.0006596073454261386
10 60 1.4 1.5 65 70 49.445460929544 0.000477875800875438
10 60 1.4 1.5 70 80 67.70735045140543 0.0007242942960914434
10 60 1.4 1.5 80 90 42.22014949729517 0.000549768086649749
10 60 1.4 1.5 90 100 27.52766015596463 0.0004203279939893889
10 60 1.5 1.6 0 0.5 -113774.1811215928 3.569502499260125
10 60 1.5 1.6 0.5 1 2663.210801214015 0.04710864217258859
10 60 1.5 1.6 1 1.5 9999.962097161171 0.4629728222425911
10 60 1.5 1.6 1.5 2 9199.22603981704 0.3487105737858656
10 60 1.5 1.6 2 2.5 7788.144079179973 0.2724891162715721
10 60 1.5 1.6 2.5 3 6545.26861838464 0.2133711051046703
10 60 1.5 1.6 3 3.5 5537.48183947691 0.1696916587397936
10 60 1.5 1.6 3.5 4 4728.560820225232 0.1362102145194513
10 60 1.5 1.6 4 4.5 4074.672521702501 0.1099345126526714
10 60 1.5 1.6 4.5 5 3540.037992765497 0.08911088728063987
10 60 1.5 1.6 5 5.5 3097.656321426285 0.07250788496412497
10 60 1.5 1.6 5.5 6 2727.494661536243 0.05894106416235445
10 60 1.5 1.6 6 6.5 2414.630645663864 0.04896047238571555
10 60 1.5 1.6 6.5 7 2147.843450097583 0.04069979879750463
10 60 1.5 1.6 7 7.5 1918.571328531799 0.03419708405272104
10 60 1.5 1.6 7.5 8 1720.195109401008 0.02921389400262342
10 60 1.5 1.6 8 8.5 1547.527116167236 0.02774867410539628
10 60 1.5 1.6 8.5 9 1396.442638900192 0.02352896316983788
10 60 1.5 1.6 9 9.5 1263.630760582944 0.02214792259906062
10 60 1.5 1.6 9.5 10 1146.394576527559 0.0187209511598212
10 60 1.5 1.6 10 10.5 1042.523252100378 0.01759035082113769
10 60 1.5 1.6 10.5 11 950.1807547357683 0.01557295171710393
10 60 1.5 1.6 11 11.5 867.8342554783899 0.04336491449134883
10 60 1.5 1.6 11.5 12 794.1932487063253 0.03320767343052466
10 60 1.5 1.6 12 12.5 728.1639860241031 0.02503785293788496
10 60 1.5 1.6 12.5 13 668.8150655196396 0.01862393125691142
10 60 1.5 1.6 13 13.5 615.3472871174732 0.01344782611704431
10 60 1.5 1.6 13.5 14 567.0738520911807 0.009436538659997495
10 60 1.5 1.6 14 14.5 523.4004899857102 0.007989159312614902
10 60 1.5 1.6 14.5 15 483.8121131105964 0.007237078105049477
10 60 1.5 1.6 15 16 863.0126609005002 0.01274631496778511
10 60 1.5 1.6 16 17 743.4850915619547 0.01086057469842672
10 60 1.5 1.6 17 18 643.7574960250023 0.02154657389542081
10 60 1.5 1.6 18 19 560.0436815678978 0.02699512286085337
10 60 1.5 1.6 19 20 489.3735560685039 0.006514655489525012
10 60 1.5 1.6 20 21 429.3979312208737 0.005499898790901625
10 60 1.5 1.6 21 22 378.2451839183523 0.004614984788304355
10 60 1.5 1.6 22 23 334.4135320144763 0.003896697426853279
10 60 1.5 1.6 23 24 296.6895466486146 0.003466642823070742
10 60 1.5 1.6 24 25 264.0860573582248 0.003237331193133741
10 60 1.5 1.6 25 26 235.7955803363936 0.00297584733414169
10 60 1.5 1.6 26 27 211.1549530552316 0.002680771536489601
10 60 1.5 1.6 27 28 189.6167683133272 0.002355300854873121
10 60 1.5 1.6 28 29 170.7267254199116 0.002105045034596742
10 60 1.5 1.6 29 30 154.1058171531708 0.001923958615265065
10 60 1.5 1.6 30 31 139.4365038051499 0.001744764016905265
10 60 1.5 1.6 31 32 126.4517643298086 0.001536955991383593
10 60 1.5 1.6 32 33 114.9262075524447 0.001328611049686401
10 60 1.5 1.6 33 34 104.6688024115239 0.001151941270933321
10 60 1.5 1.6 34 35 95.51692189750102 0.001006830066501152
10 60 1.5 1.6 35 36 87.33162204811308 0.0009150491001008731
10 60 1.5 1.6 36 37 79.9937115810317 0.000880537779153201
10 60 1.5 1.6 37 38 73.40064332340933 0.0008292765227082555
10 60 1.5 1.6 38 39 67.46403432760771 0.0007561178260004908
10 60 1.5 1.6 39 40 62.10752110092987 0.0006883568920557082
10 60 1.5 1.6 40 42 110.1432942336897 0.001200052316107758
10 60 1.5 1.6 42 44 94.17762683686342 0.001009124044230703
10 60 1.5 1.6 44 46 80.96454716166063 0.000885069924720483
10 60 1.5 1.6 46 48 69.95756252425133 0.0007204677564800477
10 60 1.5 1.6 48 50 60.73268129714445 0.0005002711055084319
10 60 1.5 1.6 50 52 52.95787567894244 0.0005114600285551774
10 60 1.5 1.6 52 54 46.36979816640375 0.0004986703517388946
10 60 1.5 1.6 54 56 40.7589928381643 0.0004363204637343188
10 60 1.5 1.6 56 58 35.95809400384473 0.0003398543418242639
10 60 1.5 1.6 58 60 31.83222780563764 0.0003022544207240685
10 60 1.5 1.6 60 65 65.02361741385404 0.0006563236336205591
10 60 1.5 1.6 65 70 49.21611928144202 0.000554509029171868
10 60 1.5 1.6 70 80 67.42072280069793 0.0008452329919776957
10 60 1.5 1.6 80 90 42.06323461740372 0.0006679754410185978
10 60 1.5 1.6 90 100 27.43814209106674 0.000567501306040441
10 60 1.6 1.7 0 0.5 -112142.8254781959 3.269780225906288
10 60 1.6 1.7 0.5 1 2806.93206638865 0.05429767423129306
10 60 1.6 1.7 1 1.5 9972.654015169157 0.4813235291421734
10 60 1.6 1.7 1.5 2 9147.128094227062 0.3660354855983314
10 60 1.6 1.7 2 2.5 7735.069818823365 0.2762251464937435
10 60 1.6 1.7 2.5 3 6496.453426077342 0.2116917755301984
10 60 1.6 1.7 3 3.5 5493.884641871741 0.1680650512917055
10 60 1.6 1.7 3.5 4 4689.957266764978 0.1337381859484594
10 60 1.6 1.7 4 4.5 4040.550078222957 0.1075985383549778
10 60 1.6 1.7 4.5 5 3509.831113151841 0.08752865667747756
10 60 1.6 1.7 5 5.5 3070.851515783937 0.07156399518271428
10 60 1.6 1.7 5.5 6 2703.641077015684 0.05889526740884321
10 60 1.6 1.7 6 6.5 2393.343750840069 0.04828553198922236
10 60 1.6 1.7 6.5 7 2128.79473657824 0.0396679485866116
10 60 1.6 1.7 7 7.5 1901.480671599618 0.03328659968451575
10 60 1.6 1.7 7.5 8 1704.823976509369 0.02778943666089617
10 60 1.6 1.7 8 8.5 1533.670439673031 0.02527057947395406
10 60 1.6 1.7 8.5 9 1383.925919730361 0.02199292553268606
10 60 1.6 1.7 9 9.5 1252.300517915128 0.020348379379584
10 60 1.6 1.7 9.5 10 1136.118590493757 0.0178201070364139
10 60 1.6 1.7 10 10.5 1033.184465573775 0.01630724157780605
10 60 1.6 1.7 10.5 11 941.6781176335879 0.01421859508832313
10 60 1.6 1.7 11 11.5 860.0801465175737 0.04290585462808849
10 60 1.6 1.7 11.5 12 787.1098439527575 0.03277529999115814
10 60 1.6 1.7 12 12.5 721.6830349011501 0.02479262573911001
10 60 1.6 1.7 12.5 13 662.8755701940548 0.01836866100086354
10 60 1.6 1.7 13 13.5 609.8965720071069 0.01331087919197671
10 60 1.6 1.7 13.5 14 562.0650311740321 0.009313854964034363
10 60 1.6 1.7 14 14.5 518.7920955580803 0.007162880659507209
10 60 1.6 1.7 14.5 15 479.566850033743 0.006604634600591908
10 60 1.6 1.7 15 16 855.4806003536821 0.01138504755442682
10 60 1.6 1.7 16 17 737.0467613894695 0.01081779536843896
10 60 1.6 1.7 17 18 638.2300051636934 0.02133671966771544
10 60 1.6 1.7 18 19 555.278859136492 0.02671845273175677
10 60 1.6 1.7 19 20 485.2505208520316 0.005757775048948588
10 60 1.6 1.7 20 21 425.8172381730033 0.005027848364875354
10 60 1.6 1.7 21 22 375.1239653485441 0.004470460080824523
10 60 1.6 1.7 22 23 331.6820580323086 0.003949848758225016
10 60 1.6 1.7 23 24 294.2894189360867 0.003510222168017663
10 60 1.6 1.7 24 25 261.9692503039672 0.003016011325712498
10 60 1.6 1.7 25 26 233.923229406067 0.002627931685310614
10 60 1.6 1.7 26 27 209.4947445489385 0.002428737091747735
10 60 1.6 1.7 27 28 188.1409141026936 0.002185815908291033
10 60 1.6 1.7 28 29 169.4114102457457 0.001935635538046654
10 60 1.6 1.7 29 30 152.9308384208568 0.001707632322023755
10 60 1.6 1.7 30 31 138.384737286683 0.001531562030635314
10 60 1.6 1.7 31 32 125.5084667523522 0.001377878968156665
10 60 1.6 1.7 32 33 114.0785106624045 0.001267800223288873
10 60 1.6 1.7 33 34 103.9053331260194 0.001155792034239767
10 60 1.6 1.7 34 35 94.82772106588709 0.00102751020217795
10 60 1.6 1.7 35 36 86.7080568500423 0.0008988650242685026
10 60 1.6 1.7 36 37 79.42842651307781 0.0007788809938489294
10 60 1.6 1.7 37 38 72.88743110978703 0.0006884083852582989
10 60 1.6 1.7 38 39 66.99755974612243 0.0006580371953788244
10 60 1.6 1.7 39 40 61.68301377932714 0.0006399634639606688
10 60 1.6 1.7 40 42 109.4034904848685 0.001143914950390013
10 60 1.6 1.7 42 44 93.5601338710776 0.0009921542058037858
10 60 1.6 1.7 44 46 80.44649077691793 0.0008368701613790108
10 60 1.6 1.7 46 48 69.52092427237434 0.0007301640795986941
10 60 1.6 1.7 48 50 60.3626467394506 0.0006609370921140112
10 60 1.6 1.7 50 52 52.6420209663566 0.0004932096112639783
10 60 1.6 1.7 52 54 46.09920263290618 0.0003977300352744351
10 60 1.6 1.7 54 56 40.52692975388878 0.0004492410523155854
10 60 1.6 1.7 56 58 35.75844975545687 0.0004261685985724739
10 60 1.6 1.7 58 60 31.65961848266269 0.000361749300992642
10 60 1.6 1.7 60 65 64.68414321589131 0.0007274702265362976
10 60 1.6 1.7 65 70 48.97327621605707 0.0006363106348743486
10 60 1.6 1.7 70 80 67.11363126235744 0.001046452513620011
10 60 1.6 1.7 80 90 41.8901602231502 0.000832823310481956
10 60 1.6 1.7 90 100 27.33505967733449 0.000715235957358118
10 60 1.7 1.8 0 0.5 -110432.7630568045 3.004452297886019
10 60 1.7 1.8 0.5 1 2957.503846850392 0.0392622097729145
10 60 1.7 1.8 1 1.5 9944.113176181181 0.4727396853777464
10 60 1.7 1.8 1.5 2 9092.548605334365 0.3526545923177764
10 60 1.7 1.8 2 2.5 7679.45904468444 0.2688241961814128
10 60 1.7 1.8 2.5 3 6445.349936984602 0.2134385682511493
10 60 1.7 1.8 3 3.5 5448.262609170437 0.1669248265861825
10 60 1.7 1.8 3.5 4 4649.581947497668 0.1329676416489747
10 60 1.7 1.8 4 4.5 4004.866273107072 0.1075283554391717
10 60 1.7 1.8 4.5 5 3478.24879508677 0.08670360092901319
10 60 1.7 1.8 5 5.5 3042.83505379084 0.06989194657307962
10 60 1.7 1.8 5.5 6 2678.715875214905 0.05704965018094299
10 60 1.7 1.8 6 6.5 2371.107127679453 0.04703156911682527
10 60 1.7 1.8 6.5 7 2108.902433760908 0.03903402107471265
10 60 1.7 1.8 7 7.5 1883.639515444684 0.03237376661490998
10 60 1.7 1.8 7.5 8 1688.783735627417 0.02724594486153364
10 60 1.7 1.8 8 8.5 1519.216250997583 0.02311886641632555
10 60 1.7 1.8 8.5 9 1370.873056498594 0.02025708410474181
10 60 1.7 1.8 9 9.5 1240.489327543033 0.01848562916347873
10 60 1.7 1.8 9.5 10 1125.410597166559 0.01631047495061466
10 60 1.7 1.8 10 10.5 1023.45946697368 0.01486006495906622
10 60 1.7 1.8 10.5 11 932.8300332886457 0.01326316850463627
10 60 1.7 1.8 11 11.5 852.0149049806421 0.04239893043597931
10 60 1.7 1.8 11.5 12 779.7456355738445 0.03245320747691949
10 60 1.7 1.8 12 12.5 714.9483095011476 0.02446415935276036
10 60 1.7 1.8 12.5 13 656.7078494285454 0.01818783575242833
10 60 1.7 1.8 13 13.5 604.2396558259207 0.01319234140385106
10 60 1.7 1.8 13.5 14 556.8687487978883 0.009207378151472767
10 60 1.7 1.8 14 14.5 514.0123281894191 0.00624345547350913
10 60 1.7 1.8 14.5 15 475.164594764377 0.005625346298529621
10 60 1.7 1.8 15 16 847.6747274038673 0.009843329711657134
10 60 1.7 1.8 16 17 730.3810777967087 0.01065693308305526
10 60 1.7 1.8 17 18 632.5122965764198 0.02102916965634449
10 60 1.7 1.8 18 19 550.3526786463008 0.02634841847202551
10 60 1.7 1.8 19 20 480.9883864976288 0.00539777680177167
10 60 1.7 1.8 20 21 422.1148820916562 0.004849344713136361
10 60 1.7 1.8 21 22 371.895371673135 0.004413571272948502
10 60 1.7 1.8 22 23 328.8558408307081 0.003837337290121923
10 60 1.7 1.8 23 24 291.806344256911 0.003275510181595109
10 60 1.7 1.8 24 25 259.7800946763591 0.002835114192976107
10 60 1.7 1.8 25 26 231.9867475826726 0.002459192216150541
10 60 1.7 1.8 26 27 207.7766641112796 0.002092783431578482
10 60 1.7 1.8 27 28 186.6130598019618 0.001874524553301171
10 60 1.7 1.8 28 29 168.0498006438793 0.001724885634104112
10 60 1.7 1.8 29 30 151.7146444046816 0.001559244012696581
10 60 1.7 1.8 30 31 137.2959753286545 0.001430288844687766
10 60 1.7 1.8 31 32 124.5316943663936 0.001286434105722378
10 60 1.7 1.8 32 33 113.2004589532269 0.001165193176930757
10 60 1.7 1.8 33 34 103.1145442408544 0.001048968647609172
10 60 1.7 1.8 34 35 94.11420687163076 0.00096184469310856
10 60 1.7 1.8 35 36 86.06301732286389 0.0008915460478675641
10 60 1.7 1.8 36 37 78.84407875825006 0.0008047852894463858
10 60 1.7 1.8 37 38 72.35696089779651 0.0007186071205467215
10 60 1.7 1.8 38 39 66.51504824243831 0.0006439415222700973
10 60 1.7 1.8 39 40 61.24341825804427 0.000567867487639262
10 60 1.7 1.8 40 42 108.6363535346934 0.001026232846157882
10 60 1.7 1.8 42 44 92.91898410535276 0.0009527854374766775
10 60 1.7 1.8 44 46 79.90806934832057 0.0008636868611517912
10 60 1.7 1.8 46 48 69.06656388212801 0.0007555686403151185
10 60 1.7 1.8 48 50 59.97744225519108 0.0006579668249244719
10 60 1.7 1.8 50 52 52.31400015426485 0.0006228515817880975
10 60 1.7 1.8 52 54 45.81806204694962 0.0005389703586757832
10 60 1.7 1.8 54 56 40.28446115538871 0.0003903910121749732
10 60 1.7 1.8 56 58 35.54895870913872 0.0004065755072559796
10 60 1.7 1.8 58 60 31.47834162137808 0.000451492036024348
10 60 1.7 1.8 60 65 64.32676958056176 0.0009099195578272656
10 60 1.7 1.8 65 70 48.71503554680324 0.0007748182163425099
10 60 1.7 1.8 70 80 66.78123375426584 0.001296387987721914
10 60 1.7 1.8 80 90 41.69687937147003 0.00106749921650362
10 60 1.7 1.8 90 100 27.21467226023473 0.0009131984771926227
10 60 1.8 1.9 0 0.5 -108649.8755571961 2.922470497695031
10 60 1.8 1.9 0.5 1 3114.304175326019 0.02408184079513376
10 60 1.8 1.9 1 1.5 9914.370210292145 0.4887909431363369
10 60 1.8 1.9 1.5 2 9035.698921712141 0.366956218618725
10 60 1.8 1.9 2 2.5 7621.498254590893 0.279883427855566
10 60 1.8 1.9 2.5 3 6392.086073408838 0.2115760780070559
10 60 1.8 1.9 3 3.5 5400.725649950833 0.1688672472246253
10 60 1.8 1.9 3.5 4 4607.536200823552 0.1359046182251404
10 60 1.8 1.9 4 4.5 3967.714303461324 0.1086314613276045
10 60 1.8 1.9 4.5 5 3445.3835508035 0.08759001918815557
10 60 1.8 1.9 5 5.5 3013.688112931769 0.07112663567522759
10 60 1.8 1.9 5.5 6 2652.794074518472 0.05785901821536754
10 60 1.8 1.9 6 6.5 2347.991455022377 0.04694429154142199
10 60 1.8 1.9 6.5 7 2088.231694718242 0.03837409933203162
10 60 1.8 1.9 7 7.5 1865.106707407334 0.03183779562186828
10 60 1.8 1.9 7.5 8 1672.127871364508 0.02645828366325986
10 60 1.8 1.9 8 8.5 1504.213349345754 0.02224989103183361
10 60 1.8 1.9 8.5 9 1357.329849586574 0.0190969053585377
10 60 1.8 1.9 9 9.5 1228.238691185215 0.01642359179754749
10 60 1.8 1.9 9.5 10 1114.308842455461 0.01471948607013474
10 60 1.8 1.9 10 10.5 1013.380006897086 0.01310186621856246
10 60 1.8 1.9 10.5 11 923.6636050762805 0.01186131791860134
10 60 1.8 1.9 11 11.5 843.6649529071416 0.04186693079805082
10 60 1.8 1.9 11.5 12 772.1274444891085 0.0320317139950248
10 60 1.8 1.9 12 12.5 707.9863822442044 0.02422954319536075
10 60 1.8 1.9 12.5 13 650.3349843464895 0.01795841709542856
10 60 1.8 1.9 13 13.5 598.3972918270252 0.01300539082592422
10 60 1.8 1.9 13.5 14 551.505545534662 0.009103779989573013
10 60 1.8 1.9 14 14.5 509.08234559383 0.006029173892272865
10 60 1.8 1.9 14.5 15 470.6266482076345 0.004969068661125675
10 60 1.8 1.9 15 16 839.6317760099936 0.008652949083057138
10 60 1.8 1.9 16 17 723.5147250091486 0.01048209964449143
10 60 1.8 1.9 17 18 626.6233312681842 0.02063394316598988
10 60 1.8 1.9 18 19 545.2783613549866 0.02589939148879239
10 60 1.8 1.9 19 20 476.59603730963 0.005287077042623878
10 60 1.8 1.9 20 21 418.2962948990645 0.004494559922534336
10 60 1.8 1.9 21 22 368.5629635959523 0.003810455075665686
10 60 1.8 1.9 22 23 325.9383659589391 0.003395715554461276
10 60 1.8 1.9 23 24 289.2442300622389 0.003049087197837252
10 60 1.8 1.9 24 25 257.5228145716573 0.002677725652688423
10 60 1.8 1.9 25 26 229.9915774532545 0.002305116230047588
10 60 1.8 1.9 26 27 206.0075808772644 0.001974038650587318
10 60 1.8 1.9 27 28 185.0397033138541 0.001754716866571471
10 60 1.8 1.9 28 29 166.6468039968972 0.001529525300071555
10 60 1.8 1.9 29 30 150.4608613598511 0.001388820828253756
10 60 1.8 1.9 30 31 136.1732272469285 0.001296037412146234
10 60 1.8 1.9 31 32 123.5241551712357 0.001174720813025942
10 60 1.8 1.9 32 33 112.2944463539236 0.001090558175320666
10 60 1.8 1.9 33 34 102.2982463706801 0.0009984023527778163
10 60 1.8 1.9 34 35 93.37739287363955 0.0009232736576052503
10 60 1.8 1.9 35 36 85.39676831100532 0.0008578770453340212
10 60 1.8 1.9 36 37 78.24058069984996 0.0007838871907779321
10 60 1.8 1.9 37 38 71.80930995706167 0.0007235662339724058
10 60 1.8 1.9 38 39 66.01714395196912 0.0006723020862438034
10 60 1.8 1.9 39 40 60.78985516634629 0.0006103563799371159
10 60 1.8 1.9 40 42 107.8439619158788 0.00108315779451118
10 60 1.8 1.9 42 44 92.25497547692488 0.0008941360267158416
10 60 1.8 1.9 44 46 79.34917529864707 0.0008623092059423243
10 60 1.8 1.9 46 48 68.59399989086776 0.0008120377685258973
10 60 1.8 1.9 48 50 59.57600663066688 0.0007274581854090911
10 60 1.8 1.9 50 52 51.97140050191617 0.0006638823408167127
10 60 1.8 1.9 52 54 45.52442760100596 0.0006449598805815526
10 60 1.8 1.9 54 56 40.03146580731147 0.0006044768231916464
10 60 1.8 1.9 56 58 35.32937937097083 0.0004808255016044427
10 60 1.8 1.9 58 60 31.28688832831277 0.0004187571405012136
10 60 1.8 1.9 60 65 63.94708933494859 0.001143370471993421
10 60 1.8 1.9 65 70 48.43844029713841 0.0009676013997079735
10 60 1.8 1.9 70 80 66.41733423270536 0.001628767139990828
10 60 1.8 1.9 80 90 41.47785497770675 0.00135741354431218
10 60 1.8 1.9 90 100 27.07233232996637 0.001154473557487989
10 60 1.9 2 0 0.5 -106797.8586760474 2.580027714167954
10 60 1.9 2 0.5 1 3276.847541189778 0.02027341498569513
10 60 1.9 2 1 1.5 9883.413776580017 0.448740555677432
10 60 1.9 2 1.5 2 8976.661166978232 0.347660788702342
10 60 1.9 2 2 2.5 7561.355782843799 0.2638813684798151
10 60 1.9 2 2.5 3 6336.812050699596 0.2092141682405781
10 60 1.9 2 3 3.5 5351.416161896727 0.1660868689205017
10 60 1.9 2 3.5 4 4563.925992909481 0.1312397953679465
10 60 1.9 2 4 4.5 3929.205621019948 0.106499633302974
10 60 1.9 2 4.5 5 3411.333452650643 0.08680064148029487
10 60 1.9 2 5 5.5 2983.49831675725 0.07076064982857133
10 60 1.9 2 5.5 6 2625.958599551184 0.05800796368521333
10 60 1.9 2 6 6.5 2324.069457132606 0.04767786607681046
10 60 1.9 2 6.5 7 2066.846456744854 0.03920714527930613
10 60 1.9 2 7 7.5 1845.942692435289 0.0321687152920731
10 60 1.9 2 7.5 8 1654.913474202025 0.02651081596559379
10 60 1.9 2 8 8.5 1488.71344637235 0.02199227682240235
10 60 1.9 2 8.5 9 1343.343940885173 0.01845762969855969
10 60 1.9 2 9 9.5 1215.593965177402 0.01573122623722156
10 60 1.9 2 9.5 10 1102.854693647659 0.01351878664195283
10 60 1.9 2 10 10.5 1002.98525747715 0.01170868748477005
10 60 1.9 2 10.5 11 914.2136469458558 0.01022183032227986
10 60 1.9 2 11 11.5 835.060466767593 0.04130503292037702
10 60 1.9 2 11.5 12 764.2806270093907 0.03162351214905357
10 60 1.9 2 12 12.5 700.819790649488 0.02392781614958039
10 60 1.9 2 12.5 13 643.7798991852341 0.01776155536549595
10 60 1.9 2 13 13.5 592.3924080445116 0.01289205161424434
10 60 1.9 2 13.5 14 545.9961164860529 0.009048524244121836
10 60 1.9 2 14 14.5 504.0197604400888 0.005974516029709775
10 60 1.9 2 14.5 15 465.9681346888945 0.004692008102381351
10 60 1.9 2 15 16 831.3776444696117 0.008742385941104658
10 60 1.9 2 16 17 716.4657113256927 0.01014727304345797
10 60 1.9 2 17 18 620.5723932081534 0.02034622639223471
10 60 1.9 2 18 19 540.061097713152 0.02551491211829671
10 60 1.9 2 19 20 472.0786953766728 0.004618932639118611
10 60 1.9 2 20 21 414.3700284416307 0.004052063376093429
10 60 1.9 2 21 22 365.1377108285351 0.003554544006760807
10 60 1.9 2 22 23 322.9392311644206 0.003066537329232233
10 60 1.9 2 23 24 286.6095713454848 0.002625870364227012
10 60 1.9 2 24 25 255.2016994752057 0.002398945506968175
10 60 1.9 2 25 26 227.9409055461994 0.002209297441140734
10 60 1.9 2 26 27 204.1904188069831 0.001965749150684815
10 60 1.9 2 27 28 183.4244553081798 0.001699394077974148
10 60 1.9 2 28 29 165.2067455598207 0.001483745156718896
10 60 1.9 2 29 30 149.1733894931327 0.001316160566943836
10 60 1.9 2 30 31 135.0194203409137 0.001164730271568715
10 60 1.9 2 31 32 122.488116133388 0.001087609897496122
10 60 1.9 2 32 33 111.3623760906487 0.001052504126406006
10 60 1.9 2 33 34 101.4579900857803 0.0009496496323038173
10 60 1.9 2 34 35 92.61843558056012 0.0008806969719188373
10 60 1.9 2 35 36 84.71000459177706 0.0008317942497910735
10 60 1.9 2 36 37 77.61809124665575 0.0007908446956577109
10 60 1.9 2 37 38 71.24414187238685 0.0007589984688110007
10 60 1.9 2 38 39 65.50313652543498 0.0007022685169744136
10 60 1.9 2 39 40 60.32158095319329 0.0006439271592100226
10 60 1.9 2 40 42 107.0258403228436 0.001182433729695731
10 60 1.9 2 42 44 91.56860998937069 0.001055100272822074
10 60 1.9 2 44 46 78.76951647620916 0.0008741657859729912
10 60 1.9 2 46 48 68.10221050858134 0.000878387684750237
10 60 1.9 2 48 50 59.15686298345518 0.0008593412775041998
10 60 1.9 2 50 52 51.61243391744448 0.0007619487912222667
10 60 1.9 2 52 54 45.21557372954508 0.0007250890535885901
10 60 1.9 2 54 56 39.76455351101276 0.0007152038100670666
10 60 1.9 2 56 58 35.09769008428585 0.0006602773164061659
10 60 1.9 2 58 60 31.08450715197372 0.0005995657612380967
10 60 1.9 2 60 65 63.54051410449867 0.001279836180344773
10 60 1.9 2 65 70 48.13856135826867 0.001260747676859353
10 60 1.9 2 70 80 66.01395074061872 0.002057714722198511
10 60 1.9 2 80 90 41.22596264499602 0.00174030723911045
10 60 1.9 2 90 100 26.90216769920896 0.0001028577163673106
10 60 2 2.1 0 0.5 -104883.7269858667 2.389598697875044
10 60 2 2.1 0.5 1 3444.282774390016 0.01164761404015735
10 60 2 2.1 1 1.5 9851.243057636817 0.420555362410596
10 60 2 2.1 1.5 2 8915.55691455062 0.320313324833478
10 60 2 2.1 2 2.5 7499.166604660044 0.2491009123968979
10 60 2 2.1 2.5 3 6279.687929471927 0.1950233257603031
10 60 2 2.1 3 3.5 5300.475898200859 0.1550800356581021
10 60 2 2.1 3.5 4 4518.883585652192 0.1265192810005829
10 60 2 2.1 4 4.5 3889.454680589649 0.102223293089537
10 60 2 2.1 4.5 5 3376.192592714143 0.08262784351472874
10 60 2 2.1 5 5.5 2952.365089005005 0.06777831059707751
10 60 2 2.1 5.5 6 2598.296435541744 0.05589228724602435
10 60 2 2.1 6 6.5 2299.416544469657 0.04650994417124821
10 60 2 2.1 6.5 7 2044.821731902548 0.03878826449295047
10 60 2 2.1 7 7.5 1826.215569290899 0.03242169689019647
10 60 2 2.1 7.5 8 1637.198236775018 0.0270028957586419
10 60 2 2.1 8 8.5 1472.770481062391 0.02244437919034681
10 60 2 2.1 8.5 9 1328.966816695634 0.01877374887067162
10 60 2 2.1 9 9.5 1202.601629837928 0.01580143665273681
10 60 2 2.1 9.5 10 1091.090406805139 0.01331693842371351
10 60 2 2.1 10 10.5 992.3145660250952 0.01138443272077438
10 60 2 2.1 10.5 11 904.5187256741124 0.009920042420503705
10 60 2 2.1 11 11.5 826.2367816970985 0.04081688867074718
10 60 2 2.1 11.5 12 756.2360381276574 0.03121884215477166
10 60 2 2.1 12 12.5 693.4738770872037 0.0235974632049647
10 60 2 2.1 12.5 13 637.062015113008 0.01756832969897459
10 60 2 2.1 13 13.5 586.2394778769223 0.01277716779611637
10 60 2 2.1 13.5 14 540.3517773650736 0.008996259601872225
10 60 2 2.1 14 14.5 498.8336054547005 0.005975730915338318
10 60 2 2.1 14.5 15 461.1952063970087 0.004725898516312554
10 60 2 2.1 15 16 822.9178311419918 0.007972603015673485
10 60 2 2.1 16 17 709.2415268412136 0.009750751863066398
10 60 2 2.1 17 18 614.3714372021931 0.01996160640157996
10 60 2 2.1 18 19 534.7134966598088 0.02523543040808818
10 60 2 2.1 19 20 467.4490434194848 0.004177236700172671
10 60 2 2.1 20 21 410.3465036888659 0.003716148859609802
10 60 2 2.1 21 22 361.6276728515745 0.003128567423004824
10 60 2 2.1 22 23 319.8665208310309 0.002851515412828576
10 60 2 2.1 23 24 283.9104542776648 0.002533003322355398
10 60 2 2.1 24 25 252.8228122553681 0.002206914462732357
10 60 2 2.1 25 26 225.8379774978908 0.001949033978860371
10 60 2 2.1 26 27 202.3265233607239 0.001817612343984365
10 60 2 2.1 27 28 181.7681003004011 0.001681593233087142
10 60 2 2.1 28 29 163.7307292688591 0.001530829172338599
10 60 2 2.1 29 30 147.8542718543465 0.001366742468661641
10 60 2 2.1 30 31 133.8371355735929 0.001199641024413722
10 60 2 2.1 31 32 121.4256728908156 0.001073297387392813
10 60 2 2.1 32 33 110.4054711030005 0.000974850579822828
10 60 2 2.1 33 34 100.594609605571 0.0009478825548399072
10 60 2 2.1 34 35 91.83801114644447 0.00093685441615321
10 60 2 2.1 35 36 84.00315510495363 0.0008488929624661523
10 60 2 2.1 36 37 76.97667522215404 0.0007819742774728411
10 60 2 2.1 37 38 70.66108542087339 0.0007653646186298602
10 60 2 2.1 38 39 64.97228872240807 0.0007601892425697088
10 60 2 2.1 39 40 59.83747296465203 0.0007308838612658519
10 60 2 2.1 40 42 106.1790409636789 0.001316267359825929
10 60 2 2.1 42 44 90.85735736297171 0.001263111984272314
10 60 2 2.1 44 46 78.16771635471127 0.001129519650348243
10 60 2 2.1 46 48 67.5893713302894 0.0009508421179589277
10 60 2 2.1 48 50 58.71765732542606 0.0009615287419393326
10 60 2 2.1 50 52 51.23462317252092 0.0009445417722275806
10 60 2 2.1 52 54 44.88894485881558 0.0008488296159328002
10 60 2 2.1 54 56 39.48089126426515 0.000845281860989644
10 60 2 2.1 56 58 34.85019072678882 0.0007999478830029716
10 60 2 2.1 58 60 30.86759210431284 0.0007337767605761769
10 60 2 2.1 60 65 63.10254832276043 0.001746528861239938
10 60 2 2.1 65 70 47.8087567929943 0.001491708735350983
10 60 2 2.1 70 80 65.5606294763551 0.002624112703756509
10 60 2 2.1 80 90 40.93221179827546 0.0001568257089772374
10 60 2 2.1 90 100 26.69716518803874 0.0001030404387982742
10 60 2.1 2.2 0 0.5 -102912.95890308 2.051985477781272
10 60 2.1 2.2 0.5 1 3616.020778291614 0.1501864412553005
10 60 2.1 2.2 1 1.5 9817.858571399378 0.1237031339569512
10 60 2.1 2.2 1.5 2 8852.531539749876 0.3865690681686829
10 60 2.1 2.2 2 2.5 7435.075861969014 0.2870612721071666
10 60 2.1 2.2 2.5 3 6220.871626504534 0.2174465953830804
10 60 2.1 2.2 3 3.5 5248.038168712756 0.1704481942824714
10 60 2.1 2.2 3.5 4 4472.555714180593 0.1328868540795156
10 60 2.1 2.2 4 4.5 3848.573979038725 0.1054601327359705
10 60 2.1 2.2 4.5 5 3340.077723093345 0.0847440467719025
10 60 2.1 2.2 5 5.5 2920.387343940444 0.06782085459781229
10 60 2.1 2.2 5.5 6 2569.893779338899 0.05442391221913567
10 60 2.1 2.2 6 6.5 2274.125249780454 0.04421571146849601
10 60 2.1 2.2 6.5 7 2022.235779286491 0.0364794940514912
10 60 2.1 2.2 7 7.5 1805.989568589304 0.03068879473676134
10 60 2.1 2.2 7.5 8 1619.047641319833 0.02588704626850813
10 60 2.1 2.2 8 8.5 1456.446362226415 0.02204214966172913
10 60 2.1 2.2 8.5 9 1314.250785577117 0.0187807675069962
10 60 2.1 2.2 9 9.5 1189.309006376695 0.01589949574326965
10 60 2.1 2.2 9.5 10 1079.061949087605 0.01342168527708054
10 60 2.1 2.2 10 10.5 981.4085926392121 0.01140738330138902
10 60 2.1 2.2 10.5 11 894.6104929716852 0.009811098858904188
10 60 2.1 2.2 11 11.5 817.2187473277448 0.04026128740224522
10 60 2.1 2.2 11.5 12 748.0145104876156 0.03085695185006898
10 60 2.1 2.2 12 12.5 685.9653939063289 0.02338865204080776
10 60 2.1 2.2 12.5 13 630.1923952458218 0.01739458642612135
10 60 2.1 2.2 13 13.5 579.9440233705942 0.01261936204480207
10 60 2.1 2.2 13.5 14 534.5742539466755 0.008870230166053261
10 60 2.1 2.2 14 14.5 493.5245483830111 0.005904836718457318
10 60 2.1 2.2 14.5 15 456.3102926357539 0.00435787949470523
10 60 2.1 2.2 15 16 814.2639972950891 0.008271726938687607
10 60 2.1 2.2 16 17 701.8537818099807 0.009544048153543372
10 60 2.1 2.2 17 18 608.034079745228 0.01955882866081993
10 60 2.1 2.2 18 19 529.251781860137 0.02468203407227065
10 60 2.1 2.2 19 20 462.7194594332446 0.003645500790867118
10 60 2.1 2.2 20 21 406.2347887577549 0.003242098553357664
10 60 2.1 2.2 21 22 358.0407180579251 0.003016559472712288
10 60 2.1 2.2 22 23 316.7258768564241 0.002630166740630102
10 60 2.1 2.2 23 24 281.1510627748214 0.0023416345949272
10 60 2.1 2.2 24 25 250.3905330671707 0.002136848436833816
10 60 2.1 2.2 25 26 223.6872746572863 0.001926020928863181
10 60 2.1 2.2 26 27 200.4190196086072 0.001760445146487655
10 60 2.1 2.2 27 28 180.0716195020158 0.001593907229363367
10 60 2.1 2.2 28 29 162.2181805352037 0.001491607696493702
10 60 2.1 2.2 29 30 146.5023852965138 0.001410610089237707
10 60 2.1 2.2 30 31 132.6257257442031 0.001359406941475072
10 60 2.1 2.2 31 32 120.3370722224068 0.001217730611003276
10 60 2.1 2.2 32 33 109.4245414179863 0.001058996795194389
10 60 2.1 2.2 33 34 99.70845049421276 0.0009752479501656808
10 60 2.1 2.2 34 35 91.03576072081881 0.0009556803221926202
10 60 2.1 2.2 35 36 83.27558331940635 0.0009350255869691182
10 60 2.1 2.2 36 37 76.31566840180439 0.0008959094516143296
10 60 2.1 2.2 37 38 70.05939795049392 0.000839058113996316
10 60 2.1 2.2 38 39 64.42356714569839 0.0008287189776581272
10 60 2.1 2.2 39 40 59.33617124153274 0.0008341184767388654
10 60 2.1 2.2 40 42 105.2997244888263 0.001536942709677191
10 60 2.1 2.2 42 44 90.11622763410868 0.001413890394260875
10 60 2.1 2.2 44 46 77.53912980292478 0.001424997961422036
10 60 2.1 2.2 46 48 67.05237397005918 0.001244251232165539
10 60 2.1 2.2 48 50 58.25553095625641 0.001144645779270093
10 60 2.1 2.2 50 52 50.83460836934318 0.001086178225406798
10 60 2.1 2.2 52 54 44.5411796183101 0.001034402785997202
10 60 2.1 2.2 54 56 39.17711334375555 0.00103268059676509
10 60 2.1 2.2 56 58 34.58353701575289 0.0009979024914272827
10 60 2.1 2.2 58 60 30.63239973722511 0.0009364005302181511
10 60 2.1 2.2 60 65 62.62312726770757 0.002190973283440201
10 60 2.1 2.2 65 70 47.4427636883125 0.001873515085890176
10 60 2.1 2.2 70 80 65.0438765530381 0.0002509682310574135
10 60 2.1 2.2 80 90 40.58629288712868 0.0001569832839862784
10 60 2.1 2.2 90 100 26.44881189041804 0.0001030503121768334
10 60 2.2 2.3 0 0.5 -100891.9718606278 1.835590959788533
10 60 2.2 2.3 0.5 1 3791.409429491923 0.1237917985390595
10 60 2.2 2.3 1 1.5 9783.30948912004 0.3290949756574264
10 60 2.2 2.3 1.5 2 8787.732423274414 0.2735738126630167
10 60 2.2 2.3 2 2.5 7369.27103559044 0.2193031549650186
10 60 2.2 2.3 2.5 3 6160.519461736888 0.1798163111716349
10 60 2.2 2.3 3 3.5 5194.276471756888 0.1464665081966814
10 60 2.2 2.3 3.5 4 4425.078477986126 0.1212726466055756
10 60 2.2 2.3 4 4.5 3806.703828783178 0.1015262846408405
10 60 2.2 2.3 4.5 5 3303.112864879495 0.08420243180171383
10 60 2.2 2.3 5 5.5 2887.662283306573 0.06962022660081857
10 60 2.2 2.3 5.5 6 2540.854960085415 0.05743947078917699
10 60 2.2 2.3 6 6.5 2248.2810963803 0.04701813059136839
10 60 2.2 2.3 6.5 7 1999.167776677717 0.0381854274635316
10 60 2.2 2.3 7 7.5 1785.351530677937 0.03092408575889749
10 60 2.2 2.3 7.5 8 1600.533618449479 0.02529999553235029
10 60 2.2 2.3 8 8.5 1439.79572179972 0.02133519809399331
10 60 2.2 2.3 8.5 9 1299.246658685095 0.0181569295089048
10 60 2.2 2.3 9 9.5 1175.759868996364 0.0155474554758257
10 60 2.2 2.3 9.5 10 1066.797837881239 0.01327845537616668
10 60 2.2 2.3 10 10.5 970.2846828511933 0.01137685862693161
10 60 2.2 2.3 10.5 11 884.5028028994521 0.009807479582264023
10 60 2.2 2.3 11 11.5 808.0172930663309 0.03981021827405584
10 60 2.2 2.3 11.5 12 739.6220798951563 0.03047728944568462
10 60 2.2 2.3 12 12.5 678.2979325617154 0.02303273439451914
10 60 2.2 2.3 12.5 13 623.1771918831712 0.0171429794343112
10 60 2.2 2.3 13 13.5 573.5165163729882 0.01250194216459022
10 60 2.2 2.3 13.5 14 528.6761638773012 0.00878935170146633
10 60 2.2 2.3 14 14.5 488.1041840905754 0.005848208796066956
10 60 2.2 2.3 14.5 15 451.3221950144145 0.003676807361728152
10 60 2.2 2.3 15 16 805.4288830592928 0.008230780656049319
10 60 2.2 2.3 16 17 694.3177015462134 0.009060553014933248
10 60 2.2 2.3 17 18 601.5717054704488 0.01904776228991523
10 60 2.2 2.3 18 19 523.6826814862904 0.02430236822385723
10 60 2.2 2.3 19 20 457.8998393073829 0.003720760851138039
10 60 2.2 2.3 20 21 402.0446435897923 0.003104465618605445
10 60 2.2 2.3 21 22 354.3825781248293 0.002673483275316357
10 60 2.2 2.3 22 23 313.5214345752582 0.002463972594455299
10 60 2.2 2.3 23 24 278.3348962503152 0.002352046091857574
10 60 2.2 2.3 24 25 247.9071066159274 0.002139668925281057
10 60 2.2 2.3 25 26 221.4901211422221 0.001903166470242468
10 60 2.2 2.3 26 27 198.4692673576012 0.001768887008608999
10 60 2.2 2.3 27 28 178.3363721990634 0.001706873379049512
10 60 2.2 2.3 28 29 160.6694033380638 0.001577978115989254
10 60 2.2 2.3 29 30 145.1164347704295 0.001401841235093571
10 60 2.2 2.3 30 31 131.3825872102902 0.001388078324026765
10 60 2.2 2.3 31 32 119.2194663957578 0.00141091532908888
10 60 2.2 2.3 32 33 108.4171792057624 0.001331302282650881
10 60 2.2 2.3 33 34 98.79796367469777 0.001166225604848137
10 60 2.2 2.3 34 35 90.21062580812328 0.001102828945633405
10 60 2.2 2.3 35 36 82.5259651951271 0.001094878074667349
10 60 2.2 2.3 36 37 75.63309059479259 0.001036050283872214
10 60 2.2 2.3 37 38 69.43675691852688 0.0009519240249176164
10 60 2.2 2.3 38 39 63.85461849980394 0.000932010217006507
10 60 2.2 2.3 39 40 58.81541809171824 0.0009656268557449721
10 60 2.2 2.3 40 42 104.3834065271988 0.001880353607376151
10 60 2.2 2.3 42 44 89.3400747185853 0.001671321207126653
10 60 2.2 2.3 44 46 76.87750578779337 0.001654064759122775
10 60 2.2 2.3 46 48 66.4849337686487 0.001564637947893743
10 60 2.2 2.3 48 50 57.76552650323034 0.001467419920835766
10 60 2.2 2.3 50 52 50.40843111491712 0.001412804369941512
10 60 2.2 2.3 52 54 44.16799599427291 0.001281467667574532
10 60 2.2 2.3 54 56 38.84863639139876 0.001245162838543479
10 60 2.2 2.3 56 58 34.29311787686957 0.001221824619925371
10 60 2.2 2.3 58 60 30.37439295987175 0.001144285278861901
10 60 2.2 2.3 60 65 62.09113137058827 0.002690352696681941
10 60 2.2 2.3 65 70 47.03131621756357 0.0001836426488992515
10 60 2.2 2.3 70 80 64.44789072606002 0.0002511227567509877
10 60 2.2 2.3 80 90 40.17619558465146 0.000156941326309834
10 60 2.2 2.3 90 100 26.14703947335194 0.0001028806575291696
10 60 2.3 2.4 0 0.5 -98827.40452453343 1.536707279403345
10 60 2.3 2.4 0.5 1 3969.7863771937 0.08766366207146348
10 60 2.3 2.4 1 1.5 9747.59429955982 0.1394051926799875
10 60 2.3 2.4 1.5 2 8721.308903460706 0.409374301925709
10 60 2.3 2.4 2 2.5 7301.952085447034 0.2972523547377932
10 60 2.3 2.4 2.5 3 6098.83412305762 0.2200208043032035
10 60 2.3 2.4 3 3.5 5139.376307260256 0.1663119294307762
10 60 2.3 2.4 3.5 4 4376.624530155512 0.1277587460608629
10 60 2.3 2.4 4 4.5 3764.010329909216 0.09859001064614858
10 60 2.3 2.4 4.5 5 3265.43076344685 0.0780028693143322
10 60 2.3 2.4 5 5.5 2854.333073911012 0.06347413098683319
10 60 2.3 2.4 5.5 6 2511.28861822311 0.05249622182873281
10 60 2.3 2.4 6 6.5 2221.975511170264 0.04396569865275524
10 60 2.3 2.4 6.5 7 1975.704853167153 0.03703538968352404
10 60 2.3 2.4 7 7.5 1764.359309356233 0.03091641702189918
10 60 2.3 2.4 7.5 8 1581.70058456956 0.02575562685592558
10 60 2.3 2.4 8 8.5 1422.85988548152 0.02153483827669334
10 60 2.3 2.4 8.5 9 1283.976739459349 0.01798159204918193
10 60 2.3 2.4 9 9.5 1161.959867804913 0.0153537233447878
10 60 2.3 2.4 9.5 10 1054.304097695655 0.01310550378298103
10 60 2.3 2.4 10 10.5 958.9525611498721 0.01124132270206246
10 60 2.3 2.4 10.5 11 874.2035165114372 0.009704125989401291
10 60 2.3 2.4 11 11.5 798.6400059303199 0.03917880900257842
10 60 2.3 2.4 11.5 12 731.0712120020196 0.03003497167958358
10 60 2.3 2.4 12 12.5 670.4883622205144 0.02277683771092143
10 60 2.3 2.4 12.5 13 616.0325999977811 0.0169538434563492
10 60 2.3 2.4 13 13.5 566.9698878369556 0.01232665474060468
10 60 2.3 2.4 13.5 14 522.6690376721405 0.008663073638558672
10 60 2.3 2.4 14 14.5 482.5847126472986 0.005804288706940497
10 60 2.3 2.4 14.5 15 446.2436230815753 0.003532121424427714
10 60 2.3 2.4 15 16 796.4317469746368 0.008294655575809884
10 60 2.3 2.4 16 17 686.6404746084351 0.008858328498831725
10 60 2.3 2.4 17 18 594.9907573753147 0.01857370466541397
10 60 2.3 2.4 18 19 518.0142762104603 0.02364794081586297
10 60 2.3 2.4 19 20 452.9927749873766 0.003465466487057256
10 60 2.3 2.4 20 21 397.7789471090201 0.003102514894067099
10 60 2.3 2.4 21 22 350.6591174344737 0.002889792147072967
10 60 2.3 2.4 22 23 310.2571938560145 0.002487417450709017
10 60 2.3 2.4 23 24 275.462812480317 0.002159721908071788
10 60 2.3 2.4 24 25 245.3725612813842 0.002210909078712575
10 60 2.3 2.4 25 26 219.2463618825664 0.002143100243984009
10 60 2.3 2.4 26 27 196.4763103446143 0.001862404578673704
10 60 2.3 2.4 27 28 176.560842041402 0.001780422769655843
10 60 2.3 2.4 28 29 159.0830798458809 0.001805412116510752
10 60 2.3 2.4 29 30 143.6950537927754 0.001685238401165634
10 60 2.3 2.4 30 31 130.1054425673215 0.001511962837923875
10 60 2.3 2.4 31 32 118.0691159364657 0.001509353917498402
10 60 2.3 2.4 32 33 107.37871173854 0.0015485757104301
10 60 2.3 2.4 33 34 97.85826606795571 0.001470923604088625
10 60 2.3 2.4 34 35 89.35813783308794 0.001355465076855467
10 60 2.3 2.4 35 36 81.7505797897862 0.001309947481615836
10 60 2.3 2.4 36 37 74.92606785348572 0.001311601855107369
10 60 2.3 2.4 37 38 68.79038380082481 0.001234646435776199
10 60 2.3 2.4 38 39 63.26233308784839 0.001122564875103649
10 60 2.3 2.4 39 40 58.27162755214407 0.001064570802590481
10 60 2.3 2.4 40 42 103.422980626894 0.002231281472631963
10 60 2.3 2.4 42 44 88.52247179266658 0.002084289417794594
10 60 2.3 2.4 44 46 76.17638199025116 0.002015447305453222
10 60 2.3 2.4 46 48 65.87974125777262 0.001933709977052445
10 60 2.3 2.4 48 50 57.23984755287672 0.001837302205714764
10 60 2.3 2.4 50 52 49.94881631096471 0.001775633467111959
10 60 2.3 2.4 52 54 43.76338557982353 0.001635383014075842
10 60 2.3 2.4 54 56 38.49007934486941 0.001545807260129095
10 60 2.3 2.4 56 58 33.97361866669077 0.001456997093470136
10 60 2.3 2.4 58 60 30.08848702998433 0.001421653677997625
10 60 2.3 2.4 60 65 61.49428361630145 0.0002433503631138478
10 60 2.3 2.4 65 70 46.56167621883611 0.000183541586089575
10 60 2.3 2.4 70 80 63.75504095465359 0.0002509485523276567
10 60 2.3 2.4 80 90 39.68720838122152 0.0001566590580281968
10 60 2.3 2.4 90 100 25.78093393343515 0.0001025422340177329
10 60 2.4 2.5 0 0.5 -96727.9772000238 1.648257761640707
10 60 2.4 2.5 0.5 1 4150.52563034593 0.202151940827207
10 60 2.4 2.5 1 1.5 9710.939181127455 0.2922994105629186
10 60 2.4 2.5 1.5 2 8653.608841662295 0.2540323313078261
10 60 2.4 2.5 2 2.5 7233.446748769225 0.211175455531702
10 60 2.4 2.5 2.5 3 6036.14333406753 0.1759357753926452
10 60 2.4 2.5 3 3.5 5083.604319195821 0.1486465752277581
10 60 2.4 2.5 3.5 4 4327.436948282339 0.1229737106086759
10 60 2.4 2.5 4 4.5 3720.672280988723 0.1015696992953963
10 60 2.4 2.5 4.5 5 3227.195675869027 0.08294871726138808
10 60 2.4 2.5 5 5.5 2820.50827742319 0.06662409612772535
10 60 2.4 2.5 5.5 6 2481.274553158177 0.05382345581574555
10 60 2.4 2.5 6 6.5 2195.267798192752 0.04408727052850736
10 60 2.4 2.5 6.5 7 1951.862617388337 0.0364359522761788
10 60 2.4 2.5 7 7.5 1743.020150844034 0.03024134977522408
10 60 2.4 2.5 7.5 8 1562.555359960017 0.02526226708346258
10 60 2.4 2.5 8 8.5 1405.637059133682 0.02111871044144209
10 60 2.4 2.5 8.5 9 1268.448565634895 0.01788913837435757
10 60 2.4 2.5 9 9.5 1147.930709872475 0.01527501333293912
10 60 2.4 2.5 9.5 10 1041.600906641341 0.01291501860828248
10 60 2.4 2.5 10 10.5 947.4277792618067 0.01111096337444906
10 60 2.4 2.5 10.5 11 863.7314255575878 0.009619645291536472
10 60 2.4 2.5 11 11.5 789.1084658936679 0.03867206365237053
10 60 2.4 2.5 11.5 12 722.379941181063 0.02963940631411788
10 60 2.4 2.5 12 12.5 662.5499128186036 0.02243463597176287
10 60 2.4 2.5 12.5 13 608.7708914511913 0.01673384466005245
10 60 2.4 2.5 13 13.5 560.3171452044525 0.01219335662074172
10 60 2.4 2.5 13.5 14 516.5647439455497 0.008590103234723756
10 60 2.4 2.5 14 14.5 476.9751730457158 0.005747607089858775
10 60 2.4 2.5 14.5 15 441.0815741566442 0.003509063716535366
10 60 2.4 2.5 15 16 787.2865200614561 0.008397716309673342
10 60 2.4 2.5 16 17 678.8352342813431 0.008534944867619743
10 60 2.4 2.5 17 18 588.2958763798994 0.01818441504599377
10 60 2.4 2.5 18 19 512.2458058888442 0.02320813060111959
10 60 2.4 2.5 19 20 448.0008952131813 0.003862257082744236
10 60 2.4 2.5 20 21 393.4378823672413 0.003335617717880268
10 60 2.4 2.5 21 22 346.8673222387628 0.002791335992867516
10 60 2.4 2.5 22 23 306.9329096266455 0.002898981337409623
10 60 2.4 2.5 23 24 272.5361230417834 0.002546877504926215
10 60 2.4 2.5 24 25 242.7856162169187 0.002190245035507132
10 60 2.4 2.5 25 26 216.9526814788718 0.002257185307001919
10 60 2.4 2.5 26 27 194.4367452660584 0.002304498170076386
10 60 2.4 2.5 27 28 174.7412692833852 0.002050854400636126
10 60 2.4 2.5 28 29 157.4547281498825 0.001995453473654152
10 60 2.4 2.5 29 30 142.2336673820051 0.00203222460413599
10 60 2.4 2.5 30 31 128.7900848150726 0.001889104195669233
10 60 2.4 2.5 31 32 116.8818027576454 0.001743759211109364
10 60 2.4 2.5 32 33 106.3042741211669 0.001758745538083417
10 60 2.4 2.5 33 34 96.88364228767847 0.001772136837061566
10 60 2.4 2.5 34 35 88.4720344963002 0.001665711925980418
10 60 2.4 2.5 35 36 80.94302904316844 0.001580551216932236
10 60 2.4 2.5 36 37 74.18842799643674 0.001594188838112132
10 60 2.4 2.5 37 38 68.11490626025837 0.001567148835817989
10 60 2.4 2.5 38 39 62.64223444430857 0.001468908042220107
10 60 2.4 2.5 39 40 57.70088698503294 0.001380242466538562
10 60 2.4 2.5 40 42 102.4097467580753 0.002703798640084187
10 60 2.4 2.5 42 44 87.65397681163978 0.00257247256818971
10 60 2.4 2.5 44 46 75.42679630644911 0.002511152185945775
10 60 2.4 2.5 46 48 65.2280854015218 0.002367056493326913
10 60 2.4 2.5 48 50 56.66966149862504 0.002236645856697805
10 60 2.4 2.5 50 52 49.44697653655482 0.002154445772468705
10 60 2.4 2.5 52 54 43.31909706094034 0.002055562251626952
10 60 2.4 2.5 54 56 38.0942324169081 0.0001539865029158705
10 60 2.4 2.5 56 58 33.61867766132033 0.0001353501650598332
10 60 2.4 2.5 58 60 29.76838086306585 0.0001194677873570527
10 60 2.4 2.5 60 65 60.81770963983156 0.0002429408059398952
10 60 2.4 2.5 65 70 46.02081868212115 0.0001832294126700162
10 60 2.4 2.5 70 80 62.94353513157508 0.0002503739736923194
10 60 2.4 2.5 80 90 39.10267607389471 0.0001560665838269415
10 60 2.4 2.5 90 100 25.33857384785862 0.0001019445766274885
10 60 2.5 2.75 0 0.5 -232427.9422254527 3.325940892245853
10 60 2.5 2.75 0.5 1 11192.9639930012 0.103500406639796
10 60 2.5 2.75 1 1.5 24118.53266813673 1.039167979564809
10 60 2.5 2.75 1.5 2 21334.62982089051 0.8049947707440879
10 60 2.5 2.75 2 2.5 17779.47960589867 0.6174206010182388
10 60 2.5 2.75 2.5 3 14811.44077847408 0.5566275848505029
10 60 2.5 2.75 3 3.5 12460.61618967376 0.5115027521478623
10 60 2.5 2.75 3.5 4 10599.2483528753 0.4336124497549463
10 60 2.5 2.75 4 4.5 9108.280892736662 0.3825707161868195
10 60 2.5 2.75 4.5 5 7897.213112127242 0.3272175482652528
10 60 2.5 2.75 5 5.5 6900.103377232106 0.2888679596944712
10 60 2.5 2.75 5.5 6 6068.996839007807 0.249809497440765
10 60 2.5 2.75 6 6.5 5368.706234005782 0.2221061040854693
10 60 2.5 2.75 6.5 7 4773.015386548539 0.1955430725329279
10 60 2.5 2.75 7 7.5 4262.10520108267 0.1738077917470946
10 60 2.5 2.75 7.5 8 3820.751360147157 0.155982976125415
10 60 2.5 2.75 8 8.5 3437.079414325454 0.1403272129596189
10 60 2.5 2.75 8.5 9 3101.710548448249 0.1267483264578004
10 60 2.5 2.75 9 9.5 2807.132042461108 0.1152467724218695
10 60 2.5 2.75 9.5 10 2547.256461596809 0.1047590899083843
10 60 2.5 2.75 10 10.5 2317.104658769943 0.09435653499895125
10 60 2.5 2.75 10.5 11 2112.56084760262 0.0844886705076533
10 60 2.5 2.75 11 11.5 1930.192885769751 0.09412782731351399
10 60 2.5 2.75 11.5 12 1767.120110137214 0.07217372366289965
10 60 2.5 2.75 12 12.5 1620.906437275069 0.06508200451276025
10 60 2.5 2.75 12.5 13 1489.47754605976 0.06155323818711622
10 60 2.5 2.75 13 13.5 1371.057504229681 0.05829984414663159
10 60 2.5 2.75 13.5 14 1264.122843506053 0.0551371970634591
10 60 2.5 2.75 14 14.5 1167.357483886917 0.05188943533789825
10 60 2.5 2.75 14.5 15 1079.61962556526 0.04882590981924295
10 60 2.5 2.75 15 16 1927.298089377033 0.09023218786501275
10 60 2.5 2.75 16 17 1662.13759517689 0.08237866186232168
10 60 2.5 2.75 17 18 1440.730770861871 0.04336127520537048
10 60 2.5 2.75 18 19 1254.721463194895 0.05581897747924813
10 60 2.5 2.75 19 20 1097.557210146533 0.006942812839724866
10 60 2.5 2.75 20 21 964.0543862203477 0.005869405391649707
10 60 2.5 2.75 21 22 850.0828093776289 0.004990746177782057
10 60 2.5 2.75 22 23 752.3263047913422 0.004295566024211439
10 60 2.5 2.75 23 24 668.1066734017487 0.003713089604048037
10 60 2.5 2.75 24 25 595.2470399367318 0.003222312777893421
10 60 2.5 2.75 25 26 531.9658170796279 0.002813945005073037
10 60 2.5 2.75 26 27 476.7983576822181 0.002468345672127725
10 60 2.5 2.75 27 28 428.5343348364522 0.002177317435666737
10 60 2.5 2.75 28 29 386.1666166892119 0.001927933670003767
10 60 2.5 2.75 29 30 348.8554237425047 0.001711688399723243
10 60 2.5 2.75 30 31 315.8970111575336 0.001527730085683743
10 60 2.5 2.75 31 32 286.6980970550713 0.001366247567034407
10 60 2.5 2.75 32 33 260.7573615298028 0.001226356941060658
10 60 2.5 2.75 33 34 237.6507410834019 0.001104779560478164
10 60 2.5 2.75 34 35 217.0164191976058 0.0009973740403381726
10 60 2.5 2.75 35 36 198.5448283326786 0.0009034417957707319
10 60 2.5 2.75 36 37 181.9710574063039 0.0008200683457459945
10 60 2.5 2.75 37 38 167.0673307492409 0.0007464913699095632
10 60 2.5 2.75 38 39 153.6364768826047 0.0006808843593830716
10 60 2.5 2.75 39 40 141.508083147543 0.0006223620480056979
10 60 2.5 2.75 40 42 251.1215262413067 0.001093033450729308
10 60 2.5 2.75 42 44 214.8890273257356 0.0009240038532709605
10 60 2.5 2.75 44 46 184.8603430773516 0.0007861934845152518
10 60 2.5 2.75 46 48 159.8122477540282 0.0006731321581696648
10 60 2.5 2.75 48 50 138.7921339170679 0.0005805796264723995
10 60 2.5 2.75 50 52 121.0522918595585 0.0005030720360252872
10 60 2.5 2.75 52 54 106.0016161292178 0.0004381931478576462
10 60 2.5 2.75 54 56 93.16947698822555 0.0003832796693927776
10 60 2.5 2.75 56 58 82.17810574945568 0.0003366227330019456
10 60 2.5 2.75 58 60 72.72249012429785 0.0002968247873127439
10 60 2.5 2.75 60 65 148.4010757357641 0.000603726805337601
10 60 2.5 2.75 65 70 112.0779929457129 0.000454427953016534
10 60 2.5 2.75 70 80 152.7965551330885 0.0006195375764548317
10 60 2.5 2.75 80 90 94.41096469607658 0.0003847245314574366
10 60 2.5 2.75 90 100 60.7874167949206 0.0002497691563050353
10 60 2.75 3 0 0.5 -218680.6708615866 7.821132636658149
10 60 2.75 3 0.5 1 12390.90355807525 0.1641847216887982
10 60 2.75 3 1 1.5 23886.73775244223 1.017690116888843
10 60 2.75 3 1.5 2 20896.23075268711 0.7653623417209019
10 60 2.75 3 2 2.5 17333.96715722827 0.5865299673423578
10 60 2.75 3 2.5 3 14402.86410321466 0.4591473175441934
10 60 2.75 3 3 3.5 12096.73581682247 0.4091852033525356
10 60 2.75 3 3.5 4 10277.98567685698 0.3311231772204337
10 60 2.75 3 4 4.5 8825.063203195856 0.2906677545688581
10 60 2.75 3 4.5 5 7647.194451055698 0.2551539651876737
10 60 2.75 3 5 5.5 6678.839965761867 0.2190384298528443
10 60 2.75 3 5.5 6 5872.633978688114 0.1968921897641849
10 60 2.75 3 6 6.5 5193.934632811996 0.1737803228897974
10 60 2.75 3 6.5 7 4617.024581694055 0.1561497660368332
10 60 2.75 3 7 7.5 4122.507664148538 0.1429209303259995
10 60 2.75 3 7.5 8 3695.49819532871 0.1278810808935305
10 60 2.75 3 8 8.5 3324.434801486261 0.1195223065251412
10 60 2.75 3 8.5 9 3000.170611231637 0.1093310981841569
10 60 2.75 3 9 9.5 2715.402103008762 0.1019218189680942
10 60 2.75 3 9.5 10 2464.22249601855 0.09659983564324648
10 60 2.75 3 10 10.5 2241.789109087932 0.09012028592178467
10 60 2.75 3 10.5 11 2044.113733533331 0.08562701193818612
10 60 2.75 3 11 11.5 1867.874280218565 0.09103078616271887
10 60 2.75 3 11.5 12 1710.274196556848 0.07890194105812043
10 60 2.75 3 12 12.5 1568.956422021958 0.07530225980940486
10 60 2.75 3 12.5 13 1441.919720479114 0.07185302456491627
10 60 2.75 3 13 13.5 1327.44695392893 0.02911226747551154
10 60 2.75 3 13.5 14 1224.066338527435 0.0206166153545837
10 60 2.75 3 14 14.5 1130.507301916945 0.01388953966784356
10 60 2.75 3 14.5 15 1045.668561618209 0.008650871675627059
10 60 2.75 3 15 16 1867.028628229324 0.02317816527352079
10 60 2.75 3 16 17 1610.537908971194 0.01690740870208174
10 60 2.75 3 17 18 1396.310517405825 0.03987386285302819
10 60 2.75 3 18 19 1216.277525551293 0.05233658583688339
10 60 2.75 3 19 20 1064.116722274762 0.006818472815439236
10 60 2.75 3 20 21 934.824206301433 0.005777083736916211
10 60 2.75 3 21 22 824.4157209396966 0.004934875082085455
10 60 2.75 3 22 23 729.6880645537289 0.004239834055056235
10 60 2.75 3 23 24 648.055281148469 0.003662054848291518
10 60 2.75 3 24 25 577.4131751458733 0.0031837238245771
10 60 2.75 3 25 26 516.0387923786902 0.002783820808872406
10 60 2.75 3 26 27 462.5183969405459 0.002443622660337041
10 60 2.75 3 27 28 415.6810502535636 0.002152846978560774
10 60 2.75 3 28 29 374.554892593429 0.001908011940031429
10 60 2.75 3 29 30 338.3292918600419 0.001696021343718712
10 60 2.75 3 30 31 306.3228954669243 0.001512477054063766
10 60 2.75 3 31 32 277.9629210903656 0.0013549222931033
10 60 2.75 3 32 33 252.764962657651 0.001215465968073204
10 60 2.75 3 33 34 230.3171483353198 0.001094978894769838
10 60 2.75 3 34 35 210.269008262513 0.0009882355979584645
10 60 2.75 3 35 36 192.3207927600664 0.0008950919627181975
10 60 2.75 3 36 37 176.2151556432027 0.0008121345718450357
10 60 2.75 3 37 38 161.7311705364706 0.0007391231449389579
10 60 2.75 3 38 39 148.6781060334938 0.000674210571759204
10 60 2.75 3 39 40 136.8906616684206 0.0006161678179523733
10 60 2.75 3 40 42 242.7832675530329 0.001081260746190083
10 60 2.75 3 42 44 207.5702982828502 0.0009138271594792968
10 60 2.75 3 44 46 178.3877230498231 0.0007779244879770886
10 60 2.75 3 46 48 154.0467176759905 0.0006661391408897543
10 60 2.75 3 48 50 133.6229468831064 0.0005731858920512423
10 60 2.75 3 50 52 116.3914566577882 0.0004965850674523153
10 60 2.75 3 52 54 101.7783548409555 0.0004317134407045842
10 60 2.75 3 54 56 89.32547489147159 0.0003773576031136372
10 60 2.75 3 56 58 78.66477089490097 0.0003312384023388404
10 60 2.75 3 58 60 69.49903662094289 0.0002919857238623536
10 60 2.75 3 60 65 141.3972591895878 0.0005918072674262476
10 60 2.75 3 65 70 106.268425827205 0.0004437054282391273
10 60 2.75 3 70 80 143.7212384381093 0.0006005341399486497
10 60 2.75 3 80 90 87.68180719080704 0.0003689570618377047
10 60 2.75 3 90 100 55.63134598662035 0.0002366673102329742
10 60 3 3.25 0 0.5 -204727.2273997917 3.485799312300514
10 60 3 3.25 0.5 1 13593.06769061164 0.02517633376737649
10 60 3 3.25 1 1.5 23639.82598418558 1.009199305670336
10 60 3 3.25 1.5 2 20442.40874688628 0.7424753024970414
10 60 3 3.25 2 2.5 16874.96596336744 0.5621752840270346
10 60 3 3.25 2.5 3 13982.80140812406 0.4604534382287966
10 60 3 3.25 3 3.5 11723.09056284199 0.397600149977734
10 60 3 3.25 3.5 4 9948.385638612248 0.3277374916597182
10 60 3 3.25 4 4.5 8534.649317344993 0.2758873400689481
10 60 3 3.25 4.5 5 7390.925076512468 0.2551974008638354
10 60 3 3.25 5 5.5 6452.09079147439 0.2179672026204571
10 60 3 3.25 5.5 6 5671.420563567654 0.2042470048918403
10 60 3 3.25 6 6.5 5014.82890415461 0.1817659552934856
10 60 3 3.25 6.5 7 4457.142892608917 0.1723082537228038
10 60 3 3.25 7 7.5 3979.370217956571 0.1580884798918305
10 60 3 3.25 7.5 8 3567.027335513807 0.1519249041998592
10 60 3 3.25 8 8.5 3208.818951821691 0.1427613279183788
10 60 3 3.25 8.5 9 2895.881692459193 0.1370383372372999
10 60 3 3.25 9 9.5 2621.111996985486 0.03500602720168899
10 60 3 3.25 9.5 10 2378.779658536671 0.0299711333441337
10 60 3 3.25 10 10.5 2164.202462052189 0.02579930622050597
10 60 3 3.25 10.5 11 1973.515443619766 0.02229597183645637
10 60 3 3.25 11 11.5 1803.504173758304 0.08748894502923577
10 60 3 3.25 11.5 12 1651.472650576699 0.06755628125506519
10 60 3 3.25 12 12.5 1515.141883363137 0.05145006734437629
10 60 3 3.25 12.5 13 1392.577317994854 0.03859600307828259
10 60 3 3.25 13 13.5 1282.125429641276 0.02852514688561314
10 60 3 3.25 13.5 14 1182.363596857225 0.0203466793041116
10 60 3 3.25 14 14.5 1092.066485540804 0.01387213719158353
10 60 3 3.25 14.5 15 1010.173197141602 0.008830215394254992
10 60 3 3.25 15 16 1803.777794611559 0.02561899316606286
10 60 3 3.25 16 17 1556.074641960023 0.01391904160936974
10 60 3 3.25 17 18 1349.130307736831 0.03679518344779353
10 60 3 3.25 18 19 1175.175481171142 0.04857241057015926
10 60 3 3.25 19 20 1028.111861548887 0.006696438243352532
10 60 3 3.25 20 21 903.1183252370425 0.005686279750648282
10 60 3 3.25 21 22 796.3513905589838 0.004850412998166576
10 60 3 3.25 22 23 704.727083573728 0.004169205713310475
10 60 3 3.25 23 24 625.7511518022458 0.003611424551195341
10 60 3 3.25 24 25 557.3946914523116 0.003138507526159628
10 60 3 3.25 25 26 497.9979883618381 0.002738757690394777
10 60 3 3.25 26 27 446.1945493676425 0.002411021759769483
10 60 3 3.25 27 28 400.855207654027 0.002122076081946034
10 60 3 3.25 28 29 361.0402367529494 0.001879010433924577
10 60 3 3.25 29 30 325.9655872115925 0.001672709511126413
10 60 3 3.25 30 31 294.9736436827546 0.001488584170715512
10 60 3 3.25 31 32 267.5110489791608 0.00133291408394598
10 60 3 3.25 32 33 243.1096671111042 0.001198155151314495
10 60 3 3.25 33 34 221.3721113767705 0.001076607141982322
10 60 3 3.25 34 35 201.9596075400652 0.0009738534913878993
10 60 3 3.25 35 36 184.5824045960758 0.0008811753198187944
10 60 3 3.25 36 37 168.9920000823232 0.0007992553114206657
10 60 3 3.25 37 38 154.9743211121824 0.0007275382753846316
10 60 3 3.25 38 39 142.3444039171399 0.0006629107948867841
10 60 3 3.25 39 40 130.9419738558431 0.0006053483275252347
10 60 3 3.25 40 42 231.9088896750507 0.001062007929675701
10 60 3 3.25 42 44 197.8751399290768 0.0008962132486942664
10 60 3 3.25 44 46 169.6903914554672 0.0007609968982649207
10 60 3 3.25 46 48 146.2018986310014 0.0006508916252414565
10 60 3 3.25 48 50 126.5120495587592 0.0005592851747735494
10 60 3 3.25 50 52 109.9160004746896 0.0004833652249516263
10 60 3 3.25 52 54 95.85614508611171 0.0004194231347156574
10 60 3 3.25 54 56 83.88855014953528 0.000365673168118974
10 60 3 3.25 56 58 73.65703714386198 0.0003199813709073851
10 60 3 3.25 58 60 64.87363569997792 0.0002811363129495703
10 60 3 3.25 60 65 131.256343649069 0.0005676331894051145
10 60 3 3.25 65 70 97.7872274814704 0.000422493286365011
10 60 3 3.25 70 80 130.4199381497828 0.0005648939987850099
10 60 3 3.25 80 90 77.8520150887024 0.0003403737929232875
10 60 3 3.25 90 100 48.20601252482761 0.0002700208302925944
10 60 3.25 3.5 0 0.5 -190728.1685193177 4.523232548701344
10 60 3.25 3.5 0.5 1 14772.40394561931 0.02383077197555394
10 60 3.25 3.5 1 1.5 23370.63733699129 0.9370947647730645
10 60 3.25 3.5 1.5 2 19970.90402350793 0.6985463311102649
10 60 3.25 3.5 2 2.5 16401.7985769816 0.7862790664221393
10 60 3.25 3.5 2.5 3 13551.17498986474 0.6304369795561797
10 60 3.25 3.5 3 3.5 11339.79768653919 0.5268226193966257
10 60 3.25 3.5 3.5 4 9610.592364592238 0.4575756652775453
10 60 3.25 3.5 4 4.5 8237.146795900053 0.3957106392135756
10 60 3.25 3.5 4.5 5 7128.388195605788 0.3550216451230881
10 60 3.25 3.5 5 5.5 6219.758292685051 0.1413736689355574
10 60 3.25 3.5 5.5 6 5465.133034635724 0.116194201399594
10 60 3.25 3.5 6 6.5 4831.08112264751 0.09616543569063651
10 60 3.25 3.5 6.5 7 4292.943233063661 0.07957582668859686
10 60 3.25 3.5 7 7.5 3832.204900051385 0.06641886557554244
10 60 3.25 3.5 7.5 8 3434.737283982357 0.05561814053771741
10 60 3.25 3.5 8 8.5 3089.583666365717 0.04692399459736407
10 60 3.25 3.5 8.5 9 2788.122841551773 0.03971657706915721
10 60 3.25 3.5 9 9.5 2523.48260290804 0.03398278184249648
10 60 3.25 3.5 9.5 10 2290.11145590569 0.02904949136564028
10 60 3.25 3.5 10 10.5 2083.485441336463 0.02505013864674766
10 60 3.25 3.5 10.5 11 1899.869644216999 0.02160484243836436
10 60 3.25 3.5 11 11.5 1736.162426953789 0.08446440343573158
10 60 3.25 3.5 11.5 12 1589.764575515691 0.06556870497729506
10 60 3.25 3.5 12 12.5 1458.477462213198 0.04989229446891841
10 60 3.25 3.5 12.5 13 1340.440384372664 0.03767784168371691
10 60 3.25 3.5 13 13.5 1234.059201248952 0.02797590877025868
10 60 3.25 3.5 13.5 14 1137.965007107678 0.0199588310715626
10 60 3.25 3.5 14 14.5 1050.981057244744 0.01387926433699249
10 60 3.25 3.5 14.5 15 972.0837781077233 0.008983220169056949
10 60 3.25 3.5 15 16 1735.493661773532 0.02755754138343036
10 60 3.25 3.5 16 17 1496.776827960035 0.01128020096120963
10 60 3.25 3.5 17 18 1297.287581262699 0.03238933556622214
10 60 3.25 3.5 18 19 1129.554778034513 0.04507666232825613
10 60 3.25 3.5 19 20 987.7251031857909 0.006518013582081039
10 60 3.25 3.5 20 21 867.1670022560251 0.005574177415041959
10 60 3.25 3.5 21 22 764.1846994542344 0.004767715888306157
10 60 3.25 3.5 22 23 675.8052677070561 0.004059618095766382
10 60 3.25 3.5 23 24 599.6255262232303 0.00353289905319798
10 60 3.25 3.5 24 25 533.6909807042164 0.003084787311763648
10 60 3.25 3.5 25 26 476.4025338457865 0.00267727698235376
10 60 3.25 3.5 26 27 426.4438654619433 0.002354543413048305
10 60 3.25 3.5 27 28 382.7260159992616 0.00208017603887356
10 60 3.25 3.5 28 29 344.3435660281708 0.001838242960161551
10 60 3.25 3.5 29 30 310.5401039970241 0.001635216257909633
10 60 3.25 3.5 30 31 280.681015292423 0.001456831098039402
10 60 3.25 3.5 31 32 254.2316688944077 0.001303359556033001
10 60 3.25 3.5 32 33 230.7395645931228 0.001168117631976884
10 60 3.25 3.5 33 34 209.8203260939058 0.001051631494334515
10 60 3.25 3.5 34 35 191.1466522660446 0.0009484225469407193
10 60 3.25 3.5 35 36 174.4389075386207 0.0008574290314413702
10 60 3.25 3.5 36 37 159.4570325178244 0.0007766297136129197
10 60 3.25 3.5 37 38 145.9943713917754 0.0007060672230636555
10 60 3.25 3.5 38 39 133.8722379655092 0.0006428666473539124
10 60 3.25 3.5 39 40 122.9358980191775 0.0005864643277249115
10 60 3.25 3.5 40 42 217.1517269006805 0.00102666373345528
10 60 3.25 3.5 42 44 184.5893644423265 0.0008639992053645074
10 60 3.25 3.5 44 46 157.672697959841 0.0007312812674058478
10 60 3.25 3.5 46 48 135.284766448806 0.0006227099665352398
10 60 3.25 3.5 48 50 116.5573321997008 0.000533395762033706
10 60 3.25 3.5 50 52 100.8089067295953 0.0004589282692535335
10 60 3.25 3.5 52 54 87.50038944224197 0.0003970106751864932
10 60 3.25 3.5 54 56 76.20194281541842 0.0003447428013316767
10 60 3.25 3.5 56 58 66.56846109498848 0.0003005068634109875
10 60 3.25 3.5 58 60 58.32156203460445 0.0002628286591956908
10 60 3.25 3.5 60 65 116.8947090951177 0.0005259428420885115
10 60 3.25 3.5 65 70 85.81782399663327 0.0003864239753283982
10 60 3.25 3.5 70 80 111.8655079176705 0.0006409061015943962
10 60 3.25 3.5 80 90 64.45330079344018 0.000541188394450387
10 60 3.25 3.5 90 100 38.37035369595112 0.0004448384949071738
10 60 3.5 4 0 0.5 -339917.0332624894 5.375951199734118
10 60 3.5 4 0.5 1 32879.88979006056 0.03495492767251562
10 60 3.5 4 1 1.5 45773.40080817206 1.657332487171516
10 60 3.5 4 1.5 2 38407.94564313724 1.240893707086798
10 60 3.5 4 2 2.5 31291.80744953872 0.9715939771522244
10 60 3.5 4 2.5 3 25732.89816128536 0.7507761937413306
10 60 3.5 4 3 3.5 21467.2577897748 0.6090534741779265
10 60 3.5 4 3.5 4 18153.80122108913 0.4869186486830586
10 60 3.5 4 4 4.5 15534.00778078118 0.3950219304970233
10 60 3.5 4 4.5 5 13426.07510442284 0.3232660992089222
10 60 3.5 4 5 5.5 11702.92444807574 0.2647888352730661
10 60 3.5 4 5.5 6 10274.60298048519 0.2178635532382032
10 60 3.5 4 6 6.5 9076.298721355173 0.1805602041058592
10 60 3.5 4 6.5 7 8060.462567522915 0.150171657917781
10 60 3.5 4 7 7.5 7191.536659687381 0.1260701527689889
10 60 3.5 4 7.5 8 6442.472082079127 0.1059213668631855
10 60 3.5 4 8 8.5 5792.359351863335 0.08824576354982128
10 60 3.5 4 8.5 9 5224.791113471084 0.07614886051032954
10 60 3.5 4 9 9.5 4726.700738762952 0.06373737380818056
10 60 3.5 4 9.5 10 4287.573997842527 0.05496400104766508
10 60 3.5 4 10 10.5 3898.836905094011 0.04746811292716302
10 60 3.5 4 10.5 11 3553.440474876524 0.04059448757743667
10 60 3.5 4 11 11.5 3245.519392116377 0.1611194798397264
10 60 3.5 4 11.5 12 2970.172698548432 0.1253207752902199
10 60 3.5 4 12 12.5 2723.261875037429 0.0959450394589112
10 60 3.5 4 12.5 13 2501.278884771913 0.0725950357154943
10 60 3.5 4 13 13.5 2301.224966195878 0.05421475505954731
10 60 3.5 4 13.5 14 2120.525289609799 0.03917271150839952
10 60 3.5 4 14 14.5 1956.963327422511 0.02732973566321562
10 60 3.5 4 14.5 15 1808.617380555309 0.01782721902600315
10 60 3.5 4 15 16 3224.927749058899 0.05935607845731283
10 60 3.5 4 16 17 2776.221011055541 0.02170266064922544
10 60 3.5 4 17 18 2401.36833427303 0.05906730242168123
10 60 3.5 4 18 19 2086.325813290063 0.08300418088902006
10 60 3.5 4 19 20 1820.067157065555 0.01251826442876336
10 60 3.5 4 20 21 1593.869711643134 0.01063725310382324
10 60 3.5 4 21 22 1400.780389113392 0.009053517009533607
10 60 3.5 4 22 23 1235.208516933149 0.007772917361307918
10 60 3.5 4 23 24 1092.631806819904 0.006715166030289765
10 60 3.5 4 24 25 969.3693630417577 0.005847433689382342
10 60 3.5 4 25 26 862.4063457272277 0.00507540849491761
10 60 3.5 4 26 27 769.25932701739 0.004449810151072597
10 60 3.5 4 27 28 687.8713908940834 0.003917041531394716
10 60 3.5 4 28 29 616.5333771271946 0.004415343944515371
10 60 3.5 4 29 30 553.8152436541984 0.005857312160060246
10 60 3.5 4 30 31 498.5183477713331 0.006489664402863582
10 60 3.5 4 31 32 449.6328592852462 0.006989360870079508
10 60 3.5 4 32 33 406.3047927335934 0.007578902255886533
10 60 3.5 4 33 34 367.8087086611758 0.007998357833685077
10 60 3.5 4 34 35 333.5262622979675 0.008039785489245332
10 60 3.5 4 35 36 302.9285382048876 0.008025937628588053
10 60 3.5 4 36 37 275.5616623070422 0.008024639021641633
10 60 3.5 4 37 38 251.0349197231447 0.008345924778069502
10 60 3.5 4 38 39 229.011222713612 0.008937213664012233
10 60 3.5 4 39 40 209.199019271218 0.00931440191254751
10 60 3.5 4 40 42 366.572365133524 0.01736351072059961
10 60 3.5 4 42 44 308.1158296497132 0.001537854902665003
10 60 3.5 4 44 46 260.1204695001308 0.001289269833591788
10 60 3.5 4 46 48 220.4902310939493 0.001087337067730232
10 60 3.5 4 48 50 187.5941416563456 0.0009208970353427048
10 60 3.5 4 50 52 160.1546069045976 0.0007838644474702505
10 60 3.5 4 52 54 137.1621950984006 0.0006693081673745382
10 60 3.5 4 54 56 117.814866557311 0.0005741965438090801
10 60 3.5 4 56 58 101.4714226977194 0.0004941429501315042
10 60 3.5 4 58 60 87.61528763636318 0.0004267600292138241
10 60 3.5 4 60 65 171.1717400119466 0.0008350284692539844
10 60 3.5 4 65 70 120.7671905405265 0.0005916175956599545
10 60 3.5 4 70 80 148.140036895806 0.0007332268942548126
10 60 3.5 4 80 90 77.80293230933076 0.0003924267059716158
10 60 3.5 4 90 100 41.85912219531679 0.0002160242926194655
10 60 4 5 0 0.5 -513716.0533960302 8.758852062048391
10 60 4 5 0.5 1 75541.30585810082 0.3637365151225822
10 60 4 5 1 1.5 84316.8563903966 3.162204564985586
10 60 4 5 1.5 2 68014.93239676602 2.158633915678365
10 60 4 5 2 2.5 54382.19025821277 2.177163393949741
10 60 4 5 2.5 3 44194.87004188006 1.211464184976649
10 60 4 5 3 3.5 36552.18948952468 0.9436709357833024
10 60 4 5 3.5 4 30698.10158115174 0.7567531156746554
10 60 4 5 4 4.5 26113.93057681622 0.6103130661394971
10 60 4 5 4.5 5 22451.45097761486 0.8300120053681894
10 60 4 5 5 5.5 19473.77209942744 0.430457712001953
10 60 4 5 5.5 6 17016.2504022362 0.3610007565803244
10 60 4 5 6 6.5 14961.89692756772 0.3043570072222792
10 60 4 5 6.5 7 13225.66187297776 0.2577813159205107
10 60 4 5 7 7.5 11744.50898617045 0.2154140205748263
10 60 4 5 7.5 8 10470.79433611085 0.1827615620859433
10 60 4 5 8 8.5 9367.862347210066 0.1553488501522224
10 60 4 5 8.5 9 8407.09474428996 0.1310413824394345
10 60 4 5 9 9.5 7565.794586303525 0.1123566444912285
10 60 4 5 9.5 10 6825.723038740599 0.09498470607377385
10 60 4 5 10 10.5 6172.069059769377 0.0819531537426883
10 60 4 5 10.5 11 5592.664486758207 0.07024729094882787
10 60 4 5 11 11.5 5077.408160161113 0.06193794936643826
10 60 4 5 11.5 12 4617.858840318144 0.2030463029896055
10 60 4 5 12 12.5 4206.901819016056 0.1517438348055293
10 60 4 5 12.5 13 3838.49989175931 0.1107784303085282
10 60 4 5 13 13.5 3507.501699664814 0.07783517266079798
10 60 4 5 13.5 14 3209.490586463985 0.05166424729668506
10 60 4 5 14 14.5 2940.657938722779 0.03115198353498272
10 60 4 5 14.5 15 2697.703196578798 0.02610162923610915
10 60 4 5 15 16 4756.07977351536 0.04436556259315694
10 60 4 5 16 17 4029.690434035426 0.1458354464593867
10 60 4 5 17 18 3428.13915818408 0.02940462365586427
10 60 4 5 18 19 2927.309374781395 0.02420769292393743
10 60 4 5 19 20 2508.304686310592 0.02011328563594361
10 60 4 5 20 21 2156.179996264924 0.01681000309417868
10 60 4 5 21 22 1859.029459219125 0.01412838397186533
10 60 4 5 22 23 1607.300314210665 0.01203859290217224
10 60 4 5 23 24 1393.281522425518 0.01258029054929466
10 60 4 5 24 25 1210.711510087861 0.01328981105598359
10 60 4 5 25 26 1054.477436893646 0.01413702690820173
10 60 4 5 26 27 920.3837473665822 0.01388403006797034
10 60 4 5 27 28 804.9732042151491 0.01355415686896322
10 60 4 5 28 29 705.3838738667159 0.01404978489961195
10 60 4 5 29 30 619.2361182391912 0.01455922575655677
10 60 4 5 30 31 544.5426341569057 0.01474787382790055
10 60 4 5 31 32 479.6382737857847 0.0138789247977229
10 60 4 5 32 33 423.1237778642406 0.01295407593607933
10 60 4 5 33 34 373.8183989769063 0.01313940024488147
10 60 4 5 34 35 330.7217328394395 0.0128119448443158
10 60 4 5 35 36 292.9838982297674 0.01235203590715628
10 60 4 5 36 37 259.8822844854785 0.01191257651146316
10 60 4 5 37 38 230.8007558531465 0.01151685413140058
10 60 4 5 38 39 205.2119827143437 0.00128747743394797
10 60 4 5 39 40 182.6634830543067 0.001138738787346938
10 60 4 5 40 42 307.9511614442553 0.001915729178563197
10 60 4 5 42 44 245.4812744247141 0.001514498416810284
10 60 4 5 44 46 196.4113394284573 0.001207144574664198
10 60 4 5 46 48 157.6901114536346 0.0009641764674199749
10 60 4 5 48 50 127.0072210220784 0.005315822642700141
10 60 4 5 50 52 102.5994491483644 0.002225523086806902
10 60 4 5 52 54 83.11315610421394 0.0006381539605513353
10 60 4 5 54 56 67.50311906509712 0.003304676986076061
10 60 4 5 56 58 54.95665724561336 0.0003328978826218076
10 60 4 5 58 60 44.84175792255416 0.0002716009264744912
10 60 4 5 60 65 79.62750111644503 0.0004820634510167565
10 60 4 5 65 70 48.64707015191478 0.0002964471847093364
10 60 4 5 70 80 48.58586998733421 0.00104964200697566
10 60 4 5 80 90 18.84166254734447 0.0005244695563639823
10 60 4 5 90 100 7.365808884001419 0.0002380864714810471
60 120 -5 -4 0 0.5 -0.6813951397361681 7.147177818356276e-06
60 120 -5 -4 0.5 1 1839.845997006926 0.09032494270013558
60 120 -5 -4 1 1.5 3501.953877617658 0.1305757525356057
60 120 -5 -4 1.5 2 3027.542083155914 0.06979760068952601
60 120 -5 -4 2 2.5 2530.051598131322 0.04289118755968957
60 120 -5 -4 2.5 3 2127.77312874345 0.02808066331954251
60 120 -5 -4 3 3.5 1811.590516293873 0.01909653971461012
60 120 -5 -4 3.5 4 1560.88621638975 0.07391730681320041
60 120 -5 -4 4 4.5 1359.863830830326 0.053703610635921
60 120 -5 -4 4.5 5 1195.905059604253 0.03832395939616617
60 120 -5 -4 5 5.5 1060.268744860024 0.02640330962071857
60 120 -5 -4 5.5 6 946.6388607965538 0.01705182892726498
60 120 -5 -4 6 6.5 850.3709684185357 0.009636789822934588
60 120 -5 -4 6.5 7 767.9955925610279 0.003718662327059974
60 120 -5 -4 7 7.5 696.8852866429349 0.001033948798067286
60 120 -5 -4 7.5 8 635.0211308589868 0.004867960375008806
60 120 -5 -4 8 8.5 580.8250341434346 0.007959585515436629
60 120 -5 -4 8.5 9 533.0491055514937 0.01045339710856297
60 120 -5 -4 9 9.5 490.6936477407649 0.01247304021086393
60 120 -5 -4 9.5 10 452.9520698230534 0.01410844408951561
60 120 -5 -4 10 10.5 419.1665970975624 0.01542672691022062
60 120 -5 -4 10.5 11 388.7940068569748 0.01648987899255872
60 120 -5 -4 11 11.5 361.3835756894136 0.01798847945485704
60 120 -5 -4 11.5 12 336.6365163534563 0.01543918748097894
60 120 -5 -4 12 12.5 314.0735499221857 0.01330545634249347
60 120 -5 -4 12.5 13 293.5096143867206 0.01147719898278865
60 120 -5 -4 13 13.5 274.715467224198 0.009935889355517702
60 120 -5 -4 13.5 14 257.4942126853655 0.008657806853875627
60 120 -5 -4 14 14.5 241.6755164271025 0.00755148153731966
60 120 -5 -4 14.5 15 227.1120473142405 0.00659500284749015
60 120 -5 -4 15 16 414.9308664513188 0.003010949263625662
60 120 -5 -4 16 17 368.8304163286201 0.002883400632128996
60 120 -5 -4 17 18 329.0900014648539 0.002787677397407151
60 120 -5 -4 18 19 294.6173657912976 0.002696435571579059
60 120 -5 -4 19 20 264.5467658178947 0.002635014392978974
60 120 -5 -4 20 21 238.184240218896 0.002579895972075974
60 120 -5 -4 21 22 214.9671673684587 0.009187144222011057
60 120 -5 -4 22 23 194.4360996684501 0.007012230329451086
60 120 -5 -4 23 24 176.2125088570965 0.005281398029211459
60 120 -5 -4 24 25 159.9821714896182 0.003891204080559874
60 120 -5 -4 25 26 145.4822910694466 0.002792452204403162
60 120 -5 -4 26 27 132.4915725889012 0.002461624757216896
60 120 -5 -4 27 28 120.8227857239955 0.002436611156610979
60 120 -5 -4 28 29 110.3162838395911 0.002399291230432254
60 120 -5 -4 29 30 100.8353996677618 0.002333848716588705
60 120 -5 -4 30 31 92.26265436863795 0.002252486113690111
60 120 -5 -4 31 32 84.49660321345097 0.002148622593978189
60 120 -5 -4 32 33 77.44920578596869 0.002029137139388126
60 120 -5 -4 33 34 71.04388620305413 0.00189418652304596
60 120 -5 -4 34 35 65.21365349258403 0.001757114591796949
60 120 -5 -4 35 36 59.89976494991776 0.001610873551385339
60 120 -5 -4 36 37 55.05046671282044 0.001467638357802059
60 120 -5 -4 37 38 50.6200593780754 0.00132787280765001
60 120 -5 -4 38 39 46.5680603645003 0.001312016314855668
60 120 -5 -4 39 40 42.85850264366461 0.001335517758157323
60 120 -5 -4 40 42 75.80164913931782 0.00177823239692998
60 120 -5 -4 42 44 64.33531769673436 0.001350351763875324
60 120 -5 -4 44 46 54.65860376789735 0.0009818350075931903
60 120 -5 -4 46 48 46.4730547916882 0.0006689861451931733
60 120 -5 -4 48 50 39.53528182547409 0.0004062935182176375
60 120 -5 -4 50 52 33.64562513217886 0.0002068806815529456
60 120 -5 -4 52 54 28.63908366103549 6.316918432958119e-05
60 120 -5 -4 54 56 24.3787003643682 4.613832815536512e-05
60 120 -5 -4 56 58 20.75040308016908 0.0001257069066511463
60 120 -5 -4 58 60 17.65856001903144 0.0001799432093640974
60 120 -5 -4 60 65 33.4477888200299 0.0005713221297440896
60 120 -5 -4 65 70 22.26132725177139 0.000611862669529728
60 120 -5 -4 70 80 24.47613809553885 0.0004965278561321895
60 120 -5 -4 80 90 10.50398440192662 0.0001589147125606871
60 120 -5 -4 90 100 4.364981303014041 0.0001079810160966588
60 120 -4 -3.5 0 0.5 -2.675283518095686 0.0001012336388295232
60 120 -4 -3.5 0.5 1 1479.524392124211 0.07045543455387815
60 120 -4 -3.5 1 1.5 6194.979534441644 0.08648210910905618
60 120 -4 -3.5 1.5 2 6434.029638596955 0.0139078754991715
60 120 -4 -3.5 2 2.5 5788.114627868225 0.006552714105964697
60 120 -4 -3.5 2.5 3 5081.58909338686 0.003564022636055597
60 120 -4 -3.5 3 3.5 4457.148078351466 0.0004445837976163602
60 120 -4 -3.5 3.5 4 3929.678933292649 0.004136191377256182
60 120 -4 -3.5 4 4.5 3487.654967172878 0.003692195279654698
60 120 -4 -3.5 4.5 5 3116.031233049866 0.003876546943047288
60 120 -4 -3.5 5 5.5 2801.4032631396 0.003269545436069166
60 120 -4 -3.5 5.5 6 2532.853203218539 0.001628036196052562
60 120 -4 -3.5 6 6.5 2301.766063053756 0.001483997719333274
60 120 -4 -3.5 6.5 7 2101.385823901535 0.001001574138626893
60 120 -4 -3.5 7 7.5 1926.395233180632 0.0001708270635845111
60 120 -4 -3.5 7.5 8 1772.574976698114 0.0001370955997117562
60 120 -4 -3.5 8 8.5 1636.552651094006 0.0004116783363770082
60 120 -4 -3.5 8.5 9 1515.607855668345 0.0001156942566922226
60 120 -4 -3.5 9 9.5 1407.527703109259 0.0003088268317696929
60 120 -4 -3.5 9.5 10 1310.498973303737 0.0003842718342639273
60 120 -4 -3.5 10 10.5 1223.022574874213 0.0006169402411160263
60 120 -4 -3.5 10.5 11 1143.850606475622 0.05485853569553001
60 120 -4 -3.5 11 11.5 1071.938418210012 0.04740334445818917
60 120 -4 -3.5 11.5 12 1006.404031897779 0.04112142628434867
60 120 -4 -3.5 12 12.5 946.4981757541478 0.03588053340172337
60 120 -4 -3.5 12.5 13 891.5799539951955 0.03140845227767386
60 120 -4 -3.5 13 13.5 841.0993350806239 0.02764159904813823
60 120 -4 -3.5 13.5 14 794.5813388262702 0.02436568654923121
60 120 -4 -3.5 14 14.5 751.6148894145459 0.02153674936812422
60 120 -4 -3.5 14.5 15 711.8421294438557 0.01912951460906243
60 120 -4 -3.5 15 16 1315.613209178528 0.001544652099937593
60 120 -4 -3.5 16 17 1187.708390134959 0.0007623366423104017
60 120 -4 -3.5 17 18 1076.287633059864 0.0006023047062626574
60 120 -4 -3.5 18 19 978.6237088365189 0.0008480320851731449
60 120 -4 -3.5 19 20 892.5382775479661 0.0004685673177391436
60 120 -4 -3.5 20 21 816.2738896228652 0.0002450070638815305
60 120 -4 -3.5 21 22 748.399569362795 0.03724756726865053
60 120 -4 -3.5 22 23 687.7392220939018 0.03082428397351578
60 120 -4 -3.5 23 24 633.3187655514156 0.02563881658807077
60 120 -4 -3.5 24 25 584.3246654181354 0.0213420916117002
60 120 -4 -3.5 25 26 540.0727238272093 0.01785451958892281
60 120 -4 -3.5 26 27 499.9835874677067 0.01493123198565627
60 120 -4 -3.5 27 28 463.5645273299486 0.01249993904281155
60 120 -4 -3.5 28 29 430.3941162218459 0.01044357962445019
60 120 -4 -3.5 29 30 400.1103116538454 0.008723953911953686
60 120 -4 -3.5 30 31 372.4003276086611 0.007233992464023231
60 120 -4 -3.5 31 32 346.9930724712621 0.005996705909865341
60 120 -4 -3.5 32 33 323.6520627286555 0.004925789198807706
60 120 -4 -3.5 33 34 302.1706109495778 0.004036836610339378
60 120 -4 -3.5 34 35 282.3668675360916 0.00325898579802697
60 120 -4 -3.5 35 36 264.0808240215574 0.002607572957174398
60 120 -4 -3.5 36 37 247.1708709282938 0.002041116701633428
60 120 -4 -3.5 37 38 231.5115336003323 0.001545119334878109
60 120 -4 -3.5 38 39 216.9913826009033 0.001126294152896889
60 120 -4 -3.5 39 40 203.5109523112413 0.0007541809275437572
60 120 -4 -3.5 40 42 370.3046111127464 0.002428443062001406
60 120 -4 -3.5 42 44 326.8052873918698 0.001348657808250664
60 120 -4 -3.5 44 46 288.9652194305509 0.004062165125446882
60 120 -4 -3.5 46 48 255.9351914831933 0.006012619104097894
60 120 -4 -3.5 48 50 227.0157966855669 0.01125654419985267
60 120 -4 -3.5 50 52 201.6269859536928 0.009786593795752196
60 120 -4 -3.5 52 54 179.2845442676848 0.008519427047758654
60 120 -4 -3.5 54 56 159.5811116957774 0.007420819248352473
60 120 -4 -3.5 56 58 142.1720235019443 0.006477691337835267
60 120 -4 -3.5 58 60 126.7639766180733 0.005662709436194291
60 120 -4 -3.5 60 65 260.4648355235286 0.01125393437456523
60 120 -4 -3.5 65 70 196.5582354165155 0.008102794714062611
60 120 -4 -3.5 70 80 261.4942442598797 0.01014654138373317
60 120 -4 -3.5 80 90 150.6621822635479 0.005427819621786512
60 120 -4 -3.5 90 100 87.07119200713016 0.002947591245529679
60 120 -3.5 -3.25 0 0.5 -1.910100700903086 6.10435148906685e-05
60 120 -3.5 -3.25 0.5 1 -87.01040662957249 0.003409090673457627
60 120 -3.5 -3.25 1 1.5 3206.731525653764 0.05906003460358988
60 120 -3.5 -3.25 1.5 2 3886.013830338193 0.01207480688572105
60 120 -3.5 -3.25 2 2.5 3670.612934297742 0.002833335700870521
60 120 -3.5 -3.25 2.5 3 3305.985657861255 0.009365386672016029
60 120 -3.5 -3.25 3 3.5 2948.013936064555 0.01022912966618605
60 120 -3.5 -3.25 3.5 4 2630.389659270608 0.005996107180180843
60 120 -3.5 -3.25 4 4.5 2356.420911036145 0.003579431658636167
60 120 -3.5 -3.25 4.5 5 2121.580421246691 0.001269415047318034
60 120 -3.5 -3.25 5 5.5 1919.901579553328 0.001107162443531706
60 120 -3.5 -3.25 5.5 6 1745.860494456306 0.001716338994128819
60 120 -3.5 -3.25 6 6.5 1594.777899981756 0.002583437423027135
60 120 -3.5 -3.25 6.5 7 1462.818563846891 0.004166665257571367
60 120 -3.5 -3.25 7 7.5 1346.868901234374 0.003870680648560665
60 120 -3.5 -3.25 7.5 8 1244.403914677909 0.003795202394258013
60 120 -3.5 -3.25 8 8.5 1153.365116708604 0.004310506286174132
60 120 -3.5 -3.25 8.5 9 1072.073225799449 0.004276151542853768
60 120 -3.5 -3.25 9 9.5 999.1498421111791 0.00378126728173811
60 120 -3.5 -3.25 9.5 10 933.4541949973352 0.003147683068164042
60 120 -3.5 -3.25 10 10.5 874.0366752009397 0.04288027626205348
60 120 -3.5 -3.25 10.5 11 820.1024706579619 0.03699280390856075
60 120 -3.5 -3.25 11 11.5 770.9784665465888 0.03208559200243144
60 120 -3.5 -3.25 11.5 12 726.0926859120364 0.02795339357351168
60 120 -3.5 -3.25 12 12.5 684.9576758942911 0.02441061742433703
60 120 -3.5 -3.25 12.5 13 647.1564799772791 0.02144287433316094
60 120 -3.5 -3.25 13 13.5 612.329551719494 0.01886246525430124
60 120 -3.5 -3.25 13.5 14 580.1659160322231 0.01668772250343409
60 120 -3.5 -3.25 14 14.5 550.3947364806958 0.01478960944314167
60 120 -3.5 -3.25 14.5 15 522.7797543648338 0.01313614332616453
60 120 -3.5 -3.25 15 16 970.3287518252816 0.002478523828017387
60 120 -3.5 -3.25 16 17 881.0110869055167 0.00255039113494604
60 120 -3.5 -3.25 17 18 802.911789321874 0.03999221910089545
60 120 -3.5 -3.25 18 19 734.2029901442173 0.0362342527915871
60 120 -3.5 -3.25 19 20 673.4221488238999 0.0329299544935111
60 120 -3.5 -3.25 20 21 619.3859504029334 0.03001356613424377
60 120 -3.5 -3.25 21 22 571.1278948091129 0.02742458058776265
60 120 -3.5 -3.25 22 23 527.8507138980681 0.02511509781868426
60 120 -3.5 -3.25 23 24 488.8906611424876 0.02304436923145659
60 120 -3.5 -3.25 24 25 453.6920545479331 0.02118012321079732
60 120 -3.5 -3.25 25 26 421.7873919546882 0.01949727661207135
60 120 -3.5 -3.25 26 27 392.7807239540283 0.01797434983370749
60 120 -3.5 -3.25 27 28 366.3351537424601 0.01659382858389336
60 120 -3.5 -3.25 28 29 342.1616041871497 0.01533953700300117
60 120 -3.5 -3.25 29 30 320.0113060119945 0.01419706762158057
60 120 -3.5 -3.25 30 31 299.6685388449146 0.01315413598598525
60 120 -3.5 -3.25 31 32 280.9456269897697 0.01219987656156718
60 120 -3.5 -3.25 32 33 263.678881020699 0.01132470255799944
60 120 -3.5 -3.25 33 34 247.7248826630805 0.01052110437814235
60 120 -3.5 -3.25 34 35 232.9579675078981 0.009782059575286439
60 120 -3.5 -3.25 35 36 219.2671133838995 0.009101771658890812
60 120 -3.5 -3.25 36 37 206.5542357551748 0.008475278299016509
60 120 -3.5 -3.25 37 38 194.7322353547958 0.007897818731038342
60 120 -3.5 -3.25 38 39 183.723562549606 0.00736476693779764
60 120 -3.5 -3.25 39 40 173.458877249975 0.006872138992093824
60 120 -3.5 -3.25 40 42 318.7952221553444 0.01241072384817699
60 120 -3.5 -3.25 42 44 285.2260230011705 0.01084318721007094
60 120 -3.5 -3.25 44 46 255.7465232445632 0.009494041792038388
60 120 -3.5 -3.25 46 48 229.7613344090895 0.008327284226538723
60 120 -3.5 -3.25 48 50 206.7794100562956 0.007318486101809185
60 120 -3.5 -3.25 50 52 186.3923385230802 0.006446176705594553
60 120 -3.5 -3.25 52 54 168.2576156289107 0.005686375364859941
60 120 -3.5 -3.25 54 56 152.0862794632887 0.005022912158409554
60 120 -3.5 -3.25 56 58 137.6331736460375 0.004445777591428168
60 120 -3.5 -3.25 58 60 124.6896513038426 0.003941055744277833
60 120 -3.5 -3.25 60 65 263.4535176970608 0.008033273511273364
60 120 -3.5 -3.25 65 70 207.4250516770175 0.006016473802588962
60 120 -3.5 -3.25 70 80 294.2958136966053 0.00800293076804337
60 120 -3.5 -3.25 80 90 186.5809187004477 0.004692087806546397
60 120 -3.5 -3.25 90 100 119.529537273248 0.00281972445111478
60 120 -3.25 -3 0 0.5 -2.20793558519737 6.65910072239484e-05
60 120 -3.25 -3 0.5 1 -740.0103679986785 0.03480195833833477
60 120 -3.25 -3 1 1.5 2981.390518688723 0.07483026764657552
60 120 -3.25 -3 1.5 2 4044.921669667292 0.006259002725983009
60 120 -3.25 -3 2 2.5 3936.699842169413 0.005022315928272292
60 120 -3.25 -3 2.5 3 3598.28508063146 0.002615410811358743
60 120 -3.25 -3 3 3.5 3238.101201355506 0.004832994761727605
60 120 -3.25 -3 3.5 4 2907.90932784501 0.003280890267433278
60 120 -3.25 -3 4 4.5 2617.912754971135 0.003671449506327917
60 120 -3.25 -3 4.5 5 2366.379865774672 0.002373421284119104
60 120 -3.25 -3 5 5.5 2148.553004852025 0.003122738141428272
60 120 -3.25 -3 5.5 6 1959.390450176601 0.003149576460145909
60 120 -3.25 -3 6 6.5 1794.372614745241 0.003193538105279004
60 120 -3.25 -3 6.5 7 1649.669567188873 0.002966181326428341
60 120 -3.25 -3 7 7.5 1522.090272948868 0.002984726612112354
60 120 -3.25 -3 7.5 8 1409.011345766149 0.002077111541439081
60 120 -3.25 -3 8 8.5 1308.285303579285 0.0016977399454845
60 120 -3.25 -3 8.5 9 1218.143669500837 0.06043771223176009
60 120 -3.25 -3 9 9.5 1137.123384338448 0.0560007495107584
60 120 -3.25 -3 9.5 10 1064.006207938821 0.05203200482947068
60 120 -3.25 -3 10 10.5 997.7703862521671 0.04846164699381461
60 120 -3.25 -3 10.5 11 937.5534676846158 0.04524072576089111
60 120 -3.25 -3 11 11.5 882.6274205697094 0.0423271563919343
60 120 -3.25 -3 11.5 12 832.3729346225323 0.03967919413526033
60 120 -3.25 -3 12 12.5 786.2613272797831 0.03726141668664695
60 120 -3.25 -3 12.5 13 743.8380924661294 0.03504817146733785
60 120 -3.25 -3 13 13.5 704.7108905174784 0.03301755328368472
60 120 -3.25 -3 13.5 14 668.5392221582032 0.03114913837430322
60 120 -3.25 -3 14 14.5 635.0264434201114 0.02942553364619016
60 120 -3.25 -3 14.5 15 603.9117072149121 0.02783312113979264
60 120 -3.25 -3 15 16 1122.95565043492 0.05134763880528226
60 120 -3.25 -3 16 17 1022.046426628972 0.04624844060958822
60 120 -3.25 -3 17 18 933.6622608255329 0.04182236891494995
60 120 -3.25 -3 18 19 855.7836003142251 0.03795055374746426
60 120 -3.25 -3 19 20 786.7905103115617 0.03454281249582891
60 120 -3.25 -3 20 21 725.3667556132286 0.03152603905937212
60 120 -3.25 -3 21 22 670.4321902525979 0.03103538316372578
60 120 -3.25 -3 22 23 621.0955069126923 0.02644081684024968
60 120 -3.25 -3 23 24 576.6166159949771 0.02429080530032479
60 120 -3.25 -3 24 25 536.37649524636 0.02235622533805781
60 120 -3.25 -3 25 26 499.8528715479898 0.0206102837427693
60 120 -3.25 -3 26 27 466.6032408635954 0.01903064732459825
60 120 -3.25 -3 27 28 436.248744866974 0.01759815169970125
60 120 -3.25 -3 28 29 408.4639069915772 0.01629419668489618
60 120 -3.25 -3 29 30 382.9679083583392 0.01510442826253211
60 120 -3.25 -3 30 31 359.5183218170805 0.01401609829849804
60 120 -3.25 -3 31 32 337.9047070381806 0.01301919329085877
60 120 -3.25 -3 32 33 317.9432146248784 0.01210556368221205
60 120 -3.25 -3 33 34 299.4727523045112 0.01126627980289641
60 120 -3.25 -3 34 35 282.3516752170138 0.01049430430947496
60 120 -3.25 -3 35 36 266.4547507374593 0.009782820343673393
60 120 -3.25 -3 36 37 251.6710595060684 0.009126469992793318
60 120 -3.25 -3 37 38 237.9018681617708 0.00851977683183236
60 120 -3.25 -3 38 39 225.0592096598151 0.007958803445177409
60 120 -3.25 -3 39 40 213.0647546875508 0.007439940392430344
60 120 -3.25 -3 40 42 393.1949845244836 0.01421439547164027
60 120 -3.25 -3 42 44 353.7716213790502 0.01181868039810752
60 120 -3.25 -3 44 46 319.0309264021817 0.01039182132228689
60 120 -3.25 -3 46 48 288.2981979500598 0.009157237263423212
60 120 -3.25 -3 48 50 261.0154908073782 0.008085600472782062
60 120 -3.25 -3 50 52 236.7183848643063 0.007152956838609725
60 120 -3.25 -3 52 54 215.0179294476898 0.006340068323993364
60 120 -3.25 -3 54 56 195.5864527083554 0.00562947840305128
60 120 -3.25 -3 56 58 178.1458524388545 0.005007571780623721
60 120 -3.25 -3 58 60 162.4584894741714 0.004463180982241965
60 120 -3.25 -3 60 65 347.2516579512478 0.009186444828401363
60 120 -3.25 -3 65 70 278.2478429190876 0.006981497920207858
60 120 -3.25 -3 70 80 405.5568699811069 0.009504395668898269
60 120 -3.25 -3 80 90 267.6350097749448 0.005776522371320425
60 120 -3.25 -3 90 100 179.0875993065366 0.003612332986449474
60 120 -3 -2.75 0 0.5 -2.466720231999679 7.005939227910929e-05
60 120 -3 -2.75 0.5 1 -1368.71852209528 0.04478278121041512
60 120 -3 -2.75 1 1.5 2679.413443729862 0.08631068196109482
60 120 -3 -2.75 1.5 2 4095.950506095568 0.01173588841447781
60 120 -3 -2.75 2 2.5 4096.946659001243 0.007802506583175273
60 120 -3 -2.75 2.5 3 3793.244010515944 0.005923120455008757
60 120 -3 -2.75 3 3.5 3440.23487231987 0.0006319353374237835
60 120 -3 -2.75 3.5 4 3106.209369605479 0.002239968524008873
60 120 -3 -2.75 4 4.5 2807.851531768618 0.000937337912091607
60 120 -3 -2.75 4.5 5 2546.281271478489 0.0003621498594839068
60 120 -3 -2.75 5 5.5 2318.088346111425 0.001895811959911953
60 120 -3 -2.75 5.5 6 2118.859841337332 0.1053291241878469
60 120 -3 -2.75 6 6.5 1944.329587782642 0.09555932980265425
60 120 -3 -2.75 6.5 7 1790.735845351598 0.08710707877594359
60 120 -3 -2.75 7 7.5 1654.915246307112 0.07972939056799078
60 120 -3 -2.75 7.5 8 1534.237464611021 0.07324907292877469
60 120 -3 -2.75 8 8.5 1426.520105654763 0.06752590613336906
60 120 -3 -2.75 8.5 9 1329.950856183782 0.06243303187739002
60 120 -3 -2.75 9 9.5 1243.012082910264 0.05788516406869348
60 120 -3 -2.75 9.5 10 1164.432605844023 0.05380716703257349
60 120 -3 -2.75 10 10.5 1093.146676276285 0.05197892684373073
60 120 -3 -2.75 10.5 11 1028.255981923463 0.04681450420753208
60 120 -3 -2.75 11 11.5 968.9985670164035 0.04380938248459643
60 120 -3 -2.75 11.5 12 914.725036067675 0.04107575656678364
60 120 -3 -2.75 12 12.5 864.8797189230824 0.0385799047544424
60 120 -3 -2.75 12.5 13 818.9818828410355 0.03629602669502674
60 120 -3 -2.75 13 13.5 776.6146805699058 0.03420098478818545
60 120 -3 -2.75 13.5 14 737.4143444467259 0.03227340241221555
60 120 -3 -2.75 14 14.5 701.0648408921982 0.03049661712327634
60 120 -3 -2.75 14.5 15 667.2897646818643 0.02885319619724669
60 120 -3 -2.75 15 16 1242.365741603807 0.05324443897643505
60 120 -3 -2.75 16 17 1132.602524148156 0.04796605339083726
60 120 -3 -2.75 17 18 1036.350880314357 0.04338011498316519
60 120 -3 -2.75 18 19 951.4469967744744 0.03936961408953721
60 120 -3 -2.75 19 20 876.1434777545483 0.0358417960216002
60 120 -3 -2.75 20 21 809.0236098107328 0.0327222459868608
60 120 -3 -2.75 21 22 748.9305046443284 0.03394781034683092
60 120 -3 -2.75 22 23 694.9084481445333 0.02852349384954778
60 120 -3 -2.75 23 24 646.1618272385477 0.02527059240378549
60 120 -3 -2.75 24 25 602.0212692216995 0.02328316437206013
60 120 -3 -2.75 25 26 561.9204337693243 0.02149137243964105
60 120 -3 -2.75 26 27 525.3782066623261 0.01986906262357024
60 120 -3 -2.75 27 28 491.9847836335944 0.01839511120721227
60 120 -3 -2.75 28 29 461.3890382493356 0.01705096377105519
60 120 -3 -2.75 29 30 433.2882975924519 0.0158231461999776
60 120 -3 -2.75 30 31 407.4205550938674 0.01469875960941636
60 120 -3 -2.75 31 32 383.5571497039871 0.01366705871629392
60 120 -3 -2.75 32 33 361.4980478291627 0.01271877052056425
60 120 -3 -2.75 33 34 341.0674322333599 0.01184626453942883
60 120 -3 -2.75 34 35 322.1108498140841 0.01104235839528656
60 120 -3 -2.75 35 36 304.4921495319235 0.01030050951681005
60 120 -3 -2.75 36 37 288.0906869216982 0.009616305968165761
60 120 -3 -2.75 37 38 272.7994789409286 0.008984321631942294
60 120 -3 -2.75 38 39 258.5231927701888 0.008400550742237556
60 120 -3 -2.75 39 40 245.1766137525433 0.007861323775472329
60 120 -3 -2.75 40 42 453.6582265611298 0.01734970969783944
60 120 -3 -2.75 42 44 409.658283564379 0.0131861725853355
60 120 -3 -2.75 44 46 370.79959078936 0.01105738250225841
60 120 -3 -2.75 46 48 336.3450036909642 0.009767605288004688
60 120 -3 -2.75 48 50 305.6870484539203 0.008645211087525695
60 120 -3 -2.75 50 52 278.319714402394 0.007668076421794012
60 120 -3 -2.75 52 54 253.8181836451033 0.006815973911869833
60 120 -3 -2.75 54 56 231.8233720951178 0.006071143367051945
60 120 -3 -2.75 56 58 212.030204734139 0.005417867901854834
60 120 -3 -2.75 58 60 194.1781815582278 0.004843596508123937
60 120 -3 -2.75 60 65 418.1482648210796 0.01002474945255472
60 120 -3 -2.75 65 70 338.8518862435814 0.007689669558317291
60 120 -3 -2.75 70 80 502.5011609029665 0.01061733031679069
60 120 -3 -2.75 80 90 340.2001186886422 0.006598267039407801
60 120 -3 -2.75 90 100 234.0329249949306 0.004230403631936497
60 120 -2.75 -2.5 0 0.5 -2.702561283787108 7.445394659777449e-05
60 120 -2.75 -2.5 0.5 1 -1956.055437769935 0.04531483788468904
60 120 -2.75 -2.5 1 1.5 2355.867086414269 0.07092334261551514
60 120 -2.75 -2.5 1.5 2 4092.854118492894 0.1235155781182584
60 120 -2.75 -2.5 2 2.5 4198.670214641715 0.0835979828834752
60 120 -2.75 -2.5 2.5 3 3932.029896224159 0.1864321006792125
60 120 -2.75 -2.5 3 3.5 3590.398132642571 0.1265076747458806
60 120 -2.75 -2.5 3.5 4 3256.878147653615 0.08675449738939278
60 120 -2.75 -2.5 4 4.5 2954.15573047517 0.1468278654674577
60 120 -2.75 -2.5 4.5 5 2686.206343234008 0.1313787454650992
60 120 -2.75 -2.5 5 5.5 2450.953849202307 0.1182155404553669
60 120 -2.75 -2.5 5.5 6 2244.557224039091 0.1068871743486852
60 120 -2.75 -2.5 6 6.5 2063.031840489119 0.09709001871669898
60 120 -2.75 -2.5 6.5 7 1902.791027497717 0.08856411299530009
60 120 -2.75 -2.5 7 7.5 1760.747457805862 0.08110695984873928
60 120 -2.75 -2.5 7.5 8 1634.290868553506 0.07455330287234574
60 120 -2.75 -2.5 8 8.5 1521.215358536155 0.0687586804735929
60 120 -2.75 -2.5 8.5 9 1419.67018630764 0.06361947347841124
60 120 -2.75 -2.5 9 9.5 1328.11252645475 0.05903819297236623
60 120 -2.75 -2.5 9.5 10 1245.249115387868 0.05492573156220715
60 120 -2.75 -2.5 10 10.5 1169.991048649639 0.05501957488877451
60 120 -2.75 -2.5 10.5 11 1101.418121078785 0.04787215941541945
60 120 -2.75 -2.5 11 11.5 1038.74540379221 0.04483908525548941
60 120 -2.75 -2.5 11.5 12 981.296498121484 0.04207493816522856
60 120 -2.75 -2.5 12 12.5 928.4889899225116 0.03955004790316252
60 120 -2.75 -2.5 12.5 13 879.8214116234917 0.0372366858064197
60 120 -2.75 -2.5 13 13.5 834.8607966397818 0.03510825611510882
60 120 -2.75 -2.5 13.5 14 793.2312629875472 0.03314447711352386
60 120 -2.75 -2.5 14 14.5 754.6048406300735 0.0313329681284813
60 120 -2.75 -2.5 14.5 15 718.6938005318507 0.0296601195562971
60 120 -2.75 -2.5 15 16 1339.278733667509 0.05477835259716812
60 120 -2.75 -2.5 16 17 1222.403956729291 0.04940720705394597
60 120 -2.75 -2.5 17 18 1119.806582739681 0.04474008624833914
60 120 -2.75 -2.5 18 19 1029.208508075783 0.04065233776941568
60 120 -2.75 -2.5 19 20 948.7823024502231 0.03704754888315165
60 120 -2.75 -2.5 20 21 877.0440879832839 0.04314455562541752
60 120 -2.75 -2.5 21 22 812.7723233823306 0.03635586891630282
60 120 -2.75 -2.5 22 23 754.9518069063225 0.03091119828059163
60 120 -2.75 -2.5 23 24 702.735892236205 0.02628462975906132
60 120 -2.75 -2.5 24 25 655.4166806517119 0.02412160048004353
60 120 -2.75 -2.5 25 26 612.3972251889219 0.02226645137761807
60 120 -2.75 -2.5 26 27 573.1704846327389 0.02058469964754295
60 120 -2.75 -2.5 27 28 537.3029761504512 0.01905551363142877
60 120 -2.75 -2.5 28 29 504.4213228472382 0.01766294227769549
60 120 -2.75 -2.5 29 30 474.2024443895373 0.01639114728180857
60 120 -2.75 -2.5 30 31 446.366039395026 0.01522982150004282
60 120 -2.75 -2.5 31 32 420.6687991230203 0.01416666348444551
60 120 -2.75 -2.5 32 33 396.8982648028537 0.01319158923644181
60 120 -2.75 -2.5 33 34 374.8686339074097 0.01229601727902718
60 120 -2.75 -2.5 34 35 354.4162228580788 0.0114713462353393
60 120 -2.75 -2.5 35 36 335.3961591690816 0.01070955339508828
60 120 -2.75 -2.5 36 37 317.6798245497921 0.01000591998297296
60 120 -2.75 -2.5 37 38 301.1524654646587 0.009355345832489093
60 120 -2.75 -2.5 38 39 285.7121022194492 0.00875384366651133
60 120 -2.75 -2.5 39 40 271.2675544989115 0.008196432729846492
60 120 -2.75 -2.5 40 42 502.7849477651068 0.01989162245007492
60 120 -2.75 -2.5 42 44 455.0676389317323 0.01521359913914466
60 120 -2.75 -2.5 44 46 412.8700474421017 0.01155558027096504
60 120 -2.75 -2.5 46 48 375.4056947188343 0.01022090612298143
60 120 -2.75 -2.5 48 50 342.0225548030199 0.009060529836062869
60 120 -2.75 -2.5 50 52 312.1779178971009 0.008049829747733384
60 120 -2.75 -2.5 52 54 285.4168729014339 0.007167007246664525
60 120 -2.75 -2.5 54 56 261.3562914100218 0.006393552338295194
60 120 -2.75 -2.5 56 58 239.6703261371454 0.005714688170684212
60 120 -2.75 -2.5 58 60 220.0798581373342 0.005117775703411098
60 120 -2.75 -2.5 60 65 476.1665963369722 0.01970617804272479
60 120 -2.75 -2.5 65 70 388.6279141527489 0.008192957279845814
60 120 -2.75 -2.5 70 80 582.6690758075447 0.0114053247702941
60 120 -2.75 -2.5 80 90 400.9217879242306 0.007182278710445189
60 120 -2.75 -2.5 90 100 280.6896457649776 0.00467486103156034
60 120 -2.5 -2.4 0 0.5 -1.143520316380011 4.493269804717315e-05
60 120 -2.5 -2.4 0.5 1 -940.6758862526093 0.03011748889002774
60 120 -2.5 -2.4 1 1.5 848.5377868577056 0.02782832365733157
60 120 -2.5 -2.4 1.5 2 1628.155441693828 0.05308287326556638
60 120 -2.5 -2.4 2 2.5 1699.104685711818 0.0639056333930057
60 120 -2.5 -2.4 2.5 3 1603.151029584755 0.06330242337025993
60 120 -2.5 -2.4 3 3.5 1470.351367908594 0.06193216358587961
60 120 -2.5 -2.4 3.5 4 1337.718037412117 0.05801946712722383
60 120 -2.5 -2.4 4 4.5 1216.02740074962 0.05963687005305474
60 120 -2.5 -2.4 4.5 5 1107.64434092431 0.05338176066538836
60 120 -2.5 -2.4 5 5.5 1012.066513351381 0.04800994898539557
60 120 -2.5 -2.4 5.5 6 927.9259637157207 0.04339239213356905
60 120 -2.5 -2.4 6 6.5 853.7404323593079 0.03941654487596224
60 120 -2.5 -2.4 6.5 7 788.1311802135531 0.03644936098521612
60 120 -2.5 -2.4 7 7.5 729.8896483115427 0.03451436698776433
60 120 -2.5 -2.4 7.5 8 677.9645323295177 0.03217449348130685
60 120 -2.5 -2.4 8 8.5 631.4728067848529 0.0303191066883528
60 120 -2.5 -2.4 8.5 9 589.6761087288153 0.02885516997025661
60 120 -2.5 -2.4 9 9.5 551.9552796248411 0.02732639467035369
60 120 -2.5 -2.4 9.5 10 517.7899196668251 0.02527781031108134
60 120 -2.5 -2.4 10 10.5 486.7434648954272 0.0237475000745917
60 120 -2.5 -2.4 10.5 11 458.438953352223 0.01988788358744387
60 120 -2.5 -2.4 11 11.5 432.5504099172714 0.018264919917101
60 120 -2.5 -2.4 11.5 12 408.8030036016198 0.01713842664565846
60 120 -2.5 -2.4 12 12.5 386.9604314334573 0.01611108177041842
60 120 -2.5 -2.4 12.5 13 366.8206189300889 0.01517035940537426
60 120 -2.5 -2.4 13 13.5 348.2070022013436 0.01430605586170941
60 120 -2.5 -2.4 13.5 14 330.967083424936 0.01350937089137005
60 120 -2.5 -2.4 14 14.5 314.9658562486172 0.01277364547911475
60 120 -2.5 -2.4 14.5 15 300.08493924022 0.01209329849234564
60 120 -2.5 -2.4 15 16 559.4910107342594 0.02233884253712404
60 120 -2.5 -2.4 16 17 510.9971932817123 0.02015374141967641
60 120 -2.5 -2.4 17 18 468.3977537494669 0.01824989891855466
60 120 -2.5 -2.4 18 19 430.7613696278934 0.01658306758287154
60 120 -2.5 -2.4 19 20 397.337544574324 0.01511462721805401
60 120 -2.5 -2.4 20 21 367.5100431332172 0.01826935170049637
60 120 -2.5 -2.4 21 22 340.7700521261884 0.01536447039711675
60 120 -2.5 -2.4 22 23 316.7005944981694 0.01288362045909253
60 120 -2.5 -2.4 23 24 294.9551861295544 0.01098450940241946
60 120 -2.5 -2.4 24 25 275.241768762491 0.00985373194322392
60 120 -2.5 -2.4 25 26 257.313754194432 0.009096843108011399
60 120 -2.5 -2.4 26 27 240.9611229448887 0.00841117297190408
60 120 -2.5 -2.4 27 28 226.0025131571937 0.007788325505714511
60 120 -2.5 -2.4 28 29 212.282740201598 0.007221236256782504
60 120 -2.5 -2.4 29 30 199.6683740045483 0.006703484477156962
60 120 -2.5 -2.4 30 31 188.0443693285162 0.006229922766237905
60 120 -2.5 -2.4 31 32 177.3103736039858 0.005795882854982892
60 120 -2.5 -2.4 32 33 167.3786079544118 0.005397029849575574
60 120 -2.5 -2.4 33 34 158.1717838269147 0.005030538870556711
60 120 -2.5 -2.4 34 35 149.6212830202997 0.004693236938180689
60 120 -2.5 -2.4 35 36 141.6663548742442 0.004382320674750417
60 120 -2.5 -2.4 36 37 134.2535379188383 0.004095192322040475
60 120 -2.5 -2.4 37 38 127.3357585407839 0.003829614561368544
60 120 -2.5 -2.4 38 39 120.8707672354078 0.003583648391042971
60 120 -2.5 -2.4 39 40 114.8208771666548 0.003356215506698845
60 120 -2.5 -2.4 40 42 212.9862449286811 0.008457726427110401
60 120 -2.5 -2.4 42 44 192.983028266062 0.006580396213422546
60 120 -2.5 -2.4 44 46 175.2821314470896 0.005118191477038181
60 120 -2.5 -2.4 46 48 159.5545316986615 0.004193249605179972
60 120 -2.5 -2.4 48 50 145.5301702083824 0.003718507184686359
60 120 -2.5 -2.4 50 52 132.9841836449098 0.003304991747256736
60 120 -2.5 -2.4 52 54 121.7277523012068 0.002944326178820234
60 120 -2.5 -2.4 54 56 111.6006069141119 0.002627691202718552
60 120 -2.5 -2.4 56 58 102.4657723840448 0.002350552801487993
60 120 -2.5 -2.4 58 60 94.20726436614855 0.00210668111577661
60 120 -2.5 -2.4 60 65 204.2753953754786 0.006495397956882698
60 120 -2.5 -2.4 65 70 167.279115984188 0.003383575411561424
60 120 -2.5 -2.4 70 80 252.0970986410904 0.004726876515519507
60 120 -2.5 -2.4 80 90 174.7915773837047 0.002993275182376465
60 120 -2.5 -2.4 90 100 123.390654614483 0.001961290313218456
60 120 -2.4 -2.3 0 0.5 -1.178066149390049 3.096844349093075e-05
60 120 -2.4 -2.3 0.5 1 -1028.844867678627 0.02955417906514413
60 120 -2.4 -2.3 1 1.5 793.7334061846044 0.02390226767272452
60 120 -2.4 -2.3 1.5 2 1620.156924745842 0.03685837669127068
60 120 -2.4 -2.3 2 2.5 1707.210213224822 0.0553692407638664
60 120 -2.4 -2.3 2.5 3 1617.542374025871 0.05459904832605389
60 120 -2.4 -2.3 3 3.5 1487.141120438921 0.05126607780380255
60 120 -2.4 -2.3 3.5 4 1355.167888709014 0.06728089164062112
60 120 -2.4 -2.3 4 4.5 1233.358036517506 0.05995371669519045
60 120 -2.4 -2.3 4.5 5 1124.489687814838 0.05366345275433559
60 120 -2.4 -2.3 5 5.5 1028.225872216585 0.04826267278099294
60 120 -2.4 -2.3 5.5 6 943.3308713480751 0.04363588374212668
60 120 -2.4 -2.3 6 6.5 868.383073759853 0.03965364091777701
60 120 -2.4 -2.3 6.5 7 802.0378554049389 0.03620573402656646
60 120 -2.4 -2.3 7 7.5 743.0880599124807 0.03320679139915228
60 120 -2.4 -2.3 7.5 8 690.4869570652519 0.03057469960458548
60 120 -2.4 -2.3 8 8.5 643.3561491342169 0.02823905029060825
60 120 -2.4 -2.3 8.5 9 600.9604735316126 0.0261501135656772
60 120 -2.4 -2.3 9 9.5 562.6837633071291 0.02427565388529729
60 120 -2.4 -2.3 9.5 10 528.0079384631948 0.02258879782311851
60 120 -2.4 -2.3 10 10.5 496.4832143948362 0.02343734678191822
60 120 -2.4 -2.3 10.5 11 467.7260166929812 0.02028531983364701
60 120 -2.4 -2.3 11 11.5 441.4132420318052 0.01848727880388878
60 120 -2.4 -2.3 11.5 12 417.2690350244546 0.01761959424982251
60 120 -2.4 -2.3 12 12.5 395.0569322581932 0.01688597002549841
60 120 -2.4 -2.3 12.5 13 374.5715812016084 0.01601469065644778
60 120 -2.4 -2.3 13 13.5 355.6361989726258 0.01505398122782253
60 120 -2.4 -2.3 13.5 14 338.094866183799 0.01441228187923116
60 120 -2.4 -2.3 14 14.5 321.8100438749494 0.01409400597077592
60 120 -2.4 -2.3 14.5 15 306.6597087397179 0.01362321546127987
60 120 -2.4 -2.3 15 16 571.8909372937732 0.02578999118588854
60 120 -2.4 -2.3 16 17 522.4884420947899 0.02343835661451976
60 120 -2.4 -2.3 17 18 479.0808633203288 0.0216437790977011
60 120 -2.4 -2.3 18 19 440.7232702647486 0.02039619993445285
60 120 -2.4 -2.3 19 20 406.6471389296896 0.01925762229814154
60 120 -2.4 -2.3 20 21 376.2245768711973 0.01863715389845311
60 120 -2.4 -2.3 21 22 348.9445310442758 0.01702702711162374
60 120 -2.4 -2.3 22 23 324.3841816588475 0.01608236218618231
60 120 -2.4 -2.3 23 24 302.1907532007872 0.01489574319504072
60 120 -2.4 -2.3 24 25 282.068721287354 0.01409651825696301
60 120 -2.4 -2.3 25 26 263.765616634297 0.009202598339641099
60 120 -2.4 -2.3 26 27 247.0649400277362 0.008509583022600964
60 120 -2.4 -2.3 27 28 231.7837051205642 0.007880262917467462
60 120 -2.4 -2.3 28 29 217.7654597002505 0.007306289822196277
60 120 -2.4 -2.3 29 30 204.8754378454303 0.006782254053831593
60 120 -2.4 -2.3 30 31 192.9959637899207 0.006302985795002769
60 120 -2.4 -2.3 31 32 182.0246313746094 0.005863896936631363
60 120 -2.4 -2.3 32 33 171.8713042967527 0.005461367777144233
60 120 -2.4 -2.3 33 34 162.456514572341 0.005090819926579115
60 120 -2.4 -2.3 34 35 153.7106832685184 0.004749545882418715
60 120 -2.4 -2.3 35 36 145.5726998052189 0.004434531473322068
60 120 -2.4 -2.3 36 37 137.988456192188 0.004143811899439243
60 120 -2.4 -2.3 37 38 130.9095500184247 0.00387498186151447
60 120 -2.4 -2.3 38 39 124.2930714379696 0.003626586453862046
60 120 -2.4 -2.3 39 40 118.1005562644137 0.00339656958908563
60 120 -2.4 -2.3 40 42 219.1504807459558 0.008848160825181139
60 120 -2.4 -2.3 42 44 198.6657508670389 0.006946082552644839
60 120 -2.4 -2.3 44 46 180.5306319934875 0.005291524424023919
60 120 -2.4 -2.3 46 48 164.4128110314872 0.004244625386746748
60 120 -2.4 -2.3 48 50 150.0367893663149 0.003765510183228571
60 120 -2.4 -2.3 50 52 137.1726261962051 0.003347271317011291
60 120 -2.4 -2.3 52 54 125.6259920178679 0.002982141005972494
60 120 -2.4 -2.3 54 56 115.2330935756278 0.002662521209046531
60 120 -2.4 -2.3 56 58 105.8557874379706 0.002381852568447584
60 120 -2.4 -2.3 58 60 97.3754038939506 0.002134968673118465
60 120 -2.4 -2.3 60 65 211.3408394077256 0.005891468463602223
60 120 -2.4 -2.3 65 70 173.3059538739614 0.003433163912632153
60 120 -2.4 -2.3 70 80 261.7393847153369 0.00480228946241823
60 120 -2.4 -2.3 80 90 182.0624272283384 0.003047481298011689
60 120 -2.4 -2.3 90 100 128.9800652567178 0.002001981581798873
60 120 -2.3 -2.2 0 0.5 -1.21200830043499 4.266683791387393e-05
60 120 -2.3 -2.2 0.5 1 -1115.013901791862 0.02132196935576758
60 120 -2.3 -2.2 1 1.5 739.278908053931 0.03107252346921996
60 120 -2.3 -2.2 1.5 2 1611.248505960692 0.0664714096822081
60 120 -2.3 -2.2 2 2.5 1714.048199324925 0.04715349994035023
60 120 -2.3 -2.2 2.5 3 1630.650731919607 0.04269839278776999
60 120 -2.3 -2.2 3 3.5 1502.677053831788 0.03955092025466911
60 120 -2.3 -2.2 3.5 4 1371.444663709525 0.06756183562765727
60 120 -2.3 -2.2 4 4.5 1249.620239981144 0.06016456660518088
60 120 -2.3 -2.2 4.5 5 1140.329386002242 0.05385288469847183
60 120 -2.3 -2.2 5 5.5 1043.453405663806 0.04851076750310312
60 120 -2.3 -2.2 5.5 6 957.8695266997506 0.04394051010979183
60 120 -2.3 -2.2 6 6.5 882.2269091326323 0.03999643772135641
60 120 -2.3 -2.2 6.5 7 815.2053743759035 0.03656739086466132
60 120 -2.3 -2.2 7 7.5 755.5898197375764 0.03355699403914514
60 120 -2.3 -2.2 7.5 8 702.3494198594605 0.03088971917418348
60 120 -2.3 -2.2 8 8.5 654.6175947348638 0.02851055604787689
60 120 -2.3 -2.2 8.5 9 611.6643756614875 0.02638800808836095
60 120 -2.3 -2.2 9 9.5 572.8740331223438 0.02448767947407759
60 120 -2.3 -2.2 9.5 10 537.7138194986904 0.02278777759670447
60 120 -2.3 -2.2 10 10.5 505.7311047807937 0.02400802311120742
60 120 -2.3 -2.2 10.5 11 476.5441184170975 0.02068491241527681
60 120 -2.3 -2.2 11 11.5 449.8296313612401 0.01861426027181778
60 120 -2.3 -2.2 11.5 12 425.3109580719259 0.0174668325560674
60 120 -2.3 -2.2 12 12.5 402.7500189329634 0.01642081445152144
60 120 -2.3 -2.2 12.5 13 381.9413089584879 0.01546379143593413
60 120 -2.3 -2.2 13 13.5 362.7026222081178 0.01458480557727171
60 120 -2.3 -2.2 13.5 14 344.8738321880126 0.01377501632561007
60 120 -2.3 -2.2 14 14.5 328.3156805466678 0.01302789233517387
60 120 -2.3 -2.2 14.5 15 312.907758981594 0.01233696883298308
60 120 -2.3 -2.2 15 16 583.6744288648097 0.02279938841593321
60 120 -2.3 -2.2 16 17 533.4132752683707 0.02058229477609075
60 120 -2.3 -2.2 17 18 489.2412411871176 0.01866521677590072
60 120 -2.3 -2.2 18 19 450.1950975895779 0.0175649139848133
60 120 -2.3 -2.2 19 20 415.4929531969351 0.01665498094234863
60 120 -2.3 -2.2 20 21 384.5030061197874 0.01909279312684475
60 120 -2.3 -2.2 21 22 356.7082691812344 0.01593246366553558
60 120 -2.3 -2.2 22 23 331.681315259028 0.01342497093645534
60 120 -2.3 -2.2 23 24 309.0641834368303 0.01307970061685637
60 120 -2.3 -2.2 24 25 288.551556158547 0.01266449530368163
60 120 -2.3 -2.2 25 26 269.8860636640524 0.01192082293499652
60 120 -2.3 -2.2 26 27 252.8515355491275 0.01122683682859815
60 120 -2.3 -2.2 27 28 237.2632450270107 0.01067214758506907
60 120 -2.3 -2.2 28 29 222.9619618846791 0.01020592685554789
60 120 -2.3 -2.2 29 30 209.8096835939537 0.009651284138925575
60 120 -2.3 -2.2 30 31 197.6868910224754 0.009297429073541252
60 120 -2.3 -2.2 31 32 186.4882409092228 0.008987057995824443
60 120 -2.3 -2.2 32 33 176.1219084295061 0.008662426442441529
60 120 -2.3 -2.2 33 34 166.5078109918298 0.005146897486014268
60 120 -2.3 -2.2 34 35 157.5756951524227 0.004801607128854357
60 120 -2.3 -2.2 35 36 149.2633873915256 0.004483466088544219
60 120 -2.3 -2.2 36 37 141.515671108109 0.004189925880723422
60 120 -2.3 -2.2 37 38 134.2837459189358 0.003918736344786566
60 120 -2.3 -2.2 38 39 127.5235632567517 0.003667643574729595
60 120 -2.3 -2.2 39 40 121.1955123778032 0.003434902925150141
60 120 -2.3 -2.2 40 42 224.9609562002521 0.009233689907972575
60 120 -2.3 -2.2 42 44 204.0144239612986 0.007120360597099307
60 120 -2.3 -2.2 44 46 185.4671316197078 0.005490432545684598
60 120 -2.3 -2.2 46 48 168.9793068963595 0.004293863324079439
60 120 -2.3 -2.2 48 50 154.2694301011735 0.003808464965260328
60 120 -2.3 -2.2 50 52 141.1013428655273 0.003386455449060577
60 120 -2.3 -2.2 52 54 129.27825309426 0.003017570049792084
60 120 -2.3 -2.2 54 56 118.6341551974214 0.002694129014628288
60 120 -2.3 -2.2 56 58 109.0275396924938 0.002410049950810844
60 120 -2.3 -2.2 58 60 100.3378784504852 0.002161153831707452
60 120 -2.3 -2.2 60 65 217.9403869490441 0.004841889393759402
60 120 -2.3 -2.2 65 70 178.9237984788575 0.003477310649088849
60 120 -2.3 -2.2 70 80 270.7043629635992 0.004867818989737316
60 120 -2.3 -2.2 80 90 188.7862287537668 0.00309392763398364
60 120 -2.3 -2.2 90 100 134.1234761216446 0.002036294734836019
60 120 -2.2 -2.1 0 0.5 -1.245114311394777 3.170435817745343e-05
60 120 -2.2 -2.1 0.5 1 -1199.379507086575 0.02451559891142097
60 120 -2.2 -2.1 1 1.5 685.2286168922964 0.02729144750264823
60 120 -2.2 -2.1 1.5 2 1601.627070547606 0.04277277622054498
60 120 -2.2 -2.1 2 2.5 1719.872922280493 0.0377538940699651
60 120 -2.2 -2.1 2.5 3 1642.708096837977 0.03535188964315239
60 120 -2.2 -2.1 3 3.5 1517.172230176401 0.03399625982706311
60 120 -2.2 -2.1 3.5 4 1386.750607366041 0.06785578473204623
60 120 -2.2 -2.1 4 4.5 1264.972485980354 0.06062950889304375
60 120 -2.2 -2.1 4.5 5 1155.313589857849 0.05437729581126405
60 120 -2.2 -2.1 5 5.5 1057.874424233462 0.04902719537562916
60 120 -2.2 -2.1 5.5 6 971.6649060620221 0.04441493572744548
60 120 -2.2 -2.1 6 6.5 895.3939144496223 0.04039632638955482
60 120 -2.2 -2.1 6.5 7 827.7265953855585 0.0368839614816352
60 120 -2.2 -2.1 7 7.5 767.4790065894332 0.03380574617403909
60 120 -2.2 -2.1 7.5 8 713.6383452370923 0.03109753251817438
60 120 -2.2 -2.1 8 8.5 665.3458492341649 0.02870734292423549
60 120 -2.2 -2.1 8.5 9 621.8756072343716 0.02658134889566099
60 120 -2.2 -2.1 9 9.5 582.5974615798148 0.02468210962899775
60 120 -2.2 -2.1 9.5 10 546.9724039236008 0.02297722550110848
60 120 -2.2 -2.1 10 10.5 514.5510652526216 0.02426696356656066
60 120 -2.2 -2.1 10.5 11 484.9553067746802 0.02097494672011635
60 120 -2.2 -2.1 11 11.5 457.8611675505642 0.01879230990323322
60 120 -2.2 -2.1 11.5 12 432.990654010075 0.01764240197940126
60 120 -2.2 -2.1 12 12.5 410.1029485791673 0.01658940041511414
60 120 -2.2 -2.1 12.5 13 388.9849451185398 0.01562562743475837
60 120 -2.2 -2.1 13 13.5 369.4521534918256 0.01473992054667406
60 120 -2.2 -2.1 13.5 14 351.3456505745927 0.01392405036244782
60 120 -2.2 -2.1 14 14.5 334.5269306219568 0.01317024127848754
60 120 -2.2 -2.1 14.5 15 318.8741865881818 0.01247367415527378
60 120 -2.2 -2.1 15 16 594.9301637944607 0.02305109101064318
60 120 -2.2 -2.1 16 17 543.8529097353577 0.02080233507206231
60 120 -2.2 -2.1 17 18 498.9507718997292 0.01883831109938683
60 120 -2.2 -2.1 18 19 459.2401060342573 0.01711742314051889
60 120 -2.2 -2.1 19 20 423.936437128506 0.01560503669662694
60 120 -2.2 -2.1 20 21 392.4046530949444 0.019271302549555
60 120 -2.2 -2.1 21 22 364.1216042130005 0.01615208454035155
60 120 -2.2 -2.1 22 23 338.650738715159 0.01396819733736265
60 120 -2.2 -2.1 23 24 315.6230727309877 0.01184139057437505
60 120 -2.2 -2.1 24 25 294.7321233059095 0.01100892276588183
60 120 -2.2 -2.1 25 26 275.7200644256667 0.01046636157428793
60 120 -2.2 -2.1 26 27 258.367362884045 0.009997787142424386
60 120 -2.2 -2.1 27 28 242.4858099311144 0.009338694491702881
60 120 -2.2 -2.1 28 29 227.9138161936613 0.008841188182941551
60 120 -2.2 -2.1 29 30 214.5105711483584 0.008752711842049621
60 120 -2.2 -2.1 30 31 202.1526740464461 0.008405733499529333
60 120 -2.2 -2.1 31 32 190.7342392255177 0.008047529383730989
60 120 -2.2 -2.1 32 33 180.162939568797 0.007608127973497858
60 120 -2.2 -2.1 33 34 170.3579859845152 0.007241005091373154
60 120 -2.2 -2.1 34 35 161.2477936657627 0.006890940131796697
60 120 -2.2 -2.1 35 36 152.7692307511828 0.006604595890138398
60 120 -2.2 -2.1 36 37 144.8659536843662 0.006567173940652538
60 120 -2.2 -2.1 37 38 137.4871054122598 0.006465419816322537
60 120 -2.2 -2.1 38 39 130.5877262928292 0.006192943512616012
60 120 -2.2 -2.1 39 40 124.1280014204184 0.005843513563121405
60 120 -2.2 -2.1 40 42 230.4619824042904 0.01115471388681044
60 120 -2.2 -2.1 42 44 209.0752946896623 0.01043061957253144
60 120 -2.2 -2.1 44 46 190.1343558095334 0.005651793378518732
60 120 -2.2 -2.1 46 48 173.2922756201892 0.004436671150841676
60 120 -2.2 -2.1 48 50 158.2608663219389 0.003849328953407394
60 120 -2.2 -2.1 50 52 144.8018757311978 0.003422414811524277
60 120 -2.2 -2.1 52 54 132.7151068503557 0.003049236593454907
60 120 -2.2 -2.1 54 56 121.8316654504455 0.002722859136881084
60 120 -2.2 -2.1 56 58 112.0072972939528 0.002436487316785474
60 120 -2.2 -2.1 58 60 103.1176485515413 0.002184107934112944
60 120 -2.2 -2.1 60 65 224.1181676472717 0.004558420242602779
60 120 -2.2 -2.1 65 70 184.1715983269163 0.003516210519222795
60 120 -2.2 -2.1 70 80 279.0500778417184 0.004925247331243554
60 120 -2.2 -2.1 80 90 195.0240073159862 0.003133733398243521
60 120 -2.2 -2.1 90 100 138.8746904391259 0.002065417580922713
60 120 -2.1 -2 0 0.5 -1.277897699972225 4.219653367698584e-05
60 120 -2.1 -2 0.5 1 -1281.944505515915 0.0580659002637276
60 120 -2.1 -2 1 1.5 631.6970786190919 0.005166758700966056
60 120 -2.1 -2 1.5 2 1591.363890628189 0.01821793319163589
60 120 -2.1 -2 2 2.5 1724.839280765691 0.01502486748495357
60 120 -2.1 -2 2.5 3 1653.828100222867 0.02591328056405473
60 120 -2.1 -2 3 3.5 1530.751954733777 0.03185306441764624
60 120 -2.1 -2 3.5 4 1401.21474152086 0.06828969134312501
60 120 -2.1 -2 4 4.5 1279.528776041411 0.06092051585824265
60 120 -2.1 -2 4.5 5 1169.540212786367 0.05459703411315786
60 120 -2.1 -2 5 5.5 1071.59514641327 0.0492212173369353
60 120 -2.1 -2 5.5 6 984.8295102931336 0.04460973781681332
60 120 -2.1 -2 6 6.5 907.9572289787903 0.04061535139805983
60 120 -2.1 -2 6.5 7 839.6731069081774 0.03712282069830053
60 120 -2.1 -2 7 7.5 778.8257949438066 0.03405342430278324
60 120 -2.1 -2 7.5 8 724.4226410006273 0.03134353154393921
60 120 -2.1 -2 8 8.5 675.6129421911177 0.02894342752790635
60 120 -2.1 -2 8.5 9 631.6500471692052 0.02680859647728084
60 120 -2.1 -2 9 9.5 591.8957396246088 0.02490612135306947
60 120 -2.1 -2 9.5 10 555.8233588774707 0.02320197624931097
60 120 -2.1 -2 10 10.5 522.9872176475411 0.02471525385237783
60 120 -2.1 -2 10.5 11 493.0060815638779 0.02107107841175093
60 120 -2.1 -2 11 11.5 465.5551224433784 0.01898338569117186
60 120 -2.1 -2 11.5 12 440.3517873238876 0.01782314575450528
60 120 -2.1 -2 12 12.5 417.1479220129161 0.01676004498057182
60 120 -2.1 -2 12.5 13 395.7303074753166 0.01578285031763471
60 120 -2.1 -2 13 13.5 375.9152764638142 0.01488495331392414
60 120 -2.1 -2 13.5 14 357.5435448553873 0.01405428173876544
60 120 -2.1 -2 14 14.5 340.475857724181 0.01328900044177317
60 120 -2.1 -2 14.5 15 324.5898820037928 0.01258332513839377
60 120 -2.1 -2 15 16 605.7204753122069 0.02325493451303373
60 120 -2.1 -2 16 17 553.864733303702 0.02099313016651649
60 120 -2.1 -2 17 18 508.2519123715468 0.0190200747828726
60 120 -2.1 -2 18 19 467.9014364194515 0.01728600663147972
60 120 -2.1 -2 19 20 432.0254570833349 0.01575969019984313
60 120 -2.1 -2 20 21 399.9786939219622 0.01969416878006314
60 120 -2.1 -2 21 22 371.2270645063836 0.01686528423942946
60 120 -2.1 -2 22 23 345.3237010032461 0.01420108116491292
60 120 -2.1 -2 23 24 321.8998911601886 0.01212325052057395
60 120 -2.1 -2 24 25 300.6465814046783 0.01031003533825015
60 120 -2.1 -2 25 26 281.3025256405525 0.009504724665191588
60 120 -2.1 -2 26 27 263.6453530230379 0.008786551156617861
60 120 -2.1 -2 27 28 247.4836154229094 0.008721483683501674
60 120 -2.1 -2 28 29 232.6502114149033 0.008524509230596777
60 120 -2.1 -2 29 30 219.0019521586546 0.007970783643173718
60 120 -2.1 -2 30 31 206.4166458740058 0.007445995260610516
60 120 -2.1 -2 31 32 194.7873767507197 0.007037337245236586
60 120 -2.1 -2 32 33 184.0204873705913 0.006762770471482327
60 120 -2.1 -2 33 34 174.0332396549252 0.00640928091345927
60 120 -2.1 -2 34 35 164.7528736901609 0.006395098259730503
60 120 -2.1 -2 35 36 156.1138955832379 0.006254188667980998
60 120 -2.1 -2 36 37 148.058789165895 0.005901731645195696
60 120 -2.1 -2 37 38 140.537172748536 0.005664194457523308
60 120 -2.1 -2 38 39 133.5039184366371 0.005456414518391739
60 120 -2.1 -2 39 40 126.9185796769575 0.005339896030065461
60 120 -2.1 -2 40 42 235.6942103774934 0.009870635405292205
60 120 -2.1 -2 42 44 213.8854834126885 0.009327014292722424
60 120 -2.1 -2 44 46 194.5652958238458 0.008940047384896843
60 120 -2.1 -2 46 48 177.3802388850705 0.00835143623521617
60 120 -2.1 -2 48 50 162.0400123637295 0.007750169513457195
60 120 -2.1 -2 50 52 148.3025891032984 0.007145473440743899
60 120 -2.1 -2 52 54 135.9644175671679 0.003079827291088577
60 120 -2.1 -2 54 56 124.8514504903625 0.002750262636155298
60 120 -2.1 -2 56 58 114.8165502549464 0.002460049021564714
60 120 -2.1 -2 58 60 105.7347407240074 0.002205672341773379
60 120 -2.1 -2 60 65 229.9263704532313 0.004589824384964913
60 120 -2.1 -2 65 70 189.0922704948547 0.003551771538440107
60 120 -2.1 -2 70 80 286.8428520580289 0.004976147465470149
60 120 -2.1 -2 80 90 200.8190482597351 0.003168076295196443
60 120 -2.1 -2 90 100 143.2700779702531 0.002089918122550216
60 120 -2 -1.9 0 0.5 -1.309913187708971 3.326921131630023e-05
60 120 -2 -1.9 0.5 1 -1362.676271743645 0.0170512849347233
60 120 -2 -1.9 1 1.5 578.7705701109758 0.01060360141320871
60 120 -2 -1.9 1.5 2 1580.663584465116 0.06695521669735172
60 120 -2 -1.9 2 2.5 1729.127684627562 0.02732137023349424
60 120 -2 -1.9 2.5 3 1664.155856379663 0.03953586899001493
60 120 -2 -1.9 3 3.5 1543.536468697614 0.07701167317031832
60 120 -2 -1.9 3.5 4 1414.932579812903 0.06856021420003344
60 120 -2 -1.9 4 4.5 1293.346416219873 0.06124678020228203
60 120 -2 -1.9 4.5 5 1183.06443356233 0.05499938340858535
60 120 -2 -1.9 5 5.5 1084.685944639163 0.0496516255223014
60 120 -2 -1.9 5.5 6 997.4088979373737 0.04500975434075372
60 120 -2 -1.9 6 6.5 919.9541957145061 0.04097176297136684
60 120 -2 -1.9 6.5 7 851.0848435149611 0.03743522719059911
60 120 -2 -1.9 7 7.5 789.6833722394981 0.03433394769842835
60 120 -2 -1.9 7.5 8 734.7662665347905 0.03160659641321217
60 120 -2 -1.9 8 8.5 685.4595112961867 0.02918815619625548
60 120 -2 -1.9 8.5 9 641.012876668282 0.02703459783867856
60 120 -2 -1.9 9 9.5 600.8049806538922 0.02510795431703627
60 120 -2 -1.9 9.5 10 564.3094019425823 0.02337527299596331
60 120 -2 -1.9 10 10.5 531.0797815506676 0.02462481152406326
60 120 -2 -1.9 10.5 11 500.736329292519 0.0214493145005008
60 120 -2 -1.9 11 11.5 472.9462599445307 0.01913607011152862
60 120 -2 -1.9 11.5 12 447.4190897439333 0.01796755359811186
60 120 -2 -1.9 12 12.5 423.9074069313137 0.01689522916268515
60 120 -2 -1.9 12.5 13 402.1999871563731 0.01591323101882836
60 120 -2 -1.9 13 13.5 382.1140252837108 0.01501045120812705
60 120 -2 -1.9 13.5 14 363.4898992013012 0.01417995934696137
60 120 -2 -1.9 14 14.5 346.1869851139924 0.01341359423923905
60 120 -2 -1.9 14.5 15 330.0812095313122 0.01270613043470803
60 120 -2 -1.9 15 16 616.0873836944866 0.0234904313658717
60 120 -2 -1.9 16 17 563.4690250773651 0.02121175341767412
60 120 -2 -1.9 17 18 517.174162244542 0.01921929789102705
60 120 -2 -1.9 18 19 476.2155593406466 0.01746821428201883
60 120 -2 -1.9 19 20 439.7938321132698 0.01592647791852642
60 120 -2 -1.9 20 21 407.2519017111732 0.01455987529948288
60 120 -2 -1.9 21 22 378.0437598701299 0.01714686767030571
60 120 -2 -1.9 22 23 351.7232391735733 0.01451439774251639
60 120 -2 -1.9 23 24 327.9192512332246 0.01221977574948596
60 120 -2 -1.9 24 25 306.3198137063938 0.0103929674710912
60 120 -2 -1.9 25 26 286.6596917588016 0.009591875644900938
60 120 -2 -1.9 26 27 268.7095134275969 0.008929418113382326
60 120 -2 -1.9 27 28 252.2731857284025 0.008290850246368109
60 120 -2 -1.9 28 29 237.184918427771 0.007616792999840527
60 120 -2 -1.9 29 30 223.3022246930841 0.007218070807851973
60 120 -2 -1.9 30 31 210.4998216008642 0.006825087160137855
60 120 -2 -1.9 31 32 198.6691869619368 0.006479257945386507
60 120 -2 -1.9 32 33 187.7145721402978 0.006347071788127323
60 120 -2 -1.9 33 34 177.5512344900352 0.006258957672571341
60 120 -2 -1.9 34 35 168.1044659713869 0.005885255468371042
60 120 -2 -1.9 35 36 159.3095788020005 0.005712160115052711
60 120 -2 -1.9 36 37 151.1086593653224 0.005489507231715152
60 120 -2 -1.9 37 38 143.4502688754324 0.005284521072013604
60 120 -2 -1.9 38 39 136.2884552909809 0.00491573858229799
60 120 -2 -1.9 39 40 129.582391108974 0.004652827813060867
60 120 -2 -1.9 40 42 240.687820057795 0.01017109923571979
60 120 -2 -1.9 42 44 218.4701105455188 0.008714417930832496
60 120 -2 -1.9 44 46 198.7821385121792 0.00804503604459228
60 120 -2 -1.9 46 48 181.2679069877039 0.007308567746548533
60 120 -2 -1.9 48 50 165.6327130736954 0.007000379193357276
60 120 -2 -1.9 50 52 151.6284275039845 0.006861992338400569
60 120 -2 -1.9 52 54 139.0460267524129 0.006296385615399913
60 120 -2 -1.9 54 56 127.711051542071 0.005938555842348592
60 120 -2 -1.9 56 58 117.4746724371796 0.005586350434569454
60 120 -2 -1.9 58 60 108.2094581857555 0.005266647717832029
60 120 -2 -1.9 60 65 235.4085808348106 0.004631693203549503
60 120 -2 -1.9 65 70 193.7212298277989 0.003583550812464864
60 120 -2 -1.9 70 80 294.1461493939606 0.005021261045271785
60 120 -2 -1.9 80 90 206.2178185185544 0.003197799821009539
60 120 -2 -1.9 90 100 147.343991141246 0.002111042175954481
60 120 -1.9 -1.8 0 0.5 -1.341280695694668 3.476979565930627e-05
60 120 -1.9 -1.8 0.5 1 -1441.463331274295 0.02001317518443102
60 120 -1.9 -1.8 1 1.5 526.9353884792235 0.01641312348306201
60 120 -1.9 -1.8 1.5 2 1569.813003340414 0.02357225361174642
60 120 -1.9 -1.8 2 2.5 1732.855288104618 0.01760560507409537
60 120 -1.9 -1.8 2.5 3 1673.743867386608 0.01924820048611764
60 120 -1.9 -1.8 3 3.5 1555.603054154308 0.07733077898069496
60 120 -1.9 -1.8 3.5 4 1427.95131159371 0.0688751231812148
60 120 -1.9 -1.8 4 4.5 1306.47714275158 0.0615999232197737
60 120 -1.9 -1.8 4.5 5 1195.974026623862 0.05533089952609771
60 120 -1.9 -1.8 5 5.5 1097.230353786403 0.04991617020323247
60 120 -1.9 -1.8 5.5 6 1009.439154933736 0.04525552554696333
60 120 -1.9 -1.8 6 6.5 931.4306541125837 0.04121749872501823
60 120 -1.9 -1.8 6.5 7 862.0191395514842 0.03767589174049135
60 120 -1.9 -1.8 7 7.5 800.1071445984921 0.03457330606931919
60 120 -1.9 -1.8 7.5 8 744.6937499667279 0.03184347105718643
60 120 -1.9 -1.8 8 8.5 694.8981215607951 0.02942545664370755
60 120 -1.9 -1.8 8.5 9 649.9875282173432 0.02727137102579036
60 120 -1.9 -1.8 9 9.5 609.3454723985413 0.02533539788169037
60 120 -1.9 -1.8 9.5 10 572.450445466373 0.02359754163148864
60 120 -1.9 -1.8 10 10.5 538.8551676647306 0.02535385651594879
60 120 -1.9 -1.8 10.5 11 508.1650048904821 0.02209631776304377
60 120 -1.9 -1.8 11 11.5 480.0410034418887 0.01937190878055617
60 120 -1.9 -1.8 11.5 12 454.1971065414161 0.01814014105531214
60 120 -1.9 -1.8 12 12.5 430.3904041519062 0.01706017580011121
60 120 -1.9 -1.8 12.5 13 408.4093244311073 0.01606622555067361
60 120 -1.9 -1.8 13 13.5 388.0686788101409 0.01515474883649404
60 120 -1.9 -1.8 13.5 14 369.2071386979506 0.01431598717425686
60 120 -1.9 -1.8 14 14.5 351.6806309592187 0.01354151744533283
60 120 -1.9 -1.8 14.5 15 335.3607210421299 0.01282518806146982
60 120 -1.9 -1.8 15 16 626.0423199863642 0.02370542999256031
60 120 -1.9 -1.8 16 17 572.6926913585889 0.0213911247951728
60 120 -1.9 -1.8 17 18 525.7473466521241 0.01937686529890925
60 120 -1.9 -1.8 18 19 484.209414580782 0.01761966681345939
60 120 -1.9 -1.8 19 20 447.2621589385035 0.01607122545436823
60 120 -1.9 -1.8 20 21 414.2345928087824 0.01469628184747762
60 120 -1.9 -1.8 21 22 384.5852277888385 0.01739507287089737
60 120 -1.9 -1.8 22 23 357.8660124512834 0.01460136535234824
60 120 -1.9 -1.8 23 24 333.700810007806 0.01244065160784658
60 120 -1.9 -1.8 24 25 311.770487815675 0.01091582844924233
60 120 -1.9 -1.8 25 26 291.8012431811721 0.009689510270675328
60 120 -1.9 -1.8 26 27 273.5641331076359 0.008962342289351
60 120 -1.9 -1.8 27 28 256.8644486900332 0.008298598507963106
60 120 -1.9 -1.8 28 29 241.5339490937497 0.007694371477128925
60 120 -1.9 -1.8 29 30 227.4267651872973 0.007141622563409555
60 120 -1.9 -1.8 30 31 214.4168671933345 0.006652073798363745
60 120 -1.9 -1.8 31 32 202.3919353416349 0.006621680978241784
60 120 -1.9 -1.8 32 33 191.25434401659 0.006306604733566701
60 120 -1.9 -1.8 33 34 180.9194688866404 0.006004549351018795
60 120 -1.9 -1.8 34 35 171.3129142489884 0.005810051620784407
60 120 -1.9 -1.8 35 36 162.3683713361555 0.005401226721659214
60 120 -1.9 -1.8 36 37 154.0275982229259 0.004978782224497991
60 120 -1.9 -1.8 37 38 146.2384703488654 0.00482508915936819
60 120 -1.9 -1.8 38 39 138.9539238017305 0.004943183004172624
60 120 -1.9 -1.8 39 40 132.1312222318989 0.004732073164859685
60 120 -1.9 -1.8 40 42 245.4586567603635 0.01039132998965897
60 120 -1.9 -1.8 42 44 222.8454771104391 0.008033959791305278
60 120 -1.9 -1.8 44 46 202.8057786281597 0.00720011459941361
60 120 -1.9 -1.8 46 48 184.9770883917725 0.007180932895352043
60 120 -1.9 -1.8 48 50 169.0560556355366 0.006694375913582462
60 120 -1.9 -1.8 50 52 154.7919532477043 0.00613604704210502
60 120 -1.9 -1.8 52 54 141.9752059912769 0.005822401002376409
60 120 -1.9 -1.8 54 56 130.4278309557853 0.005398860650586812
60 120 -1.9 -1.8 56 58 119.9983527695255 0.005224451239342898
60 120 -1.9 -1.8 58 60 110.5563401609714 0.004973269140975844
60 120 -1.9 -1.8 60 65 240.5952814478869 0.01128710211071393
60 120 -1.9 -1.8 65 70 198.0900326888167 0.009751020608888439
60 120 -1.9 -1.8 70 80 301.0101636366163 0.005062073374858755
60 120 -1.9 -1.8 80 90 211.2642678930621 0.003223958721918052
60 120 -1.9 -1.8 90 100 151.1292077572692 0.002128804155233865
60 120 -1.8 -1.7 0 0.5 -1.371814882695192 4.005698675979552e-05
60 120 -1.8 -1.7 0.5 1 -1517.676324776883 0.0136773770657328
60 120 -1.8 -1.7 1 1.5 476.37972758645 0.008044751757381619
60 120 -1.8 -1.7 1.5 2 1558.800990758958 0.02299211249396649
60 120 -1.8 -1.7 2 2.5 1736.148050139651 0.01513327077736903
60 120 -1.8 -1.7 2.5 3 1682.753427444489 0.03042108591398573
60 120 -1.8 -1.7 3 3.5 1567.144537594892 0.07756919842222487
60 120 -1.8 -1.7 3.5 4 1440.359730122967 0.06923764455223136
60 120 -1.8 -1.7 4 4.5 1319.014700946416 0.06199174529888296
60 120 -1.8 -1.7 4.5 5 1208.351197534093 0.05572810490798474
60 120 -1.8 -1.7 5 5.5 1109.219709887982 0.05031310931394728
60 120 -1.8 -1.7 5.5 6 1020.926805124312 0.04560661454559067
60 120 -1.8 -1.7 6 6.5 942.3963294024295 0.04149671026505075
60 120 -1.8 -1.7 6.5 7 872.489709037015 0.03792623663980521
60 120 -1.8 -1.7 7 7.5 810.0955940002318 0.03481420121397605
60 120 -1.8 -1.7 7.5 8 754.1913434174253 0.03207621064495925
60 120 -1.8 -1.7 8 8.5 703.9237932315057 0.02964179884509122
60 120 -1.8 -1.7 8.5 9 658.575601762104 0.02747037239623751
60 120 -1.8 -1.7 9 9.5 617.533964296692 0.02552271650188231
60 120 -1.8 -1.7 9.5 10 580.2702875473069 0.02376864657867372
60 120 -1.8 -1.7 10 10.5 546.3185901849308 0.02591686189657594
60 120 -1.8 -1.7 10.5 11 515.2850758622941 0.02258166297997377
60 120 -1.8 -1.7 11 11.5 486.8384746709136 0.0194736939885729
60 120 -1.8 -1.7 11.5 12 460.6959692157979 0.01828780173178757
60 120 -1.8 -1.7 12 12.5 436.6116282177517 0.01720013876314397
60 120 -1.8 -1.7 12.5 13 414.3720787022891 0.0162005909383538
60 120 -1.8 -1.7 13 13.5 393.7911275116505 0.01528149233109843
60 120 -1.8 -1.7 13.5 14 374.7003199446896 0.01443708190976167
60 120 -1.8 -1.7 14 14.5 356.9535334668 0.01365774697018196
60 120 -1.8 -1.7 14.5 15 340.4239995582521 0.0129379702125334
60 120 -1.8 -1.7 15 16 635.588882155181 0.02391935879563789
60 120 -1.8 -1.7 16 17 581.5429421434337 0.02160331527966264
60 120 -1.8 -1.7 17 18 533.9830246992504 0.01957742328329459
60 120 -1.8 -1.7 18 19 491.8849910213623 0.0177997598489128
60 120 -1.8 -1.7 19 20 454.4212502051951 0.01622833604102425
60 120 -1.8 -1.7 20 21 420.929887005119 0.02100780418862769
60 120 -1.8 -1.7 21 22 390.8634166529786 0.01746052338495474
60 120 -1.8 -1.7 22 23 363.7665999374394 0.01500631781965467
60 120 -1.8 -1.7 23 24 339.2533627001089 0.01301010041606787
60 120 -1.8 -1.7 24 25 316.9981830008647 0.01099385098780203
60 120 -1.8 -1.7 25 26 296.7310118578479 0.009776539006054463
60 120 -1.8 -1.7 26 27 278.2207363359094 0.009039606904593711
60 120 -1.8 -1.7 27 28 261.2695820013323 0.00837018618494767
60 120 -1.8 -1.7 28 29 245.707775773861 0.007760220051125089
60 120 -1.8 -1.7 29 30 231.3857043594049 0.007415304295335545
60 120 -1.8 -1.7 30 31 218.1729295811401 0.006916311751467674
60 120 -1.8 -1.7 31 32 205.9582171440069 0.00647219729935955
60 120 -1.8 -1.7 32 33 194.6443079805342 0.006096244199596867
60 120 -1.8 -1.7 33 34 184.1453352198532 0.005562632098303766
60 120 -1.8 -1.7 34 35 174.3860736122545 0.005098535763806922
60 120 -1.8 -1.7 35 36 165.2995045399033 0.005154332865032529
60 120 -1.8 -1.7 36 37 156.824897351292 0.005143574852723987
60 120 -1.8 -1.7 37 38 148.9085741889296 0.004890934953465376
60 120 -1.8 -1.7 38 39 141.503361647035 0.004547227875036697
60 120 -1.8 -1.7 39 40 134.5674850445821 0.004382102112742814
60 120 -1.8 -1.7 40 42 250.0187597810748 0.01050364805226423
60 120 -1.8 -1.7 42 44 227.0288310306769 0.008251181111404549
60 120 -1.8 -1.7 44 46 206.6515309027065 0.007539232467394186
60 120 -1.8 -1.7 46 48 188.5161197979104 0.006818432498846505
60 120 -1.8 -1.7 48 50 172.319052423718 0.006340373276799482
60 120 -1.8 -1.7 50 52 157.8064845926611 0.005778680253968105
60 120 -1.8 -1.7 52 54 144.7651613058769 0.005550265269903321
60 120 -1.8 -1.7 54 56 133.0133567010469 0.005239232126456272
60 120 -1.8 -1.7 56 58 122.3968128133812 0.004933489039856909
60 120 -1.8 -1.7 58 60 112.784006575322 0.00468820975561357
60 120 -1.8 -1.7 60 65 245.5118109243647 0.01024102091093937
60 120 -1.8 -1.7 65 70 202.2229346388956 0.009298242039619709
60 120 -1.8 -1.7 70 80 307.4757648437337 0.01510803917949488
60 120 -1.8 -1.7 80 90 215.9918801239877 0.003247014180971064
60 120 -1.8 -1.7 90 100 154.6577643997342 0.002144133326765996
60 120 -1.7 -1.6 0 0.5 -1.401300866530308 4.517385394020579e-05
60 120 -1.7 -1.6 0.5 1 -1591.774792738239 0.07339982265375511
60 120 -1.7 -1.6 1 1.5 427.1419747129273 0.008944304933493186
60 120 -1.7 -1.6 1.5 2 1547.875756702186 0.03565716531943508
60 120 -1.7 -1.6 2 2.5 1738.890770530735 0.03470806950895167
60 120 -1.7 -1.6 2.5 3 1691.070297453079 0.0270870196065971
60 120 -1.7 -1.6 3 3.5 1577.911898427755 0.07797443849108276
60 120 -1.7 -1.6 3.5 4 1451.978900984892 0.06963749160445332
60 120 -1.7 -1.6 4 4.5 1330.856935608708 0.06227289580374418
60 120 -1.7 -1.6 4.5 5 1220.087005136851 0.05598217449801268
60 120 -1.7 -1.6 5 5.5 1120.58444403595 0.05055426801141039
60 120 -1.7 -1.6 5.5 6 1031.837271033238 0.04583683212217693
60 120 -1.7 -1.6 6 6.5 952.8590532756141 0.04174764051742841
60 120 -1.7 -1.6 6.5 7 882.5026406150552 0.03820133624958544
60 120 -1.7 -1.6 7 7.5 819.6234908152451 0.0350967089234473
60 120 -1.7 -1.6 7.5 8 763.2474056889192 0.0323482236279915
60 120 -1.7 -1.6 8 8.5 712.542764854197 0.02989814774809929
60 120 -1.7 -1.6 8.5 9 666.7927602101928 0.02770454498818253
60 120 -1.7 -1.6 9 9.5 625.3770319071567 0.02574142350931652
60 120 -1.7 -1.6 9.5 10 587.7477176677335 0.0239804443773437
60 120 -1.7 -1.6 10 10.5 553.4451747540676 0.02652439762152881
60 120 -1.7 -1.6 10.5 11 522.0830050617901 0.02257846408554087
60 120 -1.7 -1.6 11 11.5 493.3327638884284 0.01962825620330477
60 120 -1.7 -1.6 11.5 12 466.9093512980419 0.01842950348611794
60 120 -1.7 -1.6 12 12.5 442.5661599237336 0.01733270304265488
60 120 -1.7 -1.6 12.5 13 420.0836352270088 0.01632619946786917
60 120 -1.7 -1.6 13 13.5 399.2662636084842 0.01540154325738285
60 120 -1.7 -1.6 13.5 14 379.9496858318732 0.01455528600257594
60 120 -1.7 -1.6 14 14.5 361.9900681345336 0.01377531557693601
60 120 -1.7 -1.6 14.5 15 345.2626992744276 0.01305198385182393
60 120 -1.7 -1.6 15 16 644.7243191587177 0.02413073364925822
60 120 -1.7 -1.6 16 17 590.0278863979166 0.02178283036664652
60 120 -1.7 -1.6 17 18 541.8723253397548 0.01973763484409119
60 120 -1.7 -1.6 18 19 499.2285442301944 0.01795183967675484
60 120 -1.7 -1.6 19 20 461.2780687875259 0.01637031886792784
60 120 -1.7 -1.6 20 21 427.3490727461881 0.02100062801861213
60 120 -1.7 -1.6 21 22 396.8873733012859 0.01821383455478554
60 120 -1.7 -1.6 22 23 369.4235785092571 0.01551860381965753
60 120 -1.7 -1.6 23 24 344.5699884078076 0.01305954389857789
60 120 -1.7 -1.6 24 25 322.0047814805052 0.01124049594398002
60 120 -1.7 -1.6 25 26 301.4536006736652 0.009866276378943439
60 120 -1.7 -1.6 26 27 282.6841946908036 0.009123821664957177
60 120 -1.7 -1.6 27 28 265.4942612824727 0.008447240616192175
60 120 -1.7 -1.6 28 29 249.7071190661513 0.007830193945579822
60 120 -1.7 -1.6 29 30 235.1742174531354 0.007266795775421997
60 120 -1.7 -1.6 30 31 221.7664578970657 0.006751571029155912
60 120 -1.7 -1.6 31 32 209.3715431916565 0.006281412461930813
60 120 -1.7 -1.6 32 33 197.8905569061783 0.005850411446601811
60 120 -1.7 -1.6 33 34 187.2366086691388 0.005836490061852828
60 120 -1.7 -1.6 34 35 177.3307990529423 0.005627852343025097
60 120 -1.7 -1.6 35 36 168.1050722577776 0.005308617986742092
60 120 -1.7 -1.6 36 37 159.4993770749615 0.00497809611161415
60 120 -1.7 -1.6 37 38 151.4605757406725 0.004850448582487843
60 120 -1.7 -1.6 38 39 143.9407425481685 0.004602882280011045
60 120 -1.7 -1.6 39 40 136.8971574261701 0.004287648039223768
60 120 -1.7 -1.6 40 42 254.3803421857174 0.01091724678613559
60 120 -1.7 -1.6 42 44 231.0262703256877 0.008631363301134343
60 120 -1.7 -1.6 44 46 210.3205743833799 0.007133157121614886
60 120 -1.7 -1.6 46 48 191.8914940839137 0.00646801184927881
60 120 -1.7 -1.6 48 50 175.4308232948855 0.005959330186300349
60 120 -1.7 -1.6 50 52 160.6804071586851 0.005836129079256125
60 120 -1.7 -1.6 52 54 147.4220572401283 0.00542348298480988
60 120 -1.7 -1.6 54 56 135.4726044014586 0.005141607090706657
60 120 -1.7 -1.6 56 58 124.6762780565912 0.004671770709222756
60 120 -1.7 -1.6 58 60 114.9002528250909 0.004278228725112854
60 120 -1.7 -1.6 60 65 250.1786357142696 0.01014756159500507
60 120 -1.7 -1.6 65 70 206.1334590750036 0.00859692157405334
60 120 -1.7 -1.6 70 80 313.5768788062733 0.01438162603687942
60 120 -1.7 -1.6 80 90 220.4300284641097 0.003267893715985792
60 120 -1.7 -1.6 90 100 157.9516274017092 0.002157525005827665
60 120 -1.6 -1.5 0 0.5 -1.429760631463827 3.589256207026104e-05
60 120 -1.6 -1.5 0.5 1 -1663.922451240804 0.02817714377442826
60 120 -1.6 -1.5 1 1.5 378.2788228995551 0.01708079338095558
60 120 -1.6 -1.5 1.5 2 1536.478742686183 0.02443608708585998
60 120 -1.6 -1.5 2 2.5 1740.901882393405 0.02065350924704035
60 120 -1.6 -1.5 2.5 3 1698.768235515808 0.0325085708361712
60 120 -1.6 -1.5 3 3.5 1587.981772856575 0.07833417460051351
60 120 -1.6 -1.5 3.5 4 1462.926868892484 0.06989719704961317
60 120 -1.6 -1.5 4 4.5 1342.112305204329 0.06253699527178469
60 120 -1.6 -1.5 4.5 5 1231.183320806204 0.05620481042001302
60 120 -1.6 -1.5 5 5.5 1131.324715480368 0.05081781863600554
60 120 -1.6 -1.5 5.5 6 1042.18887078461 0.04613581622515994
60 120 -1.6 -1.5 6 6.5 962.8064565296875 0.04205964902735104
60 120 -1.6 -1.5 6.5 7 891.9877376470255 0.03848439493378919
60 120 -1.6 -1.5 7 7.5 828.6477741976622 0.03533331722303501
60 120 -1.6 -1.5 7.5 8 771.8410466163872 0.03254556464480629
60 120 -1.6 -1.5 8 8.5 720.7418444358399 0.03007892834659742
60 120 -1.6 -1.5 8.5 9 674.6242036199692 0.02788275841237464
60 120 -1.6 -1.5 9 9.5 632.8416689788763 0.02591770728247411
60 120 -1.6 -1.5 9.5 10 594.8581255709726 0.02414516618580365
60 120 -1.6 -1.5 10 10.5 560.225504403273 0.02625926489633912
60 120 -1.6 -1.5 10.5 11 528.5615995781337 0.02271170159986013
60 120 -1.6 -1.5 11 11.5 499.5340931101563 0.01976740206345085
60 120 -1.6 -1.5 11.5 12 472.8531713172919 0.01856637859634702
60 120 -1.6 -1.5 12 12.5 448.2605231828691 0.01747198036014197
60 120 -1.6 -1.5 12.5 13 425.5343082968441 0.01646729972918592
60 120 -1.6 -1.5 13 13.5 404.4887882234347 0.01554484187352045
60 120 -1.6 -1.5 13.5 14 384.9596080857496 0.01469117360858263
60 120 -1.6 -1.5 14 14.5 366.8032014184609 0.01390147602518255
60 120 -1.6 -1.5 14.5 15 349.8909208008769 0.01316736612079694
60 120 -1.6 -1.5 15 16 653.471309905368 0.02433770577511041
60 120 -1.6 -1.5 16 17 598.1390623313009 0.02196594276654196
60 120 -1.6 -1.5 17 18 549.4037450981519 0.01990143150169388
60 120 -1.6 -1.5 18 19 506.2451902797711 0.01809656934398163
60 120 -1.6 -1.5 19 20 467.8349544759208 0.01650335395385127
60 120 -1.6 -1.5 20 21 433.4912149817255 0.01508701456197059
60 120 -1.6 -1.5 21 22 402.6416514077282 0.01851170732555829
60 120 -1.6 -1.5 22 23 374.8224397469361 0.01553734115037742
60 120 -1.6 -1.5 23 24 349.6472741487692 0.01324794424203901
60 120 -1.6 -1.5 24 25 326.7900607268048 0.01123958366520128
60 120 -1.6 -1.5 25 26 305.9728860468921 0.009948325352979737
60 120 -1.6 -1.5 26 27 286.953537622535 0.00920066050269952
60 120 -1.6 -1.5 27 28 269.528660727176 0.008519334758204877
60 120 -1.6 -1.5 28 29 253.5256247324598 0.007897581709556789
60 120 -1.6 -1.5 29 30 238.7937852919198 0.007330637096288228
60 120 -1.6 -1.5 30 31 225.2027327156767 0.006811858217474764
60 120 -1.6 -1.5 31 32 212.6375541604615 0.006852486945973624
60 120 -1.6 -1.5 32 33 200.9959572306916 0.006602170159567322
60 120 -1.6 -1.5 33 34 190.1894025718109 0.00601863418316384
60 120 -1.6 -1.5 34 35 180.1411371318169 0.005715896684421296
60 120 -1.6 -1.5 35 36 170.78247850435 0.005393719126317364
60 120 -1.6 -1.5 36 37 162.0527284475833 0.005000000748339062
60 120 -1.6 -1.5 37 38 153.8977160802076 0.004675864368493876
60 120 -1.6 -1.5 38 39 146.2689356379292 0.004735316849519222
60 120 -1.6 -1.5 39 40 139.1221644276916 0.004495622603656102
60 120 -1.6 -1.5 40 42 258.5412246311391 0.01123154416563921
60 120 -1.6 -1.5 42 44 234.8363382394107 0.008782380123307121
60 120 -1.6 -1.5 44 46 213.8180235312529 0.006877462399046408
60 120 -1.6 -1.5 46 48 195.1095074152558 0.006644713075672826
60 120 -1.6 -1.5 48 50 178.3958484738537 0.006323674469797425
60 120 -1.6 -1.5 50 52 163.4150228670553 0.005932171221019189
60 120 -1.6 -1.5 52 54 149.9479305572759 0.005258490945635685
60 120 -1.6 -1.5 54 56 137.8100818579377 0.004770612836182409
60 120 -1.6 -1.5 56 58 126.8433557363264 0.004744143555043934
60 120 -1.6 -1.5 58 60 116.9109936795812 0.004455474338342924
60 120 -1.6 -1.5 60 65 254.6020761223363 0.009746884800932776
60 120 -1.6 -1.5 65 70 209.8366352112019 0.01045474678099367
60 120 -1.6 -1.5 70 80 319.3335246179454 0.01339202458717637
60 120 -1.6 -1.5 80 90 224.6008786392746 0.01058401343357218
60 120 -1.6 -1.5 90 100 161.0330228409611 0.002169218114573823
60 120 -1.5 -1.4 0 0.5 -1.457192309102828 3.419659953918242e-05
60 120 -1.5 -1.4 0.5 1 -1733.19941551744 0.04961657569151612
60 120 -1.5 -1.4 1 1.5 331.3361103060522 0.008321057076898342
60 120 -1.5 -1.4 1.5 2 1525.378174527261 0.01091276046872736
60 120 -1.5 -1.4 2 2.5 1742.479675850581 0.004933476786163737
60 120 -1.5 -1.4 2.5 3 1705.854485041891 0.0156967665841421
60 120 -1.5 -1.4 3 3.5 1597.277609203481 0.07848807429013505
60 120 -1.5 -1.4 3.5 4 1473.226633615493 0.07014174380105942
60 120 -1.5 -1.4 4 4.5 1352.711428979412 0.06291454279767095
60 120 -1.5 -1.4 4.5 5 1241.636788171142 0.05666536569469827
60 120 -1.5 -1.4 5 5.5 1141.505539967821 0.05121673224266488
60 120 -1.5 -1.4 5.5 6 1052.054271429979 0.04646428227488286
60 120 -1.5 -1.4 6 6.5 972.2584567152871 0.04232378827134653
60 120 -1.5 -1.4 6.5 7 900.9921725604228 0.03870940463934858
60 120 -1.5 -1.4 7 7.5 837.228432287054 0.03554918986708344
60 120 -1.5 -1.4 7.5 8 780.0355095208899 0.03275135767205484
60 120 -1.5 -1.4 8 8.5 728.5695176326772 0.03026838510993457
60 120 -1.5 -1.4 8.5 9 682.0740357683671 0.02806510181824251
60 120 -1.5 -1.4 9 9.5 639.928224079071 0.02609106196803168
60 120 -1.5 -1.4 9.5 10 601.6123195971722 0.02431479874087472
60 120 -1.5 -1.4 10 10.5 566.6775469212228 0.02637719442691377
60 120 -1.5 -1.4 10.5 11 534.7357973575206 0.02305842462521923
60 120 -1.5 -1.4 11 11.5 505.4441025090148 0.02044797150762179
60 120 -1.5 -1.4 11.5 12 478.5033434461704 0.01872638201882637
60 120 -1.5 -1.4 12 12.5 453.6626883735798 0.01761712543395788
60 120 -1.5 -1.4 12.5 13 430.7088144916013 0.01659662447553956
60 120 -1.5 -1.4 13 13.5 409.4514031163051 0.01565522477557124
60 120 -1.5 -1.4 13.5 14 389.7255681719012 0.01479263798893271
60 120 -1.5 -1.4 14 14.5 371.3856604043393 0.01399814150289558
60 120 -1.5 -1.4 14.5 15 354.3008883264752 0.01326309074249821
60 120 -1.5 -1.4 15 16 661.791805652134 0.02452007108786347
60 120 -1.5 -1.4 16 17 605.8473739671239 0.02214039468481133
60 120 -1.5 -1.4 17 18 556.572083861379 0.02006252266687625
60 120 -1.5 -1.4 18 19 512.9362236156301 0.01824707376090373
60 120 -1.5 -1.4 19 20 474.0906148516142 0.0166426597261875
60 120 -1.5 -1.4 20 21 439.3385711539738 0.01521933316519153
60 120 -1.5 -1.4 21 22 408.1201299958259 0.01851478223215963
60 120 -1.5 -1.4 22 23 379.968909420955 0.01560767232496119
60 120 -1.5 -1.4 23 24 354.4936567707799 0.01358682550647927
60 120 -1.5 -1.4 24 25 331.3576129053616 0.01172387352403348
60 120 -1.5 -1.4 25 26 310.277410144731 0.01006261993705948
60 120 -1.5 -1.4 26 27 291.0163623018259 0.009271879217862988
60 120 -1.5 -1.4 27 28 273.3706295039148 0.00858527776244955
60 120 -1.5 -1.4 28 29 257.1646801891155 0.007960580349731572
60 120 -1.5 -1.4 29 30 242.2454034909416 0.00753429029859376
60 120 -1.5 -1.4 30 31 228.4779034094354 0.007213959282665883
60 120 -1.5 -1.4 31 32 215.7458535523277 0.006521003965985983
60 120 -1.5 -1.4 32 33 203.9490940846339 0.006298308447583167
60 120 -1.5 -1.4 33 34 192.9984986497321 0.005866997279468933
60 120 -1.5 -1.4 34 35 182.8159921169623 0.005480178406401137
60 120 -1.5 -1.4 35 36 173.3322760845742 0.005297971512590038
60 120 -1.5 -1.4 36 37 164.4851800657981 0.005337719222723081
60 120 -1.5 -1.4 37 38 156.2189141714253 0.005026384297593722
60 120 -1.5 -1.4 38 39 148.4846282771468 0.004840478885938637
60 120 -1.5 -1.4 39 40 141.2384917792538 0.004719940472455164
60 120 -1.5 -1.4 40 42 262.4983290281622 0.01136356157121554
60 120 -1.5 -1.4 42 44 238.4612074123789 0.008890627010941898
60 120 -1.5 -1.4 44 46 217.1461589088625 0.007566156068236296
60 120 -1.5 -1.4 46 48 198.1679897827653 0.006957864063139141
60 120 -1.5 -1.4 48 50 181.210365981694 0.006254236985796524
60 120 -1.5 -1.4 50 52 166.0105604197007 0.005413593168185571
60 120 -1.5 -1.4 52 54 152.3470407017229 0.005449117793546066
60 120 -1.5 -1.4 54 56 140.0296296181027 0.005166379819627309
60 120 -1.5 -1.4 56 58 128.8976411172293 0.004769032583936905
60 120 -1.5 -1.4 58 60 118.8147041743828 0.004121749521104334
60 120 -1.5 -1.4 60 65 258.7918876395614 0.009825108211487077
60 120 -1.5 -1.4 65 70 213.3370822299466 0.01042213215677634
60 120 -1.5 -1.4 70 80 324.7643229866347 0.01327355470175462
60 120 -1.5 -1.4 80 90 228.5186845318416 0.01004323299875409
60 120 -1.5 -1.4 90 100 163.9138759488894 0.007703408627463659
60 120 -1.4 -1.3 0 0.5 -1.483031593067517 5.772772656276182e-05
60 120 -1.4 -1.3 0.5 1 -1799.677814052179 0.03042767880924657
60 120 -1.4 -1.3 1 1.5 285.9877135083162 0.01155864879154933
60 120 -1.4 -1.3 1.5 2 1514.540628283748 0.01018295935659808
60 120 -1.4 -1.3 2 2.5 1743.931585726617 0.01323260912340629
60 120 -1.4 -1.3 2.5 3 1712.484480385489 0.01996969507990798
60 120 -1.4 -1.3 3 3.5 1606.053572722115 0.07879144833350438
60 120 -1.4 -1.3 3.5 4 1483.005245934668 0.07048179822686507
60 120 -1.4 -1.3 4 4.5 1362.668285823256 0.0631863214812256
60 120 -1.4 -1.3 4.5 5 1251.470409585014 0.0568600810740918
60 120 -1.4 -1.3 5 5.5 1151.136137339905 0.05139439373851928
60 120 -1.4 -1.3 5.5 6 1061.346436246567 0.04664401801255735
60 120 -1.4 -1.3 6 6.5 981.1316494865113 0.04252100676217196
60 120 -1.4 -1.3 6.5 7 909.4685837219303 0.03892366544801007
60 120 -1.4 -1.3 7 7.5 845.344177562237 0.03576297298582176
60 120 -1.4 -1.3 7.5 8 787.7968608120948 0.03297630980614485
60 120 -1.4 -1.3 8 8.5 735.9539347503074 0.03050380861998292
60 120 -1.4 -1.3 8.5 9 689.100663260855 0.02829392483317861
60 120 -1.4 -1.3 9 9.5 646.6305456069661 0.02630005528135371
60 120 -1.4 -1.3 9.5 10 608.0179014061274 0.0245060549932532
60 120 -1.4 -1.3 10 10.5 572.8086573696573 0.02725074462807697
60 120 -1.4 -1.3 10.5 11 540.5968227971707 0.02371822143709323
60 120 -1.4 -1.3 11 11.5 511.0404885058298 0.02070253331567073
60 120 -1.4 -1.3 11.5 12 483.8524101981641 0.01884447748329876
60 120 -1.4 -1.3 12 12.5 458.7851385724929 0.01772911688243539
60 120 -1.4 -1.3 12.5 13 435.619646648652 0.01670598975658777
60 120 -1.4 -1.3 13 13.5 414.1679553427148 0.01576580222985058
60 120 -1.4 -1.3 13.5 14 394.259212985863 0.01490057245376875
60 120 -1.4 -1.3 14 14.5 375.740124991918 0.01410271618715342
60 120 -1.4 -1.3 14.5 15 358.4807633375422 0.01336237181885735
60 120 -1.4 -1.3 15 16 669.6726775897441 0.02470592336862865
60 120 -1.4 -1.3 16 17 613.1584079660231 0.02230818822727088
60 120 -1.4 -1.3 17 18 563.3832407861498 0.02022136434845834
60 120 -1.4 -1.3 18 19 519.2838753755155 0.01839484054289642
60 120 -1.4 -1.3 19 20 480.0095618301723 0.01677601300201559
60 120 -1.4 -1.3 20 21 444.8758129543583 0.0221965276608671
60 120 -1.4 -1.3 21 22 413.3162966486832 0.0188188171797492
60 120 -1.4 -1.3 22 23 384.8546581632428 0.01642112301544785
60 120 -1.4 -1.3 23 24 359.0866331348736 0.01377160597780858
60 120 -1.4 -1.3 24 25 335.6806141978317 0.01180704060203652
60 120 -1.4 -1.3 25 26 314.3553159190705 0.01017187459666502
60 120 -1.4 -1.3 26 27 294.8701631249333 0.009345296232368128
60 120 -1.4 -1.3 27 28 277.0189040777231 0.008961476400941137
60 120 -1.4 -1.3 28 29 260.6197500483371 0.008435731231372756
60 120 -1.4 -1.3 29 30 245.5185486045416 0.008042598603054785
60 120 -1.4 -1.3 30 31 231.5818141459661 0.007707366691050765
60 120 -1.4 -1.3 31 32 218.693132806707 0.007163252384970065
60 120 -1.4 -1.3 32 33 206.7507685251522 0.006545970662699574
60 120 -1.4 -1.3 33 34 195.6650628267539 0.006442491904124381
60 120 -1.4 -1.3 34 35 185.3557057145833 0.006318757978931444
60 120 -1.4 -1.3 35 36 175.7516664847333 0.005889785650111889
60 120 -1.4 -1.3 36 37 166.7908240733108 0.005577252913582242
60 120 -1.4 -1.3 37 38 158.4178887402853 0.005363683241085937
60 120 -1.4 -1.3 38 39 150.5833152699523 0.004820721813672435
60 120 -1.4 -1.3 39 40 143.243358910185 0.00447694062569326
60 120 -1.4 -1.3 40 42 266.2498254226749 0.01171285771300745
60 120 -1.4 -1.3 42 44 241.8968159983852 0.009264983791695158
60 120 -1.4 -1.3 44 46 220.2954787045346 0.007563176245042769
60 120 -1.4 -1.3 46 48 201.0613055214141 0.006371885726196069
60 120 -1.4 -1.3 48 50 183.8762383870409 0.006433120187750774
60 120 -1.4 -1.3 50 52 168.469955654603 0.006189529537607541
60 120 -1.4 -1.3 52 54 154.6164582614671 0.005786561458620554
60 120 -1.4 -1.3 54 56 142.1263817716632 0.004833627818157993
60 120 -1.4 -1.3 56 58 130.8394306585831 0.004575991152705683
60 120 -1.4 -1.3 58 60 120.6159866364747 0.004683737315460235
60 120 -1.4 -1.3 60 65 262.7476439090341 0.009934839904587989
60 120 -1.4 -1.3 65 70 216.6379463942758 0.01046658119051358
60 120 -1.4 -1.3 70 80 329.8748263914785 0.0130944427875761
60 120 -1.4 -1.3 80 90 232.1939635145413 0.01008585845966081
60 120 -1.4 -1.3 90 100 166.6067174936811 0.007793052976779791
60 120 -1.3 -1.2 0 0.5 -1.507507887915122 4.164057820088551e-05
60 120 -1.3 -1.2 0.5 1 -1862.160323901309 0.02240001378027046
60 120 -1.3 -1.2 1 1.5 243.1032616158973 0.01172376730227143
60 120 -1.3 -1.2 1.5 2 1503.85363643507 0.06202180687887449
60 120 -1.3 -1.2 2 2.5 1745.196891877761 0.01147622854114161
60 120 -1.3 -1.2 2.5 3 1718.559613141274 0.0195409005939382
60 120 -1.3 -1.2 3 3.5 1614.359906522303 0.07899128656367793
60 120 -1.3 -1.2 3.5 4 1492.207742597364 0.07077957439059901
60 120 -1.3 -1.2 4 4.5 1372.036679425767 0.06351580583623218
60 120 -1.3 -1.2 4.5 5 1260.814223935385 0.05716998467710255
60 120 -1.3 -1.2 5 5.5 1160.267847024397 0.05168275218375129
60 120 -1.3 -1.2 5.5 6 1070.102741657737 0.04695014692151744
60 120 -1.3 -1.2 6 6.5 989.5175289701449 0.04280997111561646
60 120 -1.3 -1.2 6.5 7 917.5103031429592 0.03919535161116983
60 120 -1.3 -1.2 7 7.5 853.0354067777859 0.0360049624794101
60 120 -1.3 -1.2 7.5 8 795.1049268368423 0.0331813210477776
60 120 -1.3 -1.2 8 8.5 742.902664013772 0.03067518518935231
60 120 -1.3 -1.2 8.5 9 695.7241796135787 0.02845102270191546
60 120 -1.3 -1.2 9 9.5 652.9593453297805 0.02645612939716102
60 120 -1.3 -1.2 9.5 10 614.0700043997167 0.02464931243025603
60 120 -1.3 -1.2 10 10.5 578.579945712982 0.02762422042178514
60 120 -1.3 -1.2 10.5 11 546.1002754420952 0.02392109839479417
60 120 -1.3 -1.2 11 11.5 516.2986624824971 0.02049792878074186
60 120 -1.3 -1.2 11.5 12 488.8868671909918 0.01897546833771457
60 120 -1.3 -1.2 12 12.5 463.6142377447826 0.01785856581977896
60 120 -1.3 -1.2 12.5 13 440.2581877952866 0.01683447742408362
60 120 -1.3 -1.2 13 13.5 418.6178861176567 0.01589131266774757
60 120 -1.3 -1.2 13.5 14 398.5241259409545 0.01502040917091563
60 120 -1.3 -1.2 14 14.5 379.8330246732617 0.0142145133207805
60 120 -1.3 -1.2 14.5 15 362.414484496143 0.01346649927762655
60 120 -1.3 -1.2 15 16 677.106258854674 0.02489032083417442
60 120 -1.3 -1.2 16 17 620.0721359695684 0.02247119763660521
60 120 -1.3 -1.2 17 18 569.8077595638049 0.02036438798631934
60 120 -1.3 -1.2 18 19 525.2642679823623 0.01851530425471992
60 120 -1.3 -1.2 19 20 485.5968376338035 0.01688291632979144
60 120 -1.3 -1.2 20 21 450.1121878022 0.01543886427305097
60 120 -1.3 -1.2 21 22 418.2267567630311 0.01946602876876113
60 120 -1.3 -1.2 22 23 389.4603180405517 0.01632377478506442
60 120 -1.3 -1.2 23 24 363.4165068482135 0.01388057046767699
60 120 -1.3 -1.2 24 25 339.7601445179193 0.01182351608281351
60 120 -1.3 -1.2 25 26 318.2066814994704 0.01028333316389762
60 120 -1.3 -1.2 26 27 298.5095968219374 0.009831340371817987
60 120 -1.3 -1.2 27 28 280.4582130933399 0.009089510019862246
60 120 -1.3 -1.2 28 29 263.8738667066289 0.008572163037911196
60 120 -1.3 -1.2 29 30 248.6016178318466 0.007900868294342445
60 120 -1.3 -1.2 30 31 234.5072621203495 0.007108756228518587
60 120 -1.3 -1.2 31 32 221.4732473921507 0.007272048512618312
60 120 -1.3 -1.2 32 33 209.3942416843768 0.006919905023949013
60 120 -1.3 -1.2 33 34 198.1792692495951 0.00663474678771081
60 120 -1.3 -1.2 34 35 187.7480550268445 0.006348963624589032
60 120 -1.3 -1.2 35 36 178.0302039523821 0.005929147593150219
60 120 -1.3 -1.2 36 37 168.9631664930599 0.005245276845215585
60 120 -1.3 -1.2 37 38 160.4916036505758 0.005311313911931848
60 120 -1.3 -1.2 38 39 152.5646352803899 0.005385841978068129
60 120 -1.3 -1.2 39 40 145.1366802186832 0.005261216262823609
60 120 -1.3 -1.2 40 42 269.7879979126829 0.01197375889455543
60 120 -1.3 -1.2 42 44 245.132689613956 0.009172940442084609
60 120 -1.3 -1.2 44 46 223.2651562327706 0.007665373271549925
60 120 -1.3 -1.2 46 48 203.79261470674 0.007572776759246835
60 120 -1.3 -1.2 48 50 186.3881919220735 0.006794239120637258
60 120 -1.3 -1.2 50 52 170.7832400975692 0.005590053184619137
60 120 -1.3 -1.2 52 54 156.7529357817834 0.005495598439097193
60 120 -1.3 -1.2 54 56 144.103222921553 0.005576628406458894
60 120 -1.3 -1.2 56 58 132.6683862114277 0.005094656311769086
60 120 -1.3 -1.2 58 60 122.3088034155404 0.004459542214092949
60 120 -1.3 -1.2 60 65 266.4672049810502 0.01004694335762224
60 120 -1.3 -1.2 65 70 219.7399367714594 0.01022488111911457
60 120 -1.3 -1.2 70 80 334.6672842679586 0.01345231014670389
60 120 -1.3 -1.2 80 90 235.6295827396235 0.009862399661926702
60 120 -1.3 -1.2 90 100 169.1157594597228 0.007291561461130414
60 120 -1.2 -1.1 0 0.5 -1.530791430404993 5.760309812452569e-05
60 120 -1.2 -1.1 0.5 1 -1920.344332177149 0.01282210799422501
60 120 -1.2 -1.1 1 1.5 203.5238235863064 0.006782661622935393
60 120 -1.2 -1.1 1.5 2 1494.188236333504 0.01350437466908261
60 120 -1.2 -1.1 2 2.5 1746.503140327429 0.02785193014892684
60 120 -1.2 -1.1 2.5 3 1724.21287769714 0.02034881877716543
60 120 -1.2 -1.1 3 3.5 1622.141223735601 0.07947927765644636
60 120 -1.2 -1.1 3.5 4 1500.685779321087 0.07123458761748225
60 120 -1.2 -1.1 4 4.5 1380.774504603172 0.06382895085380369
60 120 -1.2 -1.1 4.5 5 1269.563207282927 0.05741389136483122
60 120 -1.2 -1.1 5 5.5 1168.74623573635 0.05189637186140317
60 120 -1.2 -1.1 5.5 6 1078.271038650296 0.04713481935755226
60 120 -1.2 -1.1 6 6.5 997.3887573070645 0.04300302428077885
60 120 -1.2 -1.1 6.5 7 925.0618440483254 0.03938671092521417
60 120 -1.2 -1.1 7 7.5 860.21360430777 0.03619539753606205
60 120 -1.2 -1.1 7.5 8 801.9343523171061 0.03338154830328222
60 120 -1.2 -1.1 8 8.5 749.4173972267504 0.0308614215128955
60 120 -1.2 -1.1 8.5 9 701.9567701190385 0.02861623061551199
60 120 -1.2 -1.1 9 9.5 658.9100384137929 0.02660857463558841
60 120 -1.2 -1.1 9.5 10 619.7320959493296 0.02479857307389466
60 120 -1.2 -1.1 10 10.5 583.9769318505912 0.02779860421082958
60 120 -1.2 -1.1 10.5 11 551.2561405726158 0.02367994748613
60 120 -1.2 -1.1 11 11.5 521.2362231878208 0.02049149023127939
60 120 -1.2 -1.1 11.5 12 493.6231512753794 0.01910547934716078
60 120 -1.2 -1.1 12 12.5 468.1504972099951 0.01797698114495461
60 120 -1.2 -1.1 12.5 13 444.5969784668939 0.01693813297998759
60 120 -1.2 -1.1 13 13.5 422.7724874858986 0.01597983324126062
60 120 -1.2 -1.1 13.5 14 402.5110868832377 0.01510045111086811
60 120 -1.2 -1.1 14 14.5 383.663591746998 0.01429171606764612
60 120 -1.2 -1.1 14.5 15 366.1018141061932 0.01354435015559829
60 120 -1.2 -1.1 15 16 684.0772133713193 0.02504552328446152
60 120 -1.2 -1.1 16 17 626.5275738761528 0.02261175686578554
60 120 -1.2 -1.1 17 18 575.8052920853715 0.0204939815414491
60 120 -1.2 -1.1 18 19 530.85953229078 0.01864354145368452
60 120 -1.2 -1.1 19 20 490.831926750401 0.01700915784226709
60 120 -1.2 -1.1 20 21 455.0090616645134 0.01555552732605747
60 120 -1.2 -1.1 21 22 422.8143573443143 0.01948333260037316
60 120 -1.2 -1.1 22 23 393.7693521605389 0.01621592085967904
60 120 -1.2 -1.1 23 24 367.4746614920157 0.01412609055728353
60 120 -1.2 -1.1 24 25 343.5873631447955 0.01230788116754411
60 120 -1.2 -1.1 25 26 321.8162138846921 0.01105990864391515
60 120 -1.2 -1.1 26 27 301.9166343476004 0.01068903611195537
60 120 -1.2 -1.1 27 28 283.6790394061571 0.009414086259027954
60 120 -1.2 -1.1 28 29 266.9243504148573 0.008592568315350491
60 120 -1.2 -1.1 29 30 251.4956134621656 0.008715381622437235
60 120 -1.2 -1.1 30 31 237.2539437520985 0.008234449325044579
60 120 -1.2 -1.1 31 32 224.080098163936 0.007913087679582986
60 120 -1.2 -1.1 32 33 211.8701618595251 0.007404339577021801
60 120 -1.2 -1.1 33 34 200.5332255476167 0.006427971322466419
60 120 -1.2 -1.1 34 35 189.9898422644316 0.00603940511692258
60 120 -1.2 -1.1 35 36 180.1679703267899 0.006420285521130609
60 120 -1.2 -1.1 36 37 171.0024615971547 0.006243562265836999
60 120 -1.2 -1.1 37 38 162.4365157302724 0.005978299440045021
60 120 -1.2 -1.1 38 39 154.4196590565516 0.00558973842723276
60 120 -1.2 -1.1 39 40 146.9071578773552 0.004885486376338122
60 120 -1.2 -1.1 40 42 273.0985847180033 0.0119053559750455
60 120 -1.2 -1.1 42 44 248.1677087752402 0.009748154794550601
60 120 -1.2 -1.1 44 46 226.0481313798954 0.00842534554675467
60 120 -1.2 -1.1 46 48 206.346586751635 0.006990387831535827
60 120 -1.2 -1.1 48 50 188.7399881631844 0.006674044991655137
60 120 -1.2 -1.1 50 52 172.9536312875085 0.006942191387366847
60 120 -1.2 -1.1 52 54 158.7549344118549 0.006247930718728867
60 120 -1.2 -1.1 54 56 145.9508702799013 0.005162597819179382
60 120 -1.2 -1.1 56 58 134.3779845677995 0.004759872954508637
60 120 -1.2 -1.1 58 60 123.8940534390509 0.005067711585411416
60 120 -1.2 -1.1 60 65 269.9455103587559 0.01047981086333039
60 120 -1.2 -1.1 65 70 222.6369339461772 0.01014316719727049
60 120 -1.2 -1.1 70 80 339.137200739526 0.01344023137528438
60 120 -1.2 -1.1 80 90 238.8284298046148 0.009876200562388249
60 120 -1.2 -1.1 90 100 171.4463136950891 0.007608136475511174
60 120 -1.1 -1 0 0.5 -1.552726897664771 3.702380752312884e-05
60 120 -1.1 -1 0.5 1 -1975.599417273629 0.01681887698555329
60 120 -1.1 -1 1 1.5 165.8065378821971 0.0008636336420693169
60 120 -1.1 -1 1.5 2 1484.750843333384 0.03095689460928952
60 120 -1.1 -1 2 2.5 1747.321175923144 0.01343952311549401
60 120 -1.1 -1 2.5 3 1729.401080828392 0.01741341716819989
60 120 -1.1 -1 3 3.5 1629.201458713099 0.07956876911111976
60 120 -1.1 -1 3.5 4 1508.45531464987 0.07132889485569649
60 120 -1.1 -1 4 4.5 1388.86717336199 0.06393344443790738
60 120 -1.1 -1 4.5 5 1277.550628674592 0.0576182338968465
60 120 -1.1 -1 5 5.5 1176.499558774654 0.05217362989515095
60 120 -1.1 -1 5.5 6 1085.79349156987 0.04741840301448974
60 120 -1.1 -1 6 6.5 1004.639985194371 0.04326477475535739
60 120 -1.1 -1 6.5 7 931.9622807332158 0.03962816639523226
60 120 -1.1 -1 7 7.5 866.7920032669342 0.03640372190363905
60 120 -1.1 -1 7.5 8 808.2269436402514 0.03354165535336051
60 120 -1.1 -1 8 8.5 755.4494086707215 0.03100591551594789
60 120 -1.1 -1 8.5 9 707.7047591010985 0.02875391458042031
60 120 -1.1 -1 9 9.5 664.3793342467602 0.02673272838524099
60 120 -1.1 -1 9.5 10 624.9518677962716 0.0249187991372537
60 120 -1.1 -1 10 10.5 588.9704753200925 0.02721311928667092
60 120 -1.1 -1 10.5 11 556.0451525021706 0.02420739273429717
60 120 -1.1 -1 11 11.5 525.8228828194291 0.02153955719666101
60 120 -1.1 -1 11.5 12 498.0041874722124 0.01921101285228133
60 120 -1.1 -1 12 12.5 472.3412686839048 0.01807981395779734
60 120 -1.1 -1 12.5 13 448.6131742723042 0.01703925592744326
60 120 -1.1 -1 13 13.5 426.6287086089158 0.01608229771136394
60 120 -1.1 -1 13.5 14 406.219589102714 0.01520029316418459
60 120 -1.1 -1 14 14.5 387.2324029462645 0.01438491673872022
60 120 -1.1 -1 14.5 15 369.531756772344 0.01362768143144422
60 120 -1.1 -1 15 16 690.5422192635097 0.02519844859523346
60 120 -1.1 -1 16 17 632.5232784837824 0.02275787835708343
60 120 -1.1 -1 17 18 581.3905213169845 0.0206374158141216
60 120 -1.1 -1 18 19 536.071184483918 0.0187690050739775
60 120 -1.1 -1 19 20 495.6934930560454 0.01711348602111684
60 120 -1.1 -1 20 21 459.555306074246 0.01564225032802824
60 120 -1.1 -1 21 22 427.0788993805564 0.01941718469390707
60 120 -1.1 -1 22 23 397.7807155532546 0.01698114568443998
60 120 -1.1 -1 23 24 371.2477715068899 0.01446505185668912
60 120 -1.1 -1 24 25 347.138212431285 0.01234487990535627
60 120 -1.1 -1 25 26 325.1635522054481 0.01046054841572186
60 120 -1.1 -1 26 27 305.0802052275124 0.00954177322716987
60 120 -1.1 -1 27 28 286.6752754115457 0.009870499812564049
60 120 -1.1 -1 28 29 269.7626615565116 0.009625810294096482
60 120 -1.1 -1 29 30 254.1836016141377 0.009083074476393449
60 120 -1.1 -1 30 31 239.8022188190693 0.008126073157797009
60 120 -1.1 -1 31 32 226.5001607995027 0.007223814661614369
60 120 -1.1 -1 32 33 214.1731554789026 0.007622484461592194
60 120 -1.1 -1 33 34 202.7269378522167 0.007867986854961373
60 120 -1.1 -1 34 35 192.0784431187647 0.007425301127483408
60 120 -1.1 -1 35 36 182.1559163070649 0.006996619156979023
60 120 -1.1 -1 36 37 172.895912452728 0.006087775724068933
60 120 -1.1 -1 37 38 164.2424599651177 0.005409850151949058
60 120 -1.1 -1 38 39 156.1449919838404 0.005548329632716786
60 120 -1.1 -1 39 40 148.5570072769323 0.005762652245095978
60 120 -1.1 -1 40 42 276.1833627862295 0.01250038400650055
60 120 -1.1 -1 42 44 250.9865418751373 0.009691760780015102
60 120 -1.1 -1 44 46 228.6331550788011 0.007977347785384836
60 120 -1.1 -1 46 48 208.7248325226581 0.008401953131510709
60 120 -1.1 -1 48 50 190.9269390982703 0.007364099331425678
60 120 -1.1 -1 50 52 174.9658369406588 0.006030226698584329
60 120 -1.1 -1 52 54 160.6125879260451 0.005920277392306161
60 120 -1.1 -1 54 56 147.6695295920394 0.006134679054014214
60 120 -1.1 -1 56 58 135.9675182029843 0.00544121107387241
60 120 -1.1 -1 58 60 125.3645254083864 0.004619787432758926
60 120 -1.1 -1 60 65 273.1749263877794 0.01107848194567396
60 120 -1.1 -1 65 70 225.3249876677966 0.01020118717596574
60 120 -1.1 -1 70 80 343.280723811593 0.013988292775025
60 120 -1.1 -1 80 90 241.788596439383 0.01026283824390362
60 120 -1.1 -1 90 100 173.597020029875 0.007583592816814644
60 120 -1 -0.95 0 0.5 -0.7840661809620024 1.903459129892759e-05
60 120 -1 -0.95 0.5 1 -1007.579786460137 0.02701120990036543
60 120 -1 -0.95 1 1.5 69.24510600206736 0.0002486606922076362
60 120 -1 -0.95 1.5 2 738.9304322634539 0.003304612329088741
60 120 -1 -0.95 2 2.5 873.8134504491788 0.002291876123763359
60 120 -1 -0.95 2.5 3 866.479040134161 0.002918748285310357
60 120 -1 -0.95 3 3.5 817.0043479524269 0.03989855210897986
60 120 -1 -0.95 3.5 4 756.94172092496 0.03575985384065916
60 120 -1 -0.95 4 4.5 697.2509948273187 0.03211645661099283
60 120 -1 -0.95 4.5 5 641.5504101886874 0.0289354532770858
60 120 -1 -0.95 5 5.5 590.9712927005131 0.02618389009455768
60 120 -1 -0.95 5.5 6 545.5497479756909 0.02378388908903162
60 120 -1 -0.95 6 6.5 504.8476327691289 0.02167948159717525
60 120 -1 -0.95 6.5 7 468.3933931775734 0.01984200838757033
60 120 -1 -0.95 7 7.5 435.7049847788485 0.01823925454556274
60 120 -1 -0.95 7.5 8 406.3290125647845 0.01683275572185039
60 120 -1 -0.95 8 8.5 379.8288141342921 0.01558284004340749
60 120 -1 -0.95 8.5 9 355.8528266202681 0.01446182628251336
60 120 -1 -0.95 9 9.5 334.0976268620591 0.01345005462201243
60 120 -1 -0.95 9.5 10 314.3011258805197 0.015701654479642
60 120 -1 -0.95 10 10.5 296.2361454558799 0.0143452381582847
60 120 -1 -0.95 10.5 11 279.6939690656008 0.01240606238167175
60 120 -1 -0.95 11 11.5 264.5057661361722 0.01047016430300118
60 120 -1 -0.95 11.5 12 250.5283805906073 0.009639689848057742
60 120 -1 -0.95 12 12.5 237.6333381920757 0.009069510710190798
60 120 -1 -0.95 12.5 13 225.7122750337842 0.008548884996429251
60 120 -1 -0.95 13 13.5 214.6672548704059 0.008069013329873087
60 120 -1 -0.95 13.5 14 204.4088061464433 0.007628716696757465
60 120 -1 -0.95 14 14.5 194.8628104468136 0.007221446184843217
60 120 -1 -0.95 14.5 15 185.9635275913554 0.006844376005801678
60 120 -1 -0.95 15 16 347.5334424707983 0.01265692075310199
60 120 -1 -0.95 16 17 318.3660277332725 0.01143172390470681
60 120 -1 -0.95 17 18 292.6550621204534 0.01036119960519954
60 120 -1 -0.95 18 19 269.8598595642426 0.009423431646553126
60 120 -1 -0.95 19 20 249.5492113124206 0.008594558904292171
60 120 -1 -0.95 20 21 231.3735511370667 0.007859693189232075
60 120 -1 -0.95 21 22 215.0391794138131 0.01012759456492063
60 120 -1 -0.95 22 23 200.2975020501256 0.008567349207339703
60 120 -1 -0.95 23 24 186.9455914084131 0.007241469688807456
60 120 -1 -0.95 24 25 174.8136576641186 0.006031084095496908
60 120 -1 -0.95 25 26 163.7587013090692 0.005422803299410361
60 120 -1 -0.95 26 27 153.6528161662113 0.004791004183573477
60 120 -1 -0.95 27 28 144.3884432011158 0.004436175692802635
60 120 -1 -0.95 28 29 135.8742968742185 0.004112212506953483
60 120 -1 -0.95 29 30 128.032421331258 0.003816971837011351
60 120 -1 -0.95 30 31 120.7952700851798 0.003546490497924992
60 120 -1 -0.95 31 32 114.1005566560902 0.003298963366887619
60 120 -1 -0.95 32 33 107.8944158492562 0.003072114123142455
60 120 -1 -0.95 33 34 102.1304803349028 0.002862618946849693
60 120 -1 -0.95 34 35 96.76850952308165 0.002669636716404966
60 120 -1 -0.95 35 36 91.77299805962272 0.002491283082633799
60 120 -1 -0.95 36 37 87.11202551010126 0.002326661470803515
60 120 -1 -0.95 37 38 82.75567320528238 0.002174741464372687
60 120 -1 -0.95 38 39 78.67789555842255 0.002034820091324718
60 120 -1 -0.95 39 40 74.8558803084136 0.001904982703152314
60 120 -1 -0.95 40 42 139.1700170158971 0.00608861544921524
60 120 -1 -0.95 42 44 126.4825037429128 0.004978266013125676
60 120 -1 -0.95 44 46 115.2246906442018 0.003980693910207833
60 120 -1 -0.95 46 48 105.1945539747843 0.003012001510498408
60 120 -1 -0.95 48 50 96.22878541151519 0.00220935578185788
60 120 -1 -0.95 50 52 88.18976968787845 0.001865860681931508
60 120 -1 -0.95 52 54 80.95817034157548 0.001660596933575675
60 120 -1 -0.95 54 56 74.43572789716515 0.001481337893181944
60 120 -1 -0.95 56 58 68.53963037028549 0.001324053056990238
60 120 -1 -0.95 58 60 63.19799559019646 0.001185935091690737
60 120 -1 -0.95 60 65 137.7180510816679 0.00246304579886214
60 120 -1 -0.95 65 70 113.6035221400336 0.005006877757139705
60 120 -1 -0.95 70 80 173.0900699978649 0.002654859584225733
60 120 -1 -0.95 80 90 121.9280535359425 0.001684053334969349
60 120 -1 -0.95 90 100 87.54854092224001 0.001108270666946964
60 120 -0.95 -0.9 0 0.5 -0.7888819169667123 1.79649371804258e-05
60 120 -0.95 -0.9 0.5 1 -1019.925871581245 0.02987891247278185
60 120 -0.95 -0.9 1 1.5 60.6255667037702 0.0005514378073385728
60 120 -0.95 -0.9 1.5 2 736.6805694755092 0.007980654909601981
60 120 -0.95 -0.9 2 2.5 873.8664630455487 0.001993131605900089
60 120 -0.95 -0.9 2.5 3 867.576315312243 0.004355720113721873
60 120 -0.95 -0.9 3 3.5 818.5015511731975 0.03996301709378258
60 120 -0.95 -0.9 3.5 4 758.660766135599 0.035824627526722
60 120 -0.95 -0.9 4 4.5 699.0013904850427 0.03215665437005555
60 120 -0.95 -0.9 4.5 5 643.2903185351495 0.02897108596278031
60 120 -0.95 -0.9 5 5.5 592.6944612444938 0.02622262011857401
60 120 -0.95 -0.9 5.5 6 547.2063474200013 0.02383188357032395
60 120 -0.95 -0.9 6 6.5 506.4310771446832 0.0217406650679095
60 120 -0.95 -0.9 6.5 7 469.9114880139172 0.01991397766641967
60 120 -0.95 -0.9 7 7.5 437.167930432541 0.0183016140131258
60 120 -0.95 -0.9 7.5 8 407.7197658013384 0.01687020258077609
60 120 -0.95 -0.9 8 8.5 381.1500411098406 0.01559461847898547
60 120 -0.95 -0.9 8.5 9 357.113023716059 0.01445980724673745
60 120 -0.95 -0.9 9 9.5 335.3029559665456 0.01344735841257716
60 120 -0.95 -0.9 9.5 10 315.4581985287185 0.01254247375669593
60 120 -0.95 -0.9 10 10.5 297.3367880789956 0.01408993721975094
60 120 -0.95 -0.9 10.5 11 280.7426771926513 0.01223933232404306
60 120 -0.95 -0.9 11 11.5 265.5086318351218 0.01076440533353207
60 120 -0.95 -0.9 11.5 12 251.4876076972477 0.009681272228732496
60 120 -0.95 -0.9 12 12.5 238.554888616361 0.009108708138683141
60 120 -0.95 -0.9 12.5 13 226.5976242550606 0.008582214838298796
60 120 -0.95 -0.9 13 13.5 215.5147842115867 0.008097435169759137
60 120 -0.95 -0.9 13.5 14 205.2213501619162 0.00764919566665867
60 120 -0.95 -0.9 14 14.5 195.6430268029739 0.007237898484078187
60 120 -0.95 -0.9 14.5 15 186.7137643624382 0.006856173476251115
60 120 -0.95 -0.9 15 16 348.9523344210472 0.01267817368170654
60 120 -0.95 -0.9 16 17 319.6875159167028 0.0114562803012177
60 120 -0.95 -0.9 17 18 293.8826694754105 0.01039020655514378
60 120 -0.95 -0.9 18 19 271.0032182197279 0.009451438289090675
60 120 -0.95 -0.9 19 20 250.6199396226864 0.008619866087286709
60 120 -0.95 -0.9 20 21 232.3791570509056 0.007880817512443627
60 120 -0.95 -0.9 21 22 215.9801457677495 0.01006125959676751
60 120 -0.95 -0.9 22 23 201.1795255918614 0.008524732711265415
60 120 -0.95 -0.9 23 24 187.775513129085 0.007113415357110853
60 120 -0.95 -0.9 24 25 175.5987483362399 0.006259958486793948
60 120 -0.95 -0.9 25 26 164.4991900168986 0.00546020078274978
60 120 -0.95 -0.9 26 27 154.3505867391281 0.004806163789567108
60 120 -0.95 -0.9 27 28 145.0470492499045 0.004449945031012703
60 120 -0.95 -0.9 28 29 136.4985945982011 0.004125295716931987
60 120 -0.95 -0.9 29 30 128.6265370760152 0.003828219406670996
60 120 -0.95 -0.9 30 31 121.3589302511515 0.003556899260431123
60 120 -0.95 -0.9 31 32 114.6345274743213 0.003308144926293721
60 120 -0.95 -0.9 32 33 108.4007637935346 0.00307953954798279
60 120 -0.95 -0.9 33 34 102.6119748875875 0.002869190125437626
60 120 -0.95 -0.9 34 35 97.22796026044526 0.002675911516377028
60 120 -0.95 -0.9 35 36 92.21180960374937 0.002498108191304027
60 120 -0.95 -0.9 36 37 87.52974719791264 0.002333821993801166
60 120 -0.95 -0.9 37 38 83.15317016839256 0.002181510117495122
60 120 -0.95 -0.9 38 39 79.05661843837345 0.002040523381609205
60 120 -0.95 -0.9 39 40 75.21761086123314 0.001909790530362443
60 120 -0.95 -0.9 40 42 139.8486585717026 0.006237884899604751
60 120 -0.95 -0.9 42 44 127.1040682787592 0.005068352812855892
60 120 -0.95 -0.9 44 46 115.7928880141526 0.003914161544756212
60 120 -0.95 -0.9 46 48 105.7170922665788 0.002958705305019294
60 120 -0.95 -0.9 48 50 96.71117908036329 0.00244634526117693
60 120 -0.95 -0.9 50 52 88.63313233029436 0.001870577486158709
60 120 -0.95 -0.9 52 54 81.36645440571661 0.001664890139181807
60 120 -0.95 -0.9 54 56 74.81370979353214 0.001484871593206094
60 120 -0.95 -0.9 56 58 68.89008223673552 0.001326993558848244
60 120 -0.95 -0.9 58 60 63.52190432082979 0.001188384326283654
60 120 -0.95 -0.9 60 65 138.4270216581098 0.002468254068190845
60 120 -0.95 -0.9 65 70 114.1945126783207 0.004691622643122173
60 120 -0.95 -0.9 70 80 173.999510009596 0.002659806896986083
60 120 -0.95 -0.9 80 90 122.5760957830357 0.001686778995974691
60 120 -0.95 -0.9 90 100 88.01828610877811 0.001109805094614558
60 120 -0.9 -0.85 0 0.5 -0.7934681491370508 1.88572950245991e-05
60 120 -0.9 -0.85 0.5 1 -1031.563930771645 0.03319235190201653
60 120 -0.9 -0.85 1 1.5 52.54732156565757 0.00153676756576715
60 120 -0.9 -0.85 1.5 2 734.5942017792947 0.009777345067845999
60 120 -0.9 -0.85 2 2.5 873.946427974578 0.007989608293200945
60 120 -0.9 -0.85 2.5 3 868.5877663366031 0.002320385457778684
60 120 -0.9 -0.85 3 3.5 819.9337390190897 0.04000874841187851
60 120 -0.9 -0.85 3.5 4 760.3060844874364 0.03587699834008617
60 120 -0.9 -0.85 4 4.5 700.6719657385037 0.03221777101884982
60 120 -0.9 -0.85 4.5 5 644.9647040063228 0.02903626338968479
60 120 -0.9 -0.85 5 5.5 594.3465184729217 0.02627277848012
60 120 -0.9 -0.85 5.5 6 548.7840673364345 0.02387226605435444
60 120 -0.9 -0.85 6 6.5 507.9453191872059 0.02178140558680752
60 120 -0.9 -0.85 6.5 7 471.3703716528734 0.01995402217050923
60 120 -0.9 -0.85 7 7.5 438.564398986162 0.01834643177420503
60 120 -0.9 -0.85 7.5 8 409.0429702416882 0.01692037989658957
60 120 -0.9 -0.85 8 8.5 382.4118974614867 0.01564857564437716
60 120 -0.9 -0.85 8.5 9 358.3185754976707 0.01451574697932756
60 120 -0.9 -0.85 9 9.5 336.460276243894 0.0134980392849684
60 120 -0.9 -0.85 9.5 10 316.5602398314005 0.01258027838127873
60 120 -0.9 -0.85 10 10.5 298.3865638778165 0.01438942399801135
60 120 -0.9 -0.85 10.5 11 281.7452511371241 0.01222008568760202
60 120 -0.9 -0.85 11 11.5 266.4673827160807 0.01052375290686314
60 120 -0.9 -0.85 11.5 12 252.4081226656929 0.009687321004207661
60 120 -0.9 -0.85 12 12.5 239.4384464312568 0.009122132960129647
60 120 -0.9 -0.85 12.5 13 227.443155193704 0.008603283893052094
60 120 -0.9 -0.85 13 13.5 216.3242540587735 0.00812439115608754
60 120 -0.9 -0.85 13.5 14 205.9978045937127 0.007681814430583245
60 120 -0.9 -0.85 14 14.5 196.3879486594517 0.00726943429702942
60 120 -0.9 -0.85 14.5 15 187.4301913114762 0.006886204720416345
60 120 -0.9 -0.85 15 16 350.3101187328414 0.0127262038962499
60 120 -0.9 -0.85 16 17 320.9449217824554 0.0114886955404927
60 120 -0.9 -0.85 17 18 295.0491470772596 0.01041093179316022
60 120 -0.9 -0.85 18 19 272.0913547518274 0.009468114503135894
60 120 -0.9 -0.85 19 20 251.6417385999742 0.008638759449127065
60 120 -0.9 -0.85 20 21 233.334156657886 0.007901855078699782
60 120 -0.9 -0.85 21 22 216.8739737505462 0.01019590917545088
60 120 -0.9 -0.85 22 23 202.0194022413783 0.008313429891956048
60 120 -0.9 -0.85 23 24 188.5695088521095 0.007303067561707621
60 120 -0.9 -0.85 24 25 176.3467614840644 0.006421501598907753
60 120 -0.9 -0.85 25 26 165.2026042430026 0.005501989857236822
60 120 -0.9 -0.85 26 27 155.0137114963898 0.004817988939379347
60 120 -0.9 -0.85 27 28 145.6755874168756 0.004461122416643093
60 120 -0.9 -0.85 28 29 137.0961031047143 0.004135941740400995
60 120 -0.9 -0.85 29 30 129.1922941458211 0.00383870147345533
60 120 -0.9 -0.85 30 31 121.8941493795076 0.003566621863640762
60 120 -0.9 -0.85 31 32 115.1418742790683 0.003317180641076334
60 120 -0.9 -0.85 32 33 108.8834559517411 0.003087982798419375
60 120 -0.9 -0.85 33 34 103.0727893902596 0.002877292037908319
60 120 -0.9 -0.85 34 35 97.66724027257116 0.002683365479555277
60 120 -0.9 -0.85 35 36 92.62907388149458 0.002504815440218522
60 120 -0.9 -0.85 36 37 87.92668652479422 0.002339269996994631
60 120 -0.9 -0.85 37 38 83.53135916139387 0.00218633277727065
60 120 -0.9 -0.85 38 39 79.41821032194666 0.002045225922117311
60 120 -0.9 -0.85 39 40 75.56407157599645 0.001914896966653146
60 120 -0.9 -0.85 40 42 140.4963003633743 0.006499890121716589
60 120 -0.9 -0.85 42 44 127.6944329865061 0.005073029111173355
60 120 -0.9 -0.85 44 46 116.334484244046 0.003824724070383922
60 120 -0.9 -0.85 46 48 106.2163563355639 0.003162967256940874
60 120 -0.9 -0.85 48 50 97.16948462009819 0.002394246823385515
60 120 -0.9 -0.85 50 52 89.05467847871843 0.001874933472237217
60 120 -0.9 -0.85 52 54 81.75650846966002 0.001668762593354245
60 120 -0.9 -0.85 54 56 75.17473824098751 0.00148829960815533
60 120 -0.9 -0.85 56 58 69.22313065726986 0.001330024739175428
60 120 -0.9 -0.85 58 60 63.8295228031476 0.001190994552963787
60 120 -0.9 -0.85 60 65 139.1042732486374 0.002473430173665747
60 120 -0.9 -0.85 65 70 114.7559106398325 0.005325037349038553
60 120 -0.9 -0.85 70 80 174.8651798805528 0.002664542216052723
60 120 -0.9 -0.85 80 90 123.1926345407536 0.001689366242231927
60 120 -0.9 -0.85 90 100 88.46517644681644 0.001111215671528498
60 120 -0.85 -0.8 0 0.5 -0.7977612313448241 1.901644959356741e-05
60 120 -0.85 -0.8 0.5 1 -1042.454335424659 0.03512969609801075
60 120 -0.85 -0.8 1 1.5 45.05023140514754 0.0006029588056009061
60 120 -0.85 -0.8 1.5 2 732.7285220996196 0.006265196394565464
60 120 -0.85 -0.8 2 2.5 874.1246879375346 0.003903654355212893
60 120 -0.85 -0.8 2.5 3 869.5704323094486 0.002523372350992759
60 120 -0.85 -0.8 3 3.5 821.3210345237973 0.03982397457662046
60 120 -0.85 -0.8 3.5 4 761.849699559973 0.03574472460570632
60 120 -0.85 -0.8 4 4.5 702.2575869661611 0.03212138981712087
60 120 -0.85 -0.8 4.5 5 646.5741493211715 0.02896978084390867
60 120 -0.85 -0.8 5 5.5 595.9109311241258 0.02623599327648662
60 120 -0.85 -0.8 5.5 6 550.2871643501227 0.02385278772419497
60 120 -0.85 -0.8 6 6.5 509.3930157181033 0.02177385139401622
60 120 -0.85 -0.8 6.5 7 472.7671616762753 0.01995053293143201
60 120 -0.85 -0.8 7 7.5 439.8866262059516 0.01834037279974154
60 120 -0.85 -0.8 7.5 8 410.3018833180424 0.01691902135740975
60 120 -0.85 -0.8 8 8.5 383.6131369397577 0.01565380839178943
60 120 -0.85 -0.8 8.5 9 359.4709670544954 0.01452643610389259
60 120 -0.85 -0.8 9 9.5 337.5597166811958 0.01351551621417002
60 120 -0.85 -0.8 9.5 10 317.6051170156057 0.01260193129098752
60 120 -0.85 -0.8 10 10.5 299.3834893277332 0.01415016584655859
60 120 -0.85 -0.8 10.5 11 282.6977316785179 0.01227865391228988
60 120 -0.85 -0.8 11 11.5 267.3808306162122 0.01056909833056352
60 120 -0.85 -0.8 11.5 12 253.2851145758282 0.009714986845551721
60 120 -0.85 -0.8 12 12.5 240.2774060188047 0.009142996762534494
60 120 -0.85 -0.8 12.5 13 228.245479216322 0.008616122862036946
60 120 -0.85 -0.8 13 13.5 217.0934724478907 0.008131187923964944
60 120 -0.85 -0.8 13.5 14 206.7349150475671 0.007684729599162665
60 120 -0.85 -0.8 14 14.5 197.0976975675687 0.007273017589113806
60 120 -0.85 -0.8 14.5 15 188.1151603469806 0.006892974813439423
60 120 -0.85 -0.8 15 16 351.6022705145132 0.01275481456849548
60 120 -0.85 -0.8 16 17 322.1387315999206 0.01152962224119847
60 120 -0.85 -0.8 17 18 296.1576471072106 0.01045257128083676
60 120 -0.85 -0.8 18 19 273.1301849423471 0.009500258527680217
60 120 -0.85 -0.8 19 20 252.6101882680208 0.008660675265389273
60 120 -0.85 -0.8 20 21 234.2373670307299 0.007917827042859926
60 120 -0.85 -0.8 21 22 217.7204684664181 0.009712024813183007
60 120 -0.85 -0.8 22 23 202.8191494291112 0.008652666283950339
60 120 -0.85 -0.8 23 24 189.3218757061732 0.007507910272948948
60 120 -0.85 -0.8 24 25 177.0532335269965 0.00636429164885044
60 120 -0.85 -0.8 25 26 165.8682503396959 0.005311416273031
60 120 -0.85 -0.8 26 27 155.6448999324316 0.004830632095604415
60 120 -0.85 -0.8 27 28 146.2749707121479 0.004472307456097724
60 120 -0.85 -0.8 28 29 137.6625667649589 0.004145778394104127
60 120 -0.85 -0.8 29 30 129.7274940795312 0.003848103105383416
60 120 -0.85 -0.8 30 31 122.4013029656495 0.003575235656853692
60 120 -0.85 -0.8 31 32 115.6247710447106 0.003325254099223685
60 120 -0.85 -0.8 32 33 109.3441126105871 0.003095634299569383
60 120 -0.85 -0.8 33 34 103.5106190212644 0.002884502103938758
60 120 -0.85 -0.8 34 35 98.08252621841594 0.002689795915728155
60 120 -0.85 -0.8 35 36 93.02417865225803 0.002510598916813933
60 120 -0.85 -0.8 36 37 88.30341226029849 0.002344935402419424
60 120 -0.85 -0.8 37 38 83.89205940250132 0.0021918760175339
60 120 -0.85 -0.8 38 39 79.76333300003286 0.002050582073962914
60 120 -0.85 -0.8 39 40 75.89325325851118 0.001919716920014025
60 120 -0.85 -0.8 40 42 141.1095693545426 0.006427871075402436
60 120 -0.85 -0.8 42 44 128.2555417898437 0.004868952342121702
60 120 -0.85 -0.8 44 46 116.8507920539819 0.004051251048153404
60 120 -0.85 -0.8 46 48 106.6892215066569 0.003144766169313584
60 120 -0.85 -0.8 48 50 97.60346784319977 0.002288880568599438
60 120 -0.85 -0.8 50 52 89.45590999186035 0.00187917573136076
60 120 -0.85 -0.8 52 54 82.1274103170682 0.001672228796664399
60 120 -0.85 -0.8 54 56 75.51629768345728 0.001491364536803985
60 120 -0.85 -0.8 56 58 69.53856477261895 0.001332689440033619
60 120 -0.85 -0.8 58 60 64.122653308593 0.001193424438582724
60 120 -0.85 -0.8 60 65 139.746278797572 0.002478216534001376
60 120 -0.85 -0.8 65 70 115.290199029281 0.004959201157774373
60 120 -0.85 -0.8 70 80 175.6862538243691 0.002668993076525794
60 120 -0.85 -0.8 80 90 123.7771166005261 0.001691817629080106
60 120 -0.85 -0.8 90 100 88.88837332924419 0.001112564579472064
60 120 -0.8 -0.75 0 0.5 -0.8012413323566455 1.892625923671787e-05
60 120 -0.8 -0.75 0.5 1 -1052.632975133274 0.025126280227596
60 120 -0.8 -0.75 1 1.5 38.07352781496179 0.0001520585149421549
60 120 -0.8 -0.75 1.5 2 731.0153788334479 0.007935052670518417
60 120 -0.8 -0.75 2 2.5 874.3555693318195 0.00484268228046858
60 120 -0.8 -0.75 2.5 3 870.5401863410264 0.002022927363782401
60 120 -0.8 -0.75 3 3.5 822.6784561364199 0.04036104379156313
60 120 -0.8 -0.75 3.5 4 763.3079397565087 0.03616853429139155
60 120 -0.8 -0.75 4 4.5 703.7603064797529 0.03246271349075869
60 120 -0.8 -0.75 4.5 5 648.0900813193803 0.02922041240560702
60 120 -0.8 -0.75 5 5.5 597.3716607444192 0.02640626248967237
60 120 -0.8 -0.75 5.5 6 551.7022357641838 0.02397493589523947
60 120 -0.8 -0.75 6 6.5 510.7682617918934 0.02186214115573648
60 120 -0.8 -0.75 6.5 7 474.0797140410584 0.02001503111409875
60 120 -0.8 -0.75 7 7.5 441.1347369347879 0.01838916609870012
60 120 -0.8 -0.75 7.5 8 411.492533251371 0.01695183527107247
60 120 -0.8 -0.75 8 8.5 384.7538479168946 0.01567558533338342
60 120 -0.8 -0.75 8.5 9 360.5614745474884 0.014536312213977
60 120 -0.8 -0.75 9 9.5 338.5949795724544 0.01351424371273424
60 120 -0.8 -0.75 9.5 10 318.5922045301874 0.01259585632618609
60 120 -0.8 -0.75 10 10.5 300.3246404967538 0.01418316999507852
60 120 -0.8 -0.75 10.5 11 283.5996722993313 0.01201470195854881
60 120 -0.8 -0.75 11 11.5 268.247411376156 0.01098732805752434
60 120 -0.8 -0.75 11.5 12 254.1127594705152 0.009712122400287626
60 120 -0.8 -0.75 12 12.5 241.0681113148745 0.009141883542810092
60 120 -0.8 -0.75 12.5 13 229.0024955500448 0.008615986655030383
60 120 -0.8 -0.75 13 13.5 217.8184102460839 0.008133221393620715
60 120 -0.8 -0.75 13.5 14 207.4338757943065 0.007687545366792392
60 120 -0.8 -0.75 14 14.5 197.771919434335 0.007277027097870814
60 120 -0.8 -0.75 14.5 15 188.7628733117082 0.0068960506473843
60 120 -0.8 -0.75 15 16 352.8205569313266 0.01275399451463954
60 120 -0.8 -0.75 16 17 323.2659349684639 0.01152364830426222
60 120 -0.8 -0.75 17 18 297.2123508344081 0.01045202317101257
60 120 -0.8 -0.75 18 19 274.1132784109697 0.009514546703996984
60 120 -0.8 -0.75 19 20 253.5243098532546 0.008685390043893904
60 120 -0.8 -0.75 20 21 235.0919982423378 0.01167404391955529
60 120 -0.8 -0.75 21 22 218.526423491701 0.010253060598302
60 120 -0.8 -0.75 22 23 203.575341554067 0.008770204697640338
60 120 -0.8 -0.75 23 24 190.0299041193908 0.007389297768327197
60 120 -0.8 -0.75 24 25 177.7190951361692 0.006184379862020251
60 120 -0.8 -0.75 25 26 166.4992583559959 0.005410998038513526
60 120 -0.8 -0.75 26 27 156.2431060786821 0.004851900716289492
60 120 -0.8 -0.75 27 28 146.8391579157376 0.004483721610853308
60 120 -0.8 -0.75 28 29 138.1953275941709 0.004156571561679812
60 120 -0.8 -0.75 29 30 130.232651443848 0.003857666230459245
60 120 -0.8 -0.75 30 31 122.8829280171075 0.003583905077235272
60 120 -0.8 -0.75 31 32 116.0832841288885 0.003333035599354162
60 120 -0.8 -0.75 32 33 109.7787466330356 0.003102780038062747
60 120 -0.8 -0.75 33 34 103.9227891536997 0.002891454095518498
60 120 -0.8 -0.75 34 35 98.47468020207576 0.002696359676363613
60 120 -0.8 -0.75 35 36 93.39861941481298 0.002516574163195173
60 120 -0.8 -0.75 36 37 88.66178860060505 0.002350649397314442
60 120 -0.8 -0.75 37 38 84.23390630113455 0.002197108318824803
60 120 -0.8 -0.75 38 39 80.08881305867165 0.002055206175469948
60 120 -0.8 -0.75 39 40 76.2034473695566 0.001923707620733239
60 120 -0.8 -0.75 40 42 141.6896748230569 0.006231378410745947
60 120 -0.8 -0.75 42 44 128.7887282222461 0.005185057154278638
60 120 -0.8 -0.75 44 46 117.3383739715308 0.004108295059239708
60 120 -0.8 -0.75 46 48 107.1356769288693 0.002999053999943158
60 120 -0.8 -0.75 48 50 98.01574819863549 0.002384568729254966
60 120 -0.8 -0.75 50 52 89.83608377859831 0.001887592686088624
60 120 -0.8 -0.75 52 54 82.47648979046811 0.001675675251419761
60 120 -0.8 -0.75 54 56 75.83863073604429 0.001494427294915113
60 120 -0.8 -0.75 56 58 69.8380917948603 0.001335501520841831
60 120 -0.8 -0.75 58 60 64.39979009008668 0.001195761219562996
60 120 -0.8 -0.75 60 65 140.3519183859597 0.002482824216201607
60 120 -0.8 -0.75 65 70 115.7955532387232 0.004612820553703045
60 120 -0.8 -0.75 70 80 176.4620821339958 0.002673264573530787
60 120 -0.8 -0.75 80 90 124.3295420533034 0.001694191981584936
60 120 -0.8 -0.75 90 100 89.28811685577097 0.001113838068533823
60 120 -0.75 -0.7 0 0.5 -0.8044140103217693 1.91511597865679e-05
60 120 -0.75 -0.7 0.5 1 -1062.211623619091 0.01918234879190095
60 120 -0.75 -0.7 1 1.5 31.49187005005592 0.0001989908978146104
60 120 -0.75 -0.7 1.5 2 729.3647880709077 0.003761183549954694
60 120 -0.75 -0.7 2 2.5 874.5654475917172 0.00489717917184862
60 120 -0.75 -0.7 2.5 3 871.4631948203898 0.003901023947150861
60 120 -0.75 -0.7 3 3.5 823.9605695495519 0.005715317008252896
60 120 -0.75 -0.7 3.5 4 764.6866724321203 0.03702980694549751
60 120 -0.75 -0.7 4 4.5 705.1978518092847 0.03320675807526641
60 120 -0.75 -0.7 4.5 5 649.5067258210493 0.029909418802049
60 120 -0.75 -0.7 5 5.5 598.7421146287246 0.02706384768794123
60 120 -0.75 -0.7 5.5 6 553.0310713029804 0.02457597117836485
60 120 -0.75 -0.7 6 6.5 512.0514815017375 0.02239773537212386
60 120 -0.75 -0.7 6.5 7 475.2989073155097 0.02048939243576342
60 120 -0.75 -0.7 7 7.5 442.2995964932562 0.01881116239201219
60 120 -0.75 -0.7 7.5 8 412.6087678405137 0.01733161454615129
60 120 -0.75 -0.7 8 8.5 385.827131755927 0.01601577174136537
60 120 -0.75 -0.7 8.5 9 361.5820655570799 0.01484227653247672
60 120 -0.75 -0.7 9 9.5 339.5665850228818 0.01378945055643044
60 120 -0.75 -0.7 9.5 10 319.5174622659352 0.01284245309403786
60 120 -0.75 -0.7 10 10.5 301.2116376668723 0.01397194459445927
60 120 -0.75 -0.7 10.5 11 284.4525319685613 0.01273263037876404
60 120 -0.75 -0.7 11 11.5 269.0603389545138 0.0107548656653762
60 120 -0.75 -0.7 11.5 12 254.8889578859496 0.009858164731724628
60 120 -0.75 -0.7 12 12.5 241.8098063696794 0.009270057204162185
60 120 -0.75 -0.7 12.5 13 229.713122419363 0.0087310745128093
60 120 -0.75 -0.7 13 13.5 218.5043877605958 0.008233998254610242
60 120 -0.75 -0.7 13.5 14 208.0945882218809 0.007778086862828104
60 120 -0.75 -0.7 14 14.5 198.4053376602709 0.007356170821253727
60 120 -0.75 -0.7 14.5 15 189.3696676966164 0.006965596241457206
60 120 -0.75 -0.7 15 16 353.9631307235892 0.01286514842308861
60 120 -0.75 -0.7 16 17 324.3314354375241 0.01160359824780244
60 120 -0.75 -0.7 17 18 298.206211562125 0.01050721147208833
60 120 -0.75 -0.7 18 19 275.0352091202185 0.009547261222394354
60 120 -0.75 -0.7 19 20 254.3844793683914 0.008701176389422471
60 120 -0.75 -0.7 20 21 235.9024636580548 0.007952560706172562
60 120 -0.75 -0.7 21 22 219.2862543815481 0.01034005647150593
60 120 -0.75 -0.7 22 23 204.2852632301499 0.008696181778617529
60 120 -0.75 -0.7 23 24 190.6967024872189 0.007244964509823149
60 120 -0.75 -0.7 24 25 178.3503670159057 0.006287158976562068
60 120 -0.75 -0.7 25 26 167.0961450248611 0.00564441413411032
60 120 -0.75 -0.7 26 27 156.8042516072165 0.004848587687149575
60 120 -0.75 -0.7 27 28 147.3683381719153 0.004489989901770741
60 120 -0.75 -0.7 28 29 138.6969356378386 0.004163705500502601
60 120 -0.75 -0.7 29 30 130.7106328537471 0.003865588520397978
60 120 -0.75 -0.7 30 31 123.3363839815671 0.003592178187332706
60 120 -0.75 -0.7 31 32 116.5124754120796 0.003341452646751009
60 120 -0.75 -0.7 32 33 110.1858790861596 0.003110498657719063
60 120 -0.75 -0.7 33 34 104.3104936266591 0.002897938995047866
60 120 -0.75 -0.7 34 35 98.84542900387686 0.002702421438570468
60 120 -0.75 -0.7 35 36 93.75270176204508 0.002521910424917451
60 120 -0.75 -0.7 36 37 88.99869312834142 0.002355494149782089
60 120 -0.75 -0.7 37 38 84.55446462404083 0.002201988590925907
60 120 -0.75 -0.7 38 39 80.39429875283039 0.002059705465470074
60 120 -0.75 -0.7 39 40 76.49571675450512 0.001927995054700204
60 120 -0.75 -0.7 40 42 142.2382959407263 0.006595620377822797
60 120 -0.75 -0.7 42 44 129.2895806759083 0.005251164038071465
60 120 -0.75 -0.7 44 46 117.7959672953623 0.003846079909635591
60 120 -0.75 -0.7 46 48 107.5581887303839 0.003142714416625836
60 120 -0.75 -0.7 48 50 98.40461020386427 0.002503763792574887
60 120 -0.75 -0.7 50 52 90.19240517687993 0.001886926913144293
60 120 -0.75 -0.7 52 54 82.80569439674069 0.001679171713121264
60 120 -0.75 -0.7 54 56 76.14403123987458 0.001497237942075458
60 120 -0.75 -0.7 56 58 70.1192972436058 0.001337905705128151
60 120 -0.75 -0.7 58 60 64.65901914480737 0.001197877719889107
60 120 -0.75 -0.7 60 65 140.9241187305232 0.002487279364544293
60 120 -0.75 -0.7 65 70 116.2695080806628 0.005331224411762037
60 120 -0.75 -0.7 70 80 177.1927509425568 0.002677260431994455
60 120 -0.75 -0.7 80 90 124.8490506466019 0.001696337149795113
60 120 -0.75 -0.7 90 100 89.66364825925018 0.00111504016186359
60 120 -0.7 -0.65 0 0.5 -0.8077432688404039 1.810731483897765e-05
60 120 -0.7 -0.65 0.5 1 -1071.348044028001 0.01457682459204079
60 120 -0.7 -0.65 1 1.5 25.15291724960919 0.0004568659179753354
60 120 -0.7 -0.65 1.5 2 727.7345246696809 0.005301638127320984
60 120 -0.7 -0.65 2 2.5 874.6688906796801 0.003557994655807306
60 120 -0.7 -0.65 2.5 3 872.304153291008 0.04335372109801483
60 120 -0.7 -0.65 3 3.5 825.1124611262451 0.03938993062786267
60 120 -0.7 -0.65 3.5 4 765.9622977733422 0.03551706515281694
60 120 -0.7 -0.65 4 4.5 706.5405885265482 0.03193703371687207
60 120 -0.7 -0.65 4.5 5 650.8213737032852 0.0288035952496557
60 120 -0.7 -0.65 5 5.5 600.0235591926819 0.0261139663555241
60 120 -0.7 -0.65 5.5 6 554.2825749856562 0.02379022221725791
60 120 -0.7 -0.65 6 6.5 513.243839350917 0.02175844720443365
60 120 -0.7 -0.65 6.5 7 476.4338437546199 0.01997711254807655
60 120 -0.7 -0.65 7 7.5 443.3831119076639 0.01839617232189994
60 120 -0.7 -0.65 7.5 8 413.6530765547738 0.01698602372943014
60 120 -0.7 -0.65 8 8.5 386.8206874015523 0.01573025512317372
60 120 -0.7 -0.65 8.5 9 362.5268637011579 0.01460575327581637
60 120 -0.7 -0.65 9 9.5 340.4667986567362 0.01359652651314036
60 120 -0.7 -0.65 9.5 10 320.3821772815568 0.0126873084702197
60 120 -0.7 -0.65 10 10.5 302.0444060357141 0.01453702507831167
60 120 -0.7 -0.65 10.5 11 285.2464235652313 0.01247802571606371
60 120 -0.7 -0.65 11 11.5 269.818056393903 0.0110244970796316
60 120 -0.7 -0.65 11.5 12 255.6122301961025 0.009810098590975258
60 120 -0.7 -0.65 12 12.5 242.5039150631262 0.009237870055045505
60 120 -0.7 -0.65 12.5 13 230.3837170536823 0.008711596191488979
60 120 -0.7 -0.65 13 13.5 219.1488893783237 0.008226373220168171
60 120 -0.7 -0.65 13.5 14 208.7114034810097 0.007778417932485127
60 120 -0.7 -0.65 14 14.5 198.9955825510797 0.00736325028864826
60 120 -0.7 -0.65 14.5 15 189.9361405559229 0.006978976766561118
60 120 -0.7 -0.65 15 16 355.036048832903 0.01291187032808239
60 120 -0.7 -0.65 16 17 325.3335496673009 0.0116689532111991
60 120 -0.7 -0.65 17 18 299.1330450856693 0.01058240396827159
60 120 -0.7 -0.65 18 19 275.8972215458568 0.009622906591062019
60 120 -0.7 -0.65 19 20 255.1958886418325 0.008772779644004913
60 120 -0.7 -0.65 20 21 236.6624072968729 0.008018139103995736
60 120 -0.7 -0.65 21 22 219.994778132176 0.01034854672835195
60 120 -0.7 -0.65 22 23 204.9501689585373 0.008459294676612217
60 120 -0.7 -0.65 23 24 191.3261016895749 0.007385190200750458
60 120 -0.7 -0.65 24 25 178.9442777698205 0.006548032583623353
60 120 -0.7 -0.65 25 26 167.653599184253 0.005581289464572592
60 120 -0.7 -0.65 26 27 157.329672875523 0.004870338549494591
60 120 -0.7 -0.65 27 28 147.8666429823659 0.004506302011435537
60 120 -0.7 -0.65 28 29 139.1708798158589 0.004174908164912949
60 120 -0.7 -0.65 29 30 131.1585961011106 0.003872430348621947
60 120 -0.7 -0.65 30 31 123.7596914247078 0.003596639285248671
60 120 -0.7 -0.65 31 32 116.9135970533022 0.003344829620729683
60 120 -0.7 -0.65 32 33 110.5681161910632 0.003114267533391057
60 120 -0.7 -0.65 33 34 104.6756423154684 0.002902667383310131
60 120 -0.7 -0.65 34 35 99.19296166871628 0.002707149106143447
60 120 -0.7 -0.65 35 36 94.08277994935693 0.002526907435736803
60 120 -0.7 -0.65 36 37 89.31264153410109 0.002360622775697152
60 120 -0.7 -0.65 37 38 84.85425677185034 0.00220663129438492
60 120 -0.7 -0.65 38 39 80.68171293467424 0.00206406389226288
60 120 -0.7 -0.65 39 40 76.77101756920594 0.001931997257671014
60 120 -0.7 -0.65 40 42 142.7512349323363 0.006626048294208431
60 120 -0.7 -0.65 42 44 129.7569620994608 0.004920046581190718
60 120 -0.7 -0.65 44 46 118.2271410576619 0.004078385253194483
60 120 -0.7 -0.65 46 48 107.9539627408955 0.003264609387997552
60 120 -0.7 -0.65 48 50 98.76663535150091 0.002323402326126711
60 120 -0.7 -0.65 50 52 90.52735247232701 0.001890318262880442
60 120 -0.7 -0.65 52 54 83.11565372698327 0.00168200192561585
60 120 -0.7 -0.65 54 56 76.42843020918383 0.001499860797167685
60 120 -0.7 -0.65 56 58 70.38205031269857 0.001340304302544837
60 120 -0.7 -0.65 58 60 64.90375740429987 0.001200030663639495
60 120 -0.7 -0.65 60 65 141.4583724265632 0.002491443779632618
60 120 -0.7 -0.65 65 70 116.7151317841456 0.004523466529448683
60 120 -0.7 -0.65 70 80 177.8762249833588 0.002681020219284846
60 120 -0.7 -0.65 80 90 125.3352738041244 0.001698405961775507
60 120 -0.7 -0.65 90 100 90.01480572452445 0.001116141266436443
60 120 -0.65 -0.6 0 0.5 -0.8113572659866253 1.844947459339608e-05
60 120 -0.65 -0.6 0.5 1 -1080.102631452332 0.0242142439287818
60 120 -0.65 -0.6 1 1.5 19.11963573723724 0.0004197833978878407
60 120 -0.65 -0.6 1.5 2 726.1871716170971 0.02416970538354235
60 120 -0.65 -0.6 2 2.5 874.7025738102352 0.003314841648602851
60 120 -0.65 -0.6 2.5 3 873.0816286207125 0.0007461542934379395
60 120 -0.65 -0.6 3 3.5 826.1619922870256 0.0405141859074547
60 120 -0.65 -0.6 3.5 4 767.1561238413157 0.03633648006461954
60 120 -0.65 -0.6 4 4.5 707.7800492801807 0.03269158620503276
60 120 -0.65 -0.6 4.5 5 652.0440227092666 0.02949071751470456
60 120 -0.65 -0.6 5 5.5 601.2275610830216 0.02666535811783888
60 120 -0.65 -0.6 5.5 6 555.4527086981394 0.02418438784036425
60 120 -0.65 -0.6 6 6.5 514.357645213614 0.02203377803095918
60 120 -0.65 -0.6 6.5 7 477.4956613312311 0.02017080623011225
60 120 -0.65 -0.6 7 7.5 444.4080441939182 0.0185438589277851
60 120 -0.65 -0.6 7.5 8 414.6311614501776 0.01710432226718694
60 120 -0.65 -0.6 8 8.5 387.7468810903969 0.01582382823869466
60 120 -0.65 -0.6 8.5 9 363.4060632389934 0.01468268779797199
60 120 -0.65 -0.6 9 9.5 341.3093114406306 0.01365425008293641
60 120 -0.65 -0.6 9.5 10 321.1928676100512 0.01272373327628884
60 120 -0.65 -0.6 10 10.5 302.8162544044397 0.01464860205317109
60 120 -0.65 -0.6 10.5 11 285.9810319023775 0.01257253376832068
60 120 -0.65 -0.6 11 11.5 270.5191087049313 0.0106888789993036
60 120 -0.65 -0.6 11.5 12 256.2867034846439 0.00979962848168725
60 120 -0.65 -0.6 12 12.5 243.1562673837108 0.009221864309125749
60 120 -0.65 -0.6 12.5 13 231.009619210555 0.00869177539252064
60 120 -0.65 -0.6 13 13.5 219.7472157803811 0.008204545317795464
60 120 -0.65 -0.6 13.5 14 209.2836950566 0.007754773246745117
60 120 -0.65 -0.6 14 14.5 199.5449603861135 0.007338594309317159
60 120 -0.65 -0.6 14.5 15 190.4662986198026 0.006953250596154703
60 120 -0.65 -0.6 15 16 356.0448863966924 0.01285700202629414
60 120 -0.65 -0.6 16 17 326.2643314926028 0.0116134787728015
60 120 -0.65 -0.6 17 18 299.9958213709735 0.01052978041821007
60 120 -0.65 -0.6 18 19 276.7076475907614 0.009579751049898277
60 120 -0.65 -0.6 19 20 255.9538579321053 0.008741625083018789
60 120 -0.65 -0.6 20 21 237.3672746558419 0.007998557794792305
60 120 -0.65 -0.6 21 22 220.655044584418 0.009900154261913485
60 120 -0.65 -0.6 22 23 205.5747303224294 0.008764008899731834
60 120 -0.65 -0.6 23 24 191.9136621768205 0.007590527029520899
60 120 -0.65 -0.6 24 25 179.4950599931765 0.006491604957801655
60 120 -0.65 -0.6 25 26 168.1723506915658 0.005350169989696951
60 120 -0.65 -0.6 26 27 157.8221715973557 0.004886366143608711
60 120 -0.65 -0.6 27 28 148.3339646945858 0.00452553487411933
60 120 -0.65 -0.6 28 29 139.6116438726967 0.004195770924951603
60 120 -0.65 -0.6 29 30 131.5746988856392 0.003893705692718186
60 120 -0.65 -0.6 30 31 124.1542380072598 0.00361646659561643
60 120 -0.65 -0.6 31 32 117.2899584015463 0.003361154243236797
60 120 -0.65 -0.6 32 33 110.9266826834436 0.003126914845125839
60 120 -0.65 -0.6 33 34 105.0156078359304 0.002911860418905121
60 120 -0.65 -0.6 34 35 99.51518703146876 0.002714212929987525
60 120 -0.65 -0.6 35 36 94.38937227903639 0.002532199642956812
60 120 -0.65 -0.6 36 37 89.60609218823046 0.002364671503784166
60 120 -0.65 -0.6 37 38 85.13524613876822 0.002210144909355449
60 120 -0.65 -0.6 38 39 80.94971823937414 0.002066997451549923
60 120 -0.65 -0.6 39 40 77.02577954799247 0.001934903617438977
60 120 -0.65 -0.6 40 42 143.2263081781115 0.006277081928004691
60 120 -0.65 -0.6 42 44 130.195147403276 0.005253954233012337
60 120 -0.65 -0.6 44 46 118.6283525928044 0.004206271125596572
60 120 -0.65 -0.6 46 48 108.3205155435183 0.00302262408730769
60 120 -0.65 -0.6 48 50 99.10606220091171 0.002481972804147858
60 120 -0.65 -0.6 50 52 90.84004240998435 0.00194417996259233
60 120 -0.65 -0.6 52 54 83.40196090443834 0.001684803407982827
60 120 -0.65 -0.6 54 56 76.69377377927418 0.001502325249106207
60 120 -0.65 -0.6 56 58 70.62862328681112 0.001342439869546297
60 120 -0.65 -0.6 58 60 65.13088736016051 0.001201837802497607
60 120 -0.65 -0.6 60 65 141.956506393815 0.002495260482362482
60 120 -0.65 -0.6 65 70 117.1283323949396 0.005111871141181723
60 120 -0.65 -0.6 70 80 178.512621650965 0.002684566013527956
60 120 -0.65 -0.6 80 90 125.7876290535873 0.001700257044703335
60 120 -0.65 -0.6 90 100 90.34162142434261 0.001117166139607662
60 120 -0.6 -0.55 0 0.5 -0.8149597685128983 1.875604661016883e-05
60 120 -0.6 -0.55 0.5 1 -1088.260354513414 0.03912678581946238
60 120 -0.6 -0.55 1 1.5 13.60761795999882 0.0002367425691538472
60 120 -0.6 -0.55 1.5 2 724.8343649698745 0.00918009017368604
60 120 -0.6 -0.55 2 2.5 874.8026328442812 0.003786493256711765
60 120 -0.6 -0.55 2.5 3 873.8434187111526 0.003240909601458952
60 120 -0.6 -0.55 3 3.5 827.1644539918799 0.0398404629071365
60 120 -0.6 -0.55 3.5 4 768.3002402436546 0.03579143316960653
60 120 -0.6 -0.55 4 4.5 708.9412634595767 0.03217425691696008
60 120 -0.6 -0.55 4.5 5 653.194198708928 0.0290362750612303
60 120 -0.6 -0.55 5 5.5 602.3695339964277 0.02634240633915397
60 120 -0.6 -0.55 5.5 6 556.5437111166161 0.02399591663481715
60 120 -0.6 -0.55 6 6.5 515.3970403324034 0.02192836785434338
60 120 -0.6 -0.55 6.5 7 478.498639312598 0.02009502724786216
60 120 -0.6 -0.55 7 7.5 445.3722843829248 0.0184611606395606
60 120 -0.6 -0.55 7.5 8 415.5425952526678 0.01702007994617816
60 120 -0.6 -0.55 8 8.5 388.6108025683521 0.0157458820787042
60 120 -0.6 -0.55 8.5 9 364.2331989209047 0.01461514204783043
60 120 -0.6 -0.55 9 9.5 342.1061193184283 0.01360587996168761
60 120 -0.6 -0.55 9.5 10 321.9488422206367 0.01269477260996155
60 120 -0.6 -0.55 10 10.5 303.5325941788706 0.01445186818057209
60 120 -0.6 -0.55 10.5 11 286.6630147963302 0.01220223183327107
60 120 -0.6 -0.55 11 11.5 271.1753142189824 0.01077010312883431
60 120 -0.6 -0.55 11.5 12 256.919582301213 0.009808158469297723
60 120 -0.6 -0.55 12 12.5 243.7607990722241 0.009233059478475525
60 120 -0.6 -0.55 12.5 13 231.5855654536 0.008705876291060122
60 120 -0.6 -0.55 13 13.5 220.2977880643732 0.008220568610198598
60 120 -0.6 -0.55 13.5 14 209.8129631771249 0.007772181756536156
60 120 -0.6 -0.55 14 14.5 200.0573875023988 0.007357373242371068
60 120 -0.6 -0.55 14.5 15 190.9619497359378 0.006972622183184285
60 120 -0.6 -0.55 15 16 356.9759091469208 0.01290004783049881
60 120 -0.6 -0.55 16 17 327.1244094721512 0.01165833449169895
60 120 -0.6 -0.55 17 18 300.8018299701767 0.01057295734426589
60 120 -0.6 -0.55 18 19 277.4610787741947 0.009617603068079461
60 120 -0.6 -0.55 19 20 256.6525307311327 0.008772551121865035
60 120 -0.6 -0.55 20 21 238.0204928333741 0.01185178921824104
60 120 -0.6 -0.55 21 22 221.2721330204548 0.01041184212428448
60 120 -0.6 -0.55 22 23 206.1535092085651 0.008887669865288217
60 120 -0.6 -0.55 23 24 192.4552307938149 0.007543515795987332
60 120 -0.6 -0.55 24 25 180.0046730537649 0.006233562526233527
60 120 -0.6 -0.55 25 26 168.6562736219621 0.005589994414464172
60 120 -0.6 -0.55 26 27 158.2798938856161 0.004929972859287091
60 120 -0.6 -0.55 27 28 148.7646295952888 0.004522800696065588
60 120 -0.6 -0.55 28 29 140.0177699983249 0.004192940375617127
60 120 -0.6 -0.55 29 30 131.9605872820545 0.003891670940163294
60 120 -0.6 -0.55 30 31 124.522412808519 0.003615899552116275
60 120 -0.6 -0.55 31 32 117.6393916094555 0.003364266592001286
60 120 -0.6 -0.55 32 33 111.257038147886 0.003133104058392178
60 120 -0.6 -0.55 33 34 105.3288402862346 0.002919862677444485
60 120 -0.6 -0.55 34 35 99.81437724233911 0.002722762253256406
60 120 -0.6 -0.55 35 36 94.67599530653519 0.002540693737742572
60 120 -0.6 -0.55 36 37 89.8791840383804 0.002372580574132144
60 120 -0.6 -0.55 37 38 85.39432830843326 0.002217436540504991
60 120 -0.6 -0.55 38 39 81.19570345120719 0.002073986719466347
60 120 -0.6 -0.55 39 40 77.26097477561049 0.001940856740688446
60 120 -0.6 -0.55 40 42 143.6691482258032 0.006708828247070642
60 120 -0.6 -0.55 42 44 130.5989757286281 0.005274572444108117
60 120 -0.6 -0.55 44 46 118.9972364686773 0.003913249151153764
60 120 -0.6 -0.55 46 48 108.662326543504 0.003307176985870797
60 120 -0.6 -0.55 48 50 99.4195409477128 0.002525036718054707
60 120 -0.6 -0.55 50 52 91.1272716260286 0.001896706455411845
60 120 -0.6 -0.55 52 54 83.66861522059629 0.001687691500791288
60 120 -0.6 -0.55 54 56 76.94025745270918 0.001504708147223255
60 120 -0.6 -0.55 56 58 70.85504322331526 0.001344438399513592
60 120 -0.6 -0.55 58 60 65.34093251723728 0.001203654336478621
60 120 -0.6 -0.55 60 65 142.4180311487725 0.0024987020480296
60 120 -0.6 -0.55 65 70 117.5111262073662 0.004839273675116829
60 120 -0.6 -0.55 70 80 179.1006404615981 0.002687772691103874
60 120 -0.6 -0.55 80 90 126.2054710192742 0.001702061929378829
60 120 -0.6 -0.55 90 100 90.64352166919183 0.001118217958918422
60 120 -0.55 -0.5 0 0.5 -0.8182739441225996 2.241665333480025e-05
60 120 -0.55 -0.5 0.5 1 -1095.516509505752 0.03822885214435701
60 120 -0.55 -0.5 1 1.5 8.637050018212005 0.0001104774373565931
60 120 -0.55 -0.5 1.5 2 723.6764916682474 0.009067774351137814
60 120 -0.55 -0.5 2 2.5 874.9844739534346 0.005801625068784233
60 120 -0.55 -0.5 2.5 3 874.5830111063901 0.004202886719440357
60 120 -0.55 -0.5 3 3.5 828.1328490354059 0.04057207308153465
60 120 -0.55 -0.5 3.5 4 769.3838238897004 0.0364084808024927
60 120 -0.55 -0.5 4 4.5 710.028364376775 0.03267764911538507
60 120 -0.55 -0.5 4.5 5 654.2833757701248 0.0294483774866876
60 120 -0.55 -0.5 5 5.5 603.4326295052298 0.02663668554350807
60 120 -0.55 -0.5 5.5 6 557.5540994019716 0.0241946797948458
60 120 -0.55 -0.5 6 6.5 516.367227176956 0.02208085710640262
60 120 -0.55 -0.5 6.5 7 479.4401218118347 0.02024311483279462
60 120 -0.55 -0.5 7 7.5 446.2611394890804 0.01862485597405339
60 120 -0.55 -0.5 7.5 8 416.3825733823315 0.01718540590979956
60 120 -0.55 -0.5 8 8.5 389.4148687284104 0.01589714995111535
60 120 -0.55 -0.5 8.5 9 365.0090162598781 0.01473523952233791
60 120 -0.55 -0.5 9 9.5 342.8405911374456 0.01369032003913162
60 120 -0.55 -0.5 9.5 10 322.6437534117837 0.01275253311450797
60 120 -0.55 -0.5 10 10.5 304.1942132372517 0.01412897382806477
60 120 -0.55 -0.5 10.5 11 287.3010724724578 0.01242023118436464
60 120 -0.55 -0.5 11 11.5 271.7890653549151 0.01103820029800318
60 120 -0.55 -0.5 11.5 12 257.5032518663892 0.00983124701650695
60 120 -0.55 -0.5 12 12.5 244.3153501431694 0.009255029963725292
60 120 -0.55 -0.5 12.5 13 232.115428339262 0.00872415510002611
60 120 -0.55 -0.5 13 13.5 220.8077553965704 0.008235036715120714
60 120 -0.55 -0.5 13.5 14 210.3061284654997 0.007784180180891553
60 120 -0.55 -0.5 14 14.5 200.5312259284323 0.007366157856466771
60 120 -0.55 -0.5 14.5 15 191.4139672812221 0.006978345590113122
60 120 -0.55 -0.5 15 16 357.825351831585 0.01290406816332279
60 120 -0.55 -0.5 16 17 327.9173619786928 0.01165605338121622
60 120 -0.55 -0.5 17 18 301.5435328469038 0.01056735316655022
60 120 -0.55 -0.5 18 19 278.1480210792946 0.009611676948964032
60 120 -0.55 -0.5 19 20 257.2939713221035 0.008768516916177305
60 120 -0.55 -0.5 20 21 238.625922391522 0.008019494471227517
60 120 -0.55 -0.5 21 22 221.8389035748084 0.01049160292978968
60 120 -0.55 -0.5 22 23 206.6824835330568 0.008738718217415453
60 120 -0.55 -0.5 23 24 192.9530390841746 0.007339971420634583
60 120 -0.55 -0.5 24 25 180.4772405022396 0.006526134464166944
60 120 -0.55 -0.5 25 26 169.1017743156762 0.005703622276257647
60 120 -0.55 -0.5 26 27 158.697781862013 0.004896353961299837
60 120 -0.55 -0.5 27 28 149.158913645898 0.004534354253394213
60 120 -0.55 -0.5 28 29 140.3933607838003 0.004203264798007922
60 120 -0.55 -0.5 29 30 132.3179509325666 0.003900548920057645
60 120 -0.55 -0.5 30 31 124.8596762538488 0.003623952361991201
60 120 -0.55 -0.5 31 32 117.9578083512628 0.003370419486472542
60 120 -0.55 -0.5 32 33 111.5602175193625 0.003137238199570902
60 120 -0.55 -0.5 33 34 105.6193664246667 0.002922582718781541
60 120 -0.55 -0.5 34 35 100.0914811533488 0.002725026321641622
60 120 -0.55 -0.5 35 36 94.9383457355472 0.002543299963207346
60 120 -0.55 -0.5 36 37 90.12786265466761 0.002375605823118576
60 120 -0.55 -0.5 37 38 85.63175444121333 0.002220519540429677
60 120 -0.55 -0.5 38 39 81.42377058413594 0.002076459634849925
60 120 -0.55 -0.5 39 40 77.47950973556742 0.001943299033783319
60 120 -0.55 -0.5 40 42 144.0746473671299 0.006612738975519505
60 120 -0.55 -0.5 42 44 130.9689235523902 0.00505015971668854
60 120 -0.55 -0.5 44 46 119.3389798593541 0.004257229631761561
60 120 -0.55 -0.5 46 48 108.9740950007739 0.003235070045604971
60 120 -0.55 -0.5 48 50 99.70565972913955 0.002388320701967928
60 120 -0.55 -0.5 50 52 91.39281037437769 0.001943114533986545
60 120 -0.55 -0.5 52 54 83.9128292175548 0.001689761009458834
60 120 -0.55 -0.5 54 56 77.16484921169385 0.001506699698595071
60 120 -0.55 -0.5 56 58 71.06401282113464 0.001346304114107966
60 120 -0.55 -0.5 58 60 65.53454119013887 0.001205484128959711
60 120 -0.55 -0.5 60 65 142.8400177962715 0.002502106459644438
60 120 -0.55 -0.5 65 70 117.8622710215017 0.004850690763689158
60 120 -0.55 -0.5 70 80 179.6398471704397 0.002690819303666103
60 120 -0.55 -0.5 80 90 126.5885500372561 0.001703655018275185
60 120 -0.55 -0.5 90 100 90.92050692163124 0.001119095207840815
60 120 -0.5 -0.45 0 0.5 -0.8211674619541907 1.873089750981105e-05
60 120 -0.5 -0.45 0.5 1 -1101.909210380802 0.02697394581218759
60 120 -0.5 -0.45 1 1.5 4.216001702039669 8.614917519089715e-05
60 120 -0.5 -0.45 1.5 2 722.6197900868976 0.009509204794312609
60 120 -0.5 -0.45 2 2.5 875.1693442210066 0.008090368531270542
60 120 -0.5 -0.45 2.5 3 875.265019420828 0.01006720679868067
60 120 -0.5 -0.45 3 3.5 829.0475337878449 0.04050079159173947
60 120 -0.5 -0.45 3.5 4 770.3710872974069 0.03634348229729767
60 120 -0.5 -0.45 4 4.5 711.0252328981703 0.03267071150094125
60 120 -0.5 -0.45 4.5 5 655.294410910026 0.02946861125167288
60 120 -0.5 -0.45 5 5.5 604.3965374189432 0.02667480056345539
60 120 -0.5 -0.45 5.5 6 558.4752802528996 0.02423850855052478
60 120 -0.5 -0.45 6 6.5 517.2687142795761 0.02212412250048601
60 120 -0.5 -0.45 6.5 7 480.2945662021923 0.02026413131909521
60 120 -0.5 -0.45 7 7.5 447.0661737532113 0.01862172068291557
60 120 -0.5 -0.45 7.5 8 417.1524648941553 0.01717779347137594
60 120 -0.5 -0.45 8 8.5 390.159459945703 0.01590105982495515
60 120 -0.5 -0.45 8.5 9 365.7129481526246 0.01476250298873083
60 120 -0.5 -0.45 9 9.5 343.5049737007054 0.01373833386668366
60 120 -0.5 -0.45 9.5 10 323.2767683389296 0.01281145017287599
60 120 -0.5 -0.45 10 10.5 304.8055681390652 0.01427889184230935
60 120 -0.5 -0.45 10.5 11 287.8878315273477 0.0128247097284202
60 120 -0.5 -0.45 11 11.5 272.3450721158752 0.01105788054445611
60 120 -0.5 -0.45 11.5 12 258.0319813071237 0.009859645670076134
60 120 -0.5 -0.45 12 12.5 244.8214155586108 0.009275746109182137
60 120 -0.5 -0.45 12.5 13 232.6043360608025 0.008742177851871702
60 120 -0.5 -0.45 13 13.5 221.2791004885904 0.008252578863761073
60 120 -0.5 -0.45 13.5 14 210.7565344531558 0.007802870490110081
60 120 -0.5 -0.45 14 14.5 200.9604294625204 0.007386945112244803
60 120 -0.5 -0.45 14.5 15 191.8253366043741 0.007001267447947157
60 120 -0.5 -0.45 15 16 358.6043039737446 0.01294766319898599
60 120 -0.5 -0.45 16 17 328.6448186942768 0.01169416409328505
60 120 -0.5 -0.45 17 18 302.2138704705344 0.01060027513057094
60 120 -0.5 -0.45 18 19 278.7709893237591 0.009640486787930058
60 120 -0.5 -0.45 19 20 257.8814682532525 0.008792238834757882
60 120 -0.5 -0.45 20 21 239.1748527623489 0.00803958174040531
60 120 -0.5 -0.45 21 22 222.3500592183075 0.01022676182194004
60 120 -0.5 -0.45 22 23 207.1646379768587 0.008662106908104761
60 120 -0.5 -0.45 23 24 193.4108018196585 0.007692780933894028
60 120 -0.5 -0.45 24 25 180.9070311639854 0.00661826844202551
60 120 -0.5 -0.45 25 26 169.5038962104494 0.005479378473239649
60 120 -0.5 -0.45 26 27 159.0785491741183 0.004901071722656525
60 120 -0.5 -0.45 27 28 149.5218610939629 0.004537503457555658
60 120 -0.5 -0.45 28 29 140.7364730117641 0.004206521585814471
60 120 -0.5 -0.45 29 30 132.6403250940172 0.003903956196552372
60 120 -0.5 -0.45 30 31 125.1650638556305 0.003627476674154195
60 120 -0.5 -0.45 31 32 118.2501312119919 0.003373698226894817
60 120 -0.5 -0.45 32 33 111.8393268193659 0.003140162422738513
60 120 -0.5 -0.45 33 34 105.8833825316491 0.002925733054411239
60 120 -0.5 -0.45 34 35 100.3408943424058 0.002728610830928346
60 120 -0.5 -0.45 35 36 95.17612392260044 0.002546986332816914
60 120 -0.5 -0.45 36 37 90.35608086082843 0.002378917770073485
60 120 -0.5 -0.45 37 38 85.85014870421425 0.002223488548750652
60 120 -0.5 -0.45 38 39 81.63131797052711 0.002079612525761831
60 120 -0.5 -0.45 39 40 77.6763647952228 0.001946905687844946
60 120 -0.5 -0.45 40 42 144.4435042004052 0.006440377323514213
60 120 -0.5 -0.45 42 44 131.3089046840338 0.005432727583070118
60 120 -0.5 -0.45 44 46 119.6478890854007 0.00407280456619219
60 120 -0.5 -0.45 46 48 109.2578062602927 0.003161030885451055
60 120 -0.5 -0.45 48 50 99.96787777768628 0.002613514119616411
60 120 -0.5 -0.45 50 52 91.63252878819625 0.001902780809317051
60 120 -0.5 -0.45 52 54 84.13397285902651 0.001692796016598663
60 120 -0.5 -0.45 54 56 77.37053897480813 0.001508841458161214
60 120 -0.5 -0.45 56 58 71.25345174346988 0.001348000046391462
60 120 -0.5 -0.45 58 60 65.70917759477381 0.001206762362798486
60 120 -0.5 -0.45 60 65 143.2247061171003 0.002504951433735414
60 120 -0.5 -0.45 65 70 118.181067751879 0.004983955743540491
60 120 -0.5 -0.45 70 80 180.1300241821758 0.002693884956073589
60 120 -0.5 -0.45 80 90 126.9360944422657 0.001705265400701705
60 120 -0.5 -0.45 90 100 91.17178836922241 0.001119931989890688
60 120 -0.45 -0.4 0 0.5 -0.8237585149148009 1.879525392856074e-05
60 120 -0.45 -0.4 0.5 1 -1107.615143745549 0.0163713016015663
60 120 -0.45 -0.4 1 1.5 0.3291674255990743 1.355361883476069e-05
60 120 -0.45 -0.4 1.5 2 721.6360899132552 0.003138076213986096
60 120 -0.45 -0.4 2 2.5 875.3084980123762 0.03622322228363828
60 120 -0.45 -0.4 2.5 3 875.8291879777391 0.02435696251791342
60 120 -0.45 -0.4 3 3.5 829.8622973384765 0.04045107089552857
60 120 -0.45 -0.4 3.5 4 771.2357032702041 0.03632255407615048
60 120 -0.45 -0.4 4 4.5 711.9325919026431 0.03264981356960561
60 120 -0.45 -0.4 4.5 5 656.187757640016 0.02945154321059817
60 120 -0.45 -0.4 5 5.5 605.2474364567368 0.02667649228089886
60 120 -0.45 -0.4 5.5 6 559.3127196854878 0.02426396910993844
60 120 -0.45 -0.4 6 6.5 518.0720903275286 0.02215275606681644
60 120 -0.45 -0.4 6.5 7 481.0486778507658 0.02029186642340619
60 120 -0.45 -0.4 7 7.5 447.7874927342939 0.01865026759833199
60 120 -0.45 -0.4 7.5 8 417.8529589366407 0.01720463773597203
60 120 -0.45 -0.4 8 8.5 390.8206962347091 0.01591748065385445
60 120 -0.45 -0.4 8.5 9 366.3363272407017 0.01476347361045782
60 120 -0.45 -0.4 9 9.5 344.0995371685482 0.01373099939701206
60 120 -0.45 -0.4 9.5 10 323.8520135069792 0.01280415136608326
60 120 -0.45 -0.4 10 10.5 305.3560888688839 0.01481927181538367
60 120 -0.45 -0.4 10.5 11 288.4081924802779 0.0126713127734206
60 120 -0.45 -0.4 11 11.5 272.8404101379791 0.01089617769844153
60 120 -0.45 -0.4 11.5 12 258.507206127907 0.009890046896714466
60 120 -0.45 -0.4 12 12.5 245.2815087491243 0.009308543461912677
60 120 -0.45 -0.4 12.5 13 233.0457400837859 0.008773431397628428
60 120 -0.45 -0.4 13 13.5 221.6996368433426 0.008278711356126678
60 120 -0.45 -0.4 13.5 14 211.1576278741676 0.007821303754838027
60 120 -0.45 -0.4 14 14.5 201.3451590255374 0.007398220163622682
60 120 -0.45 -0.4 14.5 15 192.1974358237981 0.007008397984549219
60 120 -0.45 -0.4 15 16 359.3129339964729 0.01295803846164745
60 120 -0.45 -0.4 16 17 329.2964176283402 0.01170946238187298
60 120 -0.45 -0.4 17 18 302.8171962227094 0.01062164670810262
60 120 -0.45 -0.4 18 19 279.3391917480894 0.009660634683086755
60 120 -0.45 -0.4 19 20 258.4096241748011 0.008809449643194966
60 120 -0.45 -0.4 20 21 239.6642013260961 0.008055271940378361
60 120 -0.45 -0.4 21 22 222.8118972849477 0.01023437482604095
60 120 -0.45 -0.4 22 23 207.6020400909769 0.009093613015039637
60 120 -0.45 -0.4 23 24 193.8189951878347 0.007612711804540595
60 120 -0.45 -0.4 24 25 181.2895304738066 0.006327957177859389
60 120 -0.45 -0.4 25 26 169.8681863230147 0.005608246009416007
60 120 -0.45 -0.4 26 27 159.4247780678336 0.005048039111755998
60 120 -0.45 -0.4 27 28 149.8467715394268 0.004544959064730847
60 120 -0.45 -0.4 28 29 141.0421200635713 0.004213452159433473
60 120 -0.45 -0.4 29 30 132.9318009829298 0.003910085556441345
60 120 -0.45 -0.4 30 31 125.4439530256469 0.003632723814874339
60 120 -0.45 -0.4 31 32 118.5139318003959 0.003378133203668199
60 120 -0.45 -0.4 32 33 112.0878402529289 0.003144825130149798
60 120 -0.45 -0.4 33 34 106.1195270599232 0.002929874751671946
60 120 -0.45 -0.4 34 35 100.5672816897611 0.002732480287860994
60 120 -0.45 -0.4 35 36 95.39259968197878 0.002549942840630592
60 120 -0.45 -0.4 36 37 90.56133531330138 0.002381400127461575
60 120 -0.45 -0.4 37 38 86.04454382495476 0.002225758040651726
60 120 -0.45 -0.4 38 39 81.8168316034614 0.002082185505088319
60 120 -0.45 -0.4 39 40 77.85468949769005 0.001948953819621124
60 120 -0.45 -0.4 40 42 144.7780300655737 0.006881542129463014
60 120 -0.45 -0.4 42 44 131.6119896512305 0.005108916660788054
60 120 -0.45 -0.4 44 46 119.9268979322773 0.004151861945118185
60 120 -0.45 -0.4 46 48 109.5144187531624 0.003357126982038494
60 120 -0.45 -0.4 48 50 100.2018013161184 0.002388841243401885
60 120 -0.45 -0.4 50 52 91.84900641119295 0.001905011084531338
60 120 -0.45 -0.4 52 54 84.3340753225004 0.001694899387899795
60 120 -0.45 -0.4 54 56 77.55394005785134 0.001511072785334022
60 120 -0.45 -0.4 56 58 71.42328005464643 0.001350137598066681
60 120 -0.45 -0.4 58 60 65.86707748958412 0.001208447961985826
60 120 -0.45 -0.4 60 65 143.5687557788012 0.002507956484151919
60 120 -0.45 -0.4 65 70 118.4678216670789 0.004788783652315942
60 120 -0.45 -0.4 70 80 180.5696970562481 0.002696104491292317
60 120 -0.45 -0.4 80 90 127.2484037218496 0.001706352531897437
60 120 -0.45 -0.4 90 100 91.39703111150197 0.001120669771282223
60 120 -0.4 -0.35 0 0.5 -0.8259633401299836 1.918195850547644e-05
60 120 -0.4 -0.35 0.5 1 -1111.472656862832 0.0453551210164278
60 120 -0.4 -0.35 1 1.5 -1.626983069752781 4.750153415189473e-05
60 120 -0.4 -0.35 1.5 2 721.7889164667722 0.004401613008440108
60 120 -0.4 -0.35 2 2.5 876.1306522582855 0.02743008081108655
60 120 -0.4 -0.35 2.5 3 876.853414534575 0.0231292364512683
60 120 -0.4 -0.35 3 3.5 830.9502136823306 0.04026190403521923
60 120 -0.4 -0.35 3.5 4 772.3087358881235 0.03617722836520443
60 120 -0.4 -0.35 4 4.5 713.0005024171614 0.03253171041603764
60 120 -0.4 -0.35 4.5 5 657.1774468573705 0.02934085265064823
60 120 -0.4 -0.35 5 5.5 606.1893749290562 0.02656748419167343
60 120 -0.4 -0.35 5.5 6 560.2089222407943 0.02416170186415911
60 120 -0.4 -0.35 6 6.5 518.8981146228584 0.02205976610116522
60 120 -0.4 -0.35 6.5 7 481.8241786569105 0.02022345852651597
60 120 -0.4 -0.35 7 7.5 448.529973895911 0.01860611178352656
60 120 -0.4 -0.35 7.5 8 418.5464618702343 0.01717106634919219
60 120 -0.4 -0.35 8 8.5 391.4669962595732 0.01589060184693381
60 120 -0.4 -0.35 8.5 9 366.9468383141801 0.0147390407836383
60 120 -0.4 -0.35 9 9.5 344.6851063358926 0.01371007497613164
60 120 -0.4 -0.35 9.5 10 324.4056463267159 0.01278416152979389
60 120 -0.4 -0.35 10 10.5 305.875658642655 0.01467545513918367
60 120 -0.4 -0.35 10.5 11 288.89922038087 0.01226712945930331
60 120 -0.4 -0.35 11 11.5 273.3106672738635 0.01088583992907388
60 120 -0.4 -0.35 11.5 12 258.9593624927382 0.009860668149485718
60 120 -0.4 -0.35 12 12.5 245.7110002125493 0.00928531013897782
60 120 -0.4 -0.35 12.5 13 233.4518754601442 0.008757668241941019
60 120 -0.4 -0.35 13 13.5 222.0854104160957 0.008272265551596547
60 120 -0.4 -0.35 13.5 14 211.5276303607043 0.007822759259823897
60 120 -0.4 -0.35 14 14.5 201.7032826847527 0.007406301610956234
60 120 -0.4 -0.35 14.5 15 192.5420176407476 0.007017949637628362
60 120 -0.4 -0.35 15 16 359.9542756091267 0.01297713449599769
60 120 -0.4 -0.35 16 17 329.8849903815382 0.01171856885611078
60 120 -0.4 -0.35 17 18 303.3697947623557 0.01062183004944472
60 120 -0.4 -0.35 18 19 279.8493516349876 0.009661790890277189
60 120 -0.4 -0.35 19 20 258.8797117762285 0.008816429419823635
60 120 -0.4 -0.35 20 21 240.1077631412389 0.008065832447243793
60 120 -0.4 -0.35 21 22 223.2286222108492 0.01065411885656431
60 120 -0.4 -0.35 22 23 207.9875661559139 0.008788327447973643
60 120 -0.4 -0.35 23 24 194.1808466161377 0.007416561495119822
60 120 -0.4 -0.35 24 25 181.6337953950378 0.006593506685163675
60 120 -0.4 -0.35 25 26 170.1920191217592 0.005753391797384211
60 120 -0.4 -0.35 26 27 159.7270081864962 0.004917342049907347
60 120 -0.4 -0.35 27 28 150.1330202353979 0.004553281615955029
60 120 -0.4 -0.35 28 29 141.3161509586852 0.004220514295695921
60 120 -0.4 -0.35 29 30 133.1921699532107 0.003916139708508126
60 120 -0.4 -0.35 30 31 125.6887322007948 0.003638389314730262
60 120 -0.4 -0.35 31 32 118.7457563050384 0.003383634536106683
60 120 -0.4 -0.35 32 33 112.3098045768138 0.003149516705164501
60 120 -0.4 -0.35 33 34 106.3317290447982 0.00293408369877568
60 120 -0.4 -0.35 34 35 100.7682718520499 0.002736376818248232
60 120 -0.4 -0.35 35 36 95.58244115185492 0.002553244312267111
60 120 -0.4 -0.35 36 37 90.7423288654585 0.002384517128263042
60 120 -0.4 -0.35 37 38 86.21842029235943 0.002228538082391651
60 120 -0.4 -0.35 38 39 81.98347242083909 0.002084672424430778
60 120 -0.4 -0.35 39 40 78.0132205004678 0.001950946768303652
60 120 -0.4 -0.35 40 42 145.0719657575393 0.006478905359301734
60 120 -0.4 -0.35 42 44 131.8827706733244 0.005365062806561127
60 120 -0.4 -0.35 44 46 120.1742451064809 0.004187692974653601
60 120 -0.4 -0.35 46 48 109.7401356471859 0.003167170374723582
60 120 -0.4 -0.35 48 50 100.4109312045197 0.002554408772937222
60 120 -0.4 -0.35 50 52 92.04099032209643 0.001907560261997787
60 120 -0.4 -0.35 52 54 84.51032882798303 0.001696995286550873
60 120 -0.4 -0.35 54 56 77.71749569764768 0.001512824548882463
60 120 -0.4 -0.35 56 58 71.57405687590456 0.001351413171562399
60 120 -0.4 -0.35 58 60 66.0057459872168 0.001209825591345748
60 120 -0.4 -0.35 60 65 143.8742560841018 0.002510470268731524
60 120 -0.4 -0.35 65 70 118.7214184194776 0.004795352966624478
60 120 -0.4 -0.35 70 80 180.9584120516562 0.002698506768780362
60 120 -0.4 -0.35 80 90 127.524505804361 0.001707668936589357
60 120 -0.4 -0.35 90 100 91.59628686485334 0.001121526912697846
60 120 -0.35 -0.3 0 0.5 -0.8278601514187892 2.026954395495384e-05
60 120 -0.35 -0.3 0.5 1 -1114.094048368258 0.01666478930360427
60 120 -0.35 -0.3 1 1.5 -2.09319976073198 7.967129900920966e-05
60 120 -0.35 -0.3 1.5 2 722.8977247890293 0.01734273020622368
60 120 -0.35 -0.3 2 2.5 877.6077033817101 0.005106643344447548
60 120 -0.35 -0.3 2.5 3 878.4061163986336 0.004525913935594872
60 120 -0.35 -0.3 3 3.5 832.3900830197493 0.04059743208404143
60 120 -0.35 -0.3 3.5 4 773.687033467409 0.03643403465832762
60 120 -0.35 -0.3 4 4.5 714.266785822845 0.03275932092503808
60 120 -0.35 -0.3 4.5 5 658.3473628162926 0.02954614624252372
60 120 -0.35 -0.3 5 5.5 607.296488416795 0.02675622324875349
60 120 -0.35 -0.3 5.5 6 561.222298039254 0.02432530024657353
60 120 -0.35 -0.3 6 6.5 519.8350509488484 0.02219922369488359
60 120 -0.35 -0.3 6.5 7 482.7081754273831 0.02033211925709111
60 120 -0.35 -0.3 7 7.5 449.3486467698372 0.0186884742940947
60 120 -0.35 -0.3 7.5 8 419.3011173349292 0.01723787843275204
60 120 -0.35 -0.3 8 8.5 392.173078907228 0.01594983647885329
60 120 -0.35 -0.3 8.5 9 367.6158811838032 0.01479700520229699
60 120 -0.35 -0.3 9 9.5 345.3104213910096 0.01376510639562412
60 120 -0.35 -0.3 9.5 10 324.9873905894225 0.01283615935034277
60 120 -0.35 -0.3 10 10.5 306.4216365677473 0.01418470547162087
60 120 -0.35 -0.3 10.5 11 289.4199775203305 0.01263582871041535
60 120 -0.35 -0.3 11 11.5 273.8051984911637 0.01120679696333582
60 120 -0.35 -0.3 11.5 12 259.4233716865366 0.009892691490108518
60 120 -0.35 -0.3 12 12.5 246.1461402159725 0.009309358836844694
60 120 -0.35 -0.3 12.5 13 233.8641538938925 0.008774727814966354
60 120 -0.35 -0.3 13 13.5 222.4806307436881 0.008281371406553717
60 120 -0.35 -0.3 13.5 14 211.9063785874192 0.007827485623437269
60 120 -0.35 -0.3 14 14.5 202.0622233654107 0.00740795266602845
60 120 -0.35 -0.3 14.5 15 192.8806369764615 0.007019459270935613
60 120 -0.35 -0.3 15 16 360.584360002351 0.01298808096555604
60 120 -0.35 -0.3 16 17 330.4689619021567 0.01174111984119008
60 120 -0.35 -0.3 17 18 303.9005890355256 0.01064385137789259
60 120 -0.35 -0.3 18 19 280.3334729138228 0.009677704280989019
60 120 -0.35 -0.3 19 20 259.3324800449735 0.008822450541686067
60 120 -0.35 -0.3 20 21 240.5263018237795 0.00806598169876338
60 120 -0.35 -0.3 21 22 223.6124890579917 0.01024962080890646
60 120 -0.35 -0.3 22 23 208.346959392086 0.008755516371792282
60 120 -0.35 -0.3 23 24 194.5188290999806 0.007792388956374907
60 120 -0.35 -0.3 24 25 181.9463698094372 0.00658218218970319
60 120 -0.35 -0.3 25 26 170.4821809243212 0.005513591198166523
60 120 -0.35 -0.3 26 27 160.0014072535163 0.004921302689893992
60 120 -0.35 -0.3 27 28 150.392528442396 0.004556415423991211
60 120 -0.35 -0.3 28 29 141.5587206490599 0.004224321505517992
60 120 -0.35 -0.3 29 30 133.419319421389 0.003920479868298798
60 120 -0.35 -0.3 30 31 125.9047833977252 0.003642164026118166
60 120 -0.35 -0.3 31 32 118.9519034474549 0.003387543621968803
60 120 -0.35 -0.3 32 33 112.5043890999343 0.003153229056110263
60 120 -0.35 -0.3 33 34 106.5148932042337 0.002937911709679497
60 120 -0.35 -0.3 34 35 100.9424185014882 0.002739841406281585
60 120 -0.35 -0.3 35 36 95.74945995164065 0.00255647218340016
60 120 -0.35 -0.3 36 37 90.90200809464288 0.002387591452745141
60 120 -0.35 -0.3 37 38 86.36980161255053 0.002231778188658495
60 120 -0.35 -0.3 38 39 82.12700119505163 0.00208729887673087
60 120 -0.35 -0.3 39 40 78.15042189931414 0.001953231720065673
60 120 -0.35 -0.3 40 42 145.3302052788395 0.006794903932302532
60 120 -0.35 -0.3 42 44 132.1172303118743 0.0052290026083881
60 120 -0.35 -0.3 44 46 120.3888658483681 0.004138457347721669
60 120 -0.35 -0.3 46 48 109.9382446701079 0.003340132186977485
60 120 -0.35 -0.3 48 50 100.5919068903366 0.002471453694028014
60 120 -0.35 -0.3 50 52 92.20796808789292 0.001909219385041183
60 120 -0.35 -0.3 52 54 84.66476110450753 0.001698608793006429
60 120 -0.35 -0.3 54 56 77.85898913893544 0.001514077841036965
60 120 -0.35 -0.3 56 58 71.70488073919263 0.001352719838408234
60 120 -0.35 -0.3 58 60 66.12715090734729 0.001210881224977811
60 120 -0.35 -0.3 60 65 144.1388968187258 0.002513118907074841
60 120 -0.35 -0.3 65 70 118.9413016201471 0.004920021424538845
60 120 -0.35 -0.3 70 80 181.2959029025493 0.002700733482754458
60 120 -0.35 -0.3 80 90 127.7641799734557 0.001709150614715327
60 120 -0.35 -0.3 90 100 91.76938639105821 0.001121990643810022
60 120 -0.3 -0.25 0 0.5 -0.8294793700404189 1.87741988524337e-05
60 120 -0.3 -0.25 0.5 1 -1116.683480714031 0.02737930773264452
60 120 -0.3 -0.25 1 1.5 -2.575949759759375 2.893920673630035e-05
60 120 -0.3 -0.25 1.5 2 723.9233777752659 0.003568766088733355
60 120 -0.3 -0.25 2 2.5 878.9847106586278 0.02703362867339365
60 120 -0.3 -0.25 2.5 3 879.8704187805963 0.02541414517713747
60 120 -0.3 -0.25 3 3.5 833.7834100220507 0.04042650666428926
60 120 -0.3 -0.25 3.5 4 775.0147176584718 0.03632191685687758
60 120 -0.3 -0.25 4 4.5 715.4715952229157 0.03263579244298853
60 120 -0.3 -0.25 4.5 5 659.4818845521752 0.02942775675660414
60 120 -0.3 -0.25 5 5.5 608.3393840019113 0.02665074430103687
60 120 -0.3 -0.25 5.5 6 562.1820752148438 0.02424227760286612
60 120 -0.3 -0.25 6 6.5 520.7436873604147 0.02213755305604082
60 120 -0.3 -0.25 6.5 7 483.5561754909577 0.02029788218567319
60 120 -0.3 -0.25 7 7.5 450.1309666940526 0.01867021803741409
60 120 -0.3 -0.25 7.5 8 420.0346092358816 0.01722649831282297
60 120 -0.3 -0.25 8 8.5 392.8686789780826 0.01594132587081276
60 120 -0.3 -0.25 8.5 9 368.2635204621429 0.0147884764464834
60 120 -0.3 -0.25 9 9.5 345.9116851899308 0.01375660229302866
60 120 -0.3 -0.25 9.5 10 325.5546735475965 0.01282676999397836
60 120 -0.3 -0.25 10 10.5 306.963015826756 0.01466390346064372
60 120 -0.3 -0.25 10.5 11 289.9303678243861 0.01290352565678177
60 120 -0.3 -0.25 11 11.5 274.2812583218768 0.01100656419066581
60 120 -0.3 -0.25 11.5 12 259.8711542907228 0.009899738155866089
60 120 -0.3 -0.25 12 12.5 246.5732036723089 0.009319093827230063
60 120 -0.3 -0.25 12.5 13 234.273293431203 0.008784925569358393
60 120 -0.3 -0.25 13 13.5 222.8680987392509 0.008291402435162354
60 120 -0.3 -0.25 13.5 14 212.2709431373032 0.007837862710914578
60 120 -0.3 -0.25 14 14.5 202.406924262256 0.007418028662385723
60 120 -0.3 -0.25 14.5 15 193.2106215146942 0.007028491657365521
60 120 -0.3 -0.25 15 16 361.2060057239428 0.01299864199586409
60 120 -0.3 -0.25 16 17 331.0303065317637 0.01174090355289081
60 120 -0.3 -0.25 17 18 304.4110901911794 0.01064683868867178
60 120 -0.3 -0.25 18 19 280.8074959130087 0.009689602900834871
60 120 -0.3 -0.25 19 20 259.7657293030493 0.008841144352970787
60 120 -0.3 -0.25 20 21 240.9228129601929 0.008085770118583469
60 120 -0.3 -0.25 21 22 223.9829124802754 0.01043799056293437
60 120 -0.3 -0.25 22 23 208.6909135414799 0.00909224117376084
60 120 -0.3 -0.25 23 24 194.8339291613045 0.00747616064964518
60 120 -0.3 -0.25 24 25 182.2398013577205 0.00646959242536127
60 120 -0.3 -0.25 25 26 170.758202990546 0.005688225719183038
60 120 -0.3 -0.25 26 27 160.2583339441016 0.004955650420953361
60 120 -0.3 -0.25 27 28 150.6304237664661 0.004561537833325247
60 120 -0.3 -0.25 28 29 141.7821088064744 0.004228075916984153
60 120 -0.3 -0.25 29 30 133.6304641044583 0.003924005856106305
60 120 -0.3 -0.25 30 31 126.1025255868013 0.003645335478836387
60 120 -0.3 -0.25 31 32 119.1358276509403 0.003390008610722361
60 120 -0.3 -0.25 32 33 112.6775055908499 0.003155716404961595
60 120 -0.3 -0.25 33 34 106.679413462765 0.002940208033678005
60 120 -0.3 -0.25 34 35 101.0981480019775 0.002741392340823268
60 120 -0.3 -0.25 35 36 95.89596766134775 0.002558636216960508
60 120 -0.3 -0.25 36 37 91.04022480365309 0.002389545698378015
60 120 -0.3 -0.25 37 38 86.50150755907757 0.002233848391384186
60 120 -0.3 -0.25 38 39 82.25293577180891 0.002088857411308709
60 120 -0.3 -0.25 39 40 78.27008611920536 0.001955281619231641
60 120 -0.3 -0.25 40 42 145.5506334854708 0.006600037163764227
60 120 -0.3 -0.25 42 44 132.3182791413346 0.005295161419184069
60 120 -0.3 -0.25 44 46 120.572379636065 0.004182277350793129
60 120 -0.3 -0.25 46 48 110.1054316016678 0.003194082522313124
60 120 -0.3 -0.25 48 50 100.7464781494029 0.00257046790183324
60 120 -0.3 -0.25 50 52 92.34964373076154 0.00191066921570382
60 120 -0.3 -0.25 52 54 84.79475209622156 0.001699631100919419
60 120 -0.3 -0.25 54 56 77.97954427128097 0.001515660445093658
60 120 -0.3 -0.25 56 58 71.81576352569788 0.001353864766755919
60 120 -0.3 -0.25 58 60 66.22955549556563 0.001211998833582584
60 120 -0.3 -0.25 60 65 144.3638283746821 0.002515074939054784
60 120 -0.3 -0.25 65 70 119.1274472709058 0.004690224686910938
60 120 -0.3 -0.25 70 80 181.5813589817033 0.002702423974341173
60 120 -0.3 -0.25 80 90 127.9671028440462 0.001710167676307606
60 120 -0.3 -0.25 90 100 91.91644003701303 0.001122324076376913
60 120 -0.25 -0.2 0 0.5 -0.8309163501930601 1.853284750541473e-05
60 120 -0.25 -0.2 0.5 1 -1119.81008881423 0.01397245605608077
60 120 -0.25 -0.2 1 1.5 -4.039010183314256 7.3612125124356e-05
60 120 -0.25 -0.2 1.5 2 724.1631389301426 0.03616878789625844
60 120 -0.25 -0.2 2 2.5 879.7505965359668 0.02874201018687472
60 120 -0.25 -0.2 2.5 3 880.7779945329127 0.02523830023596929
60 120 -0.25 -0.2 3 3.5 834.7639091454731 0.0405373323111462
60 120 -0.25 -0.2 3.5 4 775.9588028854095 0.03637836052837429
60 120 -0.25 -0.2 4 4.5 716.384021191873 0.0327619046338441
60 120 -0.25 -0.2 4.5 5 660.3507290166285 0.02959004758963601
60 120 -0.25 -0.2 5 5.5 609.1376311681963 0.02680764273270597
60 120 -0.25 -0.2 5.5 6 562.9457668135092 0.02436403442334267
60 120 -0.25 -0.2 6 6.5 521.4627834797404 0.02222906439862982
60 120 -0.25 -0.2 6.5 7 484.2195889607218 0.02035759385887559
60 120 -0.25 -0.2 7 7.5 450.7616741403578 0.01871061052781897
60 120 -0.25 -0.2 7.5 8 420.6396200804899 0.01725786495916282
60 120 -0.25 -0.2 8 8.5 393.4330296420276 0.01597029589720478
60 120 -0.25 -0.2 8.5 9 368.7928147147219 0.01482229291889325
60 120 -0.25 -0.2 9 9.5 346.4194036885057 0.01379047308347481
60 120 -0.25 -0.2 9.5 10 326.0414167407303 0.01286164999362427
60 120 -0.25 -0.2 10 10.5 307.4201198715841 0.01477268191894154
60 120 -0.25 -0.2 10.5 11 290.3583609722489 0.01249564182660379
60 120 -0.25 -0.2 11 11.5 274.6895506700311 0.01096207950837425
60 120 -0.25 -0.2 11.5 12 260.2637889246823 0.009915266784332744
60 120 -0.25 -0.2 12 12.5 246.9474791663882 0.009331603043477799
60 120 -0.25 -0.2 12.5 13 234.625529504481 0.008795989146022976
60 120 -0.25 -0.2 13 13.5 223.2013782855651 0.008303857626628997
60 120 -0.25 -0.2 13.5 14 212.5905619288149 0.007848801089039625
60 120 -0.25 -0.2 14 14.5 202.7153572537696 0.007428793644265852
60 120 -0.25 -0.2 14.5 15 193.5063330267433 0.007040071244574619
60 120 -0.25 -0.2 15 16 361.7523186691842 0.01301899802598427
60 120 -0.25 -0.2 16 17 331.5296873547843 0.01175739923490937
60 120 -0.25 -0.2 17 18 304.8751549729246 0.01066153108718026
60 120 -0.25 -0.2 18 19 281.2301338090255 0.009696593221235617
60 120 -0.25 -0.2 19 20 260.155284978239 0.008841554756543246
60 120 -0.25 -0.2 20 21 241.2874613490035 0.008086280557449754
60 120 -0.25 -0.2 21 22 224.3187436777104 0.01052475777979112
60 120 -0.25 -0.2 22 23 208.9997155783396 0.008792765781322487
60 120 -0.25 -0.2 23 24 195.123382597295 0.007640208954370564
60 120 -0.25 -0.2 24 25 182.5099102765965 0.006654704840542536
60 120 -0.25 -0.2 25 26 171.0076331568203 0.005582785498461362
60 120 -0.25 -0.2 26 27 160.4910284095461 0.004928220616250201
60 120 -0.25 -0.2 27 28 150.8499764569073 0.004563189792378353
60 120 -0.25 -0.2 28 29 141.9875522295558 0.00423108457920307
60 120 -0.25 -0.2 29 30 133.8211642834614 0.003926297356827035
60 120 -0.25 -0.2 30 31 126.280879976003 0.003648084754814818
60 120 -0.25 -0.2 31 32 119.304334840221 0.003392402763466862
60 120 -0.25 -0.2 32 33 112.8359121911947 0.003158483232652998
60 120 -0.25 -0.2 33 34 106.8270676214038 0.00294237734392766
60 120 -0.25 -0.2 34 35 101.2367028670736 0.002744122435217378
60 120 -0.25 -0.2 35 36 96.02723741970861 0.002559852556473174
60 120 -0.25 -0.2 36 37 91.16455550237085 0.002391730561882355
60 120 -0.25 -0.2 37 38 86.61845299050815 0.002235162883494013
60 120 -0.25 -0.2 38 39 82.3626643764437 0.002090781859436674
60 120 -0.25 -0.2 39 40 78.37383115075762 0.001955952999011856
60 120 -0.25 -0.2 40 42 145.7432090135063 0.006776660076582175
60 120 -0.25 -0.2 42 44 132.4907128547173 0.005230069814928129
60 120 -0.25 -0.2 44 46 120.7282121819401 0.004126999798884867
60 120 -0.25 -0.2 46 48 110.2473458004598 0.003306104820225642
60 120 -0.25 -0.2 48 50 100.8746192762039 0.002473347297211603
60 120 -0.25 -0.2 50 52 92.46697263826543 0.00193083397824978
60 120 -0.25 -0.2 52 54 84.90206856552254 0.001701352694851721
60 120 -0.25 -0.2 54 56 78.07769949733915 0.001516698236258662
60 120 -0.25 -0.2 56 58 71.90673532690766 0.001354354702286287
60 120 -0.25 -0.2 58 60 66.31359932108805 0.001212505910501704
60 120 -0.25 -0.2 60 65 144.5475722818387 0.002515909645580905
60 120 -0.25 -0.2 65 70 119.279241152503 0.004862098977596929
60 120 -0.25 -0.2 70 80 181.8146843228013 0.002704011306576604
60 120 -0.25 -0.2 80 90 128.133072890935 0.001710492714465772
60 120 -0.25 -0.2 90 100 92.03767863149723 0.001122719073990197
60 120 -0.2 -0.15 0 0.5 -0.8320694417087322 1.941249241721454e-05
60 120 -0.2 -0.15 0.5 1 -1123.145306467433 0.02374209146705653
60 120 -0.2 -0.15 1 1.5 -6.28555772591971 0.0003115766626606842
60 120 -0.2 -0.15 1.5 2 723.6084527258124 0.00567602585658733
60 120 -0.2 -0.15 2 2.5 879.8583034598959 0.01146563527095168
60 120 -0.2 -0.15 2.5 3 881.1134131841923 0.009897157906038956
60 120 -0.2 -0.15 3 3.5 835.2407208045209 0.04064590634652632
60 120 -0.2 -0.15 3.5 4 776.4621886987296 0.03649815921551181
60 120 -0.2 -0.15 4 4.5 716.9271836786222 0.03274708747119348
60 120 -0.2 -0.15 4.5 5 660.8652244988269 0.02948183803732718
60 120 -0.2 -0.15 5 5.5 609.6529693555631 0.02667904193504
60 120 -0.2 -0.15 5.5 6 563.4481803666026 0.02427132295497358
60 120 -0.2 -0.15 6 6.5 521.9282603440994 0.02218390747555077
60 120 -0.2 -0.15 6.5 7 484.6720378788087 0.02033614986794419
60 120 -0.2 -0.15 7 7.5 451.1999340391691 0.01871285552107338
60 120 -0.2 -0.15 7.5 8 421.0464647978247 0.01727307508338072
60 120 -0.2 -0.15 8 8.5 393.8191520329797 0.01597249799471001
60 120 -0.2 -0.15 8.5 9 369.1712746409945 0.01481657427797245
60 120 -0.2 -0.15 9 9.5 346.7832478012533 0.0137764812548653
60 120 -0.2 -0.15 9.5 10 326.3831701713294 0.01283802069076501
60 120 -0.2 -0.15 10 10.5 307.7468489613984 0.01449712074997933
60 120 -0.2 -0.15 10.5 11 290.6770113230201 0.01266989736564028
60 120 -0.2 -0.15 11 11.5 274.9976721404159 0.01130433816359755
60 120 -0.2 -0.15 11.5 12 260.5556240475898 0.009903992876957091
60 120 -0.2 -0.15 12 12.5 247.223995057934 0.009323174229649567
60 120 -0.2 -0.15 12.5 13 234.892117746958 0.008792488993321967
60 120 -0.2 -0.15 13 13.5 223.4611786377316 0.008300629490491929
60 120 -0.2 -0.15 13.5 14 212.8406251171686 0.007846514360466017
60 120 -0.2 -0.15 14 14.5 202.953281609959 0.007427587989838003
60 120 -0.2 -0.15 14.5 15 193.732498943677 0.007036364629300351
60 120 -0.2 -0.15 15 16 362.1819105347248 0.01301284766373101
60 120 -0.2 -0.15 16 17 331.9309555446 0.01175454583477631
60 120 -0.2 -0.15 17 18 305.2415035756426 0.01065574990741425
60 120 -0.2 -0.15 18 19 281.5728702761666 0.009691998075481933
60 120 -0.2 -0.15 19 20 260.4768895010093 0.008840577908188152
60 120 -0.2 -0.15 20 21 241.5836215681532 0.008086591056581938
60 120 -0.2 -0.15 21 22 224.5951100828589 0.0104513760572047
60 120 -0.2 -0.15 22 23 209.25993577615 0.009004147828306941
60 120 -0.2 -0.15 23 24 195.3649412704769 0.007660197787402012
60 120 -0.2 -0.15 24 25 182.7343866400308 0.006442484366232293
60 120 -0.2 -0.15 25 26 171.2199698096729 0.005692544841167546
60 120 -0.2 -0.15 26 27 160.690787062295 0.004979811452216154
60 120 -0.2 -0.15 27 28 151.0358494483468 0.004567571533613091
60 120 -0.2 -0.15 28 29 142.1615584359021 0.004234114956545909
60 120 -0.2 -0.15 29 30 133.985754148594 0.003929765521775153
60 120 -0.2 -0.15 30 31 126.4355687057396 0.00365047642260663
60 120 -0.2 -0.15 31 32 119.4487058434542 0.003395778152736284
60 120 -0.2 -0.15 32 33 112.9713982948831 0.003161404010270985
60 120 -0.2 -0.15 33 34 106.9556933201164 0.00294498684955613
60 120 -0.2 -0.15 34 35 101.3582366522542 0.002745443937641312
60 120 -0.2 -0.15 35 36 96.140973187445 0.00256201917939336
60 120 -0.2 -0.15 36 37 91.27132759755894 0.002393062580637206
60 120 -0.2 -0.15 37 38 86.71934680702658 0.002237288286508488
60 120 -0.2 -0.15 38 39 82.45814894592812 0.002091720256871099
60 120 -0.2 -0.15 39 40 78.46362524729517 0.001957950809639897
60 120 -0.2 -0.15 40 42 145.9069560673374 0.006582125275343742
60 120 -0.2 -0.15 42 44 132.637905328756 0.005315635239725225
60 120 -0.2 -0.15 44 46 120.8601127617358 0.004136474872183271
60 120 -0.2 -0.15 46 48 110.3657897901117 0.003250880271821188
60 120 -0.2 -0.15 48 50 100.9815737993967 0.002542514172418464
60 120 -0.2 -0.15 50 52 92.56288479857133 0.00191298938352702
60 120 -0.2 -0.15 52 54 84.98906299767984 0.001702167220713591
60 120 -0.2 -0.15 54 56 78.15680546190363 0.001517331370123998
60 120 -0.2 -0.15 56 58 71.97884817095347 0.001355168681655528
60 120 -0.2 -0.15 58 60 66.37981247312817 0.001213592180533851
60 120 -0.2 -0.15 60 65 144.6903454920629 0.002517182031965604
60 120 -0.2 -0.15 65 70 119.3967814595162 0.004964008090126981
60 120 -0.2 -0.15 70 80 181.9957117034267 0.002705205506401853
60 120 -0.2 -0.15 80 90 128.2623964786198 0.001711416278169509
60 120 -0.2 -0.15 90 100 92.13342783316234 0.001123037350851064
60 120 -0.15 -0.1 0 0.5 -0.8328578695204639 1.93359971131235e-05
60 120 -0.15 -0.1 0.5 1 -1125.88359287087 0.05371689495996179
60 120 -0.15 -0.1 1 1.5 -8.370817462034415 0.0001435692427591562
60 120 -0.15 -0.1 1.5 2 722.9095763832095 0.02091031376426145
60 120 -0.15 -0.1 2 2.5 879.693752619769 0.007689719036875431
60 120 -0.15 -0.1 2.5 3 881.2101251111517 0.002915601353038255
60 120 -0.15 -0.1 3 3.5 835.4254880424744 0.04035038020640513
60 120 -0.15 -0.1 3.5 4 776.7366841240254 0.03632229142499455
60 120 -0.15 -0.1 4 4.5 717.2078182129828 0.03277799544650861
60 120 -0.15 -0.1 4.5 5 661.1645371590648 0.02961043771244931
60 120 -0.15 -0.1 5 5.5 609.965113834849 0.02682032266204715
60 120 -0.15 -0.1 5.5 6 563.7398215408815 0.024366327157054
60 120 -0.15 -0.1 6 6.5 522.2254476986044 0.02221880981721824
60 120 -0.15 -0.1 6.5 7 484.9649220187966 0.02034137452892537
60 120 -0.15 -0.1 7 7.5 451.4695966871267 0.01869184689439862
60 120 -0.15 -0.1 7.5 8 421.3083540493137 0.01724384725446271
60 120 -0.15 -0.1 8 8.5 394.0794426541921 0.01596422347415682
60 120 -0.15 -0.1 8.5 9 369.4166306343901 0.01481417730741441
60 120 -0.15 -0.1 9 9.5 347.0131953370667 0.01378713709141266
60 120 -0.15 -0.1 9.5 10 326.607905408701 0.01286429876046213
60 120 -0.15 -0.1 10 10.5 307.9673291563635 0.01482274862473787
60 120 -0.15 -0.1 10.5 11 290.8868653231717 0.01282247084884602
60 120 -0.15 -0.1 11 11.5 275.1954651992462 0.0109381278670071
60 120 -0.15 -0.1 11.5 12 260.7477812536907 0.009920869800055243
60 120 -0.15 -0.1 12 12.5 247.413330589604 0.009334677039475991
60 120 -0.15 -0.1 12.5 13 235.0767958635735 0.008797813653302455
60 120 -0.15 -0.1 13 13.5 223.6370467073538 0.008302117986318081
60 120 -0.15 -0.1 13.5 14 213.00875926168 0.007848569808857064
60 120 -0.15 -0.1 14 14.5 203.1169656228406 0.007427247780498192
60 120 -0.15 -0.1 14.5 15 193.8927741092098 0.007039353948073312
60 120 -0.15 -0.1 15 16 362.4860840598434 0.01302050930564747
60 120 -0.15 -0.1 16 17 332.2097588416522 0.01176811073014505
60 120 -0.15 -0.1 17 18 305.505851897482 0.01067296790461114
60 120 -0.15 -0.1 18 19 281.8207026144174 0.009706329992525298
60 120 -0.15 -0.1 19 20 260.7067200816135 0.008853982320033538
60 120 -0.15 -0.1 20 21 241.801448701395 0.008095023841690363
60 120 -0.15 -0.1 21 22 224.7997271003115 0.01062637130465305
60 120 -0.15 -0.1 22 23 209.449810438216 0.008866071392816366
60 120 -0.15 -0.1 23 24 195.5443745390004 0.007614681805875989
60 120 -0.15 -0.1 24 25 182.9050093297956 0.006675792174036133
60 120 -0.15 -0.1 25 26 171.3794249037427 0.005616253636588908
60 120 -0.15 -0.1 26 27 160.8408167637994 0.004934336398321193
60 120 -0.15 -0.1 27 28 151.1784273802128 0.004569001753480961
60 120 -0.15 -0.1 28 29 142.2960626849345 0.004236669234074952
60 120 -0.15 -0.1 29 30 134.1114813307557 0.003931879410600914
60 120 -0.15 -0.1 30 31 126.5543115698761 0.003651739802833731
60 120 -0.15 -0.1 31 32 119.561680377467 0.003395847853198575
60 120 -0.15 -0.1 32 33 113.0782918316331 0.00315983061955194
60 120 -0.15 -0.1 33 34 107.0563208780608 0.002944841730567305
60 120 -0.15 -0.1 34 35 101.4533128273704 0.00274592624097636
60 120 -0.15 -0.1 35 36 96.23151151776425 0.002563814059314495
60 120 -0.15 -0.1 36 37 91.35688541164961 0.002394057440852748
60 120 -0.15 -0.1 37 38 86.79978501305175 0.00223818821667976
60 120 -0.15 -0.1 38 39 82.53401106306991 0.002091907812200589
60 120 -0.15 -0.1 39 40 78.53554487549398 0.001958634357293931
60 120 -0.15 -0.1 40 42 146.0394541987919 0.00669120784630195
60 120 -0.15 -0.1 42 44 132.756029748276 0.005243410236289492
60 120 -0.15 -0.1 44 46 120.966299291056 0.004220134267228559
60 120 -0.15 -0.1 46 48 110.4605133698274 0.00325309226718673
60 120 -0.15 -0.1 48 50 101.0663715074235 0.002527456888174129
60 120 -0.15 -0.1 50 52 92.63911148973608 0.001914211650046127
60 120 -0.15 -0.1 52 54 85.05738881277766 0.00170327708949003
60 120 -0.15 -0.1 54 56 78.2186418437315 0.001517859158468582
60 120 -0.15 -0.1 56 58 72.03451708451362 0.001355954821832484
60 120 -0.15 -0.1 58 60 66.42997309266914 0.001213968776553997
60 120 -0.15 -0.1 60 65 144.7961893460576 0.002519106656308168
60 120 -0.15 -0.1 65 70 119.4817256364852 0.004984106192139848
60 120 -0.15 -0.1 70 80 182.1244198943093 0.002705913976399188
60 120 -0.15 -0.1 80 90 128.3561054307967 0.001711905799453461
60 120 -0.15 -0.1 90 100 92.20462061026805 0.001123462390822283
60 120 -0.1 -0.05 0 0.5 -0.8333405227589149 1.881529676039939e-05
60 120 -0.1 -0.05 0.5 1 -1127.488351968118 0.03702806437922845
60 120 -0.1 -0.05 1 1.5 -9.518998149777982 0.0003412529836701594
60 120 -0.1 -0.05 1.5 2 722.5905910962158 0.006562287365682096
60 120 -0.1 -0.05 2 2.5 879.6496487020781 0.004315219833870287
60 120 -0.1 -0.05 2.5 3 881.3118277393104 0.002518498647305023
60 120 -0.1 -0.05 3 3.5 835.5935975746019 0.04059826768877883
60 120 -0.1 -0.05 3.5 4 776.9298419689192 0.03629177107029591
60 120 -0.1 -0.05 4 4.5 717.4064253724397 0.03256176069953653
60 120 -0.1 -0.05 4.5 5 661.3793931981371 0.02938124863146641
60 120 -0.1 -0.05 5 5.5 610.1594133560432 0.02665821940740898
60 120 -0.1 -0.05 5.5 6 563.94323867509 0.02427696915378874
60 120 -0.1 -0.05 6 6.5 522.423516710845 0.02218919829510924
60 120 -0.1 -0.05 6.5 7 485.1446045205845 0.0203544238942186
60 120 -0.1 -0.05 7 7.5 451.6493317319872 0.018731988278887
60 120 -0.1 -0.05 7.5 8 421.4847299144691 0.017270839047967
60 120 -0.1 -0.05 8 8.5 394.2419199646466 0.01597396139743523
60 120 -0.1 -0.05 8.5 9 369.5718705332819 0.01481416145969661
60 120 -0.1 -0.05 9 9.5 347.1673331280194 0.01377404847642083
60 120 -0.1 -0.05 9.5 10 326.7551642780211 0.0128389246647771
60 120 -0.1 -0.05 10 10.5 308.1025547018403 0.01445912269343808
60 120 -0.1 -0.05 10.5 11 291.0159959742862 0.01267468248164505
60 120 -0.1 -0.05 11 11.5 275.3223877407913 0.0110427303304732
60 120 -0.1 -0.05 11.5 12 260.8706715266433 0.009909716681988812
60 120 -0.1 -0.05 12 12.5 247.5290943373557 0.009333484921057789
60 120 -0.1 -0.05 12.5 13 235.1866392772089 0.008802579967522206
60 120 -0.1 -0.05 13 13.5 223.7444468159061 0.008310942831400325
60 120 -0.1 -0.05 13.5 14 213.1150544575216 0.007855679491740375
60 120 -0.1 -0.05 14 14.5 203.219572827952 0.00743601871496935
60 120 -0.1 -0.05 14.5 15 193.9905553362311 0.007047509573993693
60 120 -0.1 -0.05 15 16 362.6710923631498 0.01302697536590358
60 120 -0.1 -0.05 16 17 332.3875861780421 0.01176634915219665
60 120 -0.1 -0.05 17 18 305.671302934034 0.0106666408264573
60 120 -0.1 -0.05 18 19 281.9762364782875 0.009701445451412383
60 120 -0.1 -0.05 19 20 260.8551723307507 0.008853963803289844
60 120 -0.1 -0.05 20 21 241.9390573293375 0.008099178655839978
60 120 -0.1 -0.05 21 22 224.9287706461642 0.01045782770930259
60 120 -0.1 -0.05 22 23 209.573054435962 0.009042629546144099
60 120 -0.1 -0.05 23 24 195.6599387836273 0.007558619492698426
60 120 -0.1 -0.05 24 25 183.0139756101329 0.006560999251604471
60 120 -0.1 -0.05 25 26 171.4838174024038 0.005722174722251339
60 120 -0.1 -0.05 26 27 160.9394443902914 0.004949215409396857
60 120 -0.1 -0.05 27 28 151.2708421398889 0.004570208435467293
60 120 -0.1 -0.05 28 29 142.3837153455865 0.004239168348334488
60 120 -0.1 -0.05 29 30 134.1950845567756 0.003932762132308198
60 120 -0.1 -0.05 30 31 126.6332948022606 0.003653716945265728
60 120 -0.1 -0.05 31 32 119.6364343288441 0.003399261485085958
60 120 -0.1 -0.05 32 33 113.1498422762936 0.003164284240398274
60 120 -0.1 -0.05 33 34 107.124483732646 0.002946065784655616
60 120 -0.1 -0.05 34 35 101.517868691122 0.002747350614868083
60 120 -0.1 -0.05 35 36 96.29248794888467 0.002565011804676942
60 120 -0.1 -0.05 36 37 91.41485730952758 0.002394181375933613
60 120 -0.1 -0.05 37 38 86.85509976359862 0.002237318330273297
60 120 -0.1 -0.05 38 39 82.58637201929943 0.002093227120454344
60 120 -0.1 -0.05 39 40 78.58511056862032 0.001960062323547618
60 120 -0.1 -0.05 40 42 146.1317660932708 0.006712414711245174
60 120 -0.1 -0.05 42 44 132.8396203619394 0.005328101109142835
60 120 -0.1 -0.05 44 46 121.0410925197246 0.004181950491357611
60 120 -0.1 -0.05 46 48 110.5276746764419 0.003295273456544123
60 120 -0.1 -0.05 48 50 101.1262821439784 0.002500406265383504
60 120 -0.1 -0.05 50 52 92.69294574023327 0.001914270212111546
60 120 -0.1 -0.05 52 54 85.10604934005357 0.001703438762973519
60 120 -0.1 -0.05 54 56 78.26223786617885 0.00151813230625919
60 120 -0.1 -0.05 56 58 72.0736342250634 0.001356953066832034
60 120 -0.1 -0.05 58 60 66.46481116795677 0.001213876816919424
60 120 -0.1 -0.05 60 65 144.8679735097881 0.002519775247321832
60 120 -0.1 -0.05 65 70 119.537318032218 0.005038348645200585
60 120 -0.1 -0.05 70 80 182.2045017449627 0.002706549120688351
60 120 -0.1 -0.05 80 90 128.4159236364177 0.001711969518908063
60 120 -0.1 -0.05 90 100 92.25245451793229 0.001123625741655587
60 120 -0.05 0 0 0.5 -0.8335986711535847 1.928584600008332e-05
60 120 -0.05 0 0.5 1 -1128.210054424676 0.02268450751716955
60 120 -0.05 0 1 1.5 -9.97729721878785 0.0003726424280241503
60 120 -0.05 0 1.5 2 722.4868897550015 0.005524716601939872
60 120 -0.05 0 2 2.5 879.6965027082935 0.003392641997720602
60 120 -0.05 0 2.5 3 881.380267117014 0.002975970184024845
60 120 -0.05 0 3 3.5 835.7099417170555 0.04061739830376609
60 120 -0.05 0 3.5 4 777.0341215660011 0.03662993862155872
60 120 -0.05 0 4 4.5 717.5304143762593 0.03291397078851332
60 120 -0.05 0 4.5 5 661.4825278655295 0.02962700626881087
60 120 -0.05 0 5 5.5 610.2753956667273 0.02676785934909276
60 120 -0.05 0 5.5 6 564.0520806664643 0.02433388481892962
60 120 -0.05 0 6 6.5 522.5203668861574 0.02220244021975759
60 120 -0.05 0 6.5 7 485.2456805060623 0.02034978922762321
60 120 -0.05 0 7 7.5 451.7434396037805 0.01872427352418526
60 120 -0.05 0 7.5 8 421.5689280709883 0.01727316282767788
60 120 -0.05 0 8 8.5 394.3272534870636 0.01599198847605976
60 120 -0.05 0 8.5 9 369.6568780476574 0.01485488052924211
60 120 -0.05 0 9 9.5 347.2440463488576 0.01381662172184406
60 120 -0.05 0 9.5 10 326.8265329722897 0.01288521218242522
60 120 -0.05 0 10 10.5 308.1743965283829 0.01472820286966225
60 120 -0.05 0 10.5 11 291.0852487143906 0.0128113601040809
60 120 -0.05 0 11 11.5 275.3860339119266 0.01104946124604567
60 120 -0.05 0 11.5 12 260.9299516192756 0.00992621333000443
60 120 -0.05 0 12 12.5 247.5878122758376 0.009342428754905541
60 120 -0.05 0 12.5 13 235.2441986512808 0.008802121747862657
60 120 -0.05 0 13 13.5 223.7988189204021 0.008305776733209314
60 120 -0.05 0 13.5 14 213.1652047944218 0.007852610454477826
60 120 -0.05 0 14 14.5 203.2675048310477 0.007435698712868088
60 120 -0.05 0 14.5 15 194.0378102831044 0.007047023484687998
60 120 -0.05 0 15 16 362.7607056234306 0.01303306478678223
60 120 -0.05 0 16 17 332.4691626740663 0.0117822680525137
60 120 -0.05 0 17 18 305.7514217413757 0.0106799812658096
60 120 -0.05 0 18 19 282.0522509833954 0.009713845306976054
60 120 -0.05 0 19 20 260.9257665221546 0.008857881999858819
60 120 -0.05 0 20 21 242.0070386632931 0.008095074962795934
60 120 -0.05 0 21 22 224.9921110382266 0.01048108816956983
60 120 -0.05 0 22 23 209.6320769755757 0.008848900238461965
60 120 -0.05 0 23 24 195.7172680672103 0.007707649837499275
60 120 -0.05 0 24 25 183.0681609790089 0.006554905138784761
60 120 -0.05 0 25 26 171.5344757305373 0.005703797621976037
60 120 -0.05 0 26 27 160.9875063058036 0.004946647893746103
60 120 -0.05 0 27 28 151.3165896650004 0.004572751125067498
60 120 -0.05 0 28 29 142.4263931389084 0.004238901615110535
60 120 -0.05 0 29 30 134.2356161842409 0.003931163638100088
60 120 -0.05 0 30 31 126.6723305739945 0.003653201468296174
60 120 -0.05 0 31 32 119.6738145717875 0.003398460961832939
60 120 -0.05 0 32 33 113.1850574548872 0.003162530611049874
60 120 -0.05 0 33 34 107.1580422576869 0.00294646647780894
60 120 -0.05 0 34 35 101.5499281445473 0.002749837883456507
60 120 -0.05 0 35 36 96.32284614027644 0.002565986649074148
60 120 -0.05 0 36 37 91.44362353355692 0.002395103294887235
60 120 -0.05 0 37 38 86.8823840329726 0.002238949842507054
60 120 -0.05 0 38 39 82.61249551721914 0.002094361481780993
60 120 -0.05 0 39 40 78.61023747665632 0.001959682266502227
60 120 -0.05 0 40 42 146.1786634406339 0.006696686272505303
60 120 -0.05 0 42 44 132.8823683391479 0.005346422071880852
60 120 -0.05 0 44 46 121.0797213712422 0.004207404644091639
60 120 -0.05 0 46 48 110.5623442527814 0.003247718490200668
60 120 -0.05 0 48 50 101.1576978657178 0.002506706089448585
60 120 -0.05 0 50 52 92.72139874516449 0.001915863118782113
60 120 -0.05 0 52 54 85.13173244189055 0.001703170946029786
60 120 -0.05 0 54 56 78.28521362562415 0.001518696929807106
60 120 -0.05 0 56 58 72.0940290127143 0.00135633715596839
60 120 -0.05 0 58 60 66.48297796406855 0.001214247626464271
60 120 -0.05 0 60 65 144.9052160826622 0.002519363444008604
60 120 -0.05 0 65 70 119.5654016290854 0.005028049208689822
60 120 -0.05 0 70 80 182.2427348506141 0.002707457131975843
60 120 -0.05 0 80 90 128.444814333329 0.001712015589049543
60 120 -0.05 0 90 100 92.27725567135215 0.00112376529772007
60 120 0 0.05 0 0.5 -0.8336285271659434 1.967757751808463e-05
60 120 0 0.05 0.5 1 -1128.247623621118 0.04382934416685202
60 120 0 0.05 1 1.5 -9.942320898261297 0.0004968318630442781
60 120 0 0.05 1.5 2 722.5249630074464 0.01223812527325663
60 120 0 0.05 2 2.5 879.7178574947228 0.004746096914914233
60 120 0 0.05 2.5 3 881.4139690545702 0.001488976438963618
60 120 0 0.05 3 3.5 835.7157015094951 0.04039184722898881
60 120 0 0.05 3.5 4 777.0603820421637 0.03624618035303229
60 120 0 0.05 4 4.5 717.5334670432607 0.03268587819206914
60 120 0 0.05 4.5 5 661.4989015560864 0.02956662778990449
60 120 0 0.05 5 5.5 610.2837012088186 0.02680009002006045
60 120 0 0.05 5.5 6 564.0566851473142 0.02435013743433956
60 120 0 0.05 6 6.5 522.5314236429543 0.02221375567205541
60 120 0 0.05 6.5 7 485.2477281822379 0.02034431214212873
60 120 0 0.05 7 7.5 451.7445046070629 0.01871063370998627
60 120 0 0.05 7.5 8 421.5767302417396 0.01725795245954487
60 120 0 0.05 8 8.5 394.3318516290992 0.01596654622886717
60 120 0 0.05 8.5 9 369.6579988003616 0.01481687266391418
60 120 0 0.05 9 9.5 347.2480512461242 0.01377872857392504
60 120 0 0.05 9.5 10 326.8310757130627 0.01284805281841273
60 120 0 0.05 10 10.5 308.1757813627414 0.01467980118195555
60 120 0 0.05 10.5 11 291.0850647569174 0.01255781479443385
60 120 0 0.05 11 11.5 275.3881017824546 0.01112244386706607
60 120 0 0.05 11.5 12 260.9329843246729 0.009927729993307821
60 120 0 0.05 12 12.5 247.5894692761233 0.009349940879047836
60 120 0 0.05 12.5 13 235.2446030275321 0.008811547084320637
60 120 0 0.05 13 13.5 223.7999787706372 0.008313269286077229
60 120 0 0.05 13.5 14 213.1668148324018 0.007862602674578056
60 120 0 0.05 14 14.5 203.268334501961 0.007441848087267999
60 120 0 0.05 14.5 15 194.036875378842 0.007048193009154602
60 120 0 0.05 15 16 362.7582388814548 0.01302626295733944
60 120 0 0.05 16 17 332.4680603379323 0.01177125894122355
60 120 0 0.05 17 18 305.7485599735539 0.01066739334805789
60 120 0 0.05 18 19 282.0502303512276 0.009711774653851535
60 120 0 0.05 19 20 260.9239507361477 0.008857331945364422
60 120 0 0.05 20 21 242.0043235452139 0.008101202942327745
60 120 0 0.05 21 22 224.9909826341814 0.01056566866986941
60 120 0 0.05 22 23 209.6319887221274 0.008903062089700597
60 120 0 0.05 23 24 195.7173160478696 0.00765832111036957
60 120 0 0.05 24 25 183.0686830583017 0.006617344170592787
60 120 0 0.05 25 26 171.5348081448705 0.005712622812353629
60 120 0 0.05 26 27 160.9872756185188 0.00494961348138645
60 120 0 0.05 27 28 151.3160837716458 0.004573263460486032
60 120 0 0.05 28 29 142.426286538399 0.004237326216781412
60 120 0 0.05 29 30 134.2355500472337 0.003933968778113694
60 120 0 0.05 30 31 126.6724001860008 0.003655553628334474
60 120 0 0.05 31 32 119.6740019044724 0.003397485593396254
60 120 0 0.05 32 33 113.185303035406 0.003162745863846794
60 120 0 0.05 33 34 107.1580962465352 0.002947546848460547
60 120 0 0.05 34 35 101.5497157779745 0.002747814366756529
60 120 0 0.05 35 36 96.3227067983334 0.002564054284121653
60 120 0 0.05 36 37 91.44343138852561 0.002396126083780814
60 120 0 0.05 37 38 86.88216328147354 0.002238936574926242
60 120 0 0.05 38 39 82.61250496254493 0.002093545153798004
60 120 0 0.05 39 40 78.610383465018 0.001959502261954071
60 120 0 0.05 40 42 146.1791063354852 0.006751379359599241
60 120 0 0.05 42 44 132.8824265373587 0.005302405241167207
60 120 0 0.05 44 46 121.0796446769442 0.004207076713470315
60 120 0 0.05 46 48 110.5622512120181 0.003248285988618704
60 120 0 0.05 48 50 101.1579053725256 0.002505578406115205
60 120 0 0.05 50 52 92.72181962101199 0.001917218506847007
60 120 0 0.05 52 54 85.13194358247216 0.001702991912779339
60 120 0 0.05 54 56 78.28522559421602 0.0015187332584361
60 120 0 0.05 56 58 72.09391411148695 0.00135693100932599
60 120 0 0.05 58 60 66.48287982672394 0.001214639952848984
60 120 0 0.05 60 65 144.9060769636957 0.002519017283731273
60 120 0 0.05 65 70 119.5662306753287 0.005011296324539671
60 120 0 0.05 70 80 182.2441709508419 0.002707403082666815
60 120 0 0.05 80 90 128.4458851277025 0.001712257549854712
60 120 0 0.05 90 100 92.27847668042325 0.001123624410993784
60 120 0.05 0.1 0 0.5 -0.8333203591541221 1.87123733227379e-05
60 120 0.05 0.1 0.5 1 -1127.364586423192 0.03269137723145832
60 120 0.05 0.1 1 1.5 -9.263148573016384 0.0002197284897160756
60 120 0.05 0.1 1.5 2 722.8153348401235 0.00570073007281735
60 120 0.05 0.1 2 2.5 879.812175301228 0.0005570960278191706
60 120 0.05 0.1 2.5 3 881.4232561660385 0.002101253214618737
60 120 0.05 0.1 3 3.5 835.6941942951265 0.04068833819053452
60 120 0.05 0.1 3.5 4 776.9945281896097 0.03649646661961015
60 120 0.05 0.1 4 4.5 717.4645085782283 0.03276815404694844
60 120 0.05 0.1 4.5 5 661.4174829060695 0.02950812016513282
60 120 0.05 0.1 5 5.5 610.2028990522892 0.02674782771237005
60 120 0.05 0.1 5.5 6 563.9795138024386 0.02434971778632189
60 120 0.05 0.1 6 6.5 522.446973886044 0.0222405618897028
60 120 0.05 0.1 6.5 7 485.1681220934834 0.02038607653628333
60 120 0.05 0.1 7 7.5 451.6680685058961 0.01873140908975301
60 120 0.05 0.1 7.5 8 421.4991605697943 0.01727101853947488
60 120 0.05 0.1 8 8.5 394.2584292926577 0.01598669801131791
60 120 0.05 0.1 8.5 9 369.588034453634 0.0148268687830182
60 120 0.05 0.1 9 9.5 347.178218676268 0.01379233171155647
60 120 0.05 0.1 9.5 10 326.76249074058 0.01286218530168526
60 120 0.05 0.1 10 10.5 308.1108415289268 0.01469899854197365
60 120 0.05 0.1 10.5 11 291.0228965183877 0.01270455740791476
60 120 0.05 0.1 11 11.5 275.3271560053407 0.01100972725811289
60 120 0.05 0.1 11.5 12 260.8745363486211 0.009908418970155708
60 120 0.05 0.1 12 12.5 247.5338257837736 0.009326160096321701
60 120 0.05 0.1 12.5 13 235.1913960617205 0.008794694250639168
60 120 0.05 0.1 13 13.5 223.7474911958898 0.008302504639260633
60 120 0.05 0.1 13.5 14 213.1154166201513 0.007854973305683188
60 120 0.05 0.1 14 14.5 203.2186405089785 0.007435584492981206
60 120 0.05 0.1 14.5 15 193.9890379090527 0.007045933482316968
60 120 0.05 0.1 15 16 362.6665657054351 0.01303151167894612
60 120 0.05 0.1 16 17 332.3822828608884 0.01177463182915517
60 120 0.05 0.1 17 18 305.6680003304948 0.01067202596260586
60 120 0.05 0.1 18 19 281.9728243341111 0.009707165066004109
60 120 0.05 0.1 19 20 260.8501099361675 0.008847318557798189
60 120 0.05 0.1 20 21 241.9343419324833 0.008094628941705651
60 120 0.05 0.1 21 22 224.9247909240841 0.01042795655865802
60 120 0.05 0.1 22 23 209.5706034550301 0.008985222879147159
60 120 0.05 0.1 23 24 195.6595692557473 0.00762757850560547
60 120 0.05 0.1 24 25 183.0141711156226 0.006639484730840195
60 120 0.05 0.1 25 26 171.4832398076427 0.005677251665332506
60 120 0.05 0.1 26 27 160.9386355407258 0.004953984756724594
60 120 0.05 0.1 27 28 151.2699832507696 0.004569970299996839
60 120 0.05 0.1 28 29 142.3828223270604 0.004236943726738218
60 120 0.05 0.1 29 30 134.1946369479708 0.003932531615390644
60 120 0.05 0.1 30 31 126.633651141978 0.003653849134067855
60 120 0.05 0.1 31 32 119.636999476384 0.003396888791726838
60 120 0.05 0.1 32 33 113.1500881777902 0.003163813150095507
60 120 0.05 0.1 33 34 107.124406412279 0.002946602374308327
60 120 0.05 0.1 34 35 101.5175897259682 0.002748505601616102
60 120 0.05 0.1 35 36 96.29198291797 0.002563775834502735
60 120 0.05 0.1 36 37 91.41423610424638 0.002394228425757206
60 120 0.05 0.1 37 38 86.8546900475483 0.002238418428063937
60 120 0.05 0.1 38 39 82.58639747080773 0.002092778356569625
60 120 0.05 0.1 39 40 78.58548845846731 0.001959227226663529
60 120 0.05 0.1 40 42 146.1325913569235 0.006748765403614243
60 120 0.05 0.1 42 44 132.8399537360412 0.00533777639432742
60 120 0.05 0.1 44 46 121.040861939555 0.004153349520123584
60 120 0.05 0.1 46 48 110.5274830016069 0.00324402733849638
60 120 0.05 0.1 48 50 101.1268330163799 0.002527772619856705
60 120 0.05 0.1 50 52 92.69377864186079 0.001914406663431123
60 120 0.05 0.1 52 54 85.10669336042085 0.001702826018103565
60 120 0.05 0.1 54 56 78.26243327706594 0.001519110284618819
60 120 0.05 0.1 56 58 72.07356332255983 0.001356048885099881
60 120 0.05 0.1 58 60 66.46494884127259 0.00121436284106835
60 120 0.05 0.1 60 65 144.8700869952575 0.002519618808008772
60 120 0.05 0.1 65 70 119.5395316450776 0.005022435237222567
60 120 0.05 0.1 70 80 182.2087844950894 0.002706842393308762
60 120 0.05 0.1 80 90 128.4193637770002 0.00171187733417355
60 120 0.05 0.1 90 100 92.2559122661782 0.001123476041527738
60 120 0.1 0.15 0 0.5 -0.8326982955001653 1.949009952117997e-05
60 120 0.1 0.15 0.5 1 -1125.593379335368 0.05409132279032747
60 120 0.1 0.15 1 1.5 -7.967259696199043 0.0001375237266749707
60 120 0.1 0.15 1.5 2 723.2875586137071 0.01239690941326899
60 120 0.1 0.15 2 2.5 879.951697250384 0.005140738117461296
60 120 0.1 0.15 2.5 3 881.4043899505732 0.001954993805952654
60 120 0.1 0.15 3 3.5 835.5903582811163 0.04053367634242022
60 120 0.1 0.15 3.5 4 776.8580864618407 0.03644723567845176
60 120 0.1 0.15 4 4.5 717.2999841760031 0.03276531534595506
60 120 0.1 0.15 4.5 5 661.2487378993136 0.02951967910291842
60 120 0.1 0.15 5 5.5 610.0285177174044 0.02673029381912784
60 120 0.1 0.15 5.5 6 563.8021893984539 0.02428919326769119
60 120 0.1 0.15 6 6.5 522.2732403358273 0.02217339310959687
60 120 0.1 0.15 6.5 7 484.9962360860337 0.02034526954838611
60 120 0.1 0.15 7 7.5 451.502759555892 0.01871010428777709
60 120 0.1 0.15 7.5 8 421.340473858634 0.01727478532842497
60 120 0.1 0.15 8 8.5 394.1043570199623 0.01598348491762636
60 120 0.1 0.15 8.5 9 369.4392198438559 0.0148123744911004
60 120 0.1 0.15 9 9.5 347.0347201476536 0.01378163277342992
60 120 0.1 0.15 9.5 10 326.6237062424988 0.01285359624898774
60 120 0.1 0.15 10 10.5 307.9756449652685 0.01445997461047455
60 120 0.1 0.15 10.5 11 290.89362971857 0.01276309984910995
60 120 0.1 0.15 11 11.5 275.2029797466636 0.01101864394780705
60 120 0.1 0.15 11.5 12 260.7544984195833 0.009919190406606049
60 120 0.1 0.15 12 12.5 247.417664261858 0.009334710417959968
60 120 0.1 0.15 12.5 13 235.0792397442779 0.008801594720409867
60 120 0.1 0.15 13 13.5 223.6388291771219 0.008308812921796971
60 120 0.1 0.15 13.5 14 213.0102849506233 0.007847135282219142
60 120 0.1 0.15 14 14.5 203.1164145412129 0.007426272234880571
60 120 0.1 0.15 14.5 15 193.8903744095771 0.007038945248638129
60 120 0.1 0.15 15 16 362.4800400356504 0.01301869766422215
60 120 0.1 0.15 16 17 332.2077109203768 0.01176399154093133
60 120 0.1 0.15 17 18 305.5041165075223 0.01067235909442843
60 120 0.1 0.15 18 19 281.8177897151877 0.009706123745843342
60 120 0.1 0.15 19 20 260.7029661445073 0.008856783412966251
60 120 0.1 0.15 20 21 241.7956090120437 0.008095458839562752
60 120 0.1 0.15 21 22 224.7942821343961 0.01046837596931027
60 120 0.1 0.15 22 23 209.4469211863156 0.008930572267644266
60 120 0.1 0.15 23 24 195.5424507667354 0.007693178690971081
60 120 0.1 0.15 24 25 182.9028058164812 0.006568508652520677
60 120 0.1 0.15 25 26 171.3777376412756 0.005697171379637211
60 120 0.1 0.15 26 27 160.8387645999778 0.004934521873281028
60 120 0.1 0.15 27 28 151.1759755271453 0.004568186412029718
60 120 0.1 0.15 28 29 142.2941891092228 0.004236778530668062
60 120 0.1 0.15 29 30 134.111018148932 0.003930380449162385
60 120 0.1 0.15 30 31 126.5543127912967 0.003650523282871632
60 120 0.1 0.15 31 32 119.5617056849223 0.003397232634085867
60 120 0.1 0.15 32 33 113.0783826431708 0.003159614274267142
60 120 0.1 0.15 33 34 107.0561810228189 0.002943738696203013
60 120 0.1 0.15 34 35 101.4527481534156 0.002746772570688449
60 120 0.1 0.15 35 36 96.23052398412642 0.002562414993889206
60 120 0.1 0.15 36 37 91.35621693826488 0.002392376570227839
60 120 0.1 0.15 37 38 86.79958673020671 0.002236725748844037
60 120 0.1 0.15 38 39 82.53405589049271 0.002092746307283733
60 120 0.1 0.15 39 40 78.53578852842257 0.001957618900135571
60 120 0.1 0.15 40 42 146.0401690450567 0.006681757787333709
60 120 0.1 0.15 42 44 132.7564674784329 0.005298954126971012
60 120 0.1 0.15 44 46 120.9659696484183 0.004142414799432004
60 120 0.1 0.15 46 48 110.460576881104 0.003249947856033941
60 120 0.1 0.15 48 50 101.0668081214199 0.002527824814109181
60 120 0.1 0.15 50 52 92.63986162754378 0.001914095436859498
60 120 0.1 0.15 52 54 85.05823242678883 0.001702106592404107
60 120 0.1 0.15 54 56 78.21917448244776 0.001518230046613667
60 120 0.1 0.15 56 58 72.03514071046249 0.001355980578864546
60 120 0.1 0.15 58 60 66.43086487917834 0.001213806080400559
60 120 0.1 0.15 60 65 144.7994193993787 0.002518747973880409
60 120 0.1 0.15 65 70 119.4849952570612 0.005019947538286829
60 120 0.1 0.15 70 80 182.1313335656488 0.00270556180572612
60 120 0.1 0.15 80 90 128.362187768377 0.00171201939096477
60 120 0.1 0.15 90 100 92.20978594253397 0.001123419036815676
60 120 0.15 0.2 0 0.5 -0.8318000194899897 1.913026923938688e-05
60 120 0.15 0.2 0.5 1 -1122.672488876131 0.02843963501436519
60 120 0.15 0.2 1 1.5 -5.825349901919653 7.271521038365591e-05
60 120 0.15 0.2 1.5 2 723.9914326132664 0.002581530119982745
60 120 0.15 0.2 2 2.5 880.1466320826042 0.01055413792778381
60 120 0.15 0.2 2.5 3 881.3771329009812 0.01155379243812149
60 120 0.15 0.2 3 3.5 835.4369585955377 0.04039082537963168
60 120 0.15 0.2 3.5 4 776.6266357997729 0.03632592813244173
60 120 0.15 0.2 4 4.5 717.0382482179263 0.03270097096390145
60 120 0.15 0.2 4.5 5 660.9709006173771 0.02953305573464604
60 120 0.15 0.2 5 5.5 609.7482309907094 0.02674844788748487
60 120 0.15 0.2 5.5 6 563.5201187756647 0.02432350517221948
60 120 0.15 0.2 6 6.5 521.9939670957822 0.02220544419265025
60 120 0.15 0.2 6.5 7 484.724770542214 0.02031529672365195
60 120 0.15 0.2 7 7.5 451.2381948378893 0.01868530007243407
60 120 0.15 0.2 7.5 8 421.0833469031129 0.01722981261571022
60 120 0.15 0.2 8 8.5 393.8557823709552 0.01594694529893559
60 120 0.15 0.2 8.5 9 369.1981224618834 0.01481645260258801
60 120 0.15 0.2 9 9.5 346.800912885071 0.01378122882414345
60 120 0.15 0.2 9.5 10 326.398000249738 0.01284996705805952
60 120 0.15 0.2 10 10.5 307.7590776345473 0.01461291638526063
60 120 0.15 0.2 10.5 11 290.6848132768083 0.01264726234632008
60 120 0.15 0.2 11 11.5 275.0022453038206 0.0111015495960487
60 120 0.15 0.2 11.5 12 260.5611144554214 0.009899352702518627
60 120 0.15 0.2 12 12.5 247.2312412537843 0.009320522182235891
60 120 0.15 0.2 12.5 13 234.8983698958515 0.008785722901251347
60 120 0.15 0.2 13 13.5 223.4642118944379 0.008304334861605867
60 120 0.15 0.2 13.5 14 212.8412716342829 0.007845035623489593
60 120 0.15 0.2 14 14.5 202.9532444879542 0.007425768962548318
60 120 0.15 0.2 14.5 15 193.7330233696074 0.00703662180475817
60 120 0.15 0.2 15 16 362.1815757766974 0.01301699002868872
60 120 0.15 0.2 16 17 331.9288964085932 0.01174964107150345
60 120 0.15 0.2 17 18 305.2423870099922 0.01065623409579075
60 120 0.15 0.2 18 19 281.5720005820001 0.009687614297035907
60 120 0.15 0.2 19 20 260.472319190354 0.008844102377281615
60 120 0.15 0.2 20 21 241.5799410856547 0.008086146552841456
60 120 0.15 0.2 21 22 224.5920107176286 0.01054715031219189
60 120 0.15 0.2 22 23 209.2561555455104 0.008889735778012664
60 120 0.15 0.2 23 24 195.3622772204989 0.007684035545992174
60 120 0.15 0.2 24 25 182.7323889830074 0.006541540634970033
60 120 0.15 0.2 25 26 171.2167644380465 0.00566876085218837
60 120 0.15 0.2 26 27 160.6869238417863 0.004933300628863435
60 120 0.15 0.2 27 28 151.0329662688058 0.004562861814434882
60 120 0.15 0.2 28 29 142.1594865574258 0.004233606698278436
60 120 0.15 0.2 29 30 133.9838066344065 0.003929678662956348
60 120 0.15 0.2 30 31 126.4341203104977 0.003648689446393405
60 120 0.15 0.2 31 32 119.4481602844141 0.003396252496756347
60 120 0.15 0.2 32 33 112.9710344946994 0.003160510194533117
60 120 0.15 0.2 33 34 106.9548626701668 0.002944157064433739
60 120 0.15 0.2 34 35 101.3571702460781 0.002745185206322276
60 120 0.15 0.2 35 36 96.14053670930292 0.002562400711951796
60 120 0.15 0.2 36 37 91.27112045247067 0.002393212426369473
60 120 0.15 0.2 37 38 86.71908304443851 0.002235507270455628
60 120 0.15 0.2 38 39 82.45788329508233 0.002092046233528322
60 120 0.15 0.2 39 40 78.46350987012654 0.001957762476209268
60 120 0.15 0.2 40 42 145.9070341746696 0.006699552987754487
60 120 0.15 0.2 42 44 132.637339344542 0.00522215709838747
60 120 0.15 0.2 44 46 120.8599464592939 0.004161820132793537
60 120 0.15 0.2 46 48 110.3658787097044 0.003276578947449593
60 120 0.15 0.2 48 50 100.9818236082274 0.002506666285455594
60 120 0.15 0.2 50 52 92.56358692640609 0.001913701380786392
60 120 0.15 0.2 52 54 84.98978548049661 0.00170131042831656
60 120 0.15 0.2 54 56 78.15797244442264 0.001517752128734173
60 120 0.15 0.2 56 58 71.98035831899915 0.001354710957429006
60 120 0.15 0.2 58 60 66.38142565341644 0.001213728830862237
60 120 0.15 0.2 60 65 144.6944639123927 0.002517990588330576
60 120 0.15 0.2 65 70 119.401290759252 0.004962530964050416
60 120 0.15 0.2 70 80 182.005138563454 0.002705330942916362
60 120 0.15 0.2 80 90 128.2709382494387 0.001711376998656533
60 120 0.15 0.2 90 100 92.14011604274145 0.00112310596419718
60 120 0.2 0.25 0 0.5 -0.8306575358098579 1.925365573662852e-05
60 120 0.2 0.25 0.5 1 -1119.095230869131 0.01298978642012116
60 120 0.2 0.25 1 1.5 -3.281058929731325 9.870402092637676e-05
60 120 0.2 0.25 1.5 2 724.6474163170024 0.02752285239967023
60 120 0.2 0.25 2 2.5 880.1019476064905 0.02404015548427196
60 120 0.2 0.25 2.5 3 881.0711323816123 0.02416301234802631
60 120 0.2 0.25 3 3.5 835.0236279215941 0.04067414510006984
60 120 0.2 0.25 3.5 4 776.1608836029114 0.036430586744018
60 120 0.2 0.25 4 4.5 716.5501079004353 0.03274899968209866
60 120 0.2 0.25 4.5 5 660.478345172574 0.02953606299820422
60 120 0.2 0.25 5 5.5 609.2587431311138 0.02677853757234061
60 120 0.2 0.25 5.5 6 563.041777495478 0.02435722943789642
60 120 0.2 0.25 6 6.5 521.5306571717806 0.02224636278992875
60 120 0.2 0.25 6.5 7 484.2806034393276 0.02037233323193277
60 120 0.2 0.25 7 7.5 450.8131463772474 0.01874475516058283
60 120 0.2 0.25 7.5 8 420.6767812081645 0.0172874982535518
60 120 0.2 0.25 8 8.5 393.4659665815959 0.01599204333035686
60 120 0.2 0.25 8.5 9 368.8244670121354 0.01483579049931905
60 120 0.2 0.25 9 9.5 346.4426118930273 0.01378209275117115
60 120 0.2 0.25 9.5 10 326.0546238912829 0.01285563483287433
60 120 0.2 0.25 10 10.5 307.431362191671 0.01472407312667201
60 120 0.2 0.25 10.5 11 290.3707467172432 0.01258008368426999
60 120 0.2 0.25 11 11.5 274.7014060820877 0.0110946790857156
60 120 0.2 0.25 11.5 12 260.2723797360928 0.009925482787991768
60 120 0.2 0.25 12 12.5 246.9538203649498 0.009336087359116618
60 120 0.2 0.25 12.5 13 234.631878638864 0.008790531144427405
60 120 0.2 0.25 13 13.5 223.2080935285712 0.008301947878152305
60 120 0.2 0.25 13.5 14 212.5950970903523 0.007847475883608013
60 120 0.2 0.25 14 14.5 202.7175199972853 0.007426907612483546
60 120 0.2 0.25 14.5 15 193.5066520681563 0.007035254599315977
60 120 0.2 0.25 15 16 361.75526515123 0.01301990349537618
60 120 0.2 0.25 16 17 331.5336678290319 0.0117670957567384
60 120 0.2 0.25 17 18 304.8744212315684 0.0106614333201378
60 120 0.2 0.25 18 19 281.2292896813436 0.009697118913948088
60 120 0.2 0.25 19 20 260.1542429428342 0.008839955565179025
60 120 0.2 0.25 20 21 241.2841172129904 0.008082816602637877
60 120 0.2 0.25 21 22 224.3158001057466 0.01046367479409582
60 120 0.2 0.25 22 23 208.998144810465 0.008964908454316856
60 120 0.2 0.25 23 24 195.1204157482855 0.007586017341367324
60 120 0.2 0.25 24 25 182.5060685430057 0.00658064944019543
60 120 0.2 0.25 25 26 171.0045901963138 0.005583984023672883
60 120 0.2 0.25 26 27 160.4884959586238 0.004931504497108108
60 120 0.2 0.25 27 28 150.8467980410456 0.004564565602265702
60 120 0.2 0.25 28 29 141.9844983285387 0.004229305418391505
60 120 0.2 0.25 29 30 133.8189113845455 0.003927220424742472
60 120 0.2 0.25 30 31 126.2789223632664 0.003647373140850618
60 120 0.2 0.25 31 32 119.3018910835979 0.003390461237543718
60 120 0.2 0.25 32 33 112.8334850289758 0.003158148119979387
60 120 0.2 0.25 33 34 106.8256797254045 0.002942609670796514
60 120 0.2 0.25 34 35 101.2360618813547 0.00274195787594067
60 120 0.2 0.25 35 36 96.02657823570119 0.002559688017854
60 120 0.2 0.25 36 37 91.16372387610245 0.002391174254313455
60 120 0.2 0.25 37 38 86.61787337583546 0.002233313740575227
60 120 0.2 0.25 38 39 82.36225030377349 0.002089468376013315
60 120 0.2 0.25 39 40 78.3732201083487 0.001956911839059217
60 120 0.2 0.25 40 42 145.7411492245004 0.00663253910028061
60 120 0.2 0.25 42 44 132.4897866128081 0.005281361689554842
60 120 0.2 0.25 44 46 120.7281350594205 0.004159115731013685
60 120 0.2 0.25 46 48 110.2474514532674 0.003273844989706731
60 120 0.2 0.25 48 50 100.8751211392788 0.002530661134798606
60 120 0.2 0.25 50 52 92.46717290244675 0.001911853568969946
60 120 0.2 0.25 52 54 84.902897939176 0.001700835527500999
60 120 0.2 0.25 54 56 78.07941473954774 0.001516240263981672
60 120 0.2 0.25 56 58 71.90876384295139 0.001354424193934278
60 120 0.2 0.25 58 60 66.31576808972031 0.001212893521625347
60 120 0.2 0.25 60 65 144.5523630455623 0.002516310706624836
60 120 0.2 0.25 65 70 119.2852286733588 0.004782132841256725
60 120 0.2 0.25 70 80 181.8262411612934 0.002703876348732592
60 120 0.2 0.25 80 90 128.1436604218397 0.001710553226587308
60 120 0.2 0.25 90 100 92.0461650721266 0.001122892745783588
60 120 0.25 0.3 0 0.5 -0.8292456986694922 1.940028702052121e-05
60 120 0.25 0.3 0.5 1 -1115.728805630634 0.03018311439222998
60 120 0.25 0.3 1 1.5 -1.523170752129083 5.793967725731264e-05
60 120 0.25 0.3 1.5 2 724.6386408307924 0.002290411293756733
60 120 0.25 0.3 2 2.5 879.4734717336385 0.03115335550603504
60 120 0.25 0.3 2.5 3 880.20674339264 0.02278656117459832
60 120 0.25 0.3 3 3.5 834.0944121576606 0.04043296200973145
60 120 0.25 0.3 3.5 4 775.2420050777026 0.03635104169893566
60 120 0.25 0.3 4 4.5 715.6764692358221 0.03267979313352498
60 120 0.25 0.3 4.5 5 659.6508437996898 0.02943711820421413
60 120 0.25 0.3 5 5.5 608.4744743879691 0.02664721030043893
60 120 0.25 0.3 5.5 6 562.2982101904578 0.02420932311144952
60 120 0.25 0.3 6 6.5 520.8286900053266 0.02214081361512399
60 120 0.25 0.3 6.5 7 483.6182673186757 0.02027732310699548
60 120 0.25 0.3 7 7.5 450.1875416907598 0.01866179667092638
60 120 0.25 0.3 7.5 8 420.0861201969869 0.01723873344712956
60 120 0.25 0.3 8 8.5 392.907268945919 0.01592207632222653
60 120 0.25 0.3 8.5 9 368.2946193405599 0.01477972408537198
60 120 0.25 0.3 9 9.5 345.941545406141 0.01376788832038756
60 120 0.25 0.3 9.5 10 325.5813715394619 0.01282244301233959
60 120 0.25 0.3 10 10.5 306.9826844630907 0.01452335168693253
60 120 0.25 0.3 10.5 11 289.9457975465519 0.01272852468315477
60 120 0.25 0.3 11 11.5 274.2972251176865 0.01098123167963649
60 120 0.25 0.3 11.5 12 259.8879613902259 0.009889376008175077
60 120 0.25 0.3 12 12.5 246.5869273918196 0.009314119833874202
60 120 0.25 0.3 12.5 13 234.2820668176355 0.008789666175033517
60 120 0.25 0.3 13 13.5 222.8739547484551 0.008290995092664843
60 120 0.25 0.3 13.5 14 212.2769777575798 0.007833445250156501
60 120 0.25 0.3 14 14.5 202.4137573217005 0.007416084926688882
60 120 0.25 0.3 14.5 15 193.2166331224241 0.007031039162569641
60 120 0.25 0.3 15 16 361.2122019533923 0.01299003335924453
60 120 0.25 0.3 16 17 331.0345939473532 0.01173828980097369
60 120 0.25 0.3 17 18 304.414851486242 0.01064787631520403
60 120 0.25 0.3 18 19 280.8061724270837 0.009684657580351086
60 120 0.25 0.3 19 20 259.7648228314837 0.008842539509544167
60 120 0.25 0.3 20 21 240.9239569353516 0.008076184234909078
60 120 0.25 0.3 21 22 223.9817790190075 0.01043501838134375
60 120 0.25 0.3 22 23 208.6874916283631 0.008914521921383312
60 120 0.25 0.3 23 24 194.8313188864224 0.007596707455775231
60 120 0.25 0.3 24 25 182.2367825816811 0.006477139244594809
60 120 0.25 0.3 25 26 170.7543042504973 0.005649942474065028
60 120 0.25 0.3 26 27 160.2550794681103 0.004927062589047182
60 120 0.25 0.3 27 28 150.6287742583575 0.004559497098483689
60 120 0.25 0.3 28 29 141.780103751879 0.004226621609916492
60 120 0.25 0.3 29 30 133.6272589186009 0.00392507765513983
60 120 0.25 0.3 30 31 126.0987799896528 0.00364289814716301
60 120 0.25 0.3 31 32 119.132776523141 0.003389849591385996
60 120 0.25 0.3 32 33 112.6748010734084 0.003156111828900521
60 120 0.25 0.3 33 34 106.6766989039226 0.002937653415258978
60 120 0.25 0.3 34 35 101.0957850033771 0.002741021100433727
60 120 0.25 0.3 35 36 95.89429973281398 0.002558704949009893
60 120 0.25 0.3 36 37 91.03901898275461 0.002388040353338283
60 120 0.25 0.3 37 38 86.50003613613998 0.002232898749184642
60 120 0.25 0.3 38 39 82.25095757902683 0.00208905192664588
60 120 0.25 0.3 39 40 78.2681132112255 0.001954714227039744
60 120 0.25 0.3 40 42 145.5481531853514 0.006603989855989312
60 120 0.25 0.3 42 44 132.3170617022137 0.005297366501793022
60 120 0.25 0.3 44 46 120.5723317210765 0.004216176454633569
60 120 0.25 0.3 46 48 110.1060634402856 0.003263957694784381
60 120 0.25 0.3 48 50 100.7464401595611 0.002506229899978507
60 120 0.25 0.3 50 52 92.35014002114271 0.001909900551865462
60 120 0.25 0.3 52 54 84.7961221072899 0.001699930233471036
60 120 0.25 0.3 54 56 77.98130566436437 0.00151485574879473
60 120 0.25 0.3 56 58 71.81814477367402 0.001353638604584262
60 120 0.25 0.3 58 60 66.23195254431964 0.001211717907210641
60 120 0.25 0.3 60 65 144.3695924475971 0.002514608623840786
60 120 0.25 0.3 65 70 119.1343592284791 0.004723610831760539
60 120 0.25 0.3 70 80 181.5947039525881 0.002702264623337669
60 120 0.25 0.3 80 90 127.9793071489636 0.001709838401680486
60 120 0.25 0.3 90 100 91.92695426524739 0.00112264122515171
60 120 0.3 0.35 0 0.5 -0.8274791798881197 1.91025858733429e-05
60 120 0.3 0.35 0.5 1 -1112.919855189376 0.01134405981451891
60 120 0.3 0.35 1 1.5 -0.806915400651962 2.495360448495632e-05
60 120 0.3 0.35 1.5 2 723.7654031073562 0.008382800699791915
60 120 0.3 0.35 2 2.5 878.1918765384223 0.008378989281141003
60 120 0.3 0.35 2.5 3 878.839123640146 0.006864755600872741
60 120 0.3 0.35 3 3.5 832.7345382596613 0.04049806394289135
60 120 0.3 0.35 3.5 4 773.9415937327677 0.03634418224453384
60 120 0.3 0.35 4 4.5 714.4613244682663 0.03269913430563065
60 120 0.3 0.35 4.5 5 658.5250635653936 0.02950715419342487
60 120 0.3 0.35 5 5.5 607.4333241945739 0.02673687823426008
60 120 0.3 0.35 5.5 6 561.3348067127854 0.02432550616936169
60 120 0.3 0.35 6 6.5 519.937080463777 0.02214653325847848
60 120 0.3 0.35 6.5 7 482.7900057624778 0.02032445422497631
60 120 0.3 0.35 7 7.5 449.4156345448587 0.01865566540749342
60 120 0.3 0.35 7.5 8 419.363987360423 0.0172115456323354
60 120 0.3 0.35 8 8.5 392.2296424416889 0.01596153081408147
60 120 0.3 0.35 8.5 9 367.6583255898631 0.01478792583759514
60 120 0.3 0.35 9 9.5 345.3437233950885 0.01376372019313976
60 120 0.3 0.35 9.5 10 325.01962883767 0.01284990545690334
60 120 0.3 0.35 10 10.5 306.4532554054998 0.01444594653082731
60 120 0.3 0.35 10.5 11 289.4461935440374 0.01269300212493363
60 120 0.3 0.35 11 11.5 273.8248796909143 0.01102149162068145
60 120 0.3 0.35 11.5 12 259.4402402436595 0.009894286597784685
60 120 0.3 0.35 12 12.5 246.1624713086379 0.009305467039609994
60 120 0.3 0.35 12.5 13 233.8792925719208 0.008783298072302159
60 120 0.3 0.35 13 13.5 222.4922437138903 0.008289762494371189
60 120 0.3 0.35 13.5 14 211.9148452397104 0.007831419399138895
60 120 0.3 0.35 14 14.5 202.0695091036067 0.007413512794471444
60 120 0.3 0.35 14.5 15 192.8890989296382 0.007028431624434006
60 120 0.3 0.35 15 16 360.6008312454352 0.01299096821003332
60 120 0.3 0.35 16 17 330.4754931125454 0.01173481317050573
60 120 0.3 0.35 17 18 303.902883589386 0.010630963118615
60 120 0.3 0.35 18 19 280.3374336239672 0.009671939201780333
60 120 0.3 0.35 19 20 259.3336496088149 0.008818277513114481
60 120 0.3 0.35 20 21 240.5261890503464 0.008070739964580298
60 120 0.3 0.35 21 22 223.6135774858694 0.01048847112366502
60 120 0.3 0.35 22 23 208.3457872774663 0.008819287203863269
60 120 0.3 0.35 23 24 194.5141461729142 0.007584976946645838
60 120 0.3 0.35 24 25 181.942256995117 0.006462817136565491
60 120 0.3 0.35 25 26 170.4803606243632 0.005648014338362373
60 120 0.3 0.35 26 27 159.9993199375872 0.00491962815789293
60 120 0.3 0.35 27 28 150.3892234352656 0.00455355301883742
60 120 0.3 0.35 28 29 141.5554497975975 0.004222681532837669
60 120 0.3 0.35 29 30 133.4163047608729 0.003919911803677678
60 120 0.3 0.35 30 31 125.9006844645457 0.003639813996997532
60 120 0.3 0.35 31 32 118.9468401824324 0.00338831534257622
60 120 0.3 0.35 32 33 112.4999331935372 0.003152964014589088
60 120 0.3 0.35 33 34 106.5118135231003 0.002936332378794759
60 120 0.3 0.35 34 35 100.9398137523405 0.0027396511336093
60 120 0.3 0.35 35 36 95.74664041987694 0.00255604065411319
60 120 0.3 0.35 36 37 90.89889904143637 0.002385981354223077
60 120 0.3 0.35 37 38 86.36706886521064 0.002231154530605295
60 120 0.3 0.35 38 39 82.12480093795986 0.00208637154293001
60 120 0.3 0.35 39 40 78.14835560288365 0.001952158891825206
60 120 0.3 0.35 40 42 145.3265838358477 0.006709537214902639
60 120 0.3 0.35 42 44 132.1159839980296 0.005314113411714061
60 120 0.3 0.35 44 46 120.3887487471179 0.004186274540870727
60 120 0.3 0.35 46 48 109.9379611065313 0.003273448633706266
60 120 0.3 0.35 48 50 100.592442731937 0.002471782657991639
60 120 0.3 0.35 50 52 92.20904422433463 0.001920529230545753
60 120 0.3 0.35 52 54 84.66613931263252 0.001697989321272075
60 120 0.3 0.35 54 56 77.86115621462332 0.001513624875471464
60 120 0.3 0.35 56 58 71.70700282997105 0.00135266328555872
60 120 0.3 0.35 58 60 66.12921899456317 0.001210941193832582
60 120 0.3 0.35 60 65 144.146017861084 0.002512254403740144
60 120 0.3 0.35 65 70 118.9486111819071 0.004790356891490433
60 120 0.3 0.35 70 80 181.3108733444366 0.002700247295564395
60 120 0.3 0.35 80 90 127.7778847668042 0.001708938506823188
60 120 0.3 0.35 90 100 91.78158945889612 0.001122059863163827
60 120 0.35 0.4 0 0.5 -0.8254696095614039 1.865813078139045e-05
60 120 0.35 0.4 0.5 1 -1110.222510893737 0.04114491062523484
60 120 0.35 0.4 1 1.5 -0.2217855873961766 6.321992105151608e-06
60 120 0.35 0.4 1.5 2 722.7099345186784 0.003521116414049175
60 120 0.35 0.4 2 2.5 876.7303281480415 0.02609091929923579
60 120 0.35 0.4 2.5 3 877.3314608725727 0.01894299438447433
60 120 0.35 0.4 3 3.5 831.2773091437765 0.04045635834631867
60 120 0.35 0.4 3.5 4 772.5739361709125 0.03643963710953813
60 120 0.35 0.4 4 4.5 713.1856913717224 0.03270008340211916
60 120 0.35 0.4 4.5 5 657.3384528915092 0.02949225176416803
60 120 0.35 0.4 5 5.5 606.331235007141 0.02665745605520442
60 120 0.35 0.4 5.5 6 560.3156706074302 0.02423238861058508
60 120 0.35 0.4 6 6.5 518.9974738132802 0.02215113359602583
60 120 0.35 0.4 6.5 7 481.9212519666268 0.02026757530950363
60 120 0.35 0.4 7 7.5 448.6099250687195 0.01866738912019628
60 120 0.35 0.4 7.5 8 418.6124603635492 0.01719040778954195
60 120 0.35 0.4 8 8.5 391.5270823049245 0.01588572350607365
60 120 0.35 0.4 8.5 9 367.001749013159 0.01475435147648341
60 120 0.35 0.4 9 9.5 344.7293943180192 0.01370582441711576
60 120 0.35 0.4 9.5 10 324.442765521446 0.01278165004328002
60 120 0.35 0.4 10 10.5 305.9108409686461 0.01462313594009856
60 120 0.35 0.4 10.5 11 288.9340023552347 0.01256451748633935
60 120 0.35 0.4 11 11.5 273.3405415811114 0.0111131083165219
60 120 0.35 0.4 11.5 12 258.9806846541787 0.009873052139766969
60 120 0.35 0.4 12 12.5 245.727027636715 0.009295445841900118
60 120 0.35 0.4 12.5 13 233.4663577414292 0.008757914745928019
60 120 0.35 0.4 13 13.5 222.1011621549722 0.00826250618789004
60 120 0.35 0.4 13.5 14 211.542889859615 0.007817236785342629
60 120 0.35 0.4 14 14.5 201.7157232759079 0.007401854674242259
60 120 0.35 0.4 14.5 15 192.5513360118455 0.007010032722291726
60 120 0.35 0.4 15 16 359.9702739355523 0.01296725410441013
60 120 0.35 0.4 16 17 329.8985947003934 0.01172547603295016
60 120 0.35 0.4 17 18 303.3745895494644 0.01062613957662961
60 120 0.35 0.4 18 19 279.8524901788187 0.009670351908141583
60 120 0.35 0.4 19 20 258.8860771774221 0.008812516858654362
60 120 0.35 0.4 20 21 240.1110581531365 0.008063404912718397
60 120 0.35 0.4 21 22 223.2274984429587 0.01043781367323504
60 120 0.35 0.4 22 23 207.9862080348722 0.008846557864075066
60 120 0.35 0.4 23 24 194.1790439703897 0.007481057922660739
60 120 0.35 0.4 24 25 181.6299753908215 0.006555846932940312
60 120 0.35 0.4 25 26 170.1876430741833 0.005614507848861194
60 120 0.35 0.4 26 27 159.7244198291844 0.004928736821966595
60 120 0.35 0.4 27 28 150.1303484257148 0.004552374265699655
60 120 0.35 0.4 28 29 141.3114854399919 0.004217439700084924
60 120 0.35 0.4 29 30 133.1860260911506 0.003915229540325527
60 120 0.35 0.4 30 31 125.6836642500008 0.003636760296515718
60 120 0.35 0.4 31 32 118.7417280610856 0.00338124505717019
60 120 0.35 0.4 32 33 112.3056182743765 0.00314905149240019
60 120 0.35 0.4 33 34 106.3271415676955 0.002932805085620771
60 120 0.35 0.4 34 35 100.7642324298077 0.002735072194923305
60 120 0.35 0.4 35 36 95.57943508791134 0.002552901527423046
60 120 0.35 0.4 36 37 90.73956960963453 0.002383719794224248
60 120 0.35 0.4 37 38 86.21529287038447 0.002228015793306781
60 120 0.35 0.4 38 39 81.98018338975238 0.002083964074728328
60 120 0.35 0.4 39 40 78.01060675184371 0.001950356068320502
60 120 0.35 0.4 40 42 145.0691554356624 0.0066762996806915
60 120 0.35 0.4 42 44 131.8802004681494 0.005323142507393186
60 120 0.35 0.4 44 46 120.172482877012 0.004155334302481606
60 120 0.35 0.4 46 48 109.739826668587 0.003197509244927232
60 120 0.35 0.4 48 50 100.4112306601543 0.002535259588299255
60 120 0.35 0.4 50 52 92.04235000313507 0.00191329521624084
60 120 0.35 0.4 52 54 84.51228304015751 0.00169647964781916
60 120 0.35 0.4 54 56 77.71897851634222 0.001512181481388097
60 120 0.35 0.4 56 58 71.5757533872661 0.001350890240615854
60 120 0.35 0.4 58 60 66.0082641438389 0.001209544097036996
60 120 0.35 0.4 60 65 143.8815241127689 0.002510330807467653
60 120 0.35 0.4 65 70 118.7286137515477 0.004898348845443934
60 120 0.35 0.4 70 80 180.9749032042682 0.002698227128007602
60 120 0.35 0.4 80 90 127.5397087750757 0.001707993827395171
60 120 0.35 0.4 90 100 91.60958886140526 0.001121569394570088
60 120 0.4 0.45 0 0.5 -0.8233046992030633 1.921095274060036e-05
60 120 0.4 0.45 0.5 1 -1106.377389213396 0.01076284304963337
60 120 0.4 0.45 1 1.5 1.765743655582572 4.870063277584435e-05
60 120 0.4 0.45 1.5 2 722.5729278527444 0.002673262397706822
60 120 0.4 0.45 2 2.5 875.9025664566771 0.04047464849008975
60 120 0.4 0.45 2.5 3 876.2730704730541 0.02746181417774096
60 120 0.4 0.45 3 3.5 830.159083102865 0.04032232299869065
60 120 0.4 0.45 3.5 4 771.4810044280332 0.03610499927390265
60 120 0.4 0.45 4 4.5 712.1393790679051 0.03255143413150563
60 120 0.4 0.45 4.5 5 656.3444656650811 0.02935506983635605
60 120 0.4 0.45 5 5.5 605.390150921246 0.02668685756577815
60 120 0.4 0.45 5.5 6 559.4299402200839 0.02422708946107832
60 120 0.4 0.45 6 6.5 518.1651963233497 0.0221383952149381
60 120 0.4 0.45 6.5 7 481.1393190794966 0.02026702027370675
60 120 0.4 0.45 7 7.5 447.874493215182 0.01863013361150934
60 120 0.4 0.45 7.5 8 417.9205849161674 0.01721418745120218
60 120 0.4 0.45 8 8.5 390.8756745602302 0.01591969416250549
60 120 0.4 0.45 8.5 9 366.3889902405953 0.01478308367853742
60 120 0.4 0.45 9 9.5 344.1521729255866 0.01375243386377178
60 120 0.4 0.45 9.5 10 323.8967652429659 0.01281129235547951
60 120 0.4 0.45 10 10.5 305.3936315992057 0.01463777190451765
60 120 0.4 0.45 10.5 11 288.4422998803163 0.01263069029033659
60 120 0.4 0.45 11 11.5 272.8719935395719 0.01097717776275431
60 120 0.4 0.45 11.5 12 258.534922197134 0.00987239265828066
60 120 0.4 0.45 12 12.5 245.3024424739542 0.00929305499235511
60 120 0.4 0.45 12.5 13 233.0625734891885 0.008766485313401517
60 120 0.4 0.45 13 13.5 221.7154325690202 0.008276135634218917
60 120 0.4 0.45 13.5 14 211.1740184576037 0.00782203004351345
60 120 0.4 0.45 14 14.5 201.3620379248496 0.007403287100430589
60 120 0.4 0.45 14.5 15 192.2118177630906 0.0070163323829604
60 120 0.4 0.45 15 16 359.3304849744085 0.01296494221588773
60 120 0.4 0.45 16 17 329.3075172932719 0.01171519189750825
60 120 0.4 0.45 17 18 302.8282750185526 0.01061761849530285
60 120 0.4 0.45 18 19 279.3451154497295 0.009659803989791271
60 120 0.4 0.45 19 20 258.4133047532595 0.00881212879329496
60 120 0.4 0.45 20 21 239.6689337387297 0.008056179914177619
60 120 0.4 0.45 21 22 222.8132031079245 0.01032266451082364
60 120 0.4 0.45 22 23 207.5982275507187 0.008783658213360468
60 120 0.4 0.45 23 24 193.8154475199849 0.007557303526368742
60 120 0.4 0.45 24 25 181.2875317422777 0.006511274623250074
60 120 0.4 0.45 25 26 169.86453003422 0.005665034698097315
60 120 0.4 0.45 26 27 159.4186624340314 0.004908495873479524
60 120 0.4 0.45 27 28 149.8410378557375 0.004544514523871612
60 120 0.4 0.45 28 29 141.0374661612253 0.004212089835647248
60 120 0.4 0.45 29 30 132.9271029873933 0.003909808211460586
60 120 0.4 0.45 30 31 125.438296589329 0.003631776843704415
60 120 0.4 0.45 31 32 118.5088023382953 0.003376465677760621
60 120 0.4 0.45 32 33 112.0840380805525 0.003143509533558131
60 120 0.4 0.45 33 34 106.1162341725248 0.002927947521598639
60 120 0.4 0.45 34 35 100.5632876622857 0.0027304750957029
60 120 0.4 0.45 35 36 95.38786495942139 0.002549069858147845
60 120 0.4 0.45 36 37 90.55718533947237 0.002380159859313835
60 120 0.4 0.45 37 38 86.04163591605406 0.002225274141835598
60 120 0.4 0.45 38 39 81.81473081737298 0.002081875924744736
60 120 0.4 0.45 39 40 77.85257463499036 0.001948224022797262
60 120 0.4 0.45 40 42 144.7734441652043 0.006666279961962118
60 120 0.4 0.45 42 44 131.6091251318181 0.005252300757916828
60 120 0.4 0.45 44 46 119.9240573918443 0.004099639613301065
60 120 0.4 0.45 46 48 109.5126025811047 0.003234921792227397
60 120 0.4 0.45 48 50 100.2025426592338 0.002519073371374247
60 120 0.4 0.45 50 52 91.85007526888462 0.001926281476528402
60 120 0.4 0.45 52 54 84.3348525972542 0.001694428135266435
60 120 0.4 0.45 54 56 77.55535357780109 0.001510305034216231
60 120 0.4 0.45 56 58 71.42505206718063 0.001349475136450451
60 120 0.4 0.45 58 60 65.86912405671873 0.00120808902939018
60 120 0.4 0.45 60 65 143.5760391967214 0.002507412279271648
60 120 0.4 0.45 65 70 118.4752905498666 0.004967088145690468
60 120 0.4 0.45 70 80 180.586896135525 0.002696272472519468
60 120 0.4 0.45 80 90 127.2650748266663 0.001706737574181716
60 120 0.4 0.45 90 100 91.41124483975148 0.0011208805302374
60 120 0.45 0.5 0 0.5 -0.8207722635100146 1.941541784955536e-05
60 120 0.45 0.5 0.5 1 -1100.508633955767 0.02143059328386698
60 120 0.45 0.5 1 1.5 5.78324529836397 0.0001182151881895521
60 120 0.45 0.5 1.5 2 723.5607400868545 0.003810233675494601
60 120 0.45 0.5 2 2.5 875.8281806420663 0.007806734914879598
60 120 0.45 0.5 2.5 3 875.7269383710051 0.007263318557875209
60 120 0.45 0.5 3 3.5 829.3962552422078 0.04056519273092363
60 120 0.45 0.5 3.5 4 770.6333427576805 0.03648369617542357
60 120 0.45 0.5 4 4.5 711.2663715137671 0.03269844528074373
60 120 0.45 0.5 4.5 5 655.474159319455 0.02947155125980316
60 120 0.45 0.5 5 5.5 604.5398749624225 0.02663717695486412
60 120 0.45 0.5 5.5 6 558.6123212392798 0.02424488012354686
60 120 0.45 0.5 6 6.5 517.3800834078293 0.02213652842419833
60 120 0.45 0.5 6.5 7 480.386940681334 0.02029994070949215
60 120 0.45 0.5 7 7.5 447.1530981461557 0.01866494350497305
60 120 0.45 0.5 7.5 8 417.2302396193379 0.017207093108766
60 120 0.45 0.5 8 8.5 390.2176729544046 0.01591592895118765
60 120 0.45 0.5 8.5 9 365.7629591205533 0.01475593252661156
60 120 0.45 0.5 9 9.5 343.5559510209969 0.01372062915663719
60 120 0.45 0.5 9.5 10 323.3289113873061 0.01280258875567597
60 120 0.45 0.5 10 10.5 304.8503403377444 0.01445322793739479
60 120 0.45 0.5 10.5 11 287.9226397261799 0.01269120126198686
60 120 0.45 0.5 11 11.5 272.3743946870888 0.01083529659030091
60 120 0.45 0.5 11.5 12 258.05929575292 0.009870168356599152
60 120 0.45 0.5 12 12.5 244.8479159958883 0.009284353775484533
60 120 0.45 0.5 12.5 13 232.6275240728739 0.008751594506179572
60 120 0.45 0.5 13 13.5 221.2977118828822 0.008255916690757203
60 120 0.45 0.5 13.5 14 210.7729646107684 0.007802186632233088
60 120 0.45 0.5 14 14.5 200.9760960455668 0.007385035049196631
60 120 0.45 0.5 14.5 15 191.8406810425278 0.006999619629425524
60 120 0.45 0.5 15 16 358.6286774871712 0.0129462339799602
60 120 0.45 0.5 16 17 328.656977780031 0.01169668654529232
60 120 0.45 0.5 17 18 302.2239930967349 0.0106009783012837
60 120 0.45 0.5 18 19 278.7812694362806 0.009638701896392377
60 120 0.45 0.5 19 20 257.8849235663588 0.008791149764476813
60 120 0.45 0.5 20 21 239.1735838658613 0.008037811489145952
60 120 0.45 0.5 21 22 222.3487913881407 0.01028347120933404
60 120 0.45 0.5 22 23 207.1629964742732 0.008760626847845288
60 120 0.45 0.5 23 24 193.406431960549 0.007598816120321317
60 120 0.45 0.5 24 25 180.9018520488601 0.00648812959713041
60 120 0.45 0.5 25 26 169.50023274909 0.005626230761379247
60 120 0.45 0.5 26 27 159.0743111744106 0.004897169308037519
60 120 0.45 0.5 27 28 149.5153475877276 0.004532979187331421
60 120 0.45 0.5 28 29 140.7297894169591 0.0042043843234012
60 120 0.45 0.5 29 30 132.6357916798159 0.003901771643683105
60 120 0.45 0.5 30 31 125.1619028980746 0.003625378441270755
60 120 0.45 0.5 31 32 118.246128415421 0.003372057099241488
60 120 0.45 0.5 32 33 111.8340764205357 0.003139622332298586
60 120 0.45 0.5 33 34 105.8783397085699 0.002925535276318669
60 120 0.45 0.5 34 35 100.3367315195632 0.002728354514815123
60 120 0.45 0.5 35 36 95.17243938659627 0.002546826144069314
60 120 0.45 0.5 36 37 90.35219915655753 0.002378055642793697
60 120 0.45 0.5 37 38 85.84634335274617 0.002223058882876217
60 120 0.45 0.5 38 39 81.62831951899854 0.002079052678851667
60 120 0.45 0.5 39 40 77.67440733097243 0.001945272223707661
60 120 0.45 0.5 40 42 144.4400300112624 0.006660795597042579
60 120 0.45 0.5 42 44 131.3038543694992 0.005184262717051524
60 120 0.45 0.5 44 46 119.6450005643828 0.004094933301516335
60 120 0.45 0.5 46 48 109.2566473684062 0.003263251415162927
60 120 0.45 0.5 48 50 99.9667465162769 0.002509485407998113
60 120 0.45 0.5 50 52 91.63257326873666 0.001902165274913159
60 120 0.45 0.5 52 54 84.13443180551629 0.001692167520062071
60 120 0.45 0.5 54 56 77.37096813937872 0.001508462055454629
60 120 0.45 0.5 56 58 71.25492966387607 0.001347578585495057
60 120 0.45 0.5 58 60 65.71143496844969 0.001206308227878594
60 120 0.45 0.5 60 65 143.2301569541909 0.00250424846095143
60 120 0.45 0.5 65 70 118.1892914834282 0.004777652009906319
60 120 0.45 0.5 70 80 180.1472507732801 0.002693619447825313
60 120 0.45 0.5 80 90 126.9538380628547 0.001705305904138754
60 120 0.45 0.5 90 100 91.18683747714988 0.001120145066948908
60 120 0.5 0.55 0 0.5 -0.8178866669948913 1.890600675735765e-05
60 120 0.5 0.55 0.5 1 -1093.83027416959 0.02315662487967529
60 120 0.5 0.55 1 1.5 10.35725758032406 0.0002237309768382545
60 120 0.5 0.55 1.5 2 724.6736578934864 0.006086692254939408
60 120 0.5 0.55 2 2.5 875.7295941065589 0.0003693927683343645
60 120 0.5 0.55 2.5 3 875.1148038577476 0.003319635019011002
60 120 0.5 0.55 3 3.5 828.5627198315761 0.04054803426640774
60 120 0.5 0.55 3.5 4 769.7057310511011 0.03631583098524516
60 120 0.5 0.55 4 4.5 710.3040003607937 0.03265761899706376
60 120 0.5 0.55 4.5 5 654.5089050428129 0.02946740133040748
60 120 0.5 0.55 5 5.5 603.5971092513709 0.02665957052158774
60 120 0.5 0.55 5.5 6 557.7029436264093 0.02420408061834678
60 120 0.5 0.55 6 6.5 516.5077730125194 0.02206739082942022
60 120 0.5 0.55 6.5 7 479.5510172251682 0.02020715875187307
60 120 0.5 0.55 7 7.5 446.3521304327419 0.01858512308808713
60 120 0.5 0.55 7.5 8 416.4642839936495 0.01715480020180848
60 120 0.5 0.55 8 8.5 389.4890443402278 0.01587374418215859
60 120 0.5 0.55 8.5 9 365.0687602980246 0.01473259514119718
60 120 0.5 0.55 9 9.5 342.8933577280291 0.01369883548198914
60 120 0.5 0.55 9.5 10 322.695457929955 0.01276591778434977
60 120 0.5 0.55 10 10.5 304.2438553464937 0.01446624019752107
60 120 0.5 0.55 10.5 11 287.3422713633049 0.01249846938003429
60 120 0.5 0.55 11 11.5 271.8204221792216 0.01089241706205257
60 120 0.5 0.55 11.5 12 257.5303923674197 0.009833698454315254
60 120 0.5 0.55 12 12.5 244.342655764464 0.009256875682609689
60 120 0.5 0.55 12.5 13 232.1427025286228 0.008726148401706268
60 120 0.5 0.55 13 13.5 220.8329713862192 0.008238781315355936
60 120 0.5 0.55 13.5 14 210.3260878615592 0.007785556257289272
60 120 0.5 0.55 14 14.5 200.5464222877338 0.007366498970839075
60 120 0.5 0.55 14.5 15 191.4270505346612 0.006978465537457623
60 120 0.5 0.55 15 16 357.8481665324078 0.01289789993558088
60 120 0.5 0.55 16 17 327.9347647810137 0.0116472978563138
60 120 0.5 0.55 17 18 301.5526191876043 0.01056060447893969
60 120 0.5 0.55 18 19 278.1546969414152 0.009608657128524101
60 120 0.5 0.55 19 20 257.2988128446993 0.008765779103441673
60 120 0.5 0.55 20 21 238.6244060327924 0.008014823573660124
60 120 0.5 0.55 21 22 221.8350869431854 0.01033368516905853
60 120 0.5 0.55 22 23 206.6808608052567 0.008822199468113467
60 120 0.5 0.55 23 24 192.952154573356 0.007511731071275562
60 120 0.5 0.55 24 25 180.4734033253814 0.00652444596045143
60 120 0.5 0.55 25 26 169.0954459151862 0.005557587913074258
60 120 0.5 0.55 26 27 158.6919996019693 0.004897286838769332
60 120 0.5 0.55 27 28 149.1544348777923 0.004531989745942155
60 120 0.5 0.55 28 29 140.3887377342229 0.004201387616120655
60 120 0.5 0.55 29 30 132.3124690466881 0.003898610820840531
60 120 0.5 0.55 30 31 124.8550183124124 0.003623334439026848
60 120 0.5 0.55 31 32 117.9543047918433 0.003369766744327762
60 120 0.5 0.55 32 33 111.5566221593265 0.003136105492259844
60 120 0.5 0.55 33 34 105.6142362671346 0.002921449001789256
60 120 0.5 0.55 34 35 100.0857347571982 0.002723173340001495
60 120 0.5 0.55 35 36 94.93368950977342 0.002541092593816074
60 120 0.5 0.55 36 37 90.12474445821015 0.00237327995948533
60 120 0.5 0.55 37 38 85.62929178987102 0.002218240853821385
60 120 0.5 0.55 38 39 81.42088081790114 0.002074837112260752
60 120 0.5 0.55 39 40 77.4761567190598 0.00194209625374242
60 120 0.5 0.55 40 42 144.0691858584675 0.006529368226949828
60 120 0.5 0.55 42 44 130.9653702962532 0.00518403192097594
60 120 0.5 0.55 44 46 119.3353242120584 0.004151973008006848
60 120 0.5 0.55 46 48 108.9718119707802 0.003227836948141771
60 120 0.5 0.55 48 50 99.70426506865689 0.002482474769223586
60 120 0.5 0.55 50 52 91.39078694696232 0.001898533338660968
60 120 0.5 0.55 52 54 83.91206566276065 0.001689401978325122
60 120 0.5 0.55 54 56 77.16587756720135 0.00150633187126914
60 120 0.5 0.55 56 58 71.06503907316475 0.00134564765934897
60 120 0.5 0.55 58 60 65.53555993945081 0.001204663653567195
60 120 0.5 0.55 60 65 142.8452620204653 0.00250160474729455
60 120 0.5 0.55 65 70 117.8701479794952 0.004730922937895343
60 120 0.5 0.55 70 80 179.6570337389993 0.002690830088198481
60 120 0.5 0.55 80 90 126.6060397658741 0.001703682895012548
60 120 0.5 0.55 90 100 90.93635550641432 0.001119398885492728
60 120 0.55 0.6 0 0.5 -0.8145995182596494 1.903692942051283e-05
60 120 0.55 0.6 0.5 1 -1086.58096805174 0.02613998652827831
60 120 0.55 0.6 1 1.5 15.40305545673453 0.0001644437216157257
60 120 0.55 0.6 1.5 2 725.921054091016 0.008906726198347314
60 120 0.55 0.6 2 2.5 875.6112758222044 0.001747708202856302
60 120 0.55 0.6 2.5 3 874.418910399118 0.002359775439003897
60 120 0.55 0.6 3 3.5 827.6276817052658 0.03995583609071218
60 120 0.55 0.6 3.5 4 768.6778314533578 0.0359173713676455
60 120 0.55 0.6 4 4.5 709.2476861151173 0.03226290282407263
60 120 0.55 0.6 4.5 5 653.4559212235503 0.0290737570727515
60 120 0.55 0.6 5 5.5 602.5710046515471 0.02634777495836715
60 120 0.55 0.6 5.5 6 556.7110694111253 0.02398844871038364
60 120 0.55 0.6 6 6.5 515.5539106159725 0.02191693198892608
60 120 0.55 0.6 6.5 7 478.6351611784974 0.02008823045963481
60 120 0.55 0.6 7 7.5 445.4749791809907 0.01845887762397069
60 120 0.55 0.6 7.5 8 415.6287338344914 0.0170215878585509
60 120 0.55 0.6 8 8.5 388.6934679524545 0.01574467866282703
60 120 0.55 0.6 8.5 9 364.3104525934881 0.01461932109936015
60 120 0.55 0.6 9 9.5 342.1685889976213 0.01361095514732824
60 120 0.55 0.6 9.5 10 322.0010081685052 0.01269864181051616
60 120 0.55 0.6 10 10.5 303.579932854252 0.01453873933712657
60 120 0.55 0.6 10.5 11 286.7072308233686 0.01229588561125183
60 120 0.55 0.6 11 11.5 271.2144488179842 0.01089132668602133
60 120 0.55 0.6 11.5 12 256.9511985838423 0.009811112630870866
60 120 0.55 0.6 12 12.5 243.787707608482 0.009234615509114974
60 120 0.55 0.6 12.5 13 231.6108480649715 0.008703475370793967
60 120 0.55 0.6 13 13.5 220.3223835264928 0.008217483313075036
60 120 0.55 0.6 13.5 14 209.8353448698452 0.007770603716863889
60 120 0.55 0.6 14 14.5 200.0749870277859 0.007356547378350342
60 120 0.55 0.6 14.5 15 190.9737450005545 0.006973109340549399
60 120 0.55 0.6 15 16 356.9942542058151 0.01290522437085428
60 120 0.55 0.6 16 17 327.1436163533984 0.01166122975365624
60 120 0.55 0.6 17 18 300.8158550374093 0.0105735099941171
60 120 0.55 0.6 18 19 277.4662811032186 0.009615564501018525
60 120 0.55 0.6 19 20 256.655256503519 0.008769850589715134
60 120 0.55 0.6 20 21 238.0233943433259 0.008021940800432503
60 120 0.55 0.6 21 22 221.27231251788 0.01025282124629712
60 120 0.55 0.6 22 23 206.1520858168169 0.008825676047933939
60 120 0.55 0.6 23 24 192.4540734633012 0.007526567124017447
60 120 0.55 0.6 24 25 180.0033310894939 0.006433433047135395
60 120 0.55 0.6 25 26 168.6518652556697 0.005553422181264978
60 120 0.55 0.6 26 27 158.2734205875998 0.004883354733408396
60 120 0.55 0.6 27 28 148.7591997906067 0.004521677469625729
60 120 0.55 0.6 28 29 140.0141451689048 0.004191702838255651
60 120 0.55 0.6 29 30 131.9572606170596 0.003890311108364131
60 120 0.55 0.6 30 31 124.51748933634 0.003613332909964129
60 120 0.55 0.6 31 32 117.633644198723 0.003360422668905017
60 120 0.55 0.6 32 33 111.2517280613253 0.003128710035255722
60 120 0.55 0.6 33 34 105.3248544896165 0.002916819942541338
60 120 0.55 0.6 34 35 99.81069069087606 0.002720799867418577
60 120 0.55 0.6 35 36 94.67168702802036 0.002540247088475667
60 120 0.55 0.6 36 37 89.87478764517779 0.002372602572421556
60 120 0.55 0.6 37 38 85.39049315124464 0.002217231367851014
60 120 0.55 0.6 38 39 81.1927961045569 0.002073688747969982
60 120 0.55 0.6 39 40 77.25813404425807 0.001940291935284222
60 120 0.55 0.6 40 42 143.6621327084805 0.006468816722474457
60 120 0.55 0.6 42 44 130.5938176947846 0.005201344549959686
60 120 0.55 0.6 44 46 118.994375480197 0.004133451405806454
60 120 0.55 0.6 46 48 108.6581548954004 0.003214255806270216
60 120 0.55 0.6 48 50 99.41573986595819 0.00241561233930554
60 120 0.55 0.6 50 52 91.12572533199057 0.001896164815562429
60 120 0.55 0.6 52 54 83.66779116986054 0.001686757165614949
60 120 0.55 0.6 54 56 76.93987571959731 0.001503829123265632
60 120 0.55 0.6 56 58 70.85578552993444 0.00134373266028831
60 120 0.55 0.6 58 60 65.34187478985349 0.001203122196614004
60 120 0.55 0.6 60 65 142.4222666046734 0.002498123004414765
60 120 0.55 0.6 65 70 117.5179661523561 0.004865883858698794
60 120 0.55 0.6 70 80 179.1170246013309 0.002687588206981673
60 120 0.55 0.6 80 90 126.2225704412797 0.001702201385398894
60 120 0.55 0.6 90 100 90.65968137749836 0.001118418918267139
60 120 0.6 0.65 0 0.5 -0.8110223610675035 1.871526531904699e-05
60 120 0.6 0.65 0.5 1 -1078.708027549494 0.02917017795948595
60 120 0.6 0.65 1 1.5 20.89240938208315 0.0002366101958770628
60 120 0.6 0.65 1.5 2 727.3576255779552 0.006327917230919411
60 120 0.6 0.65 2 2.5 875.5342977137236 0.002166742712574887
60 120 0.6 0.65 2.5 3 873.6905868186151 0.00141759138409725
60 120 0.6 0.65 3 3.5 826.6269079714837 0.04046330370181295
60 120 0.6 0.65 3.5 4 767.5641680999474 0.03635704209136748
60 120 0.6 0.65 4 4.5 708.0952466764295 0.0327021080894383
60 120 0.6 0.65 4.5 5 652.3108699163048 0.02948233970198544
60 120 0.6 0.65 5 5.5 601.4592000791699 0.02666016093610324
60 120 0.6 0.65 5.5 6 555.6402539356941 0.0241956039157003
60 120 0.6 0.65 6 6.5 514.5244762477685 0.02205378173562167
60 120 0.6 0.65 6.5 7 477.6452358044251 0.02019975105417871
60 120 0.6 0.65 7 7.5 444.5282802384515 0.01857349156239252
60 120 0.6 0.65 7.5 8 414.7279259871239 0.01713748976203533
60 120 0.6 0.65 8 8.5 387.83412212414 0.01584626925500743
60 120 0.6 0.65 8.5 9 363.4890197484814 0.01469115886555983
60 120 0.6 0.65 9 9.5 341.3830017750768 0.01364883844183851
60 120 0.6 0.65 9.5 10 321.2493759678789 0.01271137366660469
60 120 0.6 0.65 10 10.5 302.860782163523 0.01425847516497925
60 120 0.6 0.65 10.5 11 286.0212156028229 0.01247815042654565
60 120 0.6 0.65 11 11.5 270.5583716876714 0.01077827730591707
60 120 0.6 0.65 11.5 12 256.3230677603253 0.009800448811176921
60 120 0.6 0.65 12 12.5 243.185035770285 0.009224847978629214
60 120 0.6 0.65 12.5 13 231.0326540979833 0.00869799278726191
60 120 0.6 0.65 13 13.5 219.7663266152717 0.008209726090939284
60 120 0.6 0.65 13.5 14 209.3015265748544 0.007758517823901911
60 120 0.6 0.65 14 14.5 199.5617099641744 0.007339886958789066
60 120 0.6 0.65 14.5 15 190.4812655766881 0.006952607875547301
60 120 0.6 0.65 15 16 356.0664086040306 0.01285175495360136
60 120 0.6 0.65 16 17 326.2830507340739 0.01160878194269799
60 120 0.6 0.65 17 18 300.0142602699449 0.01052924686996448
60 120 0.6 0.65 18 19 276.7180213416398 0.009579321412672925
60 120 0.6 0.65 19 20 255.9563634161748 0.008738740044606175
60 120 0.6 0.65 20 21 237.3705942694952 0.007991328621642424
60 120 0.6 0.65 21 22 220.6599620775152 0.01034315779116923
60 120 0.6 0.65 22 23 205.5759485932125 0.008718332654581218
60 120 0.6 0.65 23 24 191.9115367988345 0.007513662404733168
60 120 0.6 0.65 24 25 179.4920180747666 0.006366196402581181
60 120 0.6 0.65 25 26 168.1701759606575 0.005499756745791728
60 120 0.6 0.65 26 27 157.8191994548552 0.004885182432389001
60 120 0.6 0.65 27 28 148.3293615834136 0.004523120962005578
60 120 0.6 0.65 28 29 139.6068821223454 0.004193192372810017
60 120 0.6 0.65 29 30 131.5705060714334 0.003891275529298355
60 120 0.6 0.65 30 31 124.1502256284932 0.003615160687772345
60 120 0.6 0.65 31 32 117.2848103893362 0.003361530536423629
60 120 0.6 0.65 32 33 110.9208234458254 0.003127469457041343
60 120 0.6 0.65 33 34 105.0103879087693 0.002911798376089791
60 120 0.6 0.65 34 35 99.51118461422439 0.002713216189519585
60 120 0.6 0.65 35 36 94.38615723402921 0.002530987257188144
60 120 0.6 0.65 36 37 89.60221164931188 0.002362806326388522
60 120 0.6 0.65 37 38 85.13032790922108 0.002208260658505878
60 120 0.6 0.65 38 39 80.94432350093157 0.002065309281718442
60 120 0.6 0.65 39 40 77.02107820347565 0.001933046746358968
60 120 0.6 0.65 40 42 143.2200722987811 0.006561719857330672
60 120 0.6 0.65 42 44 130.1889654700359 0.005237105856991775
60 120 0.6 0.65 44 46 118.6223124364722 0.004070847095817953
60 120 0.6 0.65 46 48 108.316277861513 0.003132373679903822
60 120 0.6 0.65 48 50 99.10204505518763 0.002441561932698733
60 120 0.6 0.65 50 52 90.83711547435179 0.001891944777824506
60 120 0.6 0.65 52 54 83.401145171688 0.001683920799010252
60 120 0.6 0.65 54 56 76.69322878436719 0.001501757333926435
60 120 0.6 0.65 56 58 70.62778980889446 0.001342037252427986
60 120 0.6 0.65 58 60 65.13130617237552 0.001201384329803545
60 120 0.6 0.65 60 65 141.9606609598964 0.002493948711673966
60 120 0.6 0.65 65 70 117.1337682908466 0.004996186105259426
60 120 0.6 0.65 70 80 178.5275775887032 0.002684194243215643
60 120 0.6 0.65 80 90 125.8040257206541 0.001700335781677609
60 120 0.6 0.65 90 100 90.35737800259292 0.001117404534156208
60 120 0.65 0.7 0 0.5 -0.8075020682698936 1.854961035219205e-05
60 120 0.65 0.7 0.5 1 -1070.158579630689 0.02623683815249933
60 120 0.65 0.7 1 1.5 26.81195335656176 0.0002921989787516566
60 120 0.65 0.7 1.5 2 728.8892747895038 0.001057390133041736
60 120 0.65 0.7 2 2.5 875.4838894597641 0.004067878617092902
60 120 0.65 0.7 2.5 3 872.9421884312296 0.04352850064219638
60 120 0.65 0.7 3 3.5 825.5714475211182 0.03931333430534778
60 120 0.65 0.7 3.5 4 766.3744809099165 0.0353183193788027
60 120 0.65 0.7 4 4.5 706.8568694297903 0.0318297655041988
60 120 0.65 0.7 4.5 5 651.0776107140372 0.02880605982420548
60 120 0.65 0.7 5 5.5 600.258503125403 0.02616338876191548
60 120 0.65 0.7 5.5 6 554.481257776824 0.02384430835434159
60 120 0.65 0.7 6 6.5 513.4080977116209 0.02179742483303926
60 120 0.65 0.7 6.5 7 476.5758580165341 0.0199955873692943
60 120 0.65 0.7 7 7.5 443.5105340413323 0.01839255403166362
60 120 0.65 0.7 7.5 8 413.7591211130263 0.0169773251500942
60 120 0.65 0.7 8 8.5 386.9101589743661 0.01571986463295616
60 120 0.65 0.7 8.5 9 362.6053838746026 0.01460184520749408
60 120 0.65 0.7 9 9.5 340.5369675185556 0.01359974060727609
60 120 0.65 0.7 9.5 10 320.4407767283365 0.01269573935616108
60 120 0.65 0.7 10 10.5 302.0885373289873 0.01407825903834237
60 120 0.65 0.7 10.5 11 285.2840813139924 0.0124929898840378
60 120 0.65 0.7 11 11.5 269.8529683398584 0.01083142542285032
60 120 0.65 0.7 11.5 12 255.6469920017531 0.00979972554191022
60 120 0.65 0.7 12 12.5 242.5365695295651 0.009223903786306664
60 120 0.65 0.7 12.5 13 230.4091299709515 0.008700685406381581
60 120 0.65 0.7 13 13.5 219.1675557703288 0.008218760106643686
60 120 0.65 0.7 13.5 14 208.7258952639907 0.007773690232710351
60 120 0.65 0.7 14 14.5 199.009226682555 0.007363130398829298
60 120 0.65 0.7 14.5 15 189.9507778908059 0.00698068554117981
60 120 0.65 0.7 15 16 355.0644920758558 0.01291792507629452
60 120 0.65 0.7 16 17 325.3518346128077 0.01167155068213788
60 120 0.65 0.7 17 18 299.1468679294287 0.01057922501200892
60 120 0.65 0.7 18 19 275.9099114681956 0.009618553954737763
60 120 0.65 0.7 19 20 255.2039062795386 0.008772716471384001
60 120 0.65 0.7 20 21 236.6662309129753 0.008020265821727435
60 120 0.65 0.7 21 22 219.9986440665238 0.01029454913251016
60 120 0.65 0.7 22 23 204.9538763840079 0.008751792039987549
60 120 0.65 0.7 23 24 191.3255249588694 0.007365449872111185
60 120 0.65 0.7 24 25 178.9405530763384 0.006366714826299358
60 120 0.65 0.7 25 26 167.6506752992967 0.005505006729407569
60 120 0.65 0.7 26 27 157.3284358908647 0.004866816275580277
60 120 0.65 0.7 27 28 147.8647176913486 0.004503896642205518
60 120 0.65 0.7 28 29 139.1663664749004 0.004172600267850157
60 120 0.65 0.7 29 30 131.1526967330698 0.003870716622799364
60 120 0.65 0.7 30 31 123.7539927513309 0.003594898831437376
60 120 0.65 0.7 31 32 116.909193715089 0.003342752192637022
60 120 0.65 0.7 32 33 110.5640971368689 0.003111803186158113
60 120 0.65 0.7 33 34 104.6707707574665 0.00290022474757734
60 120 0.65 0.7 34 35 99.18753218120585 0.002705611085730197
60 120 0.65 0.7 35 36 94.07725307957854 0.002525568018683089
60 120 0.65 0.7 36 37 89.30753514588264 0.002359158328033573
60 120 0.65 0.7 37 38 84.84919286225403 0.002205237916157898
60 120 0.65 0.7 38 39 80.67641641996561 0.002062894868814169
60 120 0.65 0.7 39 40 76.76563801483495 0.001931153845731615
60 120 0.65 0.7 40 42 142.7422085213122 0.006534052889605846
60 120 0.65 0.7 42 44 129.7507711621967 0.005160309887486392
60 120 0.65 0.7 44 46 118.2201762902102 0.004017242382531094
60 120 0.65 0.7 46 48 107.9476100419993 0.003120588125838708
60 120 0.65 0.7 48 50 98.76332014266224 0.002465920187418646
60 120 0.65 0.7 50 52 90.52449521387517 0.001889755379664848
60 120 0.65 0.7 52 54 83.11232362629106 0.001681490499905181
60 120 0.65 0.7 54 56 76.42663535983222 0.001499215975712787
60 120 0.65 0.7 56 58 70.38180030407236 0.001339160574545417
60 120 0.65 0.7 58 60 64.90376693048778 0.001199110345694976
60 120 0.65 0.7 60 65 141.4605228514345 0.002490655050934265
60 120 0.65 0.7 65 70 116.7187248401538 0.00494981832187591
60 120 0.65 0.7 70 80 177.8892274389424 0.002680375726299644
60 120 0.65 0.7 80 90 125.3506318223652 0.001698250805247881
60 120 0.65 0.7 90 100 90.02997487071003 0.00111629075802
60 120 0.7 0.75 0 0.5 -0.8041807118642513 1.894642204003372e-05
60 120 0.7 0.75 0.5 1 -1060.965077634434 0.02854356199486574
60 120 0.7 0.75 1 1.5 33.09816194039176 0.0001238797339411235
60 120 0.7 0.75 1.5 2 730.4493097461522 0.004769745140720261
60 120 0.7 0.75 2 2.5 875.3613505513808 0.001411752092394636
60 120 0.7 0.75 2.5 3 872.1131903305501 0.003735822632847885
60 120 0.7 0.75 3 3.5 824.4361803164586 0.004515331968150349
60 120 0.7 0.75 3.5 4 765.0982791005388 0.03718027280331171
60 120 0.7 0.75 4 4.5 705.5255627858098 0.03327816213129609
60 120 0.7 0.75 4.5 5 649.7549161905503 0.02991027300311089
60 120 0.7 0.75 5 5.5 598.9675622766057 0.02702270653321648
60 120 0.7 0.75 5.5 6 553.2304885811053 0.02454997858978913
60 120 0.7 0.75 6 6.5 512.2023012113787 0.02239721817625195
60 120 0.7 0.75 6.5 7 475.423350218754 0.02050574623478951
60 120 0.7 0.75 7 7.5 442.4143404413417 0.01883745717577767
60 120 0.7 0.75 7.5 8 412.71385793569 0.01735467169635285
60 120 0.7 0.75 8 8.5 385.9124885037104 0.0160354079573608
60 120 0.7 0.75 8.5 9 361.6530696342284 0.01485581447946061
60 120 0.7 0.75 9 9.5 339.6275585686539 0.01379582388739209
60 120 0.7 0.75 9.5 10 319.5733042115457 0.01284228670522225
60 120 0.7 0.75 10 10.5 301.2626405791065 0.0144504189583472
60 120 0.7 0.75 10.5 11 284.4941600815064 0.0122607197375828
60 120 0.7 0.75 11 11.5 269.0974483118994 0.01094607720909835
60 120 0.7 0.75 11.5 12 254.9221336816078 0.009868885503294678
60 120 0.7 0.75 12 12.5 241.8408508394339 0.00928117242003168
60 120 0.7 0.75 12.5 13 229.7411598387591 0.00873785428126439
60 120 0.7 0.75 13 13.5 218.5264275452967 0.008238026238842622
60 120 0.7 0.75 13.5 14 208.110741504832 0.00777539021805751
60 120 0.7 0.75 14 14.5 198.4192628226957 0.007349857546842031
60 120 0.7 0.75 14.5 15 189.3830549168916 0.00695664880743152
60 120 0.7 0.75 15 16 353.99098187799 0.01285231713353596
60 120 0.7 0.75 16 17 324.352613417291 0.01160078021297295
60 120 0.7 0.75 17 18 298.2158698879904 0.0105088792459469
60 120 0.7 0.75 18 19 275.043400449283 0.009550062616824562
60 120 0.7 0.75 19 20 254.3952823935751 0.008701670839656117
60 120 0.7 0.75 20 21 235.9092248823333 0.007950452681654951
60 120 0.7 0.75 21 22 219.2880853027602 0.01017129105107983
60 120 0.7 0.75 22 23 204.2861406577541 0.00865898281341515
60 120 0.7 0.75 23 24 190.6980875294037 0.007350629538194653
60 120 0.7 0.75 24 25 178.3503425724149 0.006353842799200038
60 120 0.7 0.75 25 26 167.0937367134266 0.005560340274968212
60 120 0.7 0.75 26 27 156.8014031832878 0.004846921044105557
60 120 0.7 0.75 27 28 147.365635368016 0.004488378411792837
60 120 0.7 0.75 28 29 138.6932313173148 0.004161591292188405
60 120 0.7 0.75 29 30 130.704519642847 0.003863702749981712
60 120 0.7 0.75 30 31 123.3295459215555 0.003591071169708471
60 120 0.7 0.75 31 32 116.5065068216607 0.003340268580203087
60 120 0.7 0.75 32 33 110.1809786204367 0.003109569515160615
60 120 0.7 0.75 33 34 104.3059560938149 0.002897302943807745
60 120 0.7 0.75 34 35 98.83970968209236 0.002700981474447417
60 120 0.7 0.75 35 36 93.74582995214148 0.002520641332921514
60 120 0.7 0.75 36 37 88.99171288793066 0.002354156665688834
60 120 0.7 0.75 37 38 84.54841990229814 0.002200584466720557
60 120 0.7 0.75 38 39 80.38955180356139 0.002058227863642514
60 120 0.7 0.75 39 40 76.49136591673077 0.001926249671697633
60 120 0.7 0.75 40 42 142.2285847293865 0.006523360968714087
60 120 0.7 0.75 42 44 129.2799194869376 0.005066773911124756
60 120 0.7 0.75 44 46 117.7891458718444 0.003952889767063539
60 120 0.7 0.75 46 48 107.5524173137669 0.003191917870381644
60 120 0.7 0.75 48 50 98.39911930713919 0.002445205242779025
60 120 0.7 0.75 50 52 90.18842951800423 0.001885620759509266
60 120 0.7 0.75 52 54 82.80239663619183 0.001677516413892022
60 120 0.7 0.75 54 56 76.14092978694799 0.001495935683919924
60 120 0.7 0.75 56 58 70.11771529663092 0.001337151793777025
60 120 0.7 0.75 58 60 64.65880012374586 0.001197620987667847
60 120 0.7 0.75 60 65 140.9231180166218 0.00248608335272138
60 120 0.7 0.75 65 70 116.2729300813104 0.004754337649202967
60 120 0.7 0.75 70 80 177.2031236863622 0.002676650566229455
60 120 0.7 0.75 80 90 124.8625802737375 0.001696249457225463
60 120 0.7 0.75 90 100 89.67759045508227 0.001115246612457099
60 120 0.75 0.8 0 0.5 -0.8008968056026551 1.91243832430299e-05
60 120 0.75 0.8 0.5 1 -1051.129807519942 0.01934933206189271
60 120 0.75 0.8 1 1.5 39.86285001052626 0.0005283935966886588
60 120 0.75 0.8 1.5 2 732.1196625039541 0.008282697348818147
60 120 0.75 0.8 2 2.5 875.1995948829814 0.002083019533984043
60 120 0.75 0.8 2.5 3 871.1971131850463 0.003153602481802409
60 120 0.75 0.8 3 3.5 823.2013096909031 0.04056767900112845
60 120 0.75 0.8 3.5 4 763.7252021961262 0.036259886836433
60 120 0.75 0.8 4 4.5 704.1114772943851 0.0325453201428445
60 120 0.75 0.8 4.5 5 648.3534561564277 0.02929346743246697
60 120 0.75 0.8 5 5.5 597.596187171476 0.02644740063215067
60 120 0.75 0.8 5.5 6 551.8965759490218 0.02397558571567515
60 120 0.75 0.8 6 6.5 510.9175162880895 0.02184558460976405
60 120 0.75 0.8 6.5 7 474.1971926856274 0.01999471015352583
60 120 0.75 0.8 7 7.5 441.2448603711204 0.01838041316750605
60 120 0.75 0.8 7.5 8 411.5973277688404 0.01695625341164941
60 120 0.75 0.8 8 8.5 384.8451982685122 0.01568417915274267
60 120 0.75 0.8 8.5 9 360.6328860854738 0.01454852897745695
60 120 0.75 0.8 9 9.5 338.6550802061454 0.01352958356716272
60 120 0.75 0.8 9.5 10 318.6473096451503 0.01260879798314818
60 120 0.75 0.8 10 10.5 300.3791684234612 0.01427376723199814
60 120 0.75 0.8 10.5 11 283.6504622345932 0.01246703970747376
60 120 0.75 0.8 11 11.5 268.2892672160011 0.01077233249321807
60 120 0.75 0.8 11.5 12 254.1480631894038 0.009708852159178605
60 120 0.75 0.8 12 12.5 241.0982114001658 0.009135403865371927
60 120 0.75 0.8 12.5 13 229.0294950005334 0.008613214047954898
60 120 0.75 0.8 13 13.5 217.8442024976247 0.008132065301992952
60 120 0.75 0.8 13.5 14 207.4572676988476 0.007690255867316864
60 120 0.75 0.8 14 14.5 197.790725683927 0.007280103603818588
60 120 0.75 0.8 14.5 15 188.7784673850032 0.006900181376494174
60 120 0.75 0.8 15 16 352.8463162191545 0.01275853664617443
60 120 0.75 0.8 16 17 323.288051749648 0.01152135724970549
60 120 0.75 0.8 17 18 297.2257781314063 0.01044673565093035
60 120 0.75 0.8 18 19 274.1212540699453 0.009508590084237767
60 120 0.75 0.8 19 20 253.5324236808048 0.008679021784388397
60 120 0.75 0.8 20 21 235.0998951575192 0.007941110860826939
60 120 0.75 0.8 21 22 218.5283040829992 0.01019646787162287
60 120 0.75 0.8 22 23 203.5728490456253 0.008461659694347645
60 120 0.75 0.8 23 24 190.0288510533736 0.007405214013232353
60 120 0.75 0.8 24 25 177.7202378135994 0.006381058732841893
60 120 0.75 0.8 25 26 166.4988266431863 0.005506912742873737
60 120 0.75 0.8 26 27 156.2388823456835 0.004841004456721976
60 120 0.75 0.8 27 28 146.8329042180938 0.004481945113042229
60 120 0.75 0.8 28 29 138.1892360866248 0.004154208988410346
60 120 0.75 0.8 29 30 130.227563813923 0.003854319839433629
60 120 0.75 0.8 30 31 122.877172877618 0.003580032081657691
60 120 0.75 0.8 31 32 116.0762530553285 0.003329063913454888
60 120 0.75 0.8 32 33 109.7715558112132 0.003099561907234261
60 120 0.75 0.8 33 34 103.915951393032 0.002888223483168417
60 120 0.75 0.8 34 35 98.46843788800392 0.002694016579752656
60 120 0.75 0.8 35 36 93.39251521504825 0.002514841085030639
60 120 0.75 0.8 36 37 88.65550886445082 0.002349166604460606
60 120 0.75 0.8 37 38 84.22780729924848 0.002195965831191415
60 120 0.75 0.8 38 39 80.08309769212421 0.002054175169220684
60 120 0.75 0.8 39 40 76.19829737955354 0.001923098671483103
60 120 0.75 0.8 40 42 141.679896392744 0.006371959161015184
60 120 0.75 0.8 42 44 128.7782109013843 0.004998039212779304
60 120 0.75 0.8 44 46 117.3299198622254 0.004052696837305803
60 120 0.75 0.8 46 48 107.1298877662443 0.003134261680457939
60 120 0.75 0.8 48 50 98.0098085650698 0.002395321713066778
60 120 0.75 0.8 50 52 89.82987084248781 0.001881728528104532
60 120 0.75 0.8 52 54 82.47233183095247 0.001674969466264997
60 120 0.75 0.8 54 56 75.83602687127306 0.001493693122355921
60 120 0.75 0.8 56 58 69.83510864758711 0.001334737421601062
60 120 0.75 0.8 58 60 64.39697851167533 0.001194920197647775
60 120 0.75 0.8 60 65 140.3500244410282 0.002481389380648125
60 120 0.75 0.8 65 70 115.7959119314554 0.004900535707164977
60 120 0.75 0.8 70 80 176.4702268533505 0.002672476905956955
60 120 0.75 0.8 80 90 124.3410279140977 0.001693997194863073
60 120 0.75 0.8 90 100 89.30033766281596 0.001113905581306085
60 120 0.8 0.85 0 0.5 -0.7972529038156611 1.863162100057547e-05
60 120 0.8 0.85 0.5 1 -1040.787424351905 0.02160607269502179
60 120 0.8 0.85 1 1.5 47.08699510038213 0.0002683972912720378
60 120 0.8 0.85 1.5 2 733.972975219815 0.006496392580288557
60 120 0.8 0.85 2 2.5 875.0413374216726 0.001491714062126448
60 120 0.8 0.85 2.5 3 870.226680298163 0.001905638314156022
60 120 0.8 0.85 3 3.5 821.8809630209269 0.0397878526155182
60 120 0.8 0.85 3.5 4 762.250402869059 0.03577997037166369
60 120 0.8 0.85 4 4.5 702.6024361658966 0.03214789227752135
60 120 0.8 0.85 4.5 5 646.8626864787873 0.02898217830704652
60 120 0.8 0.85 5 5.5 596.1405822534967 0.02625871902091603
60 120 0.8 0.85 5.5 6 550.4860041087859 0.02389461318171016
60 120 0.8 0.85 6 6.5 509.5630998701083 0.02180706097675511
60 120 0.8 0.85 6.5 7 472.9036553558743 0.01996393023563314
60 120 0.8 0.85 7 7.5 440.0071638674665 0.01833871840494794
60 120 0.8 0.85 7.5 8 410.4134598330127 0.01690668135387341
60 120 0.8 0.85 8 8.5 383.7127857930254 0.01564322032646714
60 120 0.8 0.85 8.5 9 359.5514058012299 0.01451785651192949
60 120 0.8 0.85 9 9.5 337.6246986764924 0.01351203134504431
60 120 0.8 0.85 9.5 10 317.6656629553316 0.01260544382239459
60 120 0.8 0.85 10 10.5 299.4409329587102 0.01409128085896327
60 120 0.8 0.85 10.5 11 282.7528727916869 0.01249660960922938
60 120 0.8 0.85 11 11.5 267.4290518909714 0.01072026002788107
60 120 0.8 0.85 11.5 12 253.3236782462079 0.009722859296630304
60 120 0.8 0.85 12 12.5 240.3087989001608 0.009149982422655967
60 120 0.8 0.85 12.5 13 228.2739612826855 0.00862326832853455
60 120 0.8 0.85 13 13.5 217.1211362486842 0.008139003612541273
60 120 0.8 0.85 13.5 14 206.7627262411254 0.007690859455721011
60 120 0.8 0.85 14 14.5 197.1232568137376 0.007277208453501771
60 120 0.8 0.85 14.5 15 188.1360869496773 0.006894203157315815
60 120 0.8 0.85 15 16 351.631662139999 0.01275052341259197
60 120 0.8 0.85 16 17 322.1598955403721 0.01152084754880889
60 120 0.8 0.85 17 18 296.1782001050686 0.0104438292952409
60 120 0.8 0.85 18 19 273.1438251018646 0.00949215022029648
60 120 0.8 0.85 19 20 252.6173869347839 0.008652426798363422
60 120 0.8 0.85 20 21 234.2414614436997 0.007911297498623071
60 120 0.8 0.85 21 22 217.7226660482415 0.009931072629711934
60 120 0.8 0.85 22 23 202.8174643144069 0.008636085681530403
60 120 0.8 0.85 23 24 189.3178984191229 0.007328278650419406
60 120 0.8 0.85 24 25 177.0496603081866 0.006379654363996679
60 120 0.8 0.85 25 26 165.8652159717984 0.005456713100585375
60 120 0.8 0.85 26 27 155.6400124015136 0.00482762315908758
60 120 0.8 0.85 27 28 146.2674364855885 0.004470267957202623
60 120 0.8 0.85 28 29 137.6550366619359 0.004144193874765278
60 120 0.8 0.85 29 30 129.7214725400715 0.003847233227673996
60 120 0.8 0.85 30 31 122.3963336828395 0.003575073094154391
60 120 0.8 0.85 31 32 115.6190089314067 0.003325374210476184
60 120 0.8 0.85 32 33 109.3363198265581 0.003095118804552044
60 120 0.8 0.85 33 34 103.5019987229784 0.00288324501670445
60 120 0.8 0.85 34 35 98.07497957383674 0.002688542091703994
60 120 0.8 0.85 35 36 93.01812986531043 0.002509184767077954
60 120 0.8 0.85 36 37 88.2983872654854 0.002343503229695898
60 120 0.8 0.85 37 38 83.88655495412659 0.002190364885137797
60 120 0.8 0.85 38 39 79.75703184973587 0.002048774271401044
60 120 0.8 0.85 39 40 75.88665275225988 0.001917594107410991
60 120 0.8 0.85 40 42 141.0977323569672 0.006275821980779028
60 120 0.8 0.85 42 44 128.2465898863516 0.005073077201956266
60 120 0.8 0.85 44 46 116.841814181474 0.004009427438035118
60 120 0.8 0.85 46 48 106.6806296992135 0.003096365171586513
60 120 0.8 0.85 48 50 97.59644680146653 0.002312165354439344
60 120 0.8 0.85 50 52 89.44983294897423 0.001877764355853628
60 120 0.8 0.85 52 54 82.12159635846531 0.001670912413658243
60 120 0.8 0.85 54 56 75.51142111316574 0.001490096915830463
60 120 0.8 0.85 56 58 69.53478815073458 0.001331816502471384
60 120 0.8 0.85 58 60 64.11913766950542 0.00119281396787585
60 120 0.8 0.85 60 65 139.7413400525987 0.002477057549697292
60 120 0.8 0.85 65 70 115.2886674031824 0.005084084752652984
60 120 0.8 0.85 70 80 175.6907170041885 0.002668109455186141
60 120 0.8 0.85 80 90 123.7864493729162 0.00169164297906832
60 120 0.8 0.85 90 100 88.89905371398223 0.001112587923685737
60 120 0.85 0.9 0 0.5 -0.7928454183895285 1.85162549221074e-05
60 120 0.85 0.9 0.5 1 -1029.927742803003 0.02513905231353419
60 120 0.85 0.9 1 1.5 54.57013626144628 0.0001875640807398327
60 120 0.85 0.9 1.5 2 735.9391961357967 0.006013516489019821
60 120 0.85 0.9 2 2.5 874.9133092428909 0.003318408090990488
60 120 0.85 0.9 2.5 3 869.2204454635325 0.003584367769235541
60 120 0.85 0.9 3 3.5 820.4813335734266 0.0400606705594555
60 120 0.85 0.9 3.5 4 760.6822599895603 0.0358524640955693
60 120 0.85 0.9 4 4.5 700.9996743331478 0.03221885010600545
60 120 0.85 0.9 4.5 5 645.2730005528048 0.02905930201222873
60 120 0.85 0.9 5 5.5 594.585480449313 0.0262953816315985
60 120 0.85 0.9 5.5 6 548.9841769364705 0.02388079611171179
60 120 0.85 0.9 6 6.5 508.1300304344321 0.02178834974017718
60 120 0.85 0.9 6.5 7 471.5356762066333 0.01996466944450503
60 120 0.85 0.9 7 7.5 438.7003998293367 0.01835900553123793
60 120 0.85 0.9 7.5 8 409.162650446291 0.01693101842721489
60 120 0.85 0.9 8 8.5 382.5171894400618 0.01565106143317507
60 120 0.85 0.9 8.5 9 358.411756373465 0.01450754455805736
60 120 0.85 0.9 9 9.5 336.5388301345501 0.01348266637836559
60 120 0.85 0.9 9.5 10 316.6284282089031 0.01256411577611516
60 120 0.85 0.9 10 10.5 298.4489289989949 0.0143734907576345
60 120 0.85 0.9 10.5 11 281.8018276896282 0.01218295729046304
60 120 0.85 0.9 11 11.5 266.5187814016904 0.01080611651912022
60 120 0.85 0.9 11.5 12 252.451638125729 0.009696479139051917
60 120 0.85 0.9 12 12.5 239.4750227373564 0.009128483415111077
60 120 0.85 0.9 12.5 13 227.4757765747273 0.008603132604008579
60 120 0.85 0.9 13 13.5 216.3552340205435 0.008120598641085053
60 120 0.85 0.9 13.5 14 206.0267272026859 0.007675530640511852
60 120 0.85 0.9 14 14.5 196.4156355399469 0.007264858785845263
60 120 0.85 0.9 14.5 15 187.4547373263392 0.006882419985942079
60 120 0.85 0.9 15 16 350.344777257411 0.01272524841493805
60 120 0.85 0.9 16 17 320.9685841007631 0.01149192453738124
60 120 0.85 0.9 17 18 295.0711353895587 0.01041738257043789
60 120 0.85 0.9 18 19 272.1103455468332 0.009476901698747042
60 120 0.85 0.9 19 20 251.6500332058014 0.008646205746913438
60 120 0.85 0.9 20 21 233.3352553102087 0.007905499318013653
60 120 0.85 0.9 21 22 216.8742086553498 0.00998485791484427
60 120 0.85 0.9 22 23 202.02050291616 0.008566097757068292
60 120 0.85 0.9 23 24 188.5669871304462 0.007405576382126355
60 120 0.85 0.9 24 25 176.3404231452653 0.006257774236814839
60 120 0.85 0.9 25 26 165.1953100265761 0.005409729411184117
60 120 0.85 0.9 26 27 155.0075108991467 0.004816968648782449
60 120 0.85 0.9 27 28 145.6703560633158 0.004459482116061508
60 120 0.85 0.9 28 29 137.0897099405895 0.004133212232744654
60 120 0.85 0.9 29 30 129.184992416217 0.003835086352921735
60 120 0.85 0.9 30 31 121.8868341531434 0.003563063556754287
60 120 0.85 0.9 31 32 115.1349822569202 0.003313515700412495
60 120 0.85 0.9 32 33 108.8767954727531 0.003084883586652154
60 120 0.85 0.9 33 34 103.065782844428 0.002874752795534619
60 120 0.85 0.9 34 35 97.65983407380439 0.002681067649447755
60 120 0.85 0.9 35 36 92.62215326985736 0.002502500110637129
60 120 0.85 0.9 36 37 87.92021313194003 0.002337612994821825
60 120 0.85 0.9 37 38 83.52543350588174 0.00218538433141191
60 120 0.85 0.9 38 39 79.41207738914453 0.002044684926062246
60 120 0.85 0.9 39 40 75.55732701033816 0.001914205666039948
60 120 0.85 0.9 40 42 140.4832400481318 0.00635582018762193
60 120 0.85 0.9 42 44 127.6838214910368 0.005094343507110466
60 120 0.85 0.9 44 46 116.3247130755131 0.003925200154384356
60 120 0.85 0.9 46 48 106.2057328330023 0.002995469708849896
60 120 0.85 0.9 48 50 97.16047330027993 0.002386061923559168
60 120 0.85 0.9 50 52 89.04791289299456 0.00187371945027337
60 120 0.85 0.9 52 54 81.75003011106482 0.001667591170388505
60 120 0.85 0.9 54 56 75.16798551570596 0.001487460043449573
60 120 0.85 0.9 56 58 69.21749031574345 0.001329095195373498
60 120 0.85 0.9 58 60 63.82584361515092 0.001190048361543461
60 120 0.85 0.9 60 65 139.0965866707845 0.002471551575894182
60 120 0.85 0.9 65 70 114.7527419940985 0.005024684880027053
60 120 0.85 0.9 70 80 174.8654016365454 0.002663363469707747
60 120 0.85 0.9 80 90 123.1991324903825 0.001688929166761
60 120 0.85 0.9 90 100 88.47401549741947 0.001111152431150231
60 120 0.9 0.95 0 0.5 -0.7882216343404299 1.80488783068089e-05
60 120 0.9 0.95 0.5 1 -1018.472488417445 0.02526056639828766
60 120 0.9 0.95 1 1.5 62.37567199935594 0.001348547496164088
60 120 0.9 0.95 1.5 2 737.9048483828909 0.002224861137506196
60 120 0.9 0.95 2 2.5 874.7810203221012 0.003772010316311025
60 120 0.9 0.95 2.5 3 868.1971967585584 0.003444324563020018
60 120 0.9 0.95 3 3.5 819.0273042597507 0.03993910741291984
60 120 0.9 0.95 3.5 4 759.045299778297 0.03586904739597685
60 120 0.9 0.95 4 4.5 699.3167707867684 0.03217506780913482
60 120 0.9 0.95 4.5 5 643.5942816834479 0.02896954328730317
60 120 0.9 0.95 5 5.5 592.9404528709938 0.02622182486243219
60 120 0.9 0.95 5.5 6 547.3984859612756 0.02384665747320014
60 120 0.9 0.95 6 6.5 506.6141693177586 0.02175892169861982
60 120 0.9 0.95 6.5 7 470.0871739882876 0.0199248304600701
60 120 0.9 0.95 7 7.5 437.315649776942 0.0183048043535905
60 120 0.9 0.95 7.5 8 407.8402252960363 0.01687799161629755
60 120 0.9 0.95 8 8.5 381.2575099758855 0.01561503670728825
60 120 0.9 0.95 8.5 9 357.2149279832346 0.01448748721895754
60 120 0.9 0.95 9 9.5 335.3980695261383 0.01347540364059796
60 120 0.9 0.95 9.5 10 315.5374333804312 0.01255743511899254
60 120 0.9 0.95 10 10.5 297.4043526618065 0.01421504220974157
60 120 0.9 0.95 10.5 11 280.8017571759879 0.01227482838891092
60 120 0.9 0.95 11 11.5 265.5607036683865 0.01049896618252433
60 120 0.9 0.95 11.5 12 251.5361897110105 0.00965950890804379
60 120 0.9 0.95 12 12.5 238.5987507132865 0.009090771704507006
60 120 0.9 0.95 12.5 13 226.6355972808956 0.008570761580983799
60 120 0.9 0.95 13 13.5 215.5478323245125 0.008092480178902406
60 120 0.9 0.95 13.5 14 205.2509631915248 0.007652036771105486
60 120 0.9 0.95 14 14.5 195.6689467531353 0.007242113721417809
60 120 0.9 0.95 14.5 15 186.7367771972965 0.006862012095410819
60 120 0.9 0.95 15 16 348.9896102082366 0.01268691346751893
60 120 0.9 0.95 16 17 319.7135681182513 0.01145958116950396
60 120 0.9 0.95 17 18 293.9029401221859 0.01038749184294829
60 120 0.9 0.95 18 19 271.0195981094449 0.009445183743991947
60 120 0.9 0.95 19 20 250.6303183589476 0.008611797244384434
60 120 0.9 0.95 20 21 232.3827362039256 0.007875508643962803
60 120 0.9 0.95 21 22 215.9822553241606 0.01011538581266791
60 120 0.9 0.95 22 23 201.1814991037021 0.008550603886902763
60 120 0.9 0.95 23 24 187.7759987373171 0.007284228347913313
60 120 0.9 0.95 24 25 175.5942486843922 0.006237221842383178
60 120 0.9 0.95 25 26 164.4916186931773 0.005273966394355512
60 120 0.9 0.95 26 27 154.3440094479066 0.004801487160221996
60 120 0.9 0.95 27 28 145.0421838825446 0.004447633924769434
60 120 0.9 0.95 28 29 136.4937244268582 0.004124411811602613
60 120 0.9 0.95 29 30 128.6191059087463 0.003827699567636955
60 120 0.9 0.95 30 31 121.3496966269137 0.003556268957211728
60 120 0.9 0.95 31 32 114.6254405869886 0.003307052480337802
60 120 0.9 0.95 32 33 108.3934804628772 0.003078533059664323
60 120 0.9 0.95 33 34 102.6060263176848 0.002868150731799801
60 120 0.9 0.95 34 35 97.22181151403223 0.002674597763530073
60 120 0.9 0.95 35 36 92.2043415256298 0.002496283118219367
60 120 0.9 0.95 36 37 87.52168299339111 0.002331775989929952
60 120 0.9 0.95 37 38 83.14522041466266 0.002179435619723336
60 120 0.9 0.95 38 39 79.04958066715712 0.00203837172996657
60 120 0.9 0.95 39 40 75.21155878403628 0.001907713694734525
60 120 0.9 0.95 40 42 139.836144235411 0.006356592806838535
60 120 0.9 0.95 42 44 127.0900973806116 0.004940212299231916
60 120 0.9 0.95 44 46 115.7801994613945 0.003845419044708365
60 120 0.9 0.95 46 48 105.7065221137251 0.003065857509227499
60 120 0.9 0.95 48 50 96.7010407822462 0.00237711736602364
60 120 0.9 0.95 50 52 88.62377070411785 0.001869153598960338
60 120 0.9 0.95 52 54 81.3585062398385 0.001663464218722766
60 120 0.9 0.95 54 56 74.80675160502852 0.001483236915163388
60 120 0.9 0.95 56 58 68.88370427943187 0.00132590442029823
60 120 0.9 0.95 58 60 63.51620273597875 0.001187642683262879
60 120 0.9 0.95 60 65 138.4170773758963 0.002466759082295766
60 120 0.9 0.95 65 70 114.1881940156052 0.004842217080081923
60 120 0.9 0.95 70 80 173.9953376181712 0.002658476694193723
60 120 0.9 0.95 80 90 122.5795158968895 0.001686177074944339
60 120 0.9 0.95 90 100 88.02517225035223 0.001109624513802032
60 120 0.95 1 0 0.5 -0.7834761327149292 1.828323745800553e-05
60 120 0.95 1 0.5 1 -1006.40322458177 0.0277025320450548
60 120 0.95 1 1 1.5 70.596647161383 0.0003155879249447935
60 120 0.95 1 1.5 2 739.9171826680761 0.004886228275381654
60 120 0.95 1 2 2.5 874.5750037472068 0.001849386885510285
60 120 0.95 1 2.5 3 867.095401482887 0.004917003327477687
60 120 0.95 1 3 3.5 817.5043020277677 0.03990615411385079
60 120 0.95 1 3.5 4 757.353470267132 0.03572946786709963
60 120 0.95 1 4 4.5 697.5665530697378 0.03214579243262961
60 120 0.95 1 4.5 5 641.8379252065637 0.02897719932354903
60 120 0.95 1 5 5.5 591.2165965586324 0.02619103690517477
60 120 0.95 1 5.5 6 545.7387981301302 0.02378424263372381
60 120 0.95 1 6 6.5 505.0222865985617 0.02169748139885996
60 120 0.95 1 6.5 7 468.5616689842264 0.01987849127186792
60 120 0.95 1 7 7.5 435.8550652508521 0.01827808678285692
60 120 0.95 1 7.5 8 406.4473198716694 0.01685175352065471
60 120 0.95 1 8 8.5 379.9342305054498 0.01558377628828111
60 120 0.95 1 8.5 9 355.9549240114373 0.01444969666567886
60 120 0.95 1 9 9.5 334.1957874348028 0.01343327207450784
60 120 0.95 1 9.5 10 314.3889327253644 0.01252085224183475
60 120 0.95 1 10 10.5 296.3059828487121 0.01392619642712134
60 120 0.95 1 10.5 11 279.7523282103243 0.01219215712961841
60 120 0.95 1 11 11.5 264.5588516283353 0.01046958539899379
60 120 0.95 1 11.5 12 250.5786304170914 0.009652149926751008
60 120 0.95 1 12 12.5 237.681019477909 0.009079606112976535
60 120 0.95 1 12.5 13 225.7542185155068 0.008553224416488092
60 120 0.95 1 13 13.5 214.7011746746919 0.008070375888848957
60 120 0.95 1 13.5 14 204.4364163561704 0.007625477103857747
60 120 0.95 1 14 14.5 194.885789635556 0.007216314427182624
60 120 0.95 1 14.5 15 185.9836738305464 0.006838748501820646
60 120 0.95 1 15 16 347.5705330764491 0.01265056740328419
60 120 0.95 1 16 17 318.3960069569612 0.0114319911729126
60 120 0.95 1 17 18 292.6747534126553 0.01036308417809551
60 120 0.95 1 18 19 269.8729490122904 0.009424065953965055
60 120 0.95 1 19 20 249.5606448916429 0.008595693397069226
60 120 0.95 1 20 21 231.3833464626968 0.007858948417577949
60 120 0.95 1 21 22 215.0442308757424 0.009986672125364748
60 120 0.95 1 22 23 200.2991316103023 0.008543406314061031
60 120 0.95 1 23 24 186.945040107901 0.007167855462256512
60 120 0.95 1 24 25 174.8124006405553 0.006100946651173444
60 120 0.95 1 25 26 163.7556435292209 0.005431054199732444
60 120 0.95 1 26 27 153.6479463528734 0.004789082012337076
60 120 0.95 1 27 28 144.3826631820777 0.004432634763389842
60 120 0.95 1 28 29 135.8681832935708 0.004108033596736504
60 120 0.95 1 29 30 128.025990929045 0.003813280275664965
60 120 0.95 1 30 31 120.7874966120393 0.003543841531126191
60 120 0.95 1 31 32 114.0923017849185 0.003296954808007513
60 120 0.95 1 32 33 107.8861701938431 0.003069321101605738
60 120 0.95 1 33 34 102.1227234961929 0.002860001573296245
60 120 0.95 1 34 35 96.76100481821882 0.002667285586824164
60 120 0.95 1 35 36 91.76527657049596 0.002489775625477364
60 120 0.95 1 36 37 87.10342754711026 0.002325593387652702
60 120 0.95 1 37 38 82.74699013153787 0.002174120346992936
60 120 0.95 1 38 39 78.66975966354697 0.00203385872293893
60 120 0.95 1 39 40 74.84843140831202 0.001904042552041574
60 120 0.95 1 40 42 139.1561619321111 0.006272998491738235
60 120 0.95 1 42 44 126.4672498481553 0.004872616242423078
60 120 0.95 1 44 46 115.2098857289319 0.003864765234084189
60 120 0.95 1 46 48 105.1824678101583 0.003065433647549298
60 120 0.95 1 48 50 96.21782405327279 0.00231879579563099
60 120 0.95 1 50 52 88.1784100156022 0.001864410143738837
60 120 0.95 1 52 54 80.94826054380434 0.001659816648810875
60 120 0.95 1 54 56 74.42794999433413 0.001480721927578088
60 120 0.95 1 56 58 68.53269185818043 0.001323331756807988
60 120 0.95 1 58 60 63.19095698427323 0.001184513775598361
60 120 0.95 1 60 65 137.7043582608053 0.002460782065469402
60 120 0.95 1 65 70 113.5944442778212 0.005034826444216378
60 120 0.95 1 70 80 173.0817987912141 0.002653291121077928
60 120 0.95 1 80 90 121.9284767742337 0.001683400704862947
60 120 0.95 1 90 100 87.55322315963562 0.001108044043505174
60 120 1 1.1 0 0.5 -1.551978033538077 3.72777049191253e-05
60 120 1 1.1 0.5 1 -1974.114911948098 0.02615391799236022
60 120 1 1.1 1 1.5 167.583337415257 0.005994167589193466
60 120 1 1.1 1.5 2 1486.319959915594 0.03180689497253297
60 120 1 1.1 2 2.5 1748.42657882569 0.01345402546780861
60 120 1 1.1 2.5 3 1730.487788099341 0.01484714551452271
60 120 1 1.1 3 3.5 1630.003568235035 0.07964057862363916
60 120 1 1.1 3.5 4 1509.252099923302 0.07140597224224621
60 120 1 1.1 4 4.5 1389.53060600614 0.06406303935045798
60 120 1 1.1 4.5 5 1278.085488103839 0.05763613018029901
60 120 1 1.1 5 5.5 1176.987802775772 0.05212774405254095
60 120 1 1.1 5.5 6 1086.226665469994 0.04738720300179011
60 120 1 1.1 6 6.5 1004.988194291855 0.04325003208271028
60 120 1 1.1 6.5 7 932.263902058608 0.03960057171434528
60 120 1 1.1 7 7.5 867.0618165897389 0.03637891470418708
60 120 1 1.1 7.5 8 808.4685738369213 0.03354211978114563
60 120 1 1.1 8 8.5 755.6524916807292 0.03102936540108203
60 120 1 1.1 8.5 9 707.8850643690248 0.0287790690795191
60 120 1 1.1 9 9.5 664.5443617776518 0.02676245160398594
60 120 1 1.1 9.5 10 625.1011625051308 0.02494973962120639
60 120 1 1.1 10 10.5 589.102508794948 0.02770317314434578
60 120 1 1.1 10.5 11 556.1571706875063 0.0240333372164514
60 120 1 1.1 11 11.5 525.921612574463 0.02111941531359207
60 120 1 1.1 11.5 12 498.0976852007665 0.01921745711138101
60 120 1 1.1 12 12.5 472.4291245806707 0.0180804713365319
60 120 1 1.1 12.5 13 448.6947298187835 0.01703979307080772
60 120 1 1.1 13 13.5 426.7010525084578 0.01608309043547251
60 120 1 1.1 13.5 14 406.2803136239966 0.01520272534861533
60 120 1 1.1 14 14.5 387.2839665858086 0.01438554337039477
60 120 1 1.1 14.5 15 369.5788328959914 0.01362843967092431
60 120 1 1.1 15 16 690.6288198386254 0.02519325453840793
60 120 1 1.1 16 17 632.5952766075588 0.02274704458443466
60 120 1 1.1 17 18 581.4387303431052 0.02061646251434013
60 120 1 1.1 18 19 536.1032847117211 0.01875050391163313
60 120 1 1.1 19 20 495.7221838448042 0.01710453201616247
60 120 1 1.1 20 21 459.5804592339009 0.01564352803734437
60 120 1 1.1 21 22 427.0951032152705 0.01977235370839026
60 120 1 1.1 22 23 397.7851438158104 0.01653910011373227
60 120 1 1.1 23 24 371.2480037502579 0.01428043559383241
60 120 1 1.1 24 25 347.138442678982 0.01244721867794851
60 120 1 1.1 25 26 325.1629024993424 0.01157740789830086
60 120 1 1.1 26 27 305.0747563588669 0.01077505699134917
60 120 1 1.1 27 28 286.6633638152297 0.009549165614885169
60 120 1 1.1 28 29 269.7479662128043 0.00906873512792572
60 120 1 1.1 29 30 254.1698505020386 0.009301009493015044
60 120 1 1.1 30 31 239.7894647375245 0.008984270402152106
60 120 1 1.1 31 32 226.4862615979021 0.008285777704344355
60 120 1 1.1 32 33 214.1557809267416 0.007570364706140253
60 120 1 1.1 33 34 202.7065089162721 0.006817825973172376
60 120 1 1.1 34 35 192.0573797699479 0.006324990948598952
60 120 1 1.1 35 36 182.1362777013683 0.006397873520199937
60 120 1 1.1 36 37 172.8781015516799 0.006463843702704253
60 120 1 1.1 37 38 164.2251914026245 0.006045699299761509
60 120 1 1.1 38 39 156.1268483328387 0.005641835163970654
60 120 1 1.1 39 40 148.5377518654816 0.005206857045152447
60 120 1 1.1 40 42 276.1459592180901 0.01214513549774665
60 120 1 1.1 42 44 250.9550651373065 0.00985328854434897
60 120 1 1.1 44 46 228.6036220420353 0.008790563952857156
60 120 1 1.1 46 48 208.6940422573447 0.007769506932362447
60 120 1 1.1 48 50 190.8984647201944 0.006876903582991645
60 120 1 1.1 50 52 174.9416141252264 0.006899245708325452
60 120 1 1.1 52 54 160.5897733777065 0.006323261510146949
60 120 1 1.1 54 56 147.6470369469717 0.005560968497093199
60 120 1 1.1 56 58 135.947214109903 0.00495812003950391
60 120 1 1.1 58 60 125.3473937536429 0.004999735799003702
60 120 1 1.1 60 65 273.1378974925265 0.01078758819897985
60 120 1 1.1 65 70 225.2978268400311 0.01020363100192867
60 120 1 1.1 70 80 343.2500162635758 0.0140621223861217
60 120 1 1.1 80 90 241.7781960376639 0.01031928680743022
60 120 1 1.1 90 100 173.598883397526 0.007726530460530512
60 120 1.1 1.2 0 0.5 -1.530441201980106 7.595925422299032e-05
60 120 1.1 1.2 0.5 1 -1919.568159606645 0.01526722436346972
60 120 1.1 1.2 1 1.5 205.3447556181137 0.00681028391929317
60 120 1.1 1.2 1.5 2 1495.681929649446 0.03774775769284133
60 120 1.1 1.2 2 2.5 1747.605440384342 0.01003518664288094
60 120 1.1 1.2 2.5 3 1725.234594154482 0.008645737948654642
60 120 1.1 1.2 3 3.5 1622.884743743172 0.07943631196258139
60 120 1.1 1.2 3.5 4 1501.373567347707 0.071177597203814
60 120 1.1 1.2 4 4.5 1381.389520126399 0.06384785670866222
60 120 1.1 1.2 4.5 5 1270.023881974637 0.05747886366975763
60 120 1.1 1.2 5 5.5 1169.176985353313 0.0519442391607754
60 120 1.1 1.2 5.5 6 1078.69212188244 0.04721253185948626
60 120 1.1 1.2 6 6.5 997.7461310113229 0.04307137141040585
60 120 1.1 1.2 6.5 7 925.3400575771204 0.03940225310657297
60 120 1.1 1.2 7 7.5 860.4716914190146 0.03619457254467306
60 120 1.1 1.2 7.5 8 802.1871367815791 0.03335740260786224
60 120 1.1 1.2 8 8.5 749.6512448037583 0.03084727316843328
60 120 1.1 1.2 8.5 9 702.1470938377622 0.02861091753106848
60 120 1.1 1.2 9 9.5 659.0623095386036 0.02660537620454306
60 120 1.1 1.2 9.5 10 619.8717580044386 0.02480000816694883
60 120 1.1 1.2 10 10.5 584.1130742671108 0.0276992237002105
60 120 1.1 1.2 10.5 11 551.3872011223408 0.02404714955082454
60 120 1.1 1.2 11 11.5 521.3535067340522 0.02115216889058047
60 120 1.1 1.2 11.5 12 493.7179815040085 0.019097754585232
60 120 1.1 1.2 12 12.5 468.2297252914658 0.01797279179697853
60 120 1.1 1.2 12.5 13 444.6687904666575 0.01693662555044284
60 120 1.1 1.2 13 13.5 422.8439415946942 0.01598485449244436
60 120 1.1 1.2 13.5 14 402.5813945659074 0.01510827865354258
60 120 1.1 1.2 14 14.5 383.7312894305483 0.01429780292130545
60 120 1.1 1.2 14.5 15 366.1609329504333 0.0135453448688736
60 120 1.1 1.2 15 16 684.1669111117416 0.02504243886301083
60 120 1.1 1.2 16 17 626.5977840145297 0.02261342996416715
60 120 1.1 1.2 17 18 575.8713479359147 0.02049918250986593
60 120 1.1 1.2 18 19 530.915522299204 0.01864278294942778
60 120 1.1 1.2 19 20 490.8678178341984 0.01700349926380795
60 120 1.1 1.2 20 21 455.0312414607482 0.0155445902506699
60 120 1.1 1.2 21 22 422.8317598562853 0.01946930144310954
60 120 1.1 1.2 22 23 393.7842130879651 0.01665462445430421
60 120 1.1 1.2 23 24 367.4810758405641 0.01423115840935907
60 120 1.1 1.2 24 25 343.5835837443076 0.01210986433835615
60 120 1.1 1.2 25 26 321.8065131357318 0.01037281289950442
60 120 1.1 1.2 26 27 301.9058509726341 0.009527188384083729
60 120 1.1 1.2 27 28 283.6692182498433 0.009799806641126452
60 120 1.1 1.2 28 29 266.9129069583728 0.009456551103710353
60 120 1.1 1.2 29 30 251.479843676589 0.00854691115011974
60 120 1.1 1.2 30 31 237.2350707817041 0.007748068004360675
60 120 1.1 1.2 31 32 224.0603841823988 0.007034465180169036
60 120 1.1 1.2 32 33 211.8518849902675 0.007373951322080075
60 120 1.1 1.2 33 34 200.5162395885514 0.007378250023378996
60 120 1.1 1.2 34 35 189.9719980553361 0.00689905590323292
60 120 1.1 1.2 35 36 180.1477521148016 0.006273510870926202
60 120 1.1 1.2 36 37 170.9807338807644 0.005876685729305109
60 120 1.1 1.2 37 38 162.414454706879 0.005323588336437979
60 120 1.1 1.2 38 39 154.3987156890679 0.005257508704545444
60 120 1.1 1.2 39 40 146.8878100116098 0.005391292417129989
60 120 1.1 1.2 40 42 273.0606510992987 0.0122150638300127
60 120 1.1 1.2 42 44 248.1272354711823 0.009487254092505282
60 120 1.1 1.2 44 46 226.0093455090572 0.007614846123800589
60 120 1.1 1.2 46 48 206.3125469848265 0.007944761184205618
60 120 1.1 1.2 48 50 188.7069250349244 0.007035948670051084
60 120 1.1 1.2 50 52 172.9204702323017 0.006232068131851065
60 120 1.1 1.2 52 54 158.7245138687666 0.005865709962051824
60 120 1.1 1.2 54 56 145.9243410567989 0.005776862261143378
60 120 1.1 1.2 56 58 134.3532815997833 0.005152408541306386
60 120 1.1 1.2 58 60 123.8700414005675 0.004577151372359367
60 120 1.1 1.2 60 65 269.895255880735 0.01031363507848937
60 120 1.1 1.2 65 70 222.5974583592115 0.01023171819696245
60 120 1.1 1.2 70 80 339.0852879831003 0.01374848300986287
60 120 1.1 1.2 80 90 238.8021166454327 0.01010893582022732
60 120 1.1 1.2 90 100 171.435906018853 0.007535739118793572
60 120 1.2 1.3 0 0.5 -1.507174439192472 5.917718861470078e-05
60 120 1.2 1.3 0.5 1 -1860.73907647646 0.02943276318683274
60 120 1.2 1.3 1 1.5 245.5025926746146 0.006765990280428014
60 120 1.2 1.3 1.5 2 1505.66601344107 0.01460555924882101
60 120 1.2 1.3 2 2.5 1746.710593679225 0.04549351956393366
60 120 1.2 1.3 2.5 3 1719.686978769445 0.04225947419672593
60 120 1.2 1.3 3 3.5 1615.363999251135 0.07917562879811157
60 120 1.2 1.3 3.5 4 1492.936596592188 0.07084840940296999
60 120 1.2 1.3 4 4.5 1372.682142051496 0.06353150011250364
60 120 1.2 1.3 4.5 5 1261.400035277663 0.05721315876348854
60 120 1.2 1.3 5 5.5 1160.736143969704 0.05170369727102297
60 120 1.2 1.3 5.5 6 1070.511723344602 0.04696735047787115
60 120 1.2 1.3 6 6.5 989.9002223747141 0.04283190543344517
60 120 1.2 1.3 6.5 7 917.8608451089754 0.03920519986752424
60 120 1.2 1.3 7 7.5 853.334238545041 0.03601952498581795
60 120 1.2 1.3 7.5 8 795.3715965410705 0.03317726219086126
60 120 1.2 1.3 8 8.5 743.1483236511716 0.03067843861970232
60 120 1.2 1.3 8.5 9 695.9556560818428 0.02846785461667878
60 120 1.2 1.3 9 9.5 653.1730773396698 0.02646739961028288
60 120 1.2 1.3 9.5 10 614.2566130797411 0.02465596498723244
60 120 1.2 1.3 10 10.5 578.7460186483368 0.02745069528782551
60 120 1.2 1.3 10.5 11 546.2510326465824 0.02387208908476168
60 120 1.2 1.3 11 11.5 516.4359089068121 0.020462141048597
60 120 1.2 1.3 11.5 12 489.0132214427539 0.01897497356884514
60 120 1.2 1.3 12 12.5 463.7284463586696 0.01785633903278949
60 120 1.2 1.3 12.5 13 440.3562643246305 0.01682696391884519
60 120 1.2 1.3 13 13.5 418.7029821228123 0.01588285878295892
60 120 1.2 1.3 13.5 14 398.5995694441792 0.01501142172838854
60 120 1.2 1.3 14 14.5 379.8999208711521 0.0142047696276677
60 120 1.2 1.3 14.5 15 362.474500952122 0.01345558874425024
60 120 1.2 1.3 15 16 677.2110032983231 0.0248779804824153
60 120 1.2 1.3 16 17 620.1511143869167 0.02247235746767728
60 120 1.2 1.3 17 18 569.8669515262169 0.02036645424550443
60 120 1.2 1.3 18 19 525.309885723902 0.01852246562577875
60 120 1.2 1.3 19 20 485.634671395671 0.01689184945217903
60 120 1.2 1.3 20 21 450.1409211324351 0.01544484443871852
60 120 1.2 1.3 21 22 418.2454136477967 0.01936353402282975
60 120 1.2 1.3 22 23 389.4713265263983 0.01620824153019385
60 120 1.2 1.3 23 24 363.4228883504709 0.01379592736054747
60 120 1.2 1.3 24 25 339.7643549029937 0.0119809012203973
60 120 1.2 1.3 25 26 318.2064130207561 0.01124770144826925
60 120 1.2 1.3 26 27 298.5031040849308 0.01017293677728048
60 120 1.2 1.3 27 28 280.4469197253271 0.008985141546304476
60 120 1.2 1.3 28 29 263.8599287786407 0.008074693280491374
60 120 1.2 1.3 29 30 248.5871100233598 0.007709575807979263
60 120 1.2 1.3 30 31 234.4920908477302 0.008015993528886156
60 120 1.2 1.3 31 32 221.4551520029583 0.007339016940193233
60 120 1.2 1.3 32 33 209.3734071245848 0.006806144476797726
60 120 1.2 1.3 33 34 198.1566659242672 0.006134083378952937
60 120 1.2 1.3 34 35 187.725203398679 0.005653040079380389
60 120 1.2 1.3 35 36 178.0083465264917 0.005852248622119305
60 120 1.2 1.3 36 37 168.9420663898994 0.006080375237672797
60 120 1.2 1.3 37 38 160.4696559331236 0.005621591445759577
60 120 1.2 1.3 38 39 152.5412753585387 0.005168540909465946
60 120 1.2 1.3 39 40 145.1125032551524 0.004792990785631446
60 120 1.2 1.3 40 42 269.7406810349162 0.01171212774698915
60 120 1.2 1.3 42 44 245.08992497128 0.009462702857376826
60 120 1.2 1.3 44 46 223.2227344422084 0.007963380777539442
60 120 1.2 1.3 46 48 203.7496494792407 0.006899849943152958
60 120 1.2 1.3 48 50 186.3483157098 0.006565183941802388
60 120 1.2 1.3 50 52 170.7472514888157 0.006401839425848266
60 120 1.2 1.3 52 54 156.7180966141468 0.005752533035803253
60 120 1.2 1.3 54 56 144.0690087687802 0.004929160326980764
60 120 1.2 1.3 56 58 132.6368948084079 0.004912493309461752
60 120 1.2 1.3 58 60 122.2804245314161 0.004776685482369203
60 120 1.2 1.3 60 65 266.4034315065786 0.009788663500842176
60 120 1.2 1.3 65 70 219.6876920775821 0.01022493184066775
60 120 1.2 1.3 70 80 334.5922242605657 0.01351165163521273
60 120 1.2 1.3 80 90 235.585370025064 0.009823866377047352
60 120 1.2 1.3 90 100 169.092485324668 0.007385858766156161
60 120 1.3 1.4 0 0.5 -1.482411389804112 6.119991412867343e-05
60 120 1.3 1.4 0.5 1 -1797.89195690702 0.01978912131062316
60 120 1.3 1.4 1 1.5 288.0640728118351 0.006116322310901978
60 120 1.3 1.4 1.5 2 1515.832172426818 0.04667977656890798
60 120 1.3 1.4 2 2.5 1745.155559621425 0.004271210539172898
60 120 1.3 1.4 2.5 3 1713.448044393518 0.01860598959365234
60 120 1.3 1.4 3 3.5 1607.035527770691 0.07881090635487453
60 120 1.3 1.4 3.5 4 1483.766775905018 0.07048223024003164
60 120 1.3 1.4 4 4.5 1363.348644432607 0.06322514946964475
60 120 1.3 1.4 4.5 5 1252.125967492573 0.05694778367933395
60 120 1.3 1.4 5 5.5 1151.671053170931 0.05146446204935273
60 120 1.3 1.4 5.5 6 1061.780939589627 0.04672180784973534
60 120 1.3 1.4 6 6.5 981.5433107637383 0.04258333609607234
60 120 1.3 1.4 6.5 7 909.8546869858008 0.03897545469976649
60 120 1.3 1.4 7 7.5 845.6696643927573 0.03581422203433249
60 120 1.3 1.4 7.5 8 788.055695711563 0.03300434554284948
60 120 1.3 1.4 8 8.5 736.187260733833 0.03051072247717457
60 120 1.3 1.4 8.5 9 689.3256199660329 0.0282928534580833
60 120 1.3 1.4 9 9.5 646.8414937561629 0.02629973668365437
60 120 1.3 1.4 9.5 10 608.2039812576306 0.02450790796262936
60 120 1.3 1.4 10 10.5 572.9636557401546 0.02679136632070822
60 120 1.3 1.4 10.5 11 540.7330146181994 0.02342575751129061
60 120 1.3 1.4 11 11.5 511.1702974718658 0.0204571070428301
60 120 1.3 1.4 11.5 12 483.9786164176546 0.01885183662028567
60 120 1.3 1.4 12 12.5 458.9035920164249 0.01774345830438051
60 120 1.3 1.4 12.5 13 435.727696950611 0.01672217211574889
60 120 1.3 1.4 13 13.5 414.2611417228627 0.01577878819574607
60 120 1.3 1.4 13.5 14 394.3386890928019 0.01490815083354846
60 120 1.3 1.4 14 14.5 375.8127589501673 0.01410319518629422
60 120 1.3 1.4 14.5 15 358.5505390022254 0.01335857244311001
60 120 1.3 1.4 15 16 669.8007811499727 0.02469247884607739
60 120 1.3 1.4 16 17 613.2625890734693 0.02229803519867346
60 120 1.3 1.4 17 18 563.4577741056455 0.02021270391003327
60 120 1.3 1.4 18 19 519.3422696712719 0.01837865264280936
60 120 1.3 1.4 19 20 480.0573677013289 0.01676069753438014
60 120 1.3 1.4 20 21 444.9114431404806 0.01532575353343191
60 120 1.3 1.4 21 22 413.3392074570806 0.01860820275607011
60 120 1.3 1.4 22 23 384.8680177688825 0.0162151434350335
60 120 1.3 1.4 23 24 359.0947775670158 0.01388917747709684
60 120 1.3 1.4 24 25 335.6836182666113 0.01177033963006124
60 120 1.3 1.4 25 26 314.3535754921345 0.01015024580698309
60 120 1.3 1.4 26 27 294.8645136632663 0.009341627032824817
60 120 1.3 1.4 27 28 277.0093966099633 0.009140243941828885
60 120 1.3 1.4 28 29 260.6067831406754 0.008799900008057193
60 120 1.3 1.4 29 30 245.5023172847884 0.007796798026987517
60 120 1.3 1.4 30 31 231.5634087713467 0.007135250310170704
60 120 1.3 1.4 31 32 218.6736041831468 0.006507703237616624
60 120 1.3 1.4 32 33 206.7309906479807 0.006977818103365507
60 120 1.3 1.4 33 34 195.6438151538108 0.006833860819853044
60 120 1.3 1.4 34 35 185.3324396218099 0.006217352454569891
60 120 1.3 1.4 35 36 175.7269044061476 0.005601478093183232
60 120 1.3 1.4 36 37 166.7654396855137 0.005097092432805539
60 120 1.3 1.4 37 38 158.3925046191684 0.004716003796005452
60 120 1.3 1.4 38 39 150.558851615817 0.004979823765069114
60 120 1.3 1.4 39 40 143.2191523206097 0.005003707866848117
60 120 1.3 1.4 40 42 266.1994306533566 0.01168104523111424
60 120 1.3 1.4 42 44 241.8453433268493 0.009064846398729287
60 120 1.3 1.4 44 46 220.2473525017887 0.007711126326626072
60 120 1.3 1.4 46 48 201.0163360573378 0.007347769679228122
60 120 1.3 1.4 48 50 183.8313798095159 0.006325031971499584
60 120 1.3 1.4 50 52 168.426031096723 0.005758859647812642
60 120 1.3 1.4 52 54 154.575626343873 0.005846418399130471
60 120 1.3 1.4 54 56 142.0883378165755 0.005146329729569743
60 120 1.3 1.4 56 58 130.8027884897383 0.004437891186682918
60 120 1.3 1.4 58 60 120.5807118441602 0.004299003238088517
60 120 1.3 1.4 60 65 262.6706423893726 0.01001050121061553
60 120 1.3 1.4 65 70 216.5734846356532 0.01056150354986585
60 120 1.3 1.4 70 80 329.7772059985085 0.01304039620197273
60 120 1.3 1.4 80 90 232.1315415008112 0.009961518797865665
60 120 1.3 1.4 90 100 166.569380743519 0.007548485787452819
60 120 1.4 1.5 0 0.5 -1.45642121333172 3.626094245912093e-05
60 120 1.4 1.5 0.5 1 -1731.774396794164 0.07335287418641201
60 120 1.4 1.5 1 1.5 333.1916380346955 0.006473689928895965
60 120 1.4 1.5 1.5 2 1526.776345990946 0.007710385466452863
60 120 1.4 1.5 2 2.5 1743.599116680666 0.003733074456249597
60 120 1.4 1.5 2.5 3 1706.730051594351 0.01354836433097262
60 120 1.4 1.5 3 3.5 1598.011322964452 0.07854418741499103
60 120 1.4 1.5 3.5 4 1473.932761095499 0.07024211903717514
60 120 1.4 1.5 4 4.5 1353.27690230984 0.06297572427342857
60 120 1.4 1.5 4.5 5 1242.135661445571 0.05658488654466964
60 120 1.4 1.5 5 5.5 1141.998672399627 0.05108795814226141
60 120 1.4 1.5 5.5 6 1052.488450435984 0.0463801441387659
60 120 1.4 1.5 6 6.5 972.6215959341943 0.04228623112760488
60 120 1.4 1.5 6.5 7 901.3198023633444 0.03871838461952848
60 120 1.4 1.5 7 7.5 837.5468113649661 0.03557241803423494
60 120 1.4 1.5 7.5 8 780.3315781819882 0.03277311465797084
60 120 1.4 1.5 8 8.5 728.8187325144627 0.03029802426328843
60 120 1.4 1.5 8.5 9 682.2861244411827 0.02808574508208039
60 120 1.4 1.5 9 9.5 640.1211293094914 0.02610286465494482
60 120 1.4 1.5 9.5 10 601.7987494192855 0.02431777186802719
60 120 1.4 1.5 10 10.5 566.8557339481824 0.02700590627148358
60 120 1.4 1.5 10.5 11 534.8936412840452 0.02339488879397322
60 120 1.4 1.5 11 11.5 505.5763354553815 0.02027672873492747
60 120 1.4 1.5 11.5 12 478.6168969985839 0.01871780183569172
60 120 1.4 1.5 12 12.5 453.7666507340714 0.0176115723193675
60 120 1.4 1.5 12.5 13 430.8091402893523 0.01659465626670453
60 120 1.4 1.5 13 13.5 409.5489218082377 0.01566091534778025
60 120 1.4 1.5 13.5 14 389.8167990306574 0.01479820615696781
60 120 1.4 1.5 14 14.5 371.4656458454241 0.01399892924007418
60 120 1.4 1.5 14.5 15 354.3678162706256 0.01325493762152519
60 120 1.4 1.5 15 16 661.9033014396732 0.02450704280647642
60 120 1.4 1.5 16 17 605.9504495579459 0.02213842014441525
60 120 1.4 1.5 17 18 556.6647228220315 0.02006287349945524
60 120 1.4 1.5 18 19 513.0047211336972 0.01824098181793943
60 120 1.4 1.5 19 20 474.1375545488543 0.01662878488485831
60 120 1.4 1.5 20 21 439.37859677135 0.0152038584048455
60 120 1.4 1.5 21 22 408.1536698002734 0.01883618828134104
60 120 1.4 1.5 22 23 379.9920779772746 0.01579508419359854
60 120 1.4 1.5 23 24 354.5042025595457 0.01344944575623686
60 120 1.4 1.5 24 25 331.3600627616243 0.01158176253341026
60 120 1.4 1.5 25 26 310.2763238377863 0.01007649733674043
60 120 1.4 1.5 26 27 291.0114438539667 0.009273244498785971
60 120 1.4 1.5 27 28 273.3617215412418 0.008585524748639273
60 120 1.4 1.5 28 29 257.1515915867298 0.007958749672923204
60 120 1.4 1.5 29 30 242.2289134158601 0.007388248460472369
60 120 1.4 1.5 30 31 228.4591089070439 0.007457746666972298
60 120 1.4 1.5 31 32 215.7254614378098 0.006730919373779898
60 120 1.4 1.5 32 33 203.9273717148482 0.006276812770238394
60 120 1.4 1.5 33 34 192.975856709673 0.00553965295179637
60 120 1.4 1.5 34 35 182.7931017725221 0.005725129167160503
60 120 1.4 1.5 35 36 173.3086797130914 0.005980754700004809
60 120 1.4 1.5 36 37 164.4601289994171 0.005733861828616682
60 120 1.4 1.5 37 38 156.1926553954415 0.005189590408349432
60 120 1.4 1.5 38 39 148.4576264108572 0.004767630999396033
60 120 1.4 1.5 39 40 141.211109091922 0.004362393514128371
60 120 1.4 1.5 40 42 262.4450308437238 0.01158375714169324
60 120 1.4 1.5 42 44 238.4074480813707 0.008988521129964511
60 120 1.4 1.5 44 46 217.0909319538631 0.006946209359000477
60 120 1.4 1.5 46 48 198.1145728363003 0.006659250017918339
60 120 1.4 1.5 48 50 181.1601458324972 0.006453034908787458
60 120 1.4 1.5 50 52 165.9625478497041 0.005632511604687807
60 120 1.4 1.5 52 54 152.2999581282535 0.005005039793189781
60 120 1.4 1.5 54 56 139.9848103897746 0.005165196596493615
60 120 1.4 1.5 56 58 128.8555776919608 0.004798338474074626
60 120 1.4 1.5 58 60 118.7754690781229 0.004176581160976411
60 120 1.4 1.5 60 65 258.7022597826882 0.009903485624533914
60 120 1.4 1.5 65 70 213.2603849894495 0.008061353550459671
60 120 1.4 1.5 70 80 324.6464875561116 0.01324802746461273
60 120 1.4 1.5 80 90 228.4392624091113 0.0102076801032922
60 120 1.4 1.5 90 100 163.863163198409 0.007830100772650894
60 120 1.5 1.6 0 0.5 -1.429421961365596 3.532038154396844e-05
60 120 1.5 1.6 0.5 1 -1663.250157455863 0.01333864803677898
60 120 1.5 1.6 1 1.5 379.7983900425443 0.01737712893685739
60 120 1.5 1.6 1.5 2 1537.996854704608 0.01206699601380024
60 120 1.5 1.6 2 2.5 1742.080221633746 0.01332847685671368
60 120 1.5 1.6 2.5 3 1699.677638935621 0.008020152848985163
60 120 1.5 1.6 3 3.5 1588.658803622845 0.07832703883104841
60 120 1.5 1.6 3.5 4 1463.592564969311 0.06996841786622099
60 120 1.5 1.6 4 4.5 1342.620820196033 0.06269591044224399
60 120 1.5 1.6 4.5 5 1231.619798229445 0.05633642404495731
60 120 1.5 1.6 5 5.5 1131.761202333201 0.05086385270510618
60 120 1.5 1.6 5.5 6 1042.589197761552 0.04616726145491157
60 120 1.5 1.6 6 6.5 963.1399599557097 0.04208488596202642
60 120 1.5 1.6 6.5 7 892.2945337447569 0.038498478559859
60 120 1.5 1.6 7 7.5 828.9444249400009 0.03531530826387552
60 120 1.5 1.6 7.5 8 772.1210947824595 0.03252580877813216
60 120 1.5 1.6 8 8.5 720.9948024032243 0.03007127433136247
60 120 1.5 1.6 8.5 9 674.8468944007874 0.02787627481859545
60 120 1.5 1.6 9 9.5 633.0439523448572 0.02591579035947689
60 120 1.5 1.6 9.5 10 595.0462111645979 0.02415571803078365
60 120 1.5 1.6 10 10.5 560.4011229945346 0.02656972984345884
60 120 1.5 1.6 10.5 11 528.723321887833 0.02268586866603073
60 120 1.5 1.6 11 11.5 499.6815275898588 0.01980851788601967
60 120 1.5 1.6 11.5 12 472.9840694627987 0.01857751246865291
60 120 1.5 1.6 12 12.5 448.3752349862736 0.01747689576967559
60 120 1.5 1.6 12.5 13 425.6371360812447 0.01647029215928342
60 120 1.5 1.6 13 13.5 404.5816245477111 0.01553832880358641
60 120 1.5 1.6 13.5 14 385.045179854138 0.01468043383459872
60 120 1.5 1.6 14 14.5 366.8825406604379 0.01389150285035612
60 120 1.5 1.6 14.5 15 349.9655983203305 0.01316129388777654
60 120 1.5 1.6 15 16 653.5945955269787 0.02432765288392602
60 120 1.5 1.6 16 17 598.2307830134504 0.02196809103668329
60 120 1.5 1.6 17 18 549.4800663730665 0.01990801688361898
60 120 1.5 1.6 18 19 506.3151842648671 0.01809855556251705
60 120 1.5 1.6 19 20 467.8923208797719 0.01649890302235235
60 120 1.5 1.6 20 21 433.5298639997229 0.01508741309169181
60 120 1.5 1.6 21 22 402.6701165598184 0.01805595772742663
60 120 1.5 1.6 22 23 374.8482159415744 0.01578884150961812
60 120 1.5 1.6 23 24 349.6686090868855 0.0134271077813537
60 120 1.5 1.6 24 25 326.8032048013884 0.01136062981254327
60 120 1.5 1.6 25 26 305.9757720331489 0.009941661582104189
60 120 1.5 1.6 26 27 286.9506446274532 0.009194008306280921
60 120 1.5 1.6 27 28 269.5228096188463 0.009056216276178475
60 120 1.5 1.6 28 29 253.5164087091304 0.008107839383058035
60 120 1.5 1.6 29 30 238.7807491914481 0.00732582255966463
60 120 1.5 1.6 30 31 225.1856098190269 0.006807484675817932
60 120 1.5 1.6 31 32 212.6167842227609 0.006514972363248717
60 120 1.5 1.6 32 33 200.9725496179792 0.006557732707932473
60 120 1.5 1.6 33 34 190.164335612843 0.005914385720075188
60 120 1.5 1.6 34 35 180.1148848014323 0.005346506149123798
60 120 1.5 1.6 35 36 170.7554500300323 0.004858748820936398
60 120 1.5 1.6 36 37 162.0255711451566 0.004972502513481913
60 120 1.5 1.6 37 38 153.870202556521 0.005098363737914724
60 120 1.5 1.6 38 39 146.2404366046942 0.004896369388347921
60 120 1.5 1.6 39 40 139.0929106476412 0.004442913504107082
60 120 1.5 1.6 40 42 258.48206672329 0.01103792794310721
60 120 1.5 1.6 42 44 234.778905447352 0.008880502626567477
60 120 1.5 1.6 44 46 213.7616661277921 0.007475625965156496
60 120 1.5 1.6 46 48 195.0524079628738 0.006232843987476144
60 120 1.5 1.6 48 50 178.3394624681823 0.006047391464790053
60 120 1.5 1.6 50 52 163.3607513296339 0.005903229005298272
60 120 1.5 1.6 52 54 149.8963451881808 0.005032578780827635
60 120 1.5 1.6 54 56 137.7607618363209 0.004708316389468337
60 120 1.5 1.6 56 58 126.7960650086686 0.004974221125891631
60 120 1.5 1.6 58 60 116.8657277841643 0.004481397748278937
60 120 1.5 1.6 60 65 254.5005614820861 0.009710584259465804
60 120 1.5 1.6 65 70 209.7488804372703 0.008231637705364392
60 120 1.5 1.6 70 80 319.1971326120342 0.01364687650755059
60 120 1.5 1.6 80 90 224.5040604505504 0.01051507059224832
60 120 1.5 1.6 90 100 160.9678110316617 0.002166051345881215
60 120 1.6 1.7 0 0.5 -1.400874664822674 3.356180055891222e-05
60 120 1.6 1.7 0.5 1 -1591.184529969179 0.07367894084882209
60 120 1.6 1.7 1 1.5 428.2062261453797 0.003758614780849712
60 120 1.6 1.7 1.5 2 1549.120664255224 0.001475112153684677
60 120 1.6 1.7 2 2.5 1740.01049899546 0.04716062305647029
60 120 1.6 1.7 2.5 3 1692.181926600888 0.05032223761645582
60 120 1.6 1.7 3 3.5 1578.790622105107 0.0780338579538693
60 120 1.6 1.7 3.5 4 1452.709757162064 0.0696446537169777
60 120 1.6 1.7 4 4.5 1331.538633304687 0.06232827830967835
60 120 1.6 1.7 4.5 5 1220.611927638024 0.05602561730734124
60 120 1.6 1.7 5 5.5 1121.007247725074 0.05059164579347453
60 120 1.6 1.7 5.5 6 1032.241686018652 0.04589113144970725
60 120 1.6 1.7 6 6.5 953.2288546544977 0.04182661480410843
60 120 1.6 1.7 6.5 7 882.7968161301432 0.0382568933849825
60 120 1.6 1.7 7 7.5 819.8706000138386 0.03510901696972724
60 120 1.6 1.7 7.5 8 763.4856943573042 0.03233096755093356
60 120 1.6 1.7 8 8.5 712.7782784972336 0.02988488947687529
60 120 1.6 1.7 8.5 9 667.0093278734289 0.02770785434404388
60 120 1.6 1.7 9 9.5 625.56118237499 0.02574536908605296
60 120 1.6 1.7 9.5 10 587.9085003041833 0.02397533531575391
60 120 1.6 1.7 10 10.5 553.5979696022125 0.02633776821312495
60 120 1.6 1.7 10.5 11 522.2327449711707 0.02271009871890328
60 120 1.6 1.7 11 11.5 493.4766381569335 0.01977403135566647
60 120 1.6 1.7 11.5 12 467.0432458630312 0.01842701160933302
60 120 1.6 1.7 12 12.5 442.6857752441111 0.01733526625235982
60 120 1.6 1.7 12.5 13 420.1892363510568 0.0163337868324902
60 120 1.6 1.7 13 13.5 399.3635600202875 0.01541476646411866
60 120 1.6 1.7 13.5 14 380.0408630517991 0.0145665333117222
60 120 1.6 1.7 14 14.5 362.0759344448446 0.01377923872433939
60 120 1.6 1.7 14.5 15 345.3425922743927 0.01305022667867206
60 120 1.6 1.7 15 16 644.8645143667943 0.02412179672990078
60 120 1.6 1.7 16 17 590.139389266781 0.0217784838746411
60 120 1.6 1.7 17 18 541.957166858291 0.01973488867417927
60 120 1.6 1.7 18 19 499.2957808411289 0.01794257347739858
60 120 1.6 1.7 19 20 461.3336053868996 0.01636127879112337
60 120 1.6 1.7 20 21 427.3944519178352 0.01495813127883139
60 120 1.6 1.7 21 22 396.9165398046354 0.01805997936435233
60 120 1.6 1.7 22 23 369.4400592919789 0.01527816671386972
60 120 1.6 1.7 23 24 344.5806658533206 0.01299594638010149
60 120 1.6 1.7 24 25 322.0125909183186 0.01128254417943708
60 120 1.6 1.7 25 26 301.4575846935558 0.009857329194005615
60 120 1.6 1.7 26 27 282.6821072659081 0.009117206776465991
60 120 1.6 1.7 27 28 265.4854047113532 0.008441004245980821
60 120 1.6 1.7 28 29 249.6956315124615 0.007824253851197227
60 120 1.6 1.7 29 30 235.1608445558453 0.007626936101900128
60 120 1.6 1.7 30 31 221.7513417748201 0.006888826846619622
60 120 1.6 1.7 31 32 209.3542004599024 0.006279242447391198
60 120 1.6 1.7 32 33 197.8704637686399 0.005895609901642729
60 120 1.6 1.7 33 34 187.2134421332983 0.00619547836674883
60 120 1.6 1.7 34 35 177.304915922057 0.00582699316248636
60 120 1.6 1.7 35 36 168.0775264080851 0.005310751673363256
60 120 1.6 1.7 36 37 159.4707403616509 0.004600050398408939
60 120 1.6 1.7 37 38 151.4312596888091 0.004342345696841221
60 120 1.6 1.7 38 39 143.91133280159 0.004473609484136887
60 120 1.6 1.7 39 40 136.8674444460216 0.004591779689320674
60 120 1.6 1.7 40 42 254.3181911579908 0.01082694763266545
60 120 1.6 1.7 42 44 230.9625548960087 0.008332918987292715
60 120 1.6 1.7 44 46 210.2587099091613 0.007437294817066231
60 120 1.6 1.7 46 48 191.8313498139363 0.006590093887894
60 120 1.6 1.7 48 50 175.3717383550103 0.005844624185385783
60 120 1.6 1.7 50 52 160.6227198895585 0.006176186344561074
60 120 1.6 1.7 52 54 147.3661022806517 0.005617523420085035
60 120 1.6 1.7 54 56 135.4185281440167 0.004792721607003614
60 120 1.6 1.7 56 58 124.6250273346456 0.004880383847790881
60 120 1.6 1.7 58 60 114.8511533123509 0.004573294584972132
60 120 1.6 1.7 60 65 250.0640627314085 0.009542275347172335
60 120 1.6 1.7 65 70 206.0352530320844 0.00842010040608443
60 120 1.6 1.7 70 80 313.4205320990003 0.01435133676386613
60 120 1.6 1.7 80 90 220.3183170297683 0.003262279712060945
60 120 1.6 1.7 90 100 157.8739938183328 0.002153875255373805
60 120 1.7 1.8 0 0.5 -1.371358733291848 4.059599504802058e-05
60 120 1.7 1.8 0.5 1 -1516.531372474566 0.02118052759465172
60 120 1.7 1.8 1 1.5 478.0290211345338 0.0001944341191801868
60 120 1.7 1.8 1.5 2 1560.17540934134 0.01142151088743049
60 120 1.7 1.8 2 2.5 1737.132360043856 0.001519588140808992
60 120 1.7 1.8 2.5 3 1683.734710408511 0.025886755798183
60 120 1.7 1.8 3 3.5 1567.952853589779 0.07772376388561497
60 120 1.7 1.8 3.5 4 1441.084264437259 0.06933297809951
60 120 1.7 1.8 4 4.5 1319.700128429899 0.06200670909447581
60 120 1.7 1.8 4.5 5 1208.94247117433 0.05569791591778994
60 120 1.7 1.8 5 5.5 1109.720281656645 0.05027238171828685
60 120 1.7 1.8 5.5 6 1021.364665724693 0.04559114661344665
60 120 1.7 1.8 6 6.5 942.7957729060978 0.04152067546408489
60 120 1.7 1.8 6.5 7 872.8492373027841 0.03796372675310522
60 120 1.7 1.8 7 7.5 810.3985159988285 0.03485742942689285
60 120 1.7 1.8 7.5 8 754.4492054793465 0.03210400850423412
60 120 1.7 1.8 8 8.5 704.1562783549141 0.02966279439056052
60 120 1.7 1.8 8.5 9 658.7946985280375 0.02749298652349808
60 120 1.7 1.8 9 9.5 617.7375036146178 0.025546770033543
60 120 1.7 1.8 9.5 10 580.4453794655567 0.02379369652305741
60 120 1.7 1.8 10 10.5 546.466394174213 0.02582514237371925
60 120 1.7 1.8 10.5 11 515.4152415270695 0.02207396615949619
60 120 1.7 1.8 11 11.5 486.9612535573953 0.01947037325197698
60 120 1.7 1.8 11.5 12 460.8150986759847 0.01828607413369809
60 120 1.7 1.8 12 12.5 436.7249753485713 0.01720372079904564
60 120 1.7 1.8 12.5 13 414.4759886232965 0.01620665797707943
60 120 1.7 1.8 13 13.5 393.8817033876756 0.01528572161322472
60 120 1.7 1.8 13.5 14 374.7793019005119 0.01443770866217164
60 120 1.7 1.8 14 14.5 357.0254762753008 0.01365385660966467
60 120 1.7 1.8 14.5 15 340.4923623278554 0.01293000801894095
60 120 1.7 1.8 15 16 635.7156106205929 0.02390800503462742
60 120 1.7 1.8 16 17 581.65400051058 0.02159154011826558
60 120 1.7 1.8 17 18 534.0730842524154 0.01956599498623746
60 120 1.7 1.8 18 19 491.956120584717 0.01778873475694809
60 120 1.7 1.8 19 20 454.480001591212 0.01621903838321259
60 120 1.7 1.8 20 21 420.9784438627445 0.02091831237925135
60 120 1.7 1.8 21 22 390.9028984266396 0.01794743748706651
60 120 1.7 1.8 22 23 363.7926402648469 0.01500297094031566
60 120 1.7 1.8 23 24 339.2664901083591 0.01282135423542741
60 120 1.7 1.8 24 25 317.0033942049735 0.01091591736104647
60 120 1.7 1.8 25 26 296.7318981245714 0.009772320781962662
60 120 1.7 1.8 26 27 278.217792665553 0.009036437776273942
60 120 1.7 1.8 27 28 261.2624633282123 0.008368561761471938
60 120 1.7 1.8 28 29 245.6947733910611 0.007756254309668975
60 120 1.7 1.8 29 30 231.3682365461724 0.007199493116587519
60 120 1.7 1.8 30 31 218.152942412959 0.006836348722316643
60 120 1.7 1.8 31 32 205.9366354829743 0.006336738990654567
60 120 1.7 1.8 32 33 194.6215660178294 0.005796171856530918
60 120 1.7 1.8 33 34 184.1216499181419 0.005401544827691396
60 120 1.7 1.8 34 35 174.3616354302738 0.005672327142406175
60 120 1.7 1.8 35 36 165.2729062279552 0.005714811361997363
60 120 1.7 1.8 36 37 156.7964003043772 0.005269224253567018
60 120 1.7 1.8 37 38 148.8787879576126 0.004693760188672513
60 120 1.7 1.8 38 39 141.4730577137765 0.004505705734231924
60 120 1.7 1.8 39 40 134.5372116545218 0.004713745232635347
60 120 1.7 1.8 40 42 249.9572682968877 0.01062436327296723
60 120 1.7 1.8 42 44 226.9645220202067 0.008185375759097724
60 120 1.7 1.8 44 46 206.585817220469 0.007343903554925646
60 120 1.7 1.8 46 48 188.4513216302278 0.006906865868614886
60 120 1.7 1.8 48 50 172.2557385506672 0.005854169334355674
60 120 1.7 1.8 50 52 157.7455969027576 0.006120485953829302
60 120 1.7 1.8 52 54 144.7055536446665 0.005596183331476823
60 120 1.7 1.8 54 56 132.9550887901504 0.0047830320329183
60 120 1.7 1.8 56 58 122.3412488490872 0.004998564347488355
60 120 1.7 1.8 58 60 112.7310564057001 0.004718853854200233
60 120 1.7 1.8 60 65 245.3902350693288 0.01026619036190368
60 120 1.7 1.8 65 70 202.1140946211766 0.008922350833671544
60 120 1.7 1.8 70 80 307.3022449832305 0.01531156211149209
60 120 1.7 1.8 80 90 215.8657185713457 0.003241016573923616
60 120 1.7 1.8 90 100 154.5673287794374 0.002140116045978857
60 120 1.8 1.9 0 0.5 -1.340909044142898 3.290617734807988e-05
60 120 1.8 1.9 0.5 1 -1439.407527229492 0.01597907373866292
60 120 1.8 1.9 1 1.5 529.5048748367905 0.003883819044744996
60 120 1.8 1.9 1.5 2 1571.525433099569 0.01462170940521901
60 120 1.8 1.9 2 2.5 1734.18726118224 0.0164833910107518
60 120 1.8 1.9 2.5 3 1674.765498561077 0.005197826868652555
60 120 1.8 1.9 3 3.5 1556.550089912087 0.07724883420382866
60 120 1.8 1.9 3.5 4 1428.687435153572 0.06882781550029904
60 120 1.8 1.9 4 4.5 1307.160999403343 0.06159604836375365
60 120 1.8 1.9 4.5 5 1196.628377818236 0.05537315762285289
60 120 1.8 1.9 5 5.5 1097.775946641048 0.04996226501202727
60 120 1.8 1.9 5.5 6 1009.91726740855 0.04529496000543531
60 120 1.8 1.9 6 6.5 931.8789609971885 0.04124170769307511
60 120 1.8 1.9 6.5 7 862.435513349956 0.03770040707195221
60 120 1.8 1.9 7 7.5 800.4746846552697 0.03460181856826239
60 120 1.8 1.9 7.5 8 745.0108882636209 0.0318650315149398
60 120 1.8 1.9 8 8.5 695.1771600688625 0.02943834014877211
60 120 1.8 1.9 8.5 9 650.2386799291783 0.02727814813590612
60 120 1.8 1.9 9 9.5 609.5764973275941 0.02533551848750903
60 120 1.8 1.9 9.5 10 572.6633875999777 0.02359678791981423
60 120 1.8 1.9 10 10.5 539.0444261885475 0.02566820631886912
60 120 1.8 1.9 10.5 11 508.3275456018814 0.02197572530138814
60 120 1.8 1.9 11 11.5 480.1827796255211 0.01931235991719404
60 120 1.8 1.9 11.5 12 454.3255993429168 0.01813735331347743
60 120 1.8 1.9 12 12.5 430.5098855434702 0.01705907337753843
60 120 1.8 1.9 12.5 13 408.5221275996967 0.01606807967840496
60 120 1.8 1.9 13 13.5 388.1724149443997 0.01515823067830979
60 120 1.8 1.9 13.5 14 369.2994162186029 0.01432072478166901
60 120 1.8 1.9 14 14.5 351.7600874114128 0.01354438349761722
60 120 1.8 1.9 14.5 15 335.4294630369677 0.01282728609601236
60 120 1.8 1.9 15 16 626.1620484939767 0.02371078548708283
60 120 1.8 1.9 16 17 572.797382464322 0.02140559002930331
60 120 1.8 1.9 17 18 525.8377789084516 0.01938678546343908
60 120 1.8 1.9 18 19 484.2819342544186 0.01761931290201346
60 120 1.8 1.9 19 20 447.3171689040237 0.01606399607754838
60 120 1.8 1.9 20 21 414.2784770353659 0.02064041246700299
60 120 1.8 1.9 21 22 384.6220602637678 0.01726131086911664
60 120 1.8 1.9 22 23 357.8974914417611 0.01495595457043919
60 120 1.8 1.9 23 24 333.7233560317873 0.01252974380986416
60 120 1.8 1.9 24 25 311.7822514260214 0.0108331831504529
60 120 1.8 1.9 25 26 291.8049384621325 0.009680056209049326
60 120 1.8 1.9 26 27 273.563246857672 0.008951340458793311
60 120 1.8 1.9 27 28 256.8590785826435 0.008389940279016628
60 120 1.8 1.9 28 29 241.5242175395814 0.007684900732130018
60 120 1.8 1.9 29 30 227.4122687901841 0.007135242534644703
60 120 1.8 1.9 30 31 214.3981115333487 0.006818104195758679
60 120 1.8 1.9 31 32 202.3690634266514 0.006772081891540438
60 120 1.8 1.9 32 33 191.2289941553252 0.006006603591742987
60 120 1.8 1.9 33 34 180.8923205458046 0.005353017002249771
60 120 1.8 1.9 34 35 171.2850016962268 0.00537423661407388
60 120 1.8 1.9 35 36 162.3402045213259 0.005705306792634701
60 120 1.8 1.9 36 37 153.9984501346323 0.005374978918865736
60 120 1.8 1.9 37 38 146.2078655754686 0.00474470635916191
60 120 1.8 1.9 38 39 138.9214912690155 0.004413196892016913
60 120 1.8 1.9 39 40 132.0983064875159 0.004557722761290961
60 120 1.8 1.9 40 42 245.3928598001175 0.01020301875496443
60 120 1.8 1.9 42 44 222.780315418238 0.007918050610953742
60 120 1.8 1.9 44 46 202.7412271199667 0.007881350131498266
60 120 1.8 1.9 46 48 184.9111810423138 0.007191616470947793
60 120 1.8 1.9 48 50 168.9898268952878 0.006157081040669254
60 120 1.8 1.9 50 52 154.7276143672269 0.00628654150739294
60 120 1.8 1.9 52 54 141.9127282668095 0.00561676462123728
60 120 1.8 1.9 54 56 130.3673903191252 0.005262896785069415
60 120 1.8 1.9 56 58 119.940017310661 0.005380870927325532
60 120 1.8 1.9 58 60 110.4998731626655 0.00486575645602727
60 120 1.8 1.9 60 65 240.4654254853499 0.0114300758826289
60 120 1.8 1.9 65 70 197.975146217182 0.009861047272039514
60 120 1.8 1.9 70 80 300.8203155967693 0.005051803911612751
60 120 1.8 1.9 80 90 211.1244997003956 0.003217250442077102
60 120 1.8 1.9 90 100 151.0288758390338 0.002124538057103109
60 120 1.9 2 0 0.5 -1.309559286790023 5.150296348488403e-05
60 120 1.9 2 0.5 1 -1360.537921001036 0.03845595407665314
60 120 1.9 2 1 1.5 582.0943049148206 0.001705856865783062
60 120 1.9 2 1.5 2 1582.92040735073 0.06121453558876055
60 120 1.9 2 2 2.5 1730.796748600204 0.02697043380408104
60 120 1.9 2 2.5 3 1665.412699651023 0.04505835657982971
60 120 1.9 2 3 3.5 1544.587664441038 0.07697472567838304
60 120 1.9 2 3.5 4 1415.792408787812 0.06856317121651045
60 120 1.9 2 4 4.5 1294.042732498029 0.06129412957920977
60 120 1.9 2 4.5 5 1183.69621852739 0.05496547323832601
60 120 1.9 2 5 5.5 1085.262191219862 0.04952649659094277
60 120 1.9 2 5.5 6 997.8898902137801 0.04490089776095374
60 120 1.9 2 6 6.5 920.3792458775548 0.04090296053107068
60 120 1.9 2 6.5 7 851.4901093104988 0.0374078683632888
60 120 1.9 2 7 7.5 790.0661260818458 0.03432065441313625
60 120 1.9 2 7.5 8 735.1078961210353 0.03160510285010787
60 120 1.9 2 8 8.5 685.7583123015166 0.02919078953129883
60 120 1.9 2 8.5 9 641.2840758411676 0.02703887206155287
60 120 1.9 2 9 9.5 601.0552535406889 0.02511901441607733
60 120 1.9 2 9.5 10 564.5422658851533 0.02338492110368406
60 120 1.9 2 10 10.5 531.2955006258294 0.02492823927263998
60 120 1.9 2 10.5 11 500.9316767533547 0.02181542638805922
60 120 1.9 2 11 11.5 473.1176216178249 0.01913623458671054
60 120 1.9 2 11.5 12 447.5692088523588 0.01796056839515359
60 120 1.9 2 12 12.5 424.0414063683295 0.01689605942084427
60 120 1.9 2 12.5 13 402.322205024877 0.01591535654603149
60 120 1.9 2 13 13.5 382.2281183782212 0.01501306505758748
60 120 1.9 2 13.5 14 363.5958583430195 0.01418309359820569
60 120 1.9 2 14 14.5 346.2834713766036 0.0134166351038516
60 120 1.9 2 14.5 15 330.1660233392901 0.01270490642554023
60 120 1.9 2 15 16 616.2242137486735 0.02348485073321172
60 120 1.9 2 16 17 563.5789868665078 0.02119799833928937
60 120 1.9 2 17 18 517.26589229383 0.01920342273001552
60 120 1.9 2 18 19 476.2905744097509 0.01745744923738357
60 120 1.9 2 19 20 439.8523775067802 0.01591932960184295
60 120 1.9 2 20 21 407.2933670972069 0.02025691744495361
60 120 1.9 2 21 22 378.0735227309203 0.01697516706735769
60 120 1.9 2 22 23 351.7464552535714 0.01433922107116814
60 120 1.9 2 23 24 327.9382531092579 0.01240359931301782
60 120 1.9 2 24 25 306.332714212077 0.01066975010166971
60 120 1.9 2 25 26 286.6638565106123 0.009590818904655407
60 120 1.9 2 26 27 268.7069360276084 0.008867036280719276
60 120 1.9 2 27 28 252.2662985372779 0.008766433632018789
60 120 1.9 2 28 29 237.1751204786896 0.007839067903262276
60 120 1.9 2 29 30 223.2894254246015 0.007150627359180817
60 120 1.9 2 30 31 210.4845211752864 0.007279237029507613
60 120 1.9 2 31 32 198.6504520825483 0.007219950239374384
60 120 1.9 2 32 33 187.691904748534 0.006360657333090103
60 120 1.9 2 33 34 177.5247193786821 0.005684031439614046
60 120 1.9 2 34 35 168.0760903170151 0.005720842770188028
60 120 1.9 2 35 36 159.279697563791 0.005818693199273639
60 120 1.9 2 36 37 151.0777745912091 0.005395250886209624
60 120 1.9 2 37 38 143.4183777781808 0.004793759644911688
60 120 1.9 2 38 39 136.2561112820634 0.004705218649206699
60 120 1.9 2 39 40 129.5494291355799 0.004855834208569831
60 120 1.9 2 40 42 240.6190686792411 0.01004849466809787
60 120 1.9 2 42 44 218.399930585897 0.008155314000134695
60 120 1.9 2 44 46 198.713642405891 0.008272511682548611
60 120 1.9 2 46 48 181.2006253326027 0.007280282215674561
60 120 1.9 2 48 50 165.5662930806022 0.007221272226416886
60 120 1.9 2 50 52 151.562478309935 0.006906214355154816
60 120 1.9 2 52 54 138.9813730531627 0.006220941052021089
60 120 1.9 2 54 56 127.6487802067282 0.006120941624288889
60 120 1.9 2 56 58 117.4140794891556 0.00555422393958338
60 120 1.9 2 58 60 108.1507133197396 0.005206216961511245
60 120 1.9 2 60 65 235.2712058992774 0.00462201381699856
60 120 1.9 2 65 70 193.5995819226428 0.003576100310993979
60 120 1.9 2 70 80 293.9447789061182 0.00501038430763856
60 120 1.9 2 80 90 206.0666590393137 0.003190232894354494
60 120 1.9 2 90 100 147.2332948674062 0.002106136041305717
60 120 2 2.1 0 0.5 -1.277330045292242 3.251038345775115e-05
60 120 2 2.1 0.5 1 -1280.41883707341 0.01994824542134666
60 120 2 2.1 1 1.5 634.3889681468544 0.007671932855032537
60 120 2 2.1 1.5 2 1593.558631589083 0.045700487544309
60 120 2 2.1 2 2.5 1726.666710135457 0.02709315021161274
60 120 2 2.1 2.5 3 1655.190141826544 0.01898686759682278
60 120 2 2.1 3 3.5 1531.893508721626 0.02757066697313348
60 120 2 2.1 3.5 4 1402.165382455637 0.06830613770830496
60 120 2 2.1 4 4.5 1280.296162126558 0.06099444860115
60 120 2 2.1 4.5 5 1170.19359709045 0.0547171060245546
60 120 2 2.1 5 5.5 1072.183946934229 0.04929680988993823
60 120 2 2.1 5.5 6 985.3424309303912 0.04468157760391023
60 120 2 2.1 6 6.5 908.3877557021059 0.04066778639719359
60 120 2 2.1 6.5 7 840.0508926774068 0.03713758414335189
60 120 2 2.1 7 7.5 779.1780119671128 0.03404533217064909
60 120 2 2.1 7.5 8 724.7516835473916 0.03132862773736633
60 120 2 2.1 8 8.5 675.9067140381306 0.02894754535884658
60 120 2 2.1 8.5 9 631.9073020941398 0.02682337721716976
60 120 2 2.1 9 9.5 592.1305729564292 0.02491631883992795
60 120 2 2.1 9.5 10 556.042744250217 0.02320607602803193
60 120 2 2.1 10 10.5 523.1940864910425 0.02462280213035228
60 120 2 2.1 10.5 11 493.2004416304852 0.02117260688305578
60 120 2 2.1 11 11.5 465.7353895861066 0.01897316820060269
60 120 2 2.1 11.5 12 440.5139524480961 0.01781392647222901
60 120 2 2.1 12 12.5 417.2929390906152 0.01675128533275938
60 120 2 2.1 12.5 13 395.8611351473778 0.01576921423134081
60 120 2 2.1 13 13.5 376.0349456393039 0.01487864131786409
60 120 2 2.1 13.5 14 357.6556172620245 0.0140553431079411
60 120 2 2.1 14 14.5 340.5805990198314 0.01329661955213624
60 120 2 2.1 14.5 15 324.6871196946246 0.01259003610118725
60 120 2 2.1 15 16 605.8860019267761 0.02325943339087644
60 120 2 2.1 16 17 553.991435977719 0.02100018375404034
60 120 2 2.1 17 18 508.3522262570608 0.01902196656288879
60 120 2 2.1 18 19 467.9836348609354 0.01729080231450553
60 120 2 2.1 19 20 432.0928352481643 0.01576734142327041
60 120 2 2.1 20 21 400.0302053115979 0.01969559618822814
60 120 2 2.1 21 22 371.261944938141 0.01667972742671964
60 120 2 2.1 22 23 345.3467067662233 0.01419270428482378
60 120 2 2.1 23 24 321.9151665762757 0.01213223357603965
60 120 2 2.1 24 25 300.6556548142669 0.01028494842603322
60 120 2 2.1 25 26 281.3062067360406 0.009493881675439297
60 120 2 2.1 26 27 263.6439501894328 0.009080855048011927
60 120 2 2.1 27 28 247.4758348976074 0.008820911398061071
60 120 2 2.1 28 29 232.6371462348468 0.007835349214388998
60 120 2 2.1 29 30 218.9863237147231 0.007666842106374361
60 120 2 2.1 30 31 206.3995702587391 0.007826071850530525
60 120 2 2.1 31 32 194.7686241643438 0.007427502466498481
60 120 2 2.1 32 33 183.9992746415191 0.006719314307503055
60 120 2 2.1 33 34 174.0097015915114 0.006665615170902583
60 120 2 2.1 34 35 164.7268731082905 0.006773888055022326
60 120 2 2.1 35 36 156.0853881232498 0.006385437055286047
60 120 2 2.1 36 37 148.0285732364783 0.005836597396040588
60 120 2 2.1 37 38 140.5058910712885 0.005617343895323756
60 120 2 2.1 38 39 133.4721264373113 0.005612424814387396
60 120 2 2.1 39 40 126.8858777729274 0.005393982822695875
60 120 2 2.1 40 42 235.6262994627165 0.00973149338148005
60 120 2 2.1 42 44 213.8151327650172 0.009398277141315248
60 120 2 2.1 44 46 194.4930048642613 0.008635772416340615
60 120 2 2.1 46 48 177.3094018841171 0.008228675552260256
60 120 2 2.1 48 50 161.9710636416762 0.007832287231764212
60 120 2 2.1 50 52 148.2352287085676 0.007271879920381252
60 120 2 2.1 52 54 135.8979403611011 0.003074337686001627
60 120 2 2.1 54 56 124.7864248271406 0.002745289578101051
60 120 2 2.1 56 58 114.7538310526101 0.002454775435765555
60 120 2 2.1 58 60 105.6745105237528 0.002202480052076794
60 120 2 2.1 60 65 229.7850383427763 0.004580943042242325
60 120 2 2.1 65 70 188.9642236811561 0.003544014692607789
60 120 2 2.1 70 80 286.6319230381226 0.004963934893737587
60 120 2 2.1 80 90 200.657611201492 0.003160103535122971
60 120 2 2.1 90 100 143.1508442504055 0.002084863708745388
60 120 2.1 2.2 0 0.5 -1.245011414152976 3.173501231890086e-05
60 120 2.1 2.2 0.5 1 -1197.729675808707 0.04636186818174792
60 120 2.1 2.2 1 1.5 687.6013873795596 0.01837660406306441
60 120 2.1 2.2 1.5 2 1603.569943908985 0.03955427879100171
60 120 2.1 2.2 2 2.5 1721.63203252182 0.05450446386976182
60 120 2.1 2.2 2.5 3 1644.163518311494 0.05744251120017907
60 120 2.1 2.2 3 3.5 1518.397051552671 0.05659237125837535
60 120 2.1 2.2 3.5 4 1387.80218262637 0.06798983389558089
60 120 2.1 2.2 4 4.5 1265.831163075738 0.06068580246665078
60 120 2.1 2.2 4.5 5 1156.034703949651 0.05438170304614687
60 120 2.1 2.2 5 5.5 1058.509227490739 0.04904067229267639
60 120 2.1 2.2 5.5 6 972.2343651901538 0.04440334398771029
60 120 2.1 2.2 6 6.5 895.8799380266439 0.04038063061057073
60 120 2.1 2.2 6.5 7 828.1389694211151 0.03690935533802531
60 120 2.1 2.2 7 7.5 767.8425834096453 0.03382054824078295
60 120 2.1 2.2 7.5 8 713.972028003992 0.03112133214369806
60 120 2.1 2.2 8 8.5 665.652206131612 0.02875895853026122
60 120 2.1 2.2 8.5 9 622.1465215763837 0.02662641886934125
60 120 2.1 2.2 9 9.5 582.8334057650374 0.02470766585963702
60 120 2.1 2.2 9.5 10 547.1819719527231 0.02298841654840089
60 120 2.1 2.2 10 10.5 514.742461211208 0.02427703800174186
60 120 2.1 2.2 10.5 11 485.1330084484584 0.02099234375737069
60 120 2.1 2.2 11 11.5 458.0275839639189 0.0187934432880752
60 120 2.1 2.2 11.5 12 433.1459164036082 0.0176467059440597
60 120 2.1 2.2 12 12.5 410.2435021156354 0.01660253196644135
60 120 2.1 2.2 12.5 13 389.1110883462164 0.01563542116900862
60 120 2.1 2.2 13 13.5 369.5666826365456 0.01474366569289032
60 120 2.1 2.2 13.5 14 351.4519337609069 0.01391864721898628
60 120 2.1 2.2 14 14.5 334.6266085166781 0.01316892340190634
60 120 2.1 2.2 14.5 15 318.9679966898825 0.01247187540394634
60 120 2.1 2.2 15 16 595.0998477518915 0.02304057995525
60 120 2.1 2.2 16 17 543.9962079919277 0.02078287586220995
60 120 2.1 2.2 17 18 499.0644064148483 0.01883824691503833
60 120 2.1 2.2 18 19 459.3307113852786 0.01710979289453007
60 120 2.1 2.2 19 20 424.0125610148632 0.0156032446914196
60 120 2.1 2.2 20 21 392.4672388465892 0.01945000111817308
60 120 2.1 2.2 21 22 364.1688953511118 0.01627094218440561
60 120 2.1 2.2 22 23 338.6829908601532 0.01398321666079028
60 120 2.1 2.2 23 24 315.6429676577375 0.01182745006235564
60 120 2.1 2.2 24 25 294.7430942344772 0.01051186409773663
60 120 2.1 2.2 25 26 275.7254894685342 0.01038901495104483
60 120 2.1 2.2 26 27 258.3676142224463 0.009968671750357316
60 120 2.1 2.2 27 28 242.4803683380339 0.009129536870915445
60 120 2.1 2.2 28 29 227.9030259469644 0.008778262300552342
60 120 2.1 2.2 29 30 214.4945549122051 0.00864087360238841
60 120 2.1 2.2 30 31 202.13222743503 0.008055445796003369
60 120 2.1 2.2 31 32 190.711386256185 0.007604629789994988
60 120 2.1 2.2 32 33 180.1393508562415 0.007568570963485399
60 120 2.1 2.2 33 34 170.3333098098436 0.007343801987161669
60 120 2.1 2.2 34 35 161.2216822558945 0.007013539729285867
60 120 2.1 2.2 35 36 152.7416510424305 0.006721881195488777
60 120 2.1 2.2 36 37 144.8366676025047 0.00661307307919401
60 120 2.1 2.2 37 38 137.455956387298 0.006428356425487891
60 120 2.1 2.2 38 39 130.5552449485179 0.006109875317264368
60 120 2.1 2.2 39 40 124.0951657328216 0.005906684239803894
60 120 2.1 2.2 40 42 230.3953395948872 0.01133962197690153
60 120 2.1 2.2 42 44 209.0066332296611 0.01043526896523872
60 120 2.1 2.2 44 46 190.064019644346 0.005692644719061946
60 120 2.1 2.2 46 48 173.2202045862366 0.004334756318058908
60 120 2.1 2.2 48 50 158.1891420346779 0.003841776590718382
60 120 2.1 2.2 50 52 144.7316599834139 0.003417613317765245
60 120 2.1 2.2 52 54 132.6472451553881 0.003043140997192495
60 120 2.1 2.2 54 56 121.7656425166182 0.002718601587133662
60 120 2.1 2.2 56 58 111.9427526039862 0.002431616489346311
60 120 2.1 2.2 58 60 103.0550224054877 0.002179947307780594
60 120 2.1 2.2 60 65 223.9728248978062 0.004556185825379089
60 120 2.1 2.2 65 70 184.0405841473054 0.003508964872935394
60 120 2.1 2.2 70 80 278.8291870352868 0.00491326225812827
60 120 2.1 2.2 80 90 194.85542486385 0.003125590840767245
60 120 2.1 2.2 90 100 138.7485249150714 0.002059849276150771
60 120 2.2 2.3 0 0.5 -1.211916008582073 5.000262422427681e-05
60 120 2.2 2.3 0.5 1 -1113.159952593659 0.05389583943224352
60 120 2.2 2.3 1 1.5 741.7116594565215 0.03319298916869684
60 120 2.2 2.3 1.5 2 1613.036728725023 0.04831060051606073
60 120 2.2 2.3 2 2.5 1715.535807773817 0.03289681406795353
60 120 2.2 2.3 2.5 3 1631.948880376396 0.04773638809228942
60 120 2.2 2.3 3 3.5 1503.788500917465 0.04692968102608575
60 120 2.2 2.3 3.5 4 1372.457171548337 0.06757952203724926
60 120 2.2 2.3 4 4.5 1250.506823980935 0.06025376632578627
60 120 2.2 2.3 4.5 5 1141.087198175634 0.0540089349281061
60 120 2.2 2.3 5 5.5 1044.111301665083 0.04859883496828843
60 120 2.2 2.3 5.5 6 958.4562856642738 0.04405302217628559
60 120 2.2 2.3 6 6.5 882.7479765440178 0.04002063842722237
60 120 2.2 2.3 6.5 7 815.6511130058625 0.03655346621019362
60 120 2.2 2.3 7 7.5 755.9771058328324 0.03355544033047408
60 120 2.2 2.3 7.5 8 702.6981051559886 0.03083741505679427
60 120 2.2 2.3 8 8.5 654.9370624395715 0.02847343119458401
60 120 2.2 2.3 8.5 9 611.9563303372835 0.02638912216616518
60 120 2.2 2.3 9 9.5 573.1342650775334 0.02448592767609625
60 120 2.2 2.3 9.5 10 537.9414714912153 0.02276549310499831
60 120 2.2 2.3 10 10.5 505.9312973683319 0.02388741980320219
60 120 2.2 2.3 10.5 11 476.7243382176395 0.02050268369509922
60 120 2.2 2.3 11 11.5 449.9962378623678 0.01862131755473229
60 120 2.2 2.3 11.5 12 425.4660585173859 0.01747038368699805
60 120 2.2 2.3 12 12.5 402.893110207541 0.01643608391469797
60 120 2.2 2.3 12.5 13 382.0703511638909 0.01547395925234696
60 120 2.2 2.3 13 13.5 362.8179045402422 0.01458371440611472
60 120 2.2 2.3 13.5 14 344.9767070367441 0.0137640874172007
60 120 2.2 2.3 14 14.5 328.4085144813193 0.01303221236179297
60 120 2.2 2.3 14.5 15 312.9926724330182 0.0123464639942199
60 120 2.2 2.3 15 16 583.8285272117246 0.02280003939893049
60 120 2.2 2.3 16 17 533.5487382031615 0.02057810542294192
60 120 2.2 2.3 17 18 489.3551516213306 0.01864536228396219
60 120 2.2 2.3 18 19 450.2884457508413 0.0180853558700278
60 120 2.2 2.3 19 20 415.5685798844595 0.01704501982902684
60 120 2.2 2.3 20 21 384.5660874846162 0.01896850494387081
60 120 2.2 2.3 21 22 356.7616787680994 0.01608060587091131
60 120 2.2 2.3 22 23 331.7232480903889 0.01428979319916834
60 120 2.2 2.3 23 24 309.0936599033889 0.01317763194714416
60 120 2.2 2.3 24 25 288.5698517195892 0.01258118635058736
60 120 2.2 2.3 25 26 269.8954061909598 0.01178378935230739
60 120 2.2 2.3 26 27 252.8547977290615 0.01116338005721218
60 120 2.2 2.3 27 28 237.2612945622181 0.01065326145118206
60 120 2.2 2.3 28 29 222.9544638113728 0.01010973408463656
60 120 2.2 2.3 29 30 209.7975564501942 0.009586767413310326
60 120 2.2 2.3 30 31 197.6702557504516 0.00929571353893266
60 120 2.2 2.3 31 32 186.467082709729 0.008901618549543855
60 120 2.2 2.3 32 33 176.0975540350671 0.008532704572786542
60 120 2.2 2.3 33 34 166.4816175498159 0.008165296498475527
60 120 2.2 2.3 34 35 157.5478347120175 0.004797141092893753
60 120 2.2 2.3 35 36 149.2342803178585 0.0044777987169482
60 120 2.2 2.3 36 37 141.4857324337819 0.004185487554707379
60 120 2.2 2.3 37 38 134.2527277441618 0.003914824149518381
60 120 2.2 2.3 38 39 127.4912048938304 0.003663059684825498
60 120 2.2 2.3 39 40 121.1619884062788 0.003430688364417733
60 120 2.2 2.3 40 42 224.8926268241394 0.009202283375486786
60 120 2.2 2.3 42 44 203.9456528152859 0.007098801889725337
60 120 2.2 2.3 44 46 185.3981275099736 0.005524178607544172
60 120 2.2 2.3 46 48 168.9095551815354 0.004286302778467643
60 120 2.2 2.3 48 50 154.1988874712416 0.003803269749425908
60 120 2.2 2.3 50 52 141.030979168579 0.003381103978881583
60 120 2.2 2.3 52 54 129.2091697210348 0.003011844230371707
60 120 2.2 2.3 54 56 118.5666888746987 0.002689469006355694
60 120 2.2 2.3 56 58 108.9622777969418 0.002404864953888364
60 120 2.2 2.3 58 60 100.2744942878829 0.002157126604245718
60 120 2.2 2.3 60 65 217.7907332926384 0.005211805634360189
60 120 2.2 2.3 65 70 178.7896628624742 0.003468965992908579
60 120 2.2 2.3 70 80 270.4777693147004 0.004854989598527482
60 120 2.2 2.3 80 90 188.6119872975277 0.003086911469921461
60 120 2.2 2.3 90 100 133.9916627138203 0.002030803686352556
60 120 2.3 2.4 0 0.5 -1.177936161586467 3.101209694555962e-05
60 120 2.3 2.4 0.5 1 -1026.843599760983 0.02132155951130699
60 120 2.3 2.4 1 1.5 796.3405152698567 0.0352523265084983
60 120 2.3 2.4 1.5 2 1622.08578889439 0.03031095839287445
60 120 2.3 2.4 2 2.5 1708.667146669424 0.03869192182992265
60 120 2.3 2.4 2.5 3 1618.758463962494 0.04231971562467152
60 120 2.3 2.4 3 3.5 1488.121716512261 0.03933365834745928
60 120 2.3 2.4 3.5 4 1356.041639655275 0.06724361063720607
60 120 2.3 2.4 4 4.5 1234.160436284702 0.05989208146888814
60 120 2.3 2.4 4.5 5 1125.196480821255 0.05367383790257918
60 120 2.3 2.4 5 5.5 1028.853666195438 0.04831063835877103
60 120 2.3 2.4 5.5 6 943.9046338940176 0.04375006093198408
60 120 2.3 2.4 6 6.5 868.9097876491234 0.03971958109525531
60 120 2.3 2.4 6.5 7 802.5116900091543 0.0363128829147854
60 120 2.3 2.4 7 7.5 743.5052231559094 0.03327308500252002
60 120 2.3 2.4 7.5 8 690.8536688010112 0.03058336400249573
60 120 2.3 2.4 8 8.5 643.6857777519523 0.02826690530150699
60 120 2.3 2.4 8.5 9 601.2628797932356 0.02614371911158742
60 120 2.3 2.4 9 9.5 562.9603326607668 0.02427443415228936
60 120 2.3 2.4 9.5 10 528.2551348041573 0.02258694718921106
60 120 2.3 2.4 10 10.5 496.702383828942 0.02339727530068103
60 120 2.3 2.4 10.5 11 467.9216426795539 0.02024668894051729
60 120 2.3 2.4 11 11.5 441.5895976423555 0.0188197159026231
60 120 2.3 2.4 11.5 12 417.4306881367748 0.01771888158214097
60 120 2.3 2.4 12 12.5 395.2065143388797 0.01703957711094972
60 120 2.3 2.4 12.5 13 374.7095034138467 0.01628828165030427
60 120 2.3 2.4 13 13.5 355.7610896522365 0.01546491430684682
60 120 2.3 2.4 13.5 14 338.2064372829008 0.01450811324838241
60 120 2.3 2.4 14 14.5 321.9091385299649 0.01394481996396735
60 120 2.3 2.4 14.5 15 306.7482490956895 0.01345779226988952
60 120 2.3 2.4 15 16 572.0433300121553 0.02517820865750764
60 120 2.3 2.4 16 17 522.6191178882613 0.02313776305993542
60 120 2.3 2.4 17 18 479.1918420604613 0.02160161248565373
60 120 2.3 2.4 18 19 440.813163365835 0.02006079423233587
60 120 2.3 2.4 19 20 406.7177902047288 0.01880033353944555
60 120 2.3 2.4 20 21 376.2812013649536 0.01847332742357821
60 120 2.3 2.4 21 22 348.9921107700269 0.01703695511844217
60 120 2.3 2.4 22 23 324.4238611614578 0.01323393847525267
60 120 2.3 2.4 23 24 302.2230769805644 0.01127621088511432
60 120 2.3 2.4 24 25 282.0920018829698 0.009961829125359145
60 120 2.3 2.4 25 26 263.7789283031328 0.009199625698045111
60 120 2.3 2.4 26 27 247.0708072080496 0.008504907394211614
60 120 2.3 2.4 27 28 231.7841216773917 0.00787479960820292
60 120 2.3 2.4 28 29 217.7614870643741 0.007302049115821774
60 120 2.3 2.4 29 30 204.8673646666062 0.006777773505774576
60 120 2.3 2.4 30 31 192.9836048280897 0.006298487393621599
60 120 2.3 2.4 31 32 182.0076224914617 0.005859155698573204
60 120 2.3 2.4 32 33 171.8500406276644 0.00545624417557633
60 120 2.3 2.4 33 34 162.4318269948747 0.005086657027220554
60 120 2.3 2.4 34 35 153.6835685867166 0.004743965050494126
60 120 2.3 2.4 35 36 145.5440428790637 0.004428899673541764
60 120 2.3 2.4 36 37 137.9585395473663 0.004140856869526033
60 120 2.3 2.4 37 38 130.8786182600841 0.003870536412847514
60 120 2.3 2.4 38 39 124.2612766566713 0.003621689551422946
60 120 2.3 2.4 39 40 118.0678774256182 0.003393316165002602
60 120 2.3 2.4 40 42 219.0818251540883 0.008766130907872594
60 120 2.3 2.4 42 44 198.5948594830291 0.006855856294151863
60 120 2.3 2.4 44 46 180.4602981694487 0.005277454941506221
60 120 2.3 2.4 46 48 164.3435706491034 0.004239485218960226
60 120 2.3 2.4 48 50 149.9680926605864 0.003758129417064993
60 120 2.3 2.4 50 52 137.1038063785888 0.003342186065907526
60 120 2.3 2.4 52 54 125.5575682080998 0.002976368831454579
60 120 2.3 2.4 54 56 115.1660806472918 0.002657638858977407
60 120 2.3 2.4 56 58 105.7904470988431 0.002376980978851861
60 120 2.3 2.4 58 60 97.3119684345794 0.002130345315492832
60 120 2.3 2.4 60 65 211.1909627754891 0.005939682754245723
60 120 2.3 2.4 65 70 173.1694052680954 0.003425832249433824
60 120 2.3 2.4 70 80 261.509702509295 0.004789878479527943
60 120 2.3 2.4 80 90 181.8834987794505 0.003038941001335616
60 120 2.3 2.4 90 100 128.8449959179804 0.001996050100416369
60 120 2.4 2.5 0 0.5 -1.143449196877377 5.348922567161019e-05
60 120 2.4 2.5 0.5 1 -938.6220365365552 0.02121812136238077
60 120 2.4 2.5 1 1.5 851.2096370882643 0.03146634987581365
60 120 2.4 2.5 1.5 2 1630.186245337355 0.0503100707151134
60 120 2.4 2.5 2 2.5 1700.649432710022 0.06439785884526827
60 120 2.4 2.5 2.5 3 1604.431557315625 0.06492423788017732
60 120 2.4 2.5 3 3.5 1471.373450926756 0.06185484862635349
60 120 2.4 2.5 3.5 4 1338.577199781357 0.06691342420685942
60 120 2.4 2.5 4 4.5 1216.786986777948 0.0596040399143476
60 120 2.4 2.5 4.5 5 1108.306887891013 0.05331776812136013
60 120 2.4 2.5 5 5.5 1012.640501900718 0.04799121558244224
60 120 2.4 2.5 5.5 6 928.4438816491522 0.04338399481093802
60 120 2.4 2.5 6 6.5 854.2223629630538 0.03944051342807597
60 120 2.4 2.5 6.5 7 788.5791999691543 0.03689087904535882
60 120 2.4 2.5 7 7.5 730.296253858708 0.03516987171121855
60 120 2.4 2.5 7.5 8 678.3302252798285 0.03362492656572158
60 120 2.4 2.5 8 8.5 631.803656012289 0.02797531817293475
60 120 2.4 2.5 8.5 9 589.9797501875718 0.02589343991871829
60 120 2.4 2.5 9 9.5 552.2362696392227 0.02403314134437551
60 120 2.4 2.5 9.5 10 518.0503564386921 0.02236328186268111
60 120 2.4 2.5 10 10.5 486.9801969402979 0.02294918093008391
60 120 2.4 2.5 10.5 11 458.6495706996236 0.01986942790699686
60 120 2.4 2.5 11 11.5 432.7379182908534 0.01826298877733734
60 120 2.4 2.5 11.5 12 408.9717588265063 0.01713791135153997
60 120 2.4 2.5 12 12.5 387.1146802919779 0.01610676978947367
60 120 2.4 2.5 12.5 13 366.9626098318378 0.01516667279923922
60 120 2.4 2.5 13 13.5 348.3384481410839 0.01430762169434274
60 120 2.4 2.5 13.5 14 331.087987747729 0.01350927525754742
60 120 2.4 2.5 14 14.5 315.0756785946994 0.01276808755642378
60 120 2.4 2.5 14.5 15 300.1830937644622 0.01208966499825692
60 120 2.4 2.5 15 16 559.6573069517856 0.02233732916738518
60 120 2.4 2.5 16 17 511.13209743787 0.02014438359788073
60 120 2.4 2.5 17 18 468.5097168285654 0.01825373691247023
60 120 2.4 2.5 18 19 430.8549991609583 0.01657494957612471
60 120 2.4 2.5 19 20 397.41220657696 0.01511221500464899
60 120 2.4 2.5 20 21 367.5665875786149 0.01816687499996306
60 120 2.4 2.5 21 22 340.8128582545664 0.01525362709497813
60 120 2.4 2.5 22 23 316.7335543459964 0.01287011589221265
60 120 2.4 2.5 23 24 294.9804704263622 0.01095344285943156
60 120 2.4 2.5 24 25 275.260799772247 0.009851233030133244
60 120 2.4 2.5 25 26 257.3267834937379 0.009089117433575211
60 120 2.4 2.5 26 27 240.9674294235086 0.008405650783799956
60 120 2.4 2.5 27 28 226.0027489901873 0.007786988859663779
60 120 2.4 2.5 28 29 212.2781097260079 0.007212506946046915
60 120 2.4 2.5 29 30 199.6600858695743 0.006699236427976984
60 120 2.4 2.5 30 31 188.0331597710419 0.006227087822594513
60 120 2.4 2.5 31 32 177.2964528482628 0.005786172181785787
60 120 2.4 2.5 32 33 167.3617183866474 0.005395526466372758
60 120 2.4 2.5 33 34 158.1515160384517 0.00502642571430556
60 120 2.4 2.5 34 35 149.597677229253 0.004684478894290578
60 120 2.4 2.5 35 36 141.6400405926523 0.004381876885162228
60 120 2.4 2.5 36 37 134.2252764316219 0.004090952112989044
60 120 2.4 2.5 37 38 127.3060340881717 0.00382115884130485
60 120 2.4 2.5 38 39 120.8399845919097 0.003583563169030413
60 120 2.4 2.5 39 40 114.7892475147258 0.003352920062894782
60 120 2.4 2.5 40 42 212.9211053454345 0.008510019264377888
60 120 2.4 2.5 42 44 192.9150457607092 0.006582616533961527
60 120 2.4 2.5 44 46 175.2118109162562 0.005022608415856666
60 120 2.4 2.5 46 48 159.4842285661283 0.004183266537182817
60 120 2.4 2.5 48 50 145.4613617802916 0.003714945229774003
60 120 2.4 2.5 50 52 132.9169857107173 0.003297600522699895
60 120 2.4 2.5 52 54 121.6614347601662 0.002939666108801475
60 120 2.4 2.5 54 56 111.5347673717163 0.002622365664265658
60 120 2.4 2.5 56 58 102.4011763970749 0.002346088321701245
60 120 2.4 2.5 58 60 94.14443609305032 0.002102150525544744
60 120 2.4 2.5 60 65 204.1267716321555 0.0066410157812129
60 120 2.4 2.5 65 70 167.1430048433245 0.003375576588808826
60 120 2.4 2.5 70 80 251.8661446213719 0.004714185249980574
60 120 2.4 2.5 80 90 174.6110616633198 0.002984667693965548
60 120 2.4 2.5 90 100 123.2537510510196 0.00195523032769529
60 120 2.5 2.75 0 0.5 -2.702553933971244 7.362380805764346e-05
60 120 2.5 2.75 0.5 1 -1950.697658558955 0.05256402706345398
60 120 2.5 2.75 1 1.5 2363.002822404438 0.0811806620436073
60 120 2.5 2.75 1.5 2 4098.515264678595 0.1193376741457541
60 120 2.5 2.75 2 2.5 4202.956862125365 0.0848170351182489
60 120 2.5 2.75 2.5 3 3935.519468782626 0.1838209877628287
60 120 2.5 2.75 3 3.5 3593.289439679831 0.1282021036727201
60 120 2.5 2.75 3.5 4 3259.247765469719 0.08883452082636722
60 120 2.5 2.75 4 4.5 2956.18106737206 0.1471113654242799
60 120 2.5 2.75 4.5 5 2687.981328644326 0.1313654939467597
60 120 2.5 2.75 5 5.5 2452.490879594447 0.1181228591112813
60 120 2.5 2.75 5.5 6 2245.883806976121 0.1069469407884753
60 120 2.5 2.75 6 6.5 2064.199126500274 0.09704988490057076
60 120 2.5 2.75 6.5 7 1903.839127474656 0.08857459995829231
60 120 2.5 2.75 7 7.5 1761.697576493838 0.08113352082409619
60 120 2.5 2.75 7.5 8 1635.145519396527 0.07457155167526253
60 120 2.5 2.75 8 8.5 1521.980828618061 0.06885438466906635
60 120 2.5 2.75 8.5 9 1420.360242876939 0.06370767326393434
60 120 2.5 2.75 9 9.5 1328.74148325072 0.05905482950583973
60 120 2.5 2.75 9.5 10 1245.829721257206 0.05497862627589711
60 120 2.5 2.75 10 10.5 1170.530599113857 0.0551404101895514
60 120 2.5 2.75 10.5 11 1101.918974151389 0.04788314862253173
60 120 2.5 2.75 11 11.5 1039.205934694138 0.04484852195332678
60 120 2.5 2.75 11.5 12 981.716726650214 0.04211862781698983
60 120 2.5 2.75 12 12.5 928.8725633310718 0.03956019255952015
60 120 2.5 2.75 12.5 13 880.1727548311853 0.03722036499743808
60 120 2.5 2.75 13 13.5 835.1852946143733 0.03511938148710669
60 120 2.5 2.75 13.5 14 793.5324065534954 0.03317054306137379
60 120 2.5 2.75 14 14.5 754.8850361941179 0.03132967762496719
60 120 2.5 2.75 14.5 15 718.953589897904 0.02965610501962601
60 120 2.5 2.75 15 16 1339.735888917165 0.05481848497583997
60 120 2.5 2.75 16 17 1222.779859088002 0.04940372515602576
60 120 2.5 2.75 17 18 1120.114786456726 0.04476331072692119
60 120 2.5 2.75 18 19 1029.464398034138 0.04063760948065465
60 120 2.5 2.75 19 20 948.9953013190958 0.03704472886579424
60 120 2.5 2.75 20 21 877.2175576537915 0.0434116618985172
60 120 2.5 2.75 21 22 812.9072418836911 0.0363118418048316
60 120 2.5 2.75 22 23 755.0527710235643 0.03091755859054501
60 120 2.5 2.75 23 24 702.8090253914042 0.02615401072603163
60 120 2.5 2.75 24 25 655.4681517234596 0.02411486691187292
60 120 2.5 2.75 25 26 612.4309653684141 0.02225489453780938
60 120 2.5 2.75 26 27 573.1888850213966 0.0205654336018597
60 120 2.5 2.75 27 28 537.3071228039028 0.01904071586159262
60 120 2.5 2.75 28 29 504.4117961444378 0.0176525414968296
60 120 2.5 2.75 29 30 474.1812815403225 0.01637780549350509
60 120 2.5 2.75 30 31 446.3351539098746 0.01522239845809281
60 120 2.5 2.75 31 32 420.6304242855707 0.01415508161750267
60 120 2.5 2.75 32 33 396.853974510719 0.01318051908020834
60 120 2.5 2.75 33 34 374.8197166779109 0.0122864963090592
60 120 2.5 2.75 34 35 354.3626870878186 0.01145735838508699
60 120 2.5 2.75 35 36 335.3381647170733 0.01069942902262255
60 120 2.5 2.75 36 37 317.6176917779954 0.009995171937134728
60 120 2.5 2.75 37 38 301.0863573505185 0.009343946974524897
60 120 2.5 2.75 38 39 285.642662902293 0.008743993431380659
60 120 2.5 2.75 39 40 271.1951573152532 0.008187286300483265
60 120 2.5 2.75 40 42 502.6341839500765 0.01992005615198877
60 120 2.5 2.75 42 44 454.9112853326461 0.01507191608038738
60 120 2.5 2.75 44 46 412.7102875756536 0.0115696446491711
60 120 2.5 2.75 46 48 375.2426126221584 0.01020389517850617
60 120 2.5 2.75 48 50 341.8579870722515 0.009045736442487851
60 120 2.5 2.75 50 52 312.0140762731899 0.008035675489963978
60 120 2.5 2.75 52 54 285.2562384133342 0.007153622189264297
60 120 2.5 2.75 54 56 261.1991716179061 0.006381711597100548
60 120 2.5 2.75 56 58 239.5171595517384 0.005702507242233423
60 120 2.5 2.75 58 60 219.930539162916 0.005106989769899428
60 120 2.5 2.75 60 65 475.8119215656672 0.02008734516789445
60 120 2.5 2.75 65 70 388.3026493508588 0.008172920433253239
60 120 2.5 2.75 70 80 582.1087491108088 0.01137558564926167
60 120 2.5 2.75 80 90 400.4811668154523 0.007160749893444063
60 120 2.5 2.75 90 100 280.3518622938772 0.004659825044598165
60 120 2.75 3 0 0.5 -2.467332235444871 6.99813688642692e-05
60 120 2.75 3 0.5 1 -1366.06350091002 0.04927628451787314
60 120 2.75 3 1 1.5 2684.245890995735 0.0761004329951902
60 120 2.75 3 1.5 2 4100.142454149343 0.02166756285896554
60 120 2.75 3 2 2.5 4100.674320201129 0.03408366019539244
60 120 2.75 3 2.5 3 3796.437034516973 0.0152181665007447
60 120 2.75 3 3 3.5 3443.054398142714 0.007372000514806132
60 120 2.75 3 3.5 4 3108.658343295009 0.007627690196841286
60 120 2.75 3 4 4.5 2809.950497728273 0.003062158988541341
60 120 2.75 3 4.5 5 2548.115345145839 0.01257138051687434
60 120 2.75 3 5 5.5 2319.714827563382 0.009778524247849418
60 120 2.75 3 5.5 6 2120.294367871998 0.1053075954609994
60 120 2.75 3 6 6.5 1945.585191531077 0.09562705549615202
60 120 2.75 3 6.5 7 1791.845796732277 0.08715734545285159
60 120 2.75 3 7 7.5 1655.909440771732 0.07975666619449839
60 120 2.75 3 7.5 8 1535.136510038936 0.07319796685806068
60 120 2.75 3 8 8.5 1427.335322128733 0.06749570700844743
60 120 2.75 3 8.5 9 1330.685803210142 0.06244378503538428
60 120 2.75 3 9 9.5 1243.67135782775 0.05788715785661225
60 120 2.75 3 9.5 10 1165.026091449017 0.05379614826142642
60 120 2.75 3 10 10.5 1093.684004142628 0.05212475188295684
60 120 2.75 3 10.5 11 1028.74464395596 0.04681182676813478
60 120 2.75 3 11 11.5 969.4468144604102 0.04382436726064043
60 120 2.75 3 11.5 12 915.1362444908706 0.04108731248834374
60 120 2.75 3 12 12.5 865.2564487148804 0.0385827513877075
60 120 2.75 3 12.5 13 819.3251250691334 0.03629858251088081
60 120 2.75 3 13 13.5 776.9265977966869 0.034201317199404
60 120 2.75 3 13.5 14 737.6979834504721 0.0322738943210652
60 120 2.75 3 14 14.5 701.3237220870594 0.03049468216556761
60 120 2.75 3 14.5 15 667.5267290528641 0.02885136782037989
60 120 2.75 3 15 16 1242.786173710281 0.05323998437347655
60 120 2.75 3 16 17 1132.963432912878 0.0479582725988621
60 120 2.75 3 17 18 1036.659224334659 0.04337934438990487
60 120 2.75 3 18 19 951.7046070913126 0.0393599800551101
60 120 2.75 3 19 20 876.3574004074609 0.03584106509981666
60 120 2.75 3 20 21 809.2030545606427 0.03271679229032998
60 120 2.75 3 21 22 749.081292770832 0.03404053898532311
60 120 2.75 3 22 23 695.0343420433015 0.02854765680774562
60 120 2.75 3 23 24 646.263562626364 0.02526260695901783
60 120 2.75 3 24 25 602.0990085344449 0.02327618960919153
60 120 2.75 3 25 26 561.9758564393959 0.02147946100762965
60 120 2.75 3 26 27 525.4149588132783 0.01985936126573051
60 120 2.75 3 27 28 492.0061289438963 0.01838388002005331
60 120 2.75 3 28 29 461.3978486931001 0.01703912164390431
60 120 2.75 3 29 30 433.2854582310758 0.01581572795146258
60 120 2.75 3 30 31 407.4075065607076 0.01469100427567582
60 120 2.75 3 31 32 383.5342391584583 0.01365789723854505
60 120 2.75 3 32 33 361.4663050744777 0.01271086469779448
60 120 2.75 3 33 34 341.0278433932715 0.01183724113633389
60 120 2.75 3 34 35 322.0649395711544 0.01103129435216488
60 120 2.75 3 35 36 304.4406328708852 0.01029211783520623
60 120 2.75 3 36 37 288.0351855208547 0.00960644476407424
60 120 2.75 3 37 38 272.7406452256538 0.008974127920168939
60 120 2.75 3 38 39 258.4617683416644 0.00839303124109847
60 120 2.75 3 39 40 245.1128930030724 0.007853308852560303
60 120 2.75 3 40 42 453.5245779243649 0.01738383366239304
60 120 2.75 3 42 44 409.5182360397444 0.01301470019853923
60 120 2.75 3 44 46 370.6565383365911 0.01104229028743475
60 120 2.75 3 46 48 336.2012594868512 0.009751095058504688
60 120 2.75 3 48 50 305.5437269176859 0.008632559002137441
60 120 2.75 3 50 52 278.1777636062607 0.007654501994750262
60 120 2.75 3 52 54 253.677593610366 0.006804862551632596
60 120 2.75 3 54 56 231.6839717280436 0.00605881823588561
60 120 2.75 3 56 58 211.8931929272385 0.00540715139322856
60 120 2.75 3 58 60 194.0448815621172 0.004833020115853515
60 120 2.75 3 60 65 417.8328556938295 0.01000253873883139
60 120 2.75 3 65 70 338.5640456461123 0.00767042900378101
60 120 2.75 3 70 80 502.0067364796453 0.01058775838197334
60 120 2.75 3 80 90 339.8074263598823 0.006577693864699086
60 120 2.75 3 90 100 233.7318038859089 0.004216053013976762
60 120 3 3.25 0 0.5 -2.210137899936935 6.627643653622783e-05
60 120 3 3.25 0.5 1 -738.4215841525595 0.01651439834995472
60 120 3 3.25 1 1.5 2984.579682639827 0.07117046259190829
60 120 3 3.25 1.5 2 4047.597120050922 0.01186776139866197
60 120 3 3.25 2 2.5 3939.074182486859 0.007073246213167295
60 120 3 3.25 2.5 3 3600.295837174909 0.005758297534612211
60 120 3 3.25 3 3.5 3239.876615498981 0.01475586370088422
60 120 3 3.25 3.5 4 2909.520650758898 0.002564667473052396
60 120 3 3.25 4 4.5 2619.361887580272 0.002282931801801169
60 120 3 3.25 4.5 5 2367.688934520524 0.009179312807646056
60 120 3 3.25 5 5.5 2149.753874621904 0.008105172590148868
60 120 3 3.25 5.5 6 1960.502307371255 0.002111657169734826
60 120 3 3.25 6 6.5 1795.401957230543 0.001198293165771247
60 120 3 3.25 6.5 7 1650.60971719019 0.002162961476415148
60 120 3 3.25 7 7.5 1522.945331512511 0.0005154313946604816
60 120 3 3.25 7.5 8 1409.793818947829 0.003182447519293419
60 120 3 3.25 8 8.5 1309.00356750737 0.06538876703370988
60 120 3 3.25 8.5 9 1218.805660906145 0.06043437004473162
60 120 3 3.25 9 9.5 1137.733278347146 0.05601375038963852
60 120 3 3.25 9.5 10 1064.564104995321 0.05204409986845349
60 120 3 3.25 10 10.5 998.2778872963136 0.04847047066300547
60 120 3 3.25 10.5 11 938.0160568367299 0.04524667949272043
60 120 3 3.25 11 11.5 883.0486050610116 0.04232506022469806
60 120 3 3.25 11.5 12 832.7594352725228 0.03968065269327781
60 120 3 3.25 12 12.5 786.6177693076576 0.03726972629374359
60 120 3 3.25 12.5 13 744.1666481192771 0.03504976446845376
60 120 3 3.25 13 13.5 705.0143958585544 0.03300989506919905
60 120 3 3.25 13.5 14 668.8185739873388 0.03114000049697552
60 120 3 3.25 14 14.5 635.2831705066314 0.02941730427562561
60 120 3 3.25 14.5 15 604.1463459488674 0.02782832240484368
60 120 3 3.25 15 16 1123.366956083234 0.05135315771576643
60 120 3 3.25 16 17 1022.391473534294 0.04624427199394177
60 120 3 3.25 17 18 933.9538719423466 0.04181755704712486
60 120 3 3.25 18 19 856.030960761327 0.03794894998145537
60 120 3 3.25 19 20 786.997547352418 0.03453510372060009
60 120 3 3.25 20 21 725.5362489173505 0.03151826884266029
60 120 3 3.25 21 22 670.5690287849537 0.03102725634323633
60 120 3 3.25 22 23 621.2060141593497 0.02643986596081049
60 120 3 3.25 23 24 576.7058701825262 0.0242889136636677
60 120 3 3.25 24 25 536.4477051164981 0.02235569968649997
60 120 3 3.25 25 26 499.9086357065081 0.02061067032059327
60 120 3 3.25 26 27 466.6455274907392 0.01902786376763288
60 120 3 3.25 27 28 436.2780977850447 0.01759449269928837
60 120 3 3.25 28 29 408.4810628028347 0.01628933967162993
60 120 3 3.25 29 30 382.9743771498887 0.01509621322281873
60 120 3 3.25 30 31 359.516218707667 0.01401007067676119
60 120 3 3.25 31 32 337.8956575460734 0.01301151507908571
60 120 3 3.25 32 33 317.9280367757845 0.01209690648886408
60 120 3 3.25 33 34 299.4514510692443 0.01125965388064287
60 120 3 3.25 34 35 282.3243446587645 0.01048591446544833
60 120 3 3.25 35 36 266.4220477624517 0.009773125039828301
60 120 3 3.25 36 37 251.6335993885734 0.009119107129663462
60 120 3 3.25 37 38 237.8603160288046 0.008512585323785515
60 120 3 3.25 38 39 225.013828039363 0.007951042341062475
60 120 3 3.25 39 40 213.0158768184448 0.007434268458382576
60 120 3 3.25 40 42 393.0901197877467 0.01404859056214036
60 120 3 3.25 42 44 353.661357215996 0.01180758652111535
60 120 3 3.25 44 46 318.9160092191788 0.01037804314086088
60 120 3 3.25 46 48 288.1798011183647 0.009144561722791877
60 120 3 3.25 48 50 260.8962721770777 0.008071980499551046
60 120 3 3.25 50 52 236.599285783488 0.00714167761606177
60 120 3 3.25 52 54 214.9002532028228 0.006328728743881129
60 120 3 3.25 54 56 195.4719293365734 0.00561946352345899
60 120 3 3.25 56 58 178.0344077259123 0.004999078493256093
60 120 3 3.25 58 60 162.3497364200772 0.004454153827708751
60 120 3 3.25 60 65 346.9938381531514 0.009164729798499138
60 120 3 3.25 65 70 278.0123900534458 0.006965764786173168
60 120 3 3.25 70 80 405.1591892009465 0.009478521660241768
60 120 3 3.25 80 90 267.3246491061931 0.005757943663354581
60 120 3 3.25 90 100 178.8514024280125 0.003599366164053208
60 120 3.25 3.5 0 0.5 -1.913696733385579 6.147736990391728e-05
60 120 3.25 3.5 0.5 1 -87.21869041862433 0.003878881889590957
60 120 3.25 3.5 1 1.5 3207.728279211307 0.06619003287414671
60 120 3.25 3.5 1.5 2 3887.290932544271 0.0253214275899154
60 120 3.25 3.5 2 2.5 3671.840956259303 0.00458907775237094
60 120 3.25 3.5 2.5 3 3307.149472701369 0.01289185106315927
60 120 3.25 3.5 3 3.5 2949.039027880036 0.009065263531283563
60 120 3.25 3.5 3.5 4 2631.341853417622 0.004126194891796331
60 120 3.25 3.5 4 4.5 2357.296743570241 0.003300449362086511
60 120 3.25 3.5 4.5 5 2122.367952065931 0.007817328770670429
60 120 3.25 3.5 5 5.5 1920.61455688493 0.004365232035070221
60 120 3.25 3.5 5.5 6 1746.512278064067 0.001372920753738072
60 120 3.25 3.5 6 6.5 1595.382300196437 0.001035022463838686
60 120 3.25 3.5 6.5 7 1463.381948060173 0.00301552127962168
60 120 3.25 3.5 7 7.5 1347.391070324481 0.001951069639062553
60 120 3.25 3.5 7.5 8 1244.884814538922 0.0005042448437961866
60 120 3.25 3.5 8 8.5 1153.811330111653 0.001618663890894823
60 120 3.25 3.5 8.5 9 1072.492164619659 0.003131841910544608
60 120 3.25 3.5 9 9.5 999.5449431998588 0.00236256749928998
60 120 3.25 3.5 9.5 10 933.8269975572815 0.001304430979075732
60 120 3.25 3.5 10 10.5 874.3887116661784 0.04286626778798563
60 120 3.25 3.5 10.5 11 820.4342140880364 0.03708437409568432
60 120 3.25 3.5 11 11.5 771.2899362759621 0.0321878116882317
60 120 3.25 3.5 11.5 12 726.3842740518634 0.02797324761490927
60 120 3.25 3.5 12 12.5 685.230141352632 0.02452877125074338
60 120 3.25 3.5 12.5 13 647.4104557364864 0.02136819593783912
60 120 3.25 3.5 13 13.5 612.567378754126 0.01888769794265954
60 120 3.25 3.5 13.5 14 580.3891726120006 0.01667222149580994
60 120 3.25 3.5 14 14.5 550.6048343187641 0.01485232134120906
60 120 3.25 3.5 14.5 15 522.9766962028239 0.01323657110549448
60 120 3.25 3.5 15 16 970.6813136199841 0.003395914795873978
60 120 3.25 3.5 16 17 881.3115147685031 0.002277983414842311
60 120 3.25 3.5 17 18 803.168539824966 0.03999687426858145
60 120 3.25 3.5 18 19 734.4215257555824 0.03624817577463091
60 120 3.25 3.5 19 20 673.6074150967519 0.03294592935083074
60 120 3.25 3.5 20 21 619.5442060267811 0.03002220297537406
60 120 3.25 3.5 21 22 571.2626057806395 0.02742851491848342
60 120 3.25 3.5 22 23 527.9618223622208 0.02511593043675475
60 120 3.25 3.5 23 24 488.9801298154009 0.02303868365169137
60 120 3.25 3.5 24 25 453.7638883133893 0.02117616546502177
60 120 3.25 3.5 25 26 421.844555915508 0.0194967995541333
60 120 3.25 3.5 26 27 392.824752948144 0.01797049889000846
60 120 3.25 3.5 27 28 366.3676335120172 0.01659237603678321
60 120 3.25 3.5 28 29 342.1845169929776 0.0153394296110605
60 120 3.25 3.5 29 30 320.0254444402498 0.01419300126218559
60 120 3.25 3.5 30 31 299.6740910101412 0.01314819861892147
60 120 3.25 3.5 31 32 280.9434214896754 0.01219465232838957
60 120 3.25 3.5 32 33 263.6701616912408 0.01132008788505345
60 120 3.25 3.5 33 34 247.7113742446539 0.01051444805710844
60 120 3.25 3.5 34 35 232.9401910385924 0.009775976141696674
60 120 3.25 3.5 35 36 219.2458037804502 0.009099624361709857
60 120 3.25 3.5 36 37 206.529858584916 0.008473066522611816
60 120 3.25 3.5 37 38 194.7053934292201 0.007893307011642037
60 120 3.25 3.5 38 39 183.6944261696029 0.007360458331021391
60 120 3.25 3.5 39 40 173.4273744727201 0.0068689764605665
60 120 3.25 3.5 40 42 318.7256173106335 0.01240224804973877
60 120 3.25 3.5 42 44 285.1496886765633 0.01083249937312303
60 120 3.25 3.5 44 46 255.6657557494298 0.009483444031616273
60 120 3.25 3.5 46 48 229.6778259789321 0.008316953897690382
60 120 3.25 3.5 48 50 206.6947824062802 0.007311960108211224
60 120 3.25 3.5 50 52 186.3070675054466 0.006435692932342363
60 120 3.25 3.5 52 54 168.1724063887906 0.005677826695347221
60 120 3.25 3.5 54 56 152.0020873332218 0.005015148524279311
60 120 3.25 3.5 56 58 137.5507001138549 0.00443772585074953
60 120 3.25 3.5 58 60 124.6096349443706 0.003933907360647027
60 120 3.25 3.5 60 65 263.2660688826522 0.008017563970099673
60 120 3.25 3.5 65 70 207.2558648098021 0.006003444298272598
60 120 3.25 3.5 70 80 294.0131893620062 0.007978837949224271
60 120 3.25 3.5 80 90 186.368477542885 0.004676229765721018
60 120 3.25 3.5 90 100 119.3732620780229 0.00280999028336737
60 120 3.5 4 0 0.5 -2.684877965054794 0.0001019381537292752
60 120 3.5 4 0.5 1 1471.963987396013 0.07030004795706191
60 120 3.5 4 1 1.5 6188.70725853458 0.08140418755192513
60 120 3.5 4 1.5 2 6431.134277861927 0.02060302896734356
60 120 3.5 4 2 2.5 5786.641903551825 0.008318616718497651
60 120 3.5 4 2.5 3 5080.891381352757 0.01868830146577238
60 120 3.5 4 3 3.5 4456.83834544515 0.005923342013375077
60 120 3.5 4 3.5 4 3929.577503569207 0.003261578808178456
60 120 3.5 4 4 4.5 3487.696660087273 0.003724730392605125
60 120 3.5 4 4.5 5 3116.169817693698 0.004002472646334354
60 120 3.5 4 5 5.5 2801.591106637497 0.002448045146138611
60 120 3.5 4 5.5 6 2533.066977469948 0.001278661974083661
60 120 3.5 4 6 6.5 2302.00139854012 0.0001797209283722623
60 120 3.5 4 6.5 7 2101.638065118162 0.0001512072685727617
60 120 3.5 4 7 7.5 1926.655610119917 0.001299501959692861
60 120 3.5 4 7.5 8 1772.837472644831 0.001711181181462962
60 120 3.5 4 8 8.5 1636.811949095871 0.001499106022947672
60 120 3.5 4 8.5 9 1515.861102462536 0.0008160547249644878
60 120 3.5 4 9 9.5 1407.773254231163 0.0004064371848926385
60 120 3.5 4 9.5 10 1310.73598517806 0.0008217804845571663
60 120 3.5 4 10 10.5 1223.251745745989 0.0003086159942995437
60 120 3.5 4 10.5 11 1144.073551412534 0.05486583510901255
60 120 3.5 4 11 11.5 1072.154959761047 0.0474861558077464
60 120 3.5 4 11.5 12 1006.612598997651 0.04124992603226474
60 120 3.5 4 12 12.5 946.6972564103364 0.03586797523962559
60 120 3.5 4 12.5 13 891.7697490275657 0.03145780597185421
60 120 3.5 4 13 13.5 841.2802014034422 0.02761988466158982
60 120 3.5 4 13.5 14 794.7540752767242 0.02439883476404248
60 120 3.5 4 14 14.5 751.7797208472376 0.02155589976450756
60 120 3.5 4 14.5 15 711.9995136365426 0.01910907158173814
60 120 3.5 4 15 16 1315.908902354852 0.0001448551756766392
60 120 3.5 4 16 17 1187.980501704712 0.0007225942897548521
60 120 3.5 4 17 18 1076.534845206344 0.0009850729968547967
60 120 3.5 4 18 19 978.8463915354625 0.0001679786956856333
60 120 3.5 4 19 20 892.7369128200628 0.0005416247048515288
60 120 3.5 4 20 21 816.4501710518543 0.0005531870166350927
60 120 3.5 4 21 22 748.555560203187 0.03718864580446279
60 120 3.5 4 22 23 687.8769912630212 0.03089866017558052
60 120 3.5 4 23 24 633.4393038629223 0.02571998197015546
60 120 3.5 4 24 25 584.4283145762604 0.02140608234344654
60 120 3.5 4 25 26 540.1602016637792 0.0178803503955578
60 120 3.5 4 26 27 500.0558950510921 0.01496908488724102
60 120 3.5 4 27 28 463.6228653251372 0.01249547286192865
60 120 3.5 4 28 29 430.4403662269325 0.01043437330514507
60 120 3.5 4 29 30 400.1460742664317 0.008728581397065227
60 120 3.5 4 30 31 372.4266566552741 0.007261434281190304
60 120 3.5 4 31 32 347.010627366163 0.005994060025727777
60 120 3.5 4 32 33 323.6618160805558 0.004927897559184657
60 120 3.5 4 33 34 302.1734153204482 0.004039806408115965
60 120 3.5 4 34 35 282.363321711184 0.003277074645154698
60 120 3.5 4 35 36 264.071324807406 0.002582345531209285
60 120 3.5 4 36 37 247.1563688603068 0.00203548264292408
60 120 3.5 4 37 38 231.492643175911 0.0015472554008511
60 120 3.5 4 38 39 216.9685975544373 0.001092706607010996
60 120 3.5 4 39 40 203.485291113804 0.0007356111760543627
60 120 3.5 4 40 42 370.2468563864468 0.002474644557537431
60 120 3.5 4 42 44 326.7400388624259 0.001386194931967566
60 120 3.5 4 44 46 288.8945417479644 0.00407408413605026
60 120 3.5 4 46 48 255.860972198908 0.00605029818726166
60 120 3.5 4 48 50 226.939638617292 0.01124339316129408
60 120 3.5 4 50 52 201.550107157153 0.009772814339328306
60 120 3.5 4 52 54 179.2080359927652 0.008505630388214058
60 120 3.5 4 54 56 159.5057348643715 0.007413481135216671
60 120 3.5 4 56 58 142.0982321391842 0.006474500251300697
60 120 3.5 4 58 60 126.6920758246418 0.005651868443337094
60 120 3.5 4 60 65 260.2964970684968 0.01123409812112186
60 120 3.5 4 65 70 196.4099406823819 0.008086641808716877
60 120 3.5 4 70 80 261.2582716972385 0.01012103995657299
60 120 3.5 4 80 90 150.4967359659553 0.005414766718132569
60 120 3.5 4 90 100 86.96070954790008 0.002936252198622924
60 120 4 5 0 0.5 -0.6950570806670825 9.766922091647423e-06
60 120 4 5 0.5 1 1832.534507992088 0.06339277677921018
60 120 4 5 1 1.5 3494.574269193386 0.1061700721916168
60 120 4 5 1.5 2 3022.919115783161 0.06407648631966367
60 120 4 5 2 2.5 2526.856244516864 0.03725948721466921
60 120 4 5 2.5 3 2125.455502360335 0.02519322172065586
60 120 4 5 3 3.5 1809.857086396587 0.01953197738021117
60 120 4 5 3.5 4 1559.567189709486 0.07013573283552432
60 120 4 5 4 4.5 1358.844045856887 0.05065792629125099
60 120 4 5 4.5 5 1195.106482152312 0.03592990238439597
60 120 4 5 5 5.5 1059.640758219874 0.02430821111101977
60 120 4 5 5.5 6 946.1384873916166 0.0154180750400883
60 120 4 5 6 6.5 849.9660470081465 0.008355888826145019
60 120 4 5 6.5 7 767.6674849617563 0.002698518640954717
60 120 4 5 7 7.5 696.6206089100396 0.001852825709420358
60 120 4 5 7.5 8 634.8073978307787 0.005383212080573685
60 120 4 5 8 8.5 580.6522994856074 0.00838601755901891
60 120 4 5 8.5 9 532.908470301353 0.01079929969569093
60 120 4 5 9 9.5 490.579548158289 0.01275786769247134
60 120 4 5 9.5 10 452.8604207702344 0.01433356774589356
60 120 4 5 10 10.5 419.0932630006895 0.01562529804874657
60 120 4 5 10.5 11 388.7359078054344 0.01666717817215613
60 120 4 5 11 11.5 361.3382699768181 0.01797170404211101
60 120 4 5 11.5 12 336.60197564016 0.01545100085928652
60 120 4 5 12 12.5 314.0482705316034 0.01330085163669992
60 120 4 5 12.5 13 293.4924046661806 0.01149453440751813
60 120 4 5 13 13.5 274.7047959779164 0.009974425746406723
60 120 4 5 13.5 14 257.4884872487161 0.008672904512366131
60 120 4 5 14 14.5 241.6737644335661 0.007554681316577216
60 120 4 5 14.5 15 227.1136089510558 0.006603204194306045
60 120 4 5 15 16 414.9417422347254 0.003127728908850713
60 120 4 5 16 17 368.8493953410278 0.002756949904949124
60 120 4 5 17 18 329.1139657524452 0.002729731395220369
60 120 4 5 18 19 294.6438856939 0.002682731395566407
60 120 4 5 19 20 264.5744134694123 0.002567284413601101
60 120 4 5 20 21 238.2113668625175 0.002519142336552704
60 120 4 5 21 22 214.9929921804979 0.009179529495440875
60 120 4 5 22 23 194.4605526041677 0.007035375823477352
60 120 4 5 23 24 176.2354597117678 0.005288481506937615
60 120 4 5 24 25 160.0036103305811 0.003905410625606009
60 120 4 5 25 26 145.5020756869069 0.002795137230890532
60 120 4 5 26 27 132.5096913187459 0.002468326351532824
60 120 4 5 27 28 120.8391294954478 0.002423365906167874
60 120 4 5 28 29 110.3308417567246 0.002454431637033849
60 120 4 5 29 30 100.848135550573 0.002330563490318127
60 120 4 5 30 31 92.27348382205174 0.002170143342183906
60 120 4 5 31 32 84.50560090948646 0.002167887925807577
60 120 4 5 32 33 77.45651306506397 0.002084563342805268
60 120 4 5 33 34 71.0495873453753 0.001868311475519135
60 120 4 5 34 35 65.21781975184797 0.001709613297890655
60 120 4 5 35 36 59.90257034735288 0.001615389578375925
60 120 4 5 36 37 55.05201563403568 0.001518294211813043
60 120 4 5 37 38 50.62048610684482 0.001329021737269898
60 120 4 5 38 39 46.56745785874656 0.001315221157675239
60 120 4 5 39 40 42.85700036182538 0.001334826038394965
60 120 4 5 40 42 75.796465414666 0.001808021579321917
60 120 4 5 42 44 64.32816846591986 0.00134264789853944
60 120 4 5 44 46 54.65003748794004 0.0009842947260096935
60 120 4 5 46 48 46.46368005022931 0.0006911203046371384
60 120 4 5 48 50 39.5254385994057 0.0004051117887371447
60 120 4 5 50 52 33.63569564497315 0.000236837837853443
60 120 4 5 52 54 28.62925263100289 4.731121274303973e-05
60 120 4 5 54 56 24.36925060177658 4.602265732245314e-05
60 120 4 5 56 58 20.7413583045037 0.0001459162082753096
60 120 4 5 58 60 17.64998593595073 0.0002000453293824478
60 120 4 5 60 65 33.42877780905471 0.0005991830757352545
60 120 4 5 65 70 22.24589992582646 0.0005670000042989898
60 120 4 5 70 80 24.45545148592092 0.000513260013715211
60 120 4 5 80 90 10.49282691475217 0.0001622146811239844
60 120 4 5 90 100 4.35953427981251 0.0001011056747959316
10 120 -5 5 0 100 1324327.802252571 29.71623398477935
